cell_id	quantity	value	source
c0001	n_group1	20	praat
c0001	n_group2	20	praat
c0001	n	40	praat
c0001	mean_group1	123.65340661246606	praat
c0001	mean_group2	133.9342280328801	praat
c0001	sd_group1	15.746002363591481	praat
c0001	sd_group2	25.312138796756305	praat
c0001	median_group1	123.09982926178384	praat
c0001	median_group2	135.4196823775431	praat
c0001	mean_diff	-10.280821420414043	praat
c0001	t	-1.5423383217837563	praat
c0001	df	31.789784909512843	praat
c0001	p	0.13288837133543796	praat
c0001	cohens_d	-0.4877302019398362	praat
c0001	hedges_g	-0.47802944435466926	praat
c0002	n_group1	20	praat
c0002	n_group2	20	praat
c0002	n	40	praat
c0002	mean_group1	123.65340661246606	praat
c0002	mean_group2	133.9342280328801	praat
c0002	sd_group1	15.746002363591481	praat
c0002	sd_group2	25.312138796756305	praat
c0002	median_group1	123.09982926178384	praat
c0002	median_group2	135.4196823775431	praat
c0002	mean_diff	-10.280821420414043	praat
c0002	t	-1.5423383217837563	praat
c0002	df	31.789784909512843	praat
c0002	p	0.13288837133543796	praat
c0002	cohens_d	-0.4877302019398362	praat
c0002	hedges_g	-0.47802944435466926	praat
c0003	n_group1	20	praat
c0003	n_group2	20	praat
c0003	n	40	praat
c0003	mean_group1	123.65340661246606	praat
c0003	mean_group2	133.9342280328801	praat
c0003	sd_group1	15.746002363591481	praat
c0003	sd_group2	25.312138796756305	praat
c0003	median_group1	123.09982926178384	praat
c0003	median_group2	135.4196823775431	praat
c0003	mean_diff	-10.280821420414043	praat
c0003	t	-1.542338321783756	praat
c0003	df	38	praat
c0003	p	0.13127893707327898	praat
c0003	cohens_d	-0.4877302019398362	praat
c0003	hedges_g	-0.47802944435466926	praat
c0004	n_group1	20	praat
c0004	n_group2	20	praat
c0004	n	40	praat
c0004	mean_group1	123.65340661246606	praat
c0004	mean_group2	133.9342280328801	praat
c0004	sd_group1	15.746002363591481	praat
c0004	sd_group2	25.312138796756305	praat
c0004	median_group1	123.09982926178384	praat
c0004	median_group2	135.4196823775431	praat
c0004	mean_diff	-10.280821420414043	praat
c0004	t	-1.542338321783756	praat
c0004	df	38	praat
c0004	p	0.13127893707327898	praat
c0004	cohens_d	-0.4877302019398362	praat
c0004	hedges_g	-0.47802944435466926	praat
c0005	n_group1	20	praat
c0005	n_group2	20	praat
c0005	n	40	praat
c0005	mean_group1	123.65340661246606	praat
c0005	mean_group2	133.9342280328801	praat
c0005	sd_group1	15.746002363591481	praat
c0005	sd_group2	25.312138796756305	praat
c0005	median_group1	123.09982926178384	praat
c0005	median_group2	135.4196823775431	praat
c0005	mean_diff	-10.280821420414043	praat
c0005	u1	138	praat
c0005	u2	262	praat
c0005	rank_biserial	-0.31	praat
c0005	p	0.0964995524361003	praat
c0005	p_method	exact	praat
c0006	n_group1	20	praat
c0006	n_group2	20	praat
c0006	n	40	praat
c0006	mean_group1	123.65340661246606	praat
c0006	mean_group2	133.9342280328801	praat
c0006	sd_group1	15.746002363591481	praat
c0006	sd_group2	25.312138796756305	praat
c0006	median_group1	123.09982926178384	praat
c0006	median_group2	135.4196823775431	praat
c0006	mean_diff	-10.280821420414043	praat
c0006	u1	138	praat
c0006	u2	262	praat
c0006	rank_biserial	-0.31	praat
c0006	p	0.0964995524361003	praat
c0006	p_method	exact	praat
c0007	n_group1	20	praat
c0007	n_group2	20	praat
c0007	n	40	praat
c0007	mean_group1	123.65340661246606	praat
c0007	mean_group2	133.9342280328801	praat
c0007	sd_group1	15.746002363591481	praat
c0007	sd_group2	25.312138796756305	praat
c0007	median_group1	123.09982926178384	praat
c0007	median_group2	135.4196823775431	praat
c0007	mean_diff	-10.280821420414043	praat
c0007	t	-1.5423383217837563	praat
c0007	df	31.789784909512843	praat
c0007	p	0.13288837133543796	praat
c0007	cohens_d	-0.4877302019398362	praat
c0007	hedges_g	-0.47802944435466926	praat
c0007	u1	138	praat
c0007	u2	262	praat
c0007	rank_biserial	-0.31	praat
c0007	mw_p	0.0964995524361003	praat
c0007	p_method	exact	praat
c0008	n_group1	20	praat
c0008	n_group2	20	praat
c0008	n	40	praat
c0008	mean_group1	123.65340661246606	praat
c0008	mean_group2	133.9342280328801	praat
c0008	sd_group1	15.746002363591481	praat
c0008	sd_group2	25.312138796756305	praat
c0008	median_group1	123.09982926178384	praat
c0008	median_group2	135.4196823775431	praat
c0008	mean_diff	-10.280821420414043	praat
c0008	t	-1.5423383217837563	praat
c0008	df	31.789784909512843	praat
c0008	p	0.13288837133543796	praat
c0008	cohens_d	-0.4877302019398362	praat
c0008	hedges_g	-0.47802944435466926	praat
c0008	u1	138	praat
c0008	u2	262	praat
c0008	rank_biserial	-0.31	praat
c0008	mw_p	0.0964995524361003	praat
c0008	p_method	exact	praat
c0009	n_group1	20	praat
c0009	n_group2	20	praat
c0009	n	40	praat
c0009	mean_group1	0.7992990952036713	praat
c0009	mean_group2	2.1413878317564627	praat
c0009	sd_group1	0.32813464539627635	praat
c0009	sd_group2	0.8398656625139178	praat
c0009	median_group1	0.7859934519885785	praat
c0009	median_group2	2.342522159725755	praat
c0009	mean_diff	-1.3420887365527916	praat
c0009	t	-6.65638586880313	praat
c0009	df	24.668456862621873	praat
c0009	p	6.039394008344935e-07	praat
c0009	cohens_d	-2.1049340330376625	praat
c0009	hedges_g	-2.063067741579696	praat
c0010	n_group1	20	praat
c0010	n_group2	20	praat
c0010	n	40	praat
c0010	mean_group1	0.7992990952036713	praat
c0010	mean_group2	2.1413878317564627	praat
c0010	sd_group1	0.32813464539627635	praat
c0010	sd_group2	0.8398656625139178	praat
c0010	median_group1	0.7859934519885785	praat
c0010	median_group2	2.342522159725755	praat
c0010	mean_diff	-1.3420887365527916	praat
c0010	t	-6.65638586880313	praat
c0010	df	24.668456862621873	praat
c0010	p	6.039394008344935e-07	praat
c0010	cohens_d	-2.1049340330376625	praat
c0010	hedges_g	-2.063067741579696	praat
c0011	n_group1	20	praat
c0011	n_group2	20	praat
c0011	n	40	praat
c0011	mean_group1	0.7992990952036713	praat
c0011	mean_group2	2.1413878317564627	praat
c0011	sd_group1	0.32813464539627635	praat
c0011	sd_group2	0.8398656625139178	praat
c0011	median_group1	0.7859934519885785	praat
c0011	median_group2	2.342522159725755	praat
c0011	mean_diff	-1.3420887365527916	praat
c0011	t	-6.65638586880313	praat
c0011	df	38	praat
c0011	p	7.2000246032637e-08	praat
c0011	cohens_d	-2.1049340330376625	praat
c0011	hedges_g	-2.063067741579696	praat
c0012	n_group1	20	praat
c0012	n_group2	20	praat
c0012	n	40	praat
c0012	mean_group1	0.7992990952036713	praat
c0012	mean_group2	2.1413878317564627	praat
c0012	sd_group1	0.32813464539627635	praat
c0012	sd_group2	0.8398656625139178	praat
c0012	median_group1	0.7859934519885785	praat
c0012	median_group2	2.342522159725755	praat
c0012	mean_diff	-1.3420887365527916	praat
c0012	t	-6.65638586880313	praat
c0012	df	38	praat
c0012	p	7.2000246032637e-08	praat
c0012	cohens_d	-2.1049340330376625	praat
c0012	hedges_g	-2.063067741579696	praat
c0013	n_group1	20	praat
c0013	n_group2	20	praat
c0013	n	40	praat
c0013	mean_group1	0.7992990952036713	praat
c0013	mean_group2	2.1413878317564627	praat
c0013	sd_group1	0.32813464539627635	praat
c0013	sd_group2	0.8398656625139178	praat
c0013	median_group1	0.7859934519885785	praat
c0013	median_group2	2.342522159725755	praat
c0013	mean_diff	-1.3420887365527916	praat
c0013	u1	24	praat
c0013	u2	376	praat
c0013	rank_biserial	-0.88	praat
c0013	p	1.0605997934914123e-07	praat
c0013	p_method	exact	praat
c0014	n_group1	20	praat
c0014	n_group2	20	praat
c0014	n	40	praat
c0014	mean_group1	0.7992990952036713	praat
c0014	mean_group2	2.1413878317564627	praat
c0014	sd_group1	0.32813464539627635	praat
c0014	sd_group2	0.8398656625139178	praat
c0014	median_group1	0.7859934519885785	praat
c0014	median_group2	2.342522159725755	praat
c0014	mean_diff	-1.3420887365527916	praat
c0014	u1	24	praat
c0014	u2	376	praat
c0014	rank_biserial	-0.88	praat
c0014	p	1.0605997934914123e-07	praat
c0014	p_method	exact	praat
c0015	n_group1	20	praat
c0015	n_group2	20	praat
c0015	n	40	praat
c0015	mean_group1	0.7992990952036713	praat
c0015	mean_group2	2.1413878317564627	praat
c0015	sd_group1	0.32813464539627635	praat
c0015	sd_group2	0.8398656625139178	praat
c0015	median_group1	0.7859934519885785	praat
c0015	median_group2	2.342522159725755	praat
c0015	mean_diff	-1.3420887365527916	praat
c0015	t	-6.65638586880313	praat
c0015	df	24.668456862621873	praat
c0015	p	6.039394008344935e-07	praat
c0015	cohens_d	-2.1049340330376625	praat
c0015	hedges_g	-2.063067741579696	praat
c0015	u1	24	praat
c0015	u2	376	praat
c0015	rank_biserial	-0.88	praat
c0015	mw_p	1.0605997934914123e-07	praat
c0015	p_method	exact	praat
c0016	n_group1	20	praat
c0016	n_group2	20	praat
c0016	n	40	praat
c0016	mean_group1	0.7992990952036713	praat
c0016	mean_group2	2.1413878317564627	praat
c0016	sd_group1	0.32813464539627635	praat
c0016	sd_group2	0.8398656625139178	praat
c0016	median_group1	0.7859934519885785	praat
c0016	median_group2	2.342522159725755	praat
c0016	mean_diff	-1.3420887365527916	praat
c0016	t	-6.65638586880313	praat
c0016	df	24.668456862621873	praat
c0016	p	6.039394008344935e-07	praat
c0016	cohens_d	-2.1049340330376625	praat
c0016	hedges_g	-2.063067741579696	praat
c0016	u1	24	praat
c0016	u2	376	praat
c0016	rank_biserial	-0.88	praat
c0016	mw_p	1.0605997934914123e-07	praat
c0016	p_method	exact	praat
c0017	n_group1	24	praat
c0017	n_group2	24	praat
c0017	n	48	praat
c0017	mean_group1	95.26051014410355	praat
c0017	mean_group2	89.13421448105278	praat
c0017	sd_group1	5.857231403651492	praat
c0017	sd_group2	4.9840777494869775	praat
c0017	median_group1	95.27021171593253	praat
c0017	median_group2	90.33935299990364	praat
c0017	mean_diff	6.126295663050769	praat
c0017	t	3.9024095083039763	praat
c0017	df	44.85122186889205	praat
c0017	p	0.00031662029464293086	praat
c0017	cohens_d	1.1265285900537279	praat
c0017	hedges_g	1.108044010464055	praat
c0018	n_group1	24	praat
c0018	n_group2	24	praat
c0018	n	48	praat
c0018	mean_group1	89.13421448105278	praat
c0018	mean_group2	95.26051014410355	praat
c0018	sd_group1	4.9840777494869775	praat
c0018	sd_group2	5.857231403651492	praat
c0018	median_group1	90.33935299990364	praat
c0018	median_group2	95.27021171593253	praat
c0018	mean_diff	-6.126295663050769	praat
c0018	t	-3.9024095083039763	praat
c0018	df	44.85122186889205	praat
c0018	p	0.00031662029464293086	praat
c0018	cohens_d	-1.1265285900537279	praat
c0018	hedges_g	-1.108044010464055	praat
c0019	n_group1	24	praat
c0019	n_group2	24	praat
c0019	n	48	praat
c0019	mean_group1	95.26051014410355	praat
c0019	mean_group2	89.13421448105278	praat
c0019	sd_group1	5.857231403651492	praat
c0019	sd_group2	4.9840777494869775	praat
c0019	median_group1	95.27021171593253	praat
c0019	median_group2	90.33935299990364	praat
c0019	mean_diff	6.126295663050769	praat
c0019	t	3.9024095083039763	praat
c0019	df	46	praat
c0019	p	0.0003088228165246715	praat
c0019	cohens_d	1.1265285900537279	praat
c0019	hedges_g	1.108044010464055	praat
c0020	n_group1	24	praat
c0020	n_group2	24	praat
c0020	n	48	praat
c0020	mean_group1	89.13421448105278	praat
c0020	mean_group2	95.26051014410355	praat
c0020	sd_group1	4.9840777494869775	praat
c0020	sd_group2	5.857231403651492	praat
c0020	median_group1	90.33935299990364	praat
c0020	median_group2	95.27021171593253	praat
c0020	mean_diff	-6.126295663050769	praat
c0020	t	-3.9024095083039763	praat
c0020	df	46	praat
c0020	p	0.0003088228165246715	praat
c0020	cohens_d	-1.1265285900537279	praat
c0020	hedges_g	-1.108044010464055	praat
c0021	n_group1	24	praat
c0021	n_group2	24	praat
c0021	n	48	praat
c0021	mean_group1	95.26051014410355	praat
c0021	mean_group2	89.13421448105278	praat
c0021	sd_group1	5.857231403651492	praat
c0021	sd_group2	4.9840777494869775	praat
c0021	median_group1	95.27021171593253	praat
c0021	median_group2	90.33935299990364	praat
c0021	mean_diff	6.126295663050769	praat
c0021	u1	431	praat
c0021	u2	145	praat
c0021	rank_biserial	0.4965277777777778	praat
c0021	p	0.0027296853011788804	praat
c0021	p_method	exact	praat
c0022	n_group1	24	praat
c0022	n_group2	24	praat
c0022	n	48	praat
c0022	mean_group1	89.13421448105278	praat
c0022	mean_group2	95.26051014410355	praat
c0022	sd_group1	4.9840777494869775	praat
c0022	sd_group2	5.857231403651492	praat
c0022	median_group1	90.33935299990364	praat
c0022	median_group2	95.27021171593253	praat
c0022	mean_diff	-6.126295663050769	praat
c0022	u1	145	praat
c0022	u2	431	praat
c0022	rank_biserial	-0.4965277777777778	praat
c0022	p	0.0027296853011788804	praat
c0022	p_method	exact	praat
c0023	n_group1	24	praat
c0023	n_group2	24	praat
c0023	n	48	praat
c0023	mean_group1	95.26051014410355	praat
c0023	mean_group2	89.13421448105278	praat
c0023	sd_group1	5.857231403651492	praat
c0023	sd_group2	4.9840777494869775	praat
c0023	median_group1	95.27021171593253	praat
c0023	median_group2	90.33935299990364	praat
c0023	mean_diff	6.126295663050769	praat
c0023	t	3.9024095083039763	praat
c0023	df	44.85122186889205	praat
c0023	p	0.00031662029464293086	praat
c0023	cohens_d	1.1265285900537279	praat
c0023	hedges_g	1.108044010464055	praat
c0023	u1	431	praat
c0023	u2	145	praat
c0023	rank_biserial	0.4965277777777778	praat
c0023	mw_p	0.0027296853011788804	praat
c0023	p_method	exact	praat
c0024	n_group1	24	praat
c0024	n_group2	24	praat
c0024	n	48	praat
c0024	mean_group1	89.13421448105278	praat
c0024	mean_group2	95.26051014410355	praat
c0024	sd_group1	4.9840777494869775	praat
c0024	sd_group2	5.857231403651492	praat
c0024	median_group1	90.33935299990364	praat
c0024	median_group2	95.27021171593253	praat
c0024	mean_diff	-6.126295663050769	praat
c0024	t	-3.9024095083039763	praat
c0024	df	44.85122186889205	praat
c0024	p	0.00031662029464293086	praat
c0024	cohens_d	-1.1265285900537279	praat
c0024	hedges_g	-1.108044010464055	praat
c0024	u1	145	praat
c0024	u2	431	praat
c0024	rank_biserial	-0.4965277777777778	praat
c0024	mw_p	0.0027296853011788804	praat
c0024	p_method	exact	praat
c0025	n_group1	24	praat
c0025	n_group2	24	praat
c0025	n	48	praat
c0025	mean_group1	87.42731120137347	praat
c0025	mean_group2	96.96741342378286	praat
c0025	sd_group1	3.485128329960061	praat
c0025	sd_group2	4.370170708306684	praat
c0025	median_group1	88.11273799482314	praat
c0025	median_group2	97.88766049774816	praat
c0025	mean_diff	-9.540102222409388	praat
c0025	t	-8.361260986258113	praat
c0025	df	43.829915078239196	praat
c0025	p	1.2663016289237486e-10	praat
c0025	cohens_d	-2.413688140590419	praat
c0025	hedges_g	-2.3740832775329577	praat
c0026	n_group1	24	praat
c0026	n_group2	24	praat
c0026	n	48	praat
c0026	mean_group1	96.96741342378286	praat
c0026	mean_group2	87.42731120137347	praat
c0026	sd_group1	4.370170708306684	praat
c0026	sd_group2	3.485128329960061	praat
c0026	median_group1	97.88766049774816	praat
c0026	median_group2	88.11273799482314	praat
c0026	mean_diff	9.540102222409388	praat
c0026	t	8.361260986258113	praat
c0026	df	43.829915078239196	praat
c0026	p	1.2663016289237486e-10	praat
c0026	cohens_d	2.413688140590419	praat
c0026	hedges_g	2.3740832775329577	praat
c0027	n_group1	24	praat
c0027	n_group2	24	praat
c0027	n	48	praat
c0027	mean_group1	87.42731120137347	praat
c0027	mean_group2	96.96741342378286	praat
c0027	sd_group1	3.485128329960061	praat
c0027	sd_group2	4.370170708306684	praat
c0027	median_group1	88.11273799482314	praat
c0027	median_group2	97.88766049774816	praat
c0027	mean_diff	-9.540102222409388	praat
c0027	t	-8.361260986258113	praat
c0027	df	46	praat
c0027	p	8.725917123891969e-11	praat
c0027	cohens_d	-2.413688140590419	praat
c0027	hedges_g	-2.3740832775329577	praat
c0028	n_group1	24	praat
c0028	n_group2	24	praat
c0028	n	48	praat
c0028	mean_group1	96.96741342378286	praat
c0028	mean_group2	87.42731120137347	praat
c0028	sd_group1	4.370170708306684	praat
c0028	sd_group2	3.485128329960061	praat
c0028	median_group1	97.88766049774816	praat
c0028	median_group2	88.11273799482314	praat
c0028	mean_diff	9.540102222409388	praat
c0028	t	8.361260986258113	praat
c0028	df	46	praat
c0028	p	8.725917123891969e-11	praat
c0028	cohens_d	2.413688140590419	praat
c0028	hedges_g	2.3740832775329577	praat
c0029	n_group1	24	praat
c0029	n_group2	24	praat
c0029	n	48	praat
c0029	mean_group1	87.42731120137347	praat
c0029	mean_group2	96.96741342378286	praat
c0029	sd_group1	3.485128329960061	praat
c0029	sd_group2	4.370170708306684	praat
c0029	median_group1	88.11273799482314	praat
c0029	median_group2	97.88766049774816	praat
c0029	mean_diff	-9.540102222409388	praat
c0029	u1	14	praat
c0029	u2	562	praat
c0029	rank_biserial	-0.9513888888888888	praat
c0029	p	3.1506217019544155e-11	praat
c0029	p_method	exact	praat
c0030	n_group1	24	praat
c0030	n_group2	24	praat
c0030	n	48	praat
c0030	mean_group1	96.96741342378286	praat
c0030	mean_group2	87.42731120137347	praat
c0030	sd_group1	4.370170708306684	praat
c0030	sd_group2	3.485128329960061	praat
c0030	median_group1	97.88766049774816	praat
c0030	median_group2	88.11273799482314	praat
c0030	mean_diff	9.540102222409388	praat
c0030	u1	562	praat
c0030	u2	14	praat
c0030	rank_biserial	0.9513888888888888	praat
c0030	p	3.1506217019544155e-11	praat
c0030	p_method	exact	praat
c0031	n_group1	24	praat
c0031	n_group2	24	praat
c0031	n	48	praat
c0031	mean_group1	87.42731120137347	praat
c0031	mean_group2	96.96741342378286	praat
c0031	sd_group1	3.485128329960061	praat
c0031	sd_group2	4.370170708306684	praat
c0031	median_group1	88.11273799482314	praat
c0031	median_group2	97.88766049774816	praat
c0031	mean_diff	-9.540102222409388	praat
c0031	t	-8.361260986258113	praat
c0031	df	43.829915078239196	praat
c0031	p	1.2663016289237486e-10	praat
c0031	cohens_d	-2.413688140590419	praat
c0031	hedges_g	-2.3740832775329577	praat
c0031	u1	14	praat
c0031	u2	562	praat
c0031	rank_biserial	-0.9513888888888888	praat
c0031	mw_p	3.1506217019544155e-11	praat
c0031	p_method	exact	praat
c0032	n_group1	24	praat
c0032	n_group2	24	praat
c0032	n	48	praat
c0032	mean_group1	96.96741342378286	praat
c0032	mean_group2	87.42731120137347	praat
c0032	sd_group1	4.370170708306684	praat
c0032	sd_group2	3.485128329960061	praat
c0032	median_group1	97.88766049774816	praat
c0032	median_group2	88.11273799482314	praat
c0032	mean_diff	9.540102222409388	praat
c0032	t	8.361260986258113	praat
c0032	df	43.829915078239196	praat
c0032	p	1.2663016289237486e-10	praat
c0032	cohens_d	2.413688140590419	praat
c0032	hedges_g	2.3740832775329577	praat
c0032	u1	562	praat
c0032	u2	14	praat
c0032	rank_biserial	0.9513888888888888	praat
c0032	mw_p	3.1506217019544155e-11	praat
c0032	p_method	exact	praat
c0033	refused	1	praat
c0033	refuse_reason	Group column "voice_type" has 3 groups. This test compares exactly 2.	praat
c0034	refused	1	praat
c0034	refuse_reason	Group column "fam" has 5 groups. This test compares exactly 2.	praat
c0035	f	18.060297415058738	praat
c0035	df_between	2	praat
c0035	df_within	42	praat
c0035	p	2.1885613623027198e-06	praat
c0035	eta_squared	0.46236968508324866	praat
c0035	n	45	praat
c0035	ss_between	601.7837208125036	praat
c0035	ss_within	699.736989188529	praat
c0035	ss_total	1301.5207100010325	praat
c0035	ms_between	300.8918604062518	praat
c0035	ms_within	16.66040450448879	praat
c0035	posthoc_soprano__mezzo_cohens_d	1.7838798367260675	praat
c0035	posthoc_soprano__alto_cohens_d	2.0839749765563775	praat
c0035	posthoc_mezzo__alto_cohens_d	0.5859358150444196	praat
c0036	f	18.060297415058745	praat
c0036	df_between	2	praat
c0036	df_within	42	praat
c0036	p	2.188561362302704e-06	praat
c0036	eta_squared	0.4623696850832487	praat
c0036	n	45	praat
c0036	ss_between	601.7837208125037	praat
c0036	ss_within	699.7369891885289	praat
c0036	ss_total	1301.5207100010325	praat
c0036	ms_between	300.89186040625185	praat
c0036	ms_within	16.660404504488785	praat
c0036	posthoc_alto__mezzo_cohens_d	-0.5859358150444196	praat
c0036	posthoc_alto__soprano_cohens_d	-2.0839749765563775	praat
c0036	posthoc_mezzo__soprano_cohens_d	-1.7838798367260675	praat
c0037	f	18.060297415058738	praat
c0037	df_between	2	praat
c0037	df_within	42	praat
c0037	p	2.1885613623027198e-06	praat
c0037	eta_squared	0.46236968508324866	praat
c0037	n	45	praat
c0037	ss_between	601.7837208125036	praat
c0037	ss_within	699.736989188529	praat
c0037	ss_total	1301.5207100010325	praat
c0037	ms_between	300.8918604062518	praat
c0037	ms_within	16.66040450448879	praat
c0037	posthoc_soprano__mezzo_padj	0.0005832285208634547	praat
c0037	posthoc_soprano__mezzo_diff	6.06695930108711	praat
c0037	posthoc_soprano__mezzo_q	5.756704543022689	praat
c0037	posthoc_soprano__mezzo_cohens_d	1.7838798367260675	praat
c0037	posthoc_soprano__mezzo_ci_low	2.4459642895262697	praat
c0037	posthoc_soprano__mezzo_ci_high	9.68795431264795	praat
c0037	posthoc_soprano__alto_padj	1.84250878443315e-06	praat
c0037	posthoc_soprano__alto_diff	8.740701015662026	praat
c0037	posthoc_soprano__alto_q	8.293715310905158	praat
c0037	posthoc_soprano__alto_cohens_d	2.0839749765563775	praat
c0037	posthoc_soprano__alto_ci_low	5.119706004101186	praat
c0037	posthoc_soprano__alto_ci_high	12.361696027222866	praat
c0037	posthoc_mezzo__alto_padj	0.18396791693969028	praat
c0037	posthoc_mezzo__alto_diff	2.6737417145749163	praat
c0037	posthoc_mezzo__alto_q	2.537010767882469	praat
c0037	posthoc_mezzo__alto_cohens_d	0.5859358150444196	praat
c0037	posthoc_mezzo__alto_ci_low	-0.9472532969859238	praat
c0037	posthoc_mezzo__alto_ci_high	6.294736726135756	praat
c0038	f	18.060297415058745	praat
c0038	df_between	2	praat
c0038	df_within	42	praat
c0038	p	2.188561362302704e-06	praat
c0038	eta_squared	0.4623696850832487	praat
c0038	n	45	praat
c0038	ss_between	601.7837208125037	praat
c0038	ss_within	699.7369891885289	praat
c0038	ss_total	1301.5207100010325	praat
c0038	ms_between	300.89186040625185	praat
c0038	ms_within	16.660404504488785	praat
c0038	posthoc_alto__mezzo_padj	0.18396791693969028	praat
c0038	posthoc_alto__mezzo_diff	-2.6737417145749163	praat
c0038	posthoc_alto__mezzo_q	2.537010767882469	praat
c0038	posthoc_alto__mezzo_cohens_d	-0.5859358150444196	praat
c0038	posthoc_alto__mezzo_ci_low	-6.294736726135756	praat
c0038	posthoc_alto__mezzo_ci_high	0.9472532969859238	praat
c0038	posthoc_alto__soprano_padj	1.84250878443315e-06	praat
c0038	posthoc_alto__soprano_diff	-8.740701015662026	praat
c0038	posthoc_alto__soprano_q	8.293715310905158	praat
c0038	posthoc_alto__soprano_cohens_d	-2.0839749765563775	praat
c0038	posthoc_alto__soprano_ci_low	-12.361696027222866	praat
c0038	posthoc_alto__soprano_ci_high	-5.119706004101186	praat
c0038	posthoc_mezzo__soprano_padj	0.0005832285208634547	praat
c0038	posthoc_mezzo__soprano_diff	-6.06695930108711	praat
c0038	posthoc_mezzo__soprano_q	5.756704543022689	praat
c0038	posthoc_mezzo__soprano_cohens_d	-1.7838798367260675	praat
c0038	posthoc_mezzo__soprano_ci_low	-9.68795431264795	praat
c0038	posthoc_mezzo__soprano_ci_high	-2.4459642895262697	praat
c0039	f	3.5048768688621763	praat
c0039	df_between	2	praat
c0039	df_within	42	praat
c0039	p	0.03911129286189213	praat
c0039	eta_squared	0.14302772821991808	praat
c0039	n	45	praat
c0039	ss_between	3.1544807056635245	praat
c0039	ss_within	18.90054837802034	praat
c0039	ss_total	22.055029083683863	praat
c0039	ms_between	1.5772403528317622	praat
c0039	ms_within	0.4500130566195319	praat
c0039	posthoc_soprano__mezzo_cohens_d	0.266496933006928	praat
c0039	posthoc_soprano__alto_cohens_d	1.1593536170403687	praat
c0039	posthoc_mezzo__alto_cohens_d	0.6333530468010096	praat
c0040	f	3.5048768688621763	praat
c0040	df_between	2	praat
c0040	df_within	42	praat
c0040	p	0.03911129286189213	praat
c0040	eta_squared	0.14302772821991808	praat
c0040	n	45	praat
c0040	ss_between	3.1544807056635245	praat
c0040	ss_within	18.90054837802034	praat
c0040	ss_total	22.055029083683863	praat
c0040	ms_between	1.5772403528317622	praat
c0040	ms_within	0.4500130566195319	praat
c0040	posthoc_alto__mezzo_cohens_d	-0.6333530468010096	praat
c0040	posthoc_alto__soprano_cohens_d	-1.1593536170403687	praat
c0040	posthoc_mezzo__soprano_cohens_d	-0.266496933006928	praat
c0041	f	3.5048768688621763	praat
c0041	df_between	2	praat
c0041	df_within	42	praat
c0041	p	0.03911129286189213	praat
c0041	eta_squared	0.14302772821991808	praat
c0041	n	45	praat
c0041	ss_between	3.1544807056635245	praat
c0041	ss_within	18.90054837802034	praat
c0041	ss_total	22.055029083683863	praat
c0041	ms_between	1.5772403528317622	praat
c0041	ms_within	0.4500130566195319	praat
c0041	posthoc_soprano__mezzo_padj	0.6846336598599503	praat
c0041	posthoc_soprano__mezzo_diff	0.20413117157659855	praat
c0041	posthoc_soprano__mezzo_q	1.1785347712990972	praat
c0041	posthoc_soprano__mezzo_cohens_d	0.266496933006928	praat
c0041	posthoc_soprano__mezzo_ci_low	-0.3909794655118026	praat
c0041	posthoc_soprano__mezzo_ci_high	0.7992418086649997	praat
c0041	posthoc_soprano__alto_padj	0.03414776472075598	praat
c0041	posthoc_soprano__alto_diff	0.6351658757520413	praat
c0041	posthoc_soprano__alto_q	3.667078694228382	praat
c0041	posthoc_soprano__alto_cohens_d	1.1593536170403687	praat
c0041	posthoc_soprano__alto_ci_low	0.040055238663640136	praat
c0041	posthoc_soprano__alto_ci_high	1.2302765128404425	praat
c0041	posthoc_mezzo__alto_padj	0.19559982053316205	praat
c0041	posthoc_mezzo__alto_diff	0.43103470417544276	praat
c0041	posthoc_mezzo__alto_q	2.4885439229292845	praat
c0041	posthoc_mezzo__alto_cohens_d	0.6333530468010096	praat
c0041	posthoc_mezzo__alto_ci_low	-0.1640759329129584	praat
c0041	posthoc_mezzo__alto_ci_high	1.026145341263844	praat
c0042	f	3.5048768688621763	praat
c0042	df_between	2	praat
c0042	df_within	42	praat
c0042	p	0.03911129286189213	praat
c0042	eta_squared	0.14302772821991808	praat
c0042	n	45	praat
c0042	ss_between	3.1544807056635245	praat
c0042	ss_within	18.90054837802034	praat
c0042	ss_total	22.055029083683863	praat
c0042	ms_between	1.5772403528317622	praat
c0042	ms_within	0.4500130566195319	praat
c0042	posthoc_alto__mezzo_padj	0.19559982053316205	praat
c0042	posthoc_alto__mezzo_diff	-0.43103470417544276	praat
c0042	posthoc_alto__mezzo_q	2.4885439229292845	praat
c0042	posthoc_alto__mezzo_cohens_d	-0.6333530468010096	praat
c0042	posthoc_alto__mezzo_ci_low	-1.026145341263844	praat
c0042	posthoc_alto__mezzo_ci_high	0.1640759329129584	praat
c0042	posthoc_alto__soprano_padj	0.03414776472075598	praat
c0042	posthoc_alto__soprano_diff	-0.6351658757520413	praat
c0042	posthoc_alto__soprano_q	3.667078694228382	praat
c0042	posthoc_alto__soprano_cohens_d	-1.1593536170403687	praat
c0042	posthoc_alto__soprano_ci_low	-1.2302765128404425	praat
c0042	posthoc_alto__soprano_ci_high	-0.040055238663640136	praat
c0042	posthoc_mezzo__soprano_padj	0.6846336598599503	praat
c0042	posthoc_mezzo__soprano_diff	-0.20413117157659855	praat
c0042	posthoc_mezzo__soprano_q	1.1785347712990972	praat
c0042	posthoc_mezzo__soprano_cohens_d	-0.266496933006928	praat
c0042	posthoc_mezzo__soprano_ci_low	-0.7992418086649997	praat
c0042	posthoc_mezzo__soprano_ci_high	0.3909794655118026	praat
c0043	f	14.58143824444943	praat
c0043	df_between	2	praat
c0043	df_within	42	praat
c0043	p	1.5520714651039715e-05	praat
c0043	eta_squared	0.4098046330862996	praat
c0043	n	45	praat
c0043	ss_between	439.3317208770335	praat
c0043	ss_within	632.7198993507832	praat
c0043	ss_total	1072.0516202278168	praat
c0043	ms_between	219.66586043851675	praat
c0043	ms_within	15.06475950835198	praat
c0043	posthoc_soprano__mezzo_cohens_d	0.9239481535297805	praat
c0043	posthoc_soprano__alto_cohens_d	2.099855690215333	praat
c0043	posthoc_mezzo__alto_cohens_d	0.9900841245897888	praat
c0044	f	14.58143824444943	praat
c0044	df_between	2	praat
c0044	df_within	42	praat
c0044	p	1.5520714651039715e-05	praat
c0044	eta_squared	0.4098046330862996	praat
c0044	n	45	praat
c0044	ss_between	439.3317208770335	praat
c0044	ss_within	632.7198993507832	praat
c0044	ss_total	1072.0516202278168	praat
c0044	ms_between	219.66586043851675	praat
c0044	ms_within	15.06475950835198	praat
c0044	posthoc_alto__mezzo_cohens_d	-0.9900841245897888	praat
c0044	posthoc_alto__soprano_cohens_d	-2.099855690215333	praat
c0044	posthoc_mezzo__soprano_cohens_d	-0.9239481535297805	praat
c0045	f	14.58143824444943	praat
c0045	df_between	2	praat
c0045	df_within	42	praat
c0045	p	1.5520714651039715e-05	praat
c0045	eta_squared	0.4098046330862996	praat
c0045	n	45	praat
c0045	ss_between	439.3317208770335	praat
c0045	ss_within	632.7198993507832	praat
c0045	ss_total	1072.0516202278168	praat
c0045	ms_between	219.66586043851675	praat
c0045	ms_within	15.06475950835198	praat
c0045	posthoc_soprano__mezzo_padj	0.03703083549360531	praat
c0045	posthoc_soprano__mezzo_diff	3.626583563810925	praat
c0045	posthoc_soprano__mezzo_q	3.6187802959101156	praat
c0045	posthoc_soprano__mezzo_cohens_d	0.9239481535297805	praat
c0045	posthoc_soprano__mezzo_ci_low	0.1833517904678872	praat
c0045	posthoc_soprano__mezzo_ci_high	7.069815337153964	praat
c0045	posthoc_soprano__alto_padj	8.558850681517072e-06	praat
c0045	posthoc_soprano__alto_diff	7.650165159727322	praat
c0045	posthoc_soprano__alto_q	7.633704408947307	praat
c0045	posthoc_soprano__alto_cohens_d	2.099855690215333	praat
c0045	posthoc_soprano__alto_ci_low	4.206933386384284	praat
c0045	posthoc_soprano__alto_ci_high	11.09339693307036	praat
c0045	posthoc_mezzo__alto_padj	0.01865530971189311	praat
c0045	posthoc_mezzo__alto_diff	4.023581595916397	praat
c0045	posthoc_mezzo__alto_q	4.014924113037192	praat
c0045	posthoc_mezzo__alto_cohens_d	0.9900841245897888	praat
c0045	posthoc_mezzo__alto_ci_low	0.5803498225733592	praat
c0045	posthoc_mezzo__alto_ci_high	7.466813369259436	praat
c0046	f	14.58143824444943	praat
c0046	df_between	2	praat
c0046	df_within	42	praat
c0046	p	1.5520714651039715e-05	praat
c0046	eta_squared	0.4098046330862996	praat
c0046	n	45	praat
c0046	ss_between	439.3317208770335	praat
c0046	ss_within	632.7198993507832	praat
c0046	ss_total	1072.0516202278168	praat
c0046	ms_between	219.66586043851675	praat
c0046	ms_within	15.06475950835198	praat
c0046	posthoc_alto__mezzo_padj	0.01865530971189311	praat
c0046	posthoc_alto__mezzo_diff	-4.023581595916397	praat
c0046	posthoc_alto__mezzo_q	4.014924113037192	praat
c0046	posthoc_alto__mezzo_cohens_d	-0.9900841245897888	praat
c0046	posthoc_alto__mezzo_ci_low	-7.466813369259436	praat
c0046	posthoc_alto__mezzo_ci_high	-0.5803498225733592	praat
c0046	posthoc_alto__soprano_padj	8.558850681517072e-06	praat
c0046	posthoc_alto__soprano_diff	-7.650165159727322	praat
c0046	posthoc_alto__soprano_q	7.633704408947307	praat
c0046	posthoc_alto__soprano_cohens_d	-2.099855690215333	praat
c0046	posthoc_alto__soprano_ci_low	-11.09339693307036	praat
c0046	posthoc_alto__soprano_ci_high	-4.206933386384284	praat
c0046	posthoc_mezzo__soprano_padj	0.03703083549360531	praat
c0046	posthoc_mezzo__soprano_diff	-3.626583563810925	praat
c0046	posthoc_mezzo__soprano_q	3.6187802959101156	praat
c0046	posthoc_mezzo__soprano_cohens_d	-0.9239481535297805	praat
c0046	posthoc_mezzo__soprano_ci_low	-7.069815337153964	praat
c0046	posthoc_mezzo__soprano_ci_high	-0.1833517904678872	praat
c0047	f	5.850226710964229	praat
c0047	df_between	2	praat
c0047	df_within	42	praat
c0047	p	0.005737174926163758	praat
c0047	eta_squared	0.21788369885812928	praat
c0047	n	45	praat
c0047	ss_between	4.576651015945773	praat
c0047	ss_within	16.42836698187044	praat
c0047	ss_total	21.00501799781621	praat
c0047	ms_between	2.2883255079728864	praat
c0047	ms_within	0.391151594806439	praat
c0047	posthoc_soprano__mezzo_cohens_d	0.07714998118881532	praat
c0047	posthoc_soprano__alto_cohens_d	1.2644075236587833	praat
c0047	posthoc_mezzo__alto_cohens_d	1.02902754303771	praat
c0048	f	5.850226710964229	praat
c0048	df_between	2	praat
c0048	df_within	42	praat
c0048	p	0.005737174926163758	praat
c0048	eta_squared	0.21788369885812928	praat
c0048	n	45	praat
c0048	ss_between	4.576651015945773	praat
c0048	ss_within	16.42836698187044	praat
c0048	ss_total	21.00501799781621	praat
c0048	ms_between	2.2883255079728864	praat
c0048	ms_within	0.391151594806439	praat
c0048	posthoc_alto__mezzo_cohens_d	-1.02902754303771	praat
c0048	posthoc_alto__soprano_cohens_d	-1.2644075236587833	praat
c0048	posthoc_mezzo__soprano_cohens_d	-0.07714998118881532	praat
c0049	f	5.850226710964229	praat
c0049	df_between	2	praat
c0049	df_within	42	praat
c0049	p	0.005737174926163758	praat
c0049	eta_squared	0.21788369885812928	praat
c0049	n	45	praat
c0049	ss_between	4.576651015945773	praat
c0049	ss_within	16.42836698187044	praat
c0049	ss_total	21.00501799781621	praat
c0049	ms_between	2.2883255079728864	praat
c0049	ms_within	0.391151594806439	praat
c0049	posthoc_soprano__mezzo_padj	0.970973042764276	praat
c0049	posthoc_soprano__mezzo_diff	0.05280871789667163	praat
c0049	posthoc_soprano__mezzo_q	0.3270233029265829	praat
c0049	posthoc_soprano__mezzo_cohens_d	0.07714998118881532	praat
c0049	posthoc_soprano__mezzo_ci_low	-0.5020184367063905	praat
c0049	posthoc_soprano__mezzo_ci_high	0.6076358724997337	praat
c0049	posthoc_soprano__alto_padj	0.010219555940402025	praat
c0049	posthoc_soprano__alto_diff	0.7013662327457819	praat
c0049	posthoc_soprano__alto_q	4.343281017397246	praat
c0049	posthoc_soprano__alto_cohens_d	1.2644075236587833	praat
c0049	posthoc_soprano__alto_ci_low	0.14653907814271983	praat
c0049	posthoc_soprano__alto_ci_high	1.256193387348844	praat
c0049	posthoc_mezzo__alto_padj	0.01861086246292476	praat
c0049	posthoc_mezzo__alto_diff	0.6485575148491103	praat
c0049	posthoc_mezzo__alto_q	4.016257714470663	praat
c0049	posthoc_mezzo__alto_cohens_d	1.02902754303771	praat
c0049	posthoc_mezzo__alto_ci_low	0.0937303602460482	praat
c0049	posthoc_mezzo__alto_ci_high	1.2033846694521724	praat
c0050	f	5.850226710964229	praat
c0050	df_between	2	praat
c0050	df_within	42	praat
c0050	p	0.005737174926163758	praat
c0050	eta_squared	0.21788369885812928	praat
c0050	n	45	praat
c0050	ss_between	4.576651015945773	praat
c0050	ss_within	16.42836698187044	praat
c0050	ss_total	21.00501799781621	praat
c0050	ms_between	2.2883255079728864	praat
c0050	ms_within	0.391151594806439	praat
c0050	posthoc_alto__mezzo_padj	0.01861086246292476	praat
c0050	posthoc_alto__mezzo_diff	-0.6485575148491103	praat
c0050	posthoc_alto__mezzo_q	4.016257714470663	praat
c0050	posthoc_alto__mezzo_cohens_d	-1.02902754303771	praat
c0050	posthoc_alto__mezzo_ci_low	-1.2033846694521724	praat
c0050	posthoc_alto__mezzo_ci_high	-0.0937303602460482	praat
c0050	posthoc_alto__soprano_padj	0.010219555940402025	praat
c0050	posthoc_alto__soprano_diff	-0.7013662327457819	praat
c0050	posthoc_alto__soprano_q	4.343281017397246	praat
c0050	posthoc_alto__soprano_cohens_d	-1.2644075236587833	praat
c0050	posthoc_alto__soprano_ci_low	-1.256193387348844	praat
c0050	posthoc_alto__soprano_ci_high	-0.14653907814271983	praat
c0050	posthoc_mezzo__soprano_padj	0.970973042764276	praat
c0050	posthoc_mezzo__soprano_diff	-0.05280871789667163	praat
c0050	posthoc_mezzo__soprano_q	0.3270233029265829	praat
c0050	posthoc_mezzo__soprano_cohens_d	-0.07714998118881532	praat
c0050	posthoc_mezzo__soprano_ci_low	-0.6076358724997337	praat
c0050	posthoc_mezzo__soprano_ci_high	0.5020184367063905	praat
c0051	f	14.268732135759207	praat
c0051	df_between	2	praat
c0051	df_within	42	praat
c0051	p	1.8681785833304285e-05	praat
c0051	eta_squared	0.4045717345561181	praat
c0051	n	45	praat
c0051	ss_between	480.4134915226291	praat
c0051	ss_within	707.0483365996986	praat
c0051	ss_total	1187.4618281223277	praat
c0051	ms_between	240.20674576131455	praat
c0051	ms_within	16.834484204754727	praat
c0051	posthoc_soprano__mezzo_cohens_d	1.4258188182833162	praat
c0051	posthoc_soprano__alto_cohens_d	1.860017468818369	praat
c0051	posthoc_mezzo__alto_cohens_d	0.5296260067829929	praat
c0052	f	14.268732135759207	praat
c0052	df_between	2	praat
c0052	df_within	42	praat
c0052	p	1.8681785833304285e-05	praat
c0052	eta_squared	0.4045717345561181	praat
c0052	n	45	praat
c0052	ss_between	480.4134915226291	praat
c0052	ss_within	707.0483365996986	praat
c0052	ss_total	1187.4618281223277	praat
c0052	ms_between	240.20674576131455	praat
c0052	ms_within	16.834484204754727	praat
c0052	posthoc_alto__mezzo_cohens_d	-0.5296260067829929	praat
c0052	posthoc_alto__soprano_cohens_d	-1.860017468818369	praat
c0052	posthoc_mezzo__soprano_cohens_d	-1.4258188182833162	praat
c0053	f	14.268732135759207	praat
c0053	df_between	2	praat
c0053	df_within	42	praat
c0053	p	1.8681785833304285e-05	praat
c0053	eta_squared	0.4045717345561181	praat
c0053	n	45	praat
c0053	ss_between	480.4134915226291	praat
c0053	ss_within	707.0483365996986	praat
c0053	ss_total	1187.4618281223277	praat
c0053	ms_between	240.20674576131455	praat
c0053	ms_within	16.834484204754727	praat
c0053	posthoc_soprano__mezzo_padj	0.00181076458544005	praat
c0053	posthoc_soprano__mezzo_diff	5.529493667274593	praat
c0053	posthoc_soprano__mezzo_q	5.219526264683642	praat
c0053	posthoc_soprano__mezzo_cohens_d	1.4258188182833162	praat
c0053	posthoc_soprano__mezzo_ci_low	1.8896304551119	praat
c0053	posthoc_soprano__mezzo_ci_high	9.169356879437286	praat
c0053	posthoc_soprano__alto_padj	1.6871231398485342e-05	praat
c0053	posthoc_soprano__alto_diff	7.775722186793658	praat
c0053	posthoc_soprano__alto_q	7.3398377180630465	praat
c0053	posthoc_soprano__alto_cohens_d	1.860017468818369	praat
c0053	posthoc_soprano__alto_ci_low	4.135858974630965	praat
c0053	posthoc_soprano__alto_ci_high	11.41558539895635	praat
c0053	posthoc_mezzo__alto_padj	0.30156231884951457	praat
c0053	posthoc_mezzo__alto_diff	2.2462285195190645	praat
c0053	posthoc_mezzo__alto_q	2.120311453379405	praat
c0053	posthoc_mezzo__alto_cohens_d	0.5296260067829929	praat
c0053	posthoc_mezzo__alto_ci_low	-1.3936346926436287	praat
c0053	posthoc_mezzo__alto_ci_high	5.886091731681757	praat
c0054	f	14.268732135759207	praat
c0054	df_between	2	praat
c0054	df_within	42	praat
c0054	p	1.8681785833304285e-05	praat
c0054	eta_squared	0.4045717345561181	praat
c0054	n	45	praat
c0054	ss_between	480.4134915226291	praat
c0054	ss_within	707.0483365996986	praat
c0054	ss_total	1187.4618281223277	praat
c0054	ms_between	240.20674576131455	praat
c0054	ms_within	16.834484204754727	praat
c0054	posthoc_alto__mezzo_padj	0.30156231884951457	praat
c0054	posthoc_alto__mezzo_diff	-2.2462285195190645	praat
c0054	posthoc_alto__mezzo_q	2.120311453379405	praat
c0054	posthoc_alto__mezzo_cohens_d	-0.5296260067829929	praat
c0054	posthoc_alto__mezzo_ci_low	-5.886091731681757	praat
c0054	posthoc_alto__mezzo_ci_high	1.3936346926436287	praat
c0054	posthoc_alto__soprano_padj	1.6871231398485342e-05	praat
c0054	posthoc_alto__soprano_diff	-7.775722186793658	praat
c0054	posthoc_alto__soprano_q	7.3398377180630465	praat
c0054	posthoc_alto__soprano_cohens_d	-1.860017468818369	praat
c0054	posthoc_alto__soprano_ci_low	-11.41558539895635	praat
c0054	posthoc_alto__soprano_ci_high	-4.135858974630965	praat
c0054	posthoc_mezzo__soprano_padj	0.00181076458544005	praat
c0054	posthoc_mezzo__soprano_diff	-5.529493667274593	praat
c0054	posthoc_mezzo__soprano_q	5.219526264683642	praat
c0054	posthoc_mezzo__soprano_cohens_d	-1.4258188182833162	praat
c0054	posthoc_mezzo__soprano_ci_low	-9.169356879437286	praat
c0054	posthoc_mezzo__soprano_ci_high	-1.8896304551119	praat
c0055	f	2.4239587364474815	praat
c0055	df_between	2	praat
c0055	df_within	42	praat
c0055	p	0.10086465526567016	praat
c0055	eta_squared	0.10348202725766513	praat
c0055	n	45	praat
c0055	ss_between	1.4501740000834427	praat
c0055	ss_within	12.563602483755448	praat
c0055	ss_total	14.01377648383889	praat
c0055	ms_between	0.7250870000417213	praat
c0055	ms_within	0.2991333924703678	praat
c0055	posthoc_soprano__mezzo_cohens_d	0.36455850872861606	praat
c0055	posthoc_soprano__alto_cohens_d	0.8596757972777409	praat
c0055	posthoc_mezzo__alto_cohens_d	0.42851602861862575	praat
c0056	f	2.4239587364474815	praat
c0056	df_between	2	praat
c0056	df_within	42	praat
c0056	p	0.10086465526567016	praat
c0056	eta_squared	0.10348202725766513	praat
c0056	n	45	praat
c0056	ss_between	1.4501740000834427	praat
c0056	ss_within	12.563602483755448	praat
c0056	ss_total	14.01377648383889	praat
c0056	ms_between	0.7250870000417213	praat
c0056	ms_within	0.2991333924703678	praat
c0056	posthoc_alto__mezzo_cohens_d	-0.42851602861862575	praat
c0056	posthoc_alto__soprano_cohens_d	-0.8596757972777409	praat
c0056	posthoc_mezzo__soprano_cohens_d	-0.36455850872861606	praat
c0057	f	2.4239587364474815	praat
c0057	df_between	2	praat
c0057	df_within	42	praat
c0057	p	0.10086465526567016	praat
c0057	eta_squared	0.10348202725766513	praat
c0057	n	45	praat
c0057	ss_between	1.4501740000834427	praat
c0057	ss_within	12.563602483755448	praat
c0057	ss_total	14.01377648383889	praat
c0057	ms_between	0.7250870000417213	praat
c0057	ms_within	0.2991333924703678	praat
c0057	posthoc_soprano__mezzo_padj	0.4918076922536089	praat
c0057	posthoc_soprano__mezzo_diff	0.22882514536508758	praat
c0057	posthoc_soprano__mezzo_q	1.6203802020212905	praat
c0057	posthoc_soprano__mezzo_cohens_d	0.36455850872861606	praat
c0057	posthoc_soprano__mezzo_ci_low	-0.25637129261718183	praat
c0057	posthoc_soprano__mezzo_ci_high	0.714021583347357	praat
c0057	posthoc_soprano__alto_padj	0.08263527929341985	praat
c0057	posthoc_soprano__alto_diff	0.43959973362963467	praat
c0057	posthoc_soprano__alto_q	3.1129389388163506	praat
c0057	posthoc_soprano__alto_cohens_d	0.8596757972777409	praat
c0057	posthoc_soprano__alto_ci_low	-0.04559670435263474	praat
c0057	posthoc_soprano__alto_ci_high	0.9247961716119041	praat
c0057	posthoc_mezzo__alto_padj	0.5466809650435668	praat
c0057	posthoc_mezzo__alto_diff	0.2107745882645471	praat
c0057	posthoc_mezzo__alto_q	1.4925587367950603	praat
c0057	posthoc_mezzo__alto_cohens_d	0.42851602861862575	praat
c0057	posthoc_mezzo__alto_ci_low	-0.2744218497177223	praat
c0057	posthoc_mezzo__alto_ci_high	0.6959710262468165	praat
c0058	f	2.4239587364474815	praat
c0058	df_between	2	praat
c0058	df_within	42	praat
c0058	p	0.10086465526567016	praat
c0058	eta_squared	0.10348202725766513	praat
c0058	n	45	praat
c0058	ss_between	1.4501740000834427	praat
c0058	ss_within	12.563602483755448	praat
c0058	ss_total	14.01377648383889	praat
c0058	ms_between	0.7250870000417213	praat
c0058	ms_within	0.2991333924703678	praat
c0058	posthoc_alto__mezzo_padj	0.5466809650435668	praat
c0058	posthoc_alto__mezzo_diff	-0.2107745882645471	praat
c0058	posthoc_alto__mezzo_q	1.4925587367950603	praat
c0058	posthoc_alto__mezzo_cohens_d	-0.42851602861862575	praat
c0058	posthoc_alto__mezzo_ci_low	-0.6959710262468165	praat
c0058	posthoc_alto__mezzo_ci_high	0.2744218497177223	praat
c0058	posthoc_alto__soprano_padj	0.08263527929341985	praat
c0058	posthoc_alto__soprano_diff	-0.43959973362963467	praat
c0058	posthoc_alto__soprano_q	3.1129389388163506	praat
c0058	posthoc_alto__soprano_cohens_d	-0.8596757972777409	praat
c0058	posthoc_alto__soprano_ci_low	-0.9247961716119041	praat
c0058	posthoc_alto__soprano_ci_high	0.04559670435263474	praat
c0058	posthoc_mezzo__soprano_padj	0.4918076922536089	praat
c0058	posthoc_mezzo__soprano_diff	-0.22882514536508758	praat
c0058	posthoc_mezzo__soprano_q	1.6203802020212905	praat
c0058	posthoc_mezzo__soprano_cohens_d	-0.36455850872861606	praat
c0058	posthoc_mezzo__soprano_ci_low	-0.714021583347357	praat
c0058	posthoc_mezzo__soprano_ci_high	0.25637129261718183	praat
c0059	f	44.30747283440199	praat
c0059	df_between	1	praat
c0059	df_within	38	praat
c0059	p	7.200024603263713e-08	praat
c0059	eta_squared	0.5383165259313226	praat
c0059	n	40	praat
c0059	ss_between	18.01202176781868	praat
c0059	ss_within	15.44788685500636	praat
c0059	ss_total	33.45990862282504	praat
c0059	ms_between	18.01202176781868	praat
c0059	ms_within	0.40652333828964105	praat
c0059	posthoc_control__patient_cohens_d	-2.1049340330376625	praat
c0060	f	44.30747283440199	praat
c0060	df_between	1	praat
c0060	df_within	38	praat
c0060	p	7.200024603263713e-08	praat
c0060	eta_squared	0.5383165259313226	praat
c0060	n	40	praat
c0060	ss_between	18.01202176781868	praat
c0060	ss_within	15.44788685500636	praat
c0060	ss_total	33.45990862282504	praat
c0060	ms_between	18.01202176781868	praat
c0060	ms_within	0.40652333828964105	praat
c0060	posthoc_control__patient_cohens_d	-2.1049340330376625	praat
c0061	f	44.30747283440199	praat
c0061	df_between	1	praat
c0061	df_within	38	praat
c0061	p	7.200024603263713e-08	praat
c0061	eta_squared	0.5383165259313226	praat
c0061	n	40	praat
c0061	ss_between	18.01202176781868	praat
c0061	ss_within	15.44788685500636	praat
c0061	ss_total	33.45990862282504	praat
c0061	ms_between	18.01202176781868	praat
c0061	ms_within	0.40652333828964105	praat
c0061	posthoc_control__patient_padj	7.200010299079906e-08	praat
c0061	posthoc_control__patient_diff	-1.3420887365527916	praat
c0061	posthoc_control__patient_q	9.413551172050003	praat
c0061	posthoc_control__patient_cohens_d	-2.1049340330376625	praat
c0061	posthoc_control__patient_ci_low	-1.7502556696796523	praat
c0061	posthoc_control__patient_ci_high	-0.9339218034259309	praat
c0062	f	44.30747283440199	praat
c0062	df_between	1	praat
c0062	df_within	38	praat
c0062	p	7.200024603263713e-08	praat
c0062	eta_squared	0.5383165259313226	praat
c0062	n	40	praat
c0062	ss_between	18.01202176781868	praat
c0062	ss_within	15.44788685500636	praat
c0062	ss_total	33.45990862282504	praat
c0062	ms_between	18.01202176781868	praat
c0062	ms_within	0.40652333828964105	praat
c0062	posthoc_control__patient_padj	7.200010299079906e-08	praat
c0062	posthoc_control__patient_diff	-1.3420887365527916	praat
c0062	posthoc_control__patient_q	9.413551172050003	praat
c0062	posthoc_control__patient_cohens_d	-2.1049340330376625	praat
c0062	posthoc_control__patient_ci_low	-1.7502556696796523	praat
c0062	posthoc_control__patient_ci_high	-0.9339218034259309	praat
c0063	f	15.2287999705013	praat
c0063	df_between	1	praat
c0063	df_within	46	praat
c0063	p	0.00030882281652466965	praat
c0063	eta_squared	0.24871955644791674	praat
c0063	n	48	praat
c0063	ss_between	450.37798261337645	praat
c0063	ss_within	1360.4083867636054	praat
c0063	ss_total	1810.7863693769818	praat
c0063	ms_between	450.37798261337645	praat
c0063	ms_within	29.574095364426206	praat
c0063	posthoc_soprano__alto_cohens_d	1.1265285900537279	praat
c0064	f	15.2287999705013	praat
c0064	df_between	1	praat
c0064	df_within	46	praat
c0064	p	0.00030882281652466965	praat
c0064	eta_squared	0.24871955644791674	praat
c0064	n	48	praat
c0064	ss_between	450.37798261337645	praat
c0064	ss_within	1360.4083867636054	praat
c0064	ss_total	1810.7863693769818	praat
c0064	ms_between	450.37798261337645	praat
c0064	ms_within	29.574095364426206	praat
c0064	posthoc_alto__soprano_cohens_d	-1.1265285900537279	praat
c0065	f	15.2287999705013	praat
c0065	df_between	1	praat
c0065	df_within	46	praat
c0065	p	0.00030882281652466965	praat
c0065	eta_squared	0.24871955644791674	praat
c0065	n	48	praat
c0065	ss_between	450.37798261337645	praat
c0065	ss_within	1360.4083867636054	praat
c0065	ss_total	1810.7863693769818	praat
c0065	ms_between	450.37798261337645	praat
c0065	ms_within	29.574095364426206	praat
c0065	posthoc_soprano__alto_padj	0.0003088228160502693	praat
c0065	posthoc_soprano__alto_diff	6.126295663050769	praat
c0065	posthoc_soprano__alto_q	5.518840452577204	praat
c0065	posthoc_soprano__alto_cohens_d	1.1265285900537279	praat
c0065	posthoc_soprano__alto_ci_low	2.966300908061681	praat
c0065	posthoc_soprano__alto_ci_high	9.286290418039856	praat
c0066	f	15.2287999705013	praat
c0066	df_between	1	praat
c0066	df_within	46	praat
c0066	p	0.00030882281652466965	praat
c0066	eta_squared	0.24871955644791674	praat
c0066	n	48	praat
c0066	ss_between	450.37798261337645	praat
c0066	ss_within	1360.4083867636054	praat
c0066	ss_total	1810.7863693769818	praat
c0066	ms_between	450.37798261337645	praat
c0066	ms_within	29.574095364426206	praat
c0066	posthoc_alto__soprano_padj	0.0003088228160502693	praat
c0066	posthoc_alto__soprano_diff	-6.126295663050769	praat
c0066	posthoc_alto__soprano_q	5.518840452577204	praat
c0066	posthoc_alto__soprano_cohens_d	-1.1265285900537279	praat
c0066	posthoc_alto__soprano_ci_low	-9.286290418039856	praat
c0066	posthoc_alto__soprano_ci_high	-2.966300908061681	praat
c0067	f	38.388946070974654	praat
c0067	df_between	4	praat
c0067	df_within	45	praat
c0067	p	5.751195695646285e-14	praat
c0067	eta_squared	0.7733634395880494	praat
c0067	n	50	praat
c0067	ss_between	1142.9847619047619	praat
c0067	ss_within	334.9552380952381	praat
c0067	ss_total	1477.94	praat
c0067	ms_between	285.74619047619046	praat
c0067	ms_within	7.443449735449735	praat
c0067	posthoc_welch__paired_cohens_d	-0.9467621366623015	praat
c0067	posthoc_welch__corr_cohens_d	1.9411425885796207	praat
c0067	posthoc_welch__perfect_cohens_d	3.640679257301507	praat
c0067	posthoc_welch__mwu_cohens_d	3.3763886032268258	praat
c0067	posthoc_paired__corr_cohens_d	3.0043639277189063	praat
c0067	posthoc_paired__perfect_cohens_d	5.540916385036406	praat
c0067	posthoc_paired__mwu_cohens_d	5.303958509195748	praat
c0067	posthoc_corr__perfect_cohens_d	0.9215557470842439	praat
c0067	posthoc_corr__mwu_cohens_d	0.9827358526596335	praat
c0067	posthoc_perfect__mwu_cohens_d	0.3464101615137754	praat
c0068	f	38.38894607097467	praat
c0068	df_between	4	praat
c0068	df_within	45	praat
c0068	p	5.751195695646243e-14	praat
c0068	eta_squared	0.7733634395880497	praat
c0068	n	50	praat
c0068	ss_between	1142.984761904762	praat
c0068	ss_within	334.9552380952381	praat
c0068	ss_total	1477.94	praat
c0068	ms_between	285.7461904761905	praat
c0068	ms_within	7.443449735449735	praat
c0068	posthoc_corr__mwu_cohens_d	0.9827358526596335	praat
c0068	posthoc_corr__paired_cohens_d	-3.0043639277189063	praat
c0068	posthoc_corr__perfect_cohens_d	0.9215557470842439	praat
c0068	posthoc_corr__welch_cohens_d	-1.9411425885796207	praat
c0068	posthoc_mwu__paired_cohens_d	-5.303958509195748	praat
c0068	posthoc_mwu__perfect_cohens_d	-0.3464101615137754	praat
c0068	posthoc_mwu__welch_cohens_d	-3.3763886032268258	praat
c0068	posthoc_paired__perfect_cohens_d	5.540916385036406	praat
c0068	posthoc_paired__welch_cohens_d	0.9467621366623015	praat
c0068	posthoc_perfect__welch_cohens_d	-3.640679257301507	praat
c0069	f	38.388946070974654	praat
c0069	df_between	4	praat
c0069	df_within	45	praat
c0069	p	5.751195695646285e-14	praat
c0069	eta_squared	0.7733634395880494	praat
c0069	n	50	praat
c0069	ss_between	1142.9847619047619	praat
c0069	ss_within	334.9552380952381	praat
c0069	ss_total	1477.94	praat
c0069	ms_between	285.74619047619046	praat
c0069	ms_within	7.443449735449735	praat
c0069	posthoc_welch__paired_padj	0.16942189167054234	praat
c0069	posthoc_welch__paired_diff	-2.666666666666666	praat
c0069	posthoc_welch__paired_q	3.22831484169387	praat
c0069	posthoc_welch__paired_cohens_d	-0.9467621366623015	praat
c0069	posthoc_welch__paired_ci_low	-5.98597702873996	praat
c0069	posthoc_welch__paired_ci_high	0.6526436954066273	praat
c0069	posthoc_welch__corr_padj	8.643305496658371e-06	praat
c0069	posthoc_welch__corr_diff	6.428571428571429	praat
c0069	posthoc_welch__corr_q	8.04823666311085	praat
c0069	posthoc_welch__corr_cohens_d	1.9411425885796207	praat
c0069	posthoc_welch__corr_ci_low	3.218839611188157	praat
c0069	posthoc_welch__corr_ci_high	9.6383032459547	praat
c0069	posthoc_welch__perfect_padj	2.7871114083311e-08	praat
c0069	posthoc_welch__perfect_diff	9	praat
c0069	posthoc_welch__perfect_q	10.431706978608155	praat
c0069	posthoc_welch__perfect_cohens_d	3.640679257301507	praat
c0069	posthoc_welch__perfect_ci_low	5.533093396684935	praat
c0069	posthoc_welch__perfect_ci_high	12.466906603315065	praat
c0069	posthoc_welch__mwu_padj	4.467722315215639e-06	praat
c0069	posthoc_welch__mwu_diff	9.5	praat
c0069	posthoc_welch__mwu_q	8.323719776041097	praat
c0069	posthoc_welch__mwu_cohens_d	3.3763886032268258	praat
c0069	posthoc_welch__mwu_ci_low	4.91371365447034	praat
c0069	posthoc_welch__mwu_ci_high	14.086286345529661	praat
c0069	posthoc_paired__corr_padj	7.046332406446254e-10	praat
c0069	posthoc_paired__corr_diff	9.095238095238095	praat
c0069	posthoc_paired__corr_q	11.984223704644299	praat
c0069	posthoc_paired__corr_cohens_d	3.0043639277189063	praat
c0069	posthoc_paired__corr_ci_low	6.045523645788761	praat
c0069	posthoc_paired__corr_ci_high	12.144952544687428	praat
c0069	posthoc_paired__perfect_padj	5.671796365902537e-12	praat
c0069	posthoc_paired__perfect_diff	11.666666666666666	praat
c0069	posthoc_paired__perfect_q	14.123877432410683	praat
c0069	posthoc_paired__perfect_cohens_d	5.540916385036406	praat
c0069	posthoc_paired__perfect_ci_low	8.347356304593372	praat
c0069	posthoc_paired__perfect_ci_high	14.98597702873996	praat
c0069	posthoc_paired__mwu_padj	8.608098789331109e-09	praat
c0069	posthoc_paired__mwu_diff	12.166666666666666	praat
c0069	posthoc_paired__mwu_q	10.923457037957593	praat
c0069	posthoc_paired__mwu_cohens_d	5.303958509195748	praat
c0069	posthoc_paired__mwu_ci_low	7.6909094875014095	praat
c0069	posthoc_paired__mwu_ci_high	16.64242384583192	praat
c0069	posthoc_corr__perfect_padj	0.17153412235591714	praat
c0069	posthoc_corr__perfect_diff	2.571428571428571	praat
c0069	posthoc_corr__perfect_q	3.21929466524434	praat
c0069	posthoc_corr__perfect_cohens_d	0.9215557470842439	praat
c0069	posthoc_corr__perfect_ci_low	-0.6383032459547007	praat
c0069	posthoc_corr__perfect_ci_high	5.781160388811843	praat
c0069	posthoc_corr__mwu_padj	0.28939640770042363	praat
c0069	posthoc_corr__mwu_diff	3.071428571428571	praat
c0069	posthoc_corr__mwu_q	2.808187156246141	praat
c0069	posthoc_corr__mwu_cohens_d	0.9827358526596335	praat
c0069	posthoc_corr__mwu_ci_low	-1.3236777283786045	praat
c0069	posthoc_corr__mwu_ci_high	7.466534871235747	praat
c0069	posthoc_perfect__mwu_padj	0.9979241604008411	praat
c0069	posthoc_perfect__mwu_diff	0.5	praat
c0069	posthoc_perfect__mwu_q	0.43809051452847875	praat
c0069	posthoc_perfect__mwu_cohens_d	0.3464101615137754	praat
c0069	posthoc_perfect__mwu_ci_low	-4.08628634552966	praat
c0069	posthoc_perfect__mwu_ci_high	5.08628634552966	praat
c0070	f	38.38894607097467	praat
c0070	df_between	4	praat
c0070	df_within	45	praat
c0070	p	5.751195695646243e-14	praat
c0070	eta_squared	0.7733634395880497	praat
c0070	n	50	praat
c0070	ss_between	1142.984761904762	praat
c0070	ss_within	334.9552380952381	praat
c0070	ss_total	1477.94	praat
c0070	ms_between	285.7461904761905	praat
c0070	ms_within	7.443449735449735	praat
c0070	posthoc_corr__mwu_padj	0.28939640770042363	praat
c0070	posthoc_corr__mwu_diff	3.071428571428571	praat
c0070	posthoc_corr__mwu_q	2.808187156246141	praat
c0070	posthoc_corr__mwu_cohens_d	0.9827358526596335	praat
c0070	posthoc_corr__mwu_ci_low	-1.3236777283786045	praat
c0070	posthoc_corr__mwu_ci_high	7.466534871235747	praat
c0070	posthoc_corr__paired_padj	7.046332406446254e-10	praat
c0070	posthoc_corr__paired_diff	-9.095238095238095	praat
c0070	posthoc_corr__paired_q	11.984223704644299	praat
c0070	posthoc_corr__paired_cohens_d	-3.0043639277189063	praat
c0070	posthoc_corr__paired_ci_low	-12.144952544687428	praat
c0070	posthoc_corr__paired_ci_high	-6.045523645788761	praat
c0070	posthoc_corr__perfect_padj	0.17153412235591714	praat
c0070	posthoc_corr__perfect_diff	2.571428571428571	praat
c0070	posthoc_corr__perfect_q	3.21929466524434	praat
c0070	posthoc_corr__perfect_cohens_d	0.9215557470842439	praat
c0070	posthoc_corr__perfect_ci_low	-0.6383032459547007	praat
c0070	posthoc_corr__perfect_ci_high	5.781160388811843	praat
c0070	posthoc_corr__welch_padj	8.643305496658371e-06	praat
c0070	posthoc_corr__welch_diff	-6.428571428571429	praat
c0070	posthoc_corr__welch_q	8.04823666311085	praat
c0070	posthoc_corr__welch_cohens_d	-1.9411425885796207	praat
c0070	posthoc_corr__welch_ci_low	-9.6383032459547	praat
c0070	posthoc_corr__welch_ci_high	-3.218839611188157	praat
c0070	posthoc_mwu__paired_padj	8.608098789331109e-09	praat
c0070	posthoc_mwu__paired_diff	-12.166666666666666	praat
c0070	posthoc_mwu__paired_q	10.923457037957593	praat
c0070	posthoc_mwu__paired_cohens_d	-5.303958509195748	praat
c0070	posthoc_mwu__paired_ci_low	-16.64242384583192	praat
c0070	posthoc_mwu__paired_ci_high	-7.6909094875014095	praat
c0070	posthoc_mwu__perfect_padj	0.9979241604008411	praat
c0070	posthoc_mwu__perfect_diff	-0.5	praat
c0070	posthoc_mwu__perfect_q	0.43809051452847875	praat
c0070	posthoc_mwu__perfect_cohens_d	-0.3464101615137754	praat
c0070	posthoc_mwu__perfect_ci_low	-5.08628634552966	praat
c0070	posthoc_mwu__perfect_ci_high	4.08628634552966	praat
c0070	posthoc_mwu__welch_padj	4.467722315215639e-06	praat
c0070	posthoc_mwu__welch_diff	-9.5	praat
c0070	posthoc_mwu__welch_q	8.323719776041097	praat
c0070	posthoc_mwu__welch_cohens_d	-3.3763886032268258	praat
c0070	posthoc_mwu__welch_ci_low	-14.086286345529661	praat
c0070	posthoc_mwu__welch_ci_high	-4.91371365447034	praat
c0070	posthoc_paired__perfect_padj	5.671796365902537e-12	praat
c0070	posthoc_paired__perfect_diff	11.666666666666666	praat
c0070	posthoc_paired__perfect_q	14.123877432410683	praat
c0070	posthoc_paired__perfect_cohens_d	5.540916385036406	praat
c0070	posthoc_paired__perfect_ci_low	8.347356304593372	praat
c0070	posthoc_paired__perfect_ci_high	14.98597702873996	praat
c0070	posthoc_paired__welch_padj	0.16942189167054234	praat
c0070	posthoc_paired__welch_diff	2.666666666666666	praat
c0070	posthoc_paired__welch_q	3.22831484169387	praat
c0070	posthoc_paired__welch_cohens_d	0.9467621366623015	praat
c0070	posthoc_paired__welch_ci_low	-0.6526436954066273	praat
c0070	posthoc_paired__welch_ci_high	5.98597702873996	praat
c0070	posthoc_perfect__welch_padj	2.7871114083311e-08	praat
c0070	posthoc_perfect__welch_diff	-9	praat
c0070	posthoc_perfect__welch_q	10.431706978608155	praat
c0070	posthoc_perfect__welch_cohens_d	-3.640679257301507	praat
c0070	posthoc_perfect__welch_ci_low	-12.466906603315065	praat
c0070	posthoc_perfect__welch_ci_high	-5.533093396684935	praat
c0071	f	14.728126446993498	praat
c0071	df_between	3	praat
c0071	df_within	46	praat
c0071	p	7.411648143237402e-07	praat
c0071	eta_squared	0.48993384069232887	praat
c0071	n	50	praat
c0071	ss_between	724.0928205128206	praat
c0071	ss_within	753.8471794871795	praat
c0071	ss_total	1477.94	praat
c0071	ms_between	241.36427350427354	praat
c0071	ms_within	16.38798216276477	praat
c0071	posthoc_a__b_cohens_d	-0.5394390836538024	praat
c0071	posthoc_a__x_cohens_d	2.0610761375286857	praat
c0071	posthoc_a__y_cohens_d	1.268115831078051	praat
c0071	posthoc_b__x_cohens_d	2.3059576224150797	praat
c0071	posthoc_b__y_cohens_d	1.6467342426622067	praat
c0071	posthoc_x__y_cohens_d	-0.6243480233815981	praat
c0072	f	14.728126446993498	praat
c0072	df_between	3	praat
c0072	df_within	46	praat
c0072	p	7.411648143237402e-07	praat
c0072	eta_squared	0.48993384069232887	praat
c0072	n	50	praat
c0072	ss_between	724.0928205128206	praat
c0072	ss_within	753.8471794871795	praat
c0072	ss_total	1477.94	praat
c0072	ms_between	241.36427350427354	praat
c0072	ms_within	16.38798216276477	praat
c0072	posthoc_a__b_cohens_d	-0.5394390836538024	praat
c0072	posthoc_a__x_cohens_d	2.0610761375286857	praat
c0072	posthoc_a__y_cohens_d	1.268115831078051	praat
c0072	posthoc_b__x_cohens_d	2.3059576224150797	praat
c0072	posthoc_b__y_cohens_d	1.6467342426622067	praat
c0072	posthoc_x__y_cohens_d	-0.6243480233815981	praat
c0073	f	14.728126446993498	praat
c0073	df_between	3	praat
c0073	df_within	46	praat
c0073	p	7.411648143237402e-07	praat
c0073	eta_squared	0.48993384069232887	praat
c0073	n	50	praat
c0073	ss_between	724.0928205128206	praat
c0073	ss_within	753.8471794871795	praat
c0073	ss_total	1477.94	praat
c0073	ms_between	241.36427350427354	praat
c0073	ms_within	16.38798216276477	praat
c0073	posthoc_a__b_padj	0.3630686497403307	praat
c0073	posthoc_a__b_diff	-2.615384615384615	praat
c0073	posthoc_a__b_q	2.3294022981250175	praat
c0073	posthoc_a__b_cohens_d	-0.5394390836538024	praat
c0073	posthoc_a__b_ci_low	-6.847759615935898	praat
c0073	posthoc_a__b_ci_high	1.6169903851666678	praat
c0073	posthoc_a__x_padj	0.0005912277749730022	praat
c0073	posthoc_a__x_diff	6.878205128205128	praat
c0073	posthoc_a__x_q	6.002327323241281	praat
c0073	posthoc_a__x_cohens_d	2.0610761375286857	praat
c0073	posthoc_a__x_ci_low	2.5585554817624967	praat
c0073	posthoc_a__x_ci_high	11.197854774647759	praat
c0073	posthoc_a__y_padj	0.016221804936653816	praat
c0073	posthoc_a__y_diff	5.044871794871795	praat
c0073	posthoc_a__y_q	4.40245256606793	praat
c0073	posthoc_a__y_cohens_d	1.268115831078051	praat
c0073	posthoc_a__y_ci_low	0.7252221484291637	praat
c0073	posthoc_a__y_ci_high	9.364521441314427	praat
c0073	posthoc_b__x_padj	2.773738538519588e-06	praat
c0073	posthoc_b__x_diff	9.493589743589743	praat
c0073	posthoc_b__x_q	8.284666137670397	praat
c0073	posthoc_b__x_cohens_d	2.3059576224150797	praat
c0073	posthoc_b__x_ci_low	5.173940097147112	praat
c0073	posthoc_b__x_ci_high	13.813239390032374	praat
c0073	posthoc_b__y_padj	0.00012525090394055471	praat
c0073	posthoc_b__y_diff	7.66025641025641	praat
c0073	posthoc_b__y_q	6.684791380497046	praat
c0073	posthoc_b__y_cohens_d	1.6467342426622067	praat
c0073	posthoc_b__y_ci_low	3.3406067638137786	praat
c0073	posthoc_b__y_ci_high	11.97990605669904	praat
c0073	posthoc_x__y_padj	0.685689777853447	praat
c0073	posthoc_x__y_diff	-1.8333333333333335	praat
c0073	posthoc_x__y_q	1.5688062704098924	praat
c0073	posthoc_x__y_cohens_d	-0.6243480233815981	praat
c0073	posthoc_x__y_ci_low	-6.238528901152364	praat
c0073	posthoc_x__y_ci_high	2.5718622344856965	praat
c0074	f	14.728126446993498	praat
c0074	df_between	3	praat
c0074	df_within	46	praat
c0074	p	7.411648143237402e-07	praat
c0074	eta_squared	0.48993384069232887	praat
c0074	n	50	praat
c0074	ss_between	724.0928205128206	praat
c0074	ss_within	753.8471794871795	praat
c0074	ss_total	1477.94	praat
c0074	ms_between	241.36427350427354	praat
c0074	ms_within	16.38798216276477	praat
c0074	posthoc_a__b_padj	0.3630686497403307	praat
c0074	posthoc_a__b_diff	-2.615384615384615	praat
c0074	posthoc_a__b_q	2.3294022981250175	praat
c0074	posthoc_a__b_cohens_d	-0.5394390836538024	praat
c0074	posthoc_a__b_ci_low	-6.847759615935898	praat
c0074	posthoc_a__b_ci_high	1.6169903851666678	praat
c0074	posthoc_a__x_padj	0.0005912277749730022	praat
c0074	posthoc_a__x_diff	6.878205128205128	praat
c0074	posthoc_a__x_q	6.002327323241281	praat
c0074	posthoc_a__x_cohens_d	2.0610761375286857	praat
c0074	posthoc_a__x_ci_low	2.5585554817624967	praat
c0074	posthoc_a__x_ci_high	11.197854774647759	praat
c0074	posthoc_a__y_padj	0.016221804936653816	praat
c0074	posthoc_a__y_diff	5.044871794871795	praat
c0074	posthoc_a__y_q	4.40245256606793	praat
c0074	posthoc_a__y_cohens_d	1.268115831078051	praat
c0074	posthoc_a__y_ci_low	0.7252221484291637	praat
c0074	posthoc_a__y_ci_high	9.364521441314427	praat
c0074	posthoc_b__x_padj	2.773738538519588e-06	praat
c0074	posthoc_b__x_diff	9.493589743589743	praat
c0074	posthoc_b__x_q	8.284666137670397	praat
c0074	posthoc_b__x_cohens_d	2.3059576224150797	praat
c0074	posthoc_b__x_ci_low	5.173940097147112	praat
c0074	posthoc_b__x_ci_high	13.813239390032374	praat
c0074	posthoc_b__y_padj	0.00012525090394055471	praat
c0074	posthoc_b__y_diff	7.66025641025641	praat
c0074	posthoc_b__y_q	6.684791380497046	praat
c0074	posthoc_b__y_cohens_d	1.6467342426622067	praat
c0074	posthoc_b__y_ci_low	3.3406067638137786	praat
c0074	posthoc_b__y_ci_high	11.97990605669904	praat
c0074	posthoc_x__y_padj	0.685689777853447	praat
c0074	posthoc_x__y_diff	-1.8333333333333335	praat
c0074	posthoc_x__y_q	1.5688062704098924	praat
c0074	posthoc_x__y_cohens_d	-0.6243480233815981	praat
c0074	posthoc_x__y_ci_low	-6.238528901152364	praat
c0074	posthoc_x__y_ci_high	2.5718622344856965	praat
c0075	refused	1	praat
c0075	refuse_reason	Group column "singer" has 6 groups for 6 rows - one per row. This is an identifier column, not a grouping column.	praat
c0076	h	22.764830917874377	praat
c0076	df	2	praat
c0076	p	1.139409340804031e-05	praat
c0076	epsilon_squared	0.5173825208607813	praat
c0076	n	45	praat
c0077	h	22.764830917874377	praat
c0077	df	2	praat
c0077	p	1.139409340804031e-05	praat
c0077	epsilon_squared	0.5173825208607813	praat
c0077	n	45	praat
c0077	posthoc_soprano__mezzo_padj	0.0011183146713231703	praat
c0077	posthoc_soprano__mezzo_z	3.5586459999074087	praat
c0077	posthoc_soprano__mezzo_rank_biserial	0.8577777777777778	praat
c0077	posthoc_soprano__mezzo_p	0.00037277155710772344	praat
c0077	posthoc_soprano__alto_padj	1.7552168909034326e-05	praat
c0077	posthoc_soprano__alto_z	4.531713265507092	praat
c0077	posthoc_soprano__alto_rank_biserial	0.8666666666666667	praat
c0077	posthoc_soprano__alto_p	5.850722969678109e-06	praat
c0077	posthoc_mezzo__alto_padj	0.9915596156265037	praat
c0077	posthoc_mezzo__alto_z	0.9730672655996826	praat
c0077	posthoc_mezzo__alto_rank_biserial	0.30666666666666664	praat
c0077	posthoc_mezzo__alto_p	0.33051987187550125	praat
c0078	h	22.764830917874377	praat
c0078	df	2	praat
c0078	p	1.139409340804031e-05	praat
c0078	epsilon_squared	0.5173825208607813	praat
c0078	n	45	praat
c0078	posthoc_soprano__mezzo_padj	0.0007455431142154469	praat
c0078	posthoc_soprano__mezzo_z	3.5586459999074087	praat
c0078	posthoc_soprano__mezzo_rank_biserial	0.8577777777777778	praat
c0078	posthoc_soprano__mezzo_p	0.00037277155710772344	praat
c0078	posthoc_soprano__alto_padj	1.7552168909034326e-05	praat
c0078	posthoc_soprano__alto_z	4.531713265507092	praat
c0078	posthoc_soprano__alto_rank_biserial	0.8666666666666667	praat
c0078	posthoc_soprano__alto_p	5.850722969678109e-06	praat
c0078	posthoc_mezzo__alto_padj	0.33051987187550125	praat
c0078	posthoc_mezzo__alto_z	0.9730672655996826	praat
c0078	posthoc_mezzo__alto_rank_biserial	0.30666666666666664	praat
c0078	posthoc_mezzo__alto_p	0.33051987187550125	praat
c0079	h	22.764830917874377	praat
c0079	df	2	praat
c0079	p	1.139409340804031e-05	praat
c0079	epsilon_squared	0.5173825208607813	praat
c0079	n	45	praat
c0079	posthoc_soprano__mezzo_padj	0.0005591573356615851	praat
c0079	posthoc_soprano__mezzo_z	3.5586459999074087	praat
c0079	posthoc_soprano__mezzo_rank_biserial	0.8577777777777778	praat
c0079	posthoc_soprano__mezzo_p	0.00037277155710772344	praat
c0079	posthoc_soprano__alto_padj	1.7552168909034326e-05	praat
c0079	posthoc_soprano__alto_z	4.531713265507092	praat
c0079	posthoc_soprano__alto_rank_biserial	0.8666666666666667	praat
c0079	posthoc_soprano__alto_p	5.850722969678109e-06	praat
c0079	posthoc_mezzo__alto_padj	0.33051987187550125	praat
c0079	posthoc_mezzo__alto_z	0.9730672655996826	praat
c0079	posthoc_mezzo__alto_rank_biserial	0.30666666666666664	praat
c0079	posthoc_mezzo__alto_p	0.33051987187550125	praat
c0080	h	22.764830917874406	praat
c0080	df	2	praat
c0080	p	1.1394093408040152e-05	praat
c0080	epsilon_squared	0.517382520860782	praat
c0080	n	45	praat
c0081	h	22.764830917874406	praat
c0081	df	2	praat
c0081	p	1.1394093408040152e-05	praat
c0081	epsilon_squared	0.517382520860782	praat
c0081	n	45	praat
c0081	posthoc_alto__mezzo_padj	0.9915596156265037	praat
c0081	posthoc_alto__mezzo_z	-0.9730672655996826	praat
c0081	posthoc_alto__mezzo_rank_biserial	-0.30666666666666664	praat
c0081	posthoc_alto__mezzo_p	0.33051987187550125	praat
c0081	posthoc_alto__soprano_padj	1.7552168909034326e-05	praat
c0081	posthoc_alto__soprano_z	-4.531713265507092	praat
c0081	posthoc_alto__soprano_rank_biserial	-0.8666666666666667	praat
c0081	posthoc_alto__soprano_p	5.850722969678109e-06	praat
c0081	posthoc_mezzo__soprano_padj	0.0011183146713231703	praat
c0081	posthoc_mezzo__soprano_z	-3.5586459999074087	praat
c0081	posthoc_mezzo__soprano_rank_biserial	-0.8577777777777778	praat
c0081	posthoc_mezzo__soprano_p	0.00037277155710772344	praat
c0082	h	22.764830917874406	praat
c0082	df	2	praat
c0082	p	1.1394093408040152e-05	praat
c0082	epsilon_squared	0.517382520860782	praat
c0082	n	45	praat
c0082	posthoc_alto__mezzo_padj	0.33051987187550125	praat
c0082	posthoc_alto__mezzo_z	-0.9730672655996826	praat
c0082	posthoc_alto__mezzo_rank_biserial	-0.30666666666666664	praat
c0082	posthoc_alto__mezzo_p	0.33051987187550125	praat
c0082	posthoc_alto__soprano_padj	1.7552168909034326e-05	praat
c0082	posthoc_alto__soprano_z	-4.531713265507092	praat
c0082	posthoc_alto__soprano_rank_biserial	-0.8666666666666667	praat
c0082	posthoc_alto__soprano_p	5.850722969678109e-06	praat
c0082	posthoc_mezzo__soprano_padj	0.0007455431142154469	praat
c0082	posthoc_mezzo__soprano_z	-3.5586459999074087	praat
c0082	posthoc_mezzo__soprano_rank_biserial	-0.8577777777777778	praat
c0082	posthoc_mezzo__soprano_p	0.00037277155710772344	praat
c0083	h	22.764830917874406	praat
c0083	df	2	praat
c0083	p	1.1394093408040152e-05	praat
c0083	epsilon_squared	0.517382520860782	praat
c0083	n	45	praat
c0083	posthoc_alto__mezzo_padj	0.33051987187550125	praat
c0083	posthoc_alto__mezzo_z	-0.9730672655996826	praat
c0083	posthoc_alto__mezzo_rank_biserial	-0.30666666666666664	praat
c0083	posthoc_alto__mezzo_p	0.33051987187550125	praat
c0083	posthoc_alto__soprano_padj	1.7552168909034326e-05	praat
c0083	posthoc_alto__soprano_z	-4.531713265507092	praat
c0083	posthoc_alto__soprano_rank_biserial	-0.8666666666666667	praat
c0083	posthoc_alto__soprano_p	5.850722969678109e-06	praat
c0083	posthoc_mezzo__soprano_padj	0.0005591573356615851	praat
c0083	posthoc_mezzo__soprano_z	-3.5586459999074087	praat
c0083	posthoc_mezzo__soprano_rank_biserial	-0.8577777777777778	praat
c0083	posthoc_mezzo__soprano_p	0.00037277155710772344	praat
c0084	h	6.0065700483091575	praat
c0084	df	2	praat
c0084	p	0.049623784987451965	praat
c0084	epsilon_squared	0.13651295564338994	praat
c0084	n	45	praat
c0085	h	6.0065700483091575	praat
c0085	df	2	praat
c0085	p	0.049623784987451965	praat
c0085	epsilon_squared	0.13651295564338994	praat
c0085	n	45	praat
c0085	posthoc_soprano__mezzo_padj	0.8163830445766329	praat
c0085	posthoc_soprano__mezzo_z	1.0981759140339278	praat
c0085	posthoc_soprano__mezzo_rank_biserial	0.13777777777777778	praat
c0085	posthoc_soprano__mezzo_p	0.2721276815255443	praat
c0085	posthoc_soprano__alto_padj	0.04326694158273954	praat
c0085	posthoc_soprano__alto_z	2.446569124936344	praat
c0085	posthoc_soprano__alto_rank_biserial	0.6177777777777778	praat
c0085	posthoc_soprano__alto_p	0.01442231386091318	praat
c0085	posthoc_mezzo__alto_padj	0.5325958392579394	praat
c0085	posthoc_mezzo__alto_z	1.3483932109024166	praat
c0085	posthoc_mezzo__alto_rank_biserial	0.19111111111111112	praat
c0085	posthoc_mezzo__alto_p	0.17753194641931314	praat
c0086	h	6.0065700483091575	praat
c0086	df	2	praat
c0086	p	0.049623784987451965	praat
c0086	epsilon_squared	0.13651295564338994	praat
c0086	n	45	praat
c0086	posthoc_soprano__mezzo_padj	0.35506389283862627	praat
c0086	posthoc_soprano__mezzo_z	1.0981759140339278	praat
c0086	posthoc_soprano__mezzo_rank_biserial	0.13777777777777778	praat
c0086	posthoc_soprano__mezzo_p	0.2721276815255443	praat
c0086	posthoc_soprano__alto_padj	0.04326694158273954	praat
c0086	posthoc_soprano__alto_z	2.446569124936344	praat
c0086	posthoc_soprano__alto_rank_biserial	0.6177777777777778	praat
c0086	posthoc_soprano__alto_p	0.01442231386091318	praat
c0086	posthoc_mezzo__alto_padj	0.35506389283862627	praat
c0086	posthoc_mezzo__alto_z	1.3483932109024166	praat
c0086	posthoc_mezzo__alto_rank_biserial	0.19111111111111112	praat
c0086	posthoc_mezzo__alto_p	0.17753194641931314	praat
c0087	h	6.0065700483091575	praat
c0087	df	2	praat
c0087	p	0.049623784987451965	praat
c0087	epsilon_squared	0.13651295564338994	praat
c0087	n	45	praat
c0087	posthoc_soprano__mezzo_padj	0.2721276815255443	praat
c0087	posthoc_soprano__mezzo_z	1.0981759140339278	praat
c0087	posthoc_soprano__mezzo_rank_biserial	0.13777777777777778	praat
c0087	posthoc_soprano__mezzo_p	0.2721276815255443	praat
c0087	posthoc_soprano__alto_padj	0.04326694158273954	praat
c0087	posthoc_soprano__alto_z	2.446569124936344	praat
c0087	posthoc_soprano__alto_rank_biserial	0.6177777777777778	praat
c0087	posthoc_soprano__alto_p	0.01442231386091318	praat
c0087	posthoc_mezzo__alto_padj	0.2662979196289697	praat
c0087	posthoc_mezzo__alto_z	1.3483932109024166	praat
c0087	posthoc_mezzo__alto_rank_biserial	0.19111111111111112	praat
c0087	posthoc_mezzo__alto_p	0.17753194641931314	praat
c0088	h	6.0065700483091575	praat
c0088	df	2	praat
c0088	p	0.049623784987451965	praat
c0088	epsilon_squared	0.13651295564338994	praat
c0088	n	45	praat
c0089	h	6.0065700483091575	praat
c0089	df	2	praat
c0089	p	0.049623784987451965	praat
c0089	epsilon_squared	0.13651295564338994	praat
c0089	n	45	praat
c0089	posthoc_alto__mezzo_padj	0.5325958392579394	praat
c0089	posthoc_alto__mezzo_z	-1.3483932109024166	praat
c0089	posthoc_alto__mezzo_rank_biserial	-0.19111111111111112	praat
c0089	posthoc_alto__mezzo_p	0.17753194641931314	praat
c0089	posthoc_alto__soprano_padj	0.04326694158273954	praat
c0089	posthoc_alto__soprano_z	-2.446569124936344	praat
c0089	posthoc_alto__soprano_rank_biserial	-0.6177777777777778	praat
c0089	posthoc_alto__soprano_p	0.01442231386091318	praat
c0089	posthoc_mezzo__soprano_padj	0.8163830445766329	praat
c0089	posthoc_mezzo__soprano_z	-1.0981759140339278	praat
c0089	posthoc_mezzo__soprano_rank_biserial	-0.13777777777777778	praat
c0089	posthoc_mezzo__soprano_p	0.2721276815255443	praat
c0090	h	6.0065700483091575	praat
c0090	df	2	praat
c0090	p	0.049623784987451965	praat
c0090	epsilon_squared	0.13651295564338994	praat
c0090	n	45	praat
c0090	posthoc_alto__mezzo_padj	0.35506389283862627	praat
c0090	posthoc_alto__mezzo_z	-1.3483932109024166	praat
c0090	posthoc_alto__mezzo_rank_biserial	-0.19111111111111112	praat
c0090	posthoc_alto__mezzo_p	0.17753194641931314	praat
c0090	posthoc_alto__soprano_padj	0.04326694158273954	praat
c0090	posthoc_alto__soprano_z	-2.446569124936344	praat
c0090	posthoc_alto__soprano_rank_biserial	-0.6177777777777778	praat
c0090	posthoc_alto__soprano_p	0.01442231386091318	praat
c0090	posthoc_mezzo__soprano_padj	0.35506389283862627	praat
c0090	posthoc_mezzo__soprano_z	-1.0981759140339278	praat
c0090	posthoc_mezzo__soprano_rank_biserial	-0.13777777777777778	praat
c0090	posthoc_mezzo__soprano_p	0.2721276815255443	praat
c0091	h	6.0065700483091575	praat
c0091	df	2	praat
c0091	p	0.049623784987451965	praat
c0091	epsilon_squared	0.13651295564338994	praat
c0091	n	45	praat
c0091	posthoc_alto__mezzo_padj	0.2662979196289697	praat
c0091	posthoc_alto__mezzo_z	-1.3483932109024166	praat
c0091	posthoc_alto__mezzo_rank_biserial	-0.19111111111111112	praat
c0091	posthoc_alto__mezzo_p	0.17753194641931314	praat
c0091	posthoc_alto__soprano_padj	0.04326694158273954	praat
c0091	posthoc_alto__soprano_z	-2.446569124936344	praat
c0091	posthoc_alto__soprano_rank_biserial	-0.6177777777777778	praat
c0091	posthoc_alto__soprano_p	0.01442231386091318	praat
c0091	posthoc_mezzo__soprano_padj	0.2721276815255443	praat
c0091	posthoc_mezzo__soprano_z	-1.0981759140339278	praat
c0091	posthoc_mezzo__soprano_rank_biserial	-0.13777777777777778	praat
c0091	posthoc_mezzo__soprano_p	0.2721276815255443	praat
c0092	h	19.33294685990336	praat
c0092	df	2	praat
c0092	p	6.337295087229487e-05	praat
c0092	epsilon_squared	0.43938515590689453	praat
c0092	n	45	praat
c0093	h	19.33294685990336	praat
c0093	df	2	praat
c0093	p	6.337295087229487e-05	praat
c0093	epsilon_squared	0.43938515590689453	praat
c0093	n	45	praat
c0093	posthoc_soprano__mezzo_padj	0.12720986673501603	praat
c0093	posthoc_soprano__mezzo_z	2.029540296822194	praat
c0093	posthoc_soprano__mezzo_rank_biserial	0.47555555555555556	praat
c0093	posthoc_soprano__mezzo_p	0.042403288911672006	praat
c0093	posthoc_soprano__alto_padj	3.3584903352032604e-05	praat
c0093	posthoc_soprano__alto_z	4.3927036561357085	praat
c0093	posthoc_soprano__alto_rank_biserial	0.8933333333333333	praat
c0093	posthoc_soprano__alto_p	1.1194967784010869e-05	praat
c0093	posthoc_mezzo__alto_padj	0.05435904138029881	praat
c0093	posthoc_mezzo__alto_z	2.3631633593135146	praat
c0093	posthoc_mezzo__alto_rank_biserial	0.5466666666666666	praat
c0093	posthoc_mezzo__alto_p	0.018119680460099603	praat
c0094	h	19.33294685990336	praat
c0094	df	2	praat
c0094	p	6.337295087229487e-05	praat
c0094	epsilon_squared	0.43938515590689453	praat
c0094	n	45	praat
c0094	posthoc_soprano__mezzo_padj	0.042403288911672006	praat
c0094	posthoc_soprano__mezzo_z	2.029540296822194	praat
c0094	posthoc_soprano__mezzo_rank_biserial	0.47555555555555556	praat
c0094	posthoc_soprano__mezzo_p	0.042403288911672006	praat
c0094	posthoc_soprano__alto_padj	3.3584903352032604e-05	praat
c0094	posthoc_soprano__alto_z	4.3927036561357085	praat
c0094	posthoc_soprano__alto_rank_biserial	0.8933333333333333	praat
c0094	posthoc_soprano__alto_p	1.1194967784010869e-05	praat
c0094	posthoc_mezzo__alto_padj	0.03623936092019921	praat
c0094	posthoc_mezzo__alto_z	2.3631633593135146	praat
c0094	posthoc_mezzo__alto_rank_biserial	0.5466666666666666	praat
c0094	posthoc_mezzo__alto_p	0.018119680460099603	praat
c0095	h	19.33294685990336	praat
c0095	df	2	praat
c0095	p	6.337295087229487e-05	praat
c0095	epsilon_squared	0.43938515590689453	praat
c0095	n	45	praat
c0095	posthoc_soprano__mezzo_padj	0.042403288911672006	praat
c0095	posthoc_soprano__mezzo_z	2.029540296822194	praat
c0095	posthoc_soprano__mezzo_rank_biserial	0.47555555555555556	praat
c0095	posthoc_soprano__mezzo_p	0.042403288911672006	praat
c0095	posthoc_soprano__alto_padj	3.3584903352032604e-05	praat
c0095	posthoc_soprano__alto_z	4.3927036561357085	praat
c0095	posthoc_soprano__alto_rank_biserial	0.8933333333333333	praat
c0095	posthoc_soprano__alto_p	1.1194967784010869e-05	praat
c0095	posthoc_mezzo__alto_padj	0.027179520690149405	praat
c0095	posthoc_mezzo__alto_z	2.3631633593135146	praat
c0095	posthoc_mezzo__alto_rank_biserial	0.5466666666666666	praat
c0095	posthoc_mezzo__alto_p	0.018119680460099603	praat
c0096	h	19.332946859903387	praat
c0096	df	2	praat
c0096	p	6.337295087229394e-05	praat
c0096	epsilon_squared	0.43938515590689514	praat
c0096	n	45	praat
c0097	h	19.332946859903387	praat
c0097	df	2	praat
c0097	p	6.337295087229394e-05	praat
c0097	epsilon_squared	0.43938515590689514	praat
c0097	n	45	praat
c0097	posthoc_alto__mezzo_padj	0.05435904138029881	praat
c0097	posthoc_alto__mezzo_z	-2.3631633593135146	praat
c0097	posthoc_alto__mezzo_rank_biserial	-0.5466666666666666	praat
c0097	posthoc_alto__mezzo_p	0.018119680460099603	praat
c0097	posthoc_alto__soprano_padj	3.3584903352032604e-05	praat
c0097	posthoc_alto__soprano_z	-4.3927036561357085	praat
c0097	posthoc_alto__soprano_rank_biserial	-0.8933333333333333	praat
c0097	posthoc_alto__soprano_p	1.1194967784010869e-05	praat
c0097	posthoc_mezzo__soprano_padj	0.12720986673501603	praat
c0097	posthoc_mezzo__soprano_z	-2.029540296822194	praat
c0097	posthoc_mezzo__soprano_rank_biserial	-0.47555555555555556	praat
c0097	posthoc_mezzo__soprano_p	0.042403288911672006	praat
c0098	h	19.332946859903387	praat
c0098	df	2	praat
c0098	p	6.337295087229394e-05	praat
c0098	epsilon_squared	0.43938515590689514	praat
c0098	n	45	praat
c0098	posthoc_alto__mezzo_padj	0.03623936092019921	praat
c0098	posthoc_alto__mezzo_z	-2.3631633593135146	praat
c0098	posthoc_alto__mezzo_rank_biserial	-0.5466666666666666	praat
c0098	posthoc_alto__mezzo_p	0.018119680460099603	praat
c0098	posthoc_alto__soprano_padj	3.3584903352032604e-05	praat
c0098	posthoc_alto__soprano_z	-4.3927036561357085	praat
c0098	posthoc_alto__soprano_rank_biserial	-0.8933333333333333	praat
c0098	posthoc_alto__soprano_p	1.1194967784010869e-05	praat
c0098	posthoc_mezzo__soprano_padj	0.042403288911672006	praat
c0098	posthoc_mezzo__soprano_z	-2.029540296822194	praat
c0098	posthoc_mezzo__soprano_rank_biserial	-0.47555555555555556	praat
c0098	posthoc_mezzo__soprano_p	0.042403288911672006	praat
c0099	h	19.332946859903387	praat
c0099	df	2	praat
c0099	p	6.337295087229394e-05	praat
c0099	epsilon_squared	0.43938515590689514	praat
c0099	n	45	praat
c0099	posthoc_alto__mezzo_padj	0.027179520690149405	praat
c0099	posthoc_alto__mezzo_z	-2.3631633593135146	praat
c0099	posthoc_alto__mezzo_rank_biserial	-0.5466666666666666	praat
c0099	posthoc_alto__mezzo_p	0.018119680460099603	praat
c0099	posthoc_alto__soprano_padj	3.3584903352032604e-05	praat
c0099	posthoc_alto__soprano_z	-4.3927036561357085	praat
c0099	posthoc_alto__soprano_rank_biserial	-0.8933333333333333	praat
c0099	posthoc_alto__soprano_p	1.1194967784010869e-05	praat
c0099	posthoc_mezzo__soprano_padj	0.042403288911672006	praat
c0099	posthoc_mezzo__soprano_z	-2.029540296822194	praat
c0099	posthoc_mezzo__soprano_rank_biserial	-0.47555555555555556	praat
c0099	posthoc_mezzo__soprano_p	0.042403288911672006	praat
c0100	h	9.908405797101466	praat
c0100	df	2	praat
c0100	p	0.007053700554304141	praat
c0100	epsilon_squared	0.22519104084321515	praat
c0100	n	45	praat
c0101	h	9.908405797101466	praat
c0101	df	2	praat
c0101	p	0.007053700554304141	praat
c0101	epsilon_squared	0.22519104084321515	praat
c0101	n	45	praat
c0101	posthoc_soprano__mezzo_padj	1	praat
c0101	posthoc_soprano__mezzo_z	0.33362306249131923	praat
c0101	posthoc_soprano__mezzo_rank_biserial	0.04888888888888889	praat
c0101	posthoc_soprano__mezzo_p	0.7386640130762098	praat
c0101	posthoc_soprano__alto_padj	0.012025238700269229	praat
c0101	posthoc_soprano__alto_z	2.877498913987632	praat
c0101	posthoc_soprano__alto_rank_biserial	0.6355555555555555	praat
c0101	posthoc_soprano__alto_p	0.004008412900089743	praat
c0101	posthoc_mezzo__alto_padj	0.03288901252094425	praat
c0101	posthoc_mezzo__alto_z	2.5438758514963125	praat
c0101	posthoc_mezzo__alto_rank_biserial	0.52	praat
c0101	posthoc_mezzo__alto_p	0.010963004173648082	praat
c0102	h	9.908405797101466	praat
c0102	df	2	praat
c0102	p	0.007053700554304141	praat
c0102	epsilon_squared	0.22519104084321515	praat
c0102	n	45	praat
c0102	posthoc_soprano__mezzo_padj	0.7386640130762098	praat
c0102	posthoc_soprano__mezzo_z	0.33362306249131923	praat
c0102	posthoc_soprano__mezzo_rank_biserial	0.04888888888888889	praat
c0102	posthoc_soprano__mezzo_p	0.7386640130762098	praat
c0102	posthoc_soprano__alto_padj	0.012025238700269229	praat
c0102	posthoc_soprano__alto_z	2.877498913987632	praat
c0102	posthoc_soprano__alto_rank_biserial	0.6355555555555555	praat
c0102	posthoc_soprano__alto_p	0.004008412900089743	praat
c0102	posthoc_mezzo__alto_padj	0.021926008347296164	praat
c0102	posthoc_mezzo__alto_z	2.5438758514963125	praat
c0102	posthoc_mezzo__alto_rank_biserial	0.52	praat
c0102	posthoc_mezzo__alto_p	0.010963004173648082	praat
c0103	h	9.908405797101466	praat
c0103	df	2	praat
c0103	p	0.007053700554304141	praat
c0103	epsilon_squared	0.22519104084321515	praat
c0103	n	45	praat
c0103	posthoc_soprano__mezzo_padj	0.7386640130762098	praat
c0103	posthoc_soprano__mezzo_z	0.33362306249131923	praat
c0103	posthoc_soprano__mezzo_rank_biserial	0.04888888888888889	praat
c0103	posthoc_soprano__mezzo_p	0.7386640130762098	praat
c0103	posthoc_soprano__alto_padj	0.012025238700269229	praat
c0103	posthoc_soprano__alto_z	2.877498913987632	praat
c0103	posthoc_soprano__alto_rank_biserial	0.6355555555555555	praat
c0103	posthoc_soprano__alto_p	0.004008412900089743	praat
c0103	posthoc_mezzo__alto_padj	0.016444506260472124	praat
c0103	posthoc_mezzo__alto_z	2.5438758514963125	praat
c0103	posthoc_mezzo__alto_rank_biserial	0.52	praat
c0103	posthoc_mezzo__alto_p	0.010963004173648082	praat
c0104	h	9.908405797101437	praat
c0104	df	2	praat
c0104	p	0.0070537005543042436	praat
c0104	epsilon_squared	0.22519104084321448	praat
c0104	n	45	praat
c0105	h	9.908405797101437	praat
c0105	df	2	praat
c0105	p	0.0070537005543042436	praat
c0105	epsilon_squared	0.22519104084321448	praat
c0105	n	45	praat
c0105	posthoc_alto__mezzo_padj	0.03288901252094425	praat
c0105	posthoc_alto__mezzo_z	-2.5438758514963125	praat
c0105	posthoc_alto__mezzo_rank_biserial	-0.52	praat
c0105	posthoc_alto__mezzo_p	0.010963004173648082	praat
c0105	posthoc_alto__soprano_padj	0.012025238700269229	praat
c0105	posthoc_alto__soprano_z	-2.877498913987632	praat
c0105	posthoc_alto__soprano_rank_biserial	-0.6355555555555555	praat
c0105	posthoc_alto__soprano_p	0.004008412900089743	praat
c0105	posthoc_mezzo__soprano_padj	1	praat
c0105	posthoc_mezzo__soprano_z	-0.33362306249131923	praat
c0105	posthoc_mezzo__soprano_rank_biserial	-0.04888888888888889	praat
c0105	posthoc_mezzo__soprano_p	0.7386640130762098	praat
c0106	h	9.908405797101437	praat
c0106	df	2	praat
c0106	p	0.0070537005543042436	praat
c0106	epsilon_squared	0.22519104084321448	praat
c0106	n	45	praat
c0106	posthoc_alto__mezzo_padj	0.021926008347296164	praat
c0106	posthoc_alto__mezzo_z	-2.5438758514963125	praat
c0106	posthoc_alto__mezzo_rank_biserial	-0.52	praat
c0106	posthoc_alto__mezzo_p	0.010963004173648082	praat
c0106	posthoc_alto__soprano_padj	0.012025238700269229	praat
c0106	posthoc_alto__soprano_z	-2.877498913987632	praat
c0106	posthoc_alto__soprano_rank_biserial	-0.6355555555555555	praat
c0106	posthoc_alto__soprano_p	0.004008412900089743	praat
c0106	posthoc_mezzo__soprano_padj	0.7386640130762098	praat
c0106	posthoc_mezzo__soprano_z	-0.33362306249131923	praat
c0106	posthoc_mezzo__soprano_rank_biserial	-0.04888888888888889	praat
c0106	posthoc_mezzo__soprano_p	0.7386640130762098	praat
c0107	h	9.908405797101437	praat
c0107	df	2	praat
c0107	p	0.0070537005543042436	praat
c0107	epsilon_squared	0.22519104084321448	praat
c0107	n	45	praat
c0107	posthoc_alto__mezzo_padj	0.016444506260472124	praat
c0107	posthoc_alto__mezzo_z	-2.5438758514963125	praat
c0107	posthoc_alto__mezzo_rank_biserial	-0.52	praat
c0107	posthoc_alto__mezzo_p	0.010963004173648082	praat
c0107	posthoc_alto__soprano_padj	0.012025238700269229	praat
c0107	posthoc_alto__soprano_z	-2.877498913987632	praat
c0107	posthoc_alto__soprano_rank_biserial	-0.6355555555555555	praat
c0107	posthoc_alto__soprano_p	0.004008412900089743	praat
c0107	posthoc_mezzo__soprano_padj	0.7386640130762098	praat
c0107	posthoc_mezzo__soprano_z	-0.33362306249131923	praat
c0107	posthoc_mezzo__soprano_rank_biserial	-0.04888888888888889	praat
c0107	posthoc_mezzo__soprano_p	0.7386640130762098	praat
c0108	h	18.617971014492753	praat
c0108	df	2	praat
c0108	p	9.060641812012781e-05	praat
c0108	epsilon_squared	0.42313570487483526	praat
c0108	n	45	praat
c0109	h	18.617971014492753	praat
c0109	df	2	praat
c0109	p	9.060641812012781e-05	praat
c0109	epsilon_squared	0.42313570487483526	praat
c0109	n	45	praat
c0109	posthoc_soprano__mezzo_padj	0.006996430363924881	praat
c0109	posthoc_soprano__mezzo_z	3.0443104452332914	praat
c0109	posthoc_soprano__mezzo_rank_biserial	0.6622222222222223	praat
c0109	posthoc_soprano__mezzo_p	0.002332143454641627	praat
c0109	posthoc_soprano__alto_padj	9.126436964201621e-05	praat
c0109	posthoc_soprano__alto_z	4.170288281141495	praat
c0109	posthoc_soprano__alto_rank_biserial	0.8755555555555555	praat
c0109	posthoc_soprano__alto_p	3.0421456547338738e-05	praat
c0109	posthoc_mezzo__alto_padj	0.7805247029506444	praat
c0109	posthoc_mezzo__alto_z	1.125977835908204	praat
c0109	posthoc_mezzo__alto_rank_biserial	0.25333333333333335	praat
c0109	posthoc_mezzo__alto_p	0.2601749009835481	praat
c0110	h	18.617971014492753	praat
c0110	df	2	praat
c0110	p	9.060641812012781e-05	praat
c0110	epsilon_squared	0.42313570487483526	praat
c0110	n	45	praat
c0110	posthoc_soprano__mezzo_padj	0.004664286909283254	praat
c0110	posthoc_soprano__mezzo_z	3.0443104452332914	praat
c0110	posthoc_soprano__mezzo_rank_biserial	0.6622222222222223	praat
c0110	posthoc_soprano__mezzo_p	0.002332143454641627	praat
c0110	posthoc_soprano__alto_padj	9.126436964201621e-05	praat
c0110	posthoc_soprano__alto_z	4.170288281141495	praat
c0110	posthoc_soprano__alto_rank_biserial	0.8755555555555555	praat
c0110	posthoc_soprano__alto_p	3.0421456547338738e-05	praat
c0110	posthoc_mezzo__alto_padj	0.2601749009835481	praat
c0110	posthoc_mezzo__alto_z	1.125977835908204	praat
c0110	posthoc_mezzo__alto_rank_biserial	0.25333333333333335	praat
c0110	posthoc_mezzo__alto_p	0.2601749009835481	praat
c0111	h	18.617971014492753	praat
c0111	df	2	praat
c0111	p	9.060641812012781e-05	praat
c0111	epsilon_squared	0.42313570487483526	praat
c0111	n	45	praat
c0111	posthoc_soprano__mezzo_padj	0.0034982151819624406	praat
c0111	posthoc_soprano__mezzo_z	3.0443104452332914	praat
c0111	posthoc_soprano__mezzo_rank_biserial	0.6622222222222223	praat
c0111	posthoc_soprano__mezzo_p	0.002332143454641627	praat
c0111	posthoc_soprano__alto_padj	9.126436964201621e-05	praat
c0111	posthoc_soprano__alto_z	4.170288281141495	praat
c0111	posthoc_soprano__alto_rank_biserial	0.8755555555555555	praat
c0111	posthoc_soprano__alto_p	3.0421456547338738e-05	praat
c0111	posthoc_mezzo__alto_padj	0.2601749009835481	praat
c0111	posthoc_mezzo__alto_z	1.125977835908204	praat
c0111	posthoc_mezzo__alto_rank_biserial	0.25333333333333335	praat
c0111	posthoc_mezzo__alto_p	0.2601749009835481	praat
c0112	h	18.617971014492753	praat
c0112	df	2	praat
c0112	p	9.060641812012781e-05	praat
c0112	epsilon_squared	0.42313570487483526	praat
c0112	n	45	praat
c0113	h	18.617971014492753	praat
c0113	df	2	praat
c0113	p	9.060641812012781e-05	praat
c0113	epsilon_squared	0.42313570487483526	praat
c0113	n	45	praat
c0113	posthoc_alto__mezzo_padj	0.7805247029506444	praat
c0113	posthoc_alto__mezzo_z	-1.125977835908204	praat
c0113	posthoc_alto__mezzo_rank_biserial	-0.25333333333333335	praat
c0113	posthoc_alto__mezzo_p	0.2601749009835481	praat
c0113	posthoc_alto__soprano_padj	9.126436964201621e-05	praat
c0113	posthoc_alto__soprano_z	-4.170288281141495	praat
c0113	posthoc_alto__soprano_rank_biserial	-0.8755555555555555	praat
c0113	posthoc_alto__soprano_p	3.0421456547338738e-05	praat
c0113	posthoc_mezzo__soprano_padj	0.006996430363924881	praat
c0113	posthoc_mezzo__soprano_z	-3.0443104452332914	praat
c0113	posthoc_mezzo__soprano_rank_biserial	-0.6622222222222223	praat
c0113	posthoc_mezzo__soprano_p	0.002332143454641627	praat
c0114	h	18.617971014492753	praat
c0114	df	2	praat
c0114	p	9.060641812012781e-05	praat
c0114	epsilon_squared	0.42313570487483526	praat
c0114	n	45	praat
c0114	posthoc_alto__mezzo_padj	0.2601749009835481	praat
c0114	posthoc_alto__mezzo_z	-1.125977835908204	praat
c0114	posthoc_alto__mezzo_rank_biserial	-0.25333333333333335	praat
c0114	posthoc_alto__mezzo_p	0.2601749009835481	praat
c0114	posthoc_alto__soprano_padj	9.126436964201621e-05	praat
c0114	posthoc_alto__soprano_z	-4.170288281141495	praat
c0114	posthoc_alto__soprano_rank_biserial	-0.8755555555555555	praat
c0114	posthoc_alto__soprano_p	3.0421456547338738e-05	praat
c0114	posthoc_mezzo__soprano_padj	0.004664286909283254	praat
c0114	posthoc_mezzo__soprano_z	-3.0443104452332914	praat
c0114	posthoc_mezzo__soprano_rank_biserial	-0.6622222222222223	praat
c0114	posthoc_mezzo__soprano_p	0.002332143454641627	praat
c0115	h	18.617971014492753	praat
c0115	df	2	praat
c0115	p	9.060641812012781e-05	praat
c0115	epsilon_squared	0.42313570487483526	praat
c0115	n	45	praat
c0115	posthoc_alto__mezzo_padj	0.2601749009835481	praat
c0115	posthoc_alto__mezzo_z	-1.125977835908204	praat
c0115	posthoc_alto__mezzo_rank_biserial	-0.25333333333333335	praat
c0115	posthoc_alto__mezzo_p	0.2601749009835481	praat
c0115	posthoc_alto__soprano_padj	9.126436964201621e-05	praat
c0115	posthoc_alto__soprano_z	-4.170288281141495	praat
c0115	posthoc_alto__soprano_rank_biserial	-0.8755555555555555	praat
c0115	posthoc_alto__soprano_p	3.0421456547338738e-05	praat
c0115	posthoc_mezzo__soprano_padj	0.0034982151819624406	praat
c0115	posthoc_mezzo__soprano_z	-3.0443104452332914	praat
c0115	posthoc_mezzo__soprano_rank_biserial	-0.6622222222222223	praat
c0115	posthoc_mezzo__soprano_p	0.002332143454641627	praat
c0116	h	3.088695652173925	praat
c0116	df	2	praat
c0116	p	0.21345103303458712	praat
c0116	epsilon_squared	0.07019762845849829	praat
c0116	n	45	praat
c0117	h	3.088695652173925	praat
c0117	df	2	praat
c0117	p	0.21345103303458712	praat
c0117	epsilon_squared	0.07019762845849829	praat
c0117	n	45	praat
c0117	posthoc_soprano__mezzo_padj	1	praat
c0117	posthoc_soprano__mezzo_z	0.7506518906054696	praat
c0117	posthoc_soprano__mezzo_rank_biserial	0.16444444444444445	praat
c0117	posthoc_soprano__mezzo_p	0.45286218341877005	praat
c0117	posthoc_soprano__alto_padj	0.23956858132054923	praat
c0117	posthoc_soprano__alto_z	1.751521078079428	praat
c0117	posthoc_soprano__alto_rank_biserial	0.3688888888888889	praat
c0117	posthoc_soprano__alto_p	0.07985619377351641	praat
c0117	posthoc_mezzo__alto_padj	0.9506701644688852	praat
c0117	posthoc_mezzo__alto_z	1.0008691874739584	praat
c0117	posthoc_mezzo__alto_rank_biserial	0.21777777777777776	praat
c0117	posthoc_mezzo__alto_p	0.31689005482296173	praat
c0118	h	3.088695652173925	praat
c0118	df	2	praat
c0118	p	0.21345103303458712	praat
c0118	epsilon_squared	0.07019762845849829	praat
c0118	n	45	praat
c0118	posthoc_soprano__mezzo_padj	0.6337801096459235	praat
c0118	posthoc_soprano__mezzo_z	0.7506518906054696	praat
c0118	posthoc_soprano__mezzo_rank_biserial	0.16444444444444445	praat
c0118	posthoc_soprano__mezzo_p	0.45286218341877005	praat
c0118	posthoc_soprano__alto_padj	0.23956858132054923	praat
c0118	posthoc_soprano__alto_z	1.751521078079428	praat
c0118	posthoc_soprano__alto_rank_biserial	0.3688888888888889	praat
c0118	posthoc_soprano__alto_p	0.07985619377351641	praat
c0118	posthoc_mezzo__alto_padj	0.6337801096459235	praat
c0118	posthoc_mezzo__alto_z	1.0008691874739584	praat
c0118	posthoc_mezzo__alto_rank_biserial	0.21777777777777776	praat
c0118	posthoc_mezzo__alto_p	0.31689005482296173	praat
c0119	h	3.088695652173925	praat
c0119	df	2	praat
c0119	p	0.21345103303458712	praat
c0119	epsilon_squared	0.07019762845849829	praat
c0119	n	45	praat
c0119	posthoc_soprano__mezzo_padj	0.45286218341877005	praat
c0119	posthoc_soprano__mezzo_z	0.7506518906054696	praat
c0119	posthoc_soprano__mezzo_rank_biserial	0.16444444444444445	praat
c0119	posthoc_soprano__mezzo_p	0.45286218341877005	praat
c0119	posthoc_soprano__alto_padj	0.23956858132054923	praat
c0119	posthoc_soprano__alto_z	1.751521078079428	praat
c0119	posthoc_soprano__alto_rank_biserial	0.3688888888888889	praat
c0119	posthoc_soprano__alto_p	0.07985619377351641	praat
c0119	posthoc_mezzo__alto_padj	0.45286218341877005	praat
c0119	posthoc_mezzo__alto_z	1.0008691874739584	praat
c0119	posthoc_mezzo__alto_rank_biserial	0.21777777777777776	praat
c0119	posthoc_mezzo__alto_p	0.31689005482296173	praat
c0120	h	3.0886956521738966	praat
c0120	df	2	praat
c0120	p	0.2134510330345902	praat
c0120	epsilon_squared	0.07019762845849765	praat
c0120	n	45	praat
c0121	h	3.0886956521738966	praat
c0121	df	2	praat
c0121	p	0.2134510330345902	praat
c0121	epsilon_squared	0.07019762845849765	praat
c0121	n	45	praat
c0121	posthoc_alto__mezzo_padj	0.9506701644688852	praat
c0121	posthoc_alto__mezzo_z	-1.0008691874739584	praat
c0121	posthoc_alto__mezzo_rank_biserial	-0.21777777777777776	praat
c0121	posthoc_alto__mezzo_p	0.31689005482296173	praat
c0121	posthoc_alto__soprano_padj	0.23956858132054923	praat
c0121	posthoc_alto__soprano_z	-1.751521078079428	praat
c0121	posthoc_alto__soprano_rank_biserial	-0.3688888888888889	praat
c0121	posthoc_alto__soprano_p	0.07985619377351641	praat
c0121	posthoc_mezzo__soprano_padj	1	praat
c0121	posthoc_mezzo__soprano_z	-0.7506518906054696	praat
c0121	posthoc_mezzo__soprano_rank_biserial	-0.16444444444444445	praat
c0121	posthoc_mezzo__soprano_p	0.45286218341877005	praat
c0122	h	3.0886956521738966	praat
c0122	df	2	praat
c0122	p	0.2134510330345902	praat
c0122	epsilon_squared	0.07019762845849765	praat
c0122	n	45	praat
c0122	posthoc_alto__mezzo_padj	0.6337801096459235	praat
c0122	posthoc_alto__mezzo_z	-1.0008691874739584	praat
c0122	posthoc_alto__mezzo_rank_biserial	-0.21777777777777776	praat
c0122	posthoc_alto__mezzo_p	0.31689005482296173	praat
c0122	posthoc_alto__soprano_padj	0.23956858132054923	praat
c0122	posthoc_alto__soprano_z	-1.751521078079428	praat
c0122	posthoc_alto__soprano_rank_biserial	-0.3688888888888889	praat
c0122	posthoc_alto__soprano_p	0.07985619377351641	praat
c0122	posthoc_mezzo__soprano_padj	0.6337801096459235	praat
c0122	posthoc_mezzo__soprano_z	-0.7506518906054696	praat
c0122	posthoc_mezzo__soprano_rank_biserial	-0.16444444444444445	praat
c0122	posthoc_mezzo__soprano_p	0.45286218341877005	praat
c0123	h	3.0886956521738966	praat
c0123	df	2	praat
c0123	p	0.2134510330345902	praat
c0123	epsilon_squared	0.07019762845849765	praat
c0123	n	45	praat
c0123	posthoc_alto__mezzo_padj	0.45286218341877005	praat
c0123	posthoc_alto__mezzo_z	-1.0008691874739584	praat
c0123	posthoc_alto__mezzo_rank_biserial	-0.21777777777777776	praat
c0123	posthoc_alto__mezzo_p	0.31689005482296173	praat
c0123	posthoc_alto__soprano_padj	0.23956858132054923	praat
c0123	posthoc_alto__soprano_z	-1.751521078079428	praat
c0123	posthoc_alto__soprano_rank_biserial	-0.3688888888888889	praat
c0123	posthoc_alto__soprano_p	0.07985619377351641	praat
c0123	posthoc_mezzo__soprano_padj	0.45286218341877005	praat
c0123	posthoc_mezzo__soprano_z	-0.7506518906054696	praat
c0123	posthoc_mezzo__soprano_rank_biserial	-0.16444444444444445	praat
c0123	posthoc_mezzo__soprano_p	0.45286218341877005	praat
c0124	h	22.66536585365853	praat
c0124	df	1	praat
c0124	p	1.928120924930415e-06	praat
c0124	epsilon_squared	0.5811632270168854	praat
c0124	n	40	praat
c0125	h	22.66536585365853	praat
c0125	df	1	praat
c0125	p	1.928120924930415e-06	praat
c0125	epsilon_squared	0.5811632270168854	praat
c0125	n	40	praat
c0125	posthoc_control__patient_padj	1.928120924930393e-06	praat
c0125	posthoc_control__patient_z	-4.7608156710440435	praat
c0125	posthoc_control__patient_rank_biserial	-0.88	praat
c0125	posthoc_control__patient_p	1.928120924930393e-06	praat
c0126	h	22.66536585365853	praat
c0126	df	1	praat
c0126	p	1.928120924930415e-06	praat
c0126	epsilon_squared	0.5811632270168854	praat
c0126	n	40	praat
c0126	posthoc_control__patient_padj	1.928120924930393e-06	praat
c0126	posthoc_control__patient_z	-4.7608156710440435	praat
c0126	posthoc_control__patient_rank_biserial	-0.88	praat
c0126	posthoc_control__patient_p	1.928120924930393e-06	praat
c0127	h	22.66536585365853	praat
c0127	df	1	praat
c0127	p	1.928120924930415e-06	praat
c0127	epsilon_squared	0.5811632270168854	praat
c0127	n	40	praat
c0127	posthoc_control__patient_padj	1.928120924930393e-06	praat
c0127	posthoc_control__patient_z	-4.7608156710440435	praat
c0127	posthoc_control__patient_rank_biserial	-0.88	praat
c0127	posthoc_control__patient_p	1.928120924930393e-06	praat
c0128	h	22.66536585365853	praat
c0128	df	1	praat
c0128	p	1.928120924930415e-06	praat
c0128	epsilon_squared	0.5811632270168854	praat
c0128	n	40	praat
c0129	h	22.66536585365853	praat
c0129	df	1	praat
c0129	p	1.928120924930415e-06	praat
c0129	epsilon_squared	0.5811632270168854	praat
c0129	n	40	praat
c0129	posthoc_control__patient_padj	1.928120924930393e-06	praat
c0129	posthoc_control__patient_z	-4.7608156710440435	praat
c0129	posthoc_control__patient_rank_biserial	-0.88	praat
c0129	posthoc_control__patient_p	1.928120924930393e-06	praat
c0130	h	22.66536585365853	praat
c0130	df	1	praat
c0130	p	1.928120924930415e-06	praat
c0130	epsilon_squared	0.5811632270168854	praat
c0130	n	40	praat
c0130	posthoc_control__patient_padj	1.928120924930393e-06	praat
c0130	posthoc_control__patient_z	-4.7608156710440435	praat
c0130	posthoc_control__patient_rank_biserial	-0.88	praat
c0130	posthoc_control__patient_p	1.928120924930393e-06	praat
c0131	h	22.66536585365853	praat
c0131	df	1	praat
c0131	p	1.928120924930415e-06	praat
c0131	epsilon_squared	0.5811632270168854	praat
c0131	n	40	praat
c0131	posthoc_control__patient_padj	1.928120924930393e-06	praat
c0131	posthoc_control__patient_z	-4.7608156710440435	praat
c0131	posthoc_control__patient_rank_biserial	-0.88	praat
c0131	posthoc_control__patient_p	1.928120924930393e-06	praat
c0132	h	8.694302721088434	praat
c0132	df	1	praat
c0132	p	0.003192062050495155	praat
c0132	epsilon_squared	0.1849851642784773	praat
c0132	n	48	praat
c0133	h	8.694302721088434	praat
c0133	df	1	praat
c0133	p	0.003192062050495155	praat
c0133	epsilon_squared	0.1849851642784773	praat
c0133	n	48	praat
c0133	posthoc_soprano__alto_padj	0.0031920620504951626	praat
c0133	posthoc_soprano__alto_z	2.9486103033613023	praat
c0133	posthoc_soprano__alto_rank_biserial	0.4965277777777778	praat
c0133	posthoc_soprano__alto_p	0.0031920620504951626	praat
c0134	h	8.694302721088434	praat
c0134	df	1	praat
c0134	p	0.003192062050495155	praat
c0134	epsilon_squared	0.1849851642784773	praat
c0134	n	48	praat
c0134	posthoc_soprano__alto_padj	0.0031920620504951626	praat
c0134	posthoc_soprano__alto_z	2.9486103033613023	praat
c0134	posthoc_soprano__alto_rank_biserial	0.4965277777777778	praat
c0134	posthoc_soprano__alto_p	0.0031920620504951626	praat
c0135	h	8.694302721088434	praat
c0135	df	1	praat
c0135	p	0.003192062050495155	praat
c0135	epsilon_squared	0.1849851642784773	praat
c0135	n	48	praat
c0135	posthoc_soprano__alto_padj	0.0031920620504951626	praat
c0135	posthoc_soprano__alto_z	2.9486103033613023	praat
c0135	posthoc_soprano__alto_rank_biserial	0.4965277777777778	praat
c0135	posthoc_soprano__alto_p	0.0031920620504951626	praat
c0136	h	8.694302721088434	praat
c0136	df	1	praat
c0136	p	0.003192062050495155	praat
c0136	epsilon_squared	0.1849851642784773	praat
c0136	n	48	praat
c0137	h	8.694302721088434	praat
c0137	df	1	praat
c0137	p	0.003192062050495155	praat
c0137	epsilon_squared	0.1849851642784773	praat
c0137	n	48	praat
c0137	posthoc_alto__soprano_padj	0.0031920620504951626	praat
c0137	posthoc_alto__soprano_z	-2.9486103033613023	praat
c0137	posthoc_alto__soprano_rank_biserial	-0.4965277777777778	praat
c0137	posthoc_alto__soprano_p	0.0031920620504951626	praat
c0138	h	8.694302721088434	praat
c0138	df	1	praat
c0138	p	0.003192062050495155	praat
c0138	epsilon_squared	0.1849851642784773	praat
c0138	n	48	praat
c0138	posthoc_alto__soprano_padj	0.0031920620504951626	praat
c0138	posthoc_alto__soprano_z	-2.9486103033613023	praat
c0138	posthoc_alto__soprano_rank_biserial	-0.4965277777777778	praat
c0138	posthoc_alto__soprano_p	0.0031920620504951626	praat
c0139	h	8.694302721088434	praat
c0139	df	1	praat
c0139	p	0.003192062050495155	praat
c0139	epsilon_squared	0.1849851642784773	praat
c0139	n	48	praat
c0139	posthoc_alto__soprano_padj	0.0031920620504951626	praat
c0139	posthoc_alto__soprano_z	-2.9486103033613023	praat
c0139	posthoc_alto__soprano_rank_biserial	-0.4965277777777778	praat
c0139	posthoc_alto__soprano_p	0.0031920620504951626	praat
c0140	h	35.99613677230833	praat
c0140	df	4	praat
c0140	p	2.898996303708729e-07	praat
c0140	epsilon_squared	0.7346150361695578	praat
c0140	n	50	praat
c0141	h	35.99613677230833	praat
c0141	df	4	praat
c0141	p	2.898996303708729e-07	praat
c0141	epsilon_squared	0.7346150361695578	praat
c0141	n	50	praat
c0141	posthoc_welch__paired_padj	1	praat
c0141	posthoc_welch__paired_z	-1.0817452644595082	praat
c0141	posthoc_welch__paired_rank_biserial	-0.525	praat
c0141	posthoc_welch__paired_p	0.27936573408149806	praat
c0141	posthoc_welch__corr_padj	0.08900831432503556	praat
c0141	posthoc_welch__corr_z	2.61583977397008	praat
c0141	posthoc_welch__corr_rank_biserial	0.8142857142857143	praat
c0141	posthoc_welch__corr_p	0.008900831432503555	praat
c0141	posthoc_welch__perfect_padj	0.003151482193808732	praat
c0141	posthoc_welch__perfect_z	3.602519113750257	praat
c0141	posthoc_welch__perfect_rank_biserial	1	praat
c0141	posthoc_welch__perfect_p	0.0003151482193808732	praat
c0141	posthoc_welch__mwu_padj	0.027340834091246095	praat
c0141	posthoc_welch__mwu_z	2.9961539743304506	praat
c0141	posthoc_welch__mwu_rank_biserial	1	praat
c0141	posthoc_welch__mwu_p	0.0027340834091246096	praat
c0141	posthoc_paired__corr_padj	0.0008478213817365165	praat
c0141	posthoc_paired__corr_z	3.930463856803697	praat
c0141	posthoc_paired__corr_rank_biserial	0.9523809523809523	praat
c0141	posthoc_paired__corr_p	8.478213817365165e-05	praat
c0141	posthoc_paired__perfect_padj	1.2696047946140148e-05	praat
c0141	posthoc_paired__perfect_z	4.844453761602964	praat
c0141	posthoc_paired__perfect_rank_biserial	1	praat
c0141	posthoc_paired__perfect_p	1.2696047946140147e-06	praat
c0141	posthoc_paired__mwu_padj	0.0010777421099225034	praat
c0141	posthoc_paired__mwu_z	3.872387985590581	praat
c0141	posthoc_paired__mwu_rank_biserial	1	praat
c0141	posthoc_paired__mwu_p	0.00010777421099225035	praat
c0141	posthoc_corr__perfect_padj	1	praat
c0141	posthoc_corr__perfect_z	1.2753255989088381	praat
c0141	posthoc_corr__perfect_rank_biserial	0.4714285714285714	praat
c0141	posthoc_corr__perfect_p	0.20219402066542563	praat
c0141	posthoc_corr__mwu_padj	1	praat
c0141	posthoc_corr__mwu_z	1.2161425788773854	praat
c0141	posthoc_corr__mwu_rank_biserial	0.6071428571428571	praat
c0141	posthoc_corr__mwu_p	0.22393061304446665	praat
c0141	posthoc_perfect__mwu_padj	1	praat
c0141	posthoc_perfect__mwu_z	0.2729054976618821	praat
c0141	posthoc_perfect__mwu_rank_biserial	0.2	praat
c0141	posthoc_perfect__mwu_p	0.7849258603601411	praat
c0142	h	35.99613677230833	praat
c0142	df	4	praat
c0142	p	2.898996303708729e-07	praat
c0142	epsilon_squared	0.7346150361695578	praat
c0142	n	50	praat
c0142	posthoc_welch__paired_padj	0.8087760826617025	praat
c0142	posthoc_welch__paired_z	-1.0817452644595082	praat
c0142	posthoc_welch__paired_rank_biserial	-0.525	praat
c0142	posthoc_welch__paired_p	0.27936573408149806	praat
c0142	posthoc_welch__corr_padj	0.04450415716251778	praat
c0142	posthoc_welch__corr_z	2.61583977397008	praat
c0142	posthoc_welch__corr_rank_biserial	0.8142857142857143	praat
c0142	posthoc_welch__corr_p	0.008900831432503555	praat
c0142	posthoc_welch__perfect_padj	0.0022060375356661123	praat
c0142	posthoc_welch__perfect_z	3.602519113750257	praat
c0142	posthoc_welch__perfect_rank_biserial	1	praat
c0142	posthoc_welch__perfect_p	0.0003151482193808732	praat
c0142	posthoc_welch__mwu_padj	0.01640450045474766	praat
c0142	posthoc_welch__mwu_z	2.9961539743304506	praat
c0142	posthoc_welch__mwu_rank_biserial	1	praat
c0142	posthoc_welch__mwu_p	0.0027340834091246096	praat
c0142	posthoc_paired__corr_padj	0.0007630392435628648	praat
c0142	posthoc_paired__corr_z	3.930463856803697	praat
c0142	posthoc_paired__corr_rank_biserial	0.9523809523809523	praat
c0142	posthoc_paired__corr_p	8.478213817365165e-05	praat
c0142	posthoc_paired__perfect_padj	1.2696047946140148e-05	praat
c0142	posthoc_paired__perfect_z	4.844453761602964	praat
c0142	posthoc_paired__perfect_rank_biserial	1	praat
c0142	posthoc_paired__perfect_p	1.2696047946140147e-06	praat
c0142	posthoc_paired__mwu_padj	0.0008621936879380028	praat
c0142	posthoc_paired__mwu_z	3.872387985590581	praat
c0142	posthoc_paired__mwu_rank_biserial	1	praat
c0142	posthoc_paired__mwu_p	0.00010777421099225035	praat
c0142	posthoc_corr__perfect_padj	0.8087760826617025	praat
c0142	posthoc_corr__perfect_z	1.2753255989088381	praat
c0142	posthoc_corr__perfect_rank_biserial	0.4714285714285714	praat
c0142	posthoc_corr__perfect_p	0.20219402066542563	praat
c0142	posthoc_corr__mwu_padj	0.8087760826617025	praat
c0142	posthoc_corr__mwu_z	1.2161425788773854	praat
c0142	posthoc_corr__mwu_rank_biserial	0.6071428571428571	praat
c0142	posthoc_corr__mwu_p	0.22393061304446665	praat
c0142	posthoc_perfect__mwu_padj	0.8087760826617025	praat
c0142	posthoc_perfect__mwu_z	0.2729054976618821	praat
c0142	posthoc_perfect__mwu_rank_biserial	0.2	praat
c0142	posthoc_perfect__mwu_p	0.7849258603601411	praat
c0143	h	35.99613677230833	praat
c0143	df	4	praat
c0143	p	2.898996303708729e-07	praat
c0143	epsilon_squared	0.7346150361695578	praat
c0143	n	50	praat
c0143	posthoc_welch__paired_padj	0.31040637120166453	praat
c0143	posthoc_welch__paired_z	-1.0817452644595082	praat
c0143	posthoc_welch__paired_rank_biserial	-0.525	praat
c0143	posthoc_welch__paired_p	0.27936573408149806	praat
c0143	posthoc_welch__corr_padj	0.014834719054172593	praat
c0143	posthoc_welch__corr_z	2.61583977397008	praat
c0143	posthoc_welch__corr_rank_biserial	0.8142857142857143	praat
c0143	posthoc_welch__corr_p	0.008900831432503555	praat
c0143	posthoc_welch__perfect_padj	0.000787870548452183	praat
c0143	posthoc_welch__perfect_z	3.602519113750257	praat
c0143	posthoc_welch__perfect_rank_biserial	1	praat
c0143	posthoc_welch__perfect_p	0.0003151482193808732	praat
c0143	posthoc_welch__mwu_padj	0.005468166818249219	praat
c0143	posthoc_welch__mwu_z	2.9961539743304506	praat
c0143	posthoc_welch__mwu_rank_biserial	1	praat
c0143	posthoc_welch__mwu_p	0.0027340834091246096	praat
c0143	posthoc_paired__corr_padj	0.0003592473699741678	praat
c0143	posthoc_paired__corr_z	3.930463856803697	praat
c0143	posthoc_paired__corr_rank_biserial	0.9523809523809523	praat
c0143	posthoc_paired__corr_p	8.478213817365165e-05	praat
c0143	posthoc_paired__perfect_padj	1.2696047946140148e-05	praat
c0143	posthoc_paired__perfect_z	4.844453761602964	praat
c0143	posthoc_paired__perfect_rank_biserial	1	praat
c0143	posthoc_paired__perfect_p	1.2696047946140147e-06	praat
c0143	posthoc_paired__mwu_padj	0.0003592473699741678	praat
c0143	posthoc_paired__mwu_z	3.872387985590581	praat
c0143	posthoc_paired__mwu_rank_biserial	1	praat
c0143	posthoc_paired__mwu_p	0.00010777421099225035	praat
c0143	posthoc_corr__perfect_padj	0.27991326630558333	praat
c0143	posthoc_corr__perfect_z	1.2753255989088381	praat
c0143	posthoc_corr__perfect_rank_biserial	0.4714285714285714	praat
c0143	posthoc_corr__perfect_p	0.20219402066542563	praat
c0143	posthoc_corr__mwu_padj	0.27991326630558333	praat
c0143	posthoc_corr__mwu_z	1.2161425788773854	praat
c0143	posthoc_corr__mwu_rank_biserial	0.6071428571428571	praat
c0143	posthoc_corr__mwu_p	0.22393061304446665	praat
c0143	posthoc_perfect__mwu_padj	0.7849258603601411	praat
c0143	posthoc_perfect__mwu_z	0.2729054976618821	praat
c0143	posthoc_perfect__mwu_rank_biserial	0.2	praat
c0143	posthoc_perfect__mwu_p	0.7849258603601411	praat
c0144	h	35.99613677230836	praat
c0144	df	4	praat
c0144	p	2.898996303708696e-07	praat
c0144	epsilon_squared	0.7346150361695584	praat
c0144	n	50	praat
c0145	h	35.99613677230836	praat
c0145	df	4	praat
c0145	p	2.898996303708696e-07	praat
c0145	epsilon_squared	0.7346150361695584	praat
c0145	n	50	praat
c0145	posthoc_corr__mwu_padj	1	praat
c0145	posthoc_corr__mwu_z	1.2161425788773854	praat
c0145	posthoc_corr__mwu_rank_biserial	0.6071428571428571	praat
c0145	posthoc_corr__mwu_p	0.22393061304446665	praat
c0145	posthoc_corr__paired_padj	0.0008478213817365165	praat
c0145	posthoc_corr__paired_z	-3.930463856803697	praat
c0145	posthoc_corr__paired_rank_biserial	-0.9523809523809523	praat
c0145	posthoc_corr__paired_p	8.478213817365165e-05	praat
c0145	posthoc_corr__perfect_padj	1	praat
c0145	posthoc_corr__perfect_z	1.2753255989088381	praat
c0145	posthoc_corr__perfect_rank_biserial	0.4714285714285714	praat
c0145	posthoc_corr__perfect_p	0.20219402066542563	praat
c0145	posthoc_corr__welch_padj	0.08900831432503556	praat
c0145	posthoc_corr__welch_z	-2.61583977397008	praat
c0145	posthoc_corr__welch_rank_biserial	-0.8142857142857143	praat
c0145	posthoc_corr__welch_p	0.008900831432503555	praat
c0145	posthoc_mwu__paired_padj	0.0010777421099225034	praat
c0145	posthoc_mwu__paired_z	-3.872387985590581	praat
c0145	posthoc_mwu__paired_rank_biserial	-1	praat
c0145	posthoc_mwu__paired_p	0.00010777421099225035	praat
c0145	posthoc_mwu__perfect_padj	1	praat
c0145	posthoc_mwu__perfect_z	-0.2729054976618821	praat
c0145	posthoc_mwu__perfect_rank_biserial	-0.2	praat
c0145	posthoc_mwu__perfect_p	0.7849258603601411	praat
c0145	posthoc_mwu__welch_padj	0.027340834091246095	praat
c0145	posthoc_mwu__welch_z	-2.9961539743304506	praat
c0145	posthoc_mwu__welch_rank_biserial	-1	praat
c0145	posthoc_mwu__welch_p	0.0027340834091246096	praat
c0145	posthoc_paired__perfect_padj	1.2696047946140148e-05	praat
c0145	posthoc_paired__perfect_z	4.844453761602964	praat
c0145	posthoc_paired__perfect_rank_biserial	1	praat
c0145	posthoc_paired__perfect_p	1.2696047946140147e-06	praat
c0145	posthoc_paired__welch_padj	1	praat
c0145	posthoc_paired__welch_z	1.0817452644595082	praat
c0145	posthoc_paired__welch_rank_biserial	0.525	praat
c0145	posthoc_paired__welch_p	0.27936573408149806	praat
c0145	posthoc_perfect__welch_padj	0.003151482193808732	praat
c0145	posthoc_perfect__welch_z	-3.602519113750257	praat
c0145	posthoc_perfect__welch_rank_biserial	-1	praat
c0145	posthoc_perfect__welch_p	0.0003151482193808732	praat
c0146	h	35.99613677230836	praat
c0146	df	4	praat
c0146	p	2.898996303708696e-07	praat
c0146	epsilon_squared	0.7346150361695584	praat
c0146	n	50	praat
c0146	posthoc_corr__mwu_padj	0.8087760826617025	praat
c0146	posthoc_corr__mwu_z	1.2161425788773854	praat
c0146	posthoc_corr__mwu_rank_biserial	0.6071428571428571	praat
c0146	posthoc_corr__mwu_p	0.22393061304446665	praat
c0146	posthoc_corr__paired_padj	0.0007630392435628648	praat
c0146	posthoc_corr__paired_z	-3.930463856803697	praat
c0146	posthoc_corr__paired_rank_biserial	-0.9523809523809523	praat
c0146	posthoc_corr__paired_p	8.478213817365165e-05	praat
c0146	posthoc_corr__perfect_padj	0.8087760826617025	praat
c0146	posthoc_corr__perfect_z	1.2753255989088381	praat
c0146	posthoc_corr__perfect_rank_biserial	0.4714285714285714	praat
c0146	posthoc_corr__perfect_p	0.20219402066542563	praat
c0146	posthoc_corr__welch_padj	0.04450415716251778	praat
c0146	posthoc_corr__welch_z	-2.61583977397008	praat
c0146	posthoc_corr__welch_rank_biserial	-0.8142857142857143	praat
c0146	posthoc_corr__welch_p	0.008900831432503555	praat
c0146	posthoc_mwu__paired_padj	0.0008621936879380028	praat
c0146	posthoc_mwu__paired_z	-3.872387985590581	praat
c0146	posthoc_mwu__paired_rank_biserial	-1	praat
c0146	posthoc_mwu__paired_p	0.00010777421099225035	praat
c0146	posthoc_mwu__perfect_padj	0.8087760826617025	praat
c0146	posthoc_mwu__perfect_z	-0.2729054976618821	praat
c0146	posthoc_mwu__perfect_rank_biserial	-0.2	praat
c0146	posthoc_mwu__perfect_p	0.7849258603601411	praat
c0146	posthoc_mwu__welch_padj	0.01640450045474766	praat
c0146	posthoc_mwu__welch_z	-2.9961539743304506	praat
c0146	posthoc_mwu__welch_rank_biserial	-1	praat
c0146	posthoc_mwu__welch_p	0.0027340834091246096	praat
c0146	posthoc_paired__perfect_padj	1.2696047946140148e-05	praat
c0146	posthoc_paired__perfect_z	4.844453761602964	praat
c0146	posthoc_paired__perfect_rank_biserial	1	praat
c0146	posthoc_paired__perfect_p	1.2696047946140147e-06	praat
c0146	posthoc_paired__welch_padj	0.8087760826617025	praat
c0146	posthoc_paired__welch_z	1.0817452644595082	praat
c0146	posthoc_paired__welch_rank_biserial	0.525	praat
c0146	posthoc_paired__welch_p	0.27936573408149806	praat
c0146	posthoc_perfect__welch_padj	0.0022060375356661123	praat
c0146	posthoc_perfect__welch_z	-3.602519113750257	praat
c0146	posthoc_perfect__welch_rank_biserial	-1	praat
c0146	posthoc_perfect__welch_p	0.0003151482193808732	praat
c0147	h	35.99613677230836	praat
c0147	df	4	praat
c0147	p	2.898996303708696e-07	praat
c0147	epsilon_squared	0.7346150361695584	praat
c0147	n	50	praat
c0147	posthoc_corr__mwu_padj	0.27991326630558333	praat
c0147	posthoc_corr__mwu_z	1.2161425788773854	praat
c0147	posthoc_corr__mwu_rank_biserial	0.6071428571428571	praat
c0147	posthoc_corr__mwu_p	0.22393061304446665	praat
c0147	posthoc_corr__paired_padj	0.0003592473699741678	praat
c0147	posthoc_corr__paired_z	-3.930463856803697	praat
c0147	posthoc_corr__paired_rank_biserial	-0.9523809523809523	praat
c0147	posthoc_corr__paired_p	8.478213817365165e-05	praat
c0147	posthoc_corr__perfect_padj	0.27991326630558333	praat
c0147	posthoc_corr__perfect_z	1.2753255989088381	praat
c0147	posthoc_corr__perfect_rank_biserial	0.4714285714285714	praat
c0147	posthoc_corr__perfect_p	0.20219402066542563	praat
c0147	posthoc_corr__welch_padj	0.014834719054172593	praat
c0147	posthoc_corr__welch_z	-2.61583977397008	praat
c0147	posthoc_corr__welch_rank_biserial	-0.8142857142857143	praat
c0147	posthoc_corr__welch_p	0.008900831432503555	praat
c0147	posthoc_mwu__paired_padj	0.0003592473699741678	praat
c0147	posthoc_mwu__paired_z	-3.872387985590581	praat
c0147	posthoc_mwu__paired_rank_biserial	-1	praat
c0147	posthoc_mwu__paired_p	0.00010777421099225035	praat
c0147	posthoc_mwu__perfect_padj	0.7849258603601411	praat
c0147	posthoc_mwu__perfect_z	-0.2729054976618821	praat
c0147	posthoc_mwu__perfect_rank_biserial	-0.2	praat
c0147	posthoc_mwu__perfect_p	0.7849258603601411	praat
c0147	posthoc_mwu__welch_padj	0.005468166818249219	praat
c0147	posthoc_mwu__welch_z	-2.9961539743304506	praat
c0147	posthoc_mwu__welch_rank_biserial	-1	praat
c0147	posthoc_mwu__welch_p	0.0027340834091246096	praat
c0147	posthoc_paired__perfect_padj	1.2696047946140148e-05	praat
c0147	posthoc_paired__perfect_z	4.844453761602964	praat
c0147	posthoc_paired__perfect_rank_biserial	1	praat
c0147	posthoc_paired__perfect_p	1.2696047946140147e-06	praat
c0147	posthoc_paired__welch_padj	0.31040637120166453	praat
c0147	posthoc_paired__welch_z	1.0817452644595082	praat
c0147	posthoc_paired__welch_rank_biserial	0.525	praat
c0147	posthoc_paired__welch_p	0.27936573408149806	praat
c0147	posthoc_perfect__welch_padj	0.000787870548452183	praat
c0147	posthoc_perfect__welch_z	-3.602519113750257	praat
c0147	posthoc_perfect__welch_rank_biserial	-1	praat
c0147	posthoc_perfect__welch_p	0.0003151482193808732	praat
c0148	h	21.13040959939141	praat
c0148	df	3	praat
c0148	p	9.89108532446764e-05	praat
c0148	epsilon_squared	0.4312328489671716	praat
c0148	n	50	praat
c0149	h	21.13040959939141	praat
c0149	df	3	praat
c0149	p	9.89108532446764e-05	praat
c0149	epsilon_squared	0.4312328489671716	praat
c0149	n	50	praat
c0149	posthoc_a__b_padj	1	praat
c0149	posthoc_a__b_z	-1.0509604508182437	praat
c0149	posthoc_a__b_rank_biserial	-0.41420118343195267	praat
c0149	posthoc_a__b_p	0.2932767544258882	praat
c0149	posthoc_a__x_padj	0.015063051903781344	praat
c0149	posthoc_a__x_z	3.0220719536024148	praat
c0149	posthoc_a__x_rank_biserial	0.7948717948717948	praat
c0149	posthoc_a__x_p	0.002510508650630224	praat
c0149	posthoc_a__y_padj	0.18280159738014579	praat
c0149	posthoc_a__y_z	2.1639663388190575	praat
c0149	posthoc_a__y_rank_biserial	0.6025641025641025	praat
c0149	posthoc_a__y_p	0.030466932896690963	praat
c0149	posthoc_b__x_padj	0.0003049523247415104	praat
c0149	posthoc_b__x_z	4.051798691342444	praat
c0149	posthoc_b__x_rank_biserial	0.7948717948717948	praat
c0149	posthoc_b__x_p	5.0825387456918405e-05	praat
c0149	posthoc_b__y_padj	0.008427922277866456	praat
c0149	posthoc_b__y_z	3.193693076559087	praat
c0149	posthoc_b__y_rank_biserial	0.7051282051282052	praat
c0149	posthoc_b__y_p	0.0014046537129777429	praat
c0149	posthoc_x__y_padj	1	praat
c0149	posthoc_x__y_z	-0.841441783558437	praat
c0149	posthoc_x__y_rank_biserial	-0.2638888888888889	praat
c0149	posthoc_x__y_p	0.4001004859287519	praat
c0150	h	21.13040959939141	praat
c0150	df	3	praat
c0150	p	9.89108532446764e-05	praat
c0150	epsilon_squared	0.4312328489671716	praat
c0150	n	50	praat
c0150	posthoc_a__b_padj	0.5865535088517764	praat
c0150	posthoc_a__b_z	-1.0509604508182437	praat
c0150	posthoc_a__b_rank_biserial	-0.41420118343195267	praat
c0150	posthoc_a__b_p	0.2932767544258882	praat
c0150	posthoc_a__x_padj	0.010042034602520896	praat
c0150	posthoc_a__x_z	3.0220719536024148	praat
c0150	posthoc_a__x_rank_biserial	0.7948717948717948	praat
c0150	posthoc_a__x_p	0.002510508650630224	praat
c0150	posthoc_a__y_padj	0.09140079869007289	praat
c0150	posthoc_a__y_z	2.1639663388190575	praat
c0150	posthoc_a__y_rank_biserial	0.6025641025641025	praat
c0150	posthoc_a__y_p	0.030466932896690963	praat
c0150	posthoc_b__x_padj	0.0003049523247415104	praat
c0150	posthoc_b__x_z	4.051798691342444	praat
c0150	posthoc_b__x_rank_biserial	0.7948717948717948	praat
c0150	posthoc_b__x_p	5.0825387456918405e-05	praat
c0150	posthoc_b__y_padj	0.007023268564888715	praat
c0150	posthoc_b__y_z	3.193693076559087	praat
c0150	posthoc_b__y_rank_biserial	0.7051282051282052	praat
c0150	posthoc_b__y_p	0.0014046537129777429	praat
c0150	posthoc_x__y_padj	0.5865535088517764	praat
c0150	posthoc_x__y_z	-0.841441783558437	praat
c0150	posthoc_x__y_rank_biserial	-0.2638888888888889	praat
c0150	posthoc_x__y_p	0.4001004859287519	praat
c0151	h	21.13040959939141	praat
c0151	df	3	praat
c0151	p	9.89108532446764e-05	praat
c0151	epsilon_squared	0.4312328489671716	praat
c0151	n	50	praat
c0151	posthoc_a__b_padj	0.35193210531106583	praat
c0151	posthoc_a__b_z	-1.0509604508182437	praat
c0151	posthoc_a__b_rank_biserial	-0.41420118343195267	praat
c0151	posthoc_a__b_p	0.2932767544258882	praat
c0151	posthoc_a__x_padj	0.005021017301260448	praat
c0151	posthoc_a__x_z	3.0220719536024148	praat
c0151	posthoc_a__x_rank_biserial	0.7948717948717948	praat
c0151	posthoc_a__x_p	0.002510508650630224	praat
c0151	posthoc_a__y_padj	0.045700399345036447	praat
c0151	posthoc_a__y_z	2.1639663388190575	praat
c0151	posthoc_a__y_rank_biserial	0.6025641025641025	praat
c0151	posthoc_a__y_p	0.030466932896690963	praat
c0151	posthoc_b__x_padj	0.0003049523247415104	praat
c0151	posthoc_b__x_z	4.051798691342444	praat
c0151	posthoc_b__x_rank_biserial	0.7948717948717948	praat
c0151	posthoc_b__x_p	5.0825387456918405e-05	praat
c0151	posthoc_b__y_padj	0.004213961138933228	praat
c0151	posthoc_b__y_z	3.193693076559087	praat
c0151	posthoc_b__y_rank_biserial	0.7051282051282052	praat
c0151	posthoc_b__y_p	0.0014046537129777429	praat
c0151	posthoc_x__y_padj	0.40010048592875186	praat
c0151	posthoc_x__y_z	-0.841441783558437	praat
c0151	posthoc_x__y_rank_biserial	-0.2638888888888889	praat
c0151	posthoc_x__y_p	0.4001004859287519	praat
c0152	h	21.13040959939141	praat
c0152	df	3	praat
c0152	p	9.89108532446764e-05	praat
c0152	epsilon_squared	0.4312328489671716	praat
c0152	n	50	praat
c0153	h	21.13040959939141	praat
c0153	df	3	praat
c0153	p	9.89108532446764e-05	praat
c0153	epsilon_squared	0.4312328489671716	praat
c0153	n	50	praat
c0153	posthoc_a__b_padj	1	praat
c0153	posthoc_a__b_z	-1.0509604508182437	praat
c0153	posthoc_a__b_rank_biserial	-0.41420118343195267	praat
c0153	posthoc_a__b_p	0.2932767544258882	praat
c0153	posthoc_a__x_padj	0.015063051903781344	praat
c0153	posthoc_a__x_z	3.0220719536024148	praat
c0153	posthoc_a__x_rank_biserial	0.7948717948717948	praat
c0153	posthoc_a__x_p	0.002510508650630224	praat
c0153	posthoc_a__y_padj	0.18280159738014579	praat
c0153	posthoc_a__y_z	2.1639663388190575	praat
c0153	posthoc_a__y_rank_biserial	0.6025641025641025	praat
c0153	posthoc_a__y_p	0.030466932896690963	praat
c0153	posthoc_b__x_padj	0.0003049523247415104	praat
c0153	posthoc_b__x_z	4.051798691342444	praat
c0153	posthoc_b__x_rank_biserial	0.7948717948717948	praat
c0153	posthoc_b__x_p	5.0825387456918405e-05	praat
c0153	posthoc_b__y_padj	0.008427922277866456	praat
c0153	posthoc_b__y_z	3.193693076559087	praat
c0153	posthoc_b__y_rank_biserial	0.7051282051282052	praat
c0153	posthoc_b__y_p	0.0014046537129777429	praat
c0153	posthoc_x__y_padj	1	praat
c0153	posthoc_x__y_z	-0.841441783558437	praat
c0153	posthoc_x__y_rank_biserial	-0.2638888888888889	praat
c0153	posthoc_x__y_p	0.4001004859287519	praat
c0154	h	21.13040959939141	praat
c0154	df	3	praat
c0154	p	9.89108532446764e-05	praat
c0154	epsilon_squared	0.4312328489671716	praat
c0154	n	50	praat
c0154	posthoc_a__b_padj	0.5865535088517764	praat
c0154	posthoc_a__b_z	-1.0509604508182437	praat
c0154	posthoc_a__b_rank_biserial	-0.41420118343195267	praat
c0154	posthoc_a__b_p	0.2932767544258882	praat
c0154	posthoc_a__x_padj	0.010042034602520896	praat
c0154	posthoc_a__x_z	3.0220719536024148	praat
c0154	posthoc_a__x_rank_biserial	0.7948717948717948	praat
c0154	posthoc_a__x_p	0.002510508650630224	praat
c0154	posthoc_a__y_padj	0.09140079869007289	praat
c0154	posthoc_a__y_z	2.1639663388190575	praat
c0154	posthoc_a__y_rank_biserial	0.6025641025641025	praat
c0154	posthoc_a__y_p	0.030466932896690963	praat
c0154	posthoc_b__x_padj	0.0003049523247415104	praat
c0154	posthoc_b__x_z	4.051798691342444	praat
c0154	posthoc_b__x_rank_biserial	0.7948717948717948	praat
c0154	posthoc_b__x_p	5.0825387456918405e-05	praat
c0154	posthoc_b__y_padj	0.007023268564888715	praat
c0154	posthoc_b__y_z	3.193693076559087	praat
c0154	posthoc_b__y_rank_biserial	0.7051282051282052	praat
c0154	posthoc_b__y_p	0.0014046537129777429	praat
c0154	posthoc_x__y_padj	0.5865535088517764	praat
c0154	posthoc_x__y_z	-0.841441783558437	praat
c0154	posthoc_x__y_rank_biserial	-0.2638888888888889	praat
c0154	posthoc_x__y_p	0.4001004859287519	praat
c0155	h	21.13040959939141	praat
c0155	df	3	praat
c0155	p	9.89108532446764e-05	praat
c0155	epsilon_squared	0.4312328489671716	praat
c0155	n	50	praat
c0155	posthoc_a__b_padj	0.35193210531106583	praat
c0155	posthoc_a__b_z	-1.0509604508182437	praat
c0155	posthoc_a__b_rank_biserial	-0.41420118343195267	praat
c0155	posthoc_a__b_p	0.2932767544258882	praat
c0155	posthoc_a__x_padj	0.005021017301260448	praat
c0155	posthoc_a__x_z	3.0220719536024148	praat
c0155	posthoc_a__x_rank_biserial	0.7948717948717948	praat
c0155	posthoc_a__x_p	0.002510508650630224	praat
c0155	posthoc_a__y_padj	0.045700399345036447	praat
c0155	posthoc_a__y_z	2.1639663388190575	praat
c0155	posthoc_a__y_rank_biserial	0.6025641025641025	praat
c0155	posthoc_a__y_p	0.030466932896690963	praat
c0155	posthoc_b__x_padj	0.0003049523247415104	praat
c0155	posthoc_b__x_z	4.051798691342444	praat
c0155	posthoc_b__x_rank_biserial	0.7948717948717948	praat
c0155	posthoc_b__x_p	5.0825387456918405e-05	praat
c0155	posthoc_b__y_padj	0.004213961138933228	praat
c0155	posthoc_b__y_z	3.193693076559087	praat
c0155	posthoc_b__y_rank_biserial	0.7051282051282052	praat
c0155	posthoc_b__y_p	0.0014046537129777429	praat
c0155	posthoc_x__y_padj	0.40010048592875186	praat
c0155	posthoc_x__y_z	-0.841441783558437	praat
c0155	posthoc_x__y_rank_biserial	-0.2638888888888889	praat
c0155	posthoc_x__y_p	0.4001004859287519	praat
c0156	refused	1	praat
c0156	refuse_reason	Group "S05" has 0 observations. Every group needs at least 1.	praat
c0157	n	45	praat
c0157	k	3	praat
c0157	posthoc_soprano__mezzo_padj	0.0001367858730880343	praat
c0157	posthoc_soprano__mezzo_t	4.885356132267499	praat
c0157	posthoc_soprano__mezzo_cohens_d	1.7838798367260675	praat
c0157	posthoc_soprano__mezzo_p	4.559529102934477e-05	praat
c0157	posthoc_soprano__alto_padj	2.941993699439414e-05	praat
c0157	posthoc_soprano__alto_t	5.707200519681138	praat
c0157	posthoc_soprano__alto_cohens_d	2.0839749765563775	praat
c0157	posthoc_soprano__alto_p	9.806645664798047e-06	praat
c0157	posthoc_mezzo__alto_padj	0.3621781180488127	praat
c0157	posthoc_mezzo__alto_t	1.6046513157500177	praat
c0157	posthoc_mezzo__alto_cohens_d	0.5859358150444196	praat
c0157	posthoc_mezzo__alto_p	0.12072603934960424	praat
c0157	posthoc_soprano__mezzo_df	25.97323279874925	praat
c0157	posthoc_soprano__mezzo_diff	6.06695930108711	praat
c0157	posthoc_soprano__mezzo_ci_low	2.888870328906965	praat
c0157	posthoc_soprano__mezzo_ci_high	9.245048273267255	praat
c0157	posthoc_soprano__alto_df	21.929060728962583	praat
c0157	posthoc_soprano__alto_diff	8.740701015662026	praat
c0157	posthoc_soprano__alto_ci_low	4.77115313754984	praat
c0157	posthoc_soprano__alto_ci_high	12.710248893774212	praat
c0157	posthoc_mezzo__alto_df	25.836932652512594	praat
c0157	posthoc_mezzo__alto_diff	2.6737417145749163	praat
c0157	posthoc_mezzo__alto_ci_low	-1.5919283797935755	praat
c0157	posthoc_mezzo__alto_ci_high	6.939411808943408	praat
c0158	n	45	praat
c0158	k	3	praat
c0158	posthoc_soprano__mezzo_padj	9.119058205868954e-05	praat
c0158	posthoc_soprano__mezzo_t	4.885356132267499	praat
c0158	posthoc_soprano__mezzo_cohens_d	1.7838798367260675	praat
c0158	posthoc_soprano__mezzo_p	4.559529102934477e-05	praat
c0158	posthoc_soprano__alto_padj	2.941993699439414e-05	praat
c0158	posthoc_soprano__alto_t	5.707200519681138	praat
c0158	posthoc_soprano__alto_cohens_d	2.0839749765563775	praat
c0158	posthoc_soprano__alto_p	9.806645664798047e-06	praat
c0158	posthoc_mezzo__alto_padj	0.12072603934960424	praat
c0158	posthoc_mezzo__alto_t	1.6046513157500177	praat
c0158	posthoc_mezzo__alto_cohens_d	0.5859358150444196	praat
c0158	posthoc_mezzo__alto_p	0.12072603934960424	praat
c0158	posthoc_soprano__mezzo_df	25.97323279874925	praat
c0158	posthoc_soprano__mezzo_diff	6.06695930108711	praat
c0158	posthoc_soprano__alto_df	21.929060728962583	praat
c0158	posthoc_soprano__alto_diff	8.740701015662026	praat
c0158	posthoc_mezzo__alto_df	25.836932652512594	praat
c0158	posthoc_mezzo__alto_diff	2.6737417145749163	praat
c0159	n	45	praat
c0159	k	3	praat
c0159	posthoc_soprano__mezzo_padj	6.839293654401715e-05	praat
c0159	posthoc_soprano__mezzo_t	4.885356132267499	praat
c0159	posthoc_soprano__mezzo_cohens_d	1.7838798367260675	praat
c0159	posthoc_soprano__mezzo_p	4.559529102934477e-05	praat
c0159	posthoc_soprano__alto_padj	2.941993699439414e-05	praat
c0159	posthoc_soprano__alto_t	5.707200519681138	praat
c0159	posthoc_soprano__alto_cohens_d	2.0839749765563775	praat
c0159	posthoc_soprano__alto_p	9.806645664798047e-06	praat
c0159	posthoc_mezzo__alto_padj	0.12072603934960424	praat
c0159	posthoc_mezzo__alto_t	1.6046513157500177	praat
c0159	posthoc_mezzo__alto_cohens_d	0.5859358150444196	praat
c0159	posthoc_mezzo__alto_p	0.12072603934960424	praat
c0159	posthoc_soprano__mezzo_df	25.97323279874925	praat
c0159	posthoc_soprano__mezzo_diff	6.06695930108711	praat
c0159	posthoc_soprano__alto_df	21.929060728962583	praat
c0159	posthoc_soprano__alto_diff	8.740701015662026	praat
c0159	posthoc_mezzo__alto_df	25.836932652512594	praat
c0159	posthoc_mezzo__alto_diff	2.6737417145749163	praat
c0160	n	45	praat
c0160	k	3	praat
c0160	posthoc_soprano__mezzo_padj	0.00011383243052292755	praat
c0160	posthoc_soprano__mezzo_t	4.885356132267499	praat
c0160	posthoc_soprano__mezzo_cohens_d	1.7838798367260675	praat
c0160	posthoc_soprano__mezzo_p	3.794414350764252e-05	praat
c0160	posthoc_soprano__alto_padj	1.2106082522989246e-05	praat
c0160	posthoc_soprano__alto_t	5.707200519681138	praat
c0160	posthoc_soprano__alto_cohens_d	2.0839749765563775	praat
c0160	posthoc_soprano__alto_p	4.0353608409964154e-06	praat
c0160	posthoc_mezzo__alto_padj	0.3593763406881737	praat
c0160	posthoc_mezzo__alto_t	1.6046513157500177	praat
c0160	posthoc_mezzo__alto_cohens_d	0.5859358150444196	praat
c0160	posthoc_mezzo__alto_p	0.11979211356272457	praat
c0160	posthoc_soprano__mezzo_df	28	praat
c0160	posthoc_soprano__mezzo_diff	6.06695930108711	praat
c0160	posthoc_soprano__mezzo_ci_low	2.904589874997414	praat
c0160	posthoc_soprano__mezzo_ci_high	9.229328727176805	praat
c0160	posthoc_soprano__alto_df	28	praat
c0160	posthoc_soprano__alto_diff	8.740701015662026	praat
c0160	posthoc_soprano__alto_ci_low	4.840734458967708	praat
c0160	posthoc_soprano__alto_ci_high	12.640667572356344	praat
c0160	posthoc_mezzo__alto_df	28	praat
c0160	posthoc_mezzo__alto_diff	2.6737417145749163	praat
c0160	posthoc_mezzo__alto_ci_low	-1.5692924100566854	praat
c0160	posthoc_mezzo__alto_ci_high	6.916775839206518	praat
c0161	n	45	praat
c0161	k	3	praat
c0161	posthoc_soprano__mezzo_padj	7.588828701528504e-05	praat
c0161	posthoc_soprano__mezzo_t	4.885356132267499	praat
c0161	posthoc_soprano__mezzo_cohens_d	1.7838798367260675	praat
c0161	posthoc_soprano__mezzo_p	3.794414350764252e-05	praat
c0161	posthoc_soprano__alto_padj	1.2106082522989246e-05	praat
c0161	posthoc_soprano__alto_t	5.707200519681138	praat
c0161	posthoc_soprano__alto_cohens_d	2.0839749765563775	praat
c0161	posthoc_soprano__alto_p	4.0353608409964154e-06	praat
c0161	posthoc_mezzo__alto_padj	0.11979211356272457	praat
c0161	posthoc_mezzo__alto_t	1.6046513157500177	praat
c0161	posthoc_mezzo__alto_cohens_d	0.5859358150444196	praat
c0161	posthoc_mezzo__alto_p	0.11979211356272457	praat
c0161	posthoc_soprano__mezzo_df	28	praat
c0161	posthoc_soprano__mezzo_diff	6.06695930108711	praat
c0161	posthoc_soprano__alto_df	28	praat
c0161	posthoc_soprano__alto_diff	8.740701015662026	praat
c0161	posthoc_mezzo__alto_df	28	praat
c0161	posthoc_mezzo__alto_diff	2.6737417145749163	praat
c0162	n	45	praat
c0162	k	3	praat
c0162	posthoc_soprano__mezzo_padj	5.6916215261463773e-05	praat
c0162	posthoc_soprano__mezzo_t	4.885356132267499	praat
c0162	posthoc_soprano__mezzo_cohens_d	1.7838798367260675	praat
c0162	posthoc_soprano__mezzo_p	3.794414350764252e-05	praat
c0162	posthoc_soprano__alto_padj	1.2106082522989246e-05	praat
c0162	posthoc_soprano__alto_t	5.707200519681138	praat
c0162	posthoc_soprano__alto_cohens_d	2.0839749765563775	praat
c0162	posthoc_soprano__alto_p	4.0353608409964154e-06	praat
c0162	posthoc_mezzo__alto_padj	0.11979211356272457	praat
c0162	posthoc_mezzo__alto_t	1.6046513157500177	praat
c0162	posthoc_mezzo__alto_cohens_d	0.5859358150444196	praat
c0162	posthoc_mezzo__alto_p	0.11979211356272457	praat
c0162	posthoc_soprano__mezzo_df	28	praat
c0162	posthoc_soprano__mezzo_diff	6.06695930108711	praat
c0162	posthoc_soprano__alto_df	28	praat
c0162	posthoc_soprano__alto_diff	8.740701015662026	praat
c0162	posthoc_mezzo__alto_df	28	praat
c0162	posthoc_mezzo__alto_diff	2.6737417145749163	praat
c0163	n	45	praat
c0163	k	3	praat
c0163	posthoc_soprano__mezzo_padj	3.5315159757582505e-05	praat
c0163	posthoc_soprano__mezzo_u	209	praat
c0163	posthoc_soprano__mezzo_rank_biserial	0.8577777777777778	praat
c0163	posthoc_soprano__mezzo_p	1.1771719919194169e-05	praat
c0163	posthoc_soprano__alto_padj	2.6457359555516363e-05	praat
c0163	posthoc_soprano__alto_u	210	praat
c0163	posthoc_soprano__alto_rank_biserial	0.8666666666666667	praat
c0163	posthoc_soprano__alto_p	8.819119851838787e-06	praat
c0163	posthoc_mezzo__alto_padj	0.48205641761162765	praat
c0163	posthoc_mezzo__alto_u	147	praat
c0163	posthoc_mezzo__alto_rank_biserial	0.30666666666666664	praat
c0163	posthoc_mezzo__alto_p	0.16068547253720922	praat
c0163	posthoc_soprano__mezzo_diff	5.366045374070282	praat
c0163	posthoc_soprano__mezzo_ci_low	2.397453815657002	praat
c0163	posthoc_soprano__mezzo_ci_high	8.907664475835816	praat
c0163	posthoc_soprano__alto_diff	8.933763658652666	praat
c0163	posthoc_soprano__alto_ci_low	4.102188605132383	praat
c0163	posthoc_soprano__alto_ci_high	13.004944793208296	praat
c0163	posthoc_mezzo__alto_diff	2.906383714648129	praat
c0163	posthoc_mezzo__alto_ci_low	-1.8072110847671752	praat
c0163	posthoc_mezzo__alto_ci_high	7.861025991484524	praat
c0164	n	45	praat
c0164	k	3	praat
c0164	posthoc_soprano__mezzo_padj	2.6457359555516363e-05	praat
c0164	posthoc_soprano__mezzo_u	209	praat
c0164	posthoc_soprano__mezzo_rank_biserial	0.8577777777777778	praat
c0164	posthoc_soprano__mezzo_p	1.1771719919194169e-05	praat
c0164	posthoc_soprano__alto_padj	2.6457359555516363e-05	praat
c0164	posthoc_soprano__alto_u	210	praat
c0164	posthoc_soprano__alto_rank_biserial	0.8666666666666667	praat
c0164	posthoc_soprano__alto_p	8.819119851838787e-06	praat
c0164	posthoc_mezzo__alto_padj	0.16068547253720922	praat
c0164	posthoc_mezzo__alto_u	147	praat
c0164	posthoc_mezzo__alto_rank_biserial	0.30666666666666664	praat
c0164	posthoc_mezzo__alto_p	0.16068547253720922	praat
c0164	posthoc_soprano__mezzo_diff	5.366045374070282	praat
c0164	posthoc_soprano__alto_diff	8.933763658652666	praat
c0164	posthoc_mezzo__alto_diff	2.906383714648129	praat
c0165	n	45	praat
c0165	k	3	praat
c0165	posthoc_soprano__mezzo_padj	1.7657579878791253e-05	praat
c0165	posthoc_soprano__mezzo_u	209	praat
c0165	posthoc_soprano__mezzo_rank_biserial	0.8577777777777778	praat
c0165	posthoc_soprano__mezzo_p	1.1771719919194169e-05	praat
c0165	posthoc_soprano__alto_padj	1.7657579878791253e-05	praat
c0165	posthoc_soprano__alto_u	210	praat
c0165	posthoc_soprano__alto_rank_biserial	0.8666666666666667	praat
c0165	posthoc_soprano__alto_p	8.819119851838787e-06	praat
c0165	posthoc_mezzo__alto_padj	0.16068547253720922	praat
c0165	posthoc_mezzo__alto_u	147	praat
c0165	posthoc_mezzo__alto_rank_biserial	0.30666666666666664	praat
c0165	posthoc_mezzo__alto_p	0.16068547253720922	praat
c0165	posthoc_soprano__mezzo_diff	5.366045374070282	praat
c0165	posthoc_soprano__alto_diff	8.933763658652666	praat
c0165	posthoc_mezzo__alto_diff	2.906383714648129	praat
c0166	n	45	praat
c0166	k	3	praat
c0166	posthoc_soprano__mezzo_padj	0.0009270066767263035	praat
c0166	posthoc_soprano__mezzo_diff	6.06695930108711	praat
c0166	posthoc_soprano__mezzo_f	8.284911798914516	praat
c0166	posthoc_soprano__alto_padj	3.5004777216961405e-06	praat
c0166	posthoc_soprano__alto_diff	8.740701015662026	praat
c0166	posthoc_soprano__alto_f	17.19642841458566	praat
c0166	posthoc_mezzo__alto_padj	0.21215537358434644	praat
c0166	posthoc_mezzo__alto_diff	2.6737417145749163	praat
c0166	posthoc_mezzo__alto_f	1.6091059090878987	praat
c0166	posthoc_soprano__mezzo_ci_low	2.2847010308495888	praat
c0166	posthoc_soprano__mezzo_ci_high	9.84921757132463	praat
c0166	posthoc_soprano__alto_ci_low	4.958442745424505	praat
c0166	posthoc_soprano__alto_ci_high	12.522959285899546	praat
c0166	posthoc_mezzo__alto_ci_low	-1.1085165556626047	praat
c0166	posthoc_mezzo__alto_ci_high	6.455999984812437	praat
c0167	n	45	praat
c0167	k	3	praat
c0167	posthoc_alto__mezzo_padj	0.3621781180488127	praat
c0167	posthoc_alto__mezzo_t	-1.6046513157500177	praat
c0167	posthoc_alto__mezzo_cohens_d	-0.5859358150444196	praat
c0167	posthoc_alto__mezzo_p	0.12072603934960424	praat
c0167	posthoc_alto__soprano_padj	2.941993699439414e-05	praat
c0167	posthoc_alto__soprano_t	-5.707200519681138	praat
c0167	posthoc_alto__soprano_cohens_d	-2.0839749765563775	praat
c0167	posthoc_alto__soprano_p	9.806645664798047e-06	praat
c0167	posthoc_mezzo__soprano_padj	0.0001367858730880343	praat
c0167	posthoc_mezzo__soprano_t	-4.885356132267499	praat
c0167	posthoc_mezzo__soprano_cohens_d	-1.7838798367260675	praat
c0167	posthoc_mezzo__soprano_p	4.559529102934477e-05	praat
c0167	posthoc_alto__mezzo_df	25.836932652512594	praat
c0167	posthoc_alto__mezzo_diff	-2.6737417145749163	praat
c0167	posthoc_alto__mezzo_ci_low	-6.939411808943408	praat
c0167	posthoc_alto__mezzo_ci_high	1.5919283797935755	praat
c0167	posthoc_alto__soprano_df	21.929060728962583	praat
c0167	posthoc_alto__soprano_diff	-8.740701015662026	praat
c0167	posthoc_alto__soprano_ci_low	-12.710248893774212	praat
c0167	posthoc_alto__soprano_ci_high	-4.77115313754984	praat
c0167	posthoc_mezzo__soprano_df	25.97323279874925	praat
c0167	posthoc_mezzo__soprano_diff	-6.06695930108711	praat
c0167	posthoc_mezzo__soprano_ci_low	-9.245048273267255	praat
c0167	posthoc_mezzo__soprano_ci_high	-2.888870328906965	praat
c0168	n	45	praat
c0168	k	3	praat
c0168	posthoc_alto__mezzo_padj	0.12072603934960424	praat
c0168	posthoc_alto__mezzo_t	-1.6046513157500177	praat
c0168	posthoc_alto__mezzo_cohens_d	-0.5859358150444196	praat
c0168	posthoc_alto__mezzo_p	0.12072603934960424	praat
c0168	posthoc_alto__soprano_padj	2.941993699439414e-05	praat
c0168	posthoc_alto__soprano_t	-5.707200519681138	praat
c0168	posthoc_alto__soprano_cohens_d	-2.0839749765563775	praat
c0168	posthoc_alto__soprano_p	9.806645664798047e-06	praat
c0168	posthoc_mezzo__soprano_padj	9.119058205868954e-05	praat
c0168	posthoc_mezzo__soprano_t	-4.885356132267499	praat
c0168	posthoc_mezzo__soprano_cohens_d	-1.7838798367260675	praat
c0168	posthoc_mezzo__soprano_p	4.559529102934477e-05	praat
c0168	posthoc_alto__mezzo_df	25.836932652512594	praat
c0168	posthoc_alto__mezzo_diff	-2.6737417145749163	praat
c0168	posthoc_alto__soprano_df	21.929060728962583	praat
c0168	posthoc_alto__soprano_diff	-8.740701015662026	praat
c0168	posthoc_mezzo__soprano_df	25.97323279874925	praat
c0168	posthoc_mezzo__soprano_diff	-6.06695930108711	praat
c0169	n	45	praat
c0169	k	3	praat
c0169	posthoc_alto__mezzo_padj	0.12072603934960424	praat
c0169	posthoc_alto__mezzo_t	-1.6046513157500177	praat
c0169	posthoc_alto__mezzo_cohens_d	-0.5859358150444196	praat
c0169	posthoc_alto__mezzo_p	0.12072603934960424	praat
c0169	posthoc_alto__soprano_padj	2.941993699439414e-05	praat
c0169	posthoc_alto__soprano_t	-5.707200519681138	praat
c0169	posthoc_alto__soprano_cohens_d	-2.0839749765563775	praat
c0169	posthoc_alto__soprano_p	9.806645664798047e-06	praat
c0169	posthoc_mezzo__soprano_padj	6.839293654401715e-05	praat
c0169	posthoc_mezzo__soprano_t	-4.885356132267499	praat
c0169	posthoc_mezzo__soprano_cohens_d	-1.7838798367260675	praat
c0169	posthoc_mezzo__soprano_p	4.559529102934477e-05	praat
c0169	posthoc_alto__mezzo_df	25.836932652512594	praat
c0169	posthoc_alto__mezzo_diff	-2.6737417145749163	praat
c0169	posthoc_alto__soprano_df	21.929060728962583	praat
c0169	posthoc_alto__soprano_diff	-8.740701015662026	praat
c0169	posthoc_mezzo__soprano_df	25.97323279874925	praat
c0169	posthoc_mezzo__soprano_diff	-6.06695930108711	praat
c0170	n	45	praat
c0170	k	3	praat
c0170	posthoc_alto__mezzo_padj	0.3593763406881737	praat
c0170	posthoc_alto__mezzo_t	-1.6046513157500177	praat
c0170	posthoc_alto__mezzo_cohens_d	-0.5859358150444196	praat
c0170	posthoc_alto__mezzo_p	0.11979211356272457	praat
c0170	posthoc_alto__soprano_padj	1.2106082522989246e-05	praat
c0170	posthoc_alto__soprano_t	-5.707200519681138	praat
c0170	posthoc_alto__soprano_cohens_d	-2.0839749765563775	praat
c0170	posthoc_alto__soprano_p	4.0353608409964154e-06	praat
c0170	posthoc_mezzo__soprano_padj	0.00011383243052292755	praat
c0170	posthoc_mezzo__soprano_t	-4.885356132267499	praat
c0170	posthoc_mezzo__soprano_cohens_d	-1.7838798367260675	praat
c0170	posthoc_mezzo__soprano_p	3.794414350764252e-05	praat
c0170	posthoc_alto__mezzo_df	28	praat
c0170	posthoc_alto__mezzo_diff	-2.6737417145749163	praat
c0170	posthoc_alto__mezzo_ci_low	-6.916775839206518	praat
c0170	posthoc_alto__mezzo_ci_high	1.5692924100566854	praat
c0170	posthoc_alto__soprano_df	28	praat
c0170	posthoc_alto__soprano_diff	-8.740701015662026	praat
c0170	posthoc_alto__soprano_ci_low	-12.640667572356344	praat
c0170	posthoc_alto__soprano_ci_high	-4.840734458967708	praat
c0170	posthoc_mezzo__soprano_df	28	praat
c0170	posthoc_mezzo__soprano_diff	-6.06695930108711	praat
c0170	posthoc_mezzo__soprano_ci_low	-9.229328727176805	praat
c0170	posthoc_mezzo__soprano_ci_high	-2.904589874997414	praat
c0171	n	45	praat
c0171	k	3	praat
c0171	posthoc_alto__mezzo_padj	0.11979211356272457	praat
c0171	posthoc_alto__mezzo_t	-1.6046513157500177	praat
c0171	posthoc_alto__mezzo_cohens_d	-0.5859358150444196	praat
c0171	posthoc_alto__mezzo_p	0.11979211356272457	praat
c0171	posthoc_alto__soprano_padj	1.2106082522989246e-05	praat
c0171	posthoc_alto__soprano_t	-5.707200519681138	praat
c0171	posthoc_alto__soprano_cohens_d	-2.0839749765563775	praat
c0171	posthoc_alto__soprano_p	4.0353608409964154e-06	praat
c0171	posthoc_mezzo__soprano_padj	7.588828701528504e-05	praat
c0171	posthoc_mezzo__soprano_t	-4.885356132267499	praat
c0171	posthoc_mezzo__soprano_cohens_d	-1.7838798367260675	praat
c0171	posthoc_mezzo__soprano_p	3.794414350764252e-05	praat
c0171	posthoc_alto__mezzo_df	28	praat
c0171	posthoc_alto__mezzo_diff	-2.6737417145749163	praat
c0171	posthoc_alto__soprano_df	28	praat
c0171	posthoc_alto__soprano_diff	-8.740701015662026	praat
c0171	posthoc_mezzo__soprano_df	28	praat
c0171	posthoc_mezzo__soprano_diff	-6.06695930108711	praat
c0172	n	45	praat
c0172	k	3	praat
c0172	posthoc_alto__mezzo_padj	0.11979211356272457	praat
c0172	posthoc_alto__mezzo_t	-1.6046513157500177	praat
c0172	posthoc_alto__mezzo_cohens_d	-0.5859358150444196	praat
c0172	posthoc_alto__mezzo_p	0.11979211356272457	praat
c0172	posthoc_alto__soprano_padj	1.2106082522989246e-05	praat
c0172	posthoc_alto__soprano_t	-5.707200519681138	praat
c0172	posthoc_alto__soprano_cohens_d	-2.0839749765563775	praat
c0172	posthoc_alto__soprano_p	4.0353608409964154e-06	praat
c0172	posthoc_mezzo__soprano_padj	5.6916215261463773e-05	praat
c0172	posthoc_mezzo__soprano_t	-4.885356132267499	praat
c0172	posthoc_mezzo__soprano_cohens_d	-1.7838798367260675	praat
c0172	posthoc_mezzo__soprano_p	3.794414350764252e-05	praat
c0172	posthoc_alto__mezzo_df	28	praat
c0172	posthoc_alto__mezzo_diff	-2.6737417145749163	praat
c0172	posthoc_alto__soprano_df	28	praat
c0172	posthoc_alto__soprano_diff	-8.740701015662026	praat
c0172	posthoc_mezzo__soprano_df	28	praat
c0172	posthoc_mezzo__soprano_diff	-6.06695930108711	praat
c0173	n	45	praat
c0173	k	3	praat
c0173	posthoc_alto__mezzo_padj	0.48205641761162765	praat
c0173	posthoc_alto__mezzo_u	78	praat
c0173	posthoc_alto__mezzo_rank_biserial	-0.30666666666666664	praat
c0173	posthoc_alto__mezzo_p	0.16068547253720922	praat
c0173	posthoc_alto__soprano_padj	2.6457359555516363e-05	praat
c0173	posthoc_alto__soprano_u	15	praat
c0173	posthoc_alto__soprano_rank_biserial	-0.8666666666666667	praat
c0173	posthoc_alto__soprano_p	8.819119851838787e-06	praat
c0173	posthoc_mezzo__soprano_padj	3.5315159757582505e-05	praat
c0173	posthoc_mezzo__soprano_u	16	praat
c0173	posthoc_mezzo__soprano_rank_biserial	-0.8577777777777778	praat
c0173	posthoc_mezzo__soprano_p	1.1771719919194169e-05	praat
c0173	posthoc_alto__mezzo_diff	-2.906383714648129	praat
c0173	posthoc_alto__mezzo_ci_low	-7.861025991484524	praat
c0173	posthoc_alto__mezzo_ci_high	1.8072110847671752	praat
c0173	posthoc_alto__soprano_diff	-8.933763658652666	praat
c0173	posthoc_alto__soprano_ci_low	-13.004944793208296	praat
c0173	posthoc_alto__soprano_ci_high	-4.102188605132383	praat
c0173	posthoc_mezzo__soprano_diff	-5.366045374070282	praat
c0173	posthoc_mezzo__soprano_ci_low	-8.907664475835816	praat
c0173	posthoc_mezzo__soprano_ci_high	-2.397453815657002	praat
c0174	n	45	praat
c0174	k	3	praat
c0174	posthoc_alto__mezzo_padj	0.16068547253720922	praat
c0174	posthoc_alto__mezzo_u	78	praat
c0174	posthoc_alto__mezzo_rank_biserial	-0.30666666666666664	praat
c0174	posthoc_alto__mezzo_p	0.16068547253720922	praat
c0174	posthoc_alto__soprano_padj	2.6457359555516363e-05	praat
c0174	posthoc_alto__soprano_u	15	praat
c0174	posthoc_alto__soprano_rank_biserial	-0.8666666666666667	praat
c0174	posthoc_alto__soprano_p	8.819119851838787e-06	praat
c0174	posthoc_mezzo__soprano_padj	2.6457359555516363e-05	praat
c0174	posthoc_mezzo__soprano_u	16	praat
c0174	posthoc_mezzo__soprano_rank_biserial	-0.8577777777777778	praat
c0174	posthoc_mezzo__soprano_p	1.1771719919194169e-05	praat
c0174	posthoc_alto__mezzo_diff	-2.906383714648129	praat
c0174	posthoc_alto__soprano_diff	-8.933763658652666	praat
c0174	posthoc_mezzo__soprano_diff	-5.366045374070282	praat
c0175	n	45	praat
c0175	k	3	praat
c0175	posthoc_alto__mezzo_padj	0.16068547253720922	praat
c0175	posthoc_alto__mezzo_u	78	praat
c0175	posthoc_alto__mezzo_rank_biserial	-0.30666666666666664	praat
c0175	posthoc_alto__mezzo_p	0.16068547253720922	praat
c0175	posthoc_alto__soprano_padj	1.7657579878791253e-05	praat
c0175	posthoc_alto__soprano_u	15	praat
c0175	posthoc_alto__soprano_rank_biserial	-0.8666666666666667	praat
c0175	posthoc_alto__soprano_p	8.819119851838787e-06	praat
c0175	posthoc_mezzo__soprano_padj	1.7657579878791253e-05	praat
c0175	posthoc_mezzo__soprano_u	16	praat
c0175	posthoc_mezzo__soprano_rank_biserial	-0.8577777777777778	praat
c0175	posthoc_mezzo__soprano_p	1.1771719919194169e-05	praat
c0175	posthoc_alto__mezzo_diff	-2.906383714648129	praat
c0175	posthoc_alto__soprano_diff	-8.933763658652666	praat
c0175	posthoc_mezzo__soprano_diff	-5.366045374070282	praat
c0176	n	45	praat
c0176	k	3	praat
c0176	posthoc_alto__mezzo_padj	0.2121553735843471	praat
c0176	posthoc_alto__mezzo_diff	-2.6737417145749163	praat
c0176	posthoc_alto__mezzo_f	1.6091059090878976	praat
c0176	posthoc_alto__soprano_padj	3.5004777216961736e-06	praat
c0176	posthoc_alto__soprano_diff	-8.740701015662026	praat
c0176	posthoc_alto__soprano_f	17.19642841458565	praat
c0176	posthoc_mezzo__soprano_padj	0.0009270066767263067	praat
c0176	posthoc_mezzo__soprano_diff	-6.06695930108711	praat
c0176	posthoc_mezzo__soprano_f	8.284911798914512	praat
c0176	posthoc_alto__mezzo_ci_low	-6.455999984812438	praat
c0176	posthoc_alto__mezzo_ci_high	1.108516555662606	praat
c0176	posthoc_alto__soprano_ci_low	-12.522959285899548	praat
c0176	posthoc_alto__soprano_ci_high	-4.958442745424504	praat
c0176	posthoc_mezzo__soprano_ci_low	-9.849217571324631	praat
c0176	posthoc_mezzo__soprano_ci_high	-2.2847010308495874	praat
c0177	n	45	praat
c0177	k	3	praat
c0177	posthoc_soprano__mezzo_padj	1	praat
c0177	posthoc_soprano__mezzo_t	0.7298319085691878	praat
c0177	posthoc_soprano__mezzo_cohens_d	0.266496933006928	praat
c0177	posthoc_soprano__mezzo_p	0.47201938223798734	praat
c0177	posthoc_soprano__alto_padj	0.012263085118630605	praat
c0177	posthoc_soprano__alto_t	3.1750206408910784	praat
c0177	posthoc_soprano__alto_cohens_d	1.1593536170403687	praat
c0177	posthoc_soprano__alto_p	0.004087695039543535	praat
c0177	posthoc_mezzo__alto_padj	0.29407981910432923	praat
c0177	posthoc_mezzo__alto_t	1.7345087529876906	praat
c0177	posthoc_mezzo__alto_cohens_d	0.6333530468010096	praat
c0177	posthoc_mezzo__alto_p	0.09802660636810974	praat
c0177	posthoc_soprano__mezzo_df	25.99358523541743	praat
c0177	posthoc_soprano__mezzo_diff	0.20413117157659855	praat
c0177	posthoc_soprano__mezzo_ci_low	-0.5116072612633245	praat
c0177	posthoc_soprano__mezzo_ci_high	0.9198696044165215	praat
c0177	posthoc_soprano__alto_df	23.942494338470148	praat
c0177	posthoc_soprano__alto_diff	0.6351658757520413	praat
c0177	posthoc_soprano__alto_ci_low	0.1202142528172574	praat
c0177	posthoc_soprano__alto_ci_high	1.1501174986868252	praat
c0177	posthoc_mezzo__alto_df	20.24839592226488	praat
c0177	posthoc_mezzo__alto_diff	0.43103470417544276	praat
c0177	posthoc_mezzo__alto_ci_low	-0.2174853843279766	praat
c0177	posthoc_mezzo__alto_ci_high	1.079554792678862	praat
c0178	n	45	praat
c0178	k	3	praat
c0178	posthoc_soprano__mezzo_padj	0.47201938223798734	praat
c0178	posthoc_soprano__mezzo_t	0.7298319085691878	praat
c0178	posthoc_soprano__mezzo_cohens_d	0.266496933006928	praat
c0178	posthoc_soprano__mezzo_p	0.47201938223798734	praat
c0178	posthoc_soprano__alto_padj	0.012263085118630605	praat
c0178	posthoc_soprano__alto_t	3.1750206408910784	praat
c0178	posthoc_soprano__alto_cohens_d	1.1593536170403687	praat
c0178	posthoc_soprano__alto_p	0.004087695039543535	praat
c0178	posthoc_mezzo__alto_padj	0.19605321273621948	praat
c0178	posthoc_mezzo__alto_t	1.7345087529876906	praat
c0178	posthoc_mezzo__alto_cohens_d	0.6333530468010096	praat
c0178	posthoc_mezzo__alto_p	0.09802660636810974	praat
c0178	posthoc_soprano__mezzo_df	25.99358523541743	praat
c0178	posthoc_soprano__mezzo_diff	0.20413117157659855	praat
c0178	posthoc_soprano__alto_df	23.942494338470148	praat
c0178	posthoc_soprano__alto_diff	0.6351658757520413	praat
c0178	posthoc_mezzo__alto_df	20.24839592226488	praat
c0178	posthoc_mezzo__alto_diff	0.43103470417544276	praat
c0179	n	45	praat
c0179	k	3	praat
c0179	posthoc_soprano__mezzo_padj	0.4720193822379873	praat
c0179	posthoc_soprano__mezzo_t	0.7298319085691878	praat
c0179	posthoc_soprano__mezzo_cohens_d	0.266496933006928	praat
c0179	posthoc_soprano__mezzo_p	0.47201938223798734	praat
c0179	posthoc_soprano__alto_padj	0.012263085118630605	praat
c0179	posthoc_soprano__alto_t	3.1750206408910784	praat
c0179	posthoc_soprano__alto_cohens_d	1.1593536170403687	praat
c0179	posthoc_soprano__alto_p	0.004087695039543535	praat
c0179	posthoc_mezzo__alto_padj	0.14703990955216462	praat
c0179	posthoc_mezzo__alto_t	1.7345087529876906	praat
c0179	posthoc_mezzo__alto_cohens_d	0.6333530468010096	praat
c0179	posthoc_mezzo__alto_p	0.09802660636810974	praat
c0179	posthoc_soprano__mezzo_df	25.99358523541743	praat
c0179	posthoc_soprano__mezzo_diff	0.20413117157659855	praat
c0179	posthoc_soprano__alto_df	23.942494338470148	praat
c0179	posthoc_soprano__alto_diff	0.6351658757520413	praat
c0179	posthoc_mezzo__alto_df	20.24839592226488	praat
c0179	posthoc_mezzo__alto_diff	0.43103470417544276	praat
c0180	n	45	praat
c0180	k	3	praat
c0180	posthoc_soprano__mezzo_padj	1	praat
c0180	posthoc_soprano__mezzo_t	0.7298319085691878	praat
c0180	posthoc_soprano__mezzo_cohens_d	0.266496933006928	praat
c0180	posthoc_soprano__mezzo_p	0.4715551179750763	praat
c0180	posthoc_soprano__alto_padj	0.010881057026471234	praat
c0180	posthoc_soprano__alto_t	3.1750206408910784	praat
c0180	posthoc_soprano__alto_cohens_d	1.1593536170403687	praat
c0180	posthoc_soprano__alto_p	0.0036270190088237447	praat
c0180	posthoc_mezzo__alto_padj	0.281477174223266	praat
c0180	posthoc_mezzo__alto_t	1.7345087529876906	praat
c0180	posthoc_mezzo__alto_cohens_d	0.6333530468010096	praat
c0180	posthoc_mezzo__alto_p	0.09382572474108868	praat
c0180	posthoc_soprano__mezzo_df	28	praat
c0180	posthoc_soprano__mezzo_diff	0.20413117157659855	praat
c0180	posthoc_soprano__mezzo_ci_low	-0.5081053354902252	praat
c0180	posthoc_soprano__mezzo_ci_high	0.9163676786434223	praat
c0180	posthoc_soprano__alto_df	28	praat
c0180	posthoc_soprano__alto_diff	0.6351658757520413	praat
c0180	posthoc_soprano__alto_ci_low	0.125743104615187	praat
c0180	posthoc_soprano__alto_ci_high	1.1445886468888955	praat
c0180	posthoc_mezzo__alto_df	28	praat
c0180	posthoc_mezzo__alto_diff	0.43103470417544276	praat
c0180	posthoc_mezzo__alto_ci_low	-0.2017755264466694	praat
c0180	posthoc_mezzo__alto_ci_high	1.063844934797555	praat
c0181	n	45	praat
c0181	k	3	praat
c0181	posthoc_soprano__mezzo_padj	0.4715551179750763	praat
c0181	posthoc_soprano__mezzo_t	0.7298319085691878	praat
c0181	posthoc_soprano__mezzo_cohens_d	0.266496933006928	praat
c0181	posthoc_soprano__mezzo_p	0.4715551179750763	praat
c0181	posthoc_soprano__alto_padj	0.010881057026471234	praat
c0181	posthoc_soprano__alto_t	3.1750206408910784	praat
c0181	posthoc_soprano__alto_cohens_d	1.1593536170403687	praat
c0181	posthoc_soprano__alto_p	0.0036270190088237447	praat
c0181	posthoc_mezzo__alto_padj	0.18765144948217735	praat
c0181	posthoc_mezzo__alto_t	1.7345087529876906	praat
c0181	posthoc_mezzo__alto_cohens_d	0.6333530468010096	praat
c0181	posthoc_mezzo__alto_p	0.09382572474108868	praat
c0181	posthoc_soprano__mezzo_df	28	praat
c0181	posthoc_soprano__mezzo_diff	0.20413117157659855	praat
c0181	posthoc_soprano__alto_df	28	praat
c0181	posthoc_soprano__alto_diff	0.6351658757520413	praat
c0181	posthoc_mezzo__alto_df	28	praat
c0181	posthoc_mezzo__alto_diff	0.43103470417544276	praat
c0182	n	45	praat
c0182	k	3	praat
c0182	posthoc_soprano__mezzo_padj	0.4715551179750763	praat
c0182	posthoc_soprano__mezzo_t	0.7298319085691878	praat
c0182	posthoc_soprano__mezzo_cohens_d	0.266496933006928	praat
c0182	posthoc_soprano__mezzo_p	0.4715551179750763	praat
c0182	posthoc_soprano__alto_padj	0.010881057026471234	praat
c0182	posthoc_soprano__alto_t	3.1750206408910784	praat
c0182	posthoc_soprano__alto_cohens_d	1.1593536170403687	praat
c0182	posthoc_soprano__alto_p	0.0036270190088237447	praat
c0182	posthoc_mezzo__alto_padj	0.140738587111633	praat
c0182	posthoc_mezzo__alto_t	1.7345087529876906	praat
c0182	posthoc_mezzo__alto_cohens_d	0.6333530468010096	praat
c0182	posthoc_mezzo__alto_p	0.09382572474108868	praat
c0182	posthoc_soprano__mezzo_df	28	praat
c0182	posthoc_soprano__mezzo_diff	0.20413117157659855	praat
c0182	posthoc_soprano__alto_df	28	praat
c0182	posthoc_soprano__alto_diff	0.6351658757520413	praat
c0182	posthoc_mezzo__alto_df	28	praat
c0182	posthoc_mezzo__alto_diff	0.43103470417544276	praat
c0183	n	45	praat
c0183	k	3	praat
c0183	posthoc_soprano__mezzo_padj	1	praat
c0183	posthoc_soprano__mezzo_u	128	praat
c0183	posthoc_soprano__mezzo_rank_biserial	0.13777777777777778	praat
c0183	posthoc_soprano__mezzo_p	0.5392985395846969	praat
c0183	posthoc_soprano__alto_padj	0.009466126070091889	praat
c0183	posthoc_soprano__alto_u	182	praat
c0183	posthoc_soprano__alto_rank_biserial	0.6177777777777778	praat
c0183	posthoc_soprano__alto_p	0.0031553753566972965	praat
c0183	posthoc_mezzo__alto_padj	1	praat
c0183	posthoc_mezzo__alto_u	134	praat
c0183	posthoc_mezzo__alto_rank_biserial	0.19111111111111112	praat
c0183	posthoc_mezzo__alto_p	0.3892332987273133	praat
c0183	posthoc_soprano__mezzo_diff	0.3180176267923125	praat
c0183	posthoc_soprano__mezzo_ci_low	-0.5896619372592742	praat
c0183	posthoc_soprano__mezzo_ci_high	1.0441721752403428	praat
c0183	posthoc_soprano__alto_diff	0.681522727637093	praat
c0183	posthoc_soprano__alto_ci_low	0.19609184422222814	praat
c0183	posthoc_soprano__alto_ci_high	1.060523273060494	praat
c0183	posthoc_mezzo__alto_diff	0.3089329621019008	praat
c0183	posthoc_mezzo__alto_ci_low	-0.31319067702920744	praat
c0183	posthoc_mezzo__alto_ci_high	1.2650189545933266	praat
c0184	n	45	praat
c0184	k	3	praat
c0184	posthoc_soprano__mezzo_padj	0.7784665974546267	praat
c0184	posthoc_soprano__mezzo_u	128	praat
c0184	posthoc_soprano__mezzo_rank_biserial	0.13777777777777778	praat
c0184	posthoc_soprano__mezzo_p	0.5392985395846969	praat
c0184	posthoc_soprano__alto_padj	0.009466126070091889	praat
c0184	posthoc_soprano__alto_u	182	praat
c0184	posthoc_soprano__alto_rank_biserial	0.6177777777777778	praat
c0184	posthoc_soprano__alto_p	0.0031553753566972965	praat
c0184	posthoc_mezzo__alto_padj	0.7784665974546267	praat
c0184	posthoc_mezzo__alto_u	134	praat
c0184	posthoc_mezzo__alto_rank_biserial	0.19111111111111112	praat
c0184	posthoc_mezzo__alto_p	0.3892332987273133	praat
c0184	posthoc_soprano__mezzo_diff	0.3180176267923125	praat
c0184	posthoc_soprano__alto_diff	0.681522727637093	praat
c0184	posthoc_mezzo__alto_diff	0.3089329621019008	praat
c0185	n	45	praat
c0185	k	3	praat
c0185	posthoc_soprano__mezzo_padj	0.5392985395846969	praat
c0185	posthoc_soprano__mezzo_u	128	praat
c0185	posthoc_soprano__mezzo_rank_biserial	0.13777777777777778	praat
c0185	posthoc_soprano__mezzo_p	0.5392985395846969	praat
c0185	posthoc_soprano__alto_padj	0.009466126070091889	praat
c0185	posthoc_soprano__alto_u	182	praat
c0185	posthoc_soprano__alto_rank_biserial	0.6177777777777778	praat
c0185	posthoc_soprano__alto_p	0.0031553753566972965	praat
c0185	posthoc_mezzo__alto_padj	0.5392985395846969	praat
c0185	posthoc_mezzo__alto_u	134	praat
c0185	posthoc_mezzo__alto_rank_biserial	0.19111111111111112	praat
c0185	posthoc_mezzo__alto_p	0.3892332987273133	praat
c0185	posthoc_soprano__mezzo_diff	0.3180176267923125	praat
c0185	posthoc_soprano__alto_diff	0.681522727637093	praat
c0185	posthoc_mezzo__alto_diff	0.3089329621019008	praat
c0186	n	45	praat
c0186	k	3	praat
c0186	posthoc_soprano__mezzo_padj	0.7086478740307294	praat
c0186	posthoc_soprano__mezzo_diff	0.20413117157659855	praat
c0186	posthoc_soprano__mezzo_f	0.3472360517902537	praat
c0186	posthoc_soprano__alto_padj	0.04422658810919561	praat
c0186	posthoc_soprano__alto_diff	0.6351658757520413	praat
c0186	posthoc_soprano__alto_f	3.3618665374159318	praat
c0186	posthoc_mezzo__alto_padj	0.2245177092153593	praat
c0186	posthoc_mezzo__alto_diff	0.43103470417544276	praat
c0186	posthoc_mezzo__alto_f	1.5482127140870676	praat
c0186	posthoc_soprano__mezzo_ci_low	-0.41748308683788227	praat
c0186	posthoc_soprano__mezzo_ci_high	0.8257454299910794	praat
c0186	posthoc_soprano__alto_ci_low	0.013551617337560495	praat
c0186	posthoc_soprano__alto_ci_high	1.2567801341665221	praat
c0186	posthoc_mezzo__alto_ci_low	-0.19057955423903805	praat
c0186	posthoc_mezzo__alto_ci_high	1.0526489625899236	praat
c0187	n	45	praat
c0187	k	3	praat
c0187	posthoc_alto__mezzo_padj	0.29407981910432923	praat
c0187	posthoc_alto__mezzo_t	-1.7345087529876906	praat
c0187	posthoc_alto__mezzo_cohens_d	-0.6333530468010096	praat
c0187	posthoc_alto__mezzo_p	0.09802660636810974	praat
c0187	posthoc_alto__soprano_padj	0.012263085118630605	praat
c0187	posthoc_alto__soprano_t	-3.1750206408910784	praat
c0187	posthoc_alto__soprano_cohens_d	-1.1593536170403687	praat
c0187	posthoc_alto__soprano_p	0.004087695039543535	praat
c0187	posthoc_mezzo__soprano_padj	1	praat
c0187	posthoc_mezzo__soprano_t	-0.7298319085691878	praat
c0187	posthoc_mezzo__soprano_cohens_d	-0.266496933006928	praat
c0187	posthoc_mezzo__soprano_p	0.47201938223798734	praat
c0187	posthoc_alto__mezzo_df	20.24839592226488	praat
c0187	posthoc_alto__mezzo_diff	-0.43103470417544276	praat
c0187	posthoc_alto__mezzo_ci_low	-1.079554792678862	praat
c0187	posthoc_alto__mezzo_ci_high	0.2174853843279766	praat
c0187	posthoc_alto__soprano_df	23.942494338470148	praat
c0187	posthoc_alto__soprano_diff	-0.6351658757520413	praat
c0187	posthoc_alto__soprano_ci_low	-1.1501174986868252	praat
c0187	posthoc_alto__soprano_ci_high	-0.1202142528172574	praat
c0187	posthoc_mezzo__soprano_df	25.99358523541743	praat
c0187	posthoc_mezzo__soprano_diff	-0.20413117157659855	praat
c0187	posthoc_mezzo__soprano_ci_low	-0.9198696044165215	praat
c0187	posthoc_mezzo__soprano_ci_high	0.5116072612633245	praat
c0188	n	45	praat
c0188	k	3	praat
c0188	posthoc_alto__mezzo_padj	0.19605321273621948	praat
c0188	posthoc_alto__mezzo_t	-1.7345087529876906	praat
c0188	posthoc_alto__mezzo_cohens_d	-0.6333530468010096	praat
c0188	posthoc_alto__mezzo_p	0.09802660636810974	praat
c0188	posthoc_alto__soprano_padj	0.012263085118630605	praat
c0188	posthoc_alto__soprano_t	-3.1750206408910784	praat
c0188	posthoc_alto__soprano_cohens_d	-1.1593536170403687	praat
c0188	posthoc_alto__soprano_p	0.004087695039543535	praat
c0188	posthoc_mezzo__soprano_padj	0.47201938223798734	praat
c0188	posthoc_mezzo__soprano_t	-0.7298319085691878	praat
c0188	posthoc_mezzo__soprano_cohens_d	-0.266496933006928	praat
c0188	posthoc_mezzo__soprano_p	0.47201938223798734	praat
c0188	posthoc_alto__mezzo_df	20.24839592226488	praat
c0188	posthoc_alto__mezzo_diff	-0.43103470417544276	praat
c0188	posthoc_alto__soprano_df	23.942494338470148	praat
c0188	posthoc_alto__soprano_diff	-0.6351658757520413	praat
c0188	posthoc_mezzo__soprano_df	25.99358523541743	praat
c0188	posthoc_mezzo__soprano_diff	-0.20413117157659855	praat
c0189	n	45	praat
c0189	k	3	praat
c0189	posthoc_alto__mezzo_padj	0.14703990955216462	praat
c0189	posthoc_alto__mezzo_t	-1.7345087529876906	praat
c0189	posthoc_alto__mezzo_cohens_d	-0.6333530468010096	praat
c0189	posthoc_alto__mezzo_p	0.09802660636810974	praat
c0189	posthoc_alto__soprano_padj	0.012263085118630605	praat
c0189	posthoc_alto__soprano_t	-3.1750206408910784	praat
c0189	posthoc_alto__soprano_cohens_d	-1.1593536170403687	praat
c0189	posthoc_alto__soprano_p	0.004087695039543535	praat
c0189	posthoc_mezzo__soprano_padj	0.4720193822379873	praat
c0189	posthoc_mezzo__soprano_t	-0.7298319085691878	praat
c0189	posthoc_mezzo__soprano_cohens_d	-0.266496933006928	praat
c0189	posthoc_mezzo__soprano_p	0.47201938223798734	praat
c0189	posthoc_alto__mezzo_df	20.24839592226488	praat
c0189	posthoc_alto__mezzo_diff	-0.43103470417544276	praat
c0189	posthoc_alto__soprano_df	23.942494338470148	praat
c0189	posthoc_alto__soprano_diff	-0.6351658757520413	praat
c0189	posthoc_mezzo__soprano_df	25.99358523541743	praat
c0189	posthoc_mezzo__soprano_diff	-0.20413117157659855	praat
c0190	n	45	praat
c0190	k	3	praat
c0190	posthoc_alto__mezzo_padj	0.281477174223266	praat
c0190	posthoc_alto__mezzo_t	-1.7345087529876906	praat
c0190	posthoc_alto__mezzo_cohens_d	-0.6333530468010096	praat
c0190	posthoc_alto__mezzo_p	0.09382572474108868	praat
c0190	posthoc_alto__soprano_padj	0.010881057026471234	praat
c0190	posthoc_alto__soprano_t	-3.1750206408910784	praat
c0190	posthoc_alto__soprano_cohens_d	-1.1593536170403687	praat
c0190	posthoc_alto__soprano_p	0.0036270190088237447	praat
c0190	posthoc_mezzo__soprano_padj	1	praat
c0190	posthoc_mezzo__soprano_t	-0.7298319085691878	praat
c0190	posthoc_mezzo__soprano_cohens_d	-0.266496933006928	praat
c0190	posthoc_mezzo__soprano_p	0.4715551179750763	praat
c0190	posthoc_alto__mezzo_df	28	praat
c0190	posthoc_alto__mezzo_diff	-0.43103470417544276	praat
c0190	posthoc_alto__mezzo_ci_low	-1.063844934797555	praat
c0190	posthoc_alto__mezzo_ci_high	0.2017755264466694	praat
c0190	posthoc_alto__soprano_df	28	praat
c0190	posthoc_alto__soprano_diff	-0.6351658757520413	praat
c0190	posthoc_alto__soprano_ci_low	-1.1445886468888955	praat
c0190	posthoc_alto__soprano_ci_high	-0.125743104615187	praat
c0190	posthoc_mezzo__soprano_df	28	praat
c0190	posthoc_mezzo__soprano_diff	-0.20413117157659855	praat
c0190	posthoc_mezzo__soprano_ci_low	-0.9163676786434223	praat
c0190	posthoc_mezzo__soprano_ci_high	0.5081053354902252	praat
c0191	n	45	praat
c0191	k	3	praat
c0191	posthoc_alto__mezzo_padj	0.18765144948217735	praat
c0191	posthoc_alto__mezzo_t	-1.7345087529876906	praat
c0191	posthoc_alto__mezzo_cohens_d	-0.6333530468010096	praat
c0191	posthoc_alto__mezzo_p	0.09382572474108868	praat
c0191	posthoc_alto__soprano_padj	0.010881057026471234	praat
c0191	posthoc_alto__soprano_t	-3.1750206408910784	praat
c0191	posthoc_alto__soprano_cohens_d	-1.1593536170403687	praat
c0191	posthoc_alto__soprano_p	0.0036270190088237447	praat
c0191	posthoc_mezzo__soprano_padj	0.4715551179750763	praat
c0191	posthoc_mezzo__soprano_t	-0.7298319085691878	praat
c0191	posthoc_mezzo__soprano_cohens_d	-0.266496933006928	praat
c0191	posthoc_mezzo__soprano_p	0.4715551179750763	praat
c0191	posthoc_alto__mezzo_df	28	praat
c0191	posthoc_alto__mezzo_diff	-0.43103470417544276	praat
c0191	posthoc_alto__soprano_df	28	praat
c0191	posthoc_alto__soprano_diff	-0.6351658757520413	praat
c0191	posthoc_mezzo__soprano_df	28	praat
c0191	posthoc_mezzo__soprano_diff	-0.20413117157659855	praat
c0192	n	45	praat
c0192	k	3	praat
c0192	posthoc_alto__mezzo_padj	0.140738587111633	praat
c0192	posthoc_alto__mezzo_t	-1.7345087529876906	praat
c0192	posthoc_alto__mezzo_cohens_d	-0.6333530468010096	praat
c0192	posthoc_alto__mezzo_p	0.09382572474108868	praat
c0192	posthoc_alto__soprano_padj	0.010881057026471234	praat
c0192	posthoc_alto__soprano_t	-3.1750206408910784	praat
c0192	posthoc_alto__soprano_cohens_d	-1.1593536170403687	praat
c0192	posthoc_alto__soprano_p	0.0036270190088237447	praat
c0192	posthoc_mezzo__soprano_padj	0.4715551179750763	praat
c0192	posthoc_mezzo__soprano_t	-0.7298319085691878	praat
c0192	posthoc_mezzo__soprano_cohens_d	-0.266496933006928	praat
c0192	posthoc_mezzo__soprano_p	0.4715551179750763	praat
c0192	posthoc_alto__mezzo_df	28	praat
c0192	posthoc_alto__mezzo_diff	-0.43103470417544276	praat
c0192	posthoc_alto__soprano_df	28	praat
c0192	posthoc_alto__soprano_diff	-0.6351658757520413	praat
c0192	posthoc_mezzo__soprano_df	28	praat
c0192	posthoc_mezzo__soprano_diff	-0.20413117157659855	praat
c0193	n	45	praat
c0193	k	3	praat
c0193	posthoc_alto__mezzo_padj	1	praat
c0193	posthoc_alto__mezzo_u	91	praat
c0193	posthoc_alto__mezzo_rank_biserial	-0.19111111111111112	praat
c0193	posthoc_alto__mezzo_p	0.3892332987273133	praat
c0193	posthoc_alto__soprano_padj	0.009466126070091889	praat
c0193	posthoc_alto__soprano_u	43	praat
c0193	posthoc_alto__soprano_rank_biserial	-0.6177777777777778	praat
c0193	posthoc_alto__soprano_p	0.0031553753566972965	praat
c0193	posthoc_mezzo__soprano_padj	1	praat
c0193	posthoc_mezzo__soprano_u	97	praat
c0193	posthoc_mezzo__soprano_rank_biserial	-0.13777777777777778	praat
c0193	posthoc_mezzo__soprano_p	0.5392985395846969	praat
c0193	posthoc_alto__mezzo_diff	-0.3089329621019008	praat
c0193	posthoc_alto__mezzo_ci_low	-1.2650189545933266	praat
c0193	posthoc_alto__mezzo_ci_high	0.31319067702920744	praat
c0193	posthoc_alto__soprano_diff	-0.681522727637093	praat
c0193	posthoc_alto__soprano_ci_low	-1.060523273060494	praat
c0193	posthoc_alto__soprano_ci_high	-0.19609184422222814	praat
c0193	posthoc_mezzo__soprano_diff	-0.3180176267923125	praat
c0193	posthoc_mezzo__soprano_ci_low	-1.0441721752403428	praat
c0193	posthoc_mezzo__soprano_ci_high	0.5896619372592742	praat
c0194	n	45	praat
c0194	k	3	praat
c0194	posthoc_alto__mezzo_padj	0.7784665974546267	praat
c0194	posthoc_alto__mezzo_u	91	praat
c0194	posthoc_alto__mezzo_rank_biserial	-0.19111111111111112	praat
c0194	posthoc_alto__mezzo_p	0.3892332987273133	praat
c0194	posthoc_alto__soprano_padj	0.009466126070091889	praat
c0194	posthoc_alto__soprano_u	43	praat
c0194	posthoc_alto__soprano_rank_biserial	-0.6177777777777778	praat
c0194	posthoc_alto__soprano_p	0.0031553753566972965	praat
c0194	posthoc_mezzo__soprano_padj	0.7784665974546267	praat
c0194	posthoc_mezzo__soprano_u	97	praat
c0194	posthoc_mezzo__soprano_rank_biserial	-0.13777777777777778	praat
c0194	posthoc_mezzo__soprano_p	0.5392985395846969	praat
c0194	posthoc_alto__mezzo_diff	-0.3089329621019008	praat
c0194	posthoc_alto__soprano_diff	-0.681522727637093	praat
c0194	posthoc_mezzo__soprano_diff	-0.3180176267923125	praat
c0195	n	45	praat
c0195	k	3	praat
c0195	posthoc_alto__mezzo_padj	0.5392985395846969	praat
c0195	posthoc_alto__mezzo_u	91	praat
c0195	posthoc_alto__mezzo_rank_biserial	-0.19111111111111112	praat
c0195	posthoc_alto__mezzo_p	0.3892332987273133	praat
c0195	posthoc_alto__soprano_padj	0.009466126070091889	praat
c0195	posthoc_alto__soprano_u	43	praat
c0195	posthoc_alto__soprano_rank_biserial	-0.6177777777777778	praat
c0195	posthoc_alto__soprano_p	0.0031553753566972965	praat
c0195	posthoc_mezzo__soprano_padj	0.5392985395846969	praat
c0195	posthoc_mezzo__soprano_u	97	praat
c0195	posthoc_mezzo__soprano_rank_biserial	-0.13777777777777778	praat
c0195	posthoc_mezzo__soprano_p	0.5392985395846969	praat
c0195	posthoc_alto__mezzo_diff	-0.3089329621019008	praat
c0195	posthoc_alto__soprano_diff	-0.681522727637093	praat
c0195	posthoc_mezzo__soprano_diff	-0.3180176267923125	praat
c0196	n	45	praat
c0196	k	3	praat
c0196	posthoc_alto__mezzo_padj	0.22451770921535985	praat
c0196	posthoc_alto__mezzo_diff	-0.43103470417544276	praat
c0196	posthoc_alto__mezzo_f	1.5482127140870685	praat
c0196	posthoc_alto__soprano_padj	0.04422658810919559	praat
c0196	posthoc_alto__soprano_diff	-0.6351658757520413	praat
c0196	posthoc_alto__soprano_f	3.361866537415933	praat
c0196	posthoc_mezzo__soprano_padj	0.7086478740307294	praat
c0196	posthoc_mezzo__soprano_diff	-0.20413117157659855	praat
c0196	posthoc_mezzo__soprano_f	0.34723605179025385	praat
c0196	posthoc_alto__mezzo_ci_low	-1.0526489625899234	praat
c0196	posthoc_alto__mezzo_ci_high	0.19057955423903794	praat
c0196	posthoc_alto__soprano_ci_low	-1.256780134166522	praat
c0196	posthoc_alto__soprano_ci_high	-0.013551617337560606	praat
c0196	posthoc_mezzo__soprano_ci_low	-0.8257454299910792	praat
c0196	posthoc_mezzo__soprano_ci_high	0.41748308683788216	praat
c0197	n	45	praat
c0197	k	3	praat
c0197	posthoc_soprano__mezzo_padj	0.05274412596185769	praat
c0197	posthoc_soprano__mezzo_t	2.5303362282675366	praat
c0197	posthoc_soprano__mezzo_cohens_d	0.9239481535297805	praat
c0197	posthoc_soprano__mezzo_p	0.01758137532061923	praat
c0197	posthoc_soprano__alto_padj	1.1033606503174835e-05	praat
c0197	posthoc_soprano__alto_t	5.75069164518259	praat
c0197	posthoc_soprano__alto_cohens_d	2.099855690215333	praat
c0197	posthoc_soprano__alto_p	3.677868834391612e-06	praat
c0197	posthoc_mezzo__alto_padj	0.03420555256107685	praat
c0197	posthoc_mezzo__alto_t	2.711457044327913	praat
c0197	posthoc_mezzo__alto_cohens_d	0.9900841245897888	praat
c0197	posthoc_mezzo__alto_p	0.011401850853692285	praat
c0197	posthoc_soprano__mezzo_df	26.812472236579378	praat
c0197	posthoc_soprano__mezzo_diff	3.626583563810925	praat
c0197	posthoc_soprano__mezzo_ci_low	-0.03339359899196115	praat
c0197	posthoc_soprano__mezzo_ci_high	7.2865607266138115	praat
c0197	posthoc_soprano__alto_df	27.80596726697814	praat
c0197	posthoc_soprano__alto_diff	7.650165159727322	praat
c0197	posthoc_soprano__alto_ci_low	4.261093978847576	praat
c0197	posthoc_soprano__alto_ci_high	11.039236340607069	praat
c0197	posthoc_mezzo__alto_df	27.540361656672317	praat
c0197	posthoc_mezzo__alto_diff	4.023581595916397	praat
c0197	posthoc_mezzo__alto_ci_low	0.2408313701891367	praat
c0197	posthoc_mezzo__alto_ci_high	7.806331821643658	praat
c0198	n	45	praat
c0198	k	3	praat
c0198	posthoc_soprano__mezzo_padj	0.02280370170738457	praat
c0198	posthoc_soprano__mezzo_t	2.5303362282675366	praat
c0198	posthoc_soprano__mezzo_cohens_d	0.9239481535297805	praat
c0198	posthoc_soprano__mezzo_p	0.01758137532061923	praat
c0198	posthoc_soprano__alto_padj	1.1033606503174835e-05	praat
c0198	posthoc_soprano__alto_t	5.75069164518259	praat
c0198	posthoc_soprano__alto_cohens_d	2.099855690215333	praat
c0198	posthoc_soprano__alto_p	3.677868834391612e-06	praat
c0198	posthoc_mezzo__alto_padj	0.02280370170738457	praat
c0198	posthoc_mezzo__alto_t	2.711457044327913	praat
c0198	posthoc_mezzo__alto_cohens_d	0.9900841245897888	praat
c0198	posthoc_mezzo__alto_p	0.011401850853692285	praat
c0198	posthoc_soprano__mezzo_df	26.812472236579378	praat
c0198	posthoc_soprano__mezzo_diff	3.626583563810925	praat
c0198	posthoc_soprano__alto_df	27.80596726697814	praat
c0198	posthoc_soprano__alto_diff	7.650165159727322	praat
c0198	posthoc_mezzo__alto_df	27.540361656672317	praat
c0198	posthoc_mezzo__alto_diff	4.023581595916397	praat
c0199	n	45	praat
c0199	k	3	praat
c0199	posthoc_soprano__mezzo_padj	0.01758137532061923	praat
c0199	posthoc_soprano__mezzo_t	2.5303362282675366	praat
c0199	posthoc_soprano__mezzo_cohens_d	0.9239481535297805	praat
c0199	posthoc_soprano__mezzo_p	0.01758137532061923	praat
c0199	posthoc_soprano__alto_padj	1.1033606503174835e-05	praat
c0199	posthoc_soprano__alto_t	5.75069164518259	praat
c0199	posthoc_soprano__alto_cohens_d	2.099855690215333	praat
c0199	posthoc_soprano__alto_p	3.677868834391612e-06	praat
c0199	posthoc_mezzo__alto_padj	0.017102776280538426	praat
c0199	posthoc_mezzo__alto_t	2.711457044327913	praat
c0199	posthoc_mezzo__alto_cohens_d	0.9900841245897888	praat
c0199	posthoc_mezzo__alto_p	0.011401850853692285	praat
c0199	posthoc_soprano__mezzo_df	26.812472236579378	praat
c0199	posthoc_soprano__mezzo_diff	3.626583563810925	praat
c0199	posthoc_soprano__alto_df	27.80596726697814	praat
c0199	posthoc_soprano__alto_diff	7.650165159727322	praat
c0199	posthoc_mezzo__alto_df	27.540361656672317	praat
c0199	posthoc_mezzo__alto_diff	4.023581595916397	praat
c0200	n	45	praat
c0200	k	3	praat
c0200	posthoc_soprano__mezzo_padj	0.05189911276846233	praat
c0200	posthoc_soprano__mezzo_t	2.5303362282675366	praat
c0200	posthoc_soprano__mezzo_cohens_d	0.9239481535297805	praat
c0200	posthoc_soprano__mezzo_p	0.01729970425615411	praat
c0200	posthoc_soprano__alto_padj	1.0760609459728309e-05	praat
c0200	posthoc_soprano__alto_t	5.750691645182591	praat
c0200	posthoc_soprano__alto_cohens_d	2.099855690215333	praat
c0200	posthoc_soprano__alto_p	3.5868698199094366e-06	praat
c0200	posthoc_mezzo__alto_padj	0.033948909877072275	praat
c0200	posthoc_mezzo__alto_t	2.711457044327913	praat
c0200	posthoc_mezzo__alto_cohens_d	0.9900841245897888	praat
c0200	posthoc_mezzo__alto_p	0.011316303292357425	praat
c0200	posthoc_soprano__mezzo_df	28	praat
c0200	posthoc_soprano__mezzo_diff	3.626583563810925	praat
c0200	posthoc_soprano__mezzo_ci_low	-0.02311674857585233	praat
c0200	posthoc_soprano__mezzo_ci_high	7.276283876197702	praat
c0200	posthoc_soprano__alto_df	28	praat
c0200	posthoc_soprano__alto_diff	7.650165159727322	praat
c0200	posthoc_soprano__alto_ci_low	4.262593589255206	praat
c0200	posthoc_soprano__alto_ci_high	11.037736730199438	praat
c0200	posthoc_mezzo__alto_df	28	praat
c0200	posthoc_mezzo__alto_diff	4.023581595916397	praat
c0200	posthoc_mezzo__alto_ci_low	0.24483443617295242	praat
c0200	posthoc_mezzo__alto_ci_high	7.8023287556598415	praat
c0201	n	45	praat
c0201	k	3	praat
c0201	posthoc_soprano__mezzo_padj	0.02263260658471485	praat
c0201	posthoc_soprano__mezzo_t	2.5303362282675366	praat
c0201	posthoc_soprano__mezzo_cohens_d	0.9239481535297805	praat
c0201	posthoc_soprano__mezzo_p	0.01729970425615411	praat
c0201	posthoc_soprano__alto_padj	1.0760609459728309e-05	praat
c0201	posthoc_soprano__alto_t	5.750691645182591	praat
c0201	posthoc_soprano__alto_cohens_d	2.099855690215333	praat
c0201	posthoc_soprano__alto_p	3.5868698199094366e-06	praat
c0201	posthoc_mezzo__alto_padj	0.02263260658471485	praat
c0201	posthoc_mezzo__alto_t	2.711457044327913	praat
c0201	posthoc_mezzo__alto_cohens_d	0.9900841245897888	praat
c0201	posthoc_mezzo__alto_p	0.011316303292357425	praat
c0201	posthoc_soprano__mezzo_df	28	praat
c0201	posthoc_soprano__mezzo_diff	3.626583563810925	praat
c0201	posthoc_soprano__alto_df	28	praat
c0201	posthoc_soprano__alto_diff	7.650165159727322	praat
c0201	posthoc_mezzo__alto_df	28	praat
c0201	posthoc_mezzo__alto_diff	4.023581595916397	praat
c0202	n	45	praat
c0202	k	3	praat
c0202	posthoc_soprano__mezzo_padj	0.01729970425615411	praat
c0202	posthoc_soprano__mezzo_t	2.5303362282675366	praat
c0202	posthoc_soprano__mezzo_cohens_d	0.9239481535297805	praat
c0202	posthoc_soprano__mezzo_p	0.01729970425615411	praat
c0202	posthoc_soprano__alto_padj	1.0760609459728309e-05	praat
c0202	posthoc_soprano__alto_t	5.750691645182591	praat
c0202	posthoc_soprano__alto_cohens_d	2.099855690215333	praat
c0202	posthoc_soprano__alto_p	3.5868698199094366e-06	praat
c0202	posthoc_mezzo__alto_padj	0.016974454938536138	praat
c0202	posthoc_mezzo__alto_t	2.711457044327913	praat
c0202	posthoc_mezzo__alto_cohens_d	0.9900841245897888	praat
c0202	posthoc_mezzo__alto_p	0.011316303292357425	praat
c0202	posthoc_soprano__mezzo_df	28	praat
c0202	posthoc_soprano__mezzo_diff	3.626583563810925	praat
c0202	posthoc_soprano__alto_df	28	praat
c0202	posthoc_soprano__alto_diff	7.650165159727322	praat
c0202	posthoc_mezzo__alto_df	28	praat
c0202	posthoc_mezzo__alto_diff	4.023581595916397	praat
c0203	n	45	praat
c0203	k	3	praat
c0203	posthoc_soprano__mezzo_padj	0.07906213302017721	praat
c0203	posthoc_soprano__mezzo_u	166	praat
c0203	posthoc_soprano__mezzo_rank_biserial	0.47555555555555556	praat
c0203	posthoc_soprano__mezzo_p	0.02635404434005907	praat
c0203	posthoc_soprano__alto_padj	1.0521055261842763e-05	praat
c0203	posthoc_soprano__alto_u	213	praat
c0203	posthoc_soprano__alto_rank_biserial	0.8933333333333333	praat
c0203	posthoc_soprano__alto_p	3.5070184206142543e-06	praat
c0203	posthoc_mezzo__alto_padj	0.02962446795178262	praat
c0203	posthoc_mezzo__alto_u	174	praat
c0203	posthoc_mezzo__alto_rank_biserial	0.5466666666666666	praat
c0203	posthoc_mezzo__alto_p	0.009874822650594207	praat
c0203	posthoc_soprano__mezzo_diff	3.654045969107557	praat
c0203	posthoc_soprano__mezzo_ci_low	-0.36138795696048476	praat
c0203	posthoc_soprano__mezzo_ci_high	7.182775837040907	praat
c0203	posthoc_soprano__alto_diff	7.8105556900550255	praat
c0203	posthoc_soprano__alto_ci_low	3.7979889569752743	praat
c0203	posthoc_soprano__alto_ci_high	11.356401046182839	praat
c0203	posthoc_mezzo__alto_diff	4.075923327015673	praat
c0203	posthoc_mezzo__alto_ci_low	0.537935145986836	praat
c0203	posthoc_mezzo__alto_ci_high	7.932918350488663	praat
c0204	n	45	praat
c0204	k	3	praat
c0204	posthoc_soprano__mezzo_padj	0.02635404434005907	praat
c0204	posthoc_soprano__mezzo_u	166	praat
c0204	posthoc_soprano__mezzo_rank_biserial	0.47555555555555556	praat
c0204	posthoc_soprano__mezzo_p	0.02635404434005907	praat
c0204	posthoc_soprano__alto_padj	1.0521055261842763e-05	praat
c0204	posthoc_soprano__alto_u	213	praat
c0204	posthoc_soprano__alto_rank_biserial	0.8933333333333333	praat
c0204	posthoc_soprano__alto_p	3.5070184206142543e-06	praat
c0204	posthoc_mezzo__alto_padj	0.019749645301188414	praat
c0204	posthoc_mezzo__alto_u	174	praat
c0204	posthoc_mezzo__alto_rank_biserial	0.5466666666666666	praat
c0204	posthoc_mezzo__alto_p	0.009874822650594207	praat
c0204	posthoc_soprano__mezzo_diff	3.654045969107557	praat
c0204	posthoc_soprano__alto_diff	7.8105556900550255	praat
c0204	posthoc_mezzo__alto_diff	4.075923327015673	praat
c0205	n	45	praat
c0205	k	3	praat
c0205	posthoc_soprano__mezzo_padj	0.02635404434005907	praat
c0205	posthoc_soprano__mezzo_u	166	praat
c0205	posthoc_soprano__mezzo_rank_biserial	0.47555555555555556	praat
c0205	posthoc_soprano__mezzo_p	0.02635404434005907	praat
c0205	posthoc_soprano__alto_padj	1.0521055261842763e-05	praat
c0205	posthoc_soprano__alto_u	213	praat
c0205	posthoc_soprano__alto_rank_biserial	0.8933333333333333	praat
c0205	posthoc_soprano__alto_p	3.5070184206142543e-06	praat
c0205	posthoc_mezzo__alto_padj	0.01481223397589131	praat
c0205	posthoc_mezzo__alto_u	174	praat
c0205	posthoc_mezzo__alto_rank_biserial	0.5466666666666666	praat
c0205	posthoc_mezzo__alto_p	0.009874822650594207	praat
c0205	posthoc_soprano__mezzo_diff	3.654045969107557	praat
c0205	posthoc_soprano__alto_diff	7.8105556900550255	praat
c0205	posthoc_mezzo__alto_diff	4.075923327015673	praat
c0206	n	45	praat
c0206	k	3	praat
c0206	posthoc_soprano__mezzo_padj	0.04771744719124382	praat
c0206	posthoc_soprano__mezzo_diff	3.626583563810925	praat
c0206	posthoc_soprano__mezzo_f	3.273892707516826	praat
c0206	posthoc_soprano__alto_padj	1.5640993493265218e-05	praat
c0206	posthoc_soprano__alto_diff	7.650165159727322	praat
c0206	posthoc_soprano__alto_f	14.568360750795387	praat
c0206	posthoc_mezzo__alto_padj	0.025058920633293635	praat
c0206	posthoc_mezzo__alto_diff	4.023581595916397	praat
c0206	posthoc_mezzo__alto_f	4.029903908361869	praat
c0206	posthoc_soprano__mezzo_ci_low	0.03000532785869492	praat
c0206	posthoc_soprano__mezzo_ci_high	7.223161799763155	praat
c0206	posthoc_soprano__alto_ci_low	4.053586923775092	praat
c0206	posthoc_soprano__alto_ci_high	11.246743395679552	praat
c0206	posthoc_mezzo__alto_ci_low	0.42700335996416694	praat
c0206	posthoc_mezzo__alto_ci_high	7.620159831868627	praat
c0207	n	45	praat
c0207	k	3	praat
c0207	posthoc_alto__mezzo_padj	0.03420555256107685	praat
c0207	posthoc_alto__mezzo_t	-2.711457044327913	praat
c0207	posthoc_alto__mezzo_cohens_d	-0.9900841245897888	praat
c0207	posthoc_alto__mezzo_p	0.011401850853692285	praat
c0207	posthoc_alto__soprano_padj	1.1033606503174835e-05	praat
c0207	posthoc_alto__soprano_t	-5.75069164518259	praat
c0207	posthoc_alto__soprano_cohens_d	-2.099855690215333	praat
c0207	posthoc_alto__soprano_p	3.677868834391612e-06	praat
c0207	posthoc_mezzo__soprano_padj	0.05274412596185769	praat
c0207	posthoc_mezzo__soprano_t	-2.5303362282675366	praat
c0207	posthoc_mezzo__soprano_cohens_d	-0.9239481535297805	praat
c0207	posthoc_mezzo__soprano_p	0.01758137532061923	praat
c0207	posthoc_alto__mezzo_df	27.540361656672317	praat
c0207	posthoc_alto__mezzo_diff	-4.023581595916397	praat
c0207	posthoc_alto__mezzo_ci_low	-7.806331821643658	praat
c0207	posthoc_alto__mezzo_ci_high	-0.2408313701891367	praat
c0207	posthoc_alto__soprano_df	27.80596726697814	praat
c0207	posthoc_alto__soprano_diff	-7.650165159727322	praat
c0207	posthoc_alto__soprano_ci_low	-11.039236340607069	praat
c0207	posthoc_alto__soprano_ci_high	-4.261093978847576	praat
c0207	posthoc_mezzo__soprano_df	26.812472236579378	praat
c0207	posthoc_mezzo__soprano_diff	-3.626583563810925	praat
c0207	posthoc_mezzo__soprano_ci_low	-7.2865607266138115	praat
c0207	posthoc_mezzo__soprano_ci_high	0.03339359899196115	praat
c0208	n	45	praat
c0208	k	3	praat
c0208	posthoc_alto__mezzo_padj	0.02280370170738457	praat
c0208	posthoc_alto__mezzo_t	-2.711457044327913	praat
c0208	posthoc_alto__mezzo_cohens_d	-0.9900841245897888	praat
c0208	posthoc_alto__mezzo_p	0.011401850853692285	praat
c0208	posthoc_alto__soprano_padj	1.1033606503174835e-05	praat
c0208	posthoc_alto__soprano_t	-5.75069164518259	praat
c0208	posthoc_alto__soprano_cohens_d	-2.099855690215333	praat
c0208	posthoc_alto__soprano_p	3.677868834391612e-06	praat
c0208	posthoc_mezzo__soprano_padj	0.02280370170738457	praat
c0208	posthoc_mezzo__soprano_t	-2.5303362282675366	praat
c0208	posthoc_mezzo__soprano_cohens_d	-0.9239481535297805	praat
c0208	posthoc_mezzo__soprano_p	0.01758137532061923	praat
c0208	posthoc_alto__mezzo_df	27.540361656672317	praat
c0208	posthoc_alto__mezzo_diff	-4.023581595916397	praat
c0208	posthoc_alto__soprano_df	27.80596726697814	praat
c0208	posthoc_alto__soprano_diff	-7.650165159727322	praat
c0208	posthoc_mezzo__soprano_df	26.812472236579378	praat
c0208	posthoc_mezzo__soprano_diff	-3.626583563810925	praat
c0209	n	45	praat
c0209	k	3	praat
c0209	posthoc_alto__mezzo_padj	0.017102776280538426	praat
c0209	posthoc_alto__mezzo_t	-2.711457044327913	praat
c0209	posthoc_alto__mezzo_cohens_d	-0.9900841245897888	praat
c0209	posthoc_alto__mezzo_p	0.011401850853692285	praat
c0209	posthoc_alto__soprano_padj	1.1033606503174835e-05	praat
c0209	posthoc_alto__soprano_t	-5.75069164518259	praat
c0209	posthoc_alto__soprano_cohens_d	-2.099855690215333	praat
c0209	posthoc_alto__soprano_p	3.677868834391612e-06	praat
c0209	posthoc_mezzo__soprano_padj	0.01758137532061923	praat
c0209	posthoc_mezzo__soprano_t	-2.5303362282675366	praat
c0209	posthoc_mezzo__soprano_cohens_d	-0.9239481535297805	praat
c0209	posthoc_mezzo__soprano_p	0.01758137532061923	praat
c0209	posthoc_alto__mezzo_df	27.540361656672317	praat
c0209	posthoc_alto__mezzo_diff	-4.023581595916397	praat
c0209	posthoc_alto__soprano_df	27.80596726697814	praat
c0209	posthoc_alto__soprano_diff	-7.650165159727322	praat
c0209	posthoc_mezzo__soprano_df	26.812472236579378	praat
c0209	posthoc_mezzo__soprano_diff	-3.626583563810925	praat
c0210	n	45	praat
c0210	k	3	praat
c0210	posthoc_alto__mezzo_padj	0.033948909877072275	praat
c0210	posthoc_alto__mezzo_t	-2.711457044327913	praat
c0210	posthoc_alto__mezzo_cohens_d	-0.9900841245897888	praat
c0210	posthoc_alto__mezzo_p	0.011316303292357425	praat
c0210	posthoc_alto__soprano_padj	1.0760609459728309e-05	praat
c0210	posthoc_alto__soprano_t	-5.750691645182591	praat
c0210	posthoc_alto__soprano_cohens_d	-2.099855690215333	praat
c0210	posthoc_alto__soprano_p	3.5868698199094366e-06	praat
c0210	posthoc_mezzo__soprano_padj	0.05189911276846233	praat
c0210	posthoc_mezzo__soprano_t	-2.5303362282675366	praat
c0210	posthoc_mezzo__soprano_cohens_d	-0.9239481535297805	praat
c0210	posthoc_mezzo__soprano_p	0.01729970425615411	praat
c0210	posthoc_alto__mezzo_df	28	praat
c0210	posthoc_alto__mezzo_diff	-4.023581595916397	praat
c0210	posthoc_alto__mezzo_ci_low	-7.8023287556598415	praat
c0210	posthoc_alto__mezzo_ci_high	-0.24483443617295242	praat
c0210	posthoc_alto__soprano_df	28	praat
c0210	posthoc_alto__soprano_diff	-7.650165159727322	praat
c0210	posthoc_alto__soprano_ci_low	-11.037736730199438	praat
c0210	posthoc_alto__soprano_ci_high	-4.262593589255206	praat
c0210	posthoc_mezzo__soprano_df	28	praat
c0210	posthoc_mezzo__soprano_diff	-3.626583563810925	praat
c0210	posthoc_mezzo__soprano_ci_low	-7.276283876197702	praat
c0210	posthoc_mezzo__soprano_ci_high	0.02311674857585233	praat
c0211	n	45	praat
c0211	k	3	praat
c0211	posthoc_alto__mezzo_padj	0.02263260658471485	praat
c0211	posthoc_alto__mezzo_t	-2.711457044327913	praat
c0211	posthoc_alto__mezzo_cohens_d	-0.9900841245897888	praat
c0211	posthoc_alto__mezzo_p	0.011316303292357425	praat
c0211	posthoc_alto__soprano_padj	1.0760609459728309e-05	praat
c0211	posthoc_alto__soprano_t	-5.750691645182591	praat
c0211	posthoc_alto__soprano_cohens_d	-2.099855690215333	praat
c0211	posthoc_alto__soprano_p	3.5868698199094366e-06	praat
c0211	posthoc_mezzo__soprano_padj	0.02263260658471485	praat
c0211	posthoc_mezzo__soprano_t	-2.5303362282675366	praat
c0211	posthoc_mezzo__soprano_cohens_d	-0.9239481535297805	praat
c0211	posthoc_mezzo__soprano_p	0.01729970425615411	praat
c0211	posthoc_alto__mezzo_df	28	praat
c0211	posthoc_alto__mezzo_diff	-4.023581595916397	praat
c0211	posthoc_alto__soprano_df	28	praat
c0211	posthoc_alto__soprano_diff	-7.650165159727322	praat
c0211	posthoc_mezzo__soprano_df	28	praat
c0211	posthoc_mezzo__soprano_diff	-3.626583563810925	praat
c0212	n	45	praat
c0212	k	3	praat
c0212	posthoc_alto__mezzo_padj	0.016974454938536138	praat
c0212	posthoc_alto__mezzo_t	-2.711457044327913	praat
c0212	posthoc_alto__mezzo_cohens_d	-0.9900841245897888	praat
c0212	posthoc_alto__mezzo_p	0.011316303292357425	praat
c0212	posthoc_alto__soprano_padj	1.0760609459728309e-05	praat
c0212	posthoc_alto__soprano_t	-5.750691645182591	praat
c0212	posthoc_alto__soprano_cohens_d	-2.099855690215333	praat
c0212	posthoc_alto__soprano_p	3.5868698199094366e-06	praat
c0212	posthoc_mezzo__soprano_padj	0.01729970425615411	praat
c0212	posthoc_mezzo__soprano_t	-2.5303362282675366	praat
c0212	posthoc_mezzo__soprano_cohens_d	-0.9239481535297805	praat
c0212	posthoc_mezzo__soprano_p	0.01729970425615411	praat
c0212	posthoc_alto__mezzo_df	28	praat
c0212	posthoc_alto__mezzo_diff	-4.023581595916397	praat
c0212	posthoc_alto__soprano_df	28	praat
c0212	posthoc_alto__soprano_diff	-7.650165159727322	praat
c0212	posthoc_mezzo__soprano_df	28	praat
c0212	posthoc_mezzo__soprano_diff	-3.626583563810925	praat
c0213	n	45	praat
c0213	k	3	praat
c0213	posthoc_alto__mezzo_padj	0.02962446795178262	praat
c0213	posthoc_alto__mezzo_u	51	praat
c0213	posthoc_alto__mezzo_rank_biserial	-0.5466666666666666	praat
c0213	posthoc_alto__mezzo_p	0.009874822650594207	praat
c0213	posthoc_alto__soprano_padj	1.0521055261842763e-05	praat
c0213	posthoc_alto__soprano_u	12	praat
c0213	posthoc_alto__soprano_rank_biserial	-0.8933333333333333	praat
c0213	posthoc_alto__soprano_p	3.5070184206142543e-06	praat
c0213	posthoc_mezzo__soprano_padj	0.07906213302017721	praat
c0213	posthoc_mezzo__soprano_u	59	praat
c0213	posthoc_mezzo__soprano_rank_biserial	-0.47555555555555556	praat
c0213	posthoc_mezzo__soprano_p	0.02635404434005907	praat
c0213	posthoc_alto__mezzo_diff	-4.075923327015673	praat
c0213	posthoc_alto__mezzo_ci_low	-7.932918350488663	praat
c0213	posthoc_alto__mezzo_ci_high	-0.537935145986836	praat
c0213	posthoc_alto__soprano_diff	-7.8105556900550255	praat
c0213	posthoc_alto__soprano_ci_low	-11.356401046182839	praat
c0213	posthoc_alto__soprano_ci_high	-3.7979889569752743	praat
c0213	posthoc_mezzo__soprano_diff	-3.654045969107557	praat
c0213	posthoc_mezzo__soprano_ci_low	-7.182775837040907	praat
c0213	posthoc_mezzo__soprano_ci_high	0.36138795696048476	praat
c0214	n	45	praat
c0214	k	3	praat
c0214	posthoc_alto__mezzo_padj	0.019749645301188414	praat
c0214	posthoc_alto__mezzo_u	51	praat
c0214	posthoc_alto__mezzo_rank_biserial	-0.5466666666666666	praat
c0214	posthoc_alto__mezzo_p	0.009874822650594207	praat
c0214	posthoc_alto__soprano_padj	1.0521055261842763e-05	praat
c0214	posthoc_alto__soprano_u	12	praat
c0214	posthoc_alto__soprano_rank_biserial	-0.8933333333333333	praat
c0214	posthoc_alto__soprano_p	3.5070184206142543e-06	praat
c0214	posthoc_mezzo__soprano_padj	0.02635404434005907	praat
c0214	posthoc_mezzo__soprano_u	59	praat
c0214	posthoc_mezzo__soprano_rank_biserial	-0.47555555555555556	praat
c0214	posthoc_mezzo__soprano_p	0.02635404434005907	praat
c0214	posthoc_alto__mezzo_diff	-4.075923327015673	praat
c0214	posthoc_alto__soprano_diff	-7.8105556900550255	praat
c0214	posthoc_mezzo__soprano_diff	-3.654045969107557	praat
c0215	n	45	praat
c0215	k	3	praat
c0215	posthoc_alto__mezzo_padj	0.01481223397589131	praat
c0215	posthoc_alto__mezzo_u	51	praat
c0215	posthoc_alto__mezzo_rank_biserial	-0.5466666666666666	praat
c0215	posthoc_alto__mezzo_p	0.009874822650594207	praat
c0215	posthoc_alto__soprano_padj	1.0521055261842763e-05	praat
c0215	posthoc_alto__soprano_u	12	praat
c0215	posthoc_alto__soprano_rank_biserial	-0.8933333333333333	praat
c0215	posthoc_alto__soprano_p	3.5070184206142543e-06	praat
c0215	posthoc_mezzo__soprano_padj	0.02635404434005907	praat
c0215	posthoc_mezzo__soprano_u	59	praat
c0215	posthoc_mezzo__soprano_rank_biserial	-0.47555555555555556	praat
c0215	posthoc_mezzo__soprano_p	0.02635404434005907	praat
c0215	posthoc_alto__mezzo_diff	-4.075923327015673	praat
c0215	posthoc_alto__soprano_diff	-7.8105556900550255	praat
c0215	posthoc_mezzo__soprano_diff	-3.654045969107557	praat
c0216	n	45	praat
c0216	k	3	praat
c0216	posthoc_alto__mezzo_padj	0.025058920633293635	praat
c0216	posthoc_alto__mezzo_diff	-4.023581595916397	praat
c0216	posthoc_alto__mezzo_f	4.029903908361869	praat
c0216	posthoc_alto__soprano_padj	1.5640993493265218e-05	praat
c0216	posthoc_alto__soprano_diff	-7.650165159727322	praat
c0216	posthoc_alto__soprano_f	14.568360750795387	praat
c0216	posthoc_mezzo__soprano_padj	0.04771744719124382	praat
c0216	posthoc_mezzo__soprano_diff	-3.626583563810925	praat
c0216	posthoc_mezzo__soprano_f	3.273892707516826	praat
c0216	posthoc_alto__mezzo_ci_low	-7.620159831868627	praat
c0216	posthoc_alto__mezzo_ci_high	-0.42700335996416694	praat
c0216	posthoc_alto__soprano_ci_low	-11.246743395679552	praat
c0216	posthoc_alto__soprano_ci_high	-4.053586923775092	praat
c0216	posthoc_mezzo__soprano_ci_low	-7.223161799763155	praat
c0216	posthoc_mezzo__soprano_ci_high	-0.03000532785869492	praat
c0217	n	45	praat
c0217	k	3	praat
c0217	posthoc_soprano__mezzo_padj	1	praat
c0217	posthoc_soprano__mezzo_t	0.21128392504106688	praat
c0217	posthoc_soprano__mezzo_cohens_d	0.07714998118881532	praat
c0217	posthoc_soprano__mezzo_p	0.834251606184198	praat
c0217	posthoc_soprano__alto_padj	0.005476016248212277	praat
c0217	posthoc_soprano__alto_t	3.462722612935813	praat
c0217	posthoc_soprano__alto_cohens_d	1.2644075236587833	praat
c0217	posthoc_soprano__alto_p	0.0018253387494040925	praat
c0217	posthoc_mezzo__alto_padj	0.0285217295906866	praat
c0217	posthoc_mezzo__alto_t	2.8181079880793596	praat
c0217	posthoc_mezzo__alto_cohens_d	1.02902754303771	praat
c0217	posthoc_mezzo__alto_p	0.009507243196895533	praat
c0217	posthoc_soprano__mezzo_df	27.013429401787366	praat
c0217	posthoc_soprano__mezzo_diff	0.05280871789667163	praat
c0217	posthoc_soprano__mezzo_ci_low	-0.5851369365193687	praat
c0217	posthoc_soprano__mezzo_ci_high	0.690754372312712	praat
c0217	posthoc_soprano__alto_df	26.573053729206976	praat
c0217	posthoc_soprano__alto_diff	0.7013662327457819	praat
c0217	posthoc_soprano__alto_ci_low	0.1838239223023348	praat
c0217	posthoc_soprano__alto_ci_high	1.218908543189229	praat
c0217	posthoc_mezzo__alto_df	24.056053913639918	praat
c0217	posthoc_mezzo__alto_diff	0.6485575148491103	praat
c0217	posthoc_mezzo__alto_ci_low	0.056364456991586764	praat
c0217	posthoc_mezzo__alto_ci_high	1.240750572706634	praat
c0218	n	45	praat
c0218	k	3	praat
c0218	posthoc_soprano__mezzo_padj	0.834251606184198	praat
c0218	posthoc_soprano__mezzo_t	0.21128392504106688	praat
c0218	posthoc_soprano__mezzo_cohens_d	0.07714998118881532	praat
c0218	posthoc_soprano__mezzo_p	0.834251606184198	praat
c0218	posthoc_soprano__alto_padj	0.005476016248212277	praat
c0218	posthoc_soprano__alto_t	3.462722612935813	praat
c0218	posthoc_soprano__alto_cohens_d	1.2644075236587833	praat
c0218	posthoc_soprano__alto_p	0.0018253387494040925	praat
c0218	posthoc_mezzo__alto_padj	0.019014486393791066	praat
c0218	posthoc_mezzo__alto_t	2.8181079880793596	praat
c0218	posthoc_mezzo__alto_cohens_d	1.02902754303771	praat
c0218	posthoc_mezzo__alto_p	0.009507243196895533	praat
c0218	posthoc_soprano__mezzo_df	27.013429401787366	praat
c0218	posthoc_soprano__mezzo_diff	0.05280871789667163	praat
c0218	posthoc_soprano__alto_df	26.573053729206976	praat
c0218	posthoc_soprano__alto_diff	0.7013662327457819	praat
c0218	posthoc_mezzo__alto_df	24.056053913639918	praat
c0218	posthoc_mezzo__alto_diff	0.6485575148491103	praat
c0219	n	45	praat
c0219	k	3	praat
c0219	posthoc_soprano__mezzo_padj	0.834251606184198	praat
c0219	posthoc_soprano__mezzo_t	0.21128392504106688	praat
c0219	posthoc_soprano__mezzo_cohens_d	0.07714998118881532	praat
c0219	posthoc_soprano__mezzo_p	0.834251606184198	praat
c0219	posthoc_soprano__alto_padj	0.005476016248212277	praat
c0219	posthoc_soprano__alto_t	3.462722612935813	praat
c0219	posthoc_soprano__alto_cohens_d	1.2644075236587833	praat
c0219	posthoc_soprano__alto_p	0.0018253387494040925	praat
c0219	posthoc_mezzo__alto_padj	0.0142608647953433	praat
c0219	posthoc_mezzo__alto_t	2.8181079880793596	praat
c0219	posthoc_mezzo__alto_cohens_d	1.02902754303771	praat
c0219	posthoc_mezzo__alto_p	0.009507243196895533	praat
c0219	posthoc_soprano__mezzo_df	27.013429401787366	praat
c0219	posthoc_soprano__mezzo_diff	0.05280871789667163	praat
c0219	posthoc_soprano__alto_df	26.573053729206976	praat
c0219	posthoc_soprano__alto_diff	0.7013662327457819	praat
c0219	posthoc_mezzo__alto_df	24.056053913639918	praat
c0219	posthoc_mezzo__alto_diff	0.6485575148491103	praat
c0220	n	45	praat
c0220	k	3	praat
c0220	posthoc_soprano__mezzo_padj	1	praat
c0220	posthoc_soprano__mezzo_t	0.21128392504106688	praat
c0220	posthoc_soprano__mezzo_cohens_d	0.07714998118881532	praat
c0220	posthoc_soprano__mezzo_p	0.8341960087585518	praat
c0220	posthoc_soprano__alto_padj	0.005210100159696643	praat
c0220	posthoc_soprano__alto_t	3.462722612935813	praat
c0220	posthoc_soprano__alto_cohens_d	1.2644075236587833	praat
c0220	posthoc_soprano__alto_p	0.0017367000532322143	praat
c0220	posthoc_mezzo__alto_padj	0.02629155988169593	praat
c0220	posthoc_mezzo__alto_t	2.8181079880793596	praat
c0220	posthoc_mezzo__alto_cohens_d	1.02902754303771	praat
c0220	posthoc_mezzo__alto_p	0.008763853293898644	praat
c0220	posthoc_soprano__mezzo_df	28	praat
c0220	posthoc_soprano__mezzo_diff	0.05280871789667163	praat
c0220	posthoc_soprano__mezzo_ci_low	-0.5836597855986069	praat
c0220	posthoc_soprano__mezzo_ci_high	0.6892772213919501	praat
c0220	posthoc_soprano__alto_df	28	praat
c0220	posthoc_soprano__alto_diff	0.7013662327457819	praat
c0220	posthoc_soprano__alto_ci_low	0.18558575600542349	praat
c0220	posthoc_soprano__alto_ci_high	1.2171467094861403	praat
c0220	posthoc_mezzo__alto_df	28	praat
c0220	posthoc_mezzo__alto_diff	0.6485575148491103	praat
c0220	posthoc_mezzo__alto_ci_low	0.06251568695530674	praat
c0220	posthoc_mezzo__alto_ci_high	1.2345993427429138	praat
c0221	n	45	praat
c0221	k	3	praat
c0221	posthoc_soprano__mezzo_padj	0.8341960087585518	praat
c0221	posthoc_soprano__mezzo_t	0.21128392504106688	praat
c0221	posthoc_soprano__mezzo_cohens_d	0.07714998118881532	praat
c0221	posthoc_soprano__mezzo_p	0.8341960087585518	praat
c0221	posthoc_soprano__alto_padj	0.005210100159696643	praat
c0221	posthoc_soprano__alto_t	3.462722612935813	praat
c0221	posthoc_soprano__alto_cohens_d	1.2644075236587833	praat
c0221	posthoc_soprano__alto_p	0.0017367000532322143	praat
c0221	posthoc_mezzo__alto_padj	0.017527706587797287	praat
c0221	posthoc_mezzo__alto_t	2.8181079880793596	praat
c0221	posthoc_mezzo__alto_cohens_d	1.02902754303771	praat
c0221	posthoc_mezzo__alto_p	0.008763853293898644	praat
c0221	posthoc_soprano__mezzo_df	28	praat
c0221	posthoc_soprano__mezzo_diff	0.05280871789667163	praat
c0221	posthoc_soprano__alto_df	28	praat
c0221	posthoc_soprano__alto_diff	0.7013662327457819	praat
c0221	posthoc_mezzo__alto_df	28	praat
c0221	posthoc_mezzo__alto_diff	0.6485575148491103	praat
c0222	n	45	praat
c0222	k	3	praat
c0222	posthoc_soprano__mezzo_padj	0.8341960087585519	praat
c0222	posthoc_soprano__mezzo_t	0.21128392504106688	praat
c0222	posthoc_soprano__mezzo_cohens_d	0.07714998118881532	praat
c0222	posthoc_soprano__mezzo_p	0.8341960087585518	praat
c0222	posthoc_soprano__alto_padj	0.005210100159696643	praat
c0222	posthoc_soprano__alto_t	3.462722612935813	praat
c0222	posthoc_soprano__alto_cohens_d	1.2644075236587833	praat
c0222	posthoc_soprano__alto_p	0.0017367000532322143	praat
c0222	posthoc_mezzo__alto_padj	0.013145779940847965	praat
c0222	posthoc_mezzo__alto_t	2.8181079880793596	praat
c0222	posthoc_mezzo__alto_cohens_d	1.02902754303771	praat
c0222	posthoc_mezzo__alto_p	0.008763853293898644	praat
c0222	posthoc_soprano__mezzo_df	28	praat
c0222	posthoc_soprano__mezzo_diff	0.05280871789667163	praat
c0222	posthoc_soprano__alto_df	28	praat
c0222	posthoc_soprano__alto_diff	0.7013662327457819	praat
c0222	posthoc_mezzo__alto_df	28	praat
c0222	posthoc_mezzo__alto_diff	0.6485575148491103	praat
c0223	n	45	praat
c0223	k	3	praat
c0223	posthoc_soprano__mezzo_padj	1	praat
c0223	posthoc_soprano__mezzo_u	118	praat
c0223	posthoc_soprano__mezzo_rank_biserial	0.04888888888888889	praat
c0223	posthoc_soprano__mezzo_p	0.8381347767808562	praat
c0223	posthoc_soprano__alto_padj	0.006919373130772076	praat
c0223	posthoc_soprano__alto_u	184	praat
c0223	posthoc_soprano__alto_rank_biserial	0.6355555555555555	praat
c0223	posthoc_soprano__alto_p	0.0023064577102573586	praat
c0223	posthoc_mezzo__alto_padj	0.043557516907181085	praat
c0223	posthoc_mezzo__alto_u	171	praat
c0223	posthoc_mezzo__alto_rank_biserial	0.52	praat
c0223	posthoc_mezzo__alto_p	0.014519172302393695	praat
c0223	posthoc_soprano__mezzo_diff	0.08780456749121157	praat
c0223	posthoc_soprano__mezzo_ci_low	-0.6246708451203684	praat
c0223	posthoc_soprano__mezzo_ci_high	0.6966499363637935	praat
c0223	posthoc_soprano__alto_diff	0.6876951563292977	praat
c0223	posthoc_soprano__alto_ci_low	0.12470287209869113	praat
c0223	posthoc_soprano__alto_ci_high	1.3144326334743717	praat
c0223	posthoc_mezzo__alto_diff	0.6339604142901214	praat
c0223	posthoc_mezzo__alto_ci_low	0.039118708040519756	praat
c0223	posthoc_mezzo__alto_ci_high	1.2993311118721005	praat
c0224	n	45	praat
c0224	k	3	praat
c0224	posthoc_soprano__mezzo_padj	0.8381347767808562	praat
c0224	posthoc_soprano__mezzo_u	118	praat
c0224	posthoc_soprano__mezzo_rank_biserial	0.04888888888888889	praat
c0224	posthoc_soprano__mezzo_p	0.8381347767808562	praat
c0224	posthoc_soprano__alto_padj	0.006919373130772076	praat
c0224	posthoc_soprano__alto_u	184	praat
c0224	posthoc_soprano__alto_rank_biserial	0.6355555555555555	praat
c0224	posthoc_soprano__alto_p	0.0023064577102573586	praat
c0224	posthoc_mezzo__alto_padj	0.02903834460478739	praat
c0224	posthoc_mezzo__alto_u	171	praat
c0224	posthoc_mezzo__alto_rank_biserial	0.52	praat
c0224	posthoc_mezzo__alto_p	0.014519172302393695	praat
c0224	posthoc_soprano__mezzo_diff	0.08780456749121157	praat
c0224	posthoc_soprano__alto_diff	0.6876951563292977	praat
c0224	posthoc_mezzo__alto_diff	0.6339604142901214	praat
c0225	n	45	praat
c0225	k	3	praat
c0225	posthoc_soprano__mezzo_padj	0.8381347767808562	praat
c0225	posthoc_soprano__mezzo_u	118	praat
c0225	posthoc_soprano__mezzo_rank_biserial	0.04888888888888889	praat
c0225	posthoc_soprano__mezzo_p	0.8381347767808562	praat
c0225	posthoc_soprano__alto_padj	0.006919373130772076	praat
c0225	posthoc_soprano__alto_u	184	praat
c0225	posthoc_soprano__alto_rank_biserial	0.6355555555555555	praat
c0225	posthoc_soprano__alto_p	0.0023064577102573586	praat
c0225	posthoc_mezzo__alto_padj	0.021778758453590542	praat
c0225	posthoc_mezzo__alto_u	171	praat
c0225	posthoc_mezzo__alto_rank_biserial	0.52	praat
c0225	posthoc_mezzo__alto_p	0.014519172302393695	praat
c0225	posthoc_soprano__mezzo_diff	0.08780456749121157	praat
c0225	posthoc_soprano__alto_diff	0.6876951563292977	praat
c0225	posthoc_mezzo__alto_diff	0.6339604142901214	praat
c0226	n	45	praat
c0226	k	3	praat
c0226	posthoc_soprano__mezzo_padj	0.9736347407738664	praat
c0226	posthoc_soprano__mezzo_diff	0.05280871789667163	praat
c0226	posthoc_soprano__mezzo_f	0.026736060164252888	praat
c0226	posthoc_soprano__alto_padj	0.014201213324415627	praat
c0226	posthoc_soprano__alto_diff	0.7013662327457819	praat
c0226	posthoc_soprano__alto_f	4.716022499020811	praat
c0226	posthoc_mezzo__alto_padj	0.02500269206022842	praat
c0226	posthoc_mezzo__alto_diff	0.6485575148491103	praat
c0226	posthoc_mezzo__alto_f	4.032581507261275	praat
c0226	posthoc_soprano__mezzo_ci_low	-0.5267280081551048	praat
c0226	posthoc_soprano__mezzo_ci_high	0.632345443948448	praat
c0226	posthoc_soprano__alto_ci_low	0.1218295066940055	praat
c0226	posthoc_soprano__alto_ci_high	1.2809029587975584	praat
c0226	posthoc_mezzo__alto_ci_low	0.06902078879733387	praat
c0226	posthoc_mezzo__alto_ci_high	1.2280942409008868	praat
c0227	n	45	praat
c0227	k	3	praat
c0227	posthoc_alto__mezzo_padj	0.0285217295906866	praat
c0227	posthoc_alto__mezzo_t	-2.8181079880793596	praat
c0227	posthoc_alto__mezzo_cohens_d	-1.02902754303771	praat
c0227	posthoc_alto__mezzo_p	0.009507243196895533	praat
c0227	posthoc_alto__soprano_padj	0.005476016248212277	praat
c0227	posthoc_alto__soprano_t	-3.462722612935813	praat
c0227	posthoc_alto__soprano_cohens_d	-1.2644075236587833	praat
c0227	posthoc_alto__soprano_p	0.0018253387494040925	praat
c0227	posthoc_mezzo__soprano_padj	1	praat
c0227	posthoc_mezzo__soprano_t	-0.21128392504106688	praat
c0227	posthoc_mezzo__soprano_cohens_d	-0.07714998118881532	praat
c0227	posthoc_mezzo__soprano_p	0.834251606184198	praat
c0227	posthoc_alto__mezzo_df	24.056053913639918	praat
c0227	posthoc_alto__mezzo_diff	-0.6485575148491103	praat
c0227	posthoc_alto__mezzo_ci_low	-1.240750572706634	praat
c0227	posthoc_alto__mezzo_ci_high	-0.056364456991586764	praat
c0227	posthoc_alto__soprano_df	26.573053729206976	praat
c0227	posthoc_alto__soprano_diff	-0.7013662327457819	praat
c0227	posthoc_alto__soprano_ci_low	-1.218908543189229	praat
c0227	posthoc_alto__soprano_ci_high	-0.1838239223023348	praat
c0227	posthoc_mezzo__soprano_df	27.013429401787366	praat
c0227	posthoc_mezzo__soprano_diff	-0.05280871789667163	praat
c0227	posthoc_mezzo__soprano_ci_low	-0.690754372312712	praat
c0227	posthoc_mezzo__soprano_ci_high	0.5851369365193687	praat
c0228	n	45	praat
c0228	k	3	praat
c0228	posthoc_alto__mezzo_padj	0.019014486393791066	praat
c0228	posthoc_alto__mezzo_t	-2.8181079880793596	praat
c0228	posthoc_alto__mezzo_cohens_d	-1.02902754303771	praat
c0228	posthoc_alto__mezzo_p	0.009507243196895533	praat
c0228	posthoc_alto__soprano_padj	0.005476016248212277	praat
c0228	posthoc_alto__soprano_t	-3.462722612935813	praat
c0228	posthoc_alto__soprano_cohens_d	-1.2644075236587833	praat
c0228	posthoc_alto__soprano_p	0.0018253387494040925	praat
c0228	posthoc_mezzo__soprano_padj	0.834251606184198	praat
c0228	posthoc_mezzo__soprano_t	-0.21128392504106688	praat
c0228	posthoc_mezzo__soprano_cohens_d	-0.07714998118881532	praat
c0228	posthoc_mezzo__soprano_p	0.834251606184198	praat
c0228	posthoc_alto__mezzo_df	24.056053913639918	praat
c0228	posthoc_alto__mezzo_diff	-0.6485575148491103	praat
c0228	posthoc_alto__soprano_df	26.573053729206976	praat
c0228	posthoc_alto__soprano_diff	-0.7013662327457819	praat
c0228	posthoc_mezzo__soprano_df	27.013429401787366	praat
c0228	posthoc_mezzo__soprano_diff	-0.05280871789667163	praat
c0229	n	45	praat
c0229	k	3	praat
c0229	posthoc_alto__mezzo_padj	0.0142608647953433	praat
c0229	posthoc_alto__mezzo_t	-2.8181079880793596	praat
c0229	posthoc_alto__mezzo_cohens_d	-1.02902754303771	praat
c0229	posthoc_alto__mezzo_p	0.009507243196895533	praat
c0229	posthoc_alto__soprano_padj	0.005476016248212277	praat
c0229	posthoc_alto__soprano_t	-3.462722612935813	praat
c0229	posthoc_alto__soprano_cohens_d	-1.2644075236587833	praat
c0229	posthoc_alto__soprano_p	0.0018253387494040925	praat
c0229	posthoc_mezzo__soprano_padj	0.834251606184198	praat
c0229	posthoc_mezzo__soprano_t	-0.21128392504106688	praat
c0229	posthoc_mezzo__soprano_cohens_d	-0.07714998118881532	praat
c0229	posthoc_mezzo__soprano_p	0.834251606184198	praat
c0229	posthoc_alto__mezzo_df	24.056053913639918	praat
c0229	posthoc_alto__mezzo_diff	-0.6485575148491103	praat
c0229	posthoc_alto__soprano_df	26.573053729206976	praat
c0229	posthoc_alto__soprano_diff	-0.7013662327457819	praat
c0229	posthoc_mezzo__soprano_df	27.013429401787366	praat
c0229	posthoc_mezzo__soprano_diff	-0.05280871789667163	praat
c0230	n	45	praat
c0230	k	3	praat
c0230	posthoc_alto__mezzo_padj	0.02629155988169593	praat
c0230	posthoc_alto__mezzo_t	-2.8181079880793596	praat
c0230	posthoc_alto__mezzo_cohens_d	-1.02902754303771	praat
c0230	posthoc_alto__mezzo_p	0.008763853293898644	praat
c0230	posthoc_alto__soprano_padj	0.005210100159696643	praat
c0230	posthoc_alto__soprano_t	-3.462722612935813	praat
c0230	posthoc_alto__soprano_cohens_d	-1.2644075236587833	praat
c0230	posthoc_alto__soprano_p	0.0017367000532322143	praat
c0230	posthoc_mezzo__soprano_padj	1	praat
c0230	posthoc_mezzo__soprano_t	-0.21128392504106688	praat
c0230	posthoc_mezzo__soprano_cohens_d	-0.07714998118881532	praat
c0230	posthoc_mezzo__soprano_p	0.8341960087585518	praat
c0230	posthoc_alto__mezzo_df	28	praat
c0230	posthoc_alto__mezzo_diff	-0.6485575148491103	praat
c0230	posthoc_alto__mezzo_ci_low	-1.2345993427429138	praat
c0230	posthoc_alto__mezzo_ci_high	-0.06251568695530674	praat
c0230	posthoc_alto__soprano_df	28	praat
c0230	posthoc_alto__soprano_diff	-0.7013662327457819	praat
c0230	posthoc_alto__soprano_ci_low	-1.2171467094861403	praat
c0230	posthoc_alto__soprano_ci_high	-0.18558575600542349	praat
c0230	posthoc_mezzo__soprano_df	28	praat
c0230	posthoc_mezzo__soprano_diff	-0.05280871789667163	praat
c0230	posthoc_mezzo__soprano_ci_low	-0.6892772213919501	praat
c0230	posthoc_mezzo__soprano_ci_high	0.5836597855986069	praat
c0231	n	45	praat
c0231	k	3	praat
c0231	posthoc_alto__mezzo_padj	0.017527706587797287	praat
c0231	posthoc_alto__mezzo_t	-2.8181079880793596	praat
c0231	posthoc_alto__mezzo_cohens_d	-1.02902754303771	praat
c0231	posthoc_alto__mezzo_p	0.008763853293898644	praat
c0231	posthoc_alto__soprano_padj	0.005210100159696643	praat
c0231	posthoc_alto__soprano_t	-3.462722612935813	praat
c0231	posthoc_alto__soprano_cohens_d	-1.2644075236587833	praat
c0231	posthoc_alto__soprano_p	0.0017367000532322143	praat
c0231	posthoc_mezzo__soprano_padj	0.8341960087585518	praat
c0231	posthoc_mezzo__soprano_t	-0.21128392504106688	praat
c0231	posthoc_mezzo__soprano_cohens_d	-0.07714998118881532	praat
c0231	posthoc_mezzo__soprano_p	0.8341960087585518	praat
c0231	posthoc_alto__mezzo_df	28	praat
c0231	posthoc_alto__mezzo_diff	-0.6485575148491103	praat
c0231	posthoc_alto__soprano_df	28	praat
c0231	posthoc_alto__soprano_diff	-0.7013662327457819	praat
c0231	posthoc_mezzo__soprano_df	28	praat
c0231	posthoc_mezzo__soprano_diff	-0.05280871789667163	praat
c0232	n	45	praat
c0232	k	3	praat
c0232	posthoc_alto__mezzo_padj	0.013145779940847965	praat
c0232	posthoc_alto__mezzo_t	-2.8181079880793596	praat
c0232	posthoc_alto__mezzo_cohens_d	-1.02902754303771	praat
c0232	posthoc_alto__mezzo_p	0.008763853293898644	praat
c0232	posthoc_alto__soprano_padj	0.005210100159696643	praat
c0232	posthoc_alto__soprano_t	-3.462722612935813	praat
c0232	posthoc_alto__soprano_cohens_d	-1.2644075236587833	praat
c0232	posthoc_alto__soprano_p	0.0017367000532322143	praat
c0232	posthoc_mezzo__soprano_padj	0.8341960087585519	praat
c0232	posthoc_mezzo__soprano_t	-0.21128392504106688	praat
c0232	posthoc_mezzo__soprano_cohens_d	-0.07714998118881532	praat
c0232	posthoc_mezzo__soprano_p	0.8341960087585518	praat
c0232	posthoc_alto__mezzo_df	28	praat
c0232	posthoc_alto__mezzo_diff	-0.6485575148491103	praat
c0232	posthoc_alto__soprano_df	28	praat
c0232	posthoc_alto__soprano_diff	-0.7013662327457819	praat
c0232	posthoc_mezzo__soprano_df	28	praat
c0232	posthoc_mezzo__soprano_diff	-0.05280871789667163	praat
c0233	n	45	praat
c0233	k	3	praat
c0233	posthoc_alto__mezzo_padj	0.043557516907181085	praat
c0233	posthoc_alto__mezzo_u	54	praat
c0233	posthoc_alto__mezzo_rank_biserial	-0.52	praat
c0233	posthoc_alto__mezzo_p	0.014519172302393695	praat
c0233	posthoc_alto__soprano_padj	0.006919373130772076	praat
c0233	posthoc_alto__soprano_u	41	praat
c0233	posthoc_alto__soprano_rank_biserial	-0.6355555555555555	praat
c0233	posthoc_alto__soprano_p	0.0023064577102573586	praat
c0233	posthoc_mezzo__soprano_padj	1	praat
c0233	posthoc_mezzo__soprano_u	107	praat
c0233	posthoc_mezzo__soprano_rank_biserial	-0.04888888888888889	praat
c0233	posthoc_mezzo__soprano_p	0.8381347767808562	praat
c0233	posthoc_alto__mezzo_diff	-0.6339604142901214	praat
c0233	posthoc_alto__mezzo_ci_low	-1.2993311118721005	praat
c0233	posthoc_alto__mezzo_ci_high	-0.039118708040519756	praat
c0233	posthoc_alto__soprano_diff	-0.6876951563292977	praat
c0233	posthoc_alto__soprano_ci_low	-1.3144326334743717	praat
c0233	posthoc_alto__soprano_ci_high	-0.12470287209869113	praat
c0233	posthoc_mezzo__soprano_diff	-0.08780456749121157	praat
c0233	posthoc_mezzo__soprano_ci_low	-0.6966499363637935	praat
c0233	posthoc_mezzo__soprano_ci_high	0.6246708451203684	praat
c0234	n	45	praat
c0234	k	3	praat
c0234	posthoc_alto__mezzo_padj	0.02903834460478739	praat
c0234	posthoc_alto__mezzo_u	54	praat
c0234	posthoc_alto__mezzo_rank_biserial	-0.52	praat
c0234	posthoc_alto__mezzo_p	0.014519172302393695	praat
c0234	posthoc_alto__soprano_padj	0.006919373130772076	praat
c0234	posthoc_alto__soprano_u	41	praat
c0234	posthoc_alto__soprano_rank_biserial	-0.6355555555555555	praat
c0234	posthoc_alto__soprano_p	0.0023064577102573586	praat
c0234	posthoc_mezzo__soprano_padj	0.8381347767808562	praat
c0234	posthoc_mezzo__soprano_u	107	praat
c0234	posthoc_mezzo__soprano_rank_biserial	-0.04888888888888889	praat
c0234	posthoc_mezzo__soprano_p	0.8381347767808562	praat
c0234	posthoc_alto__mezzo_diff	-0.6339604142901214	praat
c0234	posthoc_alto__soprano_diff	-0.6876951563292977	praat
c0234	posthoc_mezzo__soprano_diff	-0.08780456749121157	praat
c0235	n	45	praat
c0235	k	3	praat
c0235	posthoc_alto__mezzo_padj	0.021778758453590542	praat
c0235	posthoc_alto__mezzo_u	54	praat
c0235	posthoc_alto__mezzo_rank_biserial	-0.52	praat
c0235	posthoc_alto__mezzo_p	0.014519172302393695	praat
c0235	posthoc_alto__soprano_padj	0.006919373130772076	praat
c0235	posthoc_alto__soprano_u	41	praat
c0235	posthoc_alto__soprano_rank_biserial	-0.6355555555555555	praat
c0235	posthoc_alto__soprano_p	0.0023064577102573586	praat
c0235	posthoc_mezzo__soprano_padj	0.8381347767808562	praat
c0235	posthoc_mezzo__soprano_u	107	praat
c0235	posthoc_mezzo__soprano_rank_biserial	-0.04888888888888889	praat
c0235	posthoc_mezzo__soprano_p	0.8381347767808562	praat
c0235	posthoc_alto__mezzo_diff	-0.6339604142901214	praat
c0235	posthoc_alto__soprano_diff	-0.6876951563292977	praat
c0235	posthoc_mezzo__soprano_diff	-0.08780456749121157	praat
c0236	n	45	praat
c0236	k	3	praat
c0236	posthoc_alto__mezzo_padj	0.025002692060228416	praat
c0236	posthoc_alto__mezzo_diff	-0.6485575148491103	praat
c0236	posthoc_alto__mezzo_f	4.032581507261277	praat
c0236	posthoc_alto__soprano_padj	0.014201213324415601	praat
c0236	posthoc_alto__soprano_diff	-0.7013662327457819	praat
c0236	posthoc_alto__soprano_f	4.716022499020813	praat
c0236	posthoc_mezzo__soprano_padj	0.9736347407738664	praat
c0236	posthoc_mezzo__soprano_diff	-0.05280871789667163	praat
c0236	posthoc_mezzo__soprano_f	0.026736060164252895	praat
c0236	posthoc_alto__mezzo_ci_low	-1.2280942409008866	praat
c0236	posthoc_alto__mezzo_ci_high	-0.06902078879733398	praat
c0236	posthoc_alto__soprano_ci_low	-1.2809029587975582	praat
c0236	posthoc_alto__soprano_ci_high	-0.12182950669400561	praat
c0236	posthoc_mezzo__soprano_ci_low	-0.6323454439484479	praat
c0236	posthoc_mezzo__soprano_ci_high	0.5267280081551047	praat
c0237	n	45	praat
c0237	k	3	praat
c0237	posthoc_soprano__mezzo_padj	0.001628897739103578	praat
c0237	posthoc_soprano__mezzo_t	3.9047656484456583	praat
c0237	posthoc_soprano__mezzo_cohens_d	1.4258188182833162	praat
c0237	posthoc_soprano__mezzo_p	0.000542965913034526	praat
c0237	posthoc_soprano__alto_padj	6.942027967846091e-05	praat
c0237	posthoc_soprano__alto_t	5.093867625127412	praat
c0237	posthoc_soprano__alto_cohens_d	1.860017468818369	praat
c0237	posthoc_soprano__alto_p	2.314009322615364e-05	praat
c0237	posthoc_mezzo__alto_padj	0.4747463121170603	praat
c0237	posthoc_mezzo__alto_t	1.4504405547821464	praat
c0237	posthoc_mezzo__alto_cohens_d	0.5296260067829929	praat
c0237	posthoc_mezzo__alto_p	0.15824877070568677	praat
c0237	posthoc_soprano__mezzo_df	27.96768626451982	praat
c0237	posthoc_soprano__mezzo_diff	5.529493667274593	praat
c0237	posthoc_soprano__mezzo_ci_low	1.923209371137553	praat
c0237	posthoc_soprano__mezzo_ci_high	9.135777963411634	praat
c0237	posthoc_soprano__alto_df	27.22548691954591	praat
c0237	posthoc_soprano__alto_diff	7.775722186793658	praat
c0237	posthoc_soprano__alto_ci_low	3.8815524726239965	praat
c0237	posthoc_soprano__alto_ci_high	11.66989190096332	praat
c0237	posthoc_mezzo__alto_df	27.49553958311246	praat
c0237	posthoc_mezzo__alto_diff	2.2462285195190645	praat
c0237	posthoc_mezzo__alto_ci_low	-1.7019544425904312	praat
c0237	posthoc_mezzo__alto_ci_high	6.19441148162856	praat
c0238	n	45	praat
c0238	k	3	praat
c0238	posthoc_soprano__mezzo_padj	0.001085931826069052	praat
c0238	posthoc_soprano__mezzo_t	3.9047656484456583	praat
c0238	posthoc_soprano__mezzo_cohens_d	1.4258188182833162	praat
c0238	posthoc_soprano__mezzo_p	0.000542965913034526	praat
c0238	posthoc_soprano__alto_padj	6.942027967846091e-05	praat
c0238	posthoc_soprano__alto_t	5.093867625127412	praat
c0238	posthoc_soprano__alto_cohens_d	1.860017468818369	praat
c0238	posthoc_soprano__alto_p	2.314009322615364e-05	praat
c0238	posthoc_mezzo__alto_padj	0.15824877070568677	praat
c0238	posthoc_mezzo__alto_t	1.4504405547821464	praat
c0238	posthoc_mezzo__alto_cohens_d	0.5296260067829929	praat
c0238	posthoc_mezzo__alto_p	0.15824877070568677	praat
c0238	posthoc_soprano__mezzo_df	27.96768626451982	praat
c0238	posthoc_soprano__mezzo_diff	5.529493667274593	praat
c0238	posthoc_soprano__alto_df	27.22548691954591	praat
c0238	posthoc_soprano__alto_diff	7.775722186793658	praat
c0238	posthoc_mezzo__alto_df	27.49553958311246	praat
c0238	posthoc_mezzo__alto_diff	2.2462285195190645	praat
c0239	n	45	praat
c0239	k	3	praat
c0239	posthoc_soprano__mezzo_padj	0.000814448869551789	praat
c0239	posthoc_soprano__mezzo_t	3.9047656484456583	praat
c0239	posthoc_soprano__mezzo_cohens_d	1.4258188182833162	praat
c0239	posthoc_soprano__mezzo_p	0.000542965913034526	praat
c0239	posthoc_soprano__alto_padj	6.942027967846091e-05	praat
c0239	posthoc_soprano__alto_t	5.093867625127412	praat
c0239	posthoc_soprano__alto_cohens_d	1.860017468818369	praat
c0239	posthoc_soprano__alto_p	2.314009322615364e-05	praat
c0239	posthoc_mezzo__alto_padj	0.15824877070568677	praat
c0239	posthoc_mezzo__alto_t	1.4504405547821464	praat
c0239	posthoc_mezzo__alto_cohens_d	0.5296260067829929	praat
c0239	posthoc_mezzo__alto_p	0.15824877070568677	praat
c0239	posthoc_soprano__mezzo_df	27.96768626451982	praat
c0239	posthoc_soprano__mezzo_diff	5.529493667274593	praat
c0239	posthoc_soprano__alto_df	27.22548691954591	praat
c0239	posthoc_soprano__alto_diff	7.775722186793658	praat
c0239	posthoc_mezzo__alto_df	27.49553958311246	praat
c0239	posthoc_mezzo__alto_diff	2.2462285195190645	praat
c0240	n	45	praat
c0240	k	3	praat
c0240	posthoc_soprano__mezzo_padj	0.0016264149009378476	praat
c0240	posthoc_soprano__mezzo_t	3.9047656484456583	praat
c0240	posthoc_soprano__mezzo_cohens_d	1.4258188182833162	praat
c0240	posthoc_soprano__mezzo_p	0.0005421383003126159	praat
c0240	posthoc_soprano__alto_padj	6.436798496772442e-05	praat
c0240	posthoc_soprano__alto_t	5.093867625127413	praat
c0240	posthoc_soprano__alto_cohens_d	1.860017468818369	praat
c0240	posthoc_soprano__alto_p	2.1455994989241474e-05	praat
c0240	posthoc_mezzo__alto_padj	0.4741399364076523	praat
c0240	posthoc_mezzo__alto_t	1.4504405547821466	praat
c0240	posthoc_mezzo__alto_cohens_d	0.5296260067829929	praat
c0240	posthoc_mezzo__alto_p	0.15804664546921743	praat
c0240	posthoc_soprano__mezzo_df	28	praat
c0240	posthoc_soprano__mezzo_diff	5.529493667274593	praat
c0240	posthoc_soprano__mezzo_ci_low	1.9234735905244502	praat
c0240	posthoc_soprano__mezzo_ci_high	9.135513744024736	praat
c0240	posthoc_soprano__alto_df	28	praat
c0240	posthoc_soprano__alto_diff	7.775722186793658	praat
c0240	posthoc_soprano__alto_ci_low	3.8885763895612624	praat
c0240	posthoc_soprano__alto_ci_high	11.662867984026054	praat
c0240	posthoc_mezzo__alto_df	28	praat
c0240	posthoc_mezzo__alto_diff	2.2462285195190645	praat
c0240	posthoc_mezzo__alto_ci_low	-1.6973614390725018	praat
c0240	posthoc_mezzo__alto_ci_high	6.189818478110631	praat
c0241	n	45	praat
c0241	k	3	praat
c0241	posthoc_soprano__mezzo_padj	0.0010842766006252317	praat
c0241	posthoc_soprano__mezzo_t	3.9047656484456583	praat
c0241	posthoc_soprano__mezzo_cohens_d	1.4258188182833162	praat
c0241	posthoc_soprano__mezzo_p	0.0005421383003126159	praat
c0241	posthoc_soprano__alto_padj	6.436798496772442e-05	praat
c0241	posthoc_soprano__alto_t	5.093867625127413	praat
c0241	posthoc_soprano__alto_cohens_d	1.860017468818369	praat
c0241	posthoc_soprano__alto_p	2.1455994989241474e-05	praat
c0241	posthoc_mezzo__alto_padj	0.15804664546921743	praat
c0241	posthoc_mezzo__alto_t	1.4504405547821466	praat
c0241	posthoc_mezzo__alto_cohens_d	0.5296260067829929	praat
c0241	posthoc_mezzo__alto_p	0.15804664546921743	praat
c0241	posthoc_soprano__mezzo_df	28	praat
c0241	posthoc_soprano__mezzo_diff	5.529493667274593	praat
c0241	posthoc_soprano__alto_df	28	praat
c0241	posthoc_soprano__alto_diff	7.775722186793658	praat
c0241	posthoc_mezzo__alto_df	28	praat
c0241	posthoc_mezzo__alto_diff	2.2462285195190645	praat
c0242	n	45	praat
c0242	k	3	praat
c0242	posthoc_soprano__mezzo_padj	0.0008132074504689238	praat
c0242	posthoc_soprano__mezzo_t	3.9047656484456583	praat
c0242	posthoc_soprano__mezzo_cohens_d	1.4258188182833162	praat
c0242	posthoc_soprano__mezzo_p	0.0005421383003126159	praat
c0242	posthoc_soprano__alto_padj	6.436798496772442e-05	praat
c0242	posthoc_soprano__alto_t	5.093867625127413	praat
c0242	posthoc_soprano__alto_cohens_d	1.860017468818369	praat
c0242	posthoc_soprano__alto_p	2.1455994989241474e-05	praat
c0242	posthoc_mezzo__alto_padj	0.15804664546921743	praat
c0242	posthoc_mezzo__alto_t	1.4504405547821466	praat
c0242	posthoc_mezzo__alto_cohens_d	0.5296260067829929	praat
c0242	posthoc_mezzo__alto_p	0.15804664546921743	praat
c0242	posthoc_soprano__mezzo_df	28	praat
c0242	posthoc_soprano__mezzo_diff	5.529493667274593	praat
c0242	posthoc_soprano__alto_df	28	praat
c0242	posthoc_soprano__alto_diff	7.775722186793658	praat
c0242	posthoc_mezzo__alto_df	28	praat
c0242	posthoc_mezzo__alto_diff	2.2462285195190645	praat
c0243	n	45	praat
c0243	k	3	praat
c0243	posthoc_soprano__mezzo_padj	0.004224358409030779	praat
c0243	posthoc_soprano__mezzo_u	187	praat
c0243	posthoc_soprano__mezzo_rank_biserial	0.6622222222222223	praat
c0243	posthoc_soprano__mezzo_p	0.0014081194696769263	praat
c0243	posthoc_soprano__alto_padj	1.9649617915500456e-05	praat
c0243	posthoc_soprano__alto_u	211	praat
c0243	posthoc_soprano__alto_rank_biserial	0.8755555555555555	praat
c0243	posthoc_soprano__alto_p	6.549872638500152e-06	praat
c0243	posthoc_mezzo__alto_padj	0.7486685836648239	praat
c0243	posthoc_mezzo__alto_u	141	praat
c0243	posthoc_mezzo__alto_rank_biserial	0.25333333333333335	praat
c0243	posthoc_mezzo__alto_p	0.24955619455494132	praat
c0243	posthoc_soprano__mezzo_diff	5.532710196724409	praat
c0243	posthoc_soprano__mezzo_ci_low	1.6762032227066612	praat
c0243	posthoc_soprano__mezzo_ci_high	9.207953651516874	praat
c0243	posthoc_soprano__alto_diff	7.5002058865546815	praat
c0243	posthoc_soprano__alto_ci_low	3.4878186948280074	praat
c0243	posthoc_soprano__alto_ci_high	11.6276318134084	praat
c0243	posthoc_mezzo__alto_diff	2.083831229085064	praat
c0243	posthoc_mezzo__alto_ci_low	-2.040862140124915	praat
c0243	posthoc_mezzo__alto_ci_high	6.092189059040251	praat
c0244	n	45	praat
c0244	k	3	praat
c0244	posthoc_soprano__mezzo_padj	0.0028162389393538525	praat
c0244	posthoc_soprano__mezzo_u	187	praat
c0244	posthoc_soprano__mezzo_rank_biserial	0.6622222222222223	praat
c0244	posthoc_soprano__mezzo_p	0.0014081194696769263	praat
c0244	posthoc_soprano__alto_padj	1.9649617915500456e-05	praat
c0244	posthoc_soprano__alto_u	211	praat
c0244	posthoc_soprano__alto_rank_biserial	0.8755555555555555	praat
c0244	posthoc_soprano__alto_p	6.549872638500152e-06	praat
c0244	posthoc_mezzo__alto_padj	0.24955619455494132	praat
c0244	posthoc_mezzo__alto_u	141	praat
c0244	posthoc_mezzo__alto_rank_biserial	0.25333333333333335	praat
c0244	posthoc_mezzo__alto_p	0.24955619455494132	praat
c0244	posthoc_soprano__mezzo_diff	5.532710196724409	praat
c0244	posthoc_soprano__alto_diff	7.5002058865546815	praat
c0244	posthoc_mezzo__alto_diff	2.083831229085064	praat
c0245	n	45	praat
c0245	k	3	praat
c0245	posthoc_soprano__mezzo_padj	0.0021121792045153895	praat
c0245	posthoc_soprano__mezzo_u	187	praat
c0245	posthoc_soprano__mezzo_rank_biserial	0.6622222222222223	praat
c0245	posthoc_soprano__mezzo_p	0.0014081194696769263	praat
c0245	posthoc_soprano__alto_padj	1.9649617915500456e-05	praat
c0245	posthoc_soprano__alto_u	211	praat
c0245	posthoc_soprano__alto_rank_biserial	0.8755555555555555	praat
c0245	posthoc_soprano__alto_p	6.549872638500152e-06	praat
c0245	posthoc_mezzo__alto_padj	0.2495561945549413	praat
c0245	posthoc_mezzo__alto_u	141	praat
c0245	posthoc_mezzo__alto_rank_biserial	0.25333333333333335	praat
c0245	posthoc_mezzo__alto_p	0.24955619455494132	praat
c0245	posthoc_soprano__mezzo_diff	5.532710196724409	praat
c0245	posthoc_soprano__alto_diff	7.5002058865546815	praat
c0245	posthoc_mezzo__alto_diff	2.083831229085064	praat
c0246	n	45	praat
c0246	k	3	praat
c0246	posthoc_soprano__mezzo_padj	0.002742213162118068	praat
c0246	posthoc_soprano__mezzo_diff	5.529493667274593	praat
c0246	posthoc_soprano__mezzo_f	6.810863606930593	praat
c0246	posthoc_soprano__alto_padj	3.0254283194211437e-05	praat
c0246	posthoc_soprano__alto_diff	7.775722186793658	praat
c0246	posthoc_soprano__alto_f	13.46830443187524	praat
c0246	posthoc_mezzo__alto_padj	0.3345779623527113	praat
c0246	posthoc_mezzo__alto_diff	2.2462285195190645	praat
c0246	posthoc_mezzo__alto_f	1.1239301648329714	praat
c0246	posthoc_soprano__mezzo_ci_low	1.7275268894188587	praat
c0246	posthoc_soprano__mezzo_ci_high	9.331460445130329	praat
c0246	posthoc_soprano__alto_ci_low	3.9737554089379232	praat
c0246	posthoc_soprano__alto_ci_high	11.577688964649393	praat
c0246	posthoc_mezzo__alto_ci_low	-1.5557382583366701	praat
c0246	posthoc_mezzo__alto_ci_high	6.048195297374799	praat
c0247	n	45	praat
c0247	k	3	praat
c0247	posthoc_alto__mezzo_padj	0.4747463121170603	praat
c0247	posthoc_alto__mezzo_t	-1.4504405547821464	praat
c0247	posthoc_alto__mezzo_cohens_d	-0.5296260067829929	praat
c0247	posthoc_alto__mezzo_p	0.15824877070568677	praat
c0247	posthoc_alto__soprano_padj	6.942027967846091e-05	praat
c0247	posthoc_alto__soprano_t	-5.093867625127412	praat
c0247	posthoc_alto__soprano_cohens_d	-1.860017468818369	praat
c0247	posthoc_alto__soprano_p	2.314009322615364e-05	praat
c0247	posthoc_mezzo__soprano_padj	0.001628897739103578	praat
c0247	posthoc_mezzo__soprano_t	-3.9047656484456583	praat
c0247	posthoc_mezzo__soprano_cohens_d	-1.4258188182833162	praat
c0247	posthoc_mezzo__soprano_p	0.000542965913034526	praat
c0247	posthoc_alto__mezzo_df	27.49553958311246	praat
c0247	posthoc_alto__mezzo_diff	-2.2462285195190645	praat
c0247	posthoc_alto__mezzo_ci_low	-6.19441148162856	praat
c0247	posthoc_alto__mezzo_ci_high	1.7019544425904312	praat
c0247	posthoc_alto__soprano_df	27.22548691954591	praat
c0247	posthoc_alto__soprano_diff	-7.775722186793658	praat
c0247	posthoc_alto__soprano_ci_low	-11.66989190096332	praat
c0247	posthoc_alto__soprano_ci_high	-3.8815524726239965	praat
c0247	posthoc_mezzo__soprano_df	27.96768626451982	praat
c0247	posthoc_mezzo__soprano_diff	-5.529493667274593	praat
c0247	posthoc_mezzo__soprano_ci_low	-9.135777963411634	praat
c0247	posthoc_mezzo__soprano_ci_high	-1.923209371137553	praat
c0248	n	45	praat
c0248	k	3	praat
c0248	posthoc_alto__mezzo_padj	0.15824877070568677	praat
c0248	posthoc_alto__mezzo_t	-1.4504405547821464	praat
c0248	posthoc_alto__mezzo_cohens_d	-0.5296260067829929	praat
c0248	posthoc_alto__mezzo_p	0.15824877070568677	praat
c0248	posthoc_alto__soprano_padj	6.942027967846091e-05	praat
c0248	posthoc_alto__soprano_t	-5.093867625127412	praat
c0248	posthoc_alto__soprano_cohens_d	-1.860017468818369	praat
c0248	posthoc_alto__soprano_p	2.314009322615364e-05	praat
c0248	posthoc_mezzo__soprano_padj	0.001085931826069052	praat
c0248	posthoc_mezzo__soprano_t	-3.9047656484456583	praat
c0248	posthoc_mezzo__soprano_cohens_d	-1.4258188182833162	praat
c0248	posthoc_mezzo__soprano_p	0.000542965913034526	praat
c0248	posthoc_alto__mezzo_df	27.49553958311246	praat
c0248	posthoc_alto__mezzo_diff	-2.2462285195190645	praat
c0248	posthoc_alto__soprano_df	27.22548691954591	praat
c0248	posthoc_alto__soprano_diff	-7.775722186793658	praat
c0248	posthoc_mezzo__soprano_df	27.96768626451982	praat
c0248	posthoc_mezzo__soprano_diff	-5.529493667274593	praat
c0249	n	45	praat
c0249	k	3	praat
c0249	posthoc_alto__mezzo_padj	0.15824877070568677	praat
c0249	posthoc_alto__mezzo_t	-1.4504405547821464	praat
c0249	posthoc_alto__mezzo_cohens_d	-0.5296260067829929	praat
c0249	posthoc_alto__mezzo_p	0.15824877070568677	praat
c0249	posthoc_alto__soprano_padj	6.942027967846091e-05	praat
c0249	posthoc_alto__soprano_t	-5.093867625127412	praat
c0249	posthoc_alto__soprano_cohens_d	-1.860017468818369	praat
c0249	posthoc_alto__soprano_p	2.314009322615364e-05	praat
c0249	posthoc_mezzo__soprano_padj	0.000814448869551789	praat
c0249	posthoc_mezzo__soprano_t	-3.9047656484456583	praat
c0249	posthoc_mezzo__soprano_cohens_d	-1.4258188182833162	praat
c0249	posthoc_mezzo__soprano_p	0.000542965913034526	praat
c0249	posthoc_alto__mezzo_df	27.49553958311246	praat
c0249	posthoc_alto__mezzo_diff	-2.2462285195190645	praat
c0249	posthoc_alto__soprano_df	27.22548691954591	praat
c0249	posthoc_alto__soprano_diff	-7.775722186793658	praat
c0249	posthoc_mezzo__soprano_df	27.96768626451982	praat
c0249	posthoc_mezzo__soprano_diff	-5.529493667274593	praat
c0250	n	45	praat
c0250	k	3	praat
c0250	posthoc_alto__mezzo_padj	0.4741399364076523	praat
c0250	posthoc_alto__mezzo_t	-1.4504405547821466	praat
c0250	posthoc_alto__mezzo_cohens_d	-0.5296260067829929	praat
c0250	posthoc_alto__mezzo_p	0.15804664546921743	praat
c0250	posthoc_alto__soprano_padj	6.436798496772442e-05	praat
c0250	posthoc_alto__soprano_t	-5.093867625127413	praat
c0250	posthoc_alto__soprano_cohens_d	-1.860017468818369	praat
c0250	posthoc_alto__soprano_p	2.1455994989241474e-05	praat
c0250	posthoc_mezzo__soprano_padj	0.0016264149009378476	praat
c0250	posthoc_mezzo__soprano_t	-3.9047656484456583	praat
c0250	posthoc_mezzo__soprano_cohens_d	-1.4258188182833162	praat
c0250	posthoc_mezzo__soprano_p	0.0005421383003126159	praat
c0250	posthoc_alto__mezzo_df	28	praat
c0250	posthoc_alto__mezzo_diff	-2.2462285195190645	praat
c0250	posthoc_alto__mezzo_ci_low	-6.189818478110631	praat
c0250	posthoc_alto__mezzo_ci_high	1.6973614390725018	praat
c0250	posthoc_alto__soprano_df	28	praat
c0250	posthoc_alto__soprano_diff	-7.775722186793658	praat
c0250	posthoc_alto__soprano_ci_low	-11.662867984026054	praat
c0250	posthoc_alto__soprano_ci_high	-3.8885763895612624	praat
c0250	posthoc_mezzo__soprano_df	28	praat
c0250	posthoc_mezzo__soprano_diff	-5.529493667274593	praat
c0250	posthoc_mezzo__soprano_ci_low	-9.135513744024736	praat
c0250	posthoc_mezzo__soprano_ci_high	-1.9234735905244502	praat
c0251	n	45	praat
c0251	k	3	praat
c0251	posthoc_alto__mezzo_padj	0.15804664546921743	praat
c0251	posthoc_alto__mezzo_t	-1.4504405547821466	praat
c0251	posthoc_alto__mezzo_cohens_d	-0.5296260067829929	praat
c0251	posthoc_alto__mezzo_p	0.15804664546921743	praat
c0251	posthoc_alto__soprano_padj	6.436798496772442e-05	praat
c0251	posthoc_alto__soprano_t	-5.093867625127413	praat
c0251	posthoc_alto__soprano_cohens_d	-1.860017468818369	praat
c0251	posthoc_alto__soprano_p	2.1455994989241474e-05	praat
c0251	posthoc_mezzo__soprano_padj	0.0010842766006252317	praat
c0251	posthoc_mezzo__soprano_t	-3.9047656484456583	praat
c0251	posthoc_mezzo__soprano_cohens_d	-1.4258188182833162	praat
c0251	posthoc_mezzo__soprano_p	0.0005421383003126159	praat
c0251	posthoc_alto__mezzo_df	28	praat
c0251	posthoc_alto__mezzo_diff	-2.2462285195190645	praat
c0251	posthoc_alto__soprano_df	28	praat
c0251	posthoc_alto__soprano_diff	-7.775722186793658	praat
c0251	posthoc_mezzo__soprano_df	28	praat
c0251	posthoc_mezzo__soprano_diff	-5.529493667274593	praat
c0252	n	45	praat
c0252	k	3	praat
c0252	posthoc_alto__mezzo_padj	0.15804664546921743	praat
c0252	posthoc_alto__mezzo_t	-1.4504405547821466	praat
c0252	posthoc_alto__mezzo_cohens_d	-0.5296260067829929	praat
c0252	posthoc_alto__mezzo_p	0.15804664546921743	praat
c0252	posthoc_alto__soprano_padj	6.436798496772442e-05	praat
c0252	posthoc_alto__soprano_t	-5.093867625127413	praat
c0252	posthoc_alto__soprano_cohens_d	-1.860017468818369	praat
c0252	posthoc_alto__soprano_p	2.1455994989241474e-05	praat
c0252	posthoc_mezzo__soprano_padj	0.0008132074504689238	praat
c0252	posthoc_mezzo__soprano_t	-3.9047656484456583	praat
c0252	posthoc_mezzo__soprano_cohens_d	-1.4258188182833162	praat
c0252	posthoc_mezzo__soprano_p	0.0005421383003126159	praat
c0252	posthoc_alto__mezzo_df	28	praat
c0252	posthoc_alto__mezzo_diff	-2.2462285195190645	praat
c0252	posthoc_alto__soprano_df	28	praat
c0252	posthoc_alto__soprano_diff	-7.775722186793658	praat
c0252	posthoc_mezzo__soprano_df	28	praat
c0252	posthoc_mezzo__soprano_diff	-5.529493667274593	praat
c0253	n	45	praat
c0253	k	3	praat
c0253	posthoc_alto__mezzo_padj	0.7486685836648239	praat
c0253	posthoc_alto__mezzo_u	84	praat
c0253	posthoc_alto__mezzo_rank_biserial	-0.25333333333333335	praat
c0253	posthoc_alto__mezzo_p	0.24955619455494132	praat
c0253	posthoc_alto__soprano_padj	1.9649617915500456e-05	praat
c0253	posthoc_alto__soprano_u	14	praat
c0253	posthoc_alto__soprano_rank_biserial	-0.8755555555555555	praat
c0253	posthoc_alto__soprano_p	6.549872638500152e-06	praat
c0253	posthoc_mezzo__soprano_padj	0.004224358409030779	praat
c0253	posthoc_mezzo__soprano_u	38	praat
c0253	posthoc_mezzo__soprano_rank_biserial	-0.6622222222222223	praat
c0253	posthoc_mezzo__soprano_p	0.0014081194696769263	praat
c0253	posthoc_alto__mezzo_diff	-2.083831229085064	praat
c0253	posthoc_alto__mezzo_ci_low	-6.092189059040251	praat
c0253	posthoc_alto__mezzo_ci_high	2.040862140124915	praat
c0253	posthoc_alto__soprano_diff	-7.5002058865546815	praat
c0253	posthoc_alto__soprano_ci_low	-11.6276318134084	praat
c0253	posthoc_alto__soprano_ci_high	-3.4878186948280074	praat
c0253	posthoc_mezzo__soprano_diff	-5.532710196724409	praat
c0253	posthoc_mezzo__soprano_ci_low	-9.207953651516874	praat
c0253	posthoc_mezzo__soprano_ci_high	-1.6762032227066612	praat
c0254	n	45	praat
c0254	k	3	praat
c0254	posthoc_alto__mezzo_padj	0.24955619455494132	praat
c0254	posthoc_alto__mezzo_u	84	praat
c0254	posthoc_alto__mezzo_rank_biserial	-0.25333333333333335	praat
c0254	posthoc_alto__mezzo_p	0.24955619455494132	praat
c0254	posthoc_alto__soprano_padj	1.9649617915500456e-05	praat
c0254	posthoc_alto__soprano_u	14	praat
c0254	posthoc_alto__soprano_rank_biserial	-0.8755555555555555	praat
c0254	posthoc_alto__soprano_p	6.549872638500152e-06	praat
c0254	posthoc_mezzo__soprano_padj	0.0028162389393538525	praat
c0254	posthoc_mezzo__soprano_u	38	praat
c0254	posthoc_mezzo__soprano_rank_biserial	-0.6622222222222223	praat
c0254	posthoc_mezzo__soprano_p	0.0014081194696769263	praat
c0254	posthoc_alto__mezzo_diff	-2.083831229085064	praat
c0254	posthoc_alto__soprano_diff	-7.5002058865546815	praat
c0254	posthoc_mezzo__soprano_diff	-5.532710196724409	praat
c0255	n	45	praat
c0255	k	3	praat
c0255	posthoc_alto__mezzo_padj	0.2495561945549413	praat
c0255	posthoc_alto__mezzo_u	84	praat
c0255	posthoc_alto__mezzo_rank_biserial	-0.25333333333333335	praat
c0255	posthoc_alto__mezzo_p	0.24955619455494132	praat
c0255	posthoc_alto__soprano_padj	1.9649617915500456e-05	praat
c0255	posthoc_alto__soprano_u	14	praat
c0255	posthoc_alto__soprano_rank_biserial	-0.8755555555555555	praat
c0255	posthoc_alto__soprano_p	6.549872638500152e-06	praat
c0255	posthoc_mezzo__soprano_padj	0.0021121792045153895	praat
c0255	posthoc_mezzo__soprano_u	38	praat
c0255	posthoc_mezzo__soprano_rank_biserial	-0.6622222222222223	praat
c0255	posthoc_mezzo__soprano_p	0.0014081194696769263	praat
c0255	posthoc_alto__mezzo_diff	-2.083831229085064	praat
c0255	posthoc_alto__soprano_diff	-7.5002058865546815	praat
c0255	posthoc_mezzo__soprano_diff	-5.532710196724409	praat
c0256	n	45	praat
c0256	k	3	praat
c0256	posthoc_alto__mezzo_padj	0.33457796235271164	praat
c0256	posthoc_alto__mezzo_diff	-2.2462285195190645	praat
c0256	posthoc_alto__mezzo_f	1.123930164832971	praat
c0256	posthoc_alto__soprano_padj	3.0254283194211498e-05	praat
c0256	posthoc_alto__soprano_diff	-7.775722186793658	praat
c0256	posthoc_alto__soprano_f	13.468304431875236	praat
c0256	posthoc_mezzo__soprano_padj	0.00274221316211807	praat
c0256	posthoc_mezzo__soprano_diff	-5.529493667274593	praat
c0256	posthoc_mezzo__soprano_f	6.8108636069305915	praat
c0256	posthoc_alto__mezzo_ci_low	-6.0481952973748	praat
c0256	posthoc_alto__mezzo_ci_high	1.5557382583366706	praat
c0256	posthoc_alto__soprano_ci_low	-11.577688964649393	praat
c0256	posthoc_alto__soprano_ci_high	-3.973755408937923	praat
c0256	posthoc_mezzo__soprano_ci_low	-9.331460445130329	praat
c0256	posthoc_mezzo__soprano_ci_high	-1.7275268894188582	praat
c0257	n	45	praat
c0257	k	3	praat
c0257	posthoc_soprano__mezzo_padj	0.9799925716771648	praat
c0257	posthoc_soprano__mezzo_t	0.9983845938055349	praat
c0257	posthoc_soprano__mezzo_cohens_d	0.36455850872861606	praat
c0257	posthoc_soprano__mezzo_p	0.32666419055905493	praat
c0257	posthoc_soprano__alto_padj	0.08521536409028407	praat
c0257	posthoc_soprano__alto_t	2.354319131551285	praat
c0257	posthoc_soprano__alto_cohens_d	0.8596757972777409	praat
c0257	posthoc_soprano__alto_p	0.028405121363428022	praat
c0257	posthoc_mezzo__alto_padj	0.7601793198084403	praat
c0257	posthoc_mezzo__alto_t	1.1735394756347532	praat
c0257	posthoc_mezzo__alto_cohens_d	0.42851602861862575	praat
c0257	posthoc_mezzo__alto_p	0.25339310660281344	praat
c0257	posthoc_soprano__mezzo_df	27.93124386694754	praat
c0257	posthoc_soprano__mezzo_diff	0.22882514536508758	praat
c0257	posthoc_soprano__mezzo_ci_low	-0.3549040598847508	praat
c0257	posthoc_soprano__mezzo_ci_high	0.812554350614926	praat
c0257	posthoc_soprano__alto_df	20.925307030787383	praat
c0257	posthoc_soprano__alto_diff	0.43959973362963467	praat
c0257	posthoc_soprano__alto_ci_low	-0.04627495521456165	praat
c0257	posthoc_soprano__alto_ci_high	0.9254744224738309	praat
c0257	posthoc_mezzo__alto_df	21.539933222594218	praat
c0257	posthoc_mezzo__alto_diff	0.2107745882645471	praat
c0257	posthoc_mezzo__alto_ci_low	-0.2554373887604199	praat
c0257	posthoc_mezzo__alto_ci_high	0.6769865652895141	praat
c0258	n	45	praat
c0258	k	3	praat
c0258	posthoc_soprano__mezzo_padj	0.5067862132056269	praat
c0258	posthoc_soprano__mezzo_t	0.9983845938055349	praat
c0258	posthoc_soprano__mezzo_cohens_d	0.36455850872861606	praat
c0258	posthoc_soprano__mezzo_p	0.32666419055905493	praat
c0258	posthoc_soprano__alto_padj	0.08521536409028407	praat
c0258	posthoc_soprano__alto_t	2.354319131551285	praat
c0258	posthoc_soprano__alto_cohens_d	0.8596757972777409	praat
c0258	posthoc_soprano__alto_p	0.028405121363428022	praat
c0258	posthoc_mezzo__alto_padj	0.5067862132056269	praat
c0258	posthoc_mezzo__alto_t	1.1735394756347532	praat
c0258	posthoc_mezzo__alto_cohens_d	0.42851602861862575	praat
c0258	posthoc_mezzo__alto_p	0.25339310660281344	praat
c0258	posthoc_soprano__mezzo_df	27.93124386694754	praat
c0258	posthoc_soprano__mezzo_diff	0.22882514536508758	praat
c0258	posthoc_soprano__alto_df	20.925307030787383	praat
c0258	posthoc_soprano__alto_diff	0.43959973362963467	praat
c0258	posthoc_mezzo__alto_df	21.539933222594218	praat
c0258	posthoc_mezzo__alto_diff	0.2107745882645471	praat
c0259	n	45	praat
c0259	k	3	praat
c0259	posthoc_soprano__mezzo_padj	0.32666419055905493	praat
c0259	posthoc_soprano__mezzo_t	0.9983845938055349	praat
c0259	posthoc_soprano__mezzo_cohens_d	0.36455850872861606	praat
c0259	posthoc_soprano__mezzo_p	0.32666419055905493	praat
c0259	posthoc_soprano__alto_padj	0.08521536409028407	praat
c0259	posthoc_soprano__alto_t	2.354319131551285	praat
c0259	posthoc_soprano__alto_cohens_d	0.8596757972777409	praat
c0259	posthoc_soprano__alto_p	0.028405121363428022	praat
c0259	posthoc_mezzo__alto_padj	0.32666419055905493	praat
c0259	posthoc_mezzo__alto_t	1.1735394756347532	praat
c0259	posthoc_mezzo__alto_cohens_d	0.42851602861862575	praat
c0259	posthoc_mezzo__alto_p	0.25339310660281344	praat
c0259	posthoc_soprano__mezzo_df	27.93124386694754	praat
c0259	posthoc_soprano__mezzo_diff	0.22882514536508758	praat
c0259	posthoc_soprano__alto_df	20.925307030787383	praat
c0259	posthoc_soprano__alto_diff	0.43959973362963467	praat
c0259	posthoc_mezzo__alto_df	21.539933222594218	praat
c0259	posthoc_mezzo__alto_diff	0.2107745882645471	praat
c0260	n	45	praat
c0260	k	3	praat
c0260	posthoc_soprano__mezzo_padj	0.979930004271049	praat
c0260	posthoc_soprano__mezzo_t	0.998384593805535	praat
c0260	posthoc_soprano__mezzo_cohens_d	0.36455850872861606	praat
c0260	posthoc_soprano__mezzo_p	0.32664333475701635	praat
c0260	posthoc_soprano__alto_padj	0.07740860273650986	praat
c0260	posthoc_soprano__alto_t	2.354319131551285	praat
c0260	posthoc_soprano__alto_cohens_d	0.8596757972777409	praat
c0260	posthoc_soprano__alto_p	0.02580286757883662	praat
c0260	posthoc_mezzo__alto_padj	0.7513972253601363	praat
c0260	posthoc_mezzo__alto_t	1.1735394756347532	praat
c0260	posthoc_mezzo__alto_cohens_d	0.42851602861862575	praat
c0260	posthoc_mezzo__alto_p	0.2504657417867121	praat
c0260	posthoc_soprano__mezzo_df	28	praat
c0260	posthoc_soprano__mezzo_diff	0.22882514536508758	praat
c0260	posthoc_soprano__mezzo_ci_low	-0.3548129419864161	praat
c0260	posthoc_soprano__mezzo_ci_high	0.8124632327165913	praat
c0260	posthoc_soprano__alto_df	28	praat
c0260	posthoc_soprano__alto_diff	0.43959973362963467	praat
c0260	posthoc_soprano__alto_ci_low	-0.03587762142791928	praat
c0260	posthoc_soprano__alto_ci_high	0.9150770886871886	praat
c0260	posthoc_mezzo__alto_df	28	praat
c0260	posthoc_mezzo__alto_diff	0.2107745882645471	praat
c0260	posthoc_mezzo__alto_ci_low	-0.24658553468421096	praat
c0260	posthoc_mezzo__alto_ci_high	0.6681347112133051	praat
c0261	n	45	praat
c0261	k	3	praat
c0261	posthoc_soprano__mezzo_padj	0.5009314835734242	praat
c0261	posthoc_soprano__mezzo_t	0.998384593805535	praat
c0261	posthoc_soprano__mezzo_cohens_d	0.36455850872861606	praat
c0261	posthoc_soprano__mezzo_p	0.32664333475701635	praat
c0261	posthoc_soprano__alto_padj	0.07740860273650986	praat
c0261	posthoc_soprano__alto_t	2.354319131551285	praat
c0261	posthoc_soprano__alto_cohens_d	0.8596757972777409	praat
c0261	posthoc_soprano__alto_p	0.02580286757883662	praat
c0261	posthoc_mezzo__alto_padj	0.5009314835734242	praat
c0261	posthoc_mezzo__alto_t	1.1735394756347532	praat
c0261	posthoc_mezzo__alto_cohens_d	0.42851602861862575	praat
c0261	posthoc_mezzo__alto_p	0.2504657417867121	praat
c0261	posthoc_soprano__mezzo_df	28	praat
c0261	posthoc_soprano__mezzo_diff	0.22882514536508758	praat
c0261	posthoc_soprano__alto_df	28	praat
c0261	posthoc_soprano__alto_diff	0.43959973362963467	praat
c0261	posthoc_mezzo__alto_df	28	praat
c0261	posthoc_mezzo__alto_diff	0.2107745882645471	praat
c0262	n	45	praat
c0262	k	3	praat
c0262	posthoc_soprano__mezzo_padj	0.32664333475701635	praat
c0262	posthoc_soprano__mezzo_t	0.998384593805535	praat
c0262	posthoc_soprano__mezzo_cohens_d	0.36455850872861606	praat
c0262	posthoc_soprano__mezzo_p	0.32664333475701635	praat
c0262	posthoc_soprano__alto_padj	0.07740860273650986	praat
c0262	posthoc_soprano__alto_t	2.354319131551285	praat
c0262	posthoc_soprano__alto_cohens_d	0.8596757972777409	praat
c0262	posthoc_soprano__alto_p	0.02580286757883662	praat
c0262	posthoc_mezzo__alto_padj	0.32664333475701635	praat
c0262	posthoc_mezzo__alto_t	1.1735394756347532	praat
c0262	posthoc_mezzo__alto_cohens_d	0.42851602861862575	praat
c0262	posthoc_mezzo__alto_p	0.2504657417867121	praat
c0262	posthoc_soprano__mezzo_df	28	praat
c0262	posthoc_soprano__mezzo_diff	0.22882514536508758	praat
c0262	posthoc_soprano__alto_df	28	praat
c0262	posthoc_soprano__alto_diff	0.43959973362963467	praat
c0262	posthoc_mezzo__alto_df	28	praat
c0262	posthoc_mezzo__alto_diff	0.2107745882645471	praat
c0263	n	45	praat
c0263	k	3	praat
c0263	posthoc_soprano__mezzo_padj	1	praat
c0263	posthoc_soprano__mezzo_u	131	praat
c0263	posthoc_soprano__mezzo_rank_biserial	0.16444444444444445	praat
c0263	posthoc_soprano__mezzo_p	0.46095874921156554	praat
c0263	posthoc_soprano__alto_padj	0.2675843192954606	praat
c0263	posthoc_soprano__alto_u	154	praat
c0263	posthoc_soprano__alto_rank_biserial	0.3688888888888889	praat
c0263	posthoc_soprano__alto_p	0.08919477309848688	praat
c0263	posthoc_mezzo__alto_padj	0.9736445244869825	praat
c0263	posthoc_mezzo__alto_u	137	praat
c0263	posthoc_mezzo__alto_rank_biserial	0.21777777777777776	praat
c0263	posthoc_mezzo__alto_p	0.3245481748289942	praat
c0263	posthoc_soprano__mezzo_diff	0.22321279533746807	praat
c0263	posthoc_soprano__mezzo_ci_low	-0.3567648002708985	praat
c0263	posthoc_soprano__mezzo_ci_high	0.8430261417041427	praat
c0263	posthoc_soprano__alto_diff	0.45879306239219364	praat
c0263	posthoc_soprano__alto_ci_low	-0.1782147699979717	praat
c0263	posthoc_soprano__alto_ci_high	0.9696773486342156	praat
c0263	posthoc_mezzo__alto_diff	0.1451033608490775	praat
c0263	posthoc_mezzo__alto_ci_low	-0.29858057633956037	praat
c0263	posthoc_mezzo__alto_ci_high	0.7509407197126441	praat
c0264	n	45	praat
c0264	k	3	praat
c0264	posthoc_soprano__mezzo_padj	0.6490963496579883	praat
c0264	posthoc_soprano__mezzo_u	131	praat
c0264	posthoc_soprano__mezzo_rank_biserial	0.16444444444444445	praat
c0264	posthoc_soprano__mezzo_p	0.46095874921156554	praat
c0264	posthoc_soprano__alto_padj	0.2675843192954606	praat
c0264	posthoc_soprano__alto_u	154	praat
c0264	posthoc_soprano__alto_rank_biserial	0.3688888888888889	praat
c0264	posthoc_soprano__alto_p	0.08919477309848688	praat
c0264	posthoc_mezzo__alto_padj	0.6490963496579883	praat
c0264	posthoc_mezzo__alto_u	137	praat
c0264	posthoc_mezzo__alto_rank_biserial	0.21777777777777776	praat
c0264	posthoc_mezzo__alto_p	0.3245481748289942	praat
c0264	posthoc_soprano__mezzo_diff	0.22321279533746807	praat
c0264	posthoc_soprano__alto_diff	0.45879306239219364	praat
c0264	posthoc_mezzo__alto_diff	0.1451033608490775	praat
c0265	n	45	praat
c0265	k	3	praat
c0265	posthoc_soprano__mezzo_padj	0.4609587492115656	praat
c0265	posthoc_soprano__mezzo_u	131	praat
c0265	posthoc_soprano__mezzo_rank_biserial	0.16444444444444445	praat
c0265	posthoc_soprano__mezzo_p	0.46095874921156554	praat
c0265	posthoc_soprano__alto_padj	0.2675843192954606	praat
c0265	posthoc_soprano__alto_u	154	praat
c0265	posthoc_soprano__alto_rank_biserial	0.3688888888888889	praat
c0265	posthoc_soprano__alto_p	0.08919477309848688	praat
c0265	posthoc_mezzo__alto_padj	0.4609587492115656	praat
c0265	posthoc_mezzo__alto_u	137	praat
c0265	posthoc_mezzo__alto_rank_biserial	0.21777777777777776	praat
c0265	posthoc_mezzo__alto_p	0.3245481748289942	praat
c0265	posthoc_soprano__mezzo_diff	0.22321279533746807	praat
c0265	posthoc_soprano__alto_diff	0.45879306239219364	praat
c0265	posthoc_mezzo__alto_diff	0.1451033608490775	praat
c0266	n	45	praat
c0266	k	3	praat
c0266	posthoc_soprano__mezzo_padj	0.5239505112259181	praat
c0266	posthoc_soprano__mezzo_diff	0.22882514536508758	praat
c0266	posthoc_soprano__mezzo_f	0.6564079997756396	praat
c0266	posthoc_soprano__alto_padj	0.100987852812504	praat
c0266	posthoc_soprano__alto_diff	0.43959973362963467	praat
c0266	posthoc_soprano__alto_f	2.4225972091997674	praat
c0266	posthoc_mezzo__alto_padj	0.5771368746206458	praat
c0266	posthoc_mezzo__alto_diff	0.2107745882645471	praat
c0266	posthoc_mezzo__alto_f	0.5569328956958166	praat
c0266	posthoc_soprano__mezzo_ci_low	-0.277979816914378	praat
c0266	posthoc_soprano__mezzo_ci_high	0.7356301076445532	praat
c0266	posthoc_soprano__alto_ci_low	-0.06720522864983092	praat
c0266	posthoc_soprano__alto_ci_high	0.9464046959091003	praat
c0266	posthoc_mezzo__alto_ci_low	-0.2960303740149185	praat
c0266	posthoc_mezzo__alto_ci_high	0.7175795505440127	praat
c0267	n	45	praat
c0267	k	3	praat
c0267	posthoc_alto__mezzo_padj	0.7601793198084403	praat
c0267	posthoc_alto__mezzo_t	-1.1735394756347532	praat
c0267	posthoc_alto__mezzo_cohens_d	-0.42851602861862575	praat
c0267	posthoc_alto__mezzo_p	0.25339310660281344	praat
c0267	posthoc_alto__soprano_padj	0.08521536409028407	praat
c0267	posthoc_alto__soprano_t	-2.354319131551285	praat
c0267	posthoc_alto__soprano_cohens_d	-0.8596757972777409	praat
c0267	posthoc_alto__soprano_p	0.028405121363428022	praat
c0267	posthoc_mezzo__soprano_padj	0.9799925716771648	praat
c0267	posthoc_mezzo__soprano_t	-0.9983845938055349	praat
c0267	posthoc_mezzo__soprano_cohens_d	-0.36455850872861606	praat
c0267	posthoc_mezzo__soprano_p	0.32666419055905493	praat
c0267	posthoc_alto__mezzo_df	21.539933222594218	praat
c0267	posthoc_alto__mezzo_diff	-0.2107745882645471	praat
c0267	posthoc_alto__mezzo_ci_low	-0.6769865652895141	praat
c0267	posthoc_alto__mezzo_ci_high	0.2554373887604199	praat
c0267	posthoc_alto__soprano_df	20.925307030787383	praat
c0267	posthoc_alto__soprano_diff	-0.43959973362963467	praat
c0267	posthoc_alto__soprano_ci_low	-0.9254744224738309	praat
c0267	posthoc_alto__soprano_ci_high	0.04627495521456165	praat
c0267	posthoc_mezzo__soprano_df	27.93124386694754	praat
c0267	posthoc_mezzo__soprano_diff	-0.22882514536508758	praat
c0267	posthoc_mezzo__soprano_ci_low	-0.812554350614926	praat
c0267	posthoc_mezzo__soprano_ci_high	0.3549040598847508	praat
c0268	n	45	praat
c0268	k	3	praat
c0268	posthoc_alto__mezzo_padj	0.5067862132056269	praat
c0268	posthoc_alto__mezzo_t	-1.1735394756347532	praat
c0268	posthoc_alto__mezzo_cohens_d	-0.42851602861862575	praat
c0268	posthoc_alto__mezzo_p	0.25339310660281344	praat
c0268	posthoc_alto__soprano_padj	0.08521536409028407	praat
c0268	posthoc_alto__soprano_t	-2.354319131551285	praat
c0268	posthoc_alto__soprano_cohens_d	-0.8596757972777409	praat
c0268	posthoc_alto__soprano_p	0.028405121363428022	praat
c0268	posthoc_mezzo__soprano_padj	0.5067862132056269	praat
c0268	posthoc_mezzo__soprano_t	-0.9983845938055349	praat
c0268	posthoc_mezzo__soprano_cohens_d	-0.36455850872861606	praat
c0268	posthoc_mezzo__soprano_p	0.32666419055905493	praat
c0268	posthoc_alto__mezzo_df	21.539933222594218	praat
c0268	posthoc_alto__mezzo_diff	-0.2107745882645471	praat
c0268	posthoc_alto__soprano_df	20.925307030787383	praat
c0268	posthoc_alto__soprano_diff	-0.43959973362963467	praat
c0268	posthoc_mezzo__soprano_df	27.93124386694754	praat
c0268	posthoc_mezzo__soprano_diff	-0.22882514536508758	praat
c0269	n	45	praat
c0269	k	3	praat
c0269	posthoc_alto__mezzo_padj	0.32666419055905493	praat
c0269	posthoc_alto__mezzo_t	-1.1735394756347532	praat
c0269	posthoc_alto__mezzo_cohens_d	-0.42851602861862575	praat
c0269	posthoc_alto__mezzo_p	0.25339310660281344	praat
c0269	posthoc_alto__soprano_padj	0.08521536409028407	praat
c0269	posthoc_alto__soprano_t	-2.354319131551285	praat
c0269	posthoc_alto__soprano_cohens_d	-0.8596757972777409	praat
c0269	posthoc_alto__soprano_p	0.028405121363428022	praat
c0269	posthoc_mezzo__soprano_padj	0.32666419055905493	praat
c0269	posthoc_mezzo__soprano_t	-0.9983845938055349	praat
c0269	posthoc_mezzo__soprano_cohens_d	-0.36455850872861606	praat
c0269	posthoc_mezzo__soprano_p	0.32666419055905493	praat
c0269	posthoc_alto__mezzo_df	21.539933222594218	praat
c0269	posthoc_alto__mezzo_diff	-0.2107745882645471	praat
c0269	posthoc_alto__soprano_df	20.925307030787383	praat
c0269	posthoc_alto__soprano_diff	-0.43959973362963467	praat
c0269	posthoc_mezzo__soprano_df	27.93124386694754	praat
c0269	posthoc_mezzo__soprano_diff	-0.22882514536508758	praat
c0270	n	45	praat
c0270	k	3	praat
c0270	posthoc_alto__mezzo_padj	0.7513972253601363	praat
c0270	posthoc_alto__mezzo_t	-1.1735394756347532	praat
c0270	posthoc_alto__mezzo_cohens_d	-0.42851602861862575	praat
c0270	posthoc_alto__mezzo_p	0.2504657417867121	praat
c0270	posthoc_alto__soprano_padj	0.07740860273650986	praat
c0270	posthoc_alto__soprano_t	-2.354319131551285	praat
c0270	posthoc_alto__soprano_cohens_d	-0.8596757972777409	praat
c0270	posthoc_alto__soprano_p	0.02580286757883662	praat
c0270	posthoc_mezzo__soprano_padj	0.979930004271049	praat
c0270	posthoc_mezzo__soprano_t	-0.998384593805535	praat
c0270	posthoc_mezzo__soprano_cohens_d	-0.36455850872861606	praat
c0270	posthoc_mezzo__soprano_p	0.32664333475701635	praat
c0270	posthoc_alto__mezzo_df	28	praat
c0270	posthoc_alto__mezzo_diff	-0.2107745882645471	praat
c0270	posthoc_alto__mezzo_ci_low	-0.6681347112133051	praat
c0270	posthoc_alto__mezzo_ci_high	0.24658553468421096	praat
c0270	posthoc_alto__soprano_df	28	praat
c0270	posthoc_alto__soprano_diff	-0.43959973362963467	praat
c0270	posthoc_alto__soprano_ci_low	-0.9150770886871886	praat
c0270	posthoc_alto__soprano_ci_high	0.03587762142791928	praat
c0270	posthoc_mezzo__soprano_df	28	praat
c0270	posthoc_mezzo__soprano_diff	-0.22882514536508758	praat
c0270	posthoc_mezzo__soprano_ci_low	-0.8124632327165913	praat
c0270	posthoc_mezzo__soprano_ci_high	0.3548129419864161	praat
c0271	n	45	praat
c0271	k	3	praat
c0271	posthoc_alto__mezzo_padj	0.5009314835734242	praat
c0271	posthoc_alto__mezzo_t	-1.1735394756347532	praat
c0271	posthoc_alto__mezzo_cohens_d	-0.42851602861862575	praat
c0271	posthoc_alto__mezzo_p	0.2504657417867121	praat
c0271	posthoc_alto__soprano_padj	0.07740860273650986	praat
c0271	posthoc_alto__soprano_t	-2.354319131551285	praat
c0271	posthoc_alto__soprano_cohens_d	-0.8596757972777409	praat
c0271	posthoc_alto__soprano_p	0.02580286757883662	praat
c0271	posthoc_mezzo__soprano_padj	0.5009314835734242	praat
c0271	posthoc_mezzo__soprano_t	-0.998384593805535	praat
c0271	posthoc_mezzo__soprano_cohens_d	-0.36455850872861606	praat
c0271	posthoc_mezzo__soprano_p	0.32664333475701635	praat
c0271	posthoc_alto__mezzo_df	28	praat
c0271	posthoc_alto__mezzo_diff	-0.2107745882645471	praat
c0271	posthoc_alto__soprano_df	28	praat
c0271	posthoc_alto__soprano_diff	-0.43959973362963467	praat
c0271	posthoc_mezzo__soprano_df	28	praat
c0271	posthoc_mezzo__soprano_diff	-0.22882514536508758	praat
c0272	n	45	praat
c0272	k	3	praat
c0272	posthoc_alto__mezzo_padj	0.32664333475701635	praat
c0272	posthoc_alto__mezzo_t	-1.1735394756347532	praat
c0272	posthoc_alto__mezzo_cohens_d	-0.42851602861862575	praat
c0272	posthoc_alto__mezzo_p	0.2504657417867121	praat
c0272	posthoc_alto__soprano_padj	0.07740860273650986	praat
c0272	posthoc_alto__soprano_t	-2.354319131551285	praat
c0272	posthoc_alto__soprano_cohens_d	-0.8596757972777409	praat
c0272	posthoc_alto__soprano_p	0.02580286757883662	praat
c0272	posthoc_mezzo__soprano_padj	0.32664333475701635	praat
c0272	posthoc_mezzo__soprano_t	-0.998384593805535	praat
c0272	posthoc_mezzo__soprano_cohens_d	-0.36455850872861606	praat
c0272	posthoc_mezzo__soprano_p	0.32664333475701635	praat
c0272	posthoc_alto__mezzo_df	28	praat
c0272	posthoc_alto__mezzo_diff	-0.2107745882645471	praat
c0272	posthoc_alto__soprano_df	28	praat
c0272	posthoc_alto__soprano_diff	-0.43959973362963467	praat
c0272	posthoc_mezzo__soprano_df	28	praat
c0272	posthoc_mezzo__soprano_diff	-0.22882514536508758	praat
c0273	n	45	praat
c0273	k	3	praat
c0273	posthoc_alto__mezzo_padj	0.9736445244869825	praat
c0273	posthoc_alto__mezzo_u	88	praat
c0273	posthoc_alto__mezzo_rank_biserial	-0.21777777777777776	praat
c0273	posthoc_alto__mezzo_p	0.3245481748289942	praat
c0273	posthoc_alto__soprano_padj	0.2675843192954606	praat
c0273	posthoc_alto__soprano_u	71	praat
c0273	posthoc_alto__soprano_rank_biserial	-0.3688888888888889	praat
c0273	posthoc_alto__soprano_p	0.08919477309848688	praat
c0273	posthoc_mezzo__soprano_padj	1	praat
c0273	posthoc_mezzo__soprano_u	94	praat
c0273	posthoc_mezzo__soprano_rank_biserial	-0.16444444444444445	praat
c0273	posthoc_mezzo__soprano_p	0.46095874921156554	praat
c0273	posthoc_alto__mezzo_diff	-0.1451033608490775	praat
c0273	posthoc_alto__mezzo_ci_low	-0.7509407197126441	praat
c0273	posthoc_alto__mezzo_ci_high	0.29858057633956037	praat
c0273	posthoc_alto__soprano_diff	-0.45879306239219364	praat
c0273	posthoc_alto__soprano_ci_low	-0.9696773486342156	praat
c0273	posthoc_alto__soprano_ci_high	0.1782147699979717	praat
c0273	posthoc_mezzo__soprano_diff	-0.22321279533746807	praat
c0273	posthoc_mezzo__soprano_ci_low	-0.8430261417041427	praat
c0273	posthoc_mezzo__soprano_ci_high	0.3567648002708985	praat
c0274	n	45	praat
c0274	k	3	praat
c0274	posthoc_alto__mezzo_padj	0.6490963496579883	praat
c0274	posthoc_alto__mezzo_u	88	praat
c0274	posthoc_alto__mezzo_rank_biserial	-0.21777777777777776	praat
c0274	posthoc_alto__mezzo_p	0.3245481748289942	praat
c0274	posthoc_alto__soprano_padj	0.2675843192954606	praat
c0274	posthoc_alto__soprano_u	71	praat
c0274	posthoc_alto__soprano_rank_biserial	-0.3688888888888889	praat
c0274	posthoc_alto__soprano_p	0.08919477309848688	praat
c0274	posthoc_mezzo__soprano_padj	0.6490963496579883	praat
c0274	posthoc_mezzo__soprano_u	94	praat
c0274	posthoc_mezzo__soprano_rank_biserial	-0.16444444444444445	praat
c0274	posthoc_mezzo__soprano_p	0.46095874921156554	praat
c0274	posthoc_alto__mezzo_diff	-0.1451033608490775	praat
c0274	posthoc_alto__soprano_diff	-0.45879306239219364	praat
c0274	posthoc_mezzo__soprano_diff	-0.22321279533746807	praat
c0275	n	45	praat
c0275	k	3	praat
c0275	posthoc_alto__mezzo_padj	0.4609587492115656	praat
c0275	posthoc_alto__mezzo_u	88	praat
c0275	posthoc_alto__mezzo_rank_biserial	-0.21777777777777776	praat
c0275	posthoc_alto__mezzo_p	0.3245481748289942	praat
c0275	posthoc_alto__soprano_padj	0.2675843192954606	praat
c0275	posthoc_alto__soprano_u	71	praat
c0275	posthoc_alto__soprano_rank_biserial	-0.3688888888888889	praat
c0275	posthoc_alto__soprano_p	0.08919477309848688	praat
c0275	posthoc_mezzo__soprano_padj	0.4609587492115656	praat
c0275	posthoc_mezzo__soprano_u	94	praat
c0275	posthoc_mezzo__soprano_rank_biserial	-0.16444444444444445	praat
c0275	posthoc_mezzo__soprano_p	0.46095874921156554	praat
c0275	posthoc_alto__mezzo_diff	-0.1451033608490775	praat
c0275	posthoc_alto__soprano_diff	-0.45879306239219364	praat
c0275	posthoc_mezzo__soprano_diff	-0.22321279533746807	praat
c0276	n	45	praat
c0276	k	3	praat
c0276	posthoc_alto__mezzo_padj	0.577136874620646	praat
c0276	posthoc_alto__mezzo_diff	-0.2107745882645471	praat
c0276	posthoc_alto__mezzo_f	0.5569328956958164	praat
c0276	posthoc_alto__soprano_padj	0.100987852812504	praat
c0276	posthoc_alto__soprano_diff	-0.43959973362963467	praat
c0276	posthoc_alto__soprano_f	2.4225972091997665	praat
c0276	posthoc_mezzo__soprano_padj	0.5239505112259183	praat
c0276	posthoc_mezzo__soprano_diff	-0.22882514536508758	praat
c0276	posthoc_mezzo__soprano_f	0.6564079997756394	praat
c0276	posthoc_alto__mezzo_ci_low	-0.7175795505440129	praat
c0276	posthoc_alto__mezzo_ci_high	0.2960303740149187	praat
c0276	posthoc_alto__soprano_ci_low	-0.9464046959091005	praat
c0276	posthoc_alto__soprano_ci_high	0.06720522864983114	praat
c0276	posthoc_mezzo__soprano_ci_low	-0.7356301076445534	praat
c0276	posthoc_mezzo__soprano_ci_high	0.27797981691437823	praat
c0277	n	40	praat
c0277	k	2	praat
c0277	posthoc_control__patient_padj	6.039394008344935e-07	praat
c0277	posthoc_control__patient_t	-6.65638586880313	praat
c0277	posthoc_control__patient_cohens_d	-2.1049340330376625	praat
c0277	posthoc_control__patient_p	6.039394008344935e-07	praat
c0277	posthoc_control__patient_df	24.668456862621873	praat
c0277	posthoc_control__patient_diff	-1.3420887365527916	praat
c0277	posthoc_control__patient_ci_low	-1.7576248010587407	praat
c0277	posthoc_control__patient_ci_high	-0.9265526720468424	praat
c0278	n	40	praat
c0278	k	2	praat
c0278	posthoc_control__patient_padj	6.039394008344935e-07	praat
c0278	posthoc_control__patient_t	-6.65638586880313	praat
c0278	posthoc_control__patient_cohens_d	-2.1049340330376625	praat
c0278	posthoc_control__patient_p	6.039394008344935e-07	praat
c0278	posthoc_control__patient_df	24.668456862621873	praat
c0278	posthoc_control__patient_diff	-1.3420887365527916	praat
c0279	n	40	praat
c0279	k	2	praat
c0279	posthoc_control__patient_padj	6.039394008344935e-07	praat
c0279	posthoc_control__patient_t	-6.65638586880313	praat
c0279	posthoc_control__patient_cohens_d	-2.1049340330376625	praat
c0279	posthoc_control__patient_p	6.039394008344935e-07	praat
c0279	posthoc_control__patient_df	24.668456862621873	praat
c0279	posthoc_control__patient_diff	-1.3420887365527916	praat
c0280	n	40	praat
c0280	k	2	praat
c0280	posthoc_control__patient_padj	7.2000246032637e-08	praat
c0280	posthoc_control__patient_t	-6.65638586880313	praat
c0280	posthoc_control__patient_cohens_d	-2.1049340330376625	praat
c0280	posthoc_control__patient_p	7.2000246032637e-08	praat
c0280	posthoc_control__patient_df	38	praat
c0280	posthoc_control__patient_diff	-1.3420887365527916	praat
c0280	posthoc_control__patient_ci_low	-1.750255669672308	praat
c0280	posthoc_control__patient_ci_high	-0.9339218034332751	praat
c0281	n	40	praat
c0281	k	2	praat
c0281	posthoc_control__patient_padj	7.2000246032637e-08	praat
c0281	posthoc_control__patient_t	-6.65638586880313	praat
c0281	posthoc_control__patient_cohens_d	-2.1049340330376625	praat
c0281	posthoc_control__patient_p	7.2000246032637e-08	praat
c0281	posthoc_control__patient_df	38	praat
c0281	posthoc_control__patient_diff	-1.3420887365527916	praat
c0282	n	40	praat
c0282	k	2	praat
c0282	posthoc_control__patient_padj	7.2000246032637e-08	praat
c0282	posthoc_control__patient_t	-6.65638586880313	praat
c0282	posthoc_control__patient_cohens_d	-2.1049340330376625	praat
c0282	posthoc_control__patient_p	7.2000246032637e-08	praat
c0282	posthoc_control__patient_df	38	praat
c0282	posthoc_control__patient_diff	-1.3420887365527916	praat
c0283	n	40	praat
c0283	k	2	praat
c0283	posthoc_control__patient_padj	1.0605997934914123e-07	praat
c0283	posthoc_control__patient_u	24	praat
c0283	posthoc_control__patient_rank_biserial	-0.88	praat
c0283	posthoc_control__patient_p	1.0605997934914123e-07	praat
c0283	posthoc_control__patient_diff	-1.4538787204112351	praat
c0283	posthoc_control__patient_ci_low	-1.83000147416009	praat
c0283	posthoc_control__patient_ci_high	-0.8384026182617115	praat
c0284	n	40	praat
c0284	k	2	praat
c0284	posthoc_control__patient_padj	1.0605997934914123e-07	praat
c0284	posthoc_control__patient_u	24	praat
c0284	posthoc_control__patient_rank_biserial	-0.88	praat
c0284	posthoc_control__patient_p	1.0605997934914123e-07	praat
c0284	posthoc_control__patient_diff	-1.4538787204112351	praat
c0285	n	40	praat
c0285	k	2	praat
c0285	posthoc_control__patient_padj	1.0605997934914123e-07	praat
c0285	posthoc_control__patient_u	24	praat
c0285	posthoc_control__patient_rank_biserial	-0.88	praat
c0285	posthoc_control__patient_p	1.0605997934914123e-07	praat
c0285	posthoc_control__patient_diff	-1.4538787204112351	praat
c0286	n	40	praat
c0286	k	2	praat
c0286	posthoc_control__patient_padj	7.2000246032637e-08	praat
c0286	posthoc_control__patient_diff	-1.3420887365527916	praat
c0286	posthoc_control__patient_f	44.307472834402	praat
c0286	posthoc_control__patient_ci_low	-1.750255669672308	praat
c0286	posthoc_control__patient_ci_high	-0.9339218034332752	praat
c0287	n	40	praat
c0287	k	2	praat
c0287	posthoc_control__patient_padj	6.039394008344935e-07	praat
c0287	posthoc_control__patient_t	-6.65638586880313	praat
c0287	posthoc_control__patient_cohens_d	-2.1049340330376625	praat
c0287	posthoc_control__patient_p	6.039394008344935e-07	praat
c0287	posthoc_control__patient_df	24.668456862621873	praat
c0287	posthoc_control__patient_diff	-1.3420887365527916	praat
c0287	posthoc_control__patient_ci_low	-1.7576248010587407	praat
c0287	posthoc_control__patient_ci_high	-0.9265526720468424	praat
c0288	n	40	praat
c0288	k	2	praat
c0288	posthoc_control__patient_padj	6.039394008344935e-07	praat
c0288	posthoc_control__patient_t	-6.65638586880313	praat
c0288	posthoc_control__patient_cohens_d	-2.1049340330376625	praat
c0288	posthoc_control__patient_p	6.039394008344935e-07	praat
c0288	posthoc_control__patient_df	24.668456862621873	praat
c0288	posthoc_control__patient_diff	-1.3420887365527916	praat
c0289	n	40	praat
c0289	k	2	praat
c0289	posthoc_control__patient_padj	6.039394008344935e-07	praat
c0289	posthoc_control__patient_t	-6.65638586880313	praat
c0289	posthoc_control__patient_cohens_d	-2.1049340330376625	praat
c0289	posthoc_control__patient_p	6.039394008344935e-07	praat
c0289	posthoc_control__patient_df	24.668456862621873	praat
c0289	posthoc_control__patient_diff	-1.3420887365527916	praat
c0290	n	40	praat
c0290	k	2	praat
c0290	posthoc_control__patient_padj	7.2000246032637e-08	praat
c0290	posthoc_control__patient_t	-6.65638586880313	praat
c0290	posthoc_control__patient_cohens_d	-2.1049340330376625	praat
c0290	posthoc_control__patient_p	7.2000246032637e-08	praat
c0290	posthoc_control__patient_df	38	praat
c0290	posthoc_control__patient_diff	-1.3420887365527916	praat
c0290	posthoc_control__patient_ci_low	-1.750255669672308	praat
c0290	posthoc_control__patient_ci_high	-0.9339218034332751	praat
c0291	n	40	praat
c0291	k	2	praat
c0291	posthoc_control__patient_padj	7.2000246032637e-08	praat
c0291	posthoc_control__patient_t	-6.65638586880313	praat
c0291	posthoc_control__patient_cohens_d	-2.1049340330376625	praat
c0291	posthoc_control__patient_p	7.2000246032637e-08	praat
c0291	posthoc_control__patient_df	38	praat
c0291	posthoc_control__patient_diff	-1.3420887365527916	praat
c0292	n	40	praat
c0292	k	2	praat
c0292	posthoc_control__patient_padj	7.2000246032637e-08	praat
c0292	posthoc_control__patient_t	-6.65638586880313	praat
c0292	posthoc_control__patient_cohens_d	-2.1049340330376625	praat
c0292	posthoc_control__patient_p	7.2000246032637e-08	praat
c0292	posthoc_control__patient_df	38	praat
c0292	posthoc_control__patient_diff	-1.3420887365527916	praat
c0293	n	40	praat
c0293	k	2	praat
c0293	posthoc_control__patient_padj	1.0605997934914123e-07	praat
c0293	posthoc_control__patient_u	24	praat
c0293	posthoc_control__patient_rank_biserial	-0.88	praat
c0293	posthoc_control__patient_p	1.0605997934914123e-07	praat
c0293	posthoc_control__patient_diff	-1.4538787204112351	praat
c0293	posthoc_control__patient_ci_low	-1.83000147416009	praat
c0293	posthoc_control__patient_ci_high	-0.8384026182617115	praat
c0294	n	40	praat
c0294	k	2	praat
c0294	posthoc_control__patient_padj	1.0605997934914123e-07	praat
c0294	posthoc_control__patient_u	24	praat
c0294	posthoc_control__patient_rank_biserial	-0.88	praat
c0294	posthoc_control__patient_p	1.0605997934914123e-07	praat
c0294	posthoc_control__patient_diff	-1.4538787204112351	praat
c0295	n	40	praat
c0295	k	2	praat
c0295	posthoc_control__patient_padj	1.0605997934914123e-07	praat
c0295	posthoc_control__patient_u	24	praat
c0295	posthoc_control__patient_rank_biserial	-0.88	praat
c0295	posthoc_control__patient_p	1.0605997934914123e-07	praat
c0295	posthoc_control__patient_diff	-1.4538787204112351	praat
c0296	n	40	praat
c0296	k	2	praat
c0296	posthoc_control__patient_padj	7.2000246032637e-08	praat
c0296	posthoc_control__patient_diff	-1.3420887365527916	praat
c0296	posthoc_control__patient_f	44.307472834402	praat
c0296	posthoc_control__patient_ci_low	-1.750255669672308	praat
c0296	posthoc_control__patient_ci_high	-0.9339218034332752	praat
c0297	n	48	praat
c0297	k	2	praat
c0297	posthoc_soprano__alto_padj	0.00031662029464293086	praat
c0297	posthoc_soprano__alto_t	3.9024095083039763	praat
c0297	posthoc_soprano__alto_cohens_d	1.1265285900537279	praat
c0297	posthoc_soprano__alto_p	0.00031662029464293086	praat
c0297	posthoc_soprano__alto_df	44.85122186889205	praat
c0297	posthoc_soprano__alto_diff	6.126295663050769	praat
c0297	posthoc_soprano__alto_ci_low	2.964115315122511	praat
c0297	posthoc_soprano__alto_ci_high	9.288476010979027	praat
c0298	n	48	praat
c0298	k	2	praat
c0298	posthoc_soprano__alto_padj	0.00031662029464293086	praat
c0298	posthoc_soprano__alto_t	3.9024095083039763	praat
c0298	posthoc_soprano__alto_cohens_d	1.1265285900537279	praat
c0298	posthoc_soprano__alto_p	0.00031662029464293086	praat
c0298	posthoc_soprano__alto_df	44.85122186889205	praat
c0298	posthoc_soprano__alto_diff	6.126295663050769	praat
c0299	n	48	praat
c0299	k	2	praat
c0299	posthoc_soprano__alto_padj	0.00031662029464293086	praat
c0299	posthoc_soprano__alto_t	3.9024095083039763	praat
c0299	posthoc_soprano__alto_cohens_d	1.1265285900537279	praat
c0299	posthoc_soprano__alto_p	0.00031662029464293086	praat
c0299	posthoc_soprano__alto_df	44.85122186889205	praat
c0299	posthoc_soprano__alto_diff	6.126295663050769	praat
c0300	n	48	praat
c0300	k	2	praat
c0300	posthoc_soprano__alto_padj	0.0003088228165246715	praat
c0300	posthoc_soprano__alto_t	3.9024095083039763	praat
c0300	posthoc_soprano__alto_cohens_d	1.1265285900537279	praat
c0300	posthoc_soprano__alto_p	0.0003088228165246715	praat
c0300	posthoc_soprano__alto_df	46	praat
c0300	posthoc_soprano__alto_diff	6.126295663050769	praat
c0300	posthoc_soprano__alto_ci_low	2.966300908119602	praat
c0300	posthoc_soprano__alto_ci_high	9.286290417981935	praat
c0301	n	48	praat
c0301	k	2	praat
c0301	posthoc_soprano__alto_padj	0.0003088228165246715	praat
c0301	posthoc_soprano__alto_t	3.9024095083039763	praat
c0301	posthoc_soprano__alto_cohens_d	1.1265285900537279	praat
c0301	posthoc_soprano__alto_p	0.0003088228165246715	praat
c0301	posthoc_soprano__alto_df	46	praat
c0301	posthoc_soprano__alto_diff	6.126295663050769	praat
c0302	n	48	praat
c0302	k	2	praat
c0302	posthoc_soprano__alto_padj	0.0003088228165246715	praat
c0302	posthoc_soprano__alto_t	3.9024095083039763	praat
c0302	posthoc_soprano__alto_cohens_d	1.1265285900537279	praat
c0302	posthoc_soprano__alto_p	0.0003088228165246715	praat
c0302	posthoc_soprano__alto_df	46	praat
c0302	posthoc_soprano__alto_diff	6.126295663050769	praat
c0303	n	48	praat
c0303	k	2	praat
c0303	posthoc_soprano__alto_padj	0.0027296853011788804	praat
c0303	posthoc_soprano__alto_u	431	praat
c0303	posthoc_soprano__alto_rank_biserial	0.4965277777777778	praat
c0303	posthoc_soprano__alto_p	0.0027296853011788804	praat
c0303	posthoc_soprano__alto_diff	6.165725480617105	praat
c0303	posthoc_soprano__alto_ci_low	2.807291550781372	praat
c0303	posthoc_soprano__alto_ci_high	8.971383597934178	praat
c0304	n	48	praat
c0304	k	2	praat
c0304	posthoc_soprano__alto_padj	0.0027296853011788804	praat
c0304	posthoc_soprano__alto_u	431	praat
c0304	posthoc_soprano__alto_rank_biserial	0.4965277777777778	praat
c0304	posthoc_soprano__alto_p	0.0027296853011788804	praat
c0304	posthoc_soprano__alto_diff	6.165725480617105	praat
c0305	n	48	praat
c0305	k	2	praat
c0305	posthoc_soprano__alto_padj	0.0027296853011788804	praat
c0305	posthoc_soprano__alto_u	431	praat
c0305	posthoc_soprano__alto_rank_biserial	0.4965277777777778	praat
c0305	posthoc_soprano__alto_p	0.0027296853011788804	praat
c0305	posthoc_soprano__alto_diff	6.165725480617105	praat
c0306	n	48	praat
c0306	k	2	praat
c0306	posthoc_soprano__alto_padj	0.000308822816524671	praat
c0306	posthoc_soprano__alto_diff	6.126295663050769	praat
c0306	posthoc_soprano__alto_f	15.228799970501292	praat
c0306	posthoc_soprano__alto_ci_low	2.9663009081196026	praat
c0306	posthoc_soprano__alto_ci_high	9.286290417981935	praat
c0307	n	48	praat
c0307	k	2	praat
c0307	posthoc_alto__soprano_padj	0.00031662029464293086	praat
c0307	posthoc_alto__soprano_t	-3.9024095083039763	praat
c0307	posthoc_alto__soprano_cohens_d	-1.1265285900537279	praat
c0307	posthoc_alto__soprano_p	0.00031662029464293086	praat
c0307	posthoc_alto__soprano_df	44.85122186889205	praat
c0307	posthoc_alto__soprano_diff	-6.126295663050769	praat
c0307	posthoc_alto__soprano_ci_low	-9.288476010979027	praat
c0307	posthoc_alto__soprano_ci_high	-2.964115315122511	praat
c0308	n	48	praat
c0308	k	2	praat
c0308	posthoc_alto__soprano_padj	0.00031662029464293086	praat
c0308	posthoc_alto__soprano_t	-3.9024095083039763	praat
c0308	posthoc_alto__soprano_cohens_d	-1.1265285900537279	praat
c0308	posthoc_alto__soprano_p	0.00031662029464293086	praat
c0308	posthoc_alto__soprano_df	44.85122186889205	praat
c0308	posthoc_alto__soprano_diff	-6.126295663050769	praat
c0309	n	48	praat
c0309	k	2	praat
c0309	posthoc_alto__soprano_padj	0.00031662029464293086	praat
c0309	posthoc_alto__soprano_t	-3.9024095083039763	praat
c0309	posthoc_alto__soprano_cohens_d	-1.1265285900537279	praat
c0309	posthoc_alto__soprano_p	0.00031662029464293086	praat
c0309	posthoc_alto__soprano_df	44.85122186889205	praat
c0309	posthoc_alto__soprano_diff	-6.126295663050769	praat
c0310	n	48	praat
c0310	k	2	praat
c0310	posthoc_alto__soprano_padj	0.0003088228165246715	praat
c0310	posthoc_alto__soprano_t	-3.9024095083039763	praat
c0310	posthoc_alto__soprano_cohens_d	-1.1265285900537279	praat
c0310	posthoc_alto__soprano_p	0.0003088228165246715	praat
c0310	posthoc_alto__soprano_df	46	praat
c0310	posthoc_alto__soprano_diff	-6.126295663050769	praat
c0310	posthoc_alto__soprano_ci_low	-9.286290417981935	praat
c0310	posthoc_alto__soprano_ci_high	-2.966300908119602	praat
c0311	n	48	praat
c0311	k	2	praat
c0311	posthoc_alto__soprano_padj	0.0003088228165246715	praat
c0311	posthoc_alto__soprano_t	-3.9024095083039763	praat
c0311	posthoc_alto__soprano_cohens_d	-1.1265285900537279	praat
c0311	posthoc_alto__soprano_p	0.0003088228165246715	praat
c0311	posthoc_alto__soprano_df	46	praat
c0311	posthoc_alto__soprano_diff	-6.126295663050769	praat
c0312	n	48	praat
c0312	k	2	praat
c0312	posthoc_alto__soprano_padj	0.0003088228165246715	praat
c0312	posthoc_alto__soprano_t	-3.9024095083039763	praat
c0312	posthoc_alto__soprano_cohens_d	-1.1265285900537279	praat
c0312	posthoc_alto__soprano_p	0.0003088228165246715	praat
c0312	posthoc_alto__soprano_df	46	praat
c0312	posthoc_alto__soprano_diff	-6.126295663050769	praat
c0313	n	48	praat
c0313	k	2	praat
c0313	posthoc_alto__soprano_padj	0.0027296853011788804	praat
c0313	posthoc_alto__soprano_u	145	praat
c0313	posthoc_alto__soprano_rank_biserial	-0.4965277777777778	praat
c0313	posthoc_alto__soprano_p	0.0027296853011788804	praat
c0313	posthoc_alto__soprano_diff	-6.165725480617105	praat
c0313	posthoc_alto__soprano_ci_low	-8.971383597934178	praat
c0313	posthoc_alto__soprano_ci_high	-2.807291550781372	praat
c0314	n	48	praat
c0314	k	2	praat
c0314	posthoc_alto__soprano_padj	0.0027296853011788804	praat
c0314	posthoc_alto__soprano_u	145	praat
c0314	posthoc_alto__soprano_rank_biserial	-0.4965277777777778	praat
c0314	posthoc_alto__soprano_p	0.0027296853011788804	praat
c0314	posthoc_alto__soprano_diff	-6.165725480617105	praat
c0315	n	48	praat
c0315	k	2	praat
c0315	posthoc_alto__soprano_padj	0.0027296853011788804	praat
c0315	posthoc_alto__soprano_u	145	praat
c0315	posthoc_alto__soprano_rank_biserial	-0.4965277777777778	praat
c0315	posthoc_alto__soprano_p	0.0027296853011788804	praat
c0315	posthoc_alto__soprano_diff	-6.165725480617105	praat
c0316	n	48	praat
c0316	k	2	praat
c0316	posthoc_alto__soprano_padj	0.0003088228165246715	praat
c0316	posthoc_alto__soprano_diff	-6.126295663050769	praat
c0316	posthoc_alto__soprano_f	15.228799970501285	praat
c0316	posthoc_alto__soprano_ci_low	-9.286290417981935	praat
c0316	posthoc_alto__soprano_ci_high	-2.966300908119602	praat
c0317	n	50	praat
c0317	k	5	praat
c0317	posthoc_welch__paired_padj	0.4507196258852341	praat
c0317	posthoc_welch__paired_t	-2.162808559208922	praat
c0317	posthoc_welch__paired_cohens_d	-0.9467621366623015	praat
c0317	posthoc_welch__paired_p	0.04507196258852341	praat
c0317	posthoc_welch__corr_padj	0.0011611549023031874	praat
c0317	posthoc_welch__corr_t	4.750506939523274	praat
c0317	posthoc_welch__corr_cohens_d	1.9411425885796207	praat
c0317	posthoc_welch__corr_p	0.00011611549023031874	praat
c0317	posthoc_welch__perfect_padj	2.0360745160275394e-05	praat
c0317	posthoc_welch__perfect_t	8.140806303599616	praat
c0317	posthoc_welch__perfect_cohens_d	3.640679257301507	praat
c0317	posthoc_welch__perfect_p	2.0360745160275393e-06	praat
c0317	posthoc_welch__mwu_padj	4.1124187385178624e-05	praat
c0317	posthoc_welch__mwu_t	7.981596478959655	praat
c0317	posthoc_welch__mwu_cohens_d	3.3763886032268258	praat
c0317	posthoc_welch__mwu_p	4.112418738517862e-06	praat
c0317	posthoc_paired__corr_padj	5.42098097699514e-07	praat
c0317	posthoc_paired__corr_t	7.823711198795349	praat
c0317	posthoc_paired__corr_cohens_d	3.0043639277189063	praat
c0317	posthoc_paired__corr_p	5.4209809769951396e-08	praat
c0317	posthoc_paired__perfect_padj	5.514634595004311e-10	praat
c0317	posthoc_paired__perfect_t	13.5400640077266	praat
c0317	posthoc_paired__perfect_cohens_d	5.540916385036406	praat
c0317	posthoc_paired__perfect_p	5.514634595004311e-11	praat
c0317	posthoc_paired__mwu_padj	1.0112453495982535e-06	praat
c0317	posthoc_paired__mwu_t	12.569912307482092	praat
c0317	posthoc_paired__mwu_cohens_d	5.303958509195748	praat
c0317	posthoc_paired__mwu_p	1.0112453495982535e-07	praat
c0317	posthoc_corr__perfect_padj	0.2153786164407209	praat
c0317	posthoc_corr__perfect_t	2.5053113578905046	praat
c0317	posthoc_corr__perfect_cohens_d	0.9215557470842439	praat
c0317	posthoc_corr__perfect_p	0.02153786164407209	praat
c0317	posthoc_corr__mwu_padj	0.15639701607947815	praat
c0317	posthoc_corr__mwu_t	2.749454917621261	praat
c0317	posthoc_corr__mwu_cohens_d	0.9827358526596335	praat
c0317	posthoc_corr__mwu_p	0.015639701607947816	praat
c0317	posthoc_perfect__mwu_padj	1	praat
c0317	posthoc_perfect__mwu_t	0.6255432421712243	praat
c0317	posthoc_perfect__mwu_cohens_d	0.3464101615137754	praat
c0317	posthoc_perfect__mwu_p	0.5531166300326702	praat
c0317	posthoc_welch__paired_df	17.028808201623235	praat
c0317	posthoc_welch__paired_diff	-2.666666666666666	praat
c0317	posthoc_welch__paired_ci_low	-6.6388556837348816	praat
c0317	posthoc_welch__paired_ci_high	1.3055223504015494	praat
c0317	posthoc_welch__corr_df	20.415307172417684	praat
c0317	posthoc_welch__corr_diff	6.428571428571429	praat
c0317	posthoc_welch__corr_ci_low	2.1718153114194916	praat
c0317	posthoc_welch__corr_ci_high	10.685327545723366	praat
c0317	posthoc_welch__perfect_df	12.811764705882355	praat
c0317	posthoc_welch__perfect_diff	9	praat
c0317	posthoc_welch__perfect_ci_low	5.260808754114341	praat
c0317	posthoc_welch__perfect_ci_high	12.73919124588566	praat
c0317	posthoc_welch__mwu_df	11.876712328767125	praat
c0317	posthoc_welch__mwu_diff	9.5	praat
c0317	posthoc_welch__mwu_ci_low	5.410203151337252	praat
c0317	posthoc_welch__mwu_ci_high	13.589796848662747	praat
c0317	posthoc_paired__corr_df	23.490046769286725	praat
c0317	posthoc_paired__corr_diff	9.095238095238095	praat
c0317	posthoc_paired__corr_ci_low	5.494635763806974	praat
c0317	posthoc_paired__corr_ci_high	12.695840426669216	praat
c0317	posthoc_paired__perfect_df	18.31945502967194	praat
c0317	posthoc_paired__perfect_diff	11.666666666666666	praat
c0317	posthoc_paired__perfect_ci_low	8.918919270499028	praat
c0317	posthoc_paired__perfect_ci_high	14.414414062834304	praat
c0317	posthoc_paired__mwu_df	10.642769276189538	praat
c0317	posthoc_paired__mwu_diff	12.166666666666666	praat
c0317	posthoc_paired__mwu_ci_low	8.755034360744904	praat
c0317	posthoc_paired__mwu_ci_high	15.578298972588428	praat
c0317	posthoc_corr__perfect_df	18.925999014422576	praat
c0317	posthoc_corr__perfect_diff	2.571428571428571	praat
c0317	posthoc_corr__perfect_ci_low	-0.6876942565928652	praat
c0317	posthoc_corr__perfect_ci_high	5.830551399450007	praat
c0317	posthoc_corr__mwu_df	14.026898610778254	praat
c0317	posthoc_corr__mwu_diff	3.071428571428571	praat
c0317	posthoc_corr__mwu_ci_low	-0.6424343943854081	praat
c0317	posthoc_corr__mwu_ci_high	6.78529153724255	praat
c0317	posthoc_perfect__mwu_df	6.442489851150203	praat
c0317	posthoc_perfect__mwu_diff	0.5	praat
c0317	posthoc_perfect__mwu_ci_low	-2.83699073995395	praat
c0317	posthoc_perfect__mwu_ci_high	3.83699073995395	praat
c0318	n	50	praat
c0318	k	5	praat
c0318	posthoc_welch__paired_padj	0.09014392517704682	praat
c0318	posthoc_welch__paired_t	-2.162808559208922	praat
c0318	posthoc_welch__paired_cohens_d	-0.9467621366623015	praat
c0318	posthoc_welch__paired_p	0.04507196258852341	praat
c0318	posthoc_welch__corr_padj	0.0005805774511515937	praat
c0318	posthoc_welch__corr_t	4.750506939523274	praat
c0318	posthoc_welch__corr_cohens_d	1.9411425885796207	praat
c0318	posthoc_welch__corr_p	0.00011611549023031874	praat
c0318	posthoc_welch__perfect_padj	1.4252521612192775e-05	praat
c0318	posthoc_welch__perfect_t	8.140806303599616	praat
c0318	posthoc_welch__perfect_cohens_d	3.640679257301507	praat
c0318	posthoc_welch__perfect_p	2.0360745160275393e-06	praat
c0318	posthoc_welch__mwu_padj	2.467451243110717e-05	praat
c0318	posthoc_welch__mwu_t	7.981596478959655	praat
c0318	posthoc_welch__mwu_cohens_d	3.3763886032268258	praat
c0318	posthoc_welch__mwu_p	4.112418738517862e-06	praat
c0318	posthoc_paired__corr_padj	4.878882879295625e-07	praat
c0318	posthoc_paired__corr_t	7.823711198795349	praat
c0318	posthoc_paired__corr_cohens_d	3.0043639277189063	praat
c0318	posthoc_paired__corr_p	5.4209809769951396e-08	praat
c0318	posthoc_paired__perfect_padj	5.514634595004311e-10	praat
c0318	posthoc_paired__perfect_t	13.5400640077266	praat
c0318	posthoc_paired__perfect_cohens_d	5.540916385036406	praat
c0318	posthoc_paired__perfect_p	5.514634595004311e-11	praat
c0318	posthoc_paired__mwu_padj	8.089962796786028e-07	praat
c0318	posthoc_paired__mwu_t	12.569912307482092	praat
c0318	posthoc_paired__mwu_cohens_d	5.303958509195748	praat
c0318	posthoc_paired__mwu_p	1.0112453495982535e-07	praat
c0318	posthoc_corr__perfect_padj	0.06461358493221626	praat
c0318	posthoc_corr__perfect_t	2.5053113578905046	praat
c0318	posthoc_corr__perfect_cohens_d	0.9215557470842439	praat
c0318	posthoc_corr__perfect_p	0.02153786164407209	praat
c0318	posthoc_corr__mwu_padj	0.06255880643179126	praat
c0318	posthoc_corr__mwu_t	2.749454917621261	praat
c0318	posthoc_corr__mwu_cohens_d	0.9827358526596335	praat
c0318	posthoc_corr__mwu_p	0.015639701607947816	praat
c0318	posthoc_perfect__mwu_padj	0.5531166300326702	praat
c0318	posthoc_perfect__mwu_t	0.6255432421712243	praat
c0318	posthoc_perfect__mwu_cohens_d	0.3464101615137754	praat
c0318	posthoc_perfect__mwu_p	0.5531166300326702	praat
c0318	posthoc_welch__paired_df	17.028808201623235	praat
c0318	posthoc_welch__paired_diff	-2.666666666666666	praat
c0318	posthoc_welch__corr_df	20.415307172417684	praat
c0318	posthoc_welch__corr_diff	6.428571428571429	praat
c0318	posthoc_welch__perfect_df	12.811764705882355	praat
c0318	posthoc_welch__perfect_diff	9	praat
c0318	posthoc_welch__mwu_df	11.876712328767125	praat
c0318	posthoc_welch__mwu_diff	9.5	praat
c0318	posthoc_paired__corr_df	23.490046769286725	praat
c0318	posthoc_paired__corr_diff	9.095238095238095	praat
c0318	posthoc_paired__perfect_df	18.31945502967194	praat
c0318	posthoc_paired__perfect_diff	11.666666666666666	praat
c0318	posthoc_paired__mwu_df	10.642769276189538	praat
c0318	posthoc_paired__mwu_diff	12.166666666666666	praat
c0318	posthoc_corr__perfect_df	18.925999014422576	praat
c0318	posthoc_corr__perfect_diff	2.571428571428571	praat
c0318	posthoc_corr__mwu_df	14.026898610778254	praat
c0318	posthoc_corr__mwu_diff	3.071428571428571	praat
c0318	posthoc_perfect__mwu_df	6.442489851150203	praat
c0318	posthoc_perfect__mwu_diff	0.5	praat
c0319	n	50	praat
c0319	k	5	praat
c0319	posthoc_welch__paired_padj	0.05007995843169268	praat
c0319	posthoc_welch__paired_t	-2.162808559208922	praat
c0319	posthoc_welch__paired_cohens_d	-0.9467621366623015	praat
c0319	posthoc_welch__paired_p	0.04507196258852341	praat
c0319	posthoc_welch__corr_padj	0.00019352581705053124	praat
c0319	posthoc_welch__corr_t	4.750506939523274	praat
c0319	posthoc_welch__corr_cohens_d	1.9411425885796207	praat
c0319	posthoc_welch__corr_p	0.00011611549023031874	praat
c0319	posthoc_welch__perfect_padj	5.0901862900688485e-06	praat
c0319	posthoc_welch__perfect_t	8.140806303599616	praat
c0319	posthoc_welch__perfect_cohens_d	3.640679257301507	praat
c0319	posthoc_welch__perfect_p	2.0360745160275393e-06	praat
c0319	posthoc_welch__mwu_padj	8.224837477035724e-06	praat
c0319	posthoc_welch__mwu_t	7.981596478959655	praat
c0319	posthoc_welch__mwu_cohens_d	3.3763886032268258	praat
c0319	posthoc_welch__mwu_p	4.112418738517862e-06	praat
c0319	posthoc_paired__corr_padj	2.71049048849757e-07	praat
c0319	posthoc_paired__corr_t	7.823711198795349	praat
c0319	posthoc_paired__corr_cohens_d	3.0043639277189063	praat
c0319	posthoc_paired__corr_p	5.4209809769951396e-08	praat
c0319	posthoc_paired__perfect_padj	5.514634595004311e-10	praat
c0319	posthoc_paired__perfect_t	13.5400640077266	praat
c0319	posthoc_paired__perfect_cohens_d	5.540916385036406	praat
c0319	posthoc_paired__perfect_p	5.514634595004311e-11	praat
c0319	posthoc_paired__mwu_padj	3.370817831994178e-07	praat
c0319	posthoc_paired__mwu_t	12.569912307482092	praat
c0319	posthoc_paired__mwu_cohens_d	5.303958509195748	praat
c0319	posthoc_paired__mwu_p	1.0112453495982535e-07	praat
c0319	posthoc_corr__perfect_padj	0.026922327055090112	praat
c0319	posthoc_corr__perfect_t	2.5053113578905046	praat
c0319	posthoc_corr__perfect_cohens_d	0.9215557470842439	praat
c0319	posthoc_corr__perfect_p	0.02153786164407209	praat
c0319	posthoc_corr__mwu_padj	0.02234243086849688	praat
c0319	posthoc_corr__mwu_t	2.749454917621261	praat
c0319	posthoc_corr__mwu_cohens_d	0.9827358526596335	praat
c0319	posthoc_corr__mwu_p	0.015639701607947816	praat
c0319	posthoc_perfect__mwu_padj	0.5531166300326702	praat
c0319	posthoc_perfect__mwu_t	0.6255432421712243	praat
c0319	posthoc_perfect__mwu_cohens_d	0.3464101615137754	praat
c0319	posthoc_perfect__mwu_p	0.5531166300326702	praat
c0319	posthoc_welch__paired_df	17.028808201623235	praat
c0319	posthoc_welch__paired_diff	-2.666666666666666	praat
c0319	posthoc_welch__corr_df	20.415307172417684	praat
c0319	posthoc_welch__corr_diff	6.428571428571429	praat
c0319	posthoc_welch__perfect_df	12.811764705882355	praat
c0319	posthoc_welch__perfect_diff	9	praat
c0319	posthoc_welch__mwu_df	11.876712328767125	praat
c0319	posthoc_welch__mwu_diff	9.5	praat
c0319	posthoc_paired__corr_df	23.490046769286725	praat
c0319	posthoc_paired__corr_diff	9.095238095238095	praat
c0319	posthoc_paired__perfect_df	18.31945502967194	praat
c0319	posthoc_paired__perfect_diff	11.666666666666666	praat
c0319	posthoc_paired__mwu_df	10.642769276189538	praat
c0319	posthoc_paired__mwu_diff	12.166666666666666	praat
c0319	posthoc_corr__perfect_df	18.925999014422576	praat
c0319	posthoc_corr__perfect_diff	2.571428571428571	praat
c0319	posthoc_corr__mwu_df	14.026898610778254	praat
c0319	posthoc_corr__mwu_diff	3.071428571428571	praat
c0319	posthoc_perfect__mwu_df	6.442489851150203	praat
c0319	posthoc_perfect__mwu_diff	0.5	praat
c0320	n	50	praat
c0320	k	5	praat
c0320	posthoc_welch__paired_padj	0.3883446934427562	praat
c0320	posthoc_welch__paired_t	-2.2111599712911274	praat
c0320	posthoc_welch__paired_cohens_d	-0.9467621366623015	praat
c0320	posthoc_welch__paired_p	0.03883446934427562	praat
c0320	posthoc_welch__corr_padj	0.0011235385191574966	praat
c0320	posthoc_welch__corr_t	4.688304761530115	praat
c0320	posthoc_welch__corr_cohens_d	1.9411425885796207	praat
c0320	posthoc_welch__corr_p	0.00011235385191574967	praat
c0320	posthoc_welch__perfect_padj	1.9098167972416887e-06	praat
c0320	posthoc_welch__perfect_t	8.140806303599616	praat
c0320	posthoc_welch__perfect_cohens_d	3.640679257301507	praat
c0320	posthoc_welch__perfect_p	1.909816797241689e-07	praat
c0320	posthoc_welch__mwu_padj	0.000980222612673942	praat
c0320	posthoc_welch__mwu_t	5.707138387268051	praat
c0320	posthoc_welch__mwu_cohens_d	3.3763886032268258	praat
c0320	posthoc_welch__mwu_p	9.80222612673942e-05	praat
c0320	posthoc_paired__corr_padj	7.108583180103026e-07	praat
c0320	posthoc_paired__corr_t	7.636959822292356	praat
c0320	posthoc_paired__corr_cohens_d	3.0043639277189063	praat
c0320	posthoc_paired__corr_p	7.108583180103026e-08	praat
c0320	posthoc_paired__perfect_padj	3.542304644700696e-10	praat
c0320	posthoc_paired__perfect_t	12.940792666314373	praat
c0320	posthoc_paired__perfect_cohens_d	5.540916385036406	praat
c0320	posthoc_paired__perfect_p	3.542304644700696e-11	praat
c0320	posthoc_paired__mwu_padj	2.643054826818037e-06	praat
c0320	posthoc_paired__mwu_t	9.186725619164315	praat
c0320	posthoc_paired__mwu_cohens_d	5.303958509195748	praat
c0320	posthoc_paired__mwu_p	2.643054826818037e-07	praat
c0320	posthoc_corr__perfect_padj	0.3659094055381841	praat
c0320	posthoc_corr__perfect_t	2.2257685872689748	praat
c0320	posthoc_corr__perfect_cohens_d	0.9215557470842439	praat
c0320	posthoc_corr__perfect_p	0.03659094055381841	praat
c0320	posthoc_corr__mwu_padj	1	praat
c0320	posthoc_corr__mwu_t	1.7333831137362692	praat
c0320	posthoc_corr__mwu_cohens_d	0.9827358526596335	praat
c0320	posthoc_corr__mwu_p	0.1022521458378574	praat
c0320	posthoc_perfect__mwu_padj	1	praat
c0320	posthoc_perfect__mwu_t	0.5855400437691199	praat
c0320	posthoc_perfect__mwu_cohens_d	0.3464101615137754	praat
c0320	posthoc_perfect__mwu_p	0.5690331249007394	praat
c0320	posthoc_welch__paired_df	20	praat
c0320	posthoc_welch__paired_diff	-2.666666666666666	praat
c0320	posthoc_welch__paired_ci_low	-6.4696787494335055	praat
c0320	posthoc_welch__paired_ci_high	1.1363454161001738	praat
c0320	posthoc_welch__corr_df	22	praat
c0320	posthoc_welch__corr_diff	6.428571428571429	praat
c0320	posthoc_welch__corr_ci_low	2.1520610038484618	praat
c0320	posthoc_welch__corr_ci_high	10.705081853294395	praat
c0320	posthoc_welch__perfect_df	18	praat
c0320	posthoc_welch__perfect_diff	9	praat
c0320	posthoc_welch__perfect_ci_low	5.466054230085769	praat
c0320	posthoc_welch__perfect_ci_high	12.533945769914231	praat
c0320	posthoc_welch__mwu_df	12	praat
c0320	posthoc_welch__mwu_diff	9.5	praat
c0320	posthoc_welch__mwu_ci_low	3.793073324726679	praat
c0320	posthoc_welch__mwu_ci_high	15.206926675273321	praat
c0320	posthoc_paired__corr_df	24	praat
c0320	posthoc_paired__corr_diff	9.095238095238095	praat
c0320	posthoc_paired__corr_ci_low	5.4145906627231355	praat
c0320	posthoc_paired__corr_ci_high	12.775885527753054	praat
c0320	posthoc_paired__perfect_df	20	praat
c0320	posthoc_paired__perfect_diff	11.666666666666666	praat
c0320	posthoc_paired__perfect_ci_low	8.823743993183593	praat
c0320	posthoc_paired__perfect_ci_high	14.50958934014974	praat
c0320	posthoc_paired__mwu_df	14	praat
c0320	posthoc_paired__mwu_diff	12.166666666666666	praat
c0320	posthoc_paired__mwu_ci_low	7.762199381178786	praat
c0320	posthoc_paired__mwu_ci_high	16.571133952154547	praat
c0320	posthoc_corr__perfect_df	22	praat
c0320	posthoc_corr__perfect_diff	2.571428571428571	praat
c0320	posthoc_corr__perfect_ci_low	-1.0317464040189464	praat
c0320	posthoc_corr__perfect_ci_high	6.174603546876089	praat
c0320	posthoc_corr__mwu_df	16	praat
c0320	posthoc_corr__mwu_diff	3.071428571428571	praat
c0320	posthoc_corr__mwu_ci_low	-2.6908658396045526	praat
c0320	posthoc_corr__mwu_ci_high	8.833722982461694	praat
c0320	posthoc_perfect__mwu_df	12	praat
c0320	posthoc_perfect__mwu_diff	0.5	praat
c0320	posthoc_perfect__mwu_ci_low	-2.4275916128838646	praat
c0320	posthoc_perfect__mwu_ci_high	3.4275916128838646	praat
c0321	n	50	praat
c0321	k	5	praat
c0321	posthoc_welch__paired_padj	0.14636376221527364	praat
c0321	posthoc_welch__paired_t	-2.2111599712911274	praat
c0321	posthoc_welch__paired_cohens_d	-0.9467621366623015	praat
c0321	posthoc_welch__paired_p	0.03883446934427562	praat
c0321	posthoc_welch__corr_padj	0.0005881335676043652	praat
c0321	posthoc_welch__corr_t	4.688304761530115	praat
c0321	posthoc_welch__corr_cohens_d	1.9411425885796207	praat
c0321	posthoc_welch__corr_p	0.00011235385191574967	praat
c0321	posthoc_welch__perfect_padj	1.5278534377933512e-06	praat
c0321	posthoc_welch__perfect_t	8.140806303599616	praat
c0321	posthoc_welch__perfect_cohens_d	3.640679257301507	praat
c0321	posthoc_welch__perfect_p	1.909816797241689e-07	praat
c0321	posthoc_welch__mwu_padj	0.0005881335676043652	praat
c0321	posthoc_welch__mwu_t	5.707138387268051	praat
c0321	posthoc_welch__mwu_cohens_d	3.3763886032268258	praat
c0321	posthoc_welch__mwu_p	9.80222612673942e-05	praat
c0321	posthoc_paired__corr_padj	6.397724862092723e-07	praat
c0321	posthoc_paired__corr_t	7.636959822292356	praat
c0321	posthoc_paired__corr_cohens_d	3.0043639277189063	praat
c0321	posthoc_paired__corr_p	7.108583180103026e-08	praat
c0321	posthoc_paired__perfect_padj	3.542304644700696e-10	praat
c0321	posthoc_paired__perfect_t	12.940792666314373	praat
c0321	posthoc_paired__perfect_cohens_d	5.540916385036406	praat
c0321	posthoc_paired__perfect_p	3.542304644700696e-11	praat
c0321	posthoc_paired__mwu_padj	1.850138378772626e-06	praat
c0321	posthoc_paired__mwu_t	9.186725619164315	praat
c0321	posthoc_paired__mwu_cohens_d	5.303958509195748	praat
c0321	posthoc_paired__mwu_p	2.643054826818037e-07	praat
c0321	posthoc_corr__perfect_padj	0.14636376221527364	praat
c0321	posthoc_corr__perfect_t	2.2257685872689748	praat
c0321	posthoc_corr__perfect_cohens_d	0.9215557470842439	praat
c0321	posthoc_corr__perfect_p	0.03659094055381841	praat
c0321	posthoc_corr__mwu_padj	0.2045042916757148	praat
c0321	posthoc_corr__mwu_t	1.7333831137362692	praat
c0321	posthoc_corr__mwu_cohens_d	0.9827358526596335	praat
c0321	posthoc_corr__mwu_p	0.1022521458378574	praat
c0321	posthoc_perfect__mwu_padj	0.5690331249007394	praat
c0321	posthoc_perfect__mwu_t	0.5855400437691199	praat
c0321	posthoc_perfect__mwu_cohens_d	0.3464101615137754	praat
c0321	posthoc_perfect__mwu_p	0.5690331249007394	praat
c0321	posthoc_welch__paired_df	20	praat
c0321	posthoc_welch__paired_diff	-2.666666666666666	praat
c0321	posthoc_welch__corr_df	22	praat
c0321	posthoc_welch__corr_diff	6.428571428571429	praat
c0321	posthoc_welch__perfect_df	18	praat
c0321	posthoc_welch__perfect_diff	9	praat
c0321	posthoc_welch__mwu_df	12	praat
c0321	posthoc_welch__mwu_diff	9.5	praat
c0321	posthoc_paired__corr_df	24	praat
c0321	posthoc_paired__corr_diff	9.095238095238095	praat
c0321	posthoc_paired__perfect_df	20	praat
c0321	posthoc_paired__perfect_diff	11.666666666666666	praat
c0321	posthoc_paired__mwu_df	14	praat
c0321	posthoc_paired__mwu_diff	12.166666666666666	praat
c0321	posthoc_corr__perfect_df	22	praat
c0321	posthoc_corr__perfect_diff	2.571428571428571	praat
c0321	posthoc_corr__mwu_df	16	praat
c0321	posthoc_corr__mwu_diff	3.071428571428571	praat
c0321	posthoc_perfect__mwu_df	12	praat
c0321	posthoc_perfect__mwu_diff	0.5	praat
c0322	n	50	praat
c0322	k	5	praat
c0322	posthoc_welch__paired_padj	0.04854308668034452	praat
c0322	posthoc_welch__paired_t	-2.2111599712911274	praat
c0322	posthoc_welch__paired_cohens_d	-0.9467621366623015	praat
c0322	posthoc_welch__paired_p	0.03883446934427562	praat
c0322	posthoc_welch__corr_padj	0.00018725641985958277	praat
c0322	posthoc_welch__corr_t	4.688304761530115	praat
c0322	posthoc_welch__corr_cohens_d	1.9411425885796207	praat
c0322	posthoc_welch__corr_p	0.00011235385191574967	praat
c0322	posthoc_welch__perfect_padj	6.36605599080563e-07	praat
c0322	posthoc_welch__perfect_t	8.140806303599616	praat
c0322	posthoc_welch__perfect_cohens_d	3.640679257301507	praat
c0322	posthoc_welch__perfect_p	1.909816797241689e-07	praat
c0322	posthoc_welch__mwu_padj	0.00018725641985958277	praat
c0322	posthoc_welch__mwu_t	5.707138387268051	praat
c0322	posthoc_welch__mwu_cohens_d	3.3763886032268258	praat
c0322	posthoc_welch__mwu_p	9.80222612673942e-05	praat
c0322	posthoc_paired__corr_padj	3.554291590051513e-07	praat
c0322	posthoc_paired__corr_t	7.636959822292356	praat
c0322	posthoc_paired__corr_cohens_d	3.0043639277189063	praat
c0322	posthoc_paired__corr_p	7.108583180103026e-08	praat
c0322	posthoc_paired__perfect_padj	3.542304644700696e-10	praat
c0322	posthoc_paired__perfect_t	12.940792666314373	praat
c0322	posthoc_paired__perfect_cohens_d	5.540916385036406	praat
c0322	posthoc_paired__perfect_p	3.542304644700696e-11	praat
c0322	posthoc_paired__mwu_padj	6.607637067045092e-07	praat
c0322	posthoc_paired__mwu_t	9.186725619164315	praat
c0322	posthoc_paired__mwu_cohens_d	5.303958509195748	praat
c0322	posthoc_paired__mwu_p	2.643054826818037e-07	praat
c0322	posthoc_corr__perfect_padj	0.04854308668034452	praat
c0322	posthoc_corr__perfect_t	2.2257685872689748	praat
c0322	posthoc_corr__perfect_cohens_d	0.9215557470842439	praat
c0322	posthoc_corr__perfect_p	0.03659094055381841	praat
c0322	posthoc_corr__mwu_padj	0.11361349537539711	praat
c0322	posthoc_corr__mwu_t	1.7333831137362692	praat
c0322	posthoc_corr__mwu_cohens_d	0.9827358526596335	praat
c0322	posthoc_corr__mwu_p	0.1022521458378574	praat
c0322	posthoc_perfect__mwu_padj	0.5690331249007394	praat
c0322	posthoc_perfect__mwu_t	0.5855400437691199	praat
c0322	posthoc_perfect__mwu_cohens_d	0.3464101615137754	praat
c0322	posthoc_perfect__mwu_p	0.5690331249007394	praat
c0322	posthoc_welch__paired_df	20	praat
c0322	posthoc_welch__paired_diff	-2.666666666666666	praat
c0322	posthoc_welch__corr_df	22	praat
c0322	posthoc_welch__corr_diff	6.428571428571429	praat
c0322	posthoc_welch__perfect_df	18	praat
c0322	posthoc_welch__perfect_diff	9	praat
c0322	posthoc_welch__mwu_df	12	praat
c0322	posthoc_welch__mwu_diff	9.5	praat
c0322	posthoc_paired__corr_df	24	praat
c0322	posthoc_paired__corr_diff	9.095238095238095	praat
c0322	posthoc_paired__perfect_df	20	praat
c0322	posthoc_paired__perfect_diff	11.666666666666666	praat
c0322	posthoc_paired__mwu_df	14	praat
c0322	posthoc_paired__mwu_diff	12.166666666666666	praat
c0322	posthoc_corr__perfect_df	22	praat
c0322	posthoc_corr__perfect_diff	2.571428571428571	praat
c0322	posthoc_corr__mwu_df	16	praat
c0322	posthoc_corr__mwu_diff	3.071428571428571	praat
c0322	posthoc_perfect__mwu_df	12	praat
c0322	posthoc_perfect__mwu_diff	0.5	praat
c0323	n	50	praat
c0323	k	5	praat
c0323	posthoc_welch__paired_padj	0.3986612713918825	praat
c0323	posthoc_welch__paired_u	28.5	praat
c0323	posthoc_welch__paired_rank_biserial	-0.525	praat
c0323	posthoc_welch__paired_p	0.03986612713918825	praat
c0323	posthoc_welch__corr_padj	0.009338247729674946	praat
c0323	posthoc_welch__corr_u	127	praat
c0323	posthoc_welch__corr_rank_biserial	0.8142857142857143	praat
c0323	posthoc_welch__corr_p	0.0009338247729674946	praat
c0323	posthoc_welch__perfect_padj	0.001756155310459087	praat
c0323	posthoc_welch__perfect_u	100	praat
c0323	posthoc_welch__perfect_rank_biserial	1	praat
c0323	posthoc_welch__perfect_p	0.0001756155310459087	praat
c0323	posthoc_welch__mwu_padj	0.05713299834525596	praat
c0323	posthoc_welch__mwu_u	40	praat
c0323	posthoc_welch__mwu_rank_biserial	1	praat
c0323	posthoc_welch__mwu_p	0.005713299834525596	praat
c0323	posthoc_paired__corr_padj	0.00042926282911542277	praat
c0323	posthoc_paired__corr_u	164	praat
c0323	posthoc_paired__corr_rank_biserial	0.9523809523809523	praat
c0323	posthoc_paired__corr_p	4.292628291154228e-05	praat
c0323	posthoc_paired__perfect_padj	0.0008417017201509565	praat
c0323	posthoc_paired__perfect_u	120	praat
c0323	posthoc_paired__perfect_rank_biserial	1	praat
c0323	posthoc_paired__perfect_p	8.417017201509565e-05	praat
c0323	posthoc_paired__mwu_padj	0.042887897656194954	praat
c0323	posthoc_paired__mwu_u	48	praat
c0323	posthoc_paired__mwu_rank_biserial	1	praat
c0323	posthoc_paired__mwu_p	0.004288789765619495	praat
c0323	posthoc_corr__perfect_padj	0.5596174532490801	praat
c0323	posthoc_corr__perfect_u	103	praat
c0323	posthoc_corr__perfect_rank_biserial	0.4714285714285714	praat
c0323	posthoc_corr__perfect_p	0.055961745324908004	praat
c0323	posthoc_corr__mwu_padj	0.791039616024859	praat
c0323	posthoc_corr__mwu_u	45	praat
c0323	posthoc_corr__mwu_rank_biserial	0.6071428571428571	praat
c0323	posthoc_corr__mwu_p	0.0791039616024859	praat
c0323	posthoc_perfect__mwu_padj	1	praat
c0323	posthoc_perfect__mwu_u	24	praat
c0323	posthoc_perfect__mwu_rank_biserial	0.2	praat
c0323	posthoc_perfect__mwu_p	0.6139178031705241	praat
c0323	posthoc_welch__paired_diff	-3	praat
c0323	posthoc_welch__paired_ci_low	-6.999958999984407	praat
c0323	posthoc_welch__paired_ci_high	1.999961355467415	praat
c0323	posthoc_welch__corr_diff	6.4	praat
c0323	posthoc_welch__corr_ci_low	1.800000004315398	praat
c0323	posthoc_welch__corr_ci_high	10.999965325789304	praat
c0323	posthoc_welch__perfect_diff	8.5	praat
c0323	posthoc_welch__perfect_ci_low	5.000061928497263	praat
c0323	posthoc_welch__perfect_ci_high	13.000077447537855	praat
c0323	posthoc_welch__mwu_diff	9	praat
c0323	posthoc_welch__mwu_ci_low	4	praat
c0323	posthoc_welch__mwu_ci_high	17	praat
c0323	posthoc_paired__corr_diff	9.399999999999999	praat
c0323	posthoc_paired__corr_ci_low	5.00005781756763	praat
c0323	posthoc_paired__corr_ci_high	13.00002460569673	praat
c0323	posthoc_paired__perfect_diff	11.5	praat
c0323	posthoc_paired__perfect_ci_low	8.999969342579206	praat
c0323	posthoc_paired__perfect_ci_high	14.999938167740861	praat
c0323	posthoc_paired__mwu_diff	12	praat
c0323	posthoc_paired__mwu_ci_low	7	praat
c0323	posthoc_paired__mwu_ci_high	18	praat
c0323	posthoc_corr__perfect_diff	2	praat
c0323	posthoc_corr__perfect_ci_low	-1.0000128732547524	praat
c0323	posthoc_corr__perfect_ci_high	6.799994385568903	praat
c0323	posthoc_corr__mwu_diff	2.6500000000000004	praat
c0323	posthoc_corr__mwu_ci_low	-2.0000529351489345	praat
c0323	posthoc_corr__mwu_ci_high	10.400026370772753	praat
c0323	posthoc_perfect__mwu_diff	0.5	praat
c0323	posthoc_perfect__mwu_ci_low	-3	praat
c0323	posthoc_perfect__mwu_ci_high	4	praat
c0324	n	50	praat
c0324	k	5	praat
c0324	posthoc_welch__paired_padj	0.159464508556753	praat
c0324	posthoc_welch__paired_u	28.5	praat
c0324	posthoc_welch__paired_rank_biserial	-0.525	praat
c0324	posthoc_welch__paired_p	0.03986612713918825	praat
c0324	posthoc_welch__corr_padj	0.006536773410772462	praat
c0324	posthoc_welch__corr_u	127	praat
c0324	posthoc_welch__corr_rank_biserial	0.8142857142857143	praat
c0324	posthoc_welch__corr_p	0.0009338247729674946	praat
c0324	posthoc_welch__perfect_padj	0.0014049242483672696	praat
c0324	posthoc_welch__perfect_u	100	praat
c0324	posthoc_welch__perfect_rank_biserial	1	praat
c0324	posthoc_welch__perfect_p	0.0001756155310459087	praat
c0324	posthoc_welch__mwu_padj	0.02856649917262798	praat
c0324	posthoc_welch__mwu_u	40	praat
c0324	posthoc_welch__mwu_rank_biserial	1	praat
c0324	posthoc_welch__mwu_p	0.005713299834525596	praat
c0324	posthoc_paired__corr_padj	0.00042926282911542277	praat
c0324	posthoc_paired__corr_u	164	praat
c0324	posthoc_paired__corr_rank_biserial	0.9523809523809523	praat
c0324	posthoc_paired__corr_p	4.292628291154228e-05	praat
c0324	posthoc_paired__perfect_padj	0.0007575315481358609	praat
c0324	posthoc_paired__perfect_u	120	praat
c0324	posthoc_paired__perfect_rank_biserial	1	praat
c0324	posthoc_paired__perfect_p	8.417017201509565e-05	praat
c0324	posthoc_paired__mwu_padj	0.02573273859371697	praat
c0324	posthoc_paired__mwu_u	48	praat
c0324	posthoc_paired__mwu_rank_biserial	1	praat
c0324	posthoc_paired__mwu_p	0.004288789765619495	praat
c0324	posthoc_corr__perfect_padj	0.16788523597472402	praat
c0324	posthoc_corr__perfect_u	103	praat
c0324	posthoc_corr__perfect_rank_biserial	0.4714285714285714	praat
c0324	posthoc_corr__perfect_p	0.055961745324908004	praat
c0324	posthoc_corr__mwu_padj	0.16788523597472402	praat
c0324	posthoc_corr__mwu_u	45	praat
c0324	posthoc_corr__mwu_rank_biserial	0.6071428571428571	praat
c0324	posthoc_corr__mwu_p	0.0791039616024859	praat
c0324	posthoc_perfect__mwu_padj	0.6139178031705241	praat
c0324	posthoc_perfect__mwu_u	24	praat
c0324	posthoc_perfect__mwu_rank_biserial	0.2	praat
c0324	posthoc_perfect__mwu_p	0.6139178031705241	praat
c0324	posthoc_welch__paired_diff	-3	praat
c0324	posthoc_welch__corr_diff	6.4	praat
c0324	posthoc_welch__perfect_diff	8.5	praat
c0324	posthoc_welch__mwu_diff	9	praat
c0324	posthoc_paired__corr_diff	9.399999999999999	praat
c0324	posthoc_paired__perfect_diff	11.5	praat
c0324	posthoc_paired__mwu_diff	12	praat
c0324	posthoc_corr__perfect_diff	2	praat
c0324	posthoc_corr__mwu_diff	2.6500000000000004	praat
c0324	posthoc_perfect__mwu_diff	0.5	praat
c0325	n	50	praat
c0325	k	5	praat
c0325	posthoc_welch__paired_padj	0.05695161019884036	praat
c0325	posthoc_welch__paired_u	28.5	praat
c0325	posthoc_welch__paired_rank_biserial	-0.525	praat
c0325	posthoc_welch__paired_p	0.03986612713918825	praat
c0325	posthoc_welch__corr_padj	0.0023345619324187366	praat
c0325	posthoc_welch__corr_u	127	praat
c0325	posthoc_welch__corr_rank_biserial	0.8142857142857143	praat
c0325	posthoc_welch__corr_p	0.0009338247729674946	praat
c0325	posthoc_welch__perfect_padj	0.0005853851034863623	praat
c0325	posthoc_welch__perfect_u	100	praat
c0325	posthoc_welch__perfect_rank_biserial	1	praat
c0325	posthoc_welch__perfect_p	0.0001756155310459087	praat
c0325	posthoc_welch__mwu_padj	0.009522166390875993	praat
c0325	posthoc_welch__mwu_u	40	praat
c0325	posthoc_welch__mwu_rank_biserial	1	praat
c0325	posthoc_welch__mwu_p	0.005713299834525596	praat
c0325	posthoc_paired__corr_padj	0.00042085086007547824	praat
c0325	posthoc_paired__corr_u	164	praat
c0325	posthoc_paired__corr_rank_biserial	0.9523809523809523	praat
c0325	posthoc_paired__corr_p	4.292628291154228e-05	praat
c0325	posthoc_paired__perfect_padj	0.00042085086007547824	praat
c0325	posthoc_paired__perfect_u	120	praat
c0325	posthoc_paired__perfect_rank_biserial	1	praat
c0325	posthoc_paired__perfect_p	8.417017201509565e-05	praat
c0325	posthoc_paired__mwu_padj	0.00857757953123899	praat
c0325	posthoc_paired__mwu_u	48	praat
c0325	posthoc_paired__mwu_rank_biserial	1	praat
c0325	posthoc_paired__mwu_p	0.004288789765619495	praat
c0325	posthoc_corr__perfect_padj	0.06995218165613501	praat
c0325	posthoc_corr__perfect_u	103	praat
c0325	posthoc_corr__perfect_rank_biserial	0.4714285714285714	praat
c0325	posthoc_corr__perfect_p	0.055961745324908004	praat
c0325	posthoc_corr__mwu_padj	0.08789329066942878	praat
c0325	posthoc_corr__mwu_u	45	praat
c0325	posthoc_corr__mwu_rank_biserial	0.6071428571428571	praat
c0325	posthoc_corr__mwu_p	0.0791039616024859	praat
c0325	posthoc_perfect__mwu_padj	0.6139178031705241	praat
c0325	posthoc_perfect__mwu_u	24	praat
c0325	posthoc_perfect__mwu_rank_biserial	0.2	praat
c0325	posthoc_perfect__mwu_p	0.6139178031705241	praat
c0325	posthoc_welch__paired_diff	-3	praat
c0325	posthoc_welch__corr_diff	6.4	praat
c0325	posthoc_welch__perfect_diff	8.5	praat
c0325	posthoc_welch__mwu_diff	9	praat
c0325	posthoc_paired__corr_diff	9.399999999999999	praat
c0325	posthoc_paired__perfect_diff	11.5	praat
c0325	posthoc_paired__mwu_diff	12	praat
c0325	posthoc_corr__perfect_diff	2	praat
c0325	posthoc_corr__mwu_diff	2.6500000000000004	praat
c0325	posthoc_perfect__mwu_diff	0.5	praat
c0326	n	50	praat
c0326	k	5	praat
c0326	posthoc_welch__paired_padj	0.2834093031013125	praat
c0326	posthoc_welch__paired_diff	-2.666666666666666	praat
c0326	posthoc_welch__paired_f	1.3027520896376144	praat
c0326	posthoc_welch__corr_padj	5.2476214614961237e-05	praat
c0326	posthoc_welch__corr_diff	6.428571428571429	praat
c0326	posthoc_welch__corr_f	8.096764173180214	praat
c0326	posthoc_welch__perfect_padj	2.3956249725057354e-07	praat
c0326	posthoc_welch__perfect_diff	9	praat
c0326	posthoc_welch__perfect_f	13.602563810942756	praat
c0326	posthoc_welch__mwu_padj	2.8474750524408517e-05	praat
c0326	posthoc_welch__mwu_diff	9.5	praat
c0326	posthoc_welch__mwu_f	8.660538863757205	praat
c0326	posthoc_paired__corr_padj	7.0813670248780965e-09	praat
c0326	posthoc_paired__corr_diff	9.095238095238095	praat
c0326	posthoc_paired__corr_f	17.952702225369787	praat
c0326	posthoc_paired__perfect_padj	6.33164761142111e-11	praat
c0326	posthoc_paired__perfect_diff	11.666666666666666	praat
c0326	posthoc_paired__perfect_f	24.93548921571998	praat
c0326	posthoc_paired__mwu_padj	7.8130278364445e-08	praat
c0326	posthoc_paired__mwu_diff	12.166666666666666	praat
c0326	posthoc_paired__mwu_f	14.91523920751316	praat
c0326	posthoc_corr__perfect_padj	0.28612156970413205	praat
c0326	posthoc_corr__perfect_diff	2.571428571428571	praat
c0326	posthoc_corr__perfect_f	1.2954822677088338	praat
c0326	posthoc_corr__mwu_padj	0.42497935204685433	praat
c0326	posthoc_corr__mwu_diff	3.071428571428571	praat
c0326	posthoc_corr__mwu_f	0.9857393880632238	praat
c0326	posthoc_perfect__mwu_padj	0.9988387945503088	praat
c0326	posthoc_perfect__mwu_diff	0.5	praat
c0326	posthoc_perfect__mwu_f	0.023990412364978408	praat
c0326	posthoc_welch__paired_ci_low	-6.418482853456162	praat
c0326	posthoc_welch__paired_ci_high	1.08514952012283	praat
c0326	posthoc_welch__corr_ci_low	2.800611860430895	praat
c0326	posthoc_welch__corr_ci_high	10.056530996711963	praat
c0326	posthoc_welch__perfect_ci_low	5.0813557957622395	praat
c0326	posthoc_welch__perfect_ci_high	12.918644204237761	praat
c0326	posthoc_welch__mwu_ci_low	4.316120979521143	praat
c0326	posthoc_welch__mwu_ci_high	14.683879020478857	praat
c0326	posthoc_paired__corr_ci_low	5.648146142865496	praat
c0326	posthoc_paired__corr_ci_high	12.542330047610694	praat
c0326	posthoc_paired__perfect_ci_low	7.91485047987717	praat
c0326	posthoc_paired__perfect_ci_high	15.418482853456162	praat
c0326	posthoc_paired__mwu_ci_low	7.107718752424979	praat
c0326	posthoc_paired__mwu_ci_high	17.225614580908353	praat
c0326	posthoc_corr__perfect_ci_low	-1.0565309967119627	praat
c0326	posthoc_corr__perfect_ci_high	6.1993881395691055	praat
c0326	posthoc_corr__mwu_ci_low	-1.8963596615396066	praat
c0326	posthoc_corr__mwu_ci_high	8.039216804396748	praat
c0326	posthoc_perfect__mwu_ci_low	-4.683879020478857	praat
c0326	posthoc_perfect__mwu_ci_high	5.683879020478857	praat
c0327	n	50	praat
c0327	k	5	praat
c0327	posthoc_corr__mwu_padj	0.15639701607947815	praat
c0327	posthoc_corr__mwu_t	2.749454917621261	praat
c0327	posthoc_corr__mwu_cohens_d	0.9827358526596335	praat
c0327	posthoc_corr__mwu_p	0.015639701607947816	praat
c0327	posthoc_corr__paired_padj	5.42098097699514e-07	praat
c0327	posthoc_corr__paired_t	-7.823711198795349	praat
c0327	posthoc_corr__paired_cohens_d	-3.0043639277189063	praat
c0327	posthoc_corr__paired_p	5.4209809769951396e-08	praat
c0327	posthoc_corr__perfect_padj	0.2153786164407209	praat
c0327	posthoc_corr__perfect_t	2.5053113578905046	praat
c0327	posthoc_corr__perfect_cohens_d	0.9215557470842439	praat
c0327	posthoc_corr__perfect_p	0.02153786164407209	praat
c0327	posthoc_corr__welch_padj	0.0011611549023031874	praat
c0327	posthoc_corr__welch_t	-4.750506939523274	praat
c0327	posthoc_corr__welch_cohens_d	-1.9411425885796207	praat
c0327	posthoc_corr__welch_p	0.00011611549023031874	praat
c0327	posthoc_mwu__paired_padj	1.0112453495982535e-06	praat
c0327	posthoc_mwu__paired_t	-12.569912307482092	praat
c0327	posthoc_mwu__paired_cohens_d	-5.303958509195748	praat
c0327	posthoc_mwu__paired_p	1.0112453495982535e-07	praat
c0327	posthoc_mwu__perfect_padj	1	praat
c0327	posthoc_mwu__perfect_t	-0.6255432421712243	praat
c0327	posthoc_mwu__perfect_cohens_d	-0.3464101615137754	praat
c0327	posthoc_mwu__perfect_p	0.5531166300326702	praat
c0327	posthoc_mwu__welch_padj	4.1124187385178624e-05	praat
c0327	posthoc_mwu__welch_t	-7.981596478959655	praat
c0327	posthoc_mwu__welch_cohens_d	-3.3763886032268258	praat
c0327	posthoc_mwu__welch_p	4.112418738517862e-06	praat
c0327	posthoc_paired__perfect_padj	5.514634595004311e-10	praat
c0327	posthoc_paired__perfect_t	13.5400640077266	praat
c0327	posthoc_paired__perfect_cohens_d	5.540916385036406	praat
c0327	posthoc_paired__perfect_p	5.514634595004311e-11	praat
c0327	posthoc_paired__welch_padj	0.4507196258852341	praat
c0327	posthoc_paired__welch_t	2.162808559208922	praat
c0327	posthoc_paired__welch_cohens_d	0.9467621366623015	praat
c0327	posthoc_paired__welch_p	0.04507196258852341	praat
c0327	posthoc_perfect__welch_padj	2.0360745160275394e-05	praat
c0327	posthoc_perfect__welch_t	-8.140806303599616	praat
c0327	posthoc_perfect__welch_cohens_d	-3.640679257301507	praat
c0327	posthoc_perfect__welch_p	2.0360745160275393e-06	praat
c0327	posthoc_corr__mwu_df	14.026898610778254	praat
c0327	posthoc_corr__mwu_diff	3.071428571428571	praat
c0327	posthoc_corr__mwu_ci_low	-0.6424343943854081	praat
c0327	posthoc_corr__mwu_ci_high	6.78529153724255	praat
c0327	posthoc_corr__paired_df	23.490046769286725	praat
c0327	posthoc_corr__paired_diff	-9.095238095238095	praat
c0327	posthoc_corr__paired_ci_low	-12.695840426669216	praat
c0327	posthoc_corr__paired_ci_high	-5.494635763806974	praat
c0327	posthoc_corr__perfect_df	18.925999014422576	praat
c0327	posthoc_corr__perfect_diff	2.571428571428571	praat
c0327	posthoc_corr__perfect_ci_low	-0.6876942565928652	praat
c0327	posthoc_corr__perfect_ci_high	5.830551399450007	praat
c0327	posthoc_corr__welch_df	20.415307172417684	praat
c0327	posthoc_corr__welch_diff	-6.428571428571429	praat
c0327	posthoc_corr__welch_ci_low	-10.685327545723366	praat
c0327	posthoc_corr__welch_ci_high	-2.1718153114194916	praat
c0327	posthoc_mwu__paired_df	10.642769276189538	praat
c0327	posthoc_mwu__paired_diff	-12.166666666666666	praat
c0327	posthoc_mwu__paired_ci_low	-15.578298972588428	praat
c0327	posthoc_mwu__paired_ci_high	-8.755034360744904	praat
c0327	posthoc_mwu__perfect_df	6.442489851150203	praat
c0327	posthoc_mwu__perfect_diff	-0.5	praat
c0327	posthoc_mwu__perfect_ci_low	-3.83699073995395	praat
c0327	posthoc_mwu__perfect_ci_high	2.83699073995395	praat
c0327	posthoc_mwu__welch_df	11.876712328767125	praat
c0327	posthoc_mwu__welch_diff	-9.5	praat
c0327	posthoc_mwu__welch_ci_low	-13.589796848662747	praat
c0327	posthoc_mwu__welch_ci_high	-5.410203151337252	praat
c0327	posthoc_paired__perfect_df	18.31945502967194	praat
c0327	posthoc_paired__perfect_diff	11.666666666666666	praat
c0327	posthoc_paired__perfect_ci_low	8.918919270499028	praat
c0327	posthoc_paired__perfect_ci_high	14.414414062834304	praat
c0327	posthoc_paired__welch_df	17.028808201623235	praat
c0327	posthoc_paired__welch_diff	2.666666666666666	praat
c0327	posthoc_paired__welch_ci_low	-1.3055223504015494	praat
c0327	posthoc_paired__welch_ci_high	6.6388556837348816	praat
c0327	posthoc_perfect__welch_df	12.811764705882355	praat
c0327	posthoc_perfect__welch_diff	-9	praat
c0327	posthoc_perfect__welch_ci_low	-12.73919124588566	praat
c0327	posthoc_perfect__welch_ci_high	-5.260808754114341	praat
c0328	n	50	praat
c0328	k	5	praat
c0328	posthoc_corr__mwu_padj	0.06255880643179126	praat
c0328	posthoc_corr__mwu_t	2.749454917621261	praat
c0328	posthoc_corr__mwu_cohens_d	0.9827358526596335	praat
c0328	posthoc_corr__mwu_p	0.015639701607947816	praat
c0328	posthoc_corr__paired_padj	4.878882879295625e-07	praat
c0328	posthoc_corr__paired_t	-7.823711198795349	praat
c0328	posthoc_corr__paired_cohens_d	-3.0043639277189063	praat
c0328	posthoc_corr__paired_p	5.4209809769951396e-08	praat
c0328	posthoc_corr__perfect_padj	0.06461358493221626	praat
c0328	posthoc_corr__perfect_t	2.5053113578905046	praat
c0328	posthoc_corr__perfect_cohens_d	0.9215557470842439	praat
c0328	posthoc_corr__perfect_p	0.02153786164407209	praat
c0328	posthoc_corr__welch_padj	0.0005805774511515937	praat
c0328	posthoc_corr__welch_t	-4.750506939523274	praat
c0328	posthoc_corr__welch_cohens_d	-1.9411425885796207	praat
c0328	posthoc_corr__welch_p	0.00011611549023031874	praat
c0328	posthoc_mwu__paired_padj	8.089962796786028e-07	praat
c0328	posthoc_mwu__paired_t	-12.569912307482092	praat
c0328	posthoc_mwu__paired_cohens_d	-5.303958509195748	praat
c0328	posthoc_mwu__paired_p	1.0112453495982535e-07	praat
c0328	posthoc_mwu__perfect_padj	0.5531166300326702	praat
c0328	posthoc_mwu__perfect_t	-0.6255432421712243	praat
c0328	posthoc_mwu__perfect_cohens_d	-0.3464101615137754	praat
c0328	posthoc_mwu__perfect_p	0.5531166300326702	praat
c0328	posthoc_mwu__welch_padj	2.467451243110717e-05	praat
c0328	posthoc_mwu__welch_t	-7.981596478959655	praat
c0328	posthoc_mwu__welch_cohens_d	-3.3763886032268258	praat
c0328	posthoc_mwu__welch_p	4.112418738517862e-06	praat
c0328	posthoc_paired__perfect_padj	5.514634595004311e-10	praat
c0328	posthoc_paired__perfect_t	13.5400640077266	praat
c0328	posthoc_paired__perfect_cohens_d	5.540916385036406	praat
c0328	posthoc_paired__perfect_p	5.514634595004311e-11	praat
c0328	posthoc_paired__welch_padj	0.09014392517704682	praat
c0328	posthoc_paired__welch_t	2.162808559208922	praat
c0328	posthoc_paired__welch_cohens_d	0.9467621366623015	praat
c0328	posthoc_paired__welch_p	0.04507196258852341	praat
c0328	posthoc_perfect__welch_padj	1.4252521612192775e-05	praat
c0328	posthoc_perfect__welch_t	-8.140806303599616	praat
c0328	posthoc_perfect__welch_cohens_d	-3.640679257301507	praat
c0328	posthoc_perfect__welch_p	2.0360745160275393e-06	praat
c0328	posthoc_corr__mwu_df	14.026898610778254	praat
c0328	posthoc_corr__mwu_diff	3.071428571428571	praat
c0328	posthoc_corr__paired_df	23.490046769286725	praat
c0328	posthoc_corr__paired_diff	-9.095238095238095	praat
c0328	posthoc_corr__perfect_df	18.925999014422576	praat
c0328	posthoc_corr__perfect_diff	2.571428571428571	praat
c0328	posthoc_corr__welch_df	20.415307172417684	praat
c0328	posthoc_corr__welch_diff	-6.428571428571429	praat
c0328	posthoc_mwu__paired_df	10.642769276189538	praat
c0328	posthoc_mwu__paired_diff	-12.166666666666666	praat
c0328	posthoc_mwu__perfect_df	6.442489851150203	praat
c0328	posthoc_mwu__perfect_diff	-0.5	praat
c0328	posthoc_mwu__welch_df	11.876712328767125	praat
c0328	posthoc_mwu__welch_diff	-9.5	praat
c0328	posthoc_paired__perfect_df	18.31945502967194	praat
c0328	posthoc_paired__perfect_diff	11.666666666666666	praat
c0328	posthoc_paired__welch_df	17.028808201623235	praat
c0328	posthoc_paired__welch_diff	2.666666666666666	praat
c0328	posthoc_perfect__welch_df	12.811764705882355	praat
c0328	posthoc_perfect__welch_diff	-9	praat
c0329	n	50	praat
c0329	k	5	praat
c0329	posthoc_corr__mwu_padj	0.02234243086849688	praat
c0329	posthoc_corr__mwu_t	2.749454917621261	praat
c0329	posthoc_corr__mwu_cohens_d	0.9827358526596335	praat
c0329	posthoc_corr__mwu_p	0.015639701607947816	praat
c0329	posthoc_corr__paired_padj	2.71049048849757e-07	praat
c0329	posthoc_corr__paired_t	-7.823711198795349	praat
c0329	posthoc_corr__paired_cohens_d	-3.0043639277189063	praat
c0329	posthoc_corr__paired_p	5.4209809769951396e-08	praat
c0329	posthoc_corr__perfect_padj	0.026922327055090112	praat
c0329	posthoc_corr__perfect_t	2.5053113578905046	praat
c0329	posthoc_corr__perfect_cohens_d	0.9215557470842439	praat
c0329	posthoc_corr__perfect_p	0.02153786164407209	praat
c0329	posthoc_corr__welch_padj	0.00019352581705053124	praat
c0329	posthoc_corr__welch_t	-4.750506939523274	praat
c0329	posthoc_corr__welch_cohens_d	-1.9411425885796207	praat
c0329	posthoc_corr__welch_p	0.00011611549023031874	praat
c0329	posthoc_mwu__paired_padj	3.370817831994178e-07	praat
c0329	posthoc_mwu__paired_t	-12.569912307482092	praat
c0329	posthoc_mwu__paired_cohens_d	-5.303958509195748	praat
c0329	posthoc_mwu__paired_p	1.0112453495982535e-07	praat
c0329	posthoc_mwu__perfect_padj	0.5531166300326702	praat
c0329	posthoc_mwu__perfect_t	-0.6255432421712243	praat
c0329	posthoc_mwu__perfect_cohens_d	-0.3464101615137754	praat
c0329	posthoc_mwu__perfect_p	0.5531166300326702	praat
c0329	posthoc_mwu__welch_padj	8.224837477035724e-06	praat
c0329	posthoc_mwu__welch_t	-7.981596478959655	praat
c0329	posthoc_mwu__welch_cohens_d	-3.3763886032268258	praat
c0329	posthoc_mwu__welch_p	4.112418738517862e-06	praat
c0329	posthoc_paired__perfect_padj	5.514634595004311e-10	praat
c0329	posthoc_paired__perfect_t	13.5400640077266	praat
c0329	posthoc_paired__perfect_cohens_d	5.540916385036406	praat
c0329	posthoc_paired__perfect_p	5.514634595004311e-11	praat
c0329	posthoc_paired__welch_padj	0.05007995843169268	praat
c0329	posthoc_paired__welch_t	2.162808559208922	praat
c0329	posthoc_paired__welch_cohens_d	0.9467621366623015	praat
c0329	posthoc_paired__welch_p	0.04507196258852341	praat
c0329	posthoc_perfect__welch_padj	5.0901862900688485e-06	praat
c0329	posthoc_perfect__welch_t	-8.140806303599616	praat
c0329	posthoc_perfect__welch_cohens_d	-3.640679257301507	praat
c0329	posthoc_perfect__welch_p	2.0360745160275393e-06	praat
c0329	posthoc_corr__mwu_df	14.026898610778254	praat
c0329	posthoc_corr__mwu_diff	3.071428571428571	praat
c0329	posthoc_corr__paired_df	23.490046769286725	praat
c0329	posthoc_corr__paired_diff	-9.095238095238095	praat
c0329	posthoc_corr__perfect_df	18.925999014422576	praat
c0329	posthoc_corr__perfect_diff	2.571428571428571	praat
c0329	posthoc_corr__welch_df	20.415307172417684	praat
c0329	posthoc_corr__welch_diff	-6.428571428571429	praat
c0329	posthoc_mwu__paired_df	10.642769276189538	praat
c0329	posthoc_mwu__paired_diff	-12.166666666666666	praat
c0329	posthoc_mwu__perfect_df	6.442489851150203	praat
c0329	posthoc_mwu__perfect_diff	-0.5	praat
c0329	posthoc_mwu__welch_df	11.876712328767125	praat
c0329	posthoc_mwu__welch_diff	-9.5	praat
c0329	posthoc_paired__perfect_df	18.31945502967194	praat
c0329	posthoc_paired__perfect_diff	11.666666666666666	praat
c0329	posthoc_paired__welch_df	17.028808201623235	praat
c0329	posthoc_paired__welch_diff	2.666666666666666	praat
c0329	posthoc_perfect__welch_df	12.811764705882355	praat
c0329	posthoc_perfect__welch_diff	-9	praat
c0330	n	50	praat
c0330	k	5	praat
c0330	posthoc_corr__mwu_padj	1	praat
c0330	posthoc_corr__mwu_t	1.7333831137362692	praat
c0330	posthoc_corr__mwu_cohens_d	0.9827358526596335	praat
c0330	posthoc_corr__mwu_p	0.1022521458378574	praat
c0330	posthoc_corr__paired_padj	7.108583180103026e-07	praat
c0330	posthoc_corr__paired_t	-7.636959822292356	praat
c0330	posthoc_corr__paired_cohens_d	-3.0043639277189063	praat
c0330	posthoc_corr__paired_p	7.108583180103026e-08	praat
c0330	posthoc_corr__perfect_padj	0.3659094055381841	praat
c0330	posthoc_corr__perfect_t	2.2257685872689748	praat
c0330	posthoc_corr__perfect_cohens_d	0.9215557470842439	praat
c0330	posthoc_corr__perfect_p	0.03659094055381841	praat
c0330	posthoc_corr__welch_padj	0.0011235385191574966	praat
c0330	posthoc_corr__welch_t	-4.688304761530115	praat
c0330	posthoc_corr__welch_cohens_d	-1.9411425885796207	praat
c0330	posthoc_corr__welch_p	0.00011235385191574967	praat
c0330	posthoc_mwu__paired_padj	2.643054826818037e-06	praat
c0330	posthoc_mwu__paired_t	-9.186725619164315	praat
c0330	posthoc_mwu__paired_cohens_d	-5.303958509195748	praat
c0330	posthoc_mwu__paired_p	2.643054826818037e-07	praat
c0330	posthoc_mwu__perfect_padj	1	praat
c0330	posthoc_mwu__perfect_t	-0.5855400437691199	praat
c0330	posthoc_mwu__perfect_cohens_d	-0.3464101615137754	praat
c0330	posthoc_mwu__perfect_p	0.5690331249007394	praat
c0330	posthoc_mwu__welch_padj	0.000980222612673942	praat
c0330	posthoc_mwu__welch_t	-5.707138387268051	praat
c0330	posthoc_mwu__welch_cohens_d	-3.3763886032268258	praat
c0330	posthoc_mwu__welch_p	9.80222612673942e-05	praat
c0330	posthoc_paired__perfect_padj	3.542304644700696e-10	praat
c0330	posthoc_paired__perfect_t	12.940792666314373	praat
c0330	posthoc_paired__perfect_cohens_d	5.540916385036406	praat
c0330	posthoc_paired__perfect_p	3.542304644700696e-11	praat
c0330	posthoc_paired__welch_padj	0.3883446934427562	praat
c0330	posthoc_paired__welch_t	2.2111599712911274	praat
c0330	posthoc_paired__welch_cohens_d	0.9467621366623015	praat
c0330	posthoc_paired__welch_p	0.03883446934427562	praat
c0330	posthoc_perfect__welch_padj	1.9098167972416887e-06	praat
c0330	posthoc_perfect__welch_t	-8.140806303599616	praat
c0330	posthoc_perfect__welch_cohens_d	-3.640679257301507	praat
c0330	posthoc_perfect__welch_p	1.909816797241689e-07	praat
c0330	posthoc_corr__mwu_df	16	praat
c0330	posthoc_corr__mwu_diff	3.071428571428571	praat
c0330	posthoc_corr__mwu_ci_low	-2.6908658396045526	praat
c0330	posthoc_corr__mwu_ci_high	8.833722982461694	praat
c0330	posthoc_corr__paired_df	24	praat
c0330	posthoc_corr__paired_diff	-9.095238095238095	praat
c0330	posthoc_corr__paired_ci_low	-12.775885527753054	praat
c0330	posthoc_corr__paired_ci_high	-5.4145906627231355	praat
c0330	posthoc_corr__perfect_df	22	praat
c0330	posthoc_corr__perfect_diff	2.571428571428571	praat
c0330	posthoc_corr__perfect_ci_low	-1.0317464040189464	praat
c0330	posthoc_corr__perfect_ci_high	6.174603546876089	praat
c0330	posthoc_corr__welch_df	22	praat
c0330	posthoc_corr__welch_diff	-6.428571428571429	praat
c0330	posthoc_corr__welch_ci_low	-10.705081853294395	praat
c0330	posthoc_corr__welch_ci_high	-2.1520610038484618	praat
c0330	posthoc_mwu__paired_df	14	praat
c0330	posthoc_mwu__paired_diff	-12.166666666666666	praat
c0330	posthoc_mwu__paired_ci_low	-16.571133952154547	praat
c0330	posthoc_mwu__paired_ci_high	-7.762199381178786	praat
c0330	posthoc_mwu__perfect_df	12	praat
c0330	posthoc_mwu__perfect_diff	-0.5	praat
c0330	posthoc_mwu__perfect_ci_low	-3.4275916128838646	praat
c0330	posthoc_mwu__perfect_ci_high	2.4275916128838646	praat
c0330	posthoc_mwu__welch_df	12	praat
c0330	posthoc_mwu__welch_diff	-9.5	praat
c0330	posthoc_mwu__welch_ci_low	-15.206926675273321	praat
c0330	posthoc_mwu__welch_ci_high	-3.793073324726679	praat
c0330	posthoc_paired__perfect_df	20	praat
c0330	posthoc_paired__perfect_diff	11.666666666666666	praat
c0330	posthoc_paired__perfect_ci_low	8.823743993183593	praat
c0330	posthoc_paired__perfect_ci_high	14.50958934014974	praat
c0330	posthoc_paired__welch_df	20	praat
c0330	posthoc_paired__welch_diff	2.666666666666666	praat
c0330	posthoc_paired__welch_ci_low	-1.1363454161001738	praat
c0330	posthoc_paired__welch_ci_high	6.4696787494335055	praat
c0330	posthoc_perfect__welch_df	18	praat
c0330	posthoc_perfect__welch_diff	-9	praat
c0330	posthoc_perfect__welch_ci_low	-12.533945769914231	praat
c0330	posthoc_perfect__welch_ci_high	-5.466054230085769	praat
c0331	n	50	praat
c0331	k	5	praat
c0331	posthoc_corr__mwu_padj	0.2045042916757148	praat
c0331	posthoc_corr__mwu_t	1.7333831137362692	praat
c0331	posthoc_corr__mwu_cohens_d	0.9827358526596335	praat
c0331	posthoc_corr__mwu_p	0.1022521458378574	praat
c0331	posthoc_corr__paired_padj	6.397724862092723e-07	praat
c0331	posthoc_corr__paired_t	-7.636959822292356	praat
c0331	posthoc_corr__paired_cohens_d	-3.0043639277189063	praat
c0331	posthoc_corr__paired_p	7.108583180103026e-08	praat
c0331	posthoc_corr__perfect_padj	0.14636376221527364	praat
c0331	posthoc_corr__perfect_t	2.2257685872689748	praat
c0331	posthoc_corr__perfect_cohens_d	0.9215557470842439	praat
c0331	posthoc_corr__perfect_p	0.03659094055381841	praat
c0331	posthoc_corr__welch_padj	0.0005881335676043652	praat
c0331	posthoc_corr__welch_t	-4.688304761530115	praat
c0331	posthoc_corr__welch_cohens_d	-1.9411425885796207	praat
c0331	posthoc_corr__welch_p	0.00011235385191574967	praat
c0331	posthoc_mwu__paired_padj	1.850138378772626e-06	praat
c0331	posthoc_mwu__paired_t	-9.186725619164315	praat
c0331	posthoc_mwu__paired_cohens_d	-5.303958509195748	praat
c0331	posthoc_mwu__paired_p	2.643054826818037e-07	praat
c0331	posthoc_mwu__perfect_padj	0.5690331249007394	praat
c0331	posthoc_mwu__perfect_t	-0.5855400437691199	praat
c0331	posthoc_mwu__perfect_cohens_d	-0.3464101615137754	praat
c0331	posthoc_mwu__perfect_p	0.5690331249007394	praat
c0331	posthoc_mwu__welch_padj	0.0005881335676043652	praat
c0331	posthoc_mwu__welch_t	-5.707138387268051	praat
c0331	posthoc_mwu__welch_cohens_d	-3.3763886032268258	praat
c0331	posthoc_mwu__welch_p	9.80222612673942e-05	praat
c0331	posthoc_paired__perfect_padj	3.542304644700696e-10	praat
c0331	posthoc_paired__perfect_t	12.940792666314373	praat
c0331	posthoc_paired__perfect_cohens_d	5.540916385036406	praat
c0331	posthoc_paired__perfect_p	3.542304644700696e-11	praat
c0331	posthoc_paired__welch_padj	0.14636376221527364	praat
c0331	posthoc_paired__welch_t	2.2111599712911274	praat
c0331	posthoc_paired__welch_cohens_d	0.9467621366623015	praat
c0331	posthoc_paired__welch_p	0.03883446934427562	praat
c0331	posthoc_perfect__welch_padj	1.5278534377933512e-06	praat
c0331	posthoc_perfect__welch_t	-8.140806303599616	praat
c0331	posthoc_perfect__welch_cohens_d	-3.640679257301507	praat
c0331	posthoc_perfect__welch_p	1.909816797241689e-07	praat
c0331	posthoc_corr__mwu_df	16	praat
c0331	posthoc_corr__mwu_diff	3.071428571428571	praat
c0331	posthoc_corr__paired_df	24	praat
c0331	posthoc_corr__paired_diff	-9.095238095238095	praat
c0331	posthoc_corr__perfect_df	22	praat
c0331	posthoc_corr__perfect_diff	2.571428571428571	praat
c0331	posthoc_corr__welch_df	22	praat
c0331	posthoc_corr__welch_diff	-6.428571428571429	praat
c0331	posthoc_mwu__paired_df	14	praat
c0331	posthoc_mwu__paired_diff	-12.166666666666666	praat
c0331	posthoc_mwu__perfect_df	12	praat
c0331	posthoc_mwu__perfect_diff	-0.5	praat
c0331	posthoc_mwu__welch_df	12	praat
c0331	posthoc_mwu__welch_diff	-9.5	praat
c0331	posthoc_paired__perfect_df	20	praat
c0331	posthoc_paired__perfect_diff	11.666666666666666	praat
c0331	posthoc_paired__welch_df	20	praat
c0331	posthoc_paired__welch_diff	2.666666666666666	praat
c0331	posthoc_perfect__welch_df	18	praat
c0331	posthoc_perfect__welch_diff	-9	praat
c0332	n	50	praat
c0332	k	5	praat
c0332	posthoc_corr__mwu_padj	0.11361349537539711	praat
c0332	posthoc_corr__mwu_t	1.7333831137362692	praat
c0332	posthoc_corr__mwu_cohens_d	0.9827358526596335	praat
c0332	posthoc_corr__mwu_p	0.1022521458378574	praat
c0332	posthoc_corr__paired_padj	3.554291590051513e-07	praat
c0332	posthoc_corr__paired_t	-7.636959822292356	praat
c0332	posthoc_corr__paired_cohens_d	-3.0043639277189063	praat
c0332	posthoc_corr__paired_p	7.108583180103026e-08	praat
c0332	posthoc_corr__perfect_padj	0.04854308668034452	praat
c0332	posthoc_corr__perfect_t	2.2257685872689748	praat
c0332	posthoc_corr__perfect_cohens_d	0.9215557470842439	praat
c0332	posthoc_corr__perfect_p	0.03659094055381841	praat
c0332	posthoc_corr__welch_padj	0.00018725641985958277	praat
c0332	posthoc_corr__welch_t	-4.688304761530115	praat
c0332	posthoc_corr__welch_cohens_d	-1.9411425885796207	praat
c0332	posthoc_corr__welch_p	0.00011235385191574967	praat
c0332	posthoc_mwu__paired_padj	6.607637067045092e-07	praat
c0332	posthoc_mwu__paired_t	-9.186725619164315	praat
c0332	posthoc_mwu__paired_cohens_d	-5.303958509195748	praat
c0332	posthoc_mwu__paired_p	2.643054826818037e-07	praat
c0332	posthoc_mwu__perfect_padj	0.5690331249007394	praat
c0332	posthoc_mwu__perfect_t	-0.5855400437691199	praat
c0332	posthoc_mwu__perfect_cohens_d	-0.3464101615137754	praat
c0332	posthoc_mwu__perfect_p	0.5690331249007394	praat
c0332	posthoc_mwu__welch_padj	0.00018725641985958277	praat
c0332	posthoc_mwu__welch_t	-5.707138387268051	praat
c0332	posthoc_mwu__welch_cohens_d	-3.3763886032268258	praat
c0332	posthoc_mwu__welch_p	9.80222612673942e-05	praat
c0332	posthoc_paired__perfect_padj	3.542304644700696e-10	praat
c0332	posthoc_paired__perfect_t	12.940792666314373	praat
c0332	posthoc_paired__perfect_cohens_d	5.540916385036406	praat
c0332	posthoc_paired__perfect_p	3.542304644700696e-11	praat
c0332	posthoc_paired__welch_padj	0.04854308668034452	praat
c0332	posthoc_paired__welch_t	2.2111599712911274	praat
c0332	posthoc_paired__welch_cohens_d	0.9467621366623015	praat
c0332	posthoc_paired__welch_p	0.03883446934427562	praat
c0332	posthoc_perfect__welch_padj	6.36605599080563e-07	praat
c0332	posthoc_perfect__welch_t	-8.140806303599616	praat
c0332	posthoc_perfect__welch_cohens_d	-3.640679257301507	praat
c0332	posthoc_perfect__welch_p	1.909816797241689e-07	praat
c0332	posthoc_corr__mwu_df	16	praat
c0332	posthoc_corr__mwu_diff	3.071428571428571	praat
c0332	posthoc_corr__paired_df	24	praat
c0332	posthoc_corr__paired_diff	-9.095238095238095	praat
c0332	posthoc_corr__perfect_df	22	praat
c0332	posthoc_corr__perfect_diff	2.571428571428571	praat
c0332	posthoc_corr__welch_df	22	praat
c0332	posthoc_corr__welch_diff	-6.428571428571429	praat
c0332	posthoc_mwu__paired_df	14	praat
c0332	posthoc_mwu__paired_diff	-12.166666666666666	praat
c0332	posthoc_mwu__perfect_df	12	praat
c0332	posthoc_mwu__perfect_diff	-0.5	praat
c0332	posthoc_mwu__welch_df	12	praat
c0332	posthoc_mwu__welch_diff	-9.5	praat
c0332	posthoc_paired__perfect_df	20	praat
c0332	posthoc_paired__perfect_diff	11.666666666666666	praat
c0332	posthoc_paired__welch_df	20	praat
c0332	posthoc_paired__welch_diff	2.666666666666666	praat
c0332	posthoc_perfect__welch_df	18	praat
c0332	posthoc_perfect__welch_diff	-9	praat
c0333	n	50	praat
c0333	k	5	praat
c0333	posthoc_corr__mwu_padj	0.791039616024859	praat
c0333	posthoc_corr__mwu_u	45	praat
c0333	posthoc_corr__mwu_rank_biserial	0.6071428571428571	praat
c0333	posthoc_corr__mwu_p	0.0791039616024859	praat
c0333	posthoc_corr__paired_padj	0.00042926282911542277	praat
c0333	posthoc_corr__paired_u	4	praat
c0333	posthoc_corr__paired_rank_biserial	-0.9523809523809523	praat
c0333	posthoc_corr__paired_p	4.292628291154228e-05	praat
c0333	posthoc_corr__perfect_padj	0.5596174532490801	praat
c0333	posthoc_corr__perfect_u	103	praat
c0333	posthoc_corr__perfect_rank_biserial	0.4714285714285714	praat
c0333	posthoc_corr__perfect_p	0.055961745324908004	praat
c0333	posthoc_corr__welch_padj	0.009338247729674946	praat
c0333	posthoc_corr__welch_u	13	praat
c0333	posthoc_corr__welch_rank_biserial	-0.8142857142857143	praat
c0333	posthoc_corr__welch_p	0.0009338247729674946	praat
c0333	posthoc_mwu__paired_padj	0.042887897656194954	praat
c0333	posthoc_mwu__paired_u	0	praat
c0333	posthoc_mwu__paired_rank_biserial	-1	praat
c0333	posthoc_mwu__paired_p	0.004288789765619495	praat
c0333	posthoc_mwu__perfect_padj	1	praat
c0333	posthoc_mwu__perfect_u	16	praat
c0333	posthoc_mwu__perfect_rank_biserial	-0.2	praat
c0333	posthoc_mwu__perfect_p	0.6139178031705241	praat
c0333	posthoc_mwu__welch_padj	0.05713299834525596	praat
c0333	posthoc_mwu__welch_u	0	praat
c0333	posthoc_mwu__welch_rank_biserial	-1	praat
c0333	posthoc_mwu__welch_p	0.005713299834525596	praat
c0333	posthoc_paired__perfect_padj	0.0008417017201509565	praat
c0333	posthoc_paired__perfect_u	120	praat
c0333	posthoc_paired__perfect_rank_biserial	1	praat
c0333	posthoc_paired__perfect_p	8.417017201509565e-05	praat
c0333	posthoc_paired__welch_padj	0.3986612713918825	praat
c0333	posthoc_paired__welch_u	91.5	praat
c0333	posthoc_paired__welch_rank_biserial	0.525	praat
c0333	posthoc_paired__welch_p	0.03986612713918825	praat
c0333	posthoc_perfect__welch_padj	0.001756155310459087	praat
c0333	posthoc_perfect__welch_u	0	praat
c0333	posthoc_perfect__welch_rank_biserial	-1	praat
c0333	posthoc_perfect__welch_p	0.0001756155310459087	praat
c0333	posthoc_corr__mwu_diff	2.6500000000000004	praat
c0333	posthoc_corr__mwu_ci_low	-2.0000529351489345	praat
c0333	posthoc_corr__mwu_ci_high	10.400026370772753	praat
c0333	posthoc_corr__paired_diff	-9.399999999999999	praat
c0333	posthoc_corr__paired_ci_low	-13.00002460569673	praat
c0333	posthoc_corr__paired_ci_high	-5.00005781756763	praat
c0333	posthoc_corr__perfect_diff	2	praat
c0333	posthoc_corr__perfect_ci_low	-1.0000128732547524	praat
c0333	posthoc_corr__perfect_ci_high	6.799994385568903	praat
c0333	posthoc_corr__welch_diff	-6.4	praat
c0333	posthoc_corr__welch_ci_low	-10.999965325789304	praat
c0333	posthoc_corr__welch_ci_high	-1.800000004315398	praat
c0333	posthoc_mwu__paired_diff	-12	praat
c0333	posthoc_mwu__paired_ci_low	-18	praat
c0333	posthoc_mwu__paired_ci_high	-7	praat
c0333	posthoc_mwu__perfect_diff	-0.5	praat
c0333	posthoc_mwu__perfect_ci_low	-4	praat
c0333	posthoc_mwu__perfect_ci_high	3	praat
c0333	posthoc_mwu__welch_diff	-9	praat
c0333	posthoc_mwu__welch_ci_low	-17	praat
c0333	posthoc_mwu__welch_ci_high	-4	praat
c0333	posthoc_paired__perfect_diff	11.5	praat
c0333	posthoc_paired__perfect_ci_low	8.999969342579206	praat
c0333	posthoc_paired__perfect_ci_high	14.999938167740861	praat
c0333	posthoc_paired__welch_diff	3	praat
c0333	posthoc_paired__welch_ci_low	-1.999961355467415	praat
c0333	posthoc_paired__welch_ci_high	6.999958999984407	praat
c0333	posthoc_perfect__welch_diff	-8.5	praat
c0333	posthoc_perfect__welch_ci_low	-13.000077447537855	praat
c0333	posthoc_perfect__welch_ci_high	-5.000061928497263	praat
c0334	n	50	praat
c0334	k	5	praat
c0334	posthoc_corr__mwu_padj	0.16788523597472402	praat
c0334	posthoc_corr__mwu_u	45	praat
c0334	posthoc_corr__mwu_rank_biserial	0.6071428571428571	praat
c0334	posthoc_corr__mwu_p	0.0791039616024859	praat
c0334	posthoc_corr__paired_padj	0.00042926282911542277	praat
c0334	posthoc_corr__paired_u	4	praat
c0334	posthoc_corr__paired_rank_biserial	-0.9523809523809523	praat
c0334	posthoc_corr__paired_p	4.292628291154228e-05	praat
c0334	posthoc_corr__perfect_padj	0.16788523597472402	praat
c0334	posthoc_corr__perfect_u	103	praat
c0334	posthoc_corr__perfect_rank_biserial	0.4714285714285714	praat
c0334	posthoc_corr__perfect_p	0.055961745324908004	praat
c0334	posthoc_corr__welch_padj	0.006536773410772462	praat
c0334	posthoc_corr__welch_u	13	praat
c0334	posthoc_corr__welch_rank_biserial	-0.8142857142857143	praat
c0334	posthoc_corr__welch_p	0.0009338247729674946	praat
c0334	posthoc_mwu__paired_padj	0.02573273859371697	praat
c0334	posthoc_mwu__paired_u	0	praat
c0334	posthoc_mwu__paired_rank_biserial	-1	praat
c0334	posthoc_mwu__paired_p	0.004288789765619495	praat
c0334	posthoc_mwu__perfect_padj	0.6139178031705241	praat
c0334	posthoc_mwu__perfect_u	16	praat
c0334	posthoc_mwu__perfect_rank_biserial	-0.2	praat
c0334	posthoc_mwu__perfect_p	0.6139178031705241	praat
c0334	posthoc_mwu__welch_padj	0.02856649917262798	praat
c0334	posthoc_mwu__welch_u	0	praat
c0334	posthoc_mwu__welch_rank_biserial	-1	praat
c0334	posthoc_mwu__welch_p	0.005713299834525596	praat
c0334	posthoc_paired__perfect_padj	0.0007575315481358609	praat
c0334	posthoc_paired__perfect_u	120	praat
c0334	posthoc_paired__perfect_rank_biserial	1	praat
c0334	posthoc_paired__perfect_p	8.417017201509565e-05	praat
c0334	posthoc_paired__welch_padj	0.159464508556753	praat
c0334	posthoc_paired__welch_u	91.5	praat
c0334	posthoc_paired__welch_rank_biserial	0.525	praat
c0334	posthoc_paired__welch_p	0.03986612713918825	praat
c0334	posthoc_perfect__welch_padj	0.0014049242483672696	praat
c0334	posthoc_perfect__welch_u	0	praat
c0334	posthoc_perfect__welch_rank_biserial	-1	praat
c0334	posthoc_perfect__welch_p	0.0001756155310459087	praat
c0334	posthoc_corr__mwu_diff	2.6500000000000004	praat
c0334	posthoc_corr__paired_diff	-9.399999999999999	praat
c0334	posthoc_corr__perfect_diff	2	praat
c0334	posthoc_corr__welch_diff	-6.4	praat
c0334	posthoc_mwu__paired_diff	-12	praat
c0334	posthoc_mwu__perfect_diff	-0.5	praat
c0334	posthoc_mwu__welch_diff	-9	praat
c0334	posthoc_paired__perfect_diff	11.5	praat
c0334	posthoc_paired__welch_diff	3	praat
c0334	posthoc_perfect__welch_diff	-8.5	praat
c0335	n	50	praat
c0335	k	5	praat
c0335	posthoc_corr__mwu_padj	0.08789329066942878	praat
c0335	posthoc_corr__mwu_u	45	praat
c0335	posthoc_corr__mwu_rank_biserial	0.6071428571428571	praat
c0335	posthoc_corr__mwu_p	0.0791039616024859	praat
c0335	posthoc_corr__paired_padj	0.00042085086007547824	praat
c0335	posthoc_corr__paired_u	4	praat
c0335	posthoc_corr__paired_rank_biserial	-0.9523809523809523	praat
c0335	posthoc_corr__paired_p	4.292628291154228e-05	praat
c0335	posthoc_corr__perfect_padj	0.06995218165613501	praat
c0335	posthoc_corr__perfect_u	103	praat
c0335	posthoc_corr__perfect_rank_biserial	0.4714285714285714	praat
c0335	posthoc_corr__perfect_p	0.055961745324908004	praat
c0335	posthoc_corr__welch_padj	0.0023345619324187366	praat
c0335	posthoc_corr__welch_u	13	praat
c0335	posthoc_corr__welch_rank_biserial	-0.8142857142857143	praat
c0335	posthoc_corr__welch_p	0.0009338247729674946	praat
c0335	posthoc_mwu__paired_padj	0.00857757953123899	praat
c0335	posthoc_mwu__paired_u	0	praat
c0335	posthoc_mwu__paired_rank_biserial	-1	praat
c0335	posthoc_mwu__paired_p	0.004288789765619495	praat
c0335	posthoc_mwu__perfect_padj	0.6139178031705241	praat
c0335	posthoc_mwu__perfect_u	16	praat
c0335	posthoc_mwu__perfect_rank_biserial	-0.2	praat
c0335	posthoc_mwu__perfect_p	0.6139178031705241	praat
c0335	posthoc_mwu__welch_padj	0.009522166390875993	praat
c0335	posthoc_mwu__welch_u	0	praat
c0335	posthoc_mwu__welch_rank_biserial	-1	praat
c0335	posthoc_mwu__welch_p	0.005713299834525596	praat
c0335	posthoc_paired__perfect_padj	0.00042085086007547824	praat
c0335	posthoc_paired__perfect_u	120	praat
c0335	posthoc_paired__perfect_rank_biserial	1	praat
c0335	posthoc_paired__perfect_p	8.417017201509565e-05	praat
c0335	posthoc_paired__welch_padj	0.05695161019884036	praat
c0335	posthoc_paired__welch_u	91.5	praat
c0335	posthoc_paired__welch_rank_biserial	0.525	praat
c0335	posthoc_paired__welch_p	0.03986612713918825	praat
c0335	posthoc_perfect__welch_padj	0.0005853851034863623	praat
c0335	posthoc_perfect__welch_u	0	praat
c0335	posthoc_perfect__welch_rank_biserial	-1	praat
c0335	posthoc_perfect__welch_p	0.0001756155310459087	praat
c0335	posthoc_corr__mwu_diff	2.6500000000000004	praat
c0335	posthoc_corr__paired_diff	-9.399999999999999	praat
c0335	posthoc_corr__perfect_diff	2	praat
c0335	posthoc_corr__welch_diff	-6.4	praat
c0335	posthoc_mwu__paired_diff	-12	praat
c0335	posthoc_mwu__perfect_diff	-0.5	praat
c0335	posthoc_mwu__welch_diff	-9	praat
c0335	posthoc_paired__perfect_diff	11.5	praat
c0335	posthoc_paired__welch_diff	3	praat
c0335	posthoc_perfect__welch_diff	-8.5	praat
c0336	n	50	praat
c0336	k	5	praat
c0336	posthoc_corr__mwu_padj	0.42497935204685433	praat
c0336	posthoc_corr__mwu_diff	3.071428571428571	praat
c0336	posthoc_corr__mwu_f	0.9857393880632238	praat
c0336	posthoc_corr__paired_padj	7.0813670248780965e-09	praat
c0336	posthoc_corr__paired_diff	-9.095238095238095	praat
c0336	posthoc_corr__paired_f	17.952702225369787	praat
c0336	posthoc_corr__perfect_padj	0.28612156970413205	praat
c0336	posthoc_corr__perfect_diff	2.571428571428571	praat
c0336	posthoc_corr__perfect_f	1.2954822677088338	praat
c0336	posthoc_corr__welch_padj	5.2476214614961237e-05	praat
c0336	posthoc_corr__welch_diff	-6.428571428571429	praat
c0336	posthoc_corr__welch_f	8.096764173180214	praat
c0336	posthoc_mwu__paired_padj	7.8130278364445e-08	praat
c0336	posthoc_mwu__paired_diff	-12.166666666666666	praat
c0336	posthoc_mwu__paired_f	14.91523920751316	praat
c0336	posthoc_mwu__perfect_padj	0.9988387945503088	praat
c0336	posthoc_mwu__perfect_diff	-0.5	praat
c0336	posthoc_mwu__perfect_f	0.023990412364978408	praat
c0336	posthoc_mwu__welch_padj	2.8474750524408517e-05	praat
c0336	posthoc_mwu__welch_diff	-9.5	praat
c0336	posthoc_mwu__welch_f	8.660538863757205	praat
c0336	posthoc_paired__perfect_padj	6.33164761142111e-11	praat
c0336	posthoc_paired__perfect_diff	11.666666666666666	praat
c0336	posthoc_paired__perfect_f	24.93548921571998	praat
c0336	posthoc_paired__welch_padj	0.2834093031013125	praat
c0336	posthoc_paired__welch_diff	2.666666666666666	praat
c0336	posthoc_paired__welch_f	1.3027520896376144	praat
c0336	posthoc_perfect__welch_padj	2.3956249725057354e-07	praat
c0336	posthoc_perfect__welch_diff	-9	praat
c0336	posthoc_perfect__welch_f	13.602563810942756	praat
c0336	posthoc_corr__mwu_ci_low	-1.8963596615396066	praat
c0336	posthoc_corr__mwu_ci_high	8.039216804396748	praat
c0336	posthoc_corr__paired_ci_low	-12.542330047610694	praat
c0336	posthoc_corr__paired_ci_high	-5.648146142865496	praat
c0336	posthoc_corr__perfect_ci_low	-1.0565309967119627	praat
c0336	posthoc_corr__perfect_ci_high	6.1993881395691055	praat
c0336	posthoc_corr__welch_ci_low	-10.056530996711963	praat
c0336	posthoc_corr__welch_ci_high	-2.800611860430895	praat
c0336	posthoc_mwu__paired_ci_low	-17.225614580908353	praat
c0336	posthoc_mwu__paired_ci_high	-7.107718752424979	praat
c0336	posthoc_mwu__perfect_ci_low	-5.683879020478857	praat
c0336	posthoc_mwu__perfect_ci_high	4.683879020478857	praat
c0336	posthoc_mwu__welch_ci_low	-14.683879020478857	praat
c0336	posthoc_mwu__welch_ci_high	-4.316120979521143	praat
c0336	posthoc_paired__perfect_ci_low	7.91485047987717	praat
c0336	posthoc_paired__perfect_ci_high	15.418482853456162	praat
c0336	posthoc_paired__welch_ci_low	-1.08514952012283	praat
c0336	posthoc_paired__welch_ci_high	6.418482853456162	praat
c0336	posthoc_perfect__welch_ci_low	-12.918644204237761	praat
c0336	posthoc_perfect__welch_ci_high	-5.0813557957622395	praat
c0337	n	50	praat
c0337	k	4	praat
c0337	posthoc_a__b_padj	1	praat
c0337	posthoc_a__b_t	-1.3753052069726748	praat
c0337	posthoc_a__b_cohens_d	-0.5394390836538024	praat
c0337	posthoc_a__b_p	0.18244486466411425	praat
c0337	posthoc_a__x_padj	0.0003549416920352274	praat
c0337	posthoc_a__x_t	5.29146063194507	praat
c0337	posthoc_a__x_cohens_d	2.0610761375286857	praat
c0337	posthoc_a__x_p	5.9156948672537906e-05	praat
c0337	posthoc_a__y_padj	0.024731008442064453	praat
c0337	posthoc_a__y_t	3.186339084324603	praat
c0337	posthoc_a__y_cohens_d	1.268115831078051	praat
c0337	posthoc_a__y_p	0.0041218347403440755	praat
c0337	posthoc_b__x_padj	0.00014995605917193328	praat
c0337	posthoc_b__x_t	5.949012475234343	praat
c0337	posthoc_b__x_cohens_d	2.3059576224150797	praat
c0337	posthoc_b__x_p	2.4992676528655546e-05	praat
c0337	posthoc_b__y_padj	0.0025007506975702797	praat
c0337	posthoc_b__y_t	4.176662309275437	praat
c0337	posthoc_b__y_cohens_d	1.6467342426622067	praat
c0337	posthoc_b__y_p	0.0004167917829283799	praat
c0337	posthoc_x__y_padj	0.8699115895271801	praat
c0337	posthoc_x__y_t	-1.5293340792001762	praat
c0337	posthoc_x__y_cohens_d	-0.6243480233815981	praat
c0337	posthoc_x__y_p	0.14498526492119668	praat
c0337	posthoc_a__b_df	22.723855781383676	praat
c0337	posthoc_a__b_diff	-2.615384615384615	praat
c0337	posthoc_a__b_ci_low	-8.11034512531236	praat
c0337	posthoc_a__b_ci_high	2.8795758945431302	praat
c0337	posthoc_a__x_df	17.058483241694532	praat
c0337	posthoc_a__x_diff	6.878205128205128	praat
c0337	posthoc_a__x_ci_low	3.0010614241341114	praat
c0337	posthoc_a__x_ci_high	10.755348832276145	praat
c0337	posthoc_a__y_df	22.924631760378144	praat
c0337	posthoc_a__y_diff	5.044871794871795	praat
c0337	posthoc_a__y_ci_low	0.47370311571253154	praat
c0337	posthoc_a__y_ci_high	9.616040474031058	praat
c0337	posthoc_b__x_df	15.237297263135016	praat
c0337	posthoc_b__x_diff	9.493589743589743	praat
c0337	posthoc_b__x_ci_low	4.659390311383325	praat
c0337	posthoc_b__x_ci_high	14.32778917579616	praat
c0337	posthoc_b__y_df	21.253551462302212	praat
c0337	posthoc_b__y_diff	7.66025641025641	praat
c0337	posthoc_b__y_ci_low	2.3258534232356434	praat
c0337	posthoc_b__y_ci_high	12.994659397277175	praat
c0337	posthoc_x__y_df	16.625001112456548	praat
c0337	posthoc_x__y_diff	-1.8333333333333335	praat
c0337	posthoc_x__y_ci_low	-5.421001731514274	praat
c0337	posthoc_x__y_ci_high	1.7543350648476066	praat
c0338	n	50	praat
c0338	k	4	praat
c0338	posthoc_a__b_padj	0.28997052984239335	praat
c0338	posthoc_a__b_t	-1.3753052069726748	praat
c0338	posthoc_a__b_cohens_d	-0.5394390836538024	praat
c0338	posthoc_a__b_p	0.18244486466411425	praat
c0338	posthoc_a__x_padj	0.00029578474336268955	praat
c0338	posthoc_a__x_t	5.29146063194507	praat
c0338	posthoc_a__x_cohens_d	2.0610761375286857	praat
c0338	posthoc_a__x_p	5.9156948672537906e-05	praat
c0338	posthoc_a__y_padj	0.012365504221032227	praat
c0338	posthoc_a__y_t	3.186339084324603	praat
c0338	posthoc_a__y_cohens_d	1.268115831078051	praat
c0338	posthoc_a__y_p	0.0041218347403440755	praat
c0338	posthoc_b__x_padj	0.00014995605917193328	praat
c0338	posthoc_b__x_t	5.949012475234343	praat
c0338	posthoc_b__x_cohens_d	2.3059576224150797	praat
c0338	posthoc_b__x_p	2.4992676528655546e-05	praat
c0338	posthoc_b__y_padj	0.0016671671317135196	praat
c0338	posthoc_b__y_t	4.176662309275437	praat
c0338	posthoc_b__y_cohens_d	1.6467342426622067	praat
c0338	posthoc_b__y_p	0.0004167917829283799	praat
c0338	posthoc_x__y_padj	0.28997052984239335	praat
c0338	posthoc_x__y_t	-1.5293340792001762	praat
c0338	posthoc_x__y_cohens_d	-0.6243480233815981	praat
c0338	posthoc_x__y_p	0.14498526492119668	praat
c0338	posthoc_a__b_df	22.723855781383676	praat
c0338	posthoc_a__b_diff	-2.615384615384615	praat
c0338	posthoc_a__x_df	17.058483241694532	praat
c0338	posthoc_a__x_diff	6.878205128205128	praat
c0338	posthoc_a__y_df	22.924631760378144	praat
c0338	posthoc_a__y_diff	5.044871794871795	praat
c0338	posthoc_b__x_df	15.237297263135016	praat
c0338	posthoc_b__x_diff	9.493589743589743	praat
c0338	posthoc_b__y_df	21.253551462302212	praat
c0338	posthoc_b__y_diff	7.66025641025641	praat
c0338	posthoc_x__y_df	16.625001112456548	praat
c0338	posthoc_x__y_diff	-1.8333333333333335	praat
c0339	n	50	praat
c0339	k	4	praat
c0339	posthoc_a__b_padj	0.18244486466411425	praat
c0339	posthoc_a__b_t	-1.3753052069726748	praat
c0339	posthoc_a__b_cohens_d	-0.5394390836538024	praat
c0339	posthoc_a__b_p	0.18244486466411425	praat
c0339	posthoc_a__x_padj	0.0001774708460176137	praat
c0339	posthoc_a__x_t	5.29146063194507	praat
c0339	posthoc_a__x_cohens_d	2.0610761375286857	praat
c0339	posthoc_a__x_p	5.9156948672537906e-05	praat
c0339	posthoc_a__y_padj	0.006182752110516113	praat
c0339	posthoc_a__y_t	3.186339084324603	praat
c0339	posthoc_a__y_cohens_d	1.268115831078051	praat
c0339	posthoc_a__y_p	0.0041218347403440755	praat
c0339	posthoc_b__x_padj	0.00014995605917193328	praat
c0339	posthoc_b__x_t	5.949012475234343	praat
c0339	posthoc_b__x_cohens_d	2.3059576224150797	praat
c0339	posthoc_b__x_p	2.4992676528655546e-05	praat
c0339	posthoc_b__y_padj	0.0008335835658567599	praat
c0339	posthoc_b__y_t	4.176662309275437	praat
c0339	posthoc_b__y_cohens_d	1.6467342426622067	praat
c0339	posthoc_b__y_p	0.0004167917829283799	praat
c0339	posthoc_x__y_padj	0.173982317905436	praat
c0339	posthoc_x__y_t	-1.5293340792001762	praat
c0339	posthoc_x__y_cohens_d	-0.6243480233815981	praat
c0339	posthoc_x__y_p	0.14498526492119668	praat
c0339	posthoc_a__b_df	22.723855781383676	praat
c0339	posthoc_a__b_diff	-2.615384615384615	praat
c0339	posthoc_a__x_df	17.058483241694532	praat
c0339	posthoc_a__x_diff	6.878205128205128	praat
c0339	posthoc_a__y_df	22.924631760378144	praat
c0339	posthoc_a__y_diff	5.044871794871795	praat
c0339	posthoc_b__x_df	15.237297263135016	praat
c0339	posthoc_b__x_diff	9.493589743589743	praat
c0339	posthoc_b__y_df	21.253551462302212	praat
c0339	posthoc_b__y_diff	7.66025641025641	praat
c0339	posthoc_x__y_df	16.625001112456548	praat
c0339	posthoc_x__y_diff	-1.8333333333333335	praat
c0340	n	50	praat
c0340	k	4	praat
c0340	posthoc_a__b_padj	1	praat
c0340	posthoc_a__b_t	-1.3753052069726746	praat
c0340	posthoc_a__b_cohens_d	-0.5394390836538024	praat
c0340	posthoc_a__b_p	0.18173954905685252	praat
c0340	posthoc_a__x_padj	0.00019375883284129488	praat
c0340	posthoc_a__x_t	5.148566541365337	praat
c0340	posthoc_a__x_cohens_d	2.0610761375286857	praat
c0340	posthoc_a__x_p	3.229313880688248e-05	praat
c0340	posthoc_a__y_padj	0.02578159440080635	praat
c0340	posthoc_a__y_t	3.1677523307278994	praat
c0340	posthoc_a__y_cohens_d	1.268115831078051	praat
c0340	posthoc_a__y_p	0.004296932400134392	praat
c0340	posthoc_b__x_padj	4.3361829332796455e-05	praat
c0340	posthoc_b__x_t	5.760280294549481	praat
c0340	posthoc_b__x_cohens_d	2.3059576224150797	praat
c0340	posthoc_b__x_p	7.226971555466076e-06	praat
c0340	posthoc_b__y_padj	0.0025451822685064393	praat
c0340	posthoc_b__y_t	4.113540819727834	praat
c0340	posthoc_b__y_cohens_d	1.6467342426622067	praat
c0340	posthoc_b__y_p	0.0004241970447510732	praat
c0340	posthoc_x__y_padj	0.8426038370920885	praat
c0340	posthoc_x__y_t	-1.5293340792001764	praat
c0340	posthoc_x__y_cohens_d	-0.6243480233815981	praat
c0340	posthoc_x__y_p	0.14043397284868142	praat
c0340	posthoc_a__b_df	24	praat
c0340	posthoc_a__b_diff	-2.615384615384615	praat
c0340	posthoc_a__b_ci_low	-8.0828819770401	praat
c0340	posthoc_a__b_ci_high	2.852112746270871	praat
c0340	posthoc_a__x_df	23	praat
c0340	posthoc_a__x_diff	6.878205128205128	praat
c0340	posthoc_a__x_ci_low	3.0223135524955715	praat
c0340	posthoc_a__x_ci_high	10.734096703914684	praat
c0340	posthoc_a__y_df	23	praat
c0340	posthoc_a__y_diff	5.044871794871795	praat
c0340	posthoc_a__y_ci_low	0.44829061320717756	praat
c0340	posthoc_a__y_ci_high	9.641452976536412	praat
c0340	posthoc_b__x_df	23	praat
c0340	posthoc_b__x_diff	9.493589743589743	praat
c0340	posthoc_b__x_ci_low	4.736702431378173	praat
c0340	posthoc_b__x_ci_high	14.250477055801312	praat
c0340	posthoc_b__y_df	23	praat
c0340	posthoc_b__y_diff	7.66025641025641	praat
c0340	posthoc_b__y_ci_low	2.2854414723181025	praat
c0340	posthoc_b__y_ci_high	13.035071348194716	praat
c0340	posthoc_x__y_df	22	praat
c0340	posthoc_x__y_diff	-1.8333333333333335	praat
c0340	posthoc_x__y_ci_low	-5.308038068866406	praat
c0340	posthoc_x__y_ci_high	1.6413714021997383	praat
c0341	n	50	praat
c0341	k	4	praat
c0341	posthoc_a__b_padj	0.28086794569736284	praat
c0341	posthoc_a__b_t	-1.3753052069726746	praat
c0341	posthoc_a__b_cohens_d	-0.5394390836538024	praat
c0341	posthoc_a__b_p	0.18173954905685252	praat
c0341	posthoc_a__x_padj	0.00016146569403441242	praat
c0341	posthoc_a__x_t	5.148566541365337	praat
c0341	posthoc_a__x_cohens_d	2.0610761375286857	praat
c0341	posthoc_a__x_p	3.229313880688248e-05	praat
c0341	posthoc_a__y_padj	0.012890797200403176	praat
c0341	posthoc_a__y_t	3.1677523307278994	praat
c0341	posthoc_a__y_cohens_d	1.268115831078051	praat
c0341	posthoc_a__y_p	0.004296932400134392	praat
c0341	posthoc_b__x_padj	4.3361829332796455e-05	praat
c0341	posthoc_b__x_t	5.760280294549481	praat
c0341	posthoc_b__x_cohens_d	2.3059576224150797	praat
c0341	posthoc_b__x_p	7.226971555466076e-06	praat
c0341	posthoc_b__y_padj	0.0016967881790042928	praat
c0341	posthoc_b__y_t	4.113540819727834	praat
c0341	posthoc_b__y_cohens_d	1.6467342426622067	praat
c0341	posthoc_b__y_p	0.0004241970447510732	praat
c0341	posthoc_x__y_padj	0.28086794569736284	praat
c0341	posthoc_x__y_t	-1.5293340792001764	praat
c0341	posthoc_x__y_cohens_d	-0.6243480233815981	praat
c0341	posthoc_x__y_p	0.14043397284868142	praat
c0341	posthoc_a__b_df	24	praat
c0341	posthoc_a__b_diff	-2.615384615384615	praat
c0341	posthoc_a__x_df	23	praat
c0341	posthoc_a__x_diff	6.878205128205128	praat
c0341	posthoc_a__y_df	23	praat
c0341	posthoc_a__y_diff	5.044871794871795	praat
c0341	posthoc_b__x_df	23	praat
c0341	posthoc_b__x_diff	9.493589743589743	praat
c0341	posthoc_b__y_df	23	praat
c0341	posthoc_b__y_diff	7.66025641025641	praat
c0341	posthoc_x__y_df	22	praat
c0341	posthoc_x__y_diff	-1.8333333333333335	praat
c0342	n	50	praat
c0342	k	4	praat
c0342	posthoc_a__b_padj	0.18173954905685252	praat
c0342	posthoc_a__b_t	-1.3753052069726746	praat
c0342	posthoc_a__b_cohens_d	-0.5394390836538024	praat
c0342	posthoc_a__b_p	0.18173954905685252	praat
c0342	posthoc_a__x_padj	9.687941642064744e-05	praat
c0342	posthoc_a__x_t	5.148566541365337	praat
c0342	posthoc_a__x_cohens_d	2.0610761375286857	praat
c0342	posthoc_a__x_p	3.229313880688248e-05	praat
c0342	posthoc_a__y_padj	0.006445398600201588	praat
c0342	posthoc_a__y_t	3.1677523307278994	praat
c0342	posthoc_a__y_cohens_d	1.268115831078051	praat
c0342	posthoc_a__y_p	0.004296932400134392	praat
c0342	posthoc_b__x_padj	4.3361829332796455e-05	praat
c0342	posthoc_b__x_t	5.760280294549481	praat
c0342	posthoc_b__x_cohens_d	2.3059576224150797	praat
c0342	posthoc_b__x_p	7.226971555466076e-06	praat
c0342	posthoc_b__y_padj	0.0008483940895021464	praat
c0342	posthoc_b__y_t	4.113540819727834	praat
c0342	posthoc_b__y_cohens_d	1.6467342426622067	praat
c0342	posthoc_b__y_p	0.0004241970447510732	praat
c0342	posthoc_x__y_padj	0.1685207674184177	praat
c0342	posthoc_x__y_t	-1.5293340792001764	praat
c0342	posthoc_x__y_cohens_d	-0.6243480233815981	praat
c0342	posthoc_x__y_p	0.14043397284868142	praat
c0342	posthoc_a__b_df	24	praat
c0342	posthoc_a__b_diff	-2.615384615384615	praat
c0342	posthoc_a__x_df	23	praat
c0342	posthoc_a__x_diff	6.878205128205128	praat
c0342	posthoc_a__y_df	23	praat
c0342	posthoc_a__y_diff	5.044871794871795	praat
c0342	posthoc_b__x_df	23	praat
c0342	posthoc_b__x_diff	9.493589743589743	praat
c0342	posthoc_b__y_df	23	praat
c0342	posthoc_b__y_diff	7.66025641025641	praat
c0342	posthoc_x__y_df	22	praat
c0342	posthoc_x__y_diff	-1.8333333333333335	praat
c0343	n	50	praat
c0343	k	4	praat
c0343	posthoc_a__b_padj	0.45538223528392596	praat
c0343	posthoc_a__b_u	49.5	praat
c0343	posthoc_a__b_rank_biserial	-0.41420118343195267	praat
c0343	posthoc_a__b_p	0.07589703921398766	praat
c0343	posthoc_a__x_padj	0.004786861180948908	praat
c0343	posthoc_a__x_u	140	praat
c0343	posthoc_a__x_rank_biserial	0.7948717948717948	praat
c0343	posthoc_a__x_p	0.000797810196824818	praat
c0343	posthoc_a__y_padj	0.06820100653201872	praat
c0343	posthoc_a__y_u	125	praat
c0343	posthoc_a__y_rank_biserial	0.6025641025641025	praat
c0343	posthoc_a__y_p	0.01136683442200312	praat
c0343	posthoc_b__x_padj	0.004775658640331481	praat
c0343	posthoc_b__x_u	140	praat
c0343	posthoc_b__x_rank_biserial	0.7948717948717948	praat
c0343	posthoc_b__x_p	0.0007959431067219136	praat
c0343	posthoc_b__y_padj	0.018027787901741307	praat
c0343	posthoc_b__y_u	133	praat
c0343	posthoc_b__y_rank_biserial	0.7051282051282052	praat
c0343	posthoc_b__y_p	0.0030046313169568846	praat
c0343	posthoc_x__y_padj	1	praat
c0343	posthoc_x__y_u	53	praat
c0343	posthoc_x__y_rank_biserial	-0.2638888888888889	praat
c0343	posthoc_x__y_p	0.2833732426869955	praat
c0343	posthoc_a__b_diff	-3	praat
c0343	posthoc_a__b_ci_low	-7.999948739816282	praat
c0343	posthoc_a__b_ci_high	2.0000522965327776	praat
c0343	posthoc_a__x_diff	8	praat
c0343	posthoc_a__x_ci_low	3.00004393865757	praat
c0343	posthoc_a__x_ci_high	10.999951443494544	praat
c0343	posthoc_a__y_diff	6	praat
c0343	posthoc_a__y_ci_low	-0.1999596961991883	praat
c0343	posthoc_a__y_ci_high	9.999942782498056	praat
c0343	posthoc_b__x_diff	11	praat
c0343	posthoc_b__x_ci_low	5.0000032842665565	praat
c0343	posthoc_b__x_ci_high	14.000009170163944	praat
c0343	posthoc_b__y_diff	9	praat
c0343	posthoc_b__y_ci_low	1.799985947974478	praat
c0343	posthoc_b__y_ci_high	13.59998210667079	praat
c0343	posthoc_x__y_diff	-1	praat
c0343	posthoc_x__y_ci_low	-6.199971434776607	praat
c0343	posthoc_x__y_ci_high	1.9999507934994043	praat
c0344	n	50	praat
c0344	k	4	praat
c0344	posthoc_a__b_padj	0.15179407842797532	praat
c0344	posthoc_a__b_u	49.5	praat
c0344	posthoc_a__b_rank_biserial	-0.41420118343195267	praat
c0344	posthoc_a__b_p	0.07589703921398766	praat
c0344	posthoc_a__x_padj	0.004775658640331481	praat
c0344	posthoc_a__x_u	140	praat
c0344	posthoc_a__x_rank_biserial	0.7948717948717948	praat
c0344	posthoc_a__x_p	0.000797810196824818	praat
c0344	posthoc_a__y_padj	0.03410050326600936	praat
c0344	posthoc_a__y_u	125	praat
c0344	posthoc_a__y_rank_biserial	0.6025641025641025	praat
c0344	posthoc_a__y_p	0.01136683442200312	praat
c0344	posthoc_b__x_padj	0.004775658640331481	praat
c0344	posthoc_b__x_u	140	praat
c0344	posthoc_b__x_rank_biserial	0.7948717948717948	praat
c0344	posthoc_b__x_p	0.0007959431067219136	praat
c0344	posthoc_b__y_padj	0.012018525267827538	praat
c0344	posthoc_b__y_u	133	praat
c0344	posthoc_b__y_rank_biserial	0.7051282051282052	praat
c0344	posthoc_b__y_p	0.0030046313169568846	praat
c0344	posthoc_x__y_padj	0.2833732426869955	praat
c0344	posthoc_x__y_u	53	praat
c0344	posthoc_x__y_rank_biserial	-0.2638888888888889	praat
c0344	posthoc_x__y_p	0.2833732426869955	praat
c0344	posthoc_a__b_diff	-3	praat
c0344	posthoc_a__x_diff	8	praat
c0344	posthoc_a__y_diff	6	praat
c0344	posthoc_b__x_diff	11	praat
c0344	posthoc_b__y_diff	9	praat
c0344	posthoc_x__y_diff	-1	praat
c0345	n	50	praat
c0345	k	4	praat
c0345	posthoc_a__b_padj	0.09107644705678519	praat
c0345	posthoc_a__b_u	49.5	praat
c0345	posthoc_a__b_rank_biserial	-0.41420118343195267	praat
c0345	posthoc_a__b_p	0.07589703921398766	praat
c0345	posthoc_a__x_padj	0.002393430590474454	praat
c0345	posthoc_a__x_u	140	praat
c0345	posthoc_a__x_rank_biserial	0.7948717948717948	praat
c0345	posthoc_a__x_p	0.000797810196824818	praat
c0345	posthoc_a__y_padj	0.01705025163300468	praat
c0345	posthoc_a__y_u	125	praat
c0345	posthoc_a__y_rank_biserial	0.6025641025641025	praat
c0345	posthoc_a__y_p	0.01136683442200312	praat
c0345	posthoc_b__x_padj	0.002393430590474454	praat
c0345	posthoc_b__x_u	140	praat
c0345	posthoc_b__x_rank_biserial	0.7948717948717948	praat
c0345	posthoc_b__x_p	0.0007959431067219136	praat
c0345	posthoc_b__y_padj	0.006009262633913769	praat
c0345	posthoc_b__y_u	133	praat
c0345	posthoc_b__y_rank_biserial	0.7051282051282052	praat
c0345	posthoc_b__y_p	0.0030046313169568846	praat
c0345	posthoc_x__y_padj	0.2833732426869955	praat
c0345	posthoc_x__y_u	53	praat
c0345	posthoc_x__y_rank_biserial	-0.2638888888888889	praat
c0345	posthoc_x__y_p	0.2833732426869955	praat
c0345	posthoc_a__b_diff	-3	praat
c0345	posthoc_a__x_diff	8	praat
c0345	posthoc_a__y_diff	6	praat
c0345	posthoc_b__x_diff	11	praat
c0345	posthoc_b__y_diff	9	praat
c0345	posthoc_x__y_diff	-1	praat
c0346	n	50	praat
c0346	k	4	praat
c0346	posthoc_a__b_padj	0.4463244109370824	praat
c0346	posthoc_a__b_diff	-2.615384615384615	praat
c0346	posthoc_a__b_f	0.9043525110850187	praat
c0346	posthoc_a__x_padj	0.0015332096600119097	praat
c0346	posthoc_a__x_diff	6.878205128205128	praat
c0346	posthoc_a__x_f	6.004655549221476	praat
c0346	posthoc_a__y_padj	0.030829001222084665	praat
c0346	posthoc_a__y_diff	5.044871794871795	praat
c0346	posthoc_a__y_f	3.2302647660796833	praat
c0346	posthoc_b__x_padj	1.0001674247325875e-05	praat
c0346	posthoc_b__x_diff	9.493589743589743	praat
c0346	posthoc_b__x_f	11.439282168777096	praat
c0346	posthoc_b__y_padj	0.0003635269104390348	praat
c0346	posthoc_b__y_diff	7.66025641025641	praat
c0346	posthoc_b__y_f	7.447739300127935	praat
c0346	posthoc_x__y_padj	0.746426776421093	praat
c0346	posthoc_x__y_diff	-1.8333333333333335	praat
c0346	posthoc_x__y_f	0.41019218567956606	praat
c0346	posthoc_a__b_ci_low	-7.222996609612141	praat
c0346	posthoc_a__b_ci_high	1.9922273788429115	praat
c0346	posthoc_a__x_ci_low	2.1755808287946827	praat
c0346	posthoc_a__x_ci_high	11.580829427615573	praat
c0346	posthoc_a__y_ci_low	0.3422474954613497	praat
c0346	posthoc_a__y_ci_high	9.74749609428224	praat
c0346	posthoc_b__x_ci_low	4.790965444179298	praat
c0346	posthoc_b__x_ci_high	14.196214043000188	praat
c0346	posthoc_b__y_ci_low	2.9576321108459647	praat
c0346	posthoc_b__y_ci_high	12.362880709666854	praat
c0346	posthoc_x__y_ci_low	-6.629087946891225	praat
c0346	posthoc_x__y_ci_high	2.9624212802245586	praat
c0347	n	50	praat
c0347	k	4	praat
c0347	posthoc_a__b_padj	1	praat
c0347	posthoc_a__b_t	-1.3753052069726748	praat
c0347	posthoc_a__b_cohens_d	-0.5394390836538024	praat
c0347	posthoc_a__b_p	0.18244486466411425	praat
c0347	posthoc_a__x_padj	0.0003549416920352274	praat
c0347	posthoc_a__x_t	5.29146063194507	praat
c0347	posthoc_a__x_cohens_d	2.0610761375286857	praat
c0347	posthoc_a__x_p	5.9156948672537906e-05	praat
c0347	posthoc_a__y_padj	0.024731008442064453	praat
c0347	posthoc_a__y_t	3.186339084324603	praat
c0347	posthoc_a__y_cohens_d	1.268115831078051	praat
c0347	posthoc_a__y_p	0.0041218347403440755	praat
c0347	posthoc_b__x_padj	0.00014995605917193328	praat
c0347	posthoc_b__x_t	5.949012475234343	praat
c0347	posthoc_b__x_cohens_d	2.3059576224150797	praat
c0347	posthoc_b__x_p	2.4992676528655546e-05	praat
c0347	posthoc_b__y_padj	0.0025007506975702797	praat
c0347	posthoc_b__y_t	4.176662309275437	praat
c0347	posthoc_b__y_cohens_d	1.6467342426622067	praat
c0347	posthoc_b__y_p	0.0004167917829283799	praat
c0347	posthoc_x__y_padj	0.8699115895271801	praat
c0347	posthoc_x__y_t	-1.5293340792001762	praat
c0347	posthoc_x__y_cohens_d	-0.6243480233815981	praat
c0347	posthoc_x__y_p	0.14498526492119668	praat
c0347	posthoc_a__b_df	22.723855781383676	praat
c0347	posthoc_a__b_diff	-2.615384615384615	praat
c0347	posthoc_a__b_ci_low	-8.11034512531236	praat
c0347	posthoc_a__b_ci_high	2.8795758945431302	praat
c0347	posthoc_a__x_df	17.058483241694532	praat
c0347	posthoc_a__x_diff	6.878205128205128	praat
c0347	posthoc_a__x_ci_low	3.0010614241341114	praat
c0347	posthoc_a__x_ci_high	10.755348832276145	praat
c0347	posthoc_a__y_df	22.924631760378144	praat
c0347	posthoc_a__y_diff	5.044871794871795	praat
c0347	posthoc_a__y_ci_low	0.47370311571253154	praat
c0347	posthoc_a__y_ci_high	9.616040474031058	praat
c0347	posthoc_b__x_df	15.237297263135016	praat
c0347	posthoc_b__x_diff	9.493589743589743	praat
c0347	posthoc_b__x_ci_low	4.659390311383325	praat
c0347	posthoc_b__x_ci_high	14.32778917579616	praat
c0347	posthoc_b__y_df	21.253551462302212	praat
c0347	posthoc_b__y_diff	7.66025641025641	praat
c0347	posthoc_b__y_ci_low	2.3258534232356434	praat
c0347	posthoc_b__y_ci_high	12.994659397277175	praat
c0347	posthoc_x__y_df	16.625001112456548	praat
c0347	posthoc_x__y_diff	-1.8333333333333335	praat
c0347	posthoc_x__y_ci_low	-5.421001731514274	praat
c0347	posthoc_x__y_ci_high	1.7543350648476066	praat
c0348	n	50	praat
c0348	k	4	praat
c0348	posthoc_a__b_padj	0.28997052984239335	praat
c0348	posthoc_a__b_t	-1.3753052069726748	praat
c0348	posthoc_a__b_cohens_d	-0.5394390836538024	praat
c0348	posthoc_a__b_p	0.18244486466411425	praat
c0348	posthoc_a__x_padj	0.00029578474336268955	praat
c0348	posthoc_a__x_t	5.29146063194507	praat
c0348	posthoc_a__x_cohens_d	2.0610761375286857	praat
c0348	posthoc_a__x_p	5.9156948672537906e-05	praat
c0348	posthoc_a__y_padj	0.012365504221032227	praat
c0348	posthoc_a__y_t	3.186339084324603	praat
c0348	posthoc_a__y_cohens_d	1.268115831078051	praat
c0348	posthoc_a__y_p	0.0041218347403440755	praat
c0348	posthoc_b__x_padj	0.00014995605917193328	praat
c0348	posthoc_b__x_t	5.949012475234343	praat
c0348	posthoc_b__x_cohens_d	2.3059576224150797	praat
c0348	posthoc_b__x_p	2.4992676528655546e-05	praat
c0348	posthoc_b__y_padj	0.0016671671317135196	praat
c0348	posthoc_b__y_t	4.176662309275437	praat
c0348	posthoc_b__y_cohens_d	1.6467342426622067	praat
c0348	posthoc_b__y_p	0.0004167917829283799	praat
c0348	posthoc_x__y_padj	0.28997052984239335	praat
c0348	posthoc_x__y_t	-1.5293340792001762	praat
c0348	posthoc_x__y_cohens_d	-0.6243480233815981	praat
c0348	posthoc_x__y_p	0.14498526492119668	praat
c0348	posthoc_a__b_df	22.723855781383676	praat
c0348	posthoc_a__b_diff	-2.615384615384615	praat
c0348	posthoc_a__x_df	17.058483241694532	praat
c0348	posthoc_a__x_diff	6.878205128205128	praat
c0348	posthoc_a__y_df	22.924631760378144	praat
c0348	posthoc_a__y_diff	5.044871794871795	praat
c0348	posthoc_b__x_df	15.237297263135016	praat
c0348	posthoc_b__x_diff	9.493589743589743	praat
c0348	posthoc_b__y_df	21.253551462302212	praat
c0348	posthoc_b__y_diff	7.66025641025641	praat
c0348	posthoc_x__y_df	16.625001112456548	praat
c0348	posthoc_x__y_diff	-1.8333333333333335	praat
c0349	n	50	praat
c0349	k	4	praat
c0349	posthoc_a__b_padj	0.18244486466411425	praat
c0349	posthoc_a__b_t	-1.3753052069726748	praat
c0349	posthoc_a__b_cohens_d	-0.5394390836538024	praat
c0349	posthoc_a__b_p	0.18244486466411425	praat
c0349	posthoc_a__x_padj	0.0001774708460176137	praat
c0349	posthoc_a__x_t	5.29146063194507	praat
c0349	posthoc_a__x_cohens_d	2.0610761375286857	praat
c0349	posthoc_a__x_p	5.9156948672537906e-05	praat
c0349	posthoc_a__y_padj	0.006182752110516113	praat
c0349	posthoc_a__y_t	3.186339084324603	praat
c0349	posthoc_a__y_cohens_d	1.268115831078051	praat
c0349	posthoc_a__y_p	0.0041218347403440755	praat
c0349	posthoc_b__x_padj	0.00014995605917193328	praat
c0349	posthoc_b__x_t	5.949012475234343	praat
c0349	posthoc_b__x_cohens_d	2.3059576224150797	praat
c0349	posthoc_b__x_p	2.4992676528655546e-05	praat
c0349	posthoc_b__y_padj	0.0008335835658567599	praat
c0349	posthoc_b__y_t	4.176662309275437	praat
c0349	posthoc_b__y_cohens_d	1.6467342426622067	praat
c0349	posthoc_b__y_p	0.0004167917829283799	praat
c0349	posthoc_x__y_padj	0.173982317905436	praat
c0349	posthoc_x__y_t	-1.5293340792001762	praat
c0349	posthoc_x__y_cohens_d	-0.6243480233815981	praat
c0349	posthoc_x__y_p	0.14498526492119668	praat
c0349	posthoc_a__b_df	22.723855781383676	praat
c0349	posthoc_a__b_diff	-2.615384615384615	praat
c0349	posthoc_a__x_df	17.058483241694532	praat
c0349	posthoc_a__x_diff	6.878205128205128	praat
c0349	posthoc_a__y_df	22.924631760378144	praat
c0349	posthoc_a__y_diff	5.044871794871795	praat
c0349	posthoc_b__x_df	15.237297263135016	praat
c0349	posthoc_b__x_diff	9.493589743589743	praat
c0349	posthoc_b__y_df	21.253551462302212	praat
c0349	posthoc_b__y_diff	7.66025641025641	praat
c0349	posthoc_x__y_df	16.625001112456548	praat
c0349	posthoc_x__y_diff	-1.8333333333333335	praat
c0350	n	50	praat
c0350	k	4	praat
c0350	posthoc_a__b_padj	1	praat
c0350	posthoc_a__b_t	-1.3753052069726746	praat
c0350	posthoc_a__b_cohens_d	-0.5394390836538024	praat
c0350	posthoc_a__b_p	0.18173954905685252	praat
c0350	posthoc_a__x_padj	0.00019375883284129488	praat
c0350	posthoc_a__x_t	5.148566541365337	praat
c0350	posthoc_a__x_cohens_d	2.0610761375286857	praat
c0350	posthoc_a__x_p	3.229313880688248e-05	praat
c0350	posthoc_a__y_padj	0.02578159440080635	praat
c0350	posthoc_a__y_t	3.1677523307278994	praat
c0350	posthoc_a__y_cohens_d	1.268115831078051	praat
c0350	posthoc_a__y_p	0.004296932400134392	praat
c0350	posthoc_b__x_padj	4.3361829332796455e-05	praat
c0350	posthoc_b__x_t	5.760280294549481	praat
c0350	posthoc_b__x_cohens_d	2.3059576224150797	praat
c0350	posthoc_b__x_p	7.226971555466076e-06	praat
c0350	posthoc_b__y_padj	0.0025451822685064393	praat
c0350	posthoc_b__y_t	4.113540819727834	praat
c0350	posthoc_b__y_cohens_d	1.6467342426622067	praat
c0350	posthoc_b__y_p	0.0004241970447510732	praat
c0350	posthoc_x__y_padj	0.8426038370920885	praat
c0350	posthoc_x__y_t	-1.5293340792001764	praat
c0350	posthoc_x__y_cohens_d	-0.6243480233815981	praat
c0350	posthoc_x__y_p	0.14043397284868142	praat
c0350	posthoc_a__b_df	24	praat
c0350	posthoc_a__b_diff	-2.615384615384615	praat
c0350	posthoc_a__b_ci_low	-8.0828819770401	praat
c0350	posthoc_a__b_ci_high	2.852112746270871	praat
c0350	posthoc_a__x_df	23	praat
c0350	posthoc_a__x_diff	6.878205128205128	praat
c0350	posthoc_a__x_ci_low	3.0223135524955715	praat
c0350	posthoc_a__x_ci_high	10.734096703914684	praat
c0350	posthoc_a__y_df	23	praat
c0350	posthoc_a__y_diff	5.044871794871795	praat
c0350	posthoc_a__y_ci_low	0.44829061320717756	praat
c0350	posthoc_a__y_ci_high	9.641452976536412	praat
c0350	posthoc_b__x_df	23	praat
c0350	posthoc_b__x_diff	9.493589743589743	praat
c0350	posthoc_b__x_ci_low	4.736702431378173	praat
c0350	posthoc_b__x_ci_high	14.250477055801312	praat
c0350	posthoc_b__y_df	23	praat
c0350	posthoc_b__y_diff	7.66025641025641	praat
c0350	posthoc_b__y_ci_low	2.2854414723181025	praat
c0350	posthoc_b__y_ci_high	13.035071348194716	praat
c0350	posthoc_x__y_df	22	praat
c0350	posthoc_x__y_diff	-1.8333333333333335	praat
c0350	posthoc_x__y_ci_low	-5.308038068866406	praat
c0350	posthoc_x__y_ci_high	1.6413714021997383	praat
c0351	n	50	praat
c0351	k	4	praat
c0351	posthoc_a__b_padj	0.28086794569736284	praat
c0351	posthoc_a__b_t	-1.3753052069726746	praat
c0351	posthoc_a__b_cohens_d	-0.5394390836538024	praat
c0351	posthoc_a__b_p	0.18173954905685252	praat
c0351	posthoc_a__x_padj	0.00016146569403441242	praat
c0351	posthoc_a__x_t	5.148566541365337	praat
c0351	posthoc_a__x_cohens_d	2.0610761375286857	praat
c0351	posthoc_a__x_p	3.229313880688248e-05	praat
c0351	posthoc_a__y_padj	0.012890797200403176	praat
c0351	posthoc_a__y_t	3.1677523307278994	praat
c0351	posthoc_a__y_cohens_d	1.268115831078051	praat
c0351	posthoc_a__y_p	0.004296932400134392	praat
c0351	posthoc_b__x_padj	4.3361829332796455e-05	praat
c0351	posthoc_b__x_t	5.760280294549481	praat
c0351	posthoc_b__x_cohens_d	2.3059576224150797	praat
c0351	posthoc_b__x_p	7.226971555466076e-06	praat
c0351	posthoc_b__y_padj	0.0016967881790042928	praat
c0351	posthoc_b__y_t	4.113540819727834	praat
c0351	posthoc_b__y_cohens_d	1.6467342426622067	praat
c0351	posthoc_b__y_p	0.0004241970447510732	praat
c0351	posthoc_x__y_padj	0.28086794569736284	praat
c0351	posthoc_x__y_t	-1.5293340792001764	praat
c0351	posthoc_x__y_cohens_d	-0.6243480233815981	praat
c0351	posthoc_x__y_p	0.14043397284868142	praat
c0351	posthoc_a__b_df	24	praat
c0351	posthoc_a__b_diff	-2.615384615384615	praat
c0351	posthoc_a__x_df	23	praat
c0351	posthoc_a__x_diff	6.878205128205128	praat
c0351	posthoc_a__y_df	23	praat
c0351	posthoc_a__y_diff	5.044871794871795	praat
c0351	posthoc_b__x_df	23	praat
c0351	posthoc_b__x_diff	9.493589743589743	praat
c0351	posthoc_b__y_df	23	praat
c0351	posthoc_b__y_diff	7.66025641025641	praat
c0351	posthoc_x__y_df	22	praat
c0351	posthoc_x__y_diff	-1.8333333333333335	praat
c0352	n	50	praat
c0352	k	4	praat
c0352	posthoc_a__b_padj	0.18173954905685252	praat
c0352	posthoc_a__b_t	-1.3753052069726746	praat
c0352	posthoc_a__b_cohens_d	-0.5394390836538024	praat
c0352	posthoc_a__b_p	0.18173954905685252	praat
c0352	posthoc_a__x_padj	9.687941642064744e-05	praat
c0352	posthoc_a__x_t	5.148566541365337	praat
c0352	posthoc_a__x_cohens_d	2.0610761375286857	praat
c0352	posthoc_a__x_p	3.229313880688248e-05	praat
c0352	posthoc_a__y_padj	0.006445398600201588	praat
c0352	posthoc_a__y_t	3.1677523307278994	praat
c0352	posthoc_a__y_cohens_d	1.268115831078051	praat
c0352	posthoc_a__y_p	0.004296932400134392	praat
c0352	posthoc_b__x_padj	4.3361829332796455e-05	praat
c0352	posthoc_b__x_t	5.760280294549481	praat
c0352	posthoc_b__x_cohens_d	2.3059576224150797	praat
c0352	posthoc_b__x_p	7.226971555466076e-06	praat
c0352	posthoc_b__y_padj	0.0008483940895021464	praat
c0352	posthoc_b__y_t	4.113540819727834	praat
c0352	posthoc_b__y_cohens_d	1.6467342426622067	praat
c0352	posthoc_b__y_p	0.0004241970447510732	praat
c0352	posthoc_x__y_padj	0.1685207674184177	praat
c0352	posthoc_x__y_t	-1.5293340792001764	praat
c0352	posthoc_x__y_cohens_d	-0.6243480233815981	praat
c0352	posthoc_x__y_p	0.14043397284868142	praat
c0352	posthoc_a__b_df	24	praat
c0352	posthoc_a__b_diff	-2.615384615384615	praat
c0352	posthoc_a__x_df	23	praat
c0352	posthoc_a__x_diff	6.878205128205128	praat
c0352	posthoc_a__y_df	23	praat
c0352	posthoc_a__y_diff	5.044871794871795	praat
c0352	posthoc_b__x_df	23	praat
c0352	posthoc_b__x_diff	9.493589743589743	praat
c0352	posthoc_b__y_df	23	praat
c0352	posthoc_b__y_diff	7.66025641025641	praat
c0352	posthoc_x__y_df	22	praat
c0352	posthoc_x__y_diff	-1.8333333333333335	praat
c0353	n	50	praat
c0353	k	4	praat
c0353	posthoc_a__b_padj	0.45538223528392596	praat
c0353	posthoc_a__b_u	49.5	praat
c0353	posthoc_a__b_rank_biserial	-0.41420118343195267	praat
c0353	posthoc_a__b_p	0.07589703921398766	praat
c0353	posthoc_a__x_padj	0.004786861180948908	praat
c0353	posthoc_a__x_u	140	praat
c0353	posthoc_a__x_rank_biserial	0.7948717948717948	praat
c0353	posthoc_a__x_p	0.000797810196824818	praat
c0353	posthoc_a__y_padj	0.06820100653201872	praat
c0353	posthoc_a__y_u	125	praat
c0353	posthoc_a__y_rank_biserial	0.6025641025641025	praat
c0353	posthoc_a__y_p	0.01136683442200312	praat
c0353	posthoc_b__x_padj	0.004775658640331481	praat
c0353	posthoc_b__x_u	140	praat
c0353	posthoc_b__x_rank_biserial	0.7948717948717948	praat
c0353	posthoc_b__x_p	0.0007959431067219136	praat
c0353	posthoc_b__y_padj	0.018027787901741307	praat
c0353	posthoc_b__y_u	133	praat
c0353	posthoc_b__y_rank_biserial	0.7051282051282052	praat
c0353	posthoc_b__y_p	0.0030046313169568846	praat
c0353	posthoc_x__y_padj	1	praat
c0353	posthoc_x__y_u	53	praat
c0353	posthoc_x__y_rank_biserial	-0.2638888888888889	praat
c0353	posthoc_x__y_p	0.2833732426869955	praat
c0353	posthoc_a__b_diff	-3	praat
c0353	posthoc_a__b_ci_low	-7.999948739816282	praat
c0353	posthoc_a__b_ci_high	2.0000522965327776	praat
c0353	posthoc_a__x_diff	8	praat
c0353	posthoc_a__x_ci_low	3.00004393865757	praat
c0353	posthoc_a__x_ci_high	10.999951443494544	praat
c0353	posthoc_a__y_diff	6	praat
c0353	posthoc_a__y_ci_low	-0.1999596961991883	praat
c0353	posthoc_a__y_ci_high	9.999942782498056	praat
c0353	posthoc_b__x_diff	11	praat
c0353	posthoc_b__x_ci_low	5.0000032842665565	praat
c0353	posthoc_b__x_ci_high	14.000009170163944	praat
c0353	posthoc_b__y_diff	9	praat
c0353	posthoc_b__y_ci_low	1.799985947974478	praat
c0353	posthoc_b__y_ci_high	13.59998210667079	praat
c0353	posthoc_x__y_diff	-1	praat
c0353	posthoc_x__y_ci_low	-6.199971434776607	praat
c0353	posthoc_x__y_ci_high	1.9999507934994043	praat
c0354	n	50	praat
c0354	k	4	praat
c0354	posthoc_a__b_padj	0.15179407842797532	praat
c0354	posthoc_a__b_u	49.5	praat
c0354	posthoc_a__b_rank_biserial	-0.41420118343195267	praat
c0354	posthoc_a__b_p	0.07589703921398766	praat
c0354	posthoc_a__x_padj	0.004775658640331481	praat
c0354	posthoc_a__x_u	140	praat
c0354	posthoc_a__x_rank_biserial	0.7948717948717948	praat
c0354	posthoc_a__x_p	0.000797810196824818	praat
c0354	posthoc_a__y_padj	0.03410050326600936	praat
c0354	posthoc_a__y_u	125	praat
c0354	posthoc_a__y_rank_biserial	0.6025641025641025	praat
c0354	posthoc_a__y_p	0.01136683442200312	praat
c0354	posthoc_b__x_padj	0.004775658640331481	praat
c0354	posthoc_b__x_u	140	praat
c0354	posthoc_b__x_rank_biserial	0.7948717948717948	praat
c0354	posthoc_b__x_p	0.0007959431067219136	praat
c0354	posthoc_b__y_padj	0.012018525267827538	praat
c0354	posthoc_b__y_u	133	praat
c0354	posthoc_b__y_rank_biserial	0.7051282051282052	praat
c0354	posthoc_b__y_p	0.0030046313169568846	praat
c0354	posthoc_x__y_padj	0.2833732426869955	praat
c0354	posthoc_x__y_u	53	praat
c0354	posthoc_x__y_rank_biserial	-0.2638888888888889	praat
c0354	posthoc_x__y_p	0.2833732426869955	praat
c0354	posthoc_a__b_diff	-3	praat
c0354	posthoc_a__x_diff	8	praat
c0354	posthoc_a__y_diff	6	praat
c0354	posthoc_b__x_diff	11	praat
c0354	posthoc_b__y_diff	9	praat
c0354	posthoc_x__y_diff	-1	praat
c0355	n	50	praat
c0355	k	4	praat
c0355	posthoc_a__b_padj	0.09107644705678519	praat
c0355	posthoc_a__b_u	49.5	praat
c0355	posthoc_a__b_rank_biserial	-0.41420118343195267	praat
c0355	posthoc_a__b_p	0.07589703921398766	praat
c0355	posthoc_a__x_padj	0.002393430590474454	praat
c0355	posthoc_a__x_u	140	praat
c0355	posthoc_a__x_rank_biserial	0.7948717948717948	praat
c0355	posthoc_a__x_p	0.000797810196824818	praat
c0355	posthoc_a__y_padj	0.01705025163300468	praat
c0355	posthoc_a__y_u	125	praat
c0355	posthoc_a__y_rank_biserial	0.6025641025641025	praat
c0355	posthoc_a__y_p	0.01136683442200312	praat
c0355	posthoc_b__x_padj	0.002393430590474454	praat
c0355	posthoc_b__x_u	140	praat
c0355	posthoc_b__x_rank_biserial	0.7948717948717948	praat
c0355	posthoc_b__x_p	0.0007959431067219136	praat
c0355	posthoc_b__y_padj	0.006009262633913769	praat
c0355	posthoc_b__y_u	133	praat
c0355	posthoc_b__y_rank_biserial	0.7051282051282052	praat
c0355	posthoc_b__y_p	0.0030046313169568846	praat
c0355	posthoc_x__y_padj	0.2833732426869955	praat
c0355	posthoc_x__y_u	53	praat
c0355	posthoc_x__y_rank_biserial	-0.2638888888888889	praat
c0355	posthoc_x__y_p	0.2833732426869955	praat
c0355	posthoc_a__b_diff	-3	praat
c0355	posthoc_a__x_diff	8	praat
c0355	posthoc_a__y_diff	6	praat
c0355	posthoc_b__x_diff	11	praat
c0355	posthoc_b__y_diff	9	praat
c0355	posthoc_x__y_diff	-1	praat
c0356	n	50	praat
c0356	k	4	praat
c0356	posthoc_a__b_padj	0.4463244109370824	praat
c0356	posthoc_a__b_diff	-2.615384615384615	praat
c0356	posthoc_a__b_f	0.9043525110850187	praat
c0356	posthoc_a__x_padj	0.0015332096600119097	praat
c0356	posthoc_a__x_diff	6.878205128205128	praat
c0356	posthoc_a__x_f	6.004655549221476	praat
c0356	posthoc_a__y_padj	0.030829001222084665	praat
c0356	posthoc_a__y_diff	5.044871794871795	praat
c0356	posthoc_a__y_f	3.2302647660796833	praat
c0356	posthoc_b__x_padj	1.0001674247325875e-05	praat
c0356	posthoc_b__x_diff	9.493589743589743	praat
c0356	posthoc_b__x_f	11.439282168777096	praat
c0356	posthoc_b__y_padj	0.0003635269104390348	praat
c0356	posthoc_b__y_diff	7.66025641025641	praat
c0356	posthoc_b__y_f	7.447739300127935	praat
c0356	posthoc_x__y_padj	0.746426776421093	praat
c0356	posthoc_x__y_diff	-1.8333333333333335	praat
c0356	posthoc_x__y_f	0.41019218567956606	praat
c0356	posthoc_a__b_ci_low	-7.222996609612141	praat
c0356	posthoc_a__b_ci_high	1.9922273788429115	praat
c0356	posthoc_a__x_ci_low	2.1755808287946827	praat
c0356	posthoc_a__x_ci_high	11.580829427615573	praat
c0356	posthoc_a__y_ci_low	0.3422474954613497	praat
c0356	posthoc_a__y_ci_high	9.74749609428224	praat
c0356	posthoc_b__x_ci_low	4.790965444179298	praat
c0356	posthoc_b__x_ci_high	14.196214043000188	praat
c0356	posthoc_b__y_ci_low	2.9576321108459647	praat
c0356	posthoc_b__y_ci_high	12.362880709666854	praat
c0356	posthoc_x__y_ci_low	-6.629087946891225	praat
c0356	posthoc_x__y_ci_high	2.9624212802245586	praat
c0357	factor1_name	voice_type	praat
c0357	factor2_name	task	praat
c0357	n	48	praat
c0357	df_within	44	praat
c0357	ms_within	5.759454242386699	praat
c0357	ss_within	253.41598666501474	praat
c0357	ss_total	1810.786369376982	praat
c0357	df_total	47	praat
c0357	voice_type_f	78.19803127967292	praat
c0357	voice_type_df	1	praat
c0357	voice_type_p	2.5707565751695613e-11	praat
c0357	voice_type_ss	450.377983	praat
c0357	voice_type_ms	450.377983	praat
c0357	voice_type_partial_eta_squared	0.63992873257264	praat
c0357	task_f	189.629529819376	praat
c0357	task_df	1	praat
c0357	task_p	1.4765255472878e-17	praat
c0357	task_ss	1092.1626	praat
c0357	task_ms	1092.1626	praat
c0357	task_partial_eta_squared	0.8116676430671356	praat
c0357	voice_type__task_f	2.574861171890235	praat
c0357	voice_type__task_df	1	praat
c0357	voice_type__task_p	0.11572833361942636	praat
c0357	voice_type__task_ss	14.8297951	praat
c0357	voice_type__task_ms	14.8297951	praat
c0357	voice_type__task_partial_eta_squared	0.05528435527456312	praat
c0358	factor1_name	task	praat
c0358	factor2_name	voice_type	praat
c0358	n	48	praat
c0358	df_within	44	praat
c0358	ms_within	5.759454242386699	praat
c0358	ss_within	253.41598666501474	praat
c0358	ss_total	1810.786369376982	praat
c0358	df_total	47	praat
c0358	task_f	189.629529819376	praat
c0358	task_df	1	praat
c0358	task_p	1.4765255472878e-17	praat
c0358	task_ss	1092.1626	praat
c0358	task_ms	1092.1626	praat
c0358	task_partial_eta_squared	0.8116676430671356	praat
c0358	voice_type_f	78.19803127967292	praat
c0358	voice_type_df	1	praat
c0358	voice_type_p	2.5707565751695613e-11	praat
c0358	voice_type_ss	450.377983	praat
c0358	voice_type_ms	450.377983	praat
c0358	voice_type_partial_eta_squared	0.63992873257264	praat
c0358	task__voice_type_f	2.574861171890235	praat
c0358	task__voice_type_df	1	praat
c0358	task__voice_type_p	0.11572833361942636	praat
c0358	task__voice_type_ss	14.8297951	praat
c0358	task__voice_type_ms	14.8297951	praat
c0358	task__voice_type_partial_eta_squared	0.05528435527456312	praat
c0359	refused	1	praat
c0359	refuse_reason	Data column "subject" holds no numbers. 48 cell(s) are not numeric in any locale (row 1: Soprano_1). Unrecognized nonnumeric token; excluded.	praat
c0360	n	20	praat
c0360	mean_group1	2.695592193038029	praat
c0360	mean_group2	1.9671256945495916	praat
c0360	sd_group1	0.8226067124726181	praat
c0360	sd_group2	0.9174741833047945	praat
c0360	median_group1	2.6830411098185585	praat
c0360	median_group2	2.2803311366839587	praat
c0360	mean_diff	0.7284664984884375	praat
c0360	t	7.72596783128442	praat
c0360	df	19	praat
c0360	p	2.801437932051329e-07	praat
c0360	cohens_dz	1.7275789262728587	praat
c0361	n	20	praat
c0361	mean_group1	2.695592193038029	praat
c0361	mean_group2	1.9671256945495916	praat
c0361	sd_group1	0.8226067124726181	praat
c0361	sd_group2	0.9174741833047945	praat
c0361	median_group1	2.6830411098185585	praat
c0361	median_group2	2.2803311366839587	praat
c0361	mean_diff	0.7284664984884375	praat
c0361	w_statistic	207	praat
c0361	rank_biserial	0.9714285714285714	praat
c0361	p	9.5367431640625e-06	praat
c0361	p_method	exact	praat
c0362	n	20	praat
c0362	mean_group1	2.695592193038029	praat
c0362	mean_group2	1.9671256945495916	praat
c0362	sd_group1	0.8226067124726181	praat
c0362	sd_group2	0.9174741833047945	praat
c0362	median_group1	2.6830411098185585	praat
c0362	median_group2	2.2803311366839587	praat
c0362	mean_diff	0.7284664984884375	praat
c0362	t	7.72596783128442	praat
c0362	df	19	praat
c0362	p	2.801437932051329e-07	praat
c0362	cohens_dz	1.7275789262728587	praat
c0362	w_statistic	207	praat
c0362	rank_biserial	0.9714285714285714	praat
c0362	wilcoxon_p	9.5367431640625e-06	praat
c0362	p_method	exact	praat
c0363	n	20	praat
c0363	mean_group1	17.760917585388263	praat
c0363	mean_group2	20.854932330675442	praat
c0363	sd_group1	4.0883562770579305	praat
c0363	sd_group2	4.358590709574023	praat
c0363	median_group1	17.43443154557982	praat
c0363	median_group2	21.28877785191018	praat
c0363	mean_diff	-3.094014745287179	praat
c0363	t	-10.682708315740689	praat
c0363	df	19	praat
c0363	p	1.7978277880875428e-09	praat
c0363	cohens_dz	-2.3887261977798464	praat
c0364	n	20	praat
c0364	mean_group1	17.760917585388263	praat
c0364	mean_group2	20.854932330675442	praat
c0364	sd_group1	4.0883562770579305	praat
c0364	sd_group2	4.358590709574023	praat
c0364	median_group1	17.43443154557982	praat
c0364	median_group2	21.28877785191018	praat
c0364	mean_diff	-3.094014745287179	praat
c0364	w_statistic	0	praat
c0364	rank_biserial	-1	praat
c0364	p	1.9073486328125e-06	praat
c0364	p_method	exact	praat
c0365	n	20	praat
c0365	mean_group1	17.760917585388263	praat
c0365	mean_group2	20.854932330675442	praat
c0365	sd_group1	4.0883562770579305	praat
c0365	sd_group2	4.358590709574023	praat
c0365	median_group1	17.43443154557982	praat
c0365	median_group2	21.28877785191018	praat
c0365	mean_diff	-3.094014745287179	praat
c0365	t	-10.682708315740689	praat
c0365	df	19	praat
c0365	p	1.7978277880875428e-09	praat
c0365	cohens_dz	-2.3887261977798464	praat
c0365	w_statistic	0	praat
c0365	rank_biserial	-1	praat
c0365	wilcoxon_p	1.9073486328125e-06	praat
c0365	p_method	exact	praat
c0366	n	20	praat
c0366	mean_group1	72.46457	praat
c0366	mean_group2	83.354605	praat
c0366	sd_group1	2.7435289036874426	praat
c0366	sd_group2	3.674522263752908	praat
c0366	median_group1	72.9915	praat
c0366	median_group2	83.47055	praat
c0366	mean_diff	-10.890035000000012	praat
c0366	t	-16.121390465581012	praat
c0366	df	19	praat
c0366	p	1.538445482638607e-12	praat
c0366	cohens_dz	-3.604852497285613	praat
c0367	n	20	praat
c0367	mean_group1	72.46457	praat
c0367	mean_group2	83.354605	praat
c0367	sd_group1	2.7435289036874426	praat
c0367	sd_group2	3.674522263752908	praat
c0367	median_group1	72.9915	praat
c0367	median_group2	83.47055	praat
c0367	mean_diff	-10.890035000000012	praat
c0367	w_statistic	0	praat
c0367	rank_biserial	-1	praat
c0367	p	1.9073486328125e-06	praat
c0367	p_method	exact	praat
c0368	n	20	praat
c0368	mean_group1	72.46457	praat
c0368	mean_group2	83.354605	praat
c0368	sd_group1	2.7435289036874426	praat
c0368	sd_group2	3.674522263752908	praat
c0368	median_group1	72.9915	praat
c0368	median_group2	83.47055	praat
c0368	mean_diff	-10.890035000000012	praat
c0368	t	-16.121390465581012	praat
c0368	df	19	praat
c0368	p	1.538445482638607e-12	praat
c0368	cohens_dz	-3.604852497285613	praat
c0368	w_statistic	0	praat
c0368	rank_biserial	-1	praat
c0368	wilcoxon_p	1.9073486328125e-06	praat
c0368	p_method	exact	praat
c0369	n	20	praat
c0369	mean_group1	83.354605	praat
c0369	mean_group2	94.129405	praat
c0369	sd_group1	3.674522263752908	praat
c0369	sd_group2	2.7484903702281436	praat
c0369	median_group1	83.47055	praat
c0369	median_group2	94.7059	praat
c0369	mean_diff	-10.774799999999999	praat
c0369	t	-15.011359066653755	praat
c0369	df	19	praat
c0369	p	5.431213120434684e-12	praat
c0369	cohens_dz	-3.356641930769559	praat
c0370	n	20	praat
c0370	mean_group1	83.354605	praat
c0370	mean_group2	94.129405	praat
c0370	sd_group1	3.674522263752908	praat
c0370	sd_group2	2.7484903702281436	praat
c0370	median_group1	83.47055	praat
c0370	median_group2	94.7059	praat
c0370	mean_diff	-10.774799999999999	praat
c0370	w_statistic	0	praat
c0370	rank_biserial	-1	praat
c0370	p	1.9073486328125e-06	praat
c0370	p_method	exact	praat
c0371	n	20	praat
c0371	mean_group1	83.354605	praat
c0371	mean_group2	94.129405	praat
c0371	sd_group1	3.674522263752908	praat
c0371	sd_group2	2.7484903702281436	praat
c0371	median_group1	83.47055	praat
c0371	median_group2	94.7059	praat
c0371	mean_diff	-10.774799999999999	praat
c0371	t	-15.011359066653755	praat
c0371	df	19	praat
c0371	p	5.431213120434684e-12	praat
c0371	cohens_dz	-3.356641930769559	praat
c0371	w_statistic	0	praat
c0371	rank_biserial	-1	praat
c0371	wilcoxon_p	1.9073486328125e-06	praat
c0371	p_method	exact	praat
c0372	n	20	praat
c0372	mean_group1	72.46457	praat
c0372	mean_group2	94.129405	praat
c0372	sd_group1	2.7435289036874426	praat
c0372	sd_group2	2.7484903702281436	praat
c0372	median_group1	72.9915	praat
c0372	median_group2	94.7059	praat
c0372	mean_diff	-21.66483500000001	praat
c0372	t	-44.607819307312695	praat
c0372	df	19	praat
c0372	p	1.0687107473120863e-20	praat
c0372	cohens_dz	-9.974611629917876	praat
c0373	n	20	praat
c0373	mean_group1	72.46457	praat
c0373	mean_group2	94.129405	praat
c0373	sd_group1	2.7435289036874426	praat
c0373	sd_group2	2.7484903702281436	praat
c0373	median_group1	72.9915	praat
c0373	median_group2	94.7059	praat
c0373	mean_diff	-21.66483500000001	praat
c0373	w_statistic	0	praat
c0373	rank_biserial	-1	praat
c0373	p	1.9073486328125e-06	praat
c0373	p_method	exact	praat
c0374	n	20	praat
c0374	mean_group1	72.46457	praat
c0374	mean_group2	94.129405	praat
c0374	sd_group1	2.7435289036874426	praat
c0374	sd_group2	2.7484903702281436	praat
c0374	median_group1	72.9915	praat
c0374	median_group2	94.7059	praat
c0374	mean_diff	-21.66483500000001	praat
c0374	t	-44.607819307312695	praat
c0374	df	19	praat
c0374	p	1.0687107473120863e-20	praat
c0374	cohens_dz	-9.974611629917876	praat
c0374	w_statistic	0	praat
c0374	rank_biserial	-1	praat
c0374	wilcoxon_p	1.9073486328125e-06	praat
c0374	p_method	exact	praat
c0375	refused	1	praat
c0375	refuse_reason	No paired test could be run on these two columns. "soft" and "medium" give n = 4 complete pairs, and every one of those pairs has the same difference, so there is no variation in the differences for a paired test to work on. Paired t-test: All differences are identical (zero variance).	praat
c0376	n	4	praat
c0376	mean_group1	66.075	praat
c0376	mean_group2	76.075	praat
c0376	sd_group1	4.711952886012334	praat
c0376	sd_group2	4.711952886012334	praat
c0376	median_group1	66.5	praat
c0376	median_group2	76.5	praat
c0376	mean_diff	-10	praat
c0376	w_statistic	0	praat
c0376	rank_biserial	-1	praat
c0376	p	0.07186063822585156	praat
c0376	p_method	normal approximation (ties present)	praat
c0377	n	4	praat
c0377	mean_group1	66.075	praat
c0377	mean_group2	76.075	praat
c0377	sd_group1	4.711952886012334	praat
c0377	sd_group2	4.711952886012334	praat
c0377	median_group1	66.5	praat
c0377	median_group2	76.5	praat
c0377	mean_diff	-10	praat
c0377	t_undefined	1	praat
c0377	df_undefined	1	praat
c0377	cohens_dz_undefined	1	praat
c0377	w_statistic	0	praat
c0377	rank_biserial	-1	praat
c0377	p	0.07186063822585156	praat
c0377	wilcoxon_p_undefined	1	praat
c0377	p_method	normal approximation (ties present)	praat
c0378	n	2	praat
c0378	mean_group1	11	praat
c0378	mean_group2	15.5	praat
c0378	sd_group1	1.4142135623730951	praat
c0378	sd_group2	2.1213203435596424	praat
c0378	median_group1	11	praat
c0378	median_group2	15.5	praat
c0378	mean_diff	-4.5	praat
c0378	t	-9	praat
c0378	df	1	praat
c0378	p	0.07044657495455449	praat
c0378	cohens_dz	-6.363961030678928	praat
c0379	n	2	praat
c0379	mean_group1	11	praat
c0379	mean_group2	15.5	praat
c0379	sd_group1	1.4142135623730951	praat
c0379	sd_group2	2.1213203435596424	praat
c0379	median_group1	11	praat
c0379	median_group2	15.5	praat
c0379	mean_diff	-4.5	praat
c0379	w_statistic	0	praat
c0379	rank_biserial	-1	praat
c0379	p	0.5	praat
c0379	p_method	exact	praat
c0380	n	2	praat
c0380	mean_group1	11	praat
c0380	mean_group2	15.5	praat
c0380	sd_group1	1.4142135623730951	praat
c0380	sd_group2	2.1213203435596424	praat
c0380	median_group1	11	praat
c0380	median_group2	15.5	praat
c0380	mean_diff	-4.5	praat
c0380	t	-9	praat
c0380	df	1	praat
c0380	p	0.07044657495455449	praat
c0380	cohens_dz	-6.363961030678928	praat
c0380	w_statistic	0	praat
c0380	rank_biserial	-1	praat
c0380	wilcoxon_p	0.5	praat
c0380	p_method	exact	praat
c0381	refused	1	praat
c0381	refuse_reason	No paired test could be run on these two columns. "SPL_soft" and "SPL_medium" give n = 4 complete pairs, and every one of those pairs has the same difference, so there is no variation in the differences for a paired test to work on. Paired t-test: All differences are identical (zero variance). Assessed on 4 of 5 rows. N excluded 1 -- a row is used only when every column in the comparison has a value, which is what keeps the pairing intact. Treated as missing data.	praat
c0382	n	4	praat
c0382	mean_group1	72.3	praat
c0382	mean_group2	82.3	praat
c0382	sd_group1	2.008316044185612	praat
c0382	sd_group2	2.008316044185612	praat
c0382	median_group1	72.30000000000001	praat
c0382	median_group2	82.30000000000001	praat
c0382	mean_diff	-10	praat
c0382	w_statistic	0	praat
c0382	rank_biserial	-1	praat
c0382	p	0.07186063822585156	praat
c0382	p_method	normal approximation (ties present)	praat
c0383	n	4	praat
c0383	mean_group1	72.3	praat
c0383	mean_group2	82.3	praat
c0383	sd_group1	2.008316044185612	praat
c0383	sd_group2	2.008316044185612	praat
c0383	median_group1	72.30000000000001	praat
c0383	median_group2	82.30000000000001	praat
c0383	mean_diff	-10	praat
c0383	t_undefined	1	praat
c0383	df_undefined	1	praat
c0383	cohens_dz_undefined	1	praat
c0383	w_statistic	0	praat
c0383	rank_biserial	-1	praat
c0383	p	0.07186063822585156	praat
c0383	wilcoxon_p_undefined	1	praat
c0383	p_method	normal approximation (ties present)	praat
c0384	refused	1	praat
c0384	refuse_reason	No paired test could be run on these two columns. "SPL_soft" and "SPL_medium" give n = 6 complete pairs, and every one of those pairs has the same difference, so there is no variation in the differences for a paired test to work on. Paired t-test: All differences are identical (zero variance). Wilcoxon signed-rank: All differences are zero; cannot perform test.	praat
c0385	n	30	praat
c0385	r	0.9680479961901461	praat
c0385	t	20.427208112165175	praat
c0385	df	28	praat
c0385	p	2.3285947015000792e-18	praat
c0385	p_method	t distribution	praat
c0386	n	30	praat
c0386	rho	0.9449327013639451	praat
c0386	spearman_t	15.278500022512516	praat
c0386	spearman_df	28	praat
c0386	spearman_p_asymptotic	4.116608996942006e-15	praat
c0386	p	4.116608996942006e-15	praat
c0386	p_method	t approximation (ties present)	praat
c0387	n	30	praat
c0387	r	0.9680479961901461	praat
c0387	t	20.427208112165175	praat
c0387	df	28	praat
c0387	p	2.3285947015000792e-18	praat
c0387	p_method	t distribution	praat
c0387	rho	0.9449327013639451	praat
c0387	spearman_t	15.278500022512516	praat
c0387	spearman_df	28	praat
c0387	spearman_p_asymptotic	4.116608996942006e-15	praat
c0387	spearman_p_method	t approximation (ties present)	praat
c0388	n	30	praat
c0388	r	-0.01583735745759046	praat
c0388	t	-0.0838139303578908	praat
c0388	df	28	praat
c0388	p	0.933800741142079	praat
c0388	p_method	t distribution	praat
c0389	n	30	praat
c0389	rho	-0.054108228505158736	praat
c0389	spearman_t	-0.28673387612001044	praat
c0389	spearman_df	28	praat
c0389	spearman_p_asymptotic	0.7764272142522347	praat
c0389	p	0.7764272142522347	praat
c0389	p_method	t approximation (ties present)	praat
c0390	n	30	praat
c0390	r	-0.01583735745759046	praat
c0390	t	-0.0838139303578908	praat
c0390	df	28	praat
c0390	p	0.933800741142079	praat
c0390	p_method	t distribution	praat
c0390	rho	-0.054108228505158736	praat
c0390	spearman_t	-0.28673387612001044	praat
c0390	spearman_df	28	praat
c0390	spearman_p_asymptotic	0.7764272142522347	praat
c0390	spearman_p_method	t approximation (ties present)	praat
c0391	n	30	praat
c0391	r	0.008413924306855867	praat
c0391	t	0.044523878574469634	praat
c0391	df	28	praat
c0391	p	0.9648028373847786	praat
c0391	p_method	t distribution	praat
c0392	n	30	praat
c0392	rho	-0.07480799332398994	praat
c0392	spearman_t	-0.3969589892479902	praat
c0392	spearman_df	28	praat
c0392	spearman_p_asymptotic	0.6944073363970094	praat
c0392	p	0.6944073363970094	praat
c0392	p_method	t approximation (ties present)	praat
c0393	n	30	praat
c0393	r	0.008413924306855867	praat
c0393	t	0.044523878574469634	praat
c0393	df	28	praat
c0393	p	0.9648028373847786	praat
c0393	p_method	t distribution	praat
c0393	rho	-0.07480799332398994	praat
c0393	spearman_t	-0.3969589892479902	praat
c0393	spearman_df	28	praat
c0393	spearman_p_asymptotic	0.6944073363970094	praat
c0393	spearman_p_method	t approximation (ties present)	praat
c0394	n	25	praat
c0394	r	0.900032864111861	praat
c0394	t	9.90405639333126	praat
c0394	df	23	praat
c0394	p	9.166854032696408e-10	praat
c0394	p_method	t distribution	praat
c0395	n	25	praat
c0395	rho	0.9013504207202551	praat
c0395	spearman_t	9.981110933576453	praat
c0395	spearman_df	23	praat
c0395	spearman_p_asymptotic	7.922169279800295e-10	praat
c0395	p	7.922169279800295e-10	praat
c0395	p_method	t approximation (ties present)	praat
c0396	n	25	praat
c0396	r	0.900032864111861	praat
c0396	t	9.90405639333126	praat
c0396	df	23	praat
c0396	p	9.166854032696408e-10	praat
c0396	p_method	t distribution	praat
c0396	rho	0.9013504207202551	praat
c0396	spearman_t	9.981110933576453	praat
c0396	spearman_df	23	praat
c0396	spearman_p_asymptotic	7.922169279800295e-10	praat
c0396	spearman_p_method	t approximation (ties present)	praat
c0397	n	25	praat
c0397	r	0.8946870525294185	praat
c0397	t	9.605620907332497	praat
c0397	df	23	praat
c0397	p	1.6243194684226865e-09	praat
c0397	p_method	t distribution	praat
c0398	n	25	praat
c0398	rho	0.9325391175719795	praat
c0398	spearman_t	12.386277932173256	praat
c0398	spearman_df	23	praat
c0398	spearman_p_asymptotic	1.1713696502980411e-11	praat
c0398	p	1.1713696502980411e-11	praat
c0398	p_method	t approximation (ties present)	praat
c0399	n	25	praat
c0399	r	0.8946870525294185	praat
c0399	t	9.605620907332497	praat
c0399	df	23	praat
c0399	p	1.6243194684226865e-09	praat
c0399	p_method	t distribution	praat
c0399	rho	0.9325391175719795	praat
c0399	spearman_t	12.386277932173256	praat
c0399	spearman_df	23	praat
c0399	spearman_p_asymptotic	1.1713696502980411e-11	praat
c0399	spearman_p_method	t approximation (ties present)	praat
c0400	n	25	praat
c0400	r	0.7823363620452147	praat
c0400	t	6.023787719226123	praat
c0400	df	23	praat
c0400	p	3.832198274103601e-06	praat
c0400	p_method	t distribution	praat
c0401	n	25	praat
c0401	rho	0.809772173189286	praat
c0401	spearman_t	6.618777628668466	praat
c0401	spearman_df	23	praat
c0401	spearman_p_asymptotic	9.41027133001808e-07	praat
c0401	p	9.41027133001808e-07	praat
c0401	p_method	t approximation (ties present)	praat
c0402	n	25	praat
c0402	r	0.7823363620452147	praat
c0402	t	6.023787719226123	praat
c0402	df	23	praat
c0402	p	3.832198274103601e-06	praat
c0402	p_method	t distribution	praat
c0402	rho	0.809772173189286	praat
c0402	spearman_t	6.618777628668466	praat
c0402	spearman_df	23	praat
c0402	spearman_p_asymptotic	9.41027133001808e-07	praat
c0402	spearman_p_method	t approximation (ties present)	praat
c0403	n	25	praat
c0403	r	-0.9852265176044432	praat
c0403	t	-27.59011668133	praat
c0403	df	23	praat
c0403	p	3.9460844976744924e-19	praat
c0403	p_method	t distribution	praat
c0404	n	25	praat
c0404	rho	-0.9792307692307692	praat
c0404	spearman_t	-23.162772757819912	praat
c0404	spearman_df	23	praat
c0404	spearman_p_asymptotic	1.9265215950050128e-17	praat
c0404	p	6.339362660590996e-07	praat
c0404	p_method	exact	praat
c0405	n	25	praat
c0405	r	-0.9852265176044432	praat
c0405	t	-27.59011668133	praat
c0405	df	23	praat
c0405	p	3.9460844976744924e-19	praat
c0405	p_method	t distribution	praat
c0405	rho	-0.9792307692307692	praat
c0405	spearman_t	-23.162772757819912	praat
c0405	spearman_df	23	praat
c0405	spearman_p_asymptotic	1.9265215950050128e-17	praat
c0405	spearman_p_method	exact	praat
c0406	n	40	praat
c0406	r	0.14609440683124347	praat
c0406	t	0.9103539104980043	praat
c0406	df	38	praat
c0406	p	0.36837451086680795	praat
c0406	p_method	t distribution	praat
c0407	n	40	praat
c0407	rho	0.2519699812382739	praat
c0407	spearman_t	1.6050336085093366	praat
c0407	spearman_df	38	praat
c0407	spearman_p_asymptotic	0.11676629054937737	praat
c0407	p	0.11668526186103235	praat
c0407	p_method	exact	praat
c0408	n	40	praat
c0408	r	0.14609440683124347	praat
c0408	t	0.9103539104980043	praat
c0408	df	38	praat
c0408	p	0.36837451086680795	praat
c0408	p_method	t distribution	praat
c0408	rho	0.2519699812382739	praat
c0408	spearman_t	1.6050336085093366	praat
c0408	spearman_df	38	praat
c0408	spearman_p_asymptotic	0.11676629054937737	praat
c0408	spearman_p_method	exact	praat
c0409	n	40	praat
c0409	r	-0.10742636713545867	praat
c0409	t	-0.6660751498500028	praat
c0409	df	38	praat
c0409	p	0.5093867100678992	praat
c0409	p_method	t distribution	praat
c0410	n	40	praat
c0410	rho	-0.07298311444652908	praat
c0410	spearman_t	-0.45110113978177746	praat
c0410	spearman_df	38	praat
c0410	spearman_p_asymptotic	0.6544804833788312	praat
c0410	p	0.65345608803343	praat
c0410	p_method	exact	praat
c0411	n	40	praat
c0411	r	-0.10742636713545867	praat
c0411	t	-0.6660751498500028	praat
c0411	df	38	praat
c0411	p	0.5093867100678992	praat
c0411	p_method	t distribution	praat
c0411	rho	-0.07298311444652908	praat
c0411	spearman_t	-0.45110113978177746	praat
c0411	spearman_df	38	praat
c0411	spearman_p_asymptotic	0.6544804833788312	praat
c0411	spearman_p_method	exact	praat
c0412	n	40	praat
c0412	r	-0.05245692496804755	praat
c0412	t	-0.32381203121143615	praat
c0412	df	38	praat
c0412	p	0.7478558818054126	praat
c0412	p_method	t distribution	praat
c0413	n	40	praat
c0413	rho	-0.031332082551594746	praat
c0413	spearman_t	-0.193238802921662	praat
c0413	spearman_df	38	praat
c0413	spearman_p_asymptotic	0.8478011248622921	praat
c0413	p	0.8475392800987146	praat
c0413	p_method	exact	praat
c0414	n	40	praat
c0414	r	-0.05245692496804755	praat
c0414	t	-0.32381203121143615	praat
c0414	df	38	praat
c0414	p	0.7478558818054126	praat
c0414	p_method	t distribution	praat
c0414	rho	-0.031332082551594746	praat
c0414	spearman_t	-0.193238802921662	praat
c0414	spearman_df	38	praat
c0414	spearman_p_asymptotic	0.8478011248622921	praat
c0414	spearman_p_method	exact	praat
c0415	n	20	praat
c0415	r	0.6871884645534315	praat
c0415	t	4.013182727987944	praat
c0415	df	18	praat
c0415	p	0.000815531221969918	praat
c0415	p_method	t distribution	praat
c0416	n	20	praat
c0416	rho	0.6210526315789474	praat
c0416	spearman_t	3.36183700555932	praat
c0416	spearman_df	18	praat
c0416	spearman_p_asymptotic	0.003472810272541153	praat
c0416	p	0.004222076026557867	praat
c0416	p_method	exact	praat
c0417	n	20	praat
c0417	r	0.6871884645534315	praat
c0417	t	4.013182727987944	praat
c0417	df	18	praat
c0417	p	0.000815531221969918	praat
c0417	p_method	t distribution	praat
c0417	rho	0.6210526315789474	praat
c0417	spearman_t	3.36183700555932	praat
c0417	spearman_df	18	praat
c0417	spearman_p_asymptotic	0.003472810272541153	praat
c0417	spearman_p_method	exact	praat
c0418	refused	1	praat
c0418	refuse_reason	Need at least 3 complete pairs for correlation.	praat
c0419	refused	1	praat
c0419	refuse_reason	No correlation could be computed. Pearson: One or both variables have zero variance Spearman: One or both variables have zero variance	praat
c0420	n	45	praat
c0420	mean	88.95182018331927	praat
c0420	sd	5.4387513398193805	praat
c0420	variance	29.58001613638711	praat
c0420	sem	0.8107611805702796	praat
c0420	median	90.09188647004873	praat
c0420	q1	86.2329947278319	praat
c0420	q3	92.23369751674821	praat
c0420	iqr	6.000702788916314	praat
c0420	min	77.73550825444009	praat
c0420	max	99.7279365967753	praat
c0420	range	21.992428342335202	praat
c0420	skewness	-0.4223081701411346	praat
c0420	kurtosis	-0.2855629514765563	praat
c0420	ci_low	87.31783838938019	praat
c0420	ci_high	90.58580197725836	praat
c0421	n	45	praat
c0421	mean	5.4485270685188905	praat
c0421	sd	0.7079905797345153	praat
c0421	variance	0.501250660992815	praat
c0421	sem	0.10554100424772407	praat
c0421	median	5.367907928937989	praat
c0421	q1	4.96314245756826	praat
c0421	q3	5.91351467209776	praat
c0421	iqr	0.9503722145294997	praat
c0421	min	4.177177909358892	praat
c0421	max	7.055488601279325	praat
c0421	range	2.8783106919204338	praat
c0421	skewness	0.3424908631755928	praat
c0421	kurtosis	-0.548350379661203	praat
c0421	ci_low	5.235823150783796	praat
c0421	ci_high	5.661230986253985	praat
c0422	n	45	praat
c0422	mean	88.70521164294013	praat
c0422	sd	4.936072279721215	praat
c0422	variance	24.364809550632195	praat
c0422	sem	0.7358262106205996	praat
c0422	median	88.83189418153206	praat
c0422	q1	85.5653638247647	praat
c0422	q3	92.48594015063962	praat
c0422	iqr	6.920576325874919	praat
c0422	min	77.57691753621832	praat
c0422	max	97.48598869792441	praat
c0422	range	19.909071161706095	praat
c0422	skewness	-0.26905394016754197	praat
c0422	kurtosis	-0.5554547085119124	praat
c0422	ci_low	87.22225135762955	praat
c0422	ci_high	90.18817192825071	praat
c0423	n	45	praat
c0423	mean	5.481634452200578	praat
c0423	sd	0.690931814781778	praat
c0423	variance	0.4773867726776412	praat
c0423	sem	0.10299803371128997	praat
c0423	median	5.2390480332275216	praat
c0423	q1	4.952137561994918	praat
c0423	q3	5.960769755654502	praat
c0423	iqr	1.008632193659584	praat
c0423	min	4.3260194571088455	praat
c0423	max	7.100546491205053	praat
c0423	range	2.7745270340962076	praat
c0423	skewness	0.4212380658752314	praat
c0423	kurtosis	-0.7819929808732446	praat
c0423	ci_low	5.274055554827378	praat
c0423	ci_high	5.689213349573778	praat
c0424	n	45	praat
c0424	mean	88.3271910247897	praat
c0424	sd	5.194975343633692	praat
c0424	variance	26.987768820961993	praat
c0424	sem	0.7744212006533508	praat
c0424	median	88.96669527819462	praat
c0424	q1	84.24699420596622	praat
c0424	q3	92.31094893075537	praat
c0424	iqr	8.063954724789156	praat
c0424	min	75.19634145925214	praat
c0424	max	101.21213563576504	praat
c0424	range	26.015794176512898	praat
c0424	skewness	-0.04056262253311576	praat
c0424	kurtosis	0.1403933614946533	praat
c0424	ci_low	86.76644764803113	praat
c0424	ci_high	89.88793440154826	praat
c0425	n	45	praat
c0425	mean	5.47007406148198	praat
c0425	sd	0.5643535417513099	praat
c0425	variance	0.3184949200872475	praat
c0425	sem	0.08412885884657964	praat
c0425	median	5.320846521691661	praat
c0425	q1	5.04705625211928	praat
c0425	q3	5.857030463670996	praat
c0425	iqr	0.8099742115517161	praat
c0425	min	4.436081124082333	praat
c0425	max	6.708790095148004	praat
c0425	range	2.272708971065671	praat
c0425	skewness	0.4604029472299116	praat
c0425	kurtosis	-0.44952614112711364	praat
c0425	ci_low	5.300523487287627	praat
c0425	ci_high	5.639624635676332	praat
c0426	n	40	praat
c0426	mean	128.79381732267308	praat
c0426	sd	21.44828673326018	praat
c0426	variance	460.02900379214464	praat
c0426	sem	3.3912718992737245	praat
c0426	median	128.2459923633117	praat
c0426	q1	118.18747548603169	praat
c0426	q3	141.90953872004383	praat
c0426	iqr	23.72206323401214	praat
c0426	min	71.3552465885914	praat
c0426	max	173.26340520585322	praat
c0426	range	101.90815861726182	praat
c0426	skewness	-0.2904708368822012	praat
c0426	kurtosis	0.6132407744365711	praat
c0426	ci_low	121.9343224446363	praat
c0426	ci_high	135.65331220070985	praat
c0427	n	40	praat
c0427	mean	1.470343463480067	praat
c0427	sd	0.9262539473299057	praat
c0427	variance	0.8579463749442318	praat
c0427	sem	0.14645360826420697	praat
c0427	median	1.1891909784883135	praat
c0427	q1	0.7293869811230516	praat
c0427	q3	2.336288354511908	praat
c0427	iqr	1.6069013733888564	praat
c0427	min	0.1	praat
c0427	max	3.97922199189776	praat
c0427	range	3.8792219918977597	praat
c0427	skewness	0.7853474367412737	praat
c0427	kurtosis	-0.2800389433755135	praat
c0427	ci_low	1.1741130798374348	praat
c0427	ci_high	1.766573847122699	praat
c0428	n	48	praat
c0428	mean	92.19736231257816	praat
c0428	sd	6.207041933257127	praat
c0428	variance	38.527369561212375	praat
c0428	sem	0.8959093327593244	praat
c0428	median	92.02076063700434	praat
c0428	q1	88.1651766878954	praat
c0428	q3	97.88075348950792	praat
c0428	iqr	9.715576801612528	praat
c0428	min	80.67468992409745	praat
c0428	max	106.53339123537664	praat
c0428	range	25.85870131127919	praat
c0428	skewness	0.22977700022324085	praat
c0428	kurtosis	-0.5651729255961531	praat
c0428	ci_low	90.39502521123762	praat
c0428	ci_high	93.9996994139187	praat
c0429	n	30	praat
c0429	mean	152.08158962934505	praat
c0429	sd	43.96679880380095	praat
c0429	variance	1933.0793970539125	praat
c0429	sem	8.027202495377644	praat
c0429	median	146.68312810237848	praat
c0429	q1	119.92165605605403	praat
c0429	q3	185.69174493683806	praat
c0429	iqr	65.77008888078403	praat
c0429	min	80	praat
c0429	max	257.27054684740216	praat
c0429	range	177.27054684740216	praat
c0429	skewness	0.5379465686426362	praat
c0429	kurtosis	-0.21399578468970093	praat
c0429	ci_low	135.66411714239706	praat
c0429	ci_high	168.49906211629303	praat
c0430	n	30	praat
c0430	mean	325.14277269871354	praat
c0430	sd	90.33840289649486	praat
c0430	variance	8161.02703788943	praat
c0430	sem	16.493460358466756	praat
c0430	median	295.3789183617973	praat
c0430	q1	260.90679328975756	praat
c0430	q3	403.9595899455594	praat
c0430	iqr	143.05279665580184	praat
c0430	min	192.92610581806076	praat
c0430	max	511.9177950148535	praat
c0430	range	318.9916891967927	praat
c0430	skewness	0.4879022750389395	praat
c0430	kurtosis	-0.8803363776581947	praat
c0430	ci_low	291.4098586722366	praat
c0430	ci_high	358.87568672519046	praat
c0431	n	30	praat
c0431	mean	42.9	praat
c0431	sd	13.64159460797292	praat
c0431	variance	186.09310344827583	praat
c0431	sem	2.490603029042537	praat
c0431	median	46	praat
c0431	q1	30.25	praat
c0431	q3	54.5	praat
c0431	iqr	24.25	praat
c0431	min	23	praat
c0431	max	65	praat
c0431	range	42	praat
c0431	skewness	-0.08065535265373715	praat
c0431	kurtosis	-1.5057194323747296	praat
c0431	ci_low	37.8061448582167	praat
c0431	ci_high	47.9938551417833	praat
c0432	n	25	praat
c0432	mean	12.316351446257157	praat
c0432	sd	5.453601489798855	praat
c0432	variance	29.741769209536287	praat
c0432	sem	1.090720297959771	praat
c0432	median	12.00793862171911	praat
c0432	q1	9.441194418280608	praat
c0432	q3	15.560725659071393	praat
c0432	iqr	6.119531240790785	praat
c0432	min	1.8588664833914819	praat
c0432	max	22.555956255221613	praat
c0432	range	20.697089771830132	praat
c0432	skewness	0.08291522774118422	praat
c0432	kurtosis	-0.45158542591551676	praat
c0432	ci_low	10.065215392159493	praat
c0432	ci_high	14.56748750035482	praat
c0433	n	25	praat
c0433	mean	79.35474662700702	praat
c0433	sd	15.888951567380591	praat
c0433	variance	252.45878191056613	praat
c0433	sem	3.1777903134761183	praat
c0433	median	79.48143235979371	praat
c0433	q1	71.79068633953113	praat
c0433	q3	89.46372210407873	praat
c0433	iqr	17.673035764547592	praat
c0433	min	46.092069658324995	praat
c0433	max	100	praat
c0433	range	53.907930341675005	praat
c0433	skewness	-0.48513830175706607	praat
c0433	kurtosis	-0.30377329491830407	praat
c0433	ci_low	72.79610976986818	praat
c0433	ci_high	85.91338348414585	praat
c0434	n	25	praat
c0434	mean	10.28	praat
c0434	sd	5.465955238260433	praat
c0434	variance	29.876666666666665	praat
c0434	sem	1.0931910476520865	praat
c0434	median	11	praat
c0434	q1	7	praat
c0434	q3	13	praat
c0434	iqr	6	praat
c0434	min	1	praat
c0434	max	22	praat
c0434	range	21	praat
c0434	skewness	0.20748380341588477	praat
c0434	kurtosis	-0.36841365645028823	praat
c0434	ci_low	8.023764569166223	praat
c0434	ci_high	12.536235430833775	praat
c0435	n	25	praat
c0435	mean	8.95	praat
c0435	sd	4.410782243548189	praat
c0435	variance	19.454999999999995	praat
c0435	sem	0.8821564487096378	praat
c0435	median	8.95	praat
c0435	q1	5.35	praat
c0435	q3	12.55	praat
c0435	iqr	7.200000000000001	praat
c0435	min	1.75	praat
c0435	max	16.15	praat
c0435	range	14.399999999999999	praat
c0435	skewness	6.436075505073371e-16	praat
c0435	kurtosis	-1.2053457286260638	praat
c0435	ci_low	7.12931857437729	praat
c0435	ci_high	10.770681425622708	praat
c0436	n	25	praat
c0436	mean	83.225	praat
c0436	sd	18.62432907068959	praat
c0436	variance	346.8656333333334	praat
c0436	sem	3.7248658141379183	praat
c0436	median	82.61	praat
c0436	q1	69.85	praat
c0436	q3	99.065	praat
c0436	iqr	29.215000000000003	praat
c0436	min	49.785	praat
c0436	max	112.75	praat
c0436	range	62.965	praat
c0436	skewness	-0.06801407970898665	praat
c0436	kurtosis	-1.095847156424401	praat
c0436	ci_low	75.53725480394334	praat
c0436	ci_high	90.91274519605665	praat
c0437	n	40	praat
c0437	mean	185.67052075563788	praat
c0437	sd	26.714648514367326	praat
c0437	variance	713.6724452461884	praat
c0437	sem	4.223956809811709	praat
c0437	median	188.2082198355006	praat
c0437	q1	167.27906930695468	praat
c0437	q3	205.00875026631795	praat
c0437	iqr	37.729680959363264	praat
c0437	min	128.39982089352122	praat
c0437	max	231.25158234305874	praat
c0437	range	102.85176144953752	praat
c0437	skewness	-0.17244944259029799	praat
c0437	kurtosis	-0.6948743053319233	praat
c0437	ci_low	177.1267616698043	praat
c0437	ci_high	194.21427984147147	praat
c0438	n	40	praat
c0438	mean	2.213541094245277	praat
c0438	sd	1.0983865823336167	praat
c0438	variance	1.206453084250523	praat
c0438	sem	0.17367016757711462	praat
c0438	median	2.015006016169768	praat
c0438	q1	1.2955177517393974	praat
c0438	q3	2.894430235875636	praat
c0438	iqr	1.5989124841362388	praat
c0438	min	0.6363979204596882	praat
c0438	max	5.159617605981334	praat
c0438	range	4.523219685521646	praat
c0438	skewness	0.9125091302287311	praat
c0438	kurtosis	0.451287536621491	praat
c0438	ci_low	1.8622600232057849	praat
c0438	ci_high	2.5648221652847694	praat
c0439	n	40	praat
c0439	mean	1.189425350463762	praat
c0439	sd	0.5219768541959805	praat
c0439	variance	0.27245983631633186	praat
c0439	sem	0.08253178725744582	praat
c0439	median	1.2134480152712586	praat
c0439	q1	0.722267490809164	praat
c0439	q3	1.456572000623502	praat
c0439	iqr	0.7343045098143379	praat
c0439	min	0.12353686037238448	praat
c0439	max	2.541324186295038	praat
c0439	range	2.4177873259226534	praat
c0439	skewness	0.33302695670137267	praat
c0439	kurtosis	0.3056215695790545	praat
c0439	ci_low	1.0224890537637208	praat
c0439	ci_high	1.3563616471638031	praat
c0440	n	20	praat
c0440	mean	2.695592193038029	praat
c0440	sd	0.8226067124726181	praat
c0440	variance	0.6766818034050085	praat
c0440	sem	0.1839404527836398	praat
c0440	median	2.6830411098185585	praat
c0440	q1	2.0158327530486386	praat
c0440	q3	3.1857961005597226	praat
c0440	iqr	1.169963347511084	praat
c0440	min	1.4549649920127161	praat
c0440	max	4.190975503207142	praat
c0440	range	2.7360105111944257	praat
c0440	skewness	0.26863132717661964	praat
c0440	kurtosis	-1.0466612373257256	praat
c0440	ci_low	2.310600400783115	praat
c0440	ci_high	3.080583985292943	praat
c0441	n	20	praat
c0441	mean	1.9671256945495916	praat
c0441	sd	0.9174741833047945	praat
c0441	variance	0.8417588770307995	praat
c0441	sem	0.2051534641470623	praat
c0441	median	2.2803311366839587	praat
c0441	q1	1.0620595224410376	praat
c0441	q3	2.5848533721019873	praat
c0441	iqr	1.5227938496609497	praat
c0441	min	0.5276728310442691	praat
c0441	max	3.4234969973739764	praat
c0441	range	2.8958241663297075	praat
c0441	skewness	-0.23256131590908213	praat
c0441	kurtosis	-1.232508789064831	praat
c0441	ci_low	1.5377345592445975	praat
c0441	ci_high	2.396516829854586	praat
c0442	n	20	praat
c0442	mean	17.760917585388263	praat
c0442	sd	4.0883562770579305	praat
c0442	variance	16.714657048158983	praat
c0442	sem	0.9141842551739496	praat
c0442	median	17.43443154557982	praat
c0442	q1	15.957620261746417	praat
c0442	q3	19.2667163587795	praat
c0442	iqr	3.309096097033084	praat
c0442	min	7.801376790424232	praat
c0442	max	25.42512304994394	praat
c0442	range	17.62374625951971	praat
c0442	skewness	-0.24267860899207527	praat
c0442	kurtosis	1.1401035165045013	praat
c0442	ci_low	15.847507949147841	praat
c0442	ci_high	19.674327221628683	praat
c0443	n	20	praat
c0443	mean	20.854932330675442	praat
c0443	sd	4.358590709574023	praat
c0443	variance	18.997312973584986	praat
c0443	sem	0.9746105112706559	praat
c0443	median	21.28877785191018	praat
c0443	q1	18.90394515425885	praat
c0443	q3	23.424531076896443	praat
c0443	iqr	4.5205859226375935	praat
c0443	min	8.900518126999033	praat
c0443	max	28.763616984940604	praat
c0443	range	19.863098857941573	praat
c0443	skewness	-0.8925101531712526	praat
c0443	kurtosis	2.0324887753317693	praat
c0443	ci_low	18.81504908690678	praat
c0443	ci_high	22.894815574444106	praat
c0444	n	20	praat
c0444	mean	72.46457	praat
c0444	sd	2.7435289036874426	praat
c0444	variance	7.526950845368421	praat
c0444	sem	0.6134717126880594	praat
c0444	median	72.9915	praat
c0444	q1	69.8828	praat
c0444	q3	74.551675	praat
c0444	iqr	4.668875	praat
c0444	min	68.0803	praat
c0444	max	77.3414	praat
c0444	range	9.261099999999999	praat
c0444	skewness	-0.03525132410272049	praat
c0444	kurtosis	-1.2082355326924947	praat
c0444	ci_low	71.18055894864483	praat
c0444	ci_high	73.74858105135516	praat
c0445	n	20	praat
c0445	mean	83.354605	praat
c0445	sd	3.674522263752908	praat
c0445	variance	13.502113866815796	praat
c0445	sem	0.8216481566587913	praat
c0445	median	83.47055	praat
c0445	q1	81.17157499999999	praat
c0445	q3	85.248725	praat
c0445	iqr	4.077150000000003	praat
c0445	min	75.3102	praat
c0445	max	89.2843	praat
c0445	range	13.974100000000007	praat
c0445	skewness	-0.10457021668878692	praat
c0445	kurtosis	-0.1334469826115976	praat
c0445	ci_low	81.63487564385291	praat
c0445	ci_high	85.0743343561471	praat
c0446	n	20	praat
c0446	mean	94.129405	praat
c0446	sd	2.7484903702281436	praat
c0446	variance	7.554199315236838	praat
c0446	sem	0.6145811303333693	praat
c0446	median	94.7059	praat
c0446	q1	93.422425	praat
c0446	q3	95.693225	praat
c0446	iqr	2.270799999999994	praat
c0446	min	88.9401	praat
c0446	max	98.1925	praat
c0446	range	9.252399999999994	praat
c0446	skewness	-0.6788916901440808	praat
c0446	kurtosis	-0.31735039729258085	praat
c0446	ci_low	92.84307191082681	praat
c0446	ci_high	95.4157380891732	praat
c0447	n	4	praat
c0447	mean	66.075	praat
c0447	sd	4.711952886012334	praat
c0447	variance	22.20249999999996	praat
c0447	sem	2.355976443006167	praat
c0447	median	66.5	praat
c0447	q1	63.575	praat
c0447	q3	69	praat
c0447	iqr	5.424999999999997	praat
c0447	min	60.2	praat
c0447	max	71.1	praat
c0447	range	10.899999999999991	praat
c0447	skewness	-0.43000843457224486	praat
c0447	kurtosis	-0.9429334134765153	praat
c0447	ci_low	58.57723147361958	praat
c0447	ci_high	73.57276852638043	praat
c0448	n	4	praat
c0448	mean	76.075	praat
c0448	sd	4.711952886012334	praat
c0448	variance	22.20249999999996	praat
c0448	sem	2.355976443006167	praat
c0448	median	76.5	praat
c0448	q1	73.575	praat
c0448	q3	79	praat
c0448	iqr	5.424999999999997	praat
c0448	min	70.2	praat
c0448	max	81.1	praat
c0448	range	10.899999999999991	praat
c0448	skewness	-0.43000843457224486	praat
c0448	kurtosis	-0.9429334134765153	praat
c0448	ci_low	68.57723147361958	praat
c0448	ci_high	83.57276852638043	praat
c0449	n	4	praat
c0449	mean	86.075	praat
c0449	sd	4.711952886012334	praat
c0449	variance	22.20249999999996	praat
c0449	sem	2.355976443006167	praat
c0449	median	86.5	praat
c0449	q1	83.575	praat
c0449	q3	89	praat
c0449	iqr	5.424999999999997	praat
c0449	min	80.2	praat
c0449	max	91.1	praat
c0449	range	10.899999999999991	praat
c0449	skewness	-0.43000843457224486	praat
c0449	kurtosis	-0.9429334134765153	praat
c0449	ci_low	78.57723147361958	praat
c0449	ci_high	93.57276852638043	praat
c0450	n	2	praat
c0450	mean	11	praat
c0450	sd	1.4142135623730951	praat
c0450	variance	2.0000000000000004	praat
c0450	sem	1	praat
c0450	median	11	praat
c0450	q1	10.5	praat
c0450	q3	11.5	praat
c0450	iqr	1	praat
c0450	min	10	praat
c0450	max	12	praat
c0450	range	2	praat
c0450	skewness_undefined	1	praat
c0450	kurtosis_undefined	1	praat
c0450	ci_low	-1.706204736174687	praat
c0450	ci_high	23.706204736174687	praat
c0451	n	2	praat
c0451	mean	15.5	praat
c0451	sd	2.1213203435596424	praat
c0451	variance	4.499999999999999	praat
c0451	sem	1.4999999999999998	praat
c0451	median	15.5	praat
c0451	q1	14.75	praat
c0451	q3	16.25	praat
c0451	iqr	1.5	praat
c0451	min	14	praat
c0451	max	17	praat
c0451	range	3	praat
c0451	skewness_undefined	1	praat
c0451	kurtosis_undefined	1	praat
c0451	ci_low	-3.559307104262029	praat
c0451	ci_high	34.55930710426203	praat
c0452	n	2	praat
c0452	mean	21.5	praat
c0452	sd	0.7071067811865476	praat
c0452	variance	0.5000000000000001	praat
c0452	sem	0.5	praat
c0452	median	21.5	praat
c0452	q1	21.25	praat
c0452	q3	21.75	praat
c0452	iqr	0.5	praat
c0452	min	21	praat
c0452	max	22	praat
c0452	range	1	praat
c0452	skewness_undefined	1	praat
c0452	kurtosis_undefined	1	praat
c0452	ci_low	15.146897631912656	praat
c0452	ci_high	27.85310236808734	praat
c0453	n	6	praat
c0453	mean	80	praat
c0453	sd	0	praat
c0453	variance	0	praat
c0453	sem	0	praat
c0453	median	80	praat
c0453	q1	80	praat
c0453	q3	80	praat
c0453	iqr	0	praat
c0453	min	80	praat
c0453	max	80	praat
c0453	range	0	praat
c0453	skewness_undefined	1	praat
c0453	kurtosis_undefined	1	praat
c0453	ci_low	80	praat
c0453	ci_high	80	praat
c0454	n	6	praat
c0454	mean	80	praat
c0454	sd	0	praat
c0454	variance	0	praat
c0454	sem	0	praat
c0454	median	80	praat
c0454	q1	80	praat
c0454	q3	80	praat
c0454	iqr	0	praat
c0454	min	80	praat
c0454	max	80	praat
c0454	range	0	praat
c0454	skewness_undefined	1	praat
c0454	kurtosis_undefined	1	praat
c0454	ci_low	80	praat
c0454	ci_high	80	praat
c0455	n	6	praat
c0455	mean	80	praat
c0455	sd	0	praat
c0455	variance	0	praat
c0455	sem	0	praat
c0455	median	80	praat
c0455	q1	80	praat
c0455	q3	80	praat
c0455	iqr	0	praat
c0455	min	80	praat
c0455	max	80	praat
c0455	range	0	praat
c0455	skewness_undefined	1	praat
c0455	kurtosis_undefined	1	praat
c0455	ci_low	80	praat
c0455	ci_high	80	praat
c0456	n	4	praat
c0456	mean	72.3	praat
c0456	sd	2.008316044185612	praat
c0456	variance	4.033333333333345	praat
c0456	sem	1.004158022092806	praat
c0456	median	72.30000000000001	praat
c0456	q1	70.925	praat
c0456	q3	73.67500000000001	praat
c0456	iqr	2.750000000000014	praat
c0456	min	70.1	praat
c0456	max	74.5	praat
c0456	range	4.400000000000006	praat
c0456	skewness	4.292862361883938e-15	praat
c0456	kurtosis	-3.3000000000000043	praat
c0456	ci_low	69.10432101266976	praat
c0456	ci_high	75.49567898733024	praat
c0457	n	5	praat
c0457	mean	82.3	praat
c0457	sd	1.739252713092611	praat
c0457	variance	3.0250000000000083	praat
c0457	sem	0.7778174593052033	praat
c0457	median	82.3	praat
c0457	q1	81.2	praat
c0457	q3	83.4	praat
c0457	iqr	2.200000000000003	praat
c0457	min	80.1	praat
c0457	max	84.5	praat
c0457	range	4.400000000000006	praat
c0457	skewness	4.070817756958908e-15	praat
c0457	kurtosis	-1.1999999999999984	praat
c0457	ci_low	80.14043252237468	praat
c0457	ci_high	84.45956747762531	praat
c0458	n	5	praat
c0458	mean	92.3	praat
c0458	sd	1.739252713092611	praat
c0458	variance	3.0250000000000083	praat
c0458	sem	0.7778174593052033	praat
c0458	median	92.3	praat
c0458	q1	91.2	praat
c0458	q3	93.4	praat
c0458	iqr	2.200000000000003	praat
c0458	min	90.1	praat
c0458	max	94.5	praat
c0458	range	4.400000000000006	praat
c0458	skewness	4.070817756958908e-15	praat
c0458	kurtosis	-1.1999999999999984	praat
c0458	ci_low	90.14043252237468	praat
c0458	ci_high	94.45956747762531	praat
c0459	n	3	praat
c0459	mean	72.26666666666667	praat
c0459	sd	2.853652630109934	praat
c0459	variance	8.143333333333343	praat
c0459	sem	1.647557114167654	praat
c0459	median	71.2	praat
c0459	q1	70.65	praat
c0459	q3	73.35	praat
c0459	iqr	2.6999999999999886	praat
c0459	min	70.1	praat
c0459	max	75.5	praat
c0459	range	5.400000000000006	praat
c0459	skewness	1.4470398805017473	praat
c0459	kurtosis_undefined	1	praat
c0459	ci_low	65.17780055197505	praat
c0459	ci_high	79.35553278135828	praat
c0460	n	50	praat
c0460	mean	3.28	praat
c0460	sd	1.7732709313351886	praat
c0460	variance	3.1444897959183673	praat
c0460	sem	0.2507783800856193	praat
c0460	median	3	praat
c0460	q1	2	praat
c0460	q3	5	praat
c0460	iqr	3	praat
c0460	min	1	praat
c0460	max	7	praat
c0460	range	6	praat
c0460	skewness	0.33349731858606285	praat
c0460	kurtosis	-0.9269661564345957	praat
c0460	ci_low	2.776041977372555	praat
c0460	ci_high	3.7839580226274445	praat
c0461	n	50	praat
c0461	mean	8.28	praat
c0461	sd	5.49199788932284	praat
c0461	variance	30.162040816326527	praat
c0461	sem	0.7766857899604772	praat
c0461	median	7.9	praat
c0461	q1	3.225	praat
c0461	q3	12.149999999999999	praat
c0461	iqr	8.924999999999999	praat
c0461	min	1	praat
c0461	max	19	praat
c0461	range	18	praat
c0461	skewness	0.30002796553120253	praat
c0461	kurtosis	-1.2329616662556688	praat
c0461	ci_low	6.7191914694652635	praat
c0461	ci_high	9.840808530534735	praat
c0462	n	45	praat
c0462	mean	88.95182018331927	praat
c0462	sd	5.4387513398193805	praat
c0462	median	90.09188647004873	praat
c0462	skewness	-0.4223081701411346	praat
c0462	kurtosis	-0.2855629514765563	praat
c0462	w_statistic	0.9636682520764458	praat
c0462	p	0.1684188065504883	praat
c0463	n	45	praat
c0463	mean	5.4485270685188905	praat
c0463	sd	0.7079905797345153	praat
c0463	median	5.367907928937989	praat
c0463	skewness	0.3424908631755928	praat
c0463	kurtosis	-0.548350379661203	praat
c0463	w_statistic	0.9763644889064611	praat
c0463	p	0.48036597484322996	praat
c0464	n	45	praat
c0464	mean	88.70521164294013	praat
c0464	sd	4.936072279721215	praat
c0464	median	88.83189418153206	praat
c0464	skewness	-0.26905394016754197	praat
c0464	kurtosis	-0.5554547085119124	praat
c0464	w_statistic	0.9770092048262812	praat
c0464	p	0.5037414077553821	praat
c0465	n	45	praat
c0465	mean	5.481634452200578	praat
c0465	sd	0.690931814781778	praat
c0465	median	5.2390480332275216	praat
c0465	skewness	0.4212380658752314	praat
c0465	kurtosis	-0.7819929808732446	praat
c0465	w_statistic	0.9538684889132611	praat
c0465	p	0.07125026144297404	praat
c0466	n	45	praat
c0466	mean	88.3271910247897	praat
c0466	sd	5.194975343633692	praat
c0466	median	88.96669527819462	praat
c0466	skewness	-0.04056262253311576	praat
c0466	kurtosis	0.1403933614946533	praat
c0466	w_statistic	0.9939584075963088	praat
c0466	p	0.9977565619058817	praat
c0467	n	45	praat
c0467	mean	5.47007406148198	praat
c0467	sd	0.5643535417513099	praat
c0467	median	5.320846521691661	praat
c0467	skewness	0.4604029472299116	praat
c0467	kurtosis	-0.44952614112711364	praat
c0467	w_statistic	0.9593527576888603	praat
c0467	p	0.11539888219187586	praat
c0468	n	40	praat
c0468	mean	128.79381732267308	praat
c0468	sd	21.44828673326018	praat
c0468	median	128.2459923633117	praat
c0468	skewness	-0.2904708368822012	praat
c0468	kurtosis	0.6132407744365711	praat
c0468	w_statistic	0.9832627185526867	praat
c0468	p	0.8076779746439713	praat
c0469	n	40	praat
c0469	mean	1.470343463480067	praat
c0469	sd	0.9262539473299057	praat
c0469	median	1.1891909784883135	praat
c0469	skewness	0.7853474367412737	praat
c0469	kurtosis	-0.2800389433755135	praat
c0469	w_statistic	0.9011116261533366	praat
c0469	p	0.0020598398981544314	praat
c0470	n	48	praat
c0470	mean	92.19736231257816	praat
c0470	sd	6.207041933257127	praat
c0470	median	92.02076063700434	praat
c0470	skewness	0.22977700022324085	praat
c0470	kurtosis	-0.5651729255961531	praat
c0470	w_statistic	0.974235953151816	praat
c0470	p	0.3668448364195318	praat
c0471	n	30	praat
c0471	mean	152.08158962934505	praat
c0471	sd	43.96679880380095	praat
c0471	median	146.68312810237848	praat
c0471	skewness	0.5379465686426362	praat
c0471	kurtosis	-0.21399578468970093	praat
c0471	w_statistic	0.9628072937234544	praat
c0471	p	0.36466092036453923	praat
c0472	n	30	praat
c0472	mean	325.14277269871354	praat
c0472	sd	90.33840289649486	praat
c0472	median	295.3789183617973	praat
c0472	skewness	0.4879022750389395	praat
c0472	kurtosis	-0.8803363776581947	praat
c0472	w_statistic	0.9374414897041884	praat
c0472	p	0.07762676584580047	praat
c0473	n	30	praat
c0473	mean	42.9	praat
c0473	sd	13.64159460797292	praat
c0473	median	46	praat
c0473	skewness	-0.08065535265373715	praat
c0473	kurtosis	-1.5057194323747296	praat
c0473	w_statistic	0.9134717141218488	praat
c0473	p	0.018222836976395176	praat
c0474	n	25	praat
c0474	mean	12.316351446257157	praat
c0474	sd	5.453601489798855	praat
c0474	median	12.00793862171911	praat
c0474	skewness	0.08291522774118422	praat
c0474	kurtosis	-0.45158542591551676	praat
c0474	w_statistic	0.979445728663922	praat
c0474	p	0.8739016909266133	praat
c0475	n	25	praat
c0475	mean	79.35474662700702	praat
c0475	sd	15.888951567380591	praat
c0475	median	79.48143235979371	praat
c0475	skewness	-0.48513830175706607	praat
c0475	kurtosis	-0.30377329491830407	praat
c0475	w_statistic	0.9360965720528858	praat
c0475	p	0.12024501568981916	praat
c0476	n	25	praat
c0476	mean	10.28	praat
c0476	sd	5.465955238260433	praat
c0476	median	11	praat
c0476	skewness	0.20748380341588477	praat
c0476	kurtosis	-0.36841365645028823	praat
c0476	w_statistic	0.9810731106301893	praat
c0476	p	0.9055179786888865	praat
c0477	n	25	praat
c0477	mean	8.95	praat
c0477	sd	4.410782243548189	praat
c0477	median	8.95	praat
c0477	skewness	6.436075505073371e-16	praat
c0477	kurtosis	-1.2053457286260638	praat
c0477	w_statistic	0.9573187970519548	praat
c0477	p	0.3636658776554092	praat
c0478	n	25	praat
c0478	mean	83.225	praat
c0478	sd	18.62432907068959	praat
c0478	median	82.61	praat
c0478	skewness	-0.06801407970898665	praat
c0478	kurtosis	-1.095847156424401	praat
c0478	w_statistic	0.9627268288256029	praat
c0478	p	0.47141506044397385	praat
c0479	n	40	praat
c0479	mean	185.67052075563788	praat
c0479	sd	26.714648514367326	praat
c0479	median	188.2082198355006	praat
c0479	skewness	-0.17244944259029799	praat
c0479	kurtosis	-0.6948743053319233	praat
c0479	w_statistic	0.971864258620778	praat
c0479	p	0.4115043758589624	praat
c0480	n	40	praat
c0480	mean	2.213541094245277	praat
c0480	sd	1.0983865823336167	praat
c0480	median	2.015006016169768	praat
c0480	skewness	0.9125091302287311	praat
c0480	kurtosis	0.451287536621491	praat
c0480	w_statistic	0.9279069894129834	praat
c0480	p	0.013770089389147101	praat
c0481	n	40	praat
c0481	mean	1.189425350463762	praat
c0481	sd	0.5219768541959805	praat
c0481	median	1.2134480152712586	praat
c0481	skewness	0.33302695670137267	praat
c0481	kurtosis	0.3056215695790545	praat
c0481	w_statistic	0.977386999625231	praat
c0481	p	0.5933517264563064	praat
c0482	n	20	praat
c0482	mean	2.695592193038029	praat
c0482	sd	0.8226067124726181	praat
c0482	median	2.6830411098185585	praat
c0482	skewness	0.26863132717661964	praat
c0482	kurtosis	-1.0466612373257256	praat
c0482	w_statistic	0.9514240626252545	praat
c0482	p	0.3892251971947023	praat
c0483	n	20	praat
c0483	mean	1.9671256945495916	praat
c0483	sd	0.9174741833047945	praat
c0483	median	2.2803311366839587	praat
c0483	skewness	-0.23256131590908213	praat
c0483	kurtosis	-1.232508789064831	praat
c0483	w_statistic	0.9309991701593368	praat
c0483	p	0.16140528672728377	praat
c0484	n	20	praat
c0484	mean	17.760917585388263	praat
c0484	sd	4.0883562770579305	praat
c0484	median	17.43443154557982	praat
c0484	skewness	-0.24267860899207527	praat
c0484	kurtosis	1.1401035165045013	praat
c0484	w_statistic	0.9539539124679383	praat
c0484	p	0.4311102302807071	praat
c0485	n	20	praat
c0485	mean	20.854932330675442	praat
c0485	sd	4.358590709574023	praat
c0485	median	21.28877785191018	praat
c0485	skewness	-0.8925101531712526	praat
c0485	kurtosis	2.0324887753317693	praat
c0485	w_statistic	0.9506653848112	praat
c0485	p	0.37730297464422924	praat
c0486	n	20	praat
c0486	mean	72.46457	praat
c0486	sd	2.7435289036874426	praat
c0486	median	72.9915	praat
c0486	skewness	-0.03525132410272049	praat
c0486	kurtosis	-1.2082355326924947	praat
c0486	w_statistic	0.9464416772735695	praat
c0486	p	0.3162819388757733	praat
c0487	n	20	praat
c0487	mean	83.354605	praat
c0487	sd	3.674522263752908	praat
c0487	median	83.47055	praat
c0487	skewness	-0.10457021668878692	praat
c0487	kurtosis	-0.1334469826115976	praat
c0487	w_statistic	0.9710480588591635	praat
c0487	p	0.77684287083101	praat
c0488	n	20	praat
c0488	mean	94.129405	praat
c0488	sd	2.7484903702281436	praat
c0488	median	94.7059	praat
c0488	skewness	-0.6788916901440808	praat
c0488	kurtosis	-0.31735039729258085	praat
c0488	w_statistic	0.9074665084688641	praat
c0488	p	0.05704194315301922	praat
c0489	n	4	praat
c0489	mean	66.075	praat
c0489	sd	4.711952886012334	praat
c0489	median	66.5	praat
c0489	skewness	-0.43000843457224486	praat
c0489	kurtosis	-0.9429334134765153	praat
c0489	w_statistic	0.982591558085346	praat
c0489	p	0.9170474296077528	praat
c0490	n	4	praat
c0490	mean	76.075	praat
c0490	sd	4.711952886012334	praat
c0490	median	76.5	praat
c0490	skewness	-0.43000843457224486	praat
c0490	kurtosis	-0.9429334134765153	praat
c0490	w_statistic	0.982591558085346	praat
c0490	p	0.9170474296077528	praat
c0491	n	4	praat
c0491	mean	86.075	praat
c0491	sd	4.711952886012334	praat
c0491	median	86.5	praat
c0491	skewness	-0.43000843457224486	praat
c0491	kurtosis	-0.9429334134765153	praat
c0491	w_statistic	0.982591558085346	praat
c0491	p	0.9170474296077528	praat
c0492	refused	1	praat
c0492	refuse_reason	Need at least 3 non-missing values (found 2).	praat
c0493	refused	1	praat
c0493	refuse_reason	Need at least 3 non-missing values (found 2).	praat
c0494	refused	1	praat
c0494	refuse_reason	Need at least 3 non-missing values (found 2).	praat
c0495	n	6	praat
c0495	mean	80	praat
c0495	sd	0	praat
c0495	median	80	praat
c0495	skewness_undefined	1	praat
c0495	kurtosis_undefined	1	praat
c0495	w_statistic_undefined	1	praat
c0495	p_undefined	1	praat
c0496	n	6	praat
c0496	mean	80	praat
c0496	sd	0	praat
c0496	median	80	praat
c0496	skewness_undefined	1	praat
c0496	kurtosis_undefined	1	praat
c0496	w_statistic_undefined	1	praat
c0496	p_undefined	1	praat
c0497	n	6	praat
c0497	mean	80	praat
c0497	sd	0	praat
c0497	median	80	praat
c0497	skewness_undefined	1	praat
c0497	kurtosis_undefined	1	praat
c0497	w_statistic_undefined	1	praat
c0497	p_undefined	1	praat
c0498	n	4	praat
c0498	mean	72.3	praat
c0498	sd	2.008316044185612	praat
c0498	median	72.30000000000001	praat
c0498	skewness	4.292862361883938e-15	praat
c0498	kurtosis	-3.3000000000000043	praat
c0498	w_statistic	0.9497059569612307	praat
c0498	p	0.7142801511947574	praat
c0499	n	5	praat
c0499	mean	82.3	praat
c0499	sd	1.739252713092611	praat
c0499	median	82.3	praat
c0499	skewness	4.070817756958908e-15	praat
c0499	kurtosis	-1.1999999999999984	praat
c0499	w_statistic	0.9867621554477195	praat
c0499	p	0.9671739359680402	praat
c0500	n	5	praat
c0500	mean	92.3	praat
c0500	sd	1.739252713092611	praat
c0500	median	92.3	praat
c0500	skewness	4.070817756958908e-15	praat
c0500	kurtosis	-1.1999999999999984	praat
c0500	w_statistic	0.9867621554477195	praat
c0500	p	0.9671739359680402	praat
c0501	n	3	praat
c0501	mean	72.26666666666667	praat
c0501	sd	2.853652630109934	praat
c0501	median	71.2	praat
c0501	skewness	1.4470398805017473	praat
c0501	kurtosis_undefined	1	praat
c0501	w_statistic	0.895210806385592	praat
c0501	p	0.37041548886209436	praat
c0502	n	50	praat
c0502	mean	3.28	praat
c0502	sd	1.7732709313351886	praat
c0502	median	3	praat
c0502	skewness	0.33349731858606285	praat
c0502	kurtosis	-0.9269661564345957	praat
c0502	w_statistic	0.9216796767742147	praat
c0502	p	0.0027131245323791533	praat
c0503	n	50	praat
c0503	mean	8.28	praat
c0503	sd	5.49199788932284	praat
c0503	median	7.9	praat
c0503	skewness	0.30002796553120253	praat
c0503	kurtosis	-1.2329616662556688	praat
c0503	w_statistic	0.9232576205106869	praat
c0503	p	0.003098504664891891	praat
c0504	n	25	praat
c0504	slope	2.6222265439955437	praat
c0504	intercept	47.0584829394536	praat
c0504	slope_se	0.2647628850095378	praat
c0504	intercept_se	3.554579645771859	praat
c0504	slope_t	9.904056393331265	praat
c0504	intercept_t	13.238832050205781	praat
c0504	slope_p	9.166854032696309e-10	praat
c0504	intercept_p	3.0365297712142355e-12	praat
c0504	r	0.900032864111861	praat
c0504	r_squared	0.8100591564813997	praat
c0504	residual_se	7.073691661958199	praat
c0504	f	98.09033304228595	praat
c0504	df_between	1	praat
c0504	df_within	23	praat
c0504	p	9.166854032696278e-10	praat
c0504	adj_r_squared	0.8018008589371127	praat
c0505	n	25	praat
c0505	slope	0.30892035561774733	praat
c0505	intercept	-12.197945101714089	praat
c0505	slope_se	0.031191296106285682	praat
c0505	intercept_se	2.5223589917671405	praat
c0505	slope_t	9.904056393331267	praat
c0505	intercept_t	-4.835927455817194	praat
c0505	slope_p	9.166854032696278e-10	praat
c0505	intercept_p	7.009869300369784e-05	praat
c0505	r	0.900032864111861	praat
c0505	r_squared	0.8100591564813997	praat
c0505	residual_se	2.4279195025825535	praat
c0505	f	98.09033304228595	praat
c0505	df_between	1	praat
c0505	df_within	23	praat
c0505	p	9.166854032696278e-10	praat
c0505	adj_r_squared	0.8018008589371127	praat
c0506	n	25	praat
c0506	slope	2.2741687452773967	praat
c0506	intercept	55.97629192555538	praat
c0506	slope_se	0.37753135589737535	praat
c0506	intercept_se	4.376107937513892	praat
c0506	slope_t	6.0237877192261235	praat
c0506	intercept_t	12.791341695597216	praat
c0506	slope_p	3.832198274103586e-06	praat
c0506	intercept_p	6.115049730623641e-12	praat
c0506	r	0.7823363620452147	praat
c0506	r_squared	0.6120501833781413	praat
c0506	residual_se	10.109384610184838	praat
c0506	f	36.28601848629946	praat
c0506	df_between	1	praat
c0506	df_within	23	praat
c0506	p	3.832198274103586e-06	praat
c0506	adj_r_squared	0.5951828000467562	praat
c0507	n	25	praat
c0507	slope	-4.160074530968903	praat
c0507	intercept	120.45766705217167	praat
c0507	slope_se	0.15078133155500523	praat
c0507	intercept_se	1.4985821191745112	praat
c0507	slope_t	-27.590116681330027	praat
c0507	intercept_t	80.3810919074127	praat
c0507	slope_p	3.9460844976744086e-19	praat
c0507	intercept_p	1.0981204915690274e-29	praat
c0507	r	-0.9852265176044432	praat
c0507	r_squared	0.9706712909909783	praat
c0507	residual_se	3.2581330303953298	praat
c0507	f	761.2145384894053	praat
c0507	df_between	1	praat
c0507	df_within	23	praat
c0507	p	3.9460844976744086e-19	praat
c0507	adj_r_squared	0.9693961297297164	praat
c0508	n	25	praat
c0508	slope	-0.23333026458179917	praat
c0508	intercept	28.368911269820234	praat
c0508	slope_se	0.008457023479704678	praat
c0508	intercept_se	0.7205558519527941	praat
c0508	slope_t	-27.59011668132996	praat
c0508	intercept_t	39.370870686758046	praat
c0508	slope_p	3.9460844976746354e-19	praat
c0508	intercept_p	1.3079163523078504e-22	praat
c0508	r	-0.9852265176044432	praat
c0508	r_squared	0.9706712909909783	praat
c0508	residual_se	0.7716205648557897	praat
c0508	f	761.2145384894019	praat
c0508	df_between	1	praat
c0508	df_within	23	praat
c0508	p	3.9460844976746065e-19	praat
c0508	adj_r_squared	0.9693961297297164	praat
c0509	n	30	praat
c0509	slope	1.9890442852848704	praat
c0509	intercept	22.64575594942596	praat
c0509	slope_se	0.09737230239017916	praat
c0509	intercept_se	15.395128639557072	praat
c0509	slope_t	20.427208112165196	praat
c0509	intercept_t	1.470968933071383	praat
c0509	slope_p	2.328594701500031e-18	praat
c0509	intercept_p	0.15244950570620386	praat
c0509	r	0.9680479961901461	praat
c0509	r_squared	0.9371169229277572	praat
c0509	residual_se	23.054689849941184	praat
c0509	f	417.27083125770764	praat
c0509	df_between	1	praat
c0509	df_within	28	praat
c0509	p	2.328594701500031e-18	praat
c0509	adj_r_squared	0.9348710987466057	praat
c0510	n	30	praat
c0510	slope	0.4711392953191807	praat
c0510	intercept	-1.1059471780513945	praat
c0510	slope_se	0.023064301921837223	praat
c0510	intercept_se	7.773963685594514	praat
c0510	slope_t	20.427208112165196	praat
c0510	intercept_t	-0.142262971989535	praat
c0510	slope_p	2.328594701500031e-18	praat
c0510	intercept_p	0.8878910383470324	praat
c0510	r	0.9680479961901461	praat
c0510	r_squared	0.9371169229277572	praat
c0510	residual_se	11.220487385389953	praat
c0510	f	417.2708312577076	praat
c0510	df_between	1	praat
c0510	df_within	28	praat
c0510	p	2.328594701500031e-18	praat
c0510	adj_r_squared	0.9348710987466057	praat
c0511	n	40	praat
c0511	slope	-0.02492865546248946	praat
c0511	intercept	1.2446059537542644	praat
c0511	slope_se	0.07698495750521404	praat
c0511	intercept_se	0.18976528014853242	praat
c0511	slope_t	-0.3238120312114362	praat
c0511	intercept_t	6.558660007668899	praat
c0511	slope_p	0.7478558818054126	praat
c0511	intercept_p	9.785151256629318e-08	praat
c0511	r	-0.05245692496804755	praat
c0511	r_squared	0.00275172897710337	praat
c0511	residual_se	0.5280723118070721	praat
c0511	f	0.10485423155727613	praat
c0511	df_between	1	praat
c0511	df_within	38	praat
c0511	p	0.7478558818054142	praat
c0511	adj_r_squared	-0.023491646576130787	praat
c0512	n	20	praat
c0512	slope	0.688431193423339	praat
c0512	intercept	44.24253459399092	praat
c0512	slope_se	0.17154244899496315	praat
c0512	intercept_se	12.439210590975742	praat
c0512	slope_t	4.013182727987944	praat
c0512	intercept_t	3.556699540571127	praat
c0512	slope_p	0.000815531221969918	praat
c0512	intercept_p	0.0022541217639157197	praat
c0512	r	0.6871884645534315	praat
c0512	r_squared	0.4722279858153028	praat
c0512	residual_se	2.051435876200821	praat
c0512	f	16.105635608220755	praat
c0512	df_between	1	praat
c0512	df_within	18	praat
c0512	p	0.0008155312219699173	praat
c0512	adj_r_squared	0.4429073183605974	praat
c0513	refused	1	praat
c0513	refuse_reason	Need at least 3 rows for regression.	praat
c0514	overall_slope	0.014079648457836508	praat
c0514	overall_intercept	4.226458262584769	praat
c0514	overall_slope_se	0.016426876578744302	praat
c0514	overall_intercept_se	1.4533915859885702	praat
c0514	overall_slope_t	0.8571105036519839	praat
c0514	overall_intercept_t	2.9079969247998707	praat
c0514	overall_slope_p	0.39613568008082745	praat
c0514	overall_intercept_p	0.005733741914594072	praat
c0514	overall_r_squared	0.016797633228189418	praat
c0514	overall_residual_se	0.5660630708207456	praat
c0514	n	45	praat
c0514	pg_total	3	praat
c0514	pg_run	3	praat
c0514	pg_skipped	0	praat
c0514	grp_soprano_slope	-0.017069367118663102	praat
c0514	grp_soprano_intercept	7.276275475978022	praat
c0514	grp_soprano_r_squared	0.01023658454240706	praat
c0514	grp_soprano_n	15	praat
c0514	grp_soprano_slope_se	0.04655152391186168	praat
c0514	grp_soprano_slope_t	-0.3666768707933469	praat
c0514	grp_soprano_p	0.7197590791207199	praat
c0514	grp_mezzo_slope	-0.04467050477343842	praat
c0514	grp_mezzo_intercept	9.360789046927316	praat
c0514	grp_mezzo_r_squared	0.08287582299380199	praat
c0514	grp_mezzo_n	15	praat
c0514	grp_mezzo_slope_se	0.04121443285228919	praat
c0514	grp_mezzo_slope_t	-1.0838558650930765	praat
c0514	grp_mezzo_p	0.2981215796262425	praat
c0514	grp_alto_slope	0.014449700923655906	praat
c0514	grp_alto_intercept	4.025252523908364	praat
c0514	grp_alto_r_squared	0.03896460397001512	praat
c0514	grp_alto_n	15	praat
c0514	grp_alto_slope_se	0.019903146542197547	praat
c0514	grp_alto_slope_t	0.7260008307239487	praat
c0514	grp_alto_p	0.48070559604355556	praat
c0515	overall_slope	0.014079648457836508	praat
c0515	overall_intercept	4.226458262584769	praat
c0515	overall_slope_se	0.016426876578744302	praat
c0515	overall_intercept_se	1.4533915859885702	praat
c0515	overall_slope_t	0.8571105036519839	praat
c0515	overall_intercept_t	2.9079969247998707	praat
c0515	overall_slope_p	0.39613568008082745	praat
c0515	overall_intercept_p	0.005733741914594072	praat
c0515	overall_r_squared	0.016797633228189418	praat
c0515	overall_residual_se	0.5660630708207456	praat
c0515	n	45	praat
c0515	pg_total	3	praat
c0515	pg_run	3	praat
c0515	pg_skipped	0	praat
c0515	grp_alto_slope	0.014449700923655906	praat
c0515	grp_alto_intercept	4.025252523908364	praat
c0515	grp_alto_r_squared	0.03896460397001512	praat
c0515	grp_alto_n	15	praat
c0515	grp_alto_slope_se	0.019903146542197547	praat
c0515	grp_alto_slope_t	0.7260008307239487	praat
c0515	grp_alto_p	0.48070559604355556	praat
c0515	grp_mezzo_slope	-0.04467050477343842	praat
c0515	grp_mezzo_intercept	9.360789046927316	praat
c0515	grp_mezzo_r_squared	0.08287582299380199	praat
c0515	grp_mezzo_n	15	praat
c0515	grp_mezzo_slope_se	0.04121443285228919	praat
c0515	grp_mezzo_slope_t	-1.0838558650930765	praat
c0515	grp_mezzo_p	0.2981215796262425	praat
c0515	grp_soprano_slope	-0.017069367118663102	praat
c0515	grp_soprano_intercept	7.276275475978022	praat
c0515	grp_soprano_r_squared	0.01023658454240706	praat
c0515	grp_soprano_n	15	praat
c0515	grp_soprano_slope_se	0.04655152391186168	praat
c0515	grp_soprano_slope_t	-0.3666768707933469	praat
c0515	grp_soprano_p	0.7197590791207199	praat
c0516	overall_slope	0.03229799522459926	praat
c0516	overall_intercept	2.5755616050186325	praat
c0516	overall_slope_se	0.019230803740830537	praat
c0516	overall_intercept_se	1.71373859219435	praat
c0516	overall_slope_t	1.6794927377904996	praat
c0516	overall_intercept_t	1.502890590635976	praat
c0516	overall_slope_p	0.10030896494616393	praat
c0516	overall_intercept_p	0.14017654291170523	praat
c0516	overall_r_squared	0.061559428628881356	praat
c0516	overall_residual_se	0.6937819189371837	praat
c0516	n	45	praat
c0516	pg_total	3	praat
c0516	pg_run	3	praat
c0516	pg_skipped	0	praat
c0516	grp_soprano_slope	0.014997473599550453	praat
c0516	grp_soprano_intercept	4.320214344573295	praat
c0516	grp_soprano_r_squared	0.004424874534940863	praat
c0516	grp_soprano_n	15	praat
c0516	grp_soprano_slope_se	0.062392583376193196	praat
c0516	grp_soprano_slope_t	0.24037269797155023	praat
c0516	grp_soprano_p	0.8137903270650865	praat
c0516	grp_mezzo_slope	-0.062423359823995384	praat
c0516	grp_mezzo_intercept	11.006227710233194	praat
c0516	grp_mezzo_r_squared	0.07691049333927695	praat
c0516	grp_mezzo_n	15	praat
c0516	grp_mezzo_slope_se	0.05997973910944486	praat
c0516	grp_mezzo_slope_t	-1.0407407693136452	praat
c0516	grp_mezzo_p	0.31696548481548725	praat
c0516	grp_alto_slope	0.035929924174300173	praat
c0516	grp_alto_intercept	2.0338014081201856	praat
c0516	grp_alto_r_squared	0.19626990984199127	praat
c0516	grp_alto_n	15	praat
c0516	grp_alto_slope_se	0.02016568026267525	praat
c0516	grp_alto_slope_t	1.7817362819543971	praat
c0516	grp_alto_p	0.09815274835443646	praat
c0517	overall_slope	0.03229799522459926	praat
c0517	overall_intercept	2.5755616050186325	praat
c0517	overall_slope_se	0.019230803740830537	praat
c0517	overall_intercept_se	1.71373859219435	praat
c0517	overall_slope_t	1.6794927377904996	praat
c0517	overall_intercept_t	1.502890590635976	praat
c0517	overall_slope_p	0.10030896494616393	praat
c0517	overall_intercept_p	0.14017654291170523	praat
c0517	overall_r_squared	0.061559428628881356	praat
c0517	overall_residual_se	0.6937819189371837	praat
c0517	n	45	praat
c0517	pg_total	3	praat
c0517	pg_run	3	praat
c0517	pg_skipped	0	praat
c0517	grp_alto_slope	0.035929924174300173	praat
c0517	grp_alto_intercept	2.0338014081201856	praat
c0517	grp_alto_r_squared	0.19626990984199127	praat
c0517	grp_alto_n	15	praat
c0517	grp_alto_slope_se	0.02016568026267525	praat
c0517	grp_alto_slope_t	1.7817362819543971	praat
c0517	grp_alto_p	0.09815274835443646	praat
c0517	grp_mezzo_slope	-0.062423359823995384	praat
c0517	grp_mezzo_intercept	11.006227710233194	praat
c0517	grp_mezzo_r_squared	0.07691049333927695	praat
c0517	grp_mezzo_n	15	praat
c0517	grp_mezzo_slope_se	0.05997973910944486	praat
c0517	grp_mezzo_slope_t	-1.0407407693136452	praat
c0517	grp_mezzo_p	0.31696548481548725	praat
c0517	grp_soprano_slope	0.014997473599550453	praat
c0517	grp_soprano_intercept	4.320214344573295	praat
c0517	grp_soprano_r_squared	0.004424874534940863	praat
c0517	grp_soprano_n	15	praat
c0517	grp_soprano_slope_se	0.062392583376193196	praat
c0517	grp_soprano_slope_t	0.24037269797155023	praat
c0517	grp_soprano_p	0.8137903270650865	praat
c0518	overall_slope	1.0506230529595015	praat
c0518	overall_intercept	4.833956386292835	praat
c0518	overall_slope_se	0.4205210387824557	praat
c0518	overall_intercept_se	1.564428696288863	praat
c0518	overall_slope_t	2.49838404280888	praat
c0518	overall_intercept_t	3.0899179986661864	praat
c0518	overall_slope_p	0.0159537406513298	praat
c0518	overall_intercept_p	0.003326955307946152	praat
c0518	overall_r_squared	0.11507561864019115	praat
c0518	overall_residual_se	5.219884138614644	praat
c0518	n	50	praat
c0518	pg_total	5	praat
c0518	pg_run	5	praat
c0518	pg_skipped	0	praat
c0518	grp_welch_slope	1.5	praat
c0518	grp_welch_intercept	7.5	praat
c0518	grp_welch_r_squared	0.4999999999999999	praat
c0518	grp_welch_n	10	praat
c0518	grp_welch_slope_se	0.5303300858899106	praat
c0518	grp_welch_slope_t	2.8284271247461903	praat
c0518	grp_welch_p	0.022203904140477237	praat
c0518	grp_paired_slope	0.5428571428571428	praat
c0518	grp_paired_intercept	12.766666666666666	praat
c0518	grp_paired_r_squared	0.1502080443828017	praat
c0518	grp_paired_n	12	praat
c0518	grp_paired_slope_se	0.4083149378058243	praat
c0518	grp_paired_slope_t	1.3295059587442783	praat
c0518	grp_paired_p	0.21321204470698207	praat
c0518	grp_corr_slope	1.3535714285714282	praat
c0518	grp_corr_intercept	0.15714285714285836	praat
c0518	grp_corr_r_squared	0.6781788823629392	praat
c0518	grp_corr_n	14	praat
c0518	grp_corr_slope_se	0.26916940459002203	praat
c0518	grp_corr_slope_t	5.028697190280906	praat
c0518	grp_corr_p	0.0002948163211683971	praat
c0518	grp_perfect_slope	0	praat
c0518	grp_perfect_intercept	3	praat
c0518	grp_perfect_r_squared	0	praat
c0518	grp_perfect_n	10	praat
c0518	grp_perfect_slope_se	0.3535533905932738	praat
c0518	grp_perfect_slope_t	0	praat
c0518	grp_perfect_p	1	praat
c0518	grp_mwu_slope	2	praat
c0518	grp_mwu_intercept	-0.5	praat
c0518	grp_mwu_r_squared	0.7999999999999999	praat
c0518	grp_mwu_n	4	praat
c0518	grp_mwu_slope_se	0.7071067811865476	praat
c0518	grp_mwu_slope_t	2.82842712474619	praat
c0518	grp_mwu_p	0.10557280900008416	praat
c0519	overall_slope	1.0506230529595015	praat
c0519	overall_intercept	4.833956386292835	praat
c0519	overall_slope_se	0.4205210387824557	praat
c0519	overall_intercept_se	1.564428696288863	praat
c0519	overall_slope_t	2.49838404280888	praat
c0519	overall_intercept_t	3.0899179986661864	praat
c0519	overall_slope_p	0.0159537406513298	praat
c0519	overall_intercept_p	0.003326955307946152	praat
c0519	overall_r_squared	0.11507561864019115	praat
c0519	overall_residual_se	5.219884138614644	praat
c0519	n	50	praat
c0519	pg_total	5	praat
c0519	pg_run	5	praat
c0519	pg_skipped	0	praat
c0519	grp_corr_slope	1.3535714285714282	praat
c0519	grp_corr_intercept	0.15714285714285836	praat
c0519	grp_corr_r_squared	0.6781788823629392	praat
c0519	grp_corr_n	14	praat
c0519	grp_corr_slope_se	0.26916940459002203	praat
c0519	grp_corr_slope_t	5.028697190280906	praat
c0519	grp_corr_p	0.0002948163211683971	praat
c0519	grp_mwu_slope	2	praat
c0519	grp_mwu_intercept	-0.5	praat
c0519	grp_mwu_r_squared	0.7999999999999999	praat
c0519	grp_mwu_n	4	praat
c0519	grp_mwu_slope_se	0.7071067811865476	praat
c0519	grp_mwu_slope_t	2.82842712474619	praat
c0519	grp_mwu_p	0.10557280900008416	praat
c0519	grp_paired_slope	0.5428571428571428	praat
c0519	grp_paired_intercept	12.766666666666666	praat
c0519	grp_paired_r_squared	0.1502080443828017	praat
c0519	grp_paired_n	12	praat
c0519	grp_paired_slope_se	0.4083149378058243	praat
c0519	grp_paired_slope_t	1.3295059587442783	praat
c0519	grp_paired_p	0.21321204470698207	praat
c0519	grp_perfect_slope	0	praat
c0519	grp_perfect_intercept	3	praat
c0519	grp_perfect_r_squared	0	praat
c0519	grp_perfect_n	10	praat
c0519	grp_perfect_slope_se	0.3535533905932738	praat
c0519	grp_perfect_slope_t	0	praat
c0519	grp_perfect_p	1	praat
c0519	grp_welch_slope	1.5	praat
c0519	grp_welch_intercept	7.5	praat
c0519	grp_welch_r_squared	0.4999999999999999	praat
c0519	grp_welch_n	10	praat
c0519	grp_welch_slope_se	0.5303300858899106	praat
c0519	grp_welch_slope_t	2.8284271247461903	praat
c0519	grp_welch_p	0.022203904140477237	praat
c0520	n	20	praat
c0520	n_excluded	0	praat
c0520	f	583.1232359492722	praat
c0520	df_between	2	praat
c0520	df_within	38	praat
c0520	p	3.0359601434773946e-29	praat
c0520	gg_epsilon	0.8485644512752254	praat
c0520	gg_p	3.728026543095773e-25	praat
c0520	ss_between	4693.695019456338	praat
c0520	ss_within	152.93543435032745	praat
c0520	mean_spl_soft	72.46457000000001	praat
c0520	mean_spl_medium	83.35460499999998	praat
c0520	mean_spl_loud	94.12940500000002	praat
c0520	partial_eta_squared	0.9684449978582114	praat
c0521	n	20	praat
c0521	n_excluded	0	praat
c0521	f	583.1232359492722	praat
c0521	df_between	2	praat
c0521	df_within	38	praat
c0521	p	3.0359601434773946e-29	praat
c0521	gg_epsilon	0.8485644512752254	praat
c0521	gg_p	3.728026543095773e-25	praat
c0521	ss_between	4693.695019456338	praat
c0521	ss_within	152.93543435032745	praat
c0521	mean_spl_soft	72.46457000000001	praat
c0521	mean_spl_medium	83.35460499999998	praat
c0521	mean_spl_loud	94.12940500000002	praat
c0521	partial_eta_squared	0.9684449978582114	praat
c0521	posthoc_spl_soft__spl_medium_p	1.538445482638607e-12	praat
c0521	posthoc_spl_soft__spl_medium_padj	4.615336447915821e-12	praat
c0521	posthoc_spl_soft__spl_medium_diff	-10.890035000000001	praat
c0521	posthoc_spl_soft__spl_medium_ci_low	-12.663299864140415	praat
c0521	posthoc_spl_soft__spl_medium_ci_high	-9.116770135859587	praat
c0521	posthoc_spl_soft__spl_loud_p	1.0687107473120863e-20	praat
c0521	posthoc_spl_soft__spl_loud_padj	3.206132241936259e-20	praat
c0521	posthoc_spl_soft__spl_loud_diff	-21.664835	praat
c0521	posthoc_spl_soft__spl_loud_ci_low	-22.939779333765554	praat
c0521	posthoc_spl_soft__spl_loud_ci_high	-20.389890666234447	praat
c0521	posthoc_spl_medium__spl_loud_p	5.431213120434684e-12	praat
c0521	posthoc_spl_medium__spl_loud_padj	1.6293639361304055e-11	praat
c0521	posthoc_spl_medium__spl_loud_diff	-10.774799999999999	praat
c0521	posthoc_spl_medium__spl_loud_ci_low	-12.659039199675474	praat
c0521	posthoc_spl_medium__spl_loud_ci_high	-8.890560800324524	praat
c0522	n	20	praat
c0522	n_excluded	0	praat
c0522	f	583.1232359492722	praat
c0522	df_between	2	praat
c0522	df_within	38	praat
c0522	p	3.0359601434773946e-29	praat
c0522	gg_epsilon	0.8485644512752254	praat
c0522	gg_p	3.728026543095773e-25	praat
c0522	ss_between	4693.695019456338	praat
c0522	ss_within	152.93543435032745	praat
c0522	mean_spl_soft	72.46457000000001	praat
c0522	mean_spl_medium	83.35460499999998	praat
c0522	mean_spl_loud	94.12940500000002	praat
c0522	partial_eta_squared	0.9684449978582114	praat
c0522	posthoc_spl_soft__spl_medium_p	1.538445482638607e-12	praat
c0522	posthoc_spl_soft__spl_medium_padj	3.076890965277214e-12	praat
c0522	posthoc_spl_soft__spl_medium_diff	-10.890035000000001	praat
c0522	posthoc_spl_soft__spl_loud_p	1.0687107473120863e-20	praat
c0522	posthoc_spl_soft__spl_loud_padj	3.206132241936259e-20	praat
c0522	posthoc_spl_soft__spl_loud_diff	-21.664835	praat
c0522	posthoc_spl_medium__spl_loud_p	5.431213120434684e-12	praat
c0522	posthoc_spl_medium__spl_loud_padj	5.431213120434684e-12	praat
c0522	posthoc_spl_medium__spl_loud_diff	-10.774799999999999	praat
c0523	n	20	praat
c0523	n_excluded	0	praat
c0523	f	583.1232359492722	praat
c0523	df_between	2	praat
c0523	df_within	38	praat
c0523	p	3.0359601434773946e-29	praat
c0523	gg_epsilon	0.8485644512752254	praat
c0523	gg_p	3.728026543095773e-25	praat
c0523	ss_between	4693.695019456338	praat
c0523	ss_within	152.93543435032745	praat
c0523	mean_spl_soft	72.46457000000001	praat
c0523	mean_spl_medium	83.35460499999998	praat
c0523	mean_spl_loud	94.12940500000002	praat
c0523	partial_eta_squared	0.9684449978582114	praat
c0523	posthoc_spl_soft__spl_medium_p	1.538445482638607e-12	praat
c0523	posthoc_spl_soft__spl_medium_padj	2.3076682239579105e-12	praat
c0523	posthoc_spl_soft__spl_medium_diff	-10.890035000000001	praat
c0523	posthoc_spl_soft__spl_loud_p	1.0687107473120863e-20	praat
c0523	posthoc_spl_soft__spl_loud_padj	3.206132241936259e-20	praat
c0523	posthoc_spl_soft__spl_loud_diff	-21.664835	praat
c0523	posthoc_spl_medium__spl_loud_p	5.431213120434684e-12	praat
c0523	posthoc_spl_medium__spl_loud_padj	5.431213120434685e-12	praat
c0523	posthoc_spl_medium__spl_loud_diff	-10.774799999999999	praat
c0524	n	20	praat
c0524	n_excluded	0	praat
c0524	f	583.123235949265	praat
c0524	df_between	2	praat
c0524	df_within	38	praat
c0524	p	3.0359601434780874e-29	praat
c0524	gg_epsilon	0.8485644512752187	praat
c0524	gg_p	3.7280265430980013e-25	praat
c0524	ss_between	4693.695019456338	praat
c0524	ss_within	152.93543435032933	praat
c0524	mean_spl_loud	94.12940500000002	praat
c0524	mean_spl_medium	83.35460499999998	praat
c0524	mean_spl_soft	72.46457000000001	praat
c0524	partial_eta_squared	0.968444997858211	praat
c0525	n	20	praat
c0525	n_excluded	0	praat
c0525	f	583.123235949265	praat
c0525	df_between	2	praat
c0525	df_within	38	praat
c0525	p	3.0359601434780874e-29	praat
c0525	gg_epsilon	0.8485644512752187	praat
c0525	gg_p	3.7280265430980013e-25	praat
c0525	ss_between	4693.695019456338	praat
c0525	ss_within	152.93543435032933	praat
c0525	mean_spl_loud	94.12940500000002	praat
c0525	mean_spl_medium	83.35460499999998	praat
c0525	mean_spl_soft	72.46457000000001	praat
c0525	partial_eta_squared	0.968444997858211	praat
c0525	posthoc_spl_loud__spl_medium_p	5.431213120434684e-12	praat
c0525	posthoc_spl_loud__spl_medium_padj	1.6293639361304055e-11	praat
c0525	posthoc_spl_loud__spl_medium_diff	10.774799999999999	praat
c0525	posthoc_spl_loud__spl_medium_ci_low	8.890560800324524	praat
c0525	posthoc_spl_loud__spl_medium_ci_high	12.659039199675474	praat
c0525	posthoc_spl_loud__spl_soft_p	1.0687107473120863e-20	praat
c0525	posthoc_spl_loud__spl_soft_padj	3.206132241936259e-20	praat
c0525	posthoc_spl_loud__spl_soft_diff	21.664835	praat
c0525	posthoc_spl_loud__spl_soft_ci_low	20.389890666234447	praat
c0525	posthoc_spl_loud__spl_soft_ci_high	22.939779333765554	praat
c0525	posthoc_spl_medium__spl_soft_p	1.538445482638607e-12	praat
c0525	posthoc_spl_medium__spl_soft_padj	4.615336447915821e-12	praat
c0525	posthoc_spl_medium__spl_soft_diff	10.890035000000001	praat
c0525	posthoc_spl_medium__spl_soft_ci_low	9.116770135859587	praat
c0525	posthoc_spl_medium__spl_soft_ci_high	12.663299864140415	praat
c0526	n	20	praat
c0526	n_excluded	0	praat
c0526	f	583.123235949265	praat
c0526	df_between	2	praat
c0526	df_within	38	praat
c0526	p	3.0359601434780874e-29	praat
c0526	gg_epsilon	0.8485644512752187	praat
c0526	gg_p	3.7280265430980013e-25	praat
c0526	ss_between	4693.695019456338	praat
c0526	ss_within	152.93543435032933	praat
c0526	mean_spl_loud	94.12940500000002	praat
c0526	mean_spl_medium	83.35460499999998	praat
c0526	mean_spl_soft	72.46457000000001	praat
c0526	partial_eta_squared	0.968444997858211	praat
c0526	posthoc_spl_loud__spl_medium_p	5.431213120434684e-12	praat
c0526	posthoc_spl_loud__spl_medium_padj	5.431213120434684e-12	praat
c0526	posthoc_spl_loud__spl_medium_diff	10.774799999999999	praat
c0526	posthoc_spl_loud__spl_soft_p	1.0687107473120863e-20	praat
c0526	posthoc_spl_loud__spl_soft_padj	3.206132241936259e-20	praat
c0526	posthoc_spl_loud__spl_soft_diff	21.664835	praat
c0526	posthoc_spl_medium__spl_soft_p	1.538445482638607e-12	praat
c0526	posthoc_spl_medium__spl_soft_padj	3.076890965277214e-12	praat
c0526	posthoc_spl_medium__spl_soft_diff	10.890035000000001	praat
c0527	n	20	praat
c0527	n_excluded	0	praat
c0527	f	583.123235949265	praat
c0527	df_between	2	praat
c0527	df_within	38	praat
c0527	p	3.0359601434780874e-29	praat
c0527	gg_epsilon	0.8485644512752187	praat
c0527	gg_p	3.7280265430980013e-25	praat
c0527	ss_between	4693.695019456338	praat
c0527	ss_within	152.93543435032933	praat
c0527	mean_spl_loud	94.12940500000002	praat
c0527	mean_spl_medium	83.35460499999998	praat
c0527	mean_spl_soft	72.46457000000001	praat
c0527	partial_eta_squared	0.968444997858211	praat
c0527	posthoc_spl_loud__spl_medium_p	5.431213120434684e-12	praat
c0527	posthoc_spl_loud__spl_medium_padj	5.431213120434685e-12	praat
c0527	posthoc_spl_loud__spl_medium_diff	10.774799999999999	praat
c0527	posthoc_spl_loud__spl_soft_p	1.0687107473120863e-20	praat
c0527	posthoc_spl_loud__spl_soft_padj	3.206132241936259e-20	praat
c0527	posthoc_spl_loud__spl_soft_diff	21.664835	praat
c0527	posthoc_spl_medium__spl_soft_p	1.538445482638607e-12	praat
c0527	posthoc_spl_medium__spl_soft_padj	2.3076682239579105e-12	praat
c0527	posthoc_spl_medium__spl_soft_diff	10.890035000000001	praat
c0528	refused	1	praat
c0528	refuse_reason	The subject x condition residual is zero: every subject shows exactly the same pattern across conditions. The error term for the F test is therefore zero and F is undefined. Data that behaves this way is usually simulated, already averaged, or derived from one of its own columns.	praat
c0529	refused	1	praat
c0529	refuse_reason	The subject x condition residual is zero: every subject shows exactly the same pattern across conditions. The error term for the F test is therefore zero and F is undefined. Data that behaves this way is usually simulated, already averaged, or derived from one of its own columns.	praat
c0530	refused	1	praat
c0530	refuse_reason	The subject x condition residual is zero: every subject shows exactly the same pattern across conditions. The error term for the F test is therefore zero and F is undefined. Data that behaves this way is usually simulated, already averaged, or derived from one of its own columns.	praat
c0531	refused	1	praat
c0531	refuse_reason	The subject x condition residual is zero: every subject shows exactly the same pattern across conditions. The error term for the F test is therefore zero and F is undefined. Data that behaves this way is usually simulated, already averaged, or derived from one of its own columns.	praat
c0532	n	2	praat
c0532	n_excluded	0	praat
c0532	f	111	praat
c0532	df_between	2	praat
c0532	df_within	2	praat
c0532	p	0.008928571428571433	praat
c0532	gg_epsilon	0.5000000000000004	praat
c0532	gg_p	0.06024479202053782	praat
c0532	ss_between	111	praat
c0532	ss_within	1	praat
c0532	mean_soft	11	praat
c0532	mean_medium	15.5	praat
c0532	mean_loud	21.5	praat
c0532	partial_eta_squared	0.9910714285714286	praat
c0533	n	2	praat
c0533	n_excluded	0	praat
c0533	f	111	praat
c0533	df_between	2	praat
c0533	df_within	2	praat
c0533	p	0.008928571428571433	praat
c0533	gg_epsilon	0.5000000000000004	praat
c0533	gg_p	0.06024479202053782	praat
c0533	ss_between	111	praat
c0533	ss_within	1	praat
c0533	mean_soft	11	praat
c0533	mean_medium	15.5	praat
c0533	mean_loud	21.5	praat
c0533	partial_eta_squared	0.9910714285714286	praat
c0533	posthoc_soft__medium_p	0.07044657495455449	praat
c0533	posthoc_soft__medium_padj	0.21133972486366348	praat
c0533	posthoc_soft__medium_diff	-4.5	praat
c0533	posthoc_soft__medium_ci_low	-23.594229648512727	praat
c0533	posthoc_soft__medium_ci_high	14.594229648512727	praat
c0533	posthoc_soft__loud_p	0.03029234437673627	praat
c0533	posthoc_soft__loud_padj	0.09087703313020881	praat
c0533	posthoc_soft__loud_diff	-10.5	praat
c0533	posthoc_soft__loud_ci_low	-29.594229648512727	praat
c0533	posthoc_soft__loud_ci_high	8.594229648512727	praat
c0533	posthoc_medium__loud_p	0.10513691342250682	praat
c0533	posthoc_medium__loud_padj	0.3154107402675205	praat
c0533	posthoc_medium__loud_diff	-6	praat
c0533	posthoc_medium__loud_ci_low	-44.18845929702545	praat
c0533	posthoc_medium__loud_ci_high	32.18845929702545	praat
c0534	n	2	praat
c0534	n_excluded	0	praat
c0534	f	111	praat
c0534	df_between	2	praat
c0534	df_within	2	praat
c0534	p	0.008928571428571433	praat
c0534	gg_epsilon	0.5000000000000004	praat
c0534	gg_p	0.06024479202053782	praat
c0534	ss_between	111	praat
c0534	ss_within	1	praat
c0534	mean_soft	11	praat
c0534	mean_medium	15.5	praat
c0534	mean_loud	21.5	praat
c0534	partial_eta_squared	0.9910714285714286	praat
c0534	posthoc_soft__medium_p	0.07044657495455449	praat
c0534	posthoc_soft__medium_padj	0.14089314990910898	praat
c0534	posthoc_soft__medium_diff	-4.5	praat
c0534	posthoc_soft__loud_p	0.03029234437673627	praat
c0534	posthoc_soft__loud_padj	0.09087703313020881	praat
c0534	posthoc_soft__loud_diff	-10.5	praat
c0534	posthoc_medium__loud_p	0.10513691342250682	praat
c0534	posthoc_medium__loud_padj	0.14089314990910898	praat
c0534	posthoc_medium__loud_diff	-6	praat
c0535	n	2	praat
c0535	n_excluded	0	praat
c0535	f	111	praat
c0535	df_between	2	praat
c0535	df_within	2	praat
c0535	p	0.008928571428571433	praat
c0535	gg_epsilon	0.5000000000000004	praat
c0535	gg_p	0.06024479202053782	praat
c0535	ss_between	111	praat
c0535	ss_within	1	praat
c0535	mean_soft	11	praat
c0535	mean_medium	15.5	praat
c0535	mean_loud	21.5	praat
c0535	partial_eta_squared	0.9910714285714286	praat
c0535	posthoc_soft__medium_p	0.07044657495455449	praat
c0535	posthoc_soft__medium_padj	0.10513691342250682	praat
c0535	posthoc_soft__medium_diff	-4.5	praat
c0535	posthoc_soft__loud_p	0.03029234437673627	praat
c0535	posthoc_soft__loud_padj	0.09087703313020881	praat
c0535	posthoc_soft__loud_diff	-10.5	praat
c0535	posthoc_medium__loud_p	0.10513691342250682	praat
c0535	posthoc_medium__loud_padj	0.10513691342250682	praat
c0535	posthoc_medium__loud_diff	-6	praat
c0536	n	20	praat
c0536	n_excluded	0	praat
c0536	f	59.6905789300415	praat
c0536	df_between	1	praat
c0536	df_within	19	praat
c0536	p	2.801437932051397e-07	praat
c0536	gg_epsilon	1	praat
c0536	gg_p	2.801437932051397e-07	praat
c0536	ss_between	5.306634394200042	praat
c0536	ss_within	1.6891451766278038	praat
c0536	mean_jitter_pre	2.695592193038029	praat
c0536	mean_jitter_post	1.9671256945495919	praat
c0536	partial_eta_squared	0.7585479703117749	praat
c0537	n	20	praat
c0537	n_excluded	0	praat
c0537	f	59.6905789300415	praat
c0537	df_between	1	praat
c0537	df_within	19	praat
c0537	p	2.801437932051397e-07	praat
c0537	gg_epsilon	1	praat
c0537	gg_p	2.801437932051397e-07	praat
c0537	ss_between	5.306634394200042	praat
c0537	ss_within	1.6891451766278038	praat
c0537	mean_jitter_pre	2.695592193038029	praat
c0537	mean_jitter_post	1.9671256945495919	praat
c0537	partial_eta_squared	0.7585479703117749	praat
c0537	posthoc_jitter_pre__jitter_post_p	2.801437932051329e-07	praat
c0537	posthoc_jitter_pre__jitter_post_padj	2.801437932051329e-07	praat
c0537	posthoc_jitter_pre__jitter_post_diff	0.7284664984884376	praat
c0537	posthoc_jitter_pre__jitter_post_ci_low	0.531119326268408	praat
c0537	posthoc_jitter_pre__jitter_post_ci_high	0.9258136707084672	praat
c0538	n	20	praat
c0538	n_excluded	0	praat
c0538	f	59.6905789300415	praat
c0538	df_between	1	praat
c0538	df_within	19	praat
c0538	p	2.801437932051397e-07	praat
c0538	gg_epsilon	1	praat
c0538	gg_p	2.801437932051397e-07	praat
c0538	ss_between	5.306634394200042	praat
c0538	ss_within	1.6891451766278038	praat
c0538	mean_jitter_pre	2.695592193038029	praat
c0538	mean_jitter_post	1.9671256945495919	praat
c0538	partial_eta_squared	0.7585479703117749	praat
c0538	posthoc_jitter_pre__jitter_post_p	2.801437932051329e-07	praat
c0538	posthoc_jitter_pre__jitter_post_padj	2.801437932051329e-07	praat
c0538	posthoc_jitter_pre__jitter_post_diff	0.7284664984884376	praat
c0539	n	20	praat
c0539	n_excluded	0	praat
c0539	f	59.6905789300415	praat
c0539	df_between	1	praat
c0539	df_within	19	praat
c0539	p	2.801437932051397e-07	praat
c0539	gg_epsilon	1	praat
c0539	gg_p	2.801437932051397e-07	praat
c0539	ss_between	5.306634394200042	praat
c0539	ss_within	1.6891451766278038	praat
c0539	mean_jitter_pre	2.695592193038029	praat
c0539	mean_jitter_post	1.9671256945495919	praat
c0539	partial_eta_squared	0.7585479703117749	praat
c0539	posthoc_jitter_pre__jitter_post_p	2.801437932051329e-07	praat
c0539	posthoc_jitter_pre__jitter_post_padj	2.801437932051329e-07	praat
c0539	posthoc_jitter_pre__jitter_post_diff	0.7284664984884376	praat
c0540	n	20	praat
c0540	n_excluded	0	praat
c0540	chi_square	40	praat
c0540	df	2	praat
c0540	p	2.0611536224385566e-09	praat
c0540	kendalls_w	1	praat
c0541	n	20	praat
c0541	n_excluded	0	praat
c0541	chi_square	40	praat
c0541	df	2	praat
c0541	p	2.0611536224385566e-09	praat
c0541	kendalls_w	1	praat
c0541	posthoc_spl_soft__spl_medium_p	1.9073486328125e-06	praat
c0541	posthoc_spl_soft__spl_medium_padj	5.7220458984375e-06	praat
c0541	posthoc_spl_soft__spl_medium_diff	-10.530375000000006	praat
c0541	posthoc_spl_soft__spl_medium_ci_low	-12.731199999999994	praat
c0541	posthoc_spl_soft__spl_medium_ci_high	-9.130049999999997	praat
c0541	posthoc_spl_soft__spl_loud_p	1.9073486328125e-06	praat
c0541	posthoc_spl_soft__spl_loud_padj	5.7220458984375e-06	praat
c0541	posthoc_spl_soft__spl_loud_diff	-21.549325	praat
c0541	posthoc_spl_soft__spl_loud_ci_low	-22.945499999999996	praat
c0541	posthoc_spl_soft__spl_loud_ci_high	-20.35485	praat
c0541	posthoc_spl_medium__spl_loud_p	1.9073486328125e-06	praat
c0541	posthoc_spl_medium__spl_loud_padj	5.7220458984375e-06	praat
c0541	posthoc_spl_medium__spl_loud_diff	-11.216649999999998	praat
c0541	posthoc_spl_medium__spl_loud_ci_low	-12.587449999999997	praat
c0541	posthoc_spl_medium__spl_loud_ci_high	-8.8814	praat
c0542	n	20	praat
c0542	n_excluded	0	praat
c0542	chi_square	40	praat
c0542	df	2	praat
c0542	p	2.0611536224385566e-09	praat
c0542	kendalls_w	1	praat
c0542	posthoc_spl_soft__spl_medium_p	1.9073486328125e-06	praat
c0542	posthoc_spl_soft__spl_medium_padj	5.7220458984375e-06	praat
c0542	posthoc_spl_soft__spl_medium_diff	-10.530375000000006	praat
c0542	posthoc_spl_soft__spl_loud_p	1.9073486328125e-06	praat
c0542	posthoc_spl_soft__spl_loud_padj	5.7220458984375e-06	praat
c0542	posthoc_spl_soft__spl_loud_diff	-21.549325	praat
c0542	posthoc_spl_medium__spl_loud_p	1.9073486328125e-06	praat
c0542	posthoc_spl_medium__spl_loud_padj	5.7220458984375e-06	praat
c0542	posthoc_spl_medium__spl_loud_diff	-11.216649999999998	praat
c0543	n	20	praat
c0543	n_excluded	0	praat
c0543	chi_square	40	praat
c0543	df	2	praat
c0543	p	2.0611536224385566e-09	praat
c0543	kendalls_w	1	praat
c0543	posthoc_spl_soft__spl_medium_p	1.9073486328125e-06	praat
c0543	posthoc_spl_soft__spl_medium_padj	1.9073486328125e-06	praat
c0543	posthoc_spl_soft__spl_medium_diff	-10.530375000000006	praat
c0543	posthoc_spl_soft__spl_loud_p	1.9073486328125e-06	praat
c0543	posthoc_spl_soft__spl_loud_padj	1.9073486328125e-06	praat
c0543	posthoc_spl_soft__spl_loud_diff	-21.549325	praat
c0543	posthoc_spl_medium__spl_loud_p	1.9073486328125e-06	praat
c0543	posthoc_spl_medium__spl_loud_padj	1.9073486328125e-06	praat
c0543	posthoc_spl_medium__spl_loud_diff	-11.216649999999998	praat
c0544	n	20	praat
c0544	n_excluded	0	praat
c0544	chi_square	40	praat
c0544	df	2	praat
c0544	p	2.0611536224385566e-09	praat
c0544	kendalls_w	1	praat
c0545	n	20	praat
c0545	n_excluded	0	praat
c0545	chi_square	40	praat
c0545	df	2	praat
c0545	p	2.0611536224385566e-09	praat
c0545	kendalls_w	1	praat
c0545	posthoc_spl_loud__spl_medium_p	1.9073486328125e-06	praat
c0545	posthoc_spl_loud__spl_medium_padj	5.7220458984375e-06	praat
c0545	posthoc_spl_loud__spl_medium_diff	11.216649999999998	praat
c0545	posthoc_spl_loud__spl_medium_ci_low	8.8814	praat
c0545	posthoc_spl_loud__spl_medium_ci_high	12.587449999999997	praat
c0545	posthoc_spl_loud__spl_soft_p	1.9073486328125e-06	praat
c0545	posthoc_spl_loud__spl_soft_padj	5.7220458984375e-06	praat
c0545	posthoc_spl_loud__spl_soft_diff	21.549325	praat
c0545	posthoc_spl_loud__spl_soft_ci_low	20.35485	praat
c0545	posthoc_spl_loud__spl_soft_ci_high	22.945499999999996	praat
c0545	posthoc_spl_medium__spl_soft_p	1.9073486328125e-06	praat
c0545	posthoc_spl_medium__spl_soft_padj	5.7220458984375e-06	praat
c0545	posthoc_spl_medium__spl_soft_diff	10.530375000000006	praat
c0545	posthoc_spl_medium__spl_soft_ci_low	9.130049999999997	praat
c0545	posthoc_spl_medium__spl_soft_ci_high	12.731199999999994	praat
c0546	n	20	praat
c0546	n_excluded	0	praat
c0546	chi_square	40	praat
c0546	df	2	praat
c0546	p	2.0611536224385566e-09	praat
c0546	kendalls_w	1	praat
c0546	posthoc_spl_loud__spl_medium_p	1.9073486328125e-06	praat
c0546	posthoc_spl_loud__spl_medium_padj	5.7220458984375e-06	praat
c0546	posthoc_spl_loud__spl_medium_diff	11.216649999999998	praat
c0546	posthoc_spl_loud__spl_soft_p	1.9073486328125e-06	praat
c0546	posthoc_spl_loud__spl_soft_padj	5.7220458984375e-06	praat
c0546	posthoc_spl_loud__spl_soft_diff	21.549325	praat
c0546	posthoc_spl_medium__spl_soft_p	1.9073486328125e-06	praat
c0546	posthoc_spl_medium__spl_soft_padj	5.7220458984375e-06	praat
c0546	posthoc_spl_medium__spl_soft_diff	10.530375000000006	praat
c0547	n	20	praat
c0547	n_excluded	0	praat
c0547	chi_square	40	praat
c0547	df	2	praat
c0547	p	2.0611536224385566e-09	praat
c0547	kendalls_w	1	praat
c0547	posthoc_spl_loud__spl_medium_p	1.9073486328125e-06	praat
c0547	posthoc_spl_loud__spl_medium_padj	1.9073486328125e-06	praat
c0547	posthoc_spl_loud__spl_medium_diff	11.216649999999998	praat
c0547	posthoc_spl_loud__spl_soft_p	1.9073486328125e-06	praat
c0547	posthoc_spl_loud__spl_soft_padj	1.9073486328125e-06	praat
c0547	posthoc_spl_loud__spl_soft_diff	21.549325	praat
c0547	posthoc_spl_medium__spl_soft_p	1.9073486328125e-06	praat
c0547	posthoc_spl_medium__spl_soft_padj	1.9073486328125e-06	praat
c0547	posthoc_spl_medium__spl_soft_diff	10.530375000000006	praat
c0548	n	4	praat
c0548	n_excluded	0	praat
c0548	chi_square	8	praat
c0548	df	2	praat
c0548	p	0.018315638888734182	praat
c0548	kendalls_w	1	praat
c0549	n	4	praat
c0549	n_excluded	0	praat
c0549	chi_square	8	praat
c0549	df	2	praat
c0549	p	0.018315638888734182	praat
c0549	kendalls_w	1	praat
c0549	posthoc_soft__medium_p	0.07186063822585156	praat
c0549	posthoc_soft__medium_padj	0.2155819146775547	praat
c0549	posthoc_soft__medium_diff	-10	praat
c0549	posthoc_soft__medium_ci_low_undefined	1	praat
c0549	posthoc_soft__medium_ci_high_undefined	1	praat
c0549	posthoc_soft__loud_p	0.07186063822585156	praat
c0549	posthoc_soft__loud_padj	0.2155819146775547	praat
c0549	posthoc_soft__loud_diff	-20	praat
c0549	posthoc_soft__loud_ci_low_undefined	1	praat
c0549	posthoc_soft__loud_ci_high_undefined	1	praat
c0549	posthoc_medium__loud_p	0.07186063822585156	praat
c0549	posthoc_medium__loud_padj	0.2155819146775547	praat
c0549	posthoc_medium__loud_diff	-10	praat
c0549	posthoc_medium__loud_ci_low_undefined	1	praat
c0549	posthoc_medium__loud_ci_high_undefined	1	praat
c0550	n	4	praat
c0550	n_excluded	0	praat
c0550	chi_square	8	praat
c0550	df	2	praat
c0550	p	0.018315638888734182	praat
c0550	kendalls_w	1	praat
c0550	posthoc_soft__medium_p	0.07186063822585156	praat
c0550	posthoc_soft__medium_padj	0.2155819146775547	praat
c0550	posthoc_soft__medium_diff	-10	praat
c0550	posthoc_soft__loud_p	0.07186063822585156	praat
c0550	posthoc_soft__loud_padj	0.2155819146775547	praat
c0550	posthoc_soft__loud_diff	-20	praat
c0550	posthoc_medium__loud_p	0.07186063822585156	praat
c0550	posthoc_medium__loud_padj	0.2155819146775547	praat
c0550	posthoc_medium__loud_diff	-10	praat
c0551	n	4	praat
c0551	n_excluded	0	praat
c0551	chi_square	8	praat
c0551	df	2	praat
c0551	p	0.018315638888734182	praat
c0551	kendalls_w	1	praat
c0551	posthoc_soft__medium_p	0.07186063822585156	praat
c0551	posthoc_soft__medium_padj	0.07186063822585156	praat
c0551	posthoc_soft__medium_diff	-10	praat
c0551	posthoc_soft__loud_p	0.07186063822585156	praat
c0551	posthoc_soft__loud_padj	0.07186063822585156	praat
c0551	posthoc_soft__loud_diff	-20	praat
c0551	posthoc_medium__loud_p	0.07186063822585156	praat
c0551	posthoc_medium__loud_padj	0.07186063822585156	praat
c0551	posthoc_medium__loud_diff	-10	praat
c0552	n	2	praat
c0552	n_excluded	0	praat
c0552	chi_square	4	praat
c0552	df	2	praat
c0552	p	0.1353352832366127	praat
c0552	kendalls_w	1	praat
c0553	n	2	praat
c0553	n_excluded	0	praat
c0553	chi_square	4	praat
c0553	df	2	praat
c0553	p	0.1353352832366127	praat
c0553	kendalls_w	1	praat
c0553	posthoc_soft__medium_p	0.5	praat
c0553	posthoc_soft__medium_padj	1	praat
c0553	posthoc_soft__medium_diff	-4.5	praat
c0553	posthoc_soft__medium_ci_low	-5	praat
c0553	posthoc_soft__medium_ci_high	-4	praat
c0553	posthoc_soft__loud_p	0.5	praat
c0553	posthoc_soft__loud_padj	1	praat
c0553	posthoc_soft__loud_diff	-10.5	praat
c0553	posthoc_soft__loud_ci_low	-11	praat
c0553	posthoc_soft__loud_ci_high	-10	praat
c0553	posthoc_medium__loud_p	0.5	praat
c0553	posthoc_medium__loud_padj	1	praat
c0553	posthoc_medium__loud_diff	-6	praat
c0553	posthoc_medium__loud_ci_low	-7	praat
c0553	posthoc_medium__loud_ci_high	-5	praat
c0554	n	2	praat
c0554	n_excluded	0	praat
c0554	chi_square	4	praat
c0554	df	2	praat
c0554	p	0.1353352832366127	praat
c0554	kendalls_w	1	praat
c0554	posthoc_soft__medium_p	0.5	praat
c0554	posthoc_soft__medium_padj	1	praat
c0554	posthoc_soft__medium_diff	-4.5	praat
c0554	posthoc_soft__loud_p	0.5	praat
c0554	posthoc_soft__loud_padj	1	praat
c0554	posthoc_soft__loud_diff	-10.5	praat
c0554	posthoc_medium__loud_p	0.5	praat
c0554	posthoc_medium__loud_padj	1	praat
c0554	posthoc_medium__loud_diff	-6	praat
c0555	n	2	praat
c0555	n_excluded	0	praat
c0555	chi_square	4	praat
c0555	df	2	praat
c0555	p	0.1353352832366127	praat
c0555	kendalls_w	1	praat
c0555	posthoc_soft__medium_p	0.5	praat
c0555	posthoc_soft__medium_padj	0.5	praat
c0555	posthoc_soft__medium_diff	-4.5	praat
c0555	posthoc_soft__loud_p	0.5	praat
c0555	posthoc_soft__loud_padj	0.5	praat
c0555	posthoc_soft__loud_diff	-10.5	praat
c0555	posthoc_medium__loud_p	0.5	praat
c0555	posthoc_medium__loud_padj	0.5	praat
c0555	posthoc_medium__loud_diff	-6	praat
c0556	n	20	praat
c0556	n_excluded	0	praat
c0556	chi_square	12.800000000000011	praat
c0556	df	1	praat
c0556	p	0.0003466193511346646	praat
c0556	kendalls_w	0.6400000000000006	praat
c0557	n	20	praat
c0557	n_excluded	0	praat
c0557	chi_square	12.800000000000011	praat
c0557	df	1	praat
c0557	p	0.0003466193511346646	praat
c0557	kendalls_w	0.6400000000000006	praat
c0557	posthoc_jitter_pre__jitter_post_p	9.5367431640625e-06	praat
c0557	posthoc_jitter_pre__jitter_post_padj	9.5367431640625e-06	praat
c0557	posthoc_jitter_pre__jitter_post_diff	0.7562942799022089	praat
c0557	posthoc_jitter_pre__jitter_post_ci_low	0.5517313813600824	praat
c0557	posthoc_jitter_pre__jitter_post_ci_high	0.9356040365404837	praat
c0558	n	20	praat
c0558	n_excluded	0	praat
c0558	chi_square	12.800000000000011	praat
c0558	df	1	praat
c0558	p	0.0003466193511346646	praat
c0558	kendalls_w	0.6400000000000006	praat
c0558	posthoc_jitter_pre__jitter_post_p	9.5367431640625e-06	praat
c0558	posthoc_jitter_pre__jitter_post_padj	9.5367431640625e-06	praat
c0558	posthoc_jitter_pre__jitter_post_diff	0.7562942799022089	praat
c0559	n	20	praat
c0559	n_excluded	0	praat
c0559	chi_square	12.800000000000011	praat
c0559	df	1	praat
c0559	p	0.0003466193511346646	praat
c0559	kendalls_w	0.6400000000000006	praat
c0559	posthoc_jitter_pre__jitter_post_p	9.5367431640625e-06	praat
c0559	posthoc_jitter_pre__jitter_post_padj	9.5367431640625e-06	praat
c0559	posthoc_jitter_pre__jitter_post_diff	0.7562942799022089	praat
c0560	refused	1	praat
c0560	refuse_reason	Every value in every condition is identical, so there is no variance to partition.	praat
c0561	n	6	praat
c0561	n_excluded	0	praat
c0561	chi_square	0	praat
c0561	df	2	praat
c0561	p	1	praat
c0561	kendalls_w	0	praat
c0561	posthoc_spl_soft__spl_medium_p_undefined	1	praat
c0561	posthoc_spl_soft__spl_medium_padj_undefined	1	praat
c0561	posthoc_spl_soft__spl_medium_diff	0	praat
c0561	posthoc_spl_soft__spl_loud_p_undefined	1	praat
c0561	posthoc_spl_soft__spl_loud_padj_undefined	1	praat
c0561	posthoc_spl_soft__spl_loud_diff	0	praat
c0561	posthoc_spl_medium__spl_loud_p_undefined	1	praat
c0561	posthoc_spl_medium__spl_loud_padj_undefined	1	praat
c0561	posthoc_spl_medium__spl_loud_diff	0	praat
c0562	refused	1	praat
c0562	refuse_reason	The subject x condition residual is zero: every subject shows exactly the same pattern across conditions. The error term for the F test is therefore zero and F is undefined. Data that behaves this way is usually simulated, already averaged, or derived from one of its own columns. Assessed on 4 of 5 rows. N excluded 1 -- a row is used only when every column in the comparison has a value, which is what keeps the pairing intact. Treated as missing data. SPL_soft: 1 cell(s) are not numeric in any locale (row 3: n/a). Unrecognized nonnumeric token; excluded.	praat
c0563	n	4	praat
c0563	n_excluded	1	praat
c0563	chi_square	8	praat
c0563	df	2	praat
c0563	p	0.018315638888734182	praat
c0563	kendalls_w	1	praat
c0563	posthoc_spl_soft__spl_medium_p	0.07186063822585156	praat
c0563	posthoc_spl_soft__spl_medium_padj	0.2155819146775547	praat
c0563	posthoc_spl_soft__spl_medium_diff	-10	praat
c0563	posthoc_spl_soft__spl_loud_p	0.07186063822585156	praat
c0563	posthoc_spl_soft__spl_loud_padj	0.2155819146775547	praat
c0563	posthoc_spl_soft__spl_loud_diff	-20	praat
c0563	posthoc_spl_medium__spl_loud_p	0.07186063822585156	praat
c0563	posthoc_spl_medium__spl_loud_padj	0.2155819146775547	praat
c0563	posthoc_spl_medium__spl_loud_diff	-10	praat
c0564	refused	1	praat
c0564	refuse_reason	Need at least 2 condition columns.	praat
c0565	refused	1	praat
c0565	refuse_reason	Need at least 2 condition columns.	praat
c0566	alpha	0.8493397358943577	praat
c0566	alpha_ci_low	0.7518199836602204	praat
c0566	alpha_ci_high	0.9176253888333021	praat
c0566	n	24	praat
c0566	k	5	praat
c0566	n_excluded	0	praat
c0566	alpha_if_deleted_item1	0.8649845064187693	praat
c0566	alpha_if_deleted_item2	0.809044256665509	praat
c0566	alpha_if_deleted_item3	0.7639026695015355	praat
c0566	alpha_if_deleted_item4	0.828163466272772	praat
c0566	alpha_if_deleted_item5	0.814883433688436	praat
c0567	alpha	0.8493397358943577	praat
c0567	alpha_ci_low	0.7271721302911083	praat
c0567	alpha_ci_high	0.926969614607198	praat
c0567	n	24	praat
c0567	k	5	praat
c0567	n_excluded	0	praat
c0567	alpha_if_deleted_item1	0.8649845064187693	praat
c0567	alpha_if_deleted_item2	0.809044256665509	praat
c0567	alpha_if_deleted_item3	0.7639026695015355	praat
c0567	alpha_if_deleted_item4	0.828163466272772	praat
c0567	alpha_if_deleted_item5	0.814883433688436	praat
c0568	alpha	0.8493397358943577	praat
c0568	alpha_ci_low	0.6729382044477892	praat
c0568	alpha_ci_high	0.942847746916707	praat
c0568	n	24	praat
c0568	k	5	praat
c0568	n_excluded	0	praat
c0568	alpha_if_deleted_item1	0.8649845064187693	praat
c0568	alpha_if_deleted_item2	0.809044256665509	praat
c0568	alpha_if_deleted_item3	0.7639026695015355	praat
c0568	alpha_if_deleted_item4	0.828163466272772	praat
c0568	alpha_if_deleted_item5	0.814883433688436	praat
c0569	alpha	0.28685258964143445	praat
c0569	alpha_ci_low	-1.0095998172175378	praat
c0569	alpha_ci_high	0.7469251218357992	praat
c0569	n	12	praat
c0569	k	2	praat
c0569	n_excluded	0	praat
c0569	alpha_if_deleted_item1_undefined	1	praat
c0569	alpha_if_deleted_item2_undefined	1	praat
c0570	alpha	0.28685258964143445	praat
c0570	alpha_ci_low	-1.4772594826468484	praat
c0570	alpha_ci_high	0.7947008650229355	praat
c0570	n	12	praat
c0570	k	2	praat
c0570	n_excluded	0	praat
c0570	alpha_if_deleted_item1_undefined	1	praat
c0570	alpha_if_deleted_item2_undefined	1	praat
c0571	alpha	0.28685258964143445	praat
c0571	alpha_ci_low	-2.7937068016869206	praat
c0571	alpha_ci_high	0.8659413456319343	praat
c0571	n	12	praat
c0571	k	2	praat
c0571	n_excluded	0	praat
c0571	alpha_if_deleted_item1_undefined	1	praat
c0571	alpha_if_deleted_item2_undefined	1	praat
c0572	alpha	0.8434293822309541	praat
c0572	alpha_ci_low	0.7333351735613672	praat
c0572	alpha_ci_high	0.9185244638495635	praat
c0572	n	21	praat
c0572	k	5	praat
c0572	n_excluded	3	praat
c0572	alpha_if_deleted_item1	0.8627678054429646	praat
c0572	alpha_if_deleted_item2	0.8106435643564357	praat
c0572	alpha_if_deleted_item3	0.7499999999999998	praat
c0572	alpha_if_deleted_item4	0.8134661628306423	praat
c0572	alpha_if_deleted_item5	0.8049414824447334	praat
c0573	alpha	0.8434293822309541	praat
c0573	alpha_ci_low	0.7049791230318669	praat
c0573	alpha_ci_high	0.9285140545042088	praat
c0573	n	21	praat
c0573	k	5	praat
c0573	n_excluded	3	praat
c0573	alpha_if_deleted_item1	0.8627678054429646	praat
c0573	alpha_if_deleted_item2	0.8106435643564357	praat
c0573	alpha_if_deleted_item3	0.7499999999999998	praat
c0573	alpha_if_deleted_item4	0.8134661628306423	praat
c0573	alpha_if_deleted_item5	0.8049414824447334	praat
c0574	alpha	0.8434293822309541	praat
c0574	alpha_ci_low	0.6420453912409133	praat
c0574	alpha_ci_high	0.9452827294278181	praat
c0574	n	21	praat
c0574	k	5	praat
c0574	n_excluded	3	praat
c0574	alpha_if_deleted_item1	0.8627678054429646	praat
c0574	alpha_if_deleted_item2	0.8106435643564357	praat
c0574	alpha_if_deleted_item3	0.7499999999999998	praat
c0574	alpha_if_deleted_item4	0.8134661628306423	praat
c0574	alpha_if_deleted_item5	0.8049414824447334	praat
c0575	alpha	-0.14101139205334817	praat
c0575	alpha_ci_low	-0.8795680971667004	praat
c0575	alpha_ci_high	0.3761436015321097	praat
c0575	n	24	praat
c0575	k	5	praat
c0575	n_excluded	0	praat
c0575	alpha_if_deleted_item1	-0.5458851391355832	praat
c0575	alpha_if_deleted_item2	-0.6610890943783945	praat
c0575	alpha_if_deleted_item3	0.7639026695015355	praat
c0575	alpha_if_deleted_item4	-1.729353233830846	praat
c0575	alpha_if_deleted_item5	-1.0431705590941258	praat
c0576	alpha	-0.14101139205334817	praat
c0576	alpha_ci_low	-1.066236304943752	praat
c0576	alpha_ci_high	0.4469112197971191	praat
c0576	n	24	praat
c0576	k	5	praat
c0576	n_excluded	0	praat
c0576	alpha_if_deleted_item1	-0.5458851391355832	praat
c0576	alpha_if_deleted_item2	-0.6610890943783945	praat
c0576	alpha_if_deleted_item3	0.7639026695015355	praat
c0576	alpha_if_deleted_item4	-1.729353233830846	praat
c0576	alpha_if_deleted_item5	-1.0431705590941258	praat
c0577	alpha	-0.14101139205334817	praat
c0577	alpha_ci_low	-1.4769718601370747	praat
c0577	alpha_ci_high	0.5671627669268688	praat
c0577	n	24	praat
c0577	k	5	praat
c0577	n_excluded	0	praat
c0577	alpha_if_deleted_item1	-0.5458851391355832	praat
c0577	alpha_if_deleted_item2	-0.6610890943783945	praat
c0577	alpha_if_deleted_item3	0.7639026695015355	praat
c0577	alpha_if_deleted_item4	-1.729353233830846	praat
c0577	alpha_if_deleted_item5	-1.0431705590941258	praat
c0578	alpha	0.8098266961651918	praat
c0578	alpha_ci_low	0.6719455178429101	praat
c0578	alpha_ci_high	0.9029284427158659	praat
c0578	n	20	praat
c0578	k	5	praat
c0578	n_excluded	0	praat
c0578	alpha_if_deleted_item1	0.7813790074659639	praat
c0578	alpha_if_deleted_item2	0.7441087926917886	praat
c0578	alpha_if_deleted_item3	0.7655122655122654	praat
c0578	alpha_if_deleted_item4	0.8098713938129996	praat
c0578	alpha_if_deleted_item5	0.7588730332967435	praat
c0579	alpha	0.8098266961651918	praat
c0579	alpha_ci_low	0.636174760674951	praat
c0579	alpha_ci_high	0.915177095068319	praat
c0579	n	20	praat
c0579	k	5	praat
c0579	n_excluded	0	praat
c0579	alpha_if_deleted_item1	0.7813790074659639	praat
c0579	alpha_if_deleted_item2	0.7441087926917886	praat
c0579	alpha_if_deleted_item3	0.7655122655122654	praat
c0579	alpha_if_deleted_item4	0.8098713938129996	praat
c0579	alpha_if_deleted_item5	0.7588730332967435	praat
c0580	alpha	0.8098266961651918	praat
c0580	alpha_ci_low	0.55651967594894	praat
c0580	alpha_ci_high	0.9356392041855635	praat
c0580	n	20	praat
c0580	k	5	praat
c0580	n_excluded	0	praat
c0580	alpha_if_deleted_item1	0.7813790074659639	praat
c0580	alpha_if_deleted_item2	0.7441087926917886	praat
c0580	alpha_if_deleted_item3	0.7655122655122654	praat
c0580	alpha_if_deleted_item4	0.8098713938129996	praat
c0580	alpha_if_deleted_item5	0.7588730332967435	praat
c0581	alpha	0.8809464404524283	praat
c0581	alpha_ci_low	0.7886590082966808	praat
c0581	alpha_ci_high	0.9418508445811001	praat
c0581	n	18	praat
c0581	k	5	praat
c0581	n_excluded	2	praat
c0581	alpha_if_deleted_item1	0.846889289178329	praat
c0581	alpha_if_deleted_item2	0.8556378600823044	praat
c0581	alpha_if_deleted_item3	0.8492481686158591	praat
c0581	alpha_if_deleted_item4	0.8779033270558695	praat
c0581	alpha_if_deleted_item5	0.8453745225045673	praat
c0582	alpha	0.8809464404524283	praat
c0582	alpha_ci_low	0.7643236092210787	praat
c0582	alpha_ci_high	0.9496627005677689	praat
c0582	n	18	praat
c0582	k	5	praat
c0582	n_excluded	2	praat
c0582	alpha_if_deleted_item1	0.846889289178329	praat
c0582	alpha_if_deleted_item2	0.8556378600823044	praat
c0582	alpha_if_deleted_item3	0.8492481686158591	praat
c0582	alpha_if_deleted_item4	0.8779033270558695	praat
c0582	alpha_if_deleted_item5	0.8453745225045673	praat
c0583	alpha	0.8809464404524283	praat
c0583	alpha_ci_low	0.7097218270605387	praat
c0583	alpha_ci_high	0.9625688511243594	praat
c0583	n	18	praat
c0583	k	5	praat
c0583	n_excluded	2	praat
c0583	alpha_if_deleted_item1	0.846889289178329	praat
c0583	alpha_if_deleted_item2	0.8556378600823044	praat
c0583	alpha_if_deleted_item3	0.8492481686158591	praat
c0583	alpha_if_deleted_item4	0.8779033270558695	praat
c0583	alpha_if_deleted_item5	0.8453745225045673	praat
c0584	alpha	0.8992248062015503	praat
c0584	alpha_ci_low	0.4816876973085158	praat
c0584	alpha_ci_high	0.9947864654305973	praat
c0584	n	3	praat
c0584	k	4	praat
c0584	n_excluded	0	praat
c0584	alpha_if_deleted_item1	0.8400000000000001	praat
c0584	alpha_if_deleted_item2	0.9107142857142858	praat
c0584	alpha_if_deleted_item3	0.84375	praat
c0584	alpha_if_deleted_item4	0.8709677419354838	praat
c0585	alpha	0.8992248062015503	praat
c0585	alpha_ci_low	0.26838663689315934	praat
c0585	alpha_ci_high	0.9974377966386407	praat
c0585	n	3	praat
c0585	k	4	praat
c0585	n_excluded	0	praat
c0585	alpha_if_deleted_item1	0.8400000000000001	praat
c0585	alpha_if_deleted_item2	0.9107142857142858	praat
c0585	alpha_if_deleted_item3	0.84375	praat
c0585	alpha_if_deleted_item4	0.8709677419354838	praat
c0586	alpha	0.8992248062015503	praat
c0586	alpha_ci_low	-0.4656851440356873	praat
c0586	alpha_ci_high	0.999494437885385	praat
c0586	n	3	praat
c0586	k	4	praat
c0586	n_excluded	0	praat
c0586	alpha_if_deleted_item1	0.8400000000000001	praat
c0586	alpha_if_deleted_item2	0.9107142857142858	praat
c0586	alpha_if_deleted_item3	0.84375	praat
c0586	alpha_if_deleted_item4	0.8709677419354838	praat
c0587	refused	1	praat
c0587	refuse_reason	Alpha needs at least 3 complete respondents; 2 arrived and 2 remained after listwise deletion.	praat
c0588	alpha	0.8493397358943577	praat
c0588	n	24	praat
c0588	k	5	praat
c0588	n_excluded	0	praat
c0588	delta_max	0.023774484010184782	praat
c0588	delta_max_row	16	praat
c0588	delta_row_1	-0.0018711634817523137	praat
c0588	delta_row_2	0.012390002886620177	praat
c0588	delta_row_3	0.0033751179877103965	praat
c0588	delta_row_4	-0.012829880929686732	praat
c0588	delta_row_5	-0.012829880929686732	praat
c0588	delta_row_6	0.007157250040002783	praat
c0588	delta_row_7	0.002236073304960895	praat
c0588	delta_row_8	-0.010086968366682436	praat
c0588	delta_row_9	0.00011358622507029459	praat
c0588	delta_row_10	0.004365545195931797	praat
c0588	delta_row_11	0.0009546291182578326	praat
c0588	delta_row_12	0.010469803967432245	praat
c0588	delta_row_13	-0.005721964385190015	praat
c0588	delta_row_14	-0.0005795456769663865	praat
c0588	delta_row_15	-0.01584112423231887	praat
c0588	delta_row_16	-0.023774484010184782	praat
c0588	delta_row_17	0.005043000806880249	praat
c0588	delta_row_18	0.007134001141440138	praat
c0588	delta_row_19	-0.021620775355377875	praat
c0588	delta_row_20	0.013076960001819016	praat
c0588	delta_row_21	0.005159843584195745	praat
c0588	delta_row_22	0.010459856496946585	praat
c0588	delta_row_23	0.0033008092504462905	praat
c0588	delta_row_24	0.008203800609326128	praat
c0589	alpha	0.28685258964143445	praat
c0589	n	12	praat
c0589	k	2	praat
c0589	n_excluded	0	praat
c0589	delta_max	0.20405650126765673	praat
c0589	delta_max_row	10	praat
c0589	delta_row_1	-0.04611184890069353	praat
c0589	delta_row_2	-0.09330420254466043	praat
c0589	delta_row_3	-0.09330420254466043	praat
c0589	delta_row_4	-0.032307135095980044	praat
c0589	delta_row_5	-0.032307135095980044	praat
c0589	delta_row_6	0.15759185480300997	praat
c0589	delta_row_7	-0.032307135095980044	praat
c0589	delta_row_8	-0.1520211289672766	praat
c0589	delta_row_9	-0.04611184890069353	praat
c0589	delta_row_10	0.20405650126765673	praat
c0589	delta_row_11	-0.04611184890069353	praat
c0589	delta_row_12	0.15759185480300997	praat
c0590	alpha	0.8434293822309538	praat
c0590	n	21	praat
c0590	k	5	praat
c0590	n_excluded	3	praat
c0590	delta_max	0.02554085944127782	praat
c0590	delta_max_row	16	praat
c0590	delta_row_1	-9.487228860760588e-05	praat
c0590	delta_row_3	0.00352545491640055	praat
c0590	delta_row_4	-0.02180016874780777	praat
c0590	delta_row_5	-0.02180016874780777	praat
c0590	delta_row_6	0.007216970492961217	praat
c0590	delta_row_8	-0.008512968857093628	praat
c0590	delta_row_9	0.001122453000895307	praat
c0590	delta_row_10	0.0044250511497954115	praat
c0590	delta_row_11	0.002273068580230131	praat
c0590	delta_row_12	0.010905001154882132	praat
c0590	delta_row_13	-0.010717939444884195	praat
c0590	delta_row_14	0.0012201070912374323	praat
c0590	delta_row_15	-0.016960409139245902	praat
c0590	delta_row_16	-0.02554085944127782	praat
c0590	delta_row_17	0.005091938264231932	praat
c0590	delta_row_18	0.009963556787844885	praat
c0590	delta_row_20	0.016582608176720193	praat
c0590	delta_row_21	0.008313800371738567	praat
c0590	delta_row_22	0.01224610523422709	praat
c0590	delta_row_23	0.0014615613442002795	praat
c0590	delta_row_24	0.007794071139314074	praat
c0591	alpha	-0.1410113920533479	praat
c0591	n	24	praat
c0591	k	5	praat
c0591	n_excluded	0	praat
c0591	delta_max	0.12296376322615515	praat
c0591	delta_max_row	19	praat
c0591	delta_row_1	0.021649939212106395	praat
c0591	delta_row_2	0.015714832148246982	praat
c0591	delta_row_3	0.05292170073127461	praat
c0591	delta_row_4	-0.04181721619407497	praat
c0591	delta_row_5	-0.04181721619407497	praat
c0591	delta_row_6	0.027902343329450074	praat
c0591	delta_row_7	0.034427865371213506	praat
c0591	delta_row_8	-0.08137617408421782	praat
c0591	delta_row_9	-0.003979820600430173	praat
c0591	delta_row_10	0.01126643357173468	praat
c0591	delta_row_11	-0.0010507051932831524	praat
c0591	delta_row_12	0.03483095854426799	praat
c0591	delta_row_13	-0.09416902031778612	praat
c0591	delta_row_14	-0.027055834837408366	praat
c0591	delta_row_15	0.002122503164459222	praat
c0591	delta_row_16	-0.02433252329056723	praat
c0591	delta_row_17	0.019201647273765776	praat
c0591	delta_row_18	-0.021053433877024075	praat
c0591	delta_row_19	-0.12296376322615515	praat
c0591	delta_row_20	0.10910883984917158	praat
c0591	delta_row_21	0.01359487184245195	praat
c0591	delta_row_22	0.05835477952434581	praat
c0591	delta_row_23	0.007559434757974104	praat
c0591	delta_row_24	0.0008868368932055115	praat
c0592	alpha	0.8098266961651918	praat
c0592	n	20	praat
c0592	k	5	praat
c0592	n_excluded	0	praat
c0592	delta_max	0.084486192033566	praat
c0592	delta_max_row	14	praat
c0592	delta_row_1	-0.0004516961651918061	praat
c0592	delta_row_2	0.003014833889453006	praat
c0592	delta_row_3	-0.032980243298330936	praat
c0592	delta_row_4	-0.022996339022334666	praat
c0592	delta_row_5	0.007331688927975866	praat
c0592	delta_row_6	-0.029146951639644314	praat
c0592	delta_row_7	0.007293926402901829	praat
c0592	delta_row_8	0.002823423930885194	praat
c0592	delta_row_9	0.0018871403127956876	praat
c0592	delta_row_10	0.003934949797541054	praat
c0592	delta_row_11	-0.035820073648635486	praat
c0592	delta_row_12	0.004478534123644962	praat
c0592	delta_row_13	-0.008264196165191806	praat
c0592	delta_row_14	0.084486192033566	praat
c0592	delta_row_15	-0.009528315943537868	praat
c0592	delta_row_16	0.003990634045580976	praat
c0592	delta_row_17	-0.004956041355167473	praat
c0592	delta_row_18	-0.005683381513470365	praat
c0592	delta_row_19	0.002823423930885194	praat
c0592	delta_row_20	0.005834782434030017	praat
c0593	alpha	0.8809464404524285	praat
c0593	n	18	praat
c0593	k	5	praat
c0593	n_excluded	2	praat
c0593	delta_max	0.03273665065001752	praat
c0593	delta_max_row	17	praat
c0593	delta_row_1	-0.021800354223880936	praat
c0593	delta_row_2	0.0026820380441381353	praat
c0593	delta_row_4	-0.000996870037785369	praat
c0593	delta_row_6	-0.0019307512480952749	praat
c0593	delta_row_7	-0.005445199283820479	praat
c0593	delta_row_8	0.0020044088428370355	praat
c0593	delta_row_9	-0.0026311621558279263	praat
c0593	delta_row_10	0.0120682005777355	praat
c0593	delta_row_11	-0.004031983971292785	praat
c0593	delta_row_12	-0.008739462796607311	praat
c0593	delta_row_13	0.004489049247607513	praat
c0593	delta_row_14	-0.021800354223880936	praat
c0593	delta_row_15	0.01305927689615105	praat
c0593	delta_row_16	0.009030518072917104	praat
c0593	delta_row_17	0.03273665065001752	praat
c0593	delta_row_18	-0.008739462796607311	praat
c0593	delta_row_19	-0.016630417013349996	praat
c0593	delta_row_20	0.0055893115729326315	praat
c0594	alpha	0.8992248062015503	praat
c0594	n	3	praat
c0594	k	4	praat
c0594	n_excluded	0	praat
c0594	delta_max	3.5658914728682323	praat
c0594	delta_max_row	1	praat
c0594	delta_row_1	-3.5658914728682323	praat
c0594	delta_row_2	0.06373815676141248	praat
c0594	delta_row_3	0.02594526182566037	praat
c0595	refused	1	praat
c0595	refuse_reason	Respondent influence needs at least 3 complete respondents (leave-one-out on fewer would rest on a single row); 2 arrived and 2 remained after listwise deletion.	praat
c0596	chi_square	5.833333333333334	praat
c0596	df	1	praat
c0596	p	0.015725299754505328	praat
c0596	cramers_v	0.2886751345948129	praat
c0596	n	70	praat
c0596	min_expected	15	praat
c0596	n_cells_below5	0	praat
c0597	chi_square	4.725	praat
c0597	df	1	praat
c0597	p	0.029727183306054606	praat
c0597	cramers_v	0.2886751345948129	praat
c0597	n	70	praat
c0597	min_expected	15	praat
c0597	n_cells_below5	0	praat
c0598	chi_square	1.6666666666666665	praat
c0598	df	1	praat
c0598	p	0.19670560245894705	praat
c0598	cramers_v	0.408248290463863	praat
c0598	n	10	praat
c0598	min_expected	2	praat
c0598	n_cells_below5	4	praat
c0599	chi_square	0.41666666666666663	praat
c0599	df	1	praat
c0599	p	0.5186050164287259	praat
c0599	cramers_v	0.408248290463863	praat
c0599	n	10	praat
c0599	min_expected	2	praat
c0599	n_cells_below5	4	praat
c0600	chi_square	10.687023279834737	praat
c0600	df	6	praat
c0600	p	0.09854452836137971	praat
c0600	cramers_v	0.2110195812382777	praat
c0600	n	120	praat
c0600	min_expected	9.333333333333334	praat
c0600	n_cells_below5	0	praat
c0601	chi_square	10.687023279834737	praat
c0601	df	6	praat
c0601	p	0.09854452836137971	praat
c0601	cramers_v	0.2110195812382777	praat
c0601	n	120	praat
c0601	min_expected	9.333333333333334	praat
c0601	n_cells_below5	0	praat
c0602	chi_square	9.435897435897436	praat
c0602	df	1	praat
c0602	p	0.002127789414946903	praat
c0602	cramers_v	0.6405126152203485	praat
c0602	n	23	praat
c0602	min_expected	3.4782608695652173	praat
c0602	n_cells_below5	2	praat
c0603	chi_square	6.918060897435899	praat
c0603	df	1	praat
c0603	p	0.008532945435254721	praat
c0603	cramers_v	0.6405126152203485	praat
c0603	n	23	praat
c0603	min_expected	3.4782608695652173	praat
c0603	n_cells_below5	2	praat
c0604	prop_hat	0.5	praat
c0604	ci_low	0.3274037678851559	praat
c0604	ci_high	0.6725962321148441	praat
c0604	n	20	praat
c0605	prop_hat	0.5	praat
c0605	ci_low	0.29929800819821234	praat
c0605	ci_high	0.7007019918017876	praat
c0605	n	20	praat
c0606	prop_hat	0.5	praat
c0606	ci_low	0.25044770032177954	praat
c0606	ci_high	0.7495522996782205	praat
c0606	n	20	praat
c0607	prop_hat	0.02	praat
c0607	ci_low	0.004474564106509857	praat
c0607	ci_high	0.08480529424830949	praat
c0607	n	50	praat
c0608	prop_hat	0.02	praat
c0608	ci_low	0.0035392592716462293	praat
c0608	ci_high	0.1049544358963781	praat
c0608	n	50	praat
c0609	prop_hat	0.02	praat
c0609	ci_low	0.002352480614833341	praat
c0609	ci_high	0.15011352743408946	praat
c0609	n	50	praat
c0610	prop_hat	0.98	praat
c0610	ci_low	0.9151947057516905	praat
c0610	ci_high	0.9955254358934902	praat
c0610	n	50	praat
c0611	prop_hat	0.98	praat
c0611	ci_low	0.8950455641036219	praat
c0611	ci_high	0.9964607407283539	praat
c0611	n	50	praat
c0612	prop_hat	0.98	praat
c0612	ci_low	0.8498864725659105	praat
c0612	ci_high	0.9976475193851666	praat
c0612	n	50	praat
c0613	prop_hat	0.6	praat
c0613	ci_low	0.2724831718661928	praat
c0613	ci_high	0.857293527980787	praat
c0613	n	5	praat
c0614	prop_hat	0.6	praat
c0614	ci_low	0.23072428127601297	praat
c0614	ci_high	0.8823792257673521	praat
c0614	n	5	praat
c0615	prop_hat	0.6	praat
c0615	ci_low	0.1686561980194322	praat
c0615	ci_high	0.9172921377751658	praat
c0615	n	5	praat
c0616	prop_hat	0.7	praat
c0616	ci_low	0.6756502211337364	praat
c0616	ci_high	0.7232704815703593	praat
c0616	n	1000	praat
c0617	prop_hat	0.7	praat
c0617	ci_low	0.6708761390827828	praat
c0617	ci_high	0.7275931575229951	praat
c0617	n	1000	praat
c0618	prop_hat	0.7	praat
c0618	ci_low	0.6614543259589021	praat
c0618	ci_high	0.7359092080797351	praat
c0618	n	1000	praat
c0619	prop_hat	0	praat
c0619	ci_low	0	praat
c0619	ci_high	0.2129419700834071	praat
c0619	n	10	praat
c0620	prop_hat	0	praat
c0620	ci_low	0	praat
c0620	ci_high	0.27753279986288915	praat
c0620	n	10	praat
c0621	prop_hat	0	praat
c0621	ci_low	0	praat
c0621	ci_high	0.39885409330490795	praat
c0621	n	10	praat
c0622	prop_hat	1	praat
c0622	ci_low	0.7870580299165931	praat
c0622	ci_high	1	praat
c0622	n	10	praat
c0623	prop_hat	1	praat
c0623	ci_low	0.7224672001371109	praat
c0623	ci_high	1	praat
c0623	n	10	praat
c0624	prop_hat	1	praat
c0624	ci_low	0.6011459066950919	praat
c0624	ci_high	1	praat
c0624	n	10	praat
c0625	prop_hat	0	praat
c0625	ci_low	0	praat
c0625	ci_high	0.35111650076510137	praat
c0625	n	5	praat
c0626	prop_hat	0	praat
c0626	ci_low	0	praat
c0626	ci_high	0.43448246478317465	praat
c0626	n	5	praat
c0627	prop_hat	0	praat
c0627	ci_low	0	praat
c0627	ci_high	0.5702583210270091	praat
c0627	n	5	praat
c0628	prop_hat	1	praat
c0628	ci_low	0.6488834992348986	praat
c0628	ci_high	1	praat
c0628	n	5	praat
c0629	prop_hat	1	praat
c0629	ci_low	0.5655175352168254	praat
c0629	ci_high	1	praat
c0629	n	5	praat
c0630	prop_hat	1	praat
c0630	ci_low	0.42974167897299087	praat
c0630	ci_high	1	praat
c0630	n	5	praat
