cell_id	quantity	value	source
c0001	n	40	base::length
c0001	n_group1	20	base::length
c0001	n_group2	20	base::length
c0001	mean_group1	123.65340661246606	stats::mean
c0001	mean_group2	133.9342280328801	stats::mean
c0001	sd_group1	15.746002363591481	stats::sd
c0001	sd_group2	25.312138796756305	stats::sd
c0001	median_group1	123.09982926178384	stats::median
c0001	median_group2	135.4196823775431	stats::median
c0001	mean_diff	-10.280821420414043	stats::mean
c0001	t	-1.5423383217837563	stats::t.test
c0001	df	31.789784909512836	stats::t.test
c0001	p	0.13288837133543871	stats::t.test
c0001	cohens_d	-0.48773020193983618	effectsize::cohens_d
c0001	hedges_g	-0.47802944435466244	effectsize::hedges_g
c0001	cohens_d	-0.48773020193983618	rstatix::cohens_d
c0002	n	40	base::length
c0002	n_group1	20	base::length
c0002	n_group2	20	base::length
c0002	mean_group1	123.65340661246606	stats::mean
c0002	mean_group2	133.9342280328801	stats::mean
c0002	sd_group1	15.746002363591481	stats::sd
c0002	sd_group2	25.312138796756305	stats::sd
c0002	median_group1	123.09982926178384	stats::median
c0002	median_group2	135.4196823775431	stats::median
c0002	mean_diff	-10.280821420414043	stats::mean
c0002	t	-1.5423383217837563	stats::t.test
c0002	df	31.789784909512836	stats::t.test
c0002	p	0.13288837133543871	stats::t.test
c0002	cohens_d	-0.48773020193983618	effectsize::cohens_d
c0002	hedges_g	-0.47802944435466244	effectsize::hedges_g
c0002	cohens_d	-0.48773020193983618	rstatix::cohens_d
c0003	n	40	base::length
c0003	n_group1	20	base::length
c0003	n_group2	20	base::length
c0003	mean_group1	123.65340661246606	stats::mean
c0003	mean_group2	133.9342280328801	stats::mean
c0003	sd_group1	15.746002363591481	stats::sd
c0003	sd_group2	25.312138796756305	stats::sd
c0003	median_group1	123.09982926178384	stats::median
c0003	median_group2	135.4196823775431	stats::median
c0003	mean_diff	-10.280821420414043	stats::mean
c0003	t	-1.5423383217837565	stats::t.test
c0003	df	38	stats::t.test
c0003	p	0.1312789370732792	stats::t.test
c0003	cohens_d	-0.48773020193983618	effectsize::cohens_d
c0003	hedges_g	-0.47802944435466244	effectsize::hedges_g
c0003	cohens_d	-0.48773020193983618	rstatix::cohens_d
c0004	n	40	base::length
c0004	n_group1	20	base::length
c0004	n_group2	20	base::length
c0004	mean_group1	123.65340661246606	stats::mean
c0004	mean_group2	133.9342280328801	stats::mean
c0004	sd_group1	15.746002363591481	stats::sd
c0004	sd_group2	25.312138796756305	stats::sd
c0004	median_group1	123.09982926178384	stats::median
c0004	median_group2	135.4196823775431	stats::median
c0004	mean_diff	-10.280821420414043	stats::mean
c0004	t	-1.5423383217837565	stats::t.test
c0004	df	38	stats::t.test
c0004	p	0.1312789370732792	stats::t.test
c0004	cohens_d	-0.48773020193983618	effectsize::cohens_d
c0004	hedges_g	-0.47802944435466244	effectsize::hedges_g
c0004	cohens_d	-0.48773020193983618	rstatix::cohens_d
c0005	n	40	base::length
c0005	n_group1	20	base::length
c0005	n_group2	20	base::length
c0005	mean_group1	123.65340661246606	stats::mean
c0005	mean_group2	133.9342280328801	stats::mean
c0005	sd_group1	15.746002363591481	stats::sd
c0005	sd_group2	25.312138796756305	stats::sd
c0005	median_group1	123.09982926178384	stats::median
c0005	median_group2	135.4196823775431	stats::median
c0005	mean_diff	-10.280821420414043	stats::mean
c0005	u1	138	stats::wilcox.test
c0005	u2	262	stats::wilcox.test
c0005	p	0.096499552436100297	stats::wilcox.test
c0005	rank_biserial	-0.31000000000000005	effectsize::rank_biserial
c0005	wilcox_r	0.2651736660581735	rstatix::wilcox_effsize
c0005	p_method	exact	r::composePMethod
c0006	n	40	base::length
c0006	n_group1	20	base::length
c0006	n_group2	20	base::length
c0006	mean_group1	123.65340661246606	stats::mean
c0006	mean_group2	133.9342280328801	stats::mean
c0006	sd_group1	15.746002363591481	stats::sd
c0006	sd_group2	25.312138796756305	stats::sd
c0006	median_group1	123.09982926178384	stats::median
c0006	median_group2	135.4196823775431	stats::median
c0006	mean_diff	-10.280821420414043	stats::mean
c0006	u1	138	stats::wilcox.test
c0006	u2	262	stats::wilcox.test
c0006	p	0.096499552436100297	stats::wilcox.test
c0006	rank_biserial	-0.31000000000000005	effectsize::rank_biserial
c0006	wilcox_r	0.2651736660581735	rstatix::wilcox_effsize
c0006	p_method	exact	r::composePMethod
c0007	n	40	base::length
c0007	n_group1	20	base::length
c0007	n_group2	20	base::length
c0007	mean_group1	123.65340661246606	stats::mean
c0007	mean_group2	133.9342280328801	stats::mean
c0007	sd_group1	15.746002363591481	stats::sd
c0007	sd_group2	25.312138796756305	stats::sd
c0007	median_group1	123.09982926178384	stats::median
c0007	median_group2	135.4196823775431	stats::median
c0007	mean_diff	-10.280821420414043	stats::mean
c0007	t	-1.5423383217837563	stats::t.test
c0007	df	31.789784909512836	stats::t.test
c0007	p	0.13288837133543871	stats::t.test
c0007	cohens_d	-0.48773020193983618	effectsize::cohens_d
c0007	hedges_g	-0.47802944435466244	effectsize::hedges_g
c0007	cohens_d	-0.48773020193983618	rstatix::cohens_d
c0007	u1	138	stats::wilcox.test
c0007	u2	262	stats::wilcox.test
c0007	mw_p	0.096499552436100297	stats::wilcox.test
c0007	rank_biserial	-0.31000000000000005	effectsize::rank_biserial
c0007	wilcox_r	0.2651736660581735	rstatix::wilcox_effsize
c0007	p_method	exact	r::composePMethod
c0008	n	40	base::length
c0008	n_group1	20	base::length
c0008	n_group2	20	base::length
c0008	mean_group1	123.65340661246606	stats::mean
c0008	mean_group2	133.9342280328801	stats::mean
c0008	sd_group1	15.746002363591481	stats::sd
c0008	sd_group2	25.312138796756305	stats::sd
c0008	median_group1	123.09982926178384	stats::median
c0008	median_group2	135.4196823775431	stats::median
c0008	mean_diff	-10.280821420414043	stats::mean
c0008	t	-1.5423383217837563	stats::t.test
c0008	df	31.789784909512836	stats::t.test
c0008	p	0.13288837133543871	stats::t.test
c0008	cohens_d	-0.48773020193983618	effectsize::cohens_d
c0008	hedges_g	-0.47802944435466244	effectsize::hedges_g
c0008	cohens_d	-0.48773020193983618	rstatix::cohens_d
c0008	u1	138	stats::wilcox.test
c0008	u2	262	stats::wilcox.test
c0008	mw_p	0.096499552436100297	stats::wilcox.test
c0008	rank_biserial	-0.31000000000000005	effectsize::rank_biserial
c0008	wilcox_r	0.2651736660581735	rstatix::wilcox_effsize
c0008	p_method	exact	r::composePMethod
c0009	n	40	base::length
c0009	n_group1	20	base::length
c0009	n_group2	20	base::length
c0009	mean_group1	0.79929909520367126	stats::mean
c0009	mean_group2	2.1413878317564627	stats::mean
c0009	sd_group1	0.32813464539627635	stats::sd
c0009	sd_group2	0.83986566251391781	stats::sd
c0009	median_group1	0.78599345198857851	stats::median
c0009	median_group2	2.3425221597257551	stats::median
c0009	mean_diff	-1.3420887365527916	stats::mean
c0009	t	-6.656385868803131	stats::t.test
c0009	df	24.66845686262187	stats::t.test
c0009	p	6.0393940083449425e-07	stats::t.test
c0009	cohens_d	-2.1049340330376625	effectsize::cohens_d
c0009	hedges_g	-2.0630677415796663	effectsize::hedges_g
c0009	cohens_d	-2.1049340330376625	rstatix::cohens_d
c0010	n	40	base::length
c0010	n_group1	20	base::length
c0010	n_group2	20	base::length
c0010	mean_group1	0.79929909520367126	stats::mean
c0010	mean_group2	2.1413878317564627	stats::mean
c0010	sd_group1	0.32813464539627635	stats::sd
c0010	sd_group2	0.83986566251391781	stats::sd
c0010	median_group1	0.78599345198857851	stats::median
c0010	median_group2	2.3425221597257551	stats::median
c0010	mean_diff	-1.3420887365527916	stats::mean
c0010	t	-6.656385868803131	stats::t.test
c0010	df	24.66845686262187	stats::t.test
c0010	p	6.0393940083449425e-07	stats::t.test
c0010	cohens_d	-2.1049340330376625	effectsize::cohens_d
c0010	hedges_g	-2.0630677415796663	effectsize::hedges_g
c0010	cohens_d	-2.1049340330376625	rstatix::cohens_d
c0011	n	40	base::length
c0011	n_group1	20	base::length
c0011	n_group2	20	base::length
c0011	mean_group1	0.79929909520367126	stats::mean
c0011	mean_group2	2.1413878317564627	stats::mean
c0011	sd_group1	0.32813464539627635	stats::sd
c0011	sd_group2	0.83986566251391781	stats::sd
c0011	median_group1	0.78599345198857851	stats::median
c0011	median_group2	2.3425221597257551	stats::median
c0011	mean_diff	-1.3420887365527916	stats::mean
c0011	t	-6.6563858688031301	stats::t.test
c0011	df	38	stats::t.test
c0011	p	7.2000246032636922e-08	stats::t.test
c0011	cohens_d	-2.1049340330376625	effectsize::cohens_d
c0011	hedges_g	-2.0630677415796663	effectsize::hedges_g
c0011	cohens_d	-2.1049340330376625	rstatix::cohens_d
c0012	n	40	base::length
c0012	n_group1	20	base::length
c0012	n_group2	20	base::length
c0012	mean_group1	0.79929909520367126	stats::mean
c0012	mean_group2	2.1413878317564627	stats::mean
c0012	sd_group1	0.32813464539627635	stats::sd
c0012	sd_group2	0.83986566251391781	stats::sd
c0012	median_group1	0.78599345198857851	stats::median
c0012	median_group2	2.3425221597257551	stats::median
c0012	mean_diff	-1.3420887365527916	stats::mean
c0012	t	-6.6563858688031301	stats::t.test
c0012	df	38	stats::t.test
c0012	p	7.2000246032636922e-08	stats::t.test
c0012	cohens_d	-2.1049340330376625	effectsize::cohens_d
c0012	hedges_g	-2.0630677415796663	effectsize::hedges_g
c0012	cohens_d	-2.1049340330376625	rstatix::cohens_d
c0013	n	40	base::length
c0013	n_group1	20	base::length
c0013	n_group2	20	base::length
c0013	mean_group1	0.79929909520367126	stats::mean
c0013	mean_group2	2.1413878317564627	stats::mean
c0013	sd_group1	0.32813464539627635	stats::sd
c0013	sd_group2	0.83986566251391781	stats::sd
c0013	median_group1	0.78599345198857851	stats::median
c0013	median_group2	2.3425221597257551	stats::median
c0013	mean_diff	-1.3420887365527916	stats::mean
c0013	u1	24	stats::wilcox.test
c0013	u2	376	stats::wilcox.test
c0013	p	1.0605997934914123e-07	stats::wilcox.test
c0013	rank_biserial	-0.87999999999999989	effectsize::rank_biserial
c0013	wilcox_r	0.75275105203610548	rstatix::wilcox_effsize
c0013	p_method	exact	r::composePMethod
c0014	n	40	base::length
c0014	n_group1	20	base::length
c0014	n_group2	20	base::length
c0014	mean_group1	0.79929909520367126	stats::mean
c0014	mean_group2	2.1413878317564627	stats::mean
c0014	sd_group1	0.32813464539627635	stats::sd
c0014	sd_group2	0.83986566251391781	stats::sd
c0014	median_group1	0.78599345198857851	stats::median
c0014	median_group2	2.3425221597257551	stats::median
c0014	mean_diff	-1.3420887365527916	stats::mean
c0014	u1	24	stats::wilcox.test
c0014	u2	376	stats::wilcox.test
c0014	p	1.0605997934914123e-07	stats::wilcox.test
c0014	rank_biserial	-0.87999999999999989	effectsize::rank_biserial
c0014	wilcox_r	0.75275105203610548	rstatix::wilcox_effsize
c0014	p_method	exact	r::composePMethod
c0015	n	40	base::length
c0015	n_group1	20	base::length
c0015	n_group2	20	base::length
c0015	mean_group1	0.79929909520367126	stats::mean
c0015	mean_group2	2.1413878317564627	stats::mean
c0015	sd_group1	0.32813464539627635	stats::sd
c0015	sd_group2	0.83986566251391781	stats::sd
c0015	median_group1	0.78599345198857851	stats::median
c0015	median_group2	2.3425221597257551	stats::median
c0015	mean_diff	-1.3420887365527916	stats::mean
c0015	t	-6.656385868803131	stats::t.test
c0015	df	24.66845686262187	stats::t.test
c0015	p	6.0393940083449425e-07	stats::t.test
c0015	cohens_d	-2.1049340330376625	effectsize::cohens_d
c0015	hedges_g	-2.0630677415796663	effectsize::hedges_g
c0015	cohens_d	-2.1049340330376625	rstatix::cohens_d
c0015	u1	24	stats::wilcox.test
c0015	u2	376	stats::wilcox.test
c0015	mw_p	1.0605997934914123e-07	stats::wilcox.test
c0015	rank_biserial	-0.87999999999999989	effectsize::rank_biserial
c0015	wilcox_r	0.75275105203610548	rstatix::wilcox_effsize
c0015	p_method	exact	r::composePMethod
c0016	n	40	base::length
c0016	n_group1	20	base::length
c0016	n_group2	20	base::length
c0016	mean_group1	0.79929909520367126	stats::mean
c0016	mean_group2	2.1413878317564627	stats::mean
c0016	sd_group1	0.32813464539627635	stats::sd
c0016	sd_group2	0.83986566251391781	stats::sd
c0016	median_group1	0.78599345198857851	stats::median
c0016	median_group2	2.3425221597257551	stats::median
c0016	mean_diff	-1.3420887365527916	stats::mean
c0016	t	-6.656385868803131	stats::t.test
c0016	df	24.66845686262187	stats::t.test
c0016	p	6.0393940083449425e-07	stats::t.test
c0016	cohens_d	-2.1049340330376625	effectsize::cohens_d
c0016	hedges_g	-2.0630677415796663	effectsize::hedges_g
c0016	cohens_d	-2.1049340330376625	rstatix::cohens_d
c0016	u1	24	stats::wilcox.test
c0016	u2	376	stats::wilcox.test
c0016	mw_p	1.0605997934914123e-07	stats::wilcox.test
c0016	rank_biserial	-0.87999999999999989	effectsize::rank_biserial
c0016	wilcox_r	0.75275105203610548	rstatix::wilcox_effsize
c0016	p_method	exact	r::composePMethod
c0017	n	48	base::length
c0017	n_group1	24	base::length
c0017	n_group2	24	base::length
c0017	mean_group1	95.260510144103549	stats::mean
c0017	mean_group2	89.13421448105278	stats::mean
c0017	sd_group1	5.8572314036514923	stats::sd
c0017	sd_group2	4.9840777494869775	stats::sd
c0017	median_group1	95.270211715932533	stats::median
c0017	median_group2	90.339352999903639	stats::median
c0017	mean_diff	6.1262956630507688	stats::mean
c0017	t	3.9024095083039763	stats::t.test
c0017	df	44.851221868892047	stats::t.test
c0017	p	0.00031662029464293	stats::t.test
c0017	cohens_d	1.1265285900537281	effectsize::cohens_d
c0017	hedges_g	1.1080440104640632	effectsize::hedges_g
c0017	cohens_d	1.1265285900537281	rstatix::cohens_d
c0018	n	48	base::length
c0018	n_group1	24	base::length
c0018	n_group2	24	base::length
c0018	mean_group1	89.13421448105278	stats::mean
c0018	mean_group2	95.260510144103549	stats::mean
c0018	sd_group1	4.9840777494869775	stats::sd
c0018	sd_group2	5.8572314036514923	stats::sd
c0018	median_group1	90.339352999903639	stats::median
c0018	median_group2	95.270211715932533	stats::median
c0018	mean_diff	-6.1262956630507688	stats::mean
c0018	t	-3.9024095083039763	stats::t.test
c0018	df	44.851221868892047	stats::t.test
c0018	p	0.00031662029464293	stats::t.test
c0018	cohens_d	-1.1265285900537281	effectsize::cohens_d
c0018	hedges_g	-1.1080440104640632	effectsize::hedges_g
c0018	cohens_d	-1.1265285900537281	rstatix::cohens_d
c0019	n	48	base::length
c0019	n_group1	24	base::length
c0019	n_group2	24	base::length
c0019	mean_group1	95.260510144103549	stats::mean
c0019	mean_group2	89.13421448105278	stats::mean
c0019	sd_group1	5.8572314036514923	stats::sd
c0019	sd_group2	4.9840777494869775	stats::sd
c0019	median_group1	95.270211715932533	stats::median
c0019	median_group2	90.339352999903639	stats::median
c0019	mean_diff	6.1262956630507688	stats::mean
c0019	t	3.9024095083039763	stats::t.test
c0019	df	46	stats::t.test
c0019	p	0.00030882281652467133	stats::t.test
c0019	cohens_d	1.1265285900537281	effectsize::cohens_d
c0019	hedges_g	1.1080440104640632	effectsize::hedges_g
c0019	cohens_d	1.1265285900537281	rstatix::cohens_d
c0020	n	48	base::length
c0020	n_group1	24	base::length
c0020	n_group2	24	base::length
c0020	mean_group1	89.13421448105278	stats::mean
c0020	mean_group2	95.260510144103549	stats::mean
c0020	sd_group1	4.9840777494869775	stats::sd
c0020	sd_group2	5.8572314036514923	stats::sd
c0020	median_group1	90.339352999903639	stats::median
c0020	median_group2	95.270211715932533	stats::median
c0020	mean_diff	-6.1262956630507688	stats::mean
c0020	t	-3.9024095083039763	stats::t.test
c0020	df	46	stats::t.test
c0020	p	0.00030882281652467133	stats::t.test
c0020	cohens_d	-1.1265285900537281	effectsize::cohens_d
c0020	hedges_g	-1.1080440104640632	effectsize::hedges_g
c0020	cohens_d	-1.1265285900537281	rstatix::cohens_d
c0021	n	48	base::length
c0021	n_group1	24	base::length
c0021	n_group2	24	base::length
c0021	mean_group1	95.260510144103549	stats::mean
c0021	mean_group2	89.13421448105278	stats::mean
c0021	sd_group1	5.8572314036514923	stats::sd
c0021	sd_group2	4.9840777494869775	stats::sd
c0021	median_group1	95.270211715932533	stats::median
c0021	median_group2	90.339352999903639	stats::median
c0021	mean_diff	6.1262956630507688	stats::mean
c0021	u1	431	stats::wilcox.test
c0021	u2	145	stats::wilcox.test
c0021	p	0.0027296853011788804	stats::wilcox.test
c0021	rank_biserial	0.49652777777777773	effectsize::rank_biserial
c0021	wilcox_r	0.42559523809523819	rstatix::wilcox_effsize
c0021	p_method	exact	r::composePMethod
c0022	n	48	base::length
c0022	n_group1	24	base::length
c0022	n_group2	24	base::length
c0022	mean_group1	89.13421448105278	stats::mean
c0022	mean_group2	95.260510144103549	stats::mean
c0022	sd_group1	4.9840777494869775	stats::sd
c0022	sd_group2	5.8572314036514923	stats::sd
c0022	median_group1	90.339352999903639	stats::median
c0022	median_group2	95.270211715932533	stats::median
c0022	mean_diff	-6.1262956630507688	stats::mean
c0022	u1	145	stats::wilcox.test
c0022	u2	431	stats::wilcox.test
c0022	p	0.0027296853011788804	stats::wilcox.test
c0022	rank_biserial	-0.49652777777777773	effectsize::rank_biserial
c0022	wilcox_r	0.42559523809523819	rstatix::wilcox_effsize
c0022	p_method	exact	r::composePMethod
c0023	n	48	base::length
c0023	n_group1	24	base::length
c0023	n_group2	24	base::length
c0023	mean_group1	95.260510144103549	stats::mean
c0023	mean_group2	89.13421448105278	stats::mean
c0023	sd_group1	5.8572314036514923	stats::sd
c0023	sd_group2	4.9840777494869775	stats::sd
c0023	median_group1	95.270211715932533	stats::median
c0023	median_group2	90.339352999903639	stats::median
c0023	mean_diff	6.1262956630507688	stats::mean
c0023	t	3.9024095083039763	stats::t.test
c0023	df	44.851221868892047	stats::t.test
c0023	p	0.00031662029464293	stats::t.test
c0023	cohens_d	1.1265285900537281	effectsize::cohens_d
c0023	hedges_g	1.1080440104640632	effectsize::hedges_g
c0023	cohens_d	1.1265285900537281	rstatix::cohens_d
c0023	u1	431	stats::wilcox.test
c0023	u2	145	stats::wilcox.test
c0023	mw_p	0.0027296853011788804	stats::wilcox.test
c0023	rank_biserial	0.49652777777777773	effectsize::rank_biserial
c0023	wilcox_r	0.42559523809523819	rstatix::wilcox_effsize
c0023	p_method	exact	r::composePMethod
c0024	n	48	base::length
c0024	n_group1	24	base::length
c0024	n_group2	24	base::length
c0024	mean_group1	89.13421448105278	stats::mean
c0024	mean_group2	95.260510144103549	stats::mean
c0024	sd_group1	4.9840777494869775	stats::sd
c0024	sd_group2	5.8572314036514923	stats::sd
c0024	median_group1	90.339352999903639	stats::median
c0024	median_group2	95.270211715932533	stats::median
c0024	mean_diff	-6.1262956630507688	stats::mean
c0024	t	-3.9024095083039763	stats::t.test
c0024	df	44.851221868892047	stats::t.test
c0024	p	0.00031662029464293	stats::t.test
c0024	cohens_d	-1.1265285900537281	effectsize::cohens_d
c0024	hedges_g	-1.1080440104640632	effectsize::hedges_g
c0024	cohens_d	-1.1265285900537281	rstatix::cohens_d
c0024	u1	145	stats::wilcox.test
c0024	u2	431	stats::wilcox.test
c0024	mw_p	0.0027296853011788804	stats::wilcox.test
c0024	rank_biserial	-0.49652777777777773	effectsize::rank_biserial
c0024	wilcox_r	0.42559523809523819	rstatix::wilcox_effsize
c0024	p_method	exact	r::composePMethod
c0025	n	48	base::length
c0025	n_group1	24	base::length
c0025	n_group2	24	base::length
c0025	mean_group1	87.42731120137347	stats::mean
c0025	mean_group2	96.967413423782858	stats::mean
c0025	sd_group1	3.4851283299600611	stats::sd
c0025	sd_group2	4.3701707083066843	stats::sd
c0025	median_group1	88.112737994823135	stats::median
c0025	median_group2	97.887660497748158	stats::median
c0025	mean_diff	-9.5401022224093879	stats::mean
c0025	t	-8.3612609862581149	stats::t.test
c0025	df	43.829915078239189	stats::t.test
c0025	p	1.2663016289237396e-10	stats::t.test
c0025	cohens_d	-2.4136881405904189	effectsize::cohens_d
c0025	hedges_g	-2.3740832775329745	effectsize::hedges_g
c0025	cohens_d	-2.4136881405904189	rstatix::cohens_d
c0026	n	48	base::length
c0026	n_group1	24	base::length
c0026	n_group2	24	base::length
c0026	mean_group1	96.967413423782858	stats::mean
c0026	mean_group2	87.42731120137347	stats::mean
c0026	sd_group1	4.3701707083066843	stats::sd
c0026	sd_group2	3.4851283299600611	stats::sd
c0026	median_group1	97.887660497748158	stats::median
c0026	median_group2	88.112737994823135	stats::median
c0026	mean_diff	9.5401022224093879	stats::mean
c0026	t	8.3612609862581149	stats::t.test
c0026	df	43.829915078239189	stats::t.test
c0026	p	1.2663016289237396e-10	stats::t.test
c0026	cohens_d	2.4136881405904189	effectsize::cohens_d
c0026	hedges_g	2.3740832775329745	effectsize::hedges_g
c0026	cohens_d	2.4136881405904189	rstatix::cohens_d
c0027	n	48	base::length
c0027	n_group1	24	base::length
c0027	n_group2	24	base::length
c0027	mean_group1	87.42731120137347	stats::mean
c0027	mean_group2	96.967413423782858	stats::mean
c0027	sd_group1	3.4851283299600611	stats::sd
c0027	sd_group2	4.3701707083066843	stats::sd
c0027	median_group1	88.112737994823135	stats::median
c0027	median_group2	97.887660497748158	stats::median
c0027	mean_diff	-9.5401022224093879	stats::mean
c0027	t	-8.3612609862581131	stats::t.test
c0027	df	46	stats::t.test
c0027	p	8.7259171238919679e-11	stats::t.test
c0027	cohens_d	-2.4136881405904189	effectsize::cohens_d
c0027	hedges_g	-2.3740832775329745	effectsize::hedges_g
c0027	cohens_d	-2.4136881405904189	rstatix::cohens_d
c0028	n	48	base::length
c0028	n_group1	24	base::length
c0028	n_group2	24	base::length
c0028	mean_group1	96.967413423782858	stats::mean
c0028	mean_group2	87.42731120137347	stats::mean
c0028	sd_group1	4.3701707083066843	stats::sd
c0028	sd_group2	3.4851283299600611	stats::sd
c0028	median_group1	97.887660497748158	stats::median
c0028	median_group2	88.112737994823135	stats::median
c0028	mean_diff	9.5401022224093879	stats::mean
c0028	t	8.3612609862581131	stats::t.test
c0028	df	46	stats::t.test
c0028	p	8.7259171238919679e-11	stats::t.test
c0028	cohens_d	2.4136881405904189	effectsize::cohens_d
c0028	hedges_g	2.3740832775329745	effectsize::hedges_g
c0028	cohens_d	2.4136881405904189	rstatix::cohens_d
c0029	n	48	base::length
c0029	n_group1	24	base::length
c0029	n_group2	24	base::length
c0029	mean_group1	87.42731120137347	stats::mean
c0029	mean_group2	96.967413423782858	stats::mean
c0029	sd_group1	3.4851283299600611	stats::sd
c0029	sd_group2	4.3701707083066843	stats::sd
c0029	median_group1	88.112737994823135	stats::median
c0029	median_group2	97.887660497748158	stats::median
c0029	mean_diff	-9.5401022224093879	stats::mean
c0029	u1	14	stats::wilcox.test
c0029	u2	562	stats::wilcox.test
c0029	p	3.1506217019544155e-11	stats::wilcox.test
c0029	rank_biserial	-0.95138888888888884	effectsize::rank_biserial
c0029	wilcox_r	0.81547619047619069	rstatix::wilcox_effsize
c0029	p_method	exact	r::composePMethod
c0030	n	48	base::length
c0030	n_group1	24	base::length
c0030	n_group2	24	base::length
c0030	mean_group1	96.967413423782858	stats::mean
c0030	mean_group2	87.42731120137347	stats::mean
c0030	sd_group1	4.3701707083066843	stats::sd
c0030	sd_group2	3.4851283299600611	stats::sd
c0030	median_group1	97.887660497748158	stats::median
c0030	median_group2	88.112737994823135	stats::median
c0030	mean_diff	9.5401022224093879	stats::mean
c0030	u1	562	stats::wilcox.test
c0030	u2	14	stats::wilcox.test
c0030	p	3.1506217019544155e-11	stats::wilcox.test
c0030	rank_biserial	0.95138888888888884	effectsize::rank_biserial
c0030	wilcox_r	0.81547619047619069	rstatix::wilcox_effsize
c0030	p_method	exact	r::composePMethod
c0031	n	48	base::length
c0031	n_group1	24	base::length
c0031	n_group2	24	base::length
c0031	mean_group1	87.42731120137347	stats::mean
c0031	mean_group2	96.967413423782858	stats::mean
c0031	sd_group1	3.4851283299600611	stats::sd
c0031	sd_group2	4.3701707083066843	stats::sd
c0031	median_group1	88.112737994823135	stats::median
c0031	median_group2	97.887660497748158	stats::median
c0031	mean_diff	-9.5401022224093879	stats::mean
c0031	t	-8.3612609862581149	stats::t.test
c0031	df	43.829915078239189	stats::t.test
c0031	p	1.2663016289237396e-10	stats::t.test
c0031	cohens_d	-2.4136881405904189	effectsize::cohens_d
c0031	hedges_g	-2.3740832775329745	effectsize::hedges_g
c0031	cohens_d	-2.4136881405904189	rstatix::cohens_d
c0031	u1	14	stats::wilcox.test
c0031	u2	562	stats::wilcox.test
c0031	mw_p	3.1506217019544155e-11	stats::wilcox.test
c0031	rank_biserial	-0.95138888888888884	effectsize::rank_biserial
c0031	wilcox_r	0.81547619047619069	rstatix::wilcox_effsize
c0031	p_method	exact	r::composePMethod
c0032	n	48	base::length
c0032	n_group1	24	base::length
c0032	n_group2	24	base::length
c0032	mean_group1	96.967413423782858	stats::mean
c0032	mean_group2	87.42731120137347	stats::mean
c0032	sd_group1	4.3701707083066843	stats::sd
c0032	sd_group2	3.4851283299600611	stats::sd
c0032	median_group1	97.887660497748158	stats::median
c0032	median_group2	88.112737994823135	stats::median
c0032	mean_diff	9.5401022224093879	stats::mean
c0032	t	8.3612609862581149	stats::t.test
c0032	df	43.829915078239189	stats::t.test
c0032	p	1.2663016289237396e-10	stats::t.test
c0032	cohens_d	2.4136881405904189	effectsize::cohens_d
c0032	hedges_g	2.3740832775329745	effectsize::hedges_g
c0032	cohens_d	2.4136881405904189	rstatix::cohens_d
c0032	u1	562	stats::wilcox.test
c0032	u2	14	stats::wilcox.test
c0032	mw_p	3.1506217019544155e-11	stats::wilcox.test
c0032	rank_biserial	0.95138888888888884	effectsize::rank_biserial
c0032	wilcox_r	0.81547619047619069	rstatix::wilcox_effsize
c0032	p_method	exact	r::composePMethod
c0033	refused	1	r::refuseCell
c0033	refuse_reason	Group column 'voice_type' has 3 group(s) after excluding blanks; this test compares exactly 2.	r::refuseCell
c0034	refused	1	r::refuseCell
c0034	refuse_reason	Group column 'fam' has 5 group(s) after excluding blanks; this test compares exactly 2.	r::refuseCell
c0035	f	18.060297415058745	stats::aov
c0035	df_between	2	stats::aov
c0035	df_within	42	stats::aov
c0035	p	2.1885613623027028e-06	stats::aov
c0035	ss_between	601.78372081250461	stats::aov
c0035	ss_within	699.73698918853006	stats::aov
c0035	ss_total	1301.5207100010348	stats::aov
c0035	ms_between	300.89186040625231	stats::aov
c0035	ms_within	16.66040450448881	stats::aov
c0035	n	45	base::length
c0035	eta_squared	0.4623696850832486	rstatix::eta_squared
c0035	eta_squared	0.4623696850832486	effectsize::eta_squared
c0035	posthoc_soprano__mezzo_cohens_d	1.7838798367260675	effectsize::cohens_d
c0035	posthoc_soprano__mezzo_cohens_d	1.7838798367260675	rstatix::cohens_d
c0035	posthoc_soprano__alto_cohens_d	2.0839749765563771	effectsize::cohens_d
c0035	posthoc_soprano__alto_cohens_d	2.0839749765563771	rstatix::cohens_d
c0035	posthoc_mezzo__alto_cohens_d	0.58593581504441961	effectsize::cohens_d
c0035	posthoc_mezzo__alto_cohens_d	0.58593581504441961	rstatix::cohens_d
c0036	f	18.060297415058734	stats::aov
c0036	df_between	2	stats::aov
c0036	df_within	42	stats::aov
c0036	p	2.1885613623027147e-06	stats::aov
c0036	ss_between	601.78372081250427	stats::aov
c0036	ss_within	699.73698918852995	stats::aov
c0036	ss_total	1301.5207100010343	stats::aov
c0036	ms_between	300.89186040625214	stats::aov
c0036	ms_within	16.66040450448881	stats::aov
c0036	n	45	base::length
c0036	eta_squared	0.46236968508324855	rstatix::eta_squared
c0036	eta_squared	0.46236968508324855	effectsize::eta_squared
c0036	posthoc_alto__mezzo_cohens_d	-0.58593581504441961	effectsize::cohens_d
c0036	posthoc_alto__mezzo_cohens_d	-0.58593581504441961	rstatix::cohens_d
c0036	posthoc_alto__soprano_cohens_d	-2.0839749765563771	effectsize::cohens_d
c0036	posthoc_alto__soprano_cohens_d	-2.0839749765563771	rstatix::cohens_d
c0036	posthoc_mezzo__soprano_cohens_d	-1.7838798367260675	effectsize::cohens_d
c0036	posthoc_mezzo__soprano_cohens_d	-1.7838798367260675	rstatix::cohens_d
c0037	f	18.060297415058745	stats::aov
c0037	df_between	2	stats::aov
c0037	df_within	42	stats::aov
c0037	p	2.1885613623027028e-06	stats::aov
c0037	ss_between	601.78372081250461	stats::aov
c0037	ss_within	699.73698918853006	stats::aov
c0037	ss_total	1301.5207100010348	stats::aov
c0037	ms_between	300.89186040625231	stats::aov
c0037	ms_within	16.66040450448881	stats::aov
c0037	n	45	base::length
c0037	eta_squared	0.4623696850832486	rstatix::eta_squared
c0037	eta_squared	0.4623696850832486	effectsize::eta_squared
c0037	posthoc_soprano__mezzo_cohens_d	1.7838798367260675	effectsize::cohens_d
c0037	posthoc_soprano__mezzo_cohens_d	1.7838798367260675	rstatix::cohens_d
c0037	posthoc_soprano__alto_cohens_d	2.0839749765563771	effectsize::cohens_d
c0037	posthoc_soprano__alto_cohens_d	2.0839749765563771	rstatix::cohens_d
c0037	posthoc_mezzo__alto_cohens_d	0.58593581504441961	effectsize::cohens_d
c0037	posthoc_mezzo__alto_cohens_d	0.58593581504441961	rstatix::cohens_d
c0037	posthoc_soprano__mezzo_diff	6.0669593010871239	stats::TukeyHSD
c0037	posthoc_soprano__mezzo_ci_low	2.4459642895262812	stats::TukeyHSD
c0037	posthoc_soprano__mezzo_ci_high	9.6879543126479675	stats::TukeyHSD
c0037	posthoc_soprano__mezzo_padj	0.00058322852086356569	stats::TukeyHSD
c0037	posthoc_soprano__alto_diff	8.740701015662026	stats::TukeyHSD
c0037	posthoc_soprano__alto_ci_low	5.1197060041011833	stats::TukeyHSD
c0037	posthoc_soprano__alto_ci_high	12.36169602722287	stats::TukeyHSD
c0037	posthoc_soprano__alto_padj	1.84250878443315e-06	stats::TukeyHSD
c0037	posthoc_mezzo__alto_diff	2.6737417145749021	stats::TukeyHSD
c0037	posthoc_mezzo__alto_ci_low	-0.94725329698594063	stats::TukeyHSD
c0037	posthoc_mezzo__alto_ci_high	6.2947367261357448	stats::TukeyHSD
c0037	posthoc_mezzo__alto_padj	0.18396791693969383	stats::TukeyHSD
c0038	f	18.060297415058734	stats::aov
c0038	df_between	2	stats::aov
c0038	df_within	42	stats::aov
c0038	p	2.1885613623027147e-06	stats::aov
c0038	ss_between	601.78372081250427	stats::aov
c0038	ss_within	699.73698918852995	stats::aov
c0038	ss_total	1301.5207100010343	stats::aov
c0038	ms_between	300.89186040625214	stats::aov
c0038	ms_within	16.66040450448881	stats::aov
c0038	n	45	base::length
c0038	eta_squared	0.46236968508324855	rstatix::eta_squared
c0038	eta_squared	0.46236968508324855	effectsize::eta_squared
c0038	posthoc_alto__mezzo_cohens_d	-0.58593581504441961	effectsize::cohens_d
c0038	posthoc_alto__mezzo_cohens_d	-0.58593581504441961	rstatix::cohens_d
c0038	posthoc_alto__soprano_cohens_d	-2.0839749765563771	effectsize::cohens_d
c0038	posthoc_alto__soprano_cohens_d	-2.0839749765563771	rstatix::cohens_d
c0038	posthoc_mezzo__soprano_cohens_d	-1.7838798367260675	effectsize::cohens_d
c0038	posthoc_mezzo__soprano_cohens_d	-1.7838798367260675	rstatix::cohens_d
c0038	posthoc_alto__mezzo_diff	-2.6737417145749021	stats::TukeyHSD
c0038	posthoc_alto__mezzo_ci_low	-6.2947367261357448	stats::TukeyHSD
c0038	posthoc_alto__mezzo_ci_high	0.94725329698594063	stats::TukeyHSD
c0038	posthoc_alto__mezzo_padj	0.18396791693969383	stats::TukeyHSD
c0038	posthoc_alto__soprano_diff	-8.740701015662026	stats::TukeyHSD
c0038	posthoc_alto__soprano_ci_low	-12.36169602722287	stats::TukeyHSD
c0038	posthoc_alto__soprano_ci_high	-5.1197060041011833	stats::TukeyHSD
c0038	posthoc_alto__soprano_padj	1.84250878443315e-06	stats::TukeyHSD
c0038	posthoc_mezzo__soprano_diff	-6.0669593010871239	stats::TukeyHSD
c0038	posthoc_mezzo__soprano_ci_low	-9.6879543126479675	stats::TukeyHSD
c0038	posthoc_mezzo__soprano_ci_high	-2.4459642895262812	stats::TukeyHSD
c0038	posthoc_mezzo__soprano_padj	0.00058322852086356569	stats::TukeyHSD
c0039	f	3.5048768688621799	stats::aov
c0039	df_between	2	stats::aov
c0039	df_within	42	stats::aov
c0039	p	0.039111292861891994	stats::aov
c0039	ss_between	3.154480705663528	stats::aov
c0039	ss_within	18.900548378020343	stats::aov
c0039	ss_total	22.05502908368387	stats::aov
c0039	ms_between	1.577240352831764	stats::aov
c0039	ms_within	0.45001305661953195	stats::aov
c0039	n	45	base::length
c0039	eta_squared	0.14302772821991819	rstatix::eta_squared
c0039	eta_squared	0.14302772821991819	effectsize::eta_squared
c0039	posthoc_soprano__mezzo_cohens_d	0.26649693300692806	effectsize::cohens_d
c0039	posthoc_soprano__mezzo_cohens_d	0.26649693300692806	rstatix::cohens_d
c0039	posthoc_soprano__alto_cohens_d	1.1593536170403687	effectsize::cohens_d
c0039	posthoc_soprano__alto_cohens_d	1.1593536170403687	rstatix::cohens_d
c0039	posthoc_mezzo__alto_cohens_d	0.63335304680100957	effectsize::cohens_d
c0039	posthoc_mezzo__alto_cohens_d	0.63335304680100957	rstatix::cohens_d
c0040	f	3.5048768688621834	stats::aov
c0040	df_between	2	stats::aov
c0040	df_within	42	stats::aov
c0040	p	0.03911129286189189	stats::aov
c0040	ss_between	3.1544807056635307	stats::aov
c0040	ss_within	18.900548378020339	stats::aov
c0040	ss_total	22.05502908368387	stats::aov
c0040	ms_between	1.5772403528317653	stats::aov
c0040	ms_within	0.45001305661953189	stats::aov
c0040	n	45	base::length
c0040	eta_squared	0.14302772821991833	rstatix::eta_squared
c0040	eta_squared	0.14302772821991833	effectsize::eta_squared
c0040	posthoc_alto__mezzo_cohens_d	-0.63335304680100957	effectsize::cohens_d
c0040	posthoc_alto__mezzo_cohens_d	-0.63335304680100957	rstatix::cohens_d
c0040	posthoc_alto__soprano_cohens_d	-1.1593536170403687	effectsize::cohens_d
c0040	posthoc_alto__soprano_cohens_d	-1.1593536170403687	rstatix::cohens_d
c0040	posthoc_mezzo__soprano_cohens_d	-0.26649693300692806	effectsize::cohens_d
c0040	posthoc_mezzo__soprano_cohens_d	-0.26649693300692806	rstatix::cohens_d
c0041	f	3.5048768688621799	stats::aov
c0041	df_between	2	stats::aov
c0041	df_within	42	stats::aov
c0041	p	0.039111292861891994	stats::aov
c0041	ss_between	3.154480705663528	stats::aov
c0041	ss_within	18.900548378020343	stats::aov
c0041	ss_total	22.05502908368387	stats::aov
c0041	ms_between	1.577240352831764	stats::aov
c0041	ms_within	0.45001305661953195	stats::aov
c0041	n	45	base::length
c0041	eta_squared	0.14302772821991819	rstatix::eta_squared
c0041	eta_squared	0.14302772821991819	effectsize::eta_squared
c0041	posthoc_soprano__mezzo_cohens_d	0.26649693300692806	effectsize::cohens_d
c0041	posthoc_soprano__mezzo_cohens_d	0.26649693300692806	rstatix::cohens_d
c0041	posthoc_soprano__alto_cohens_d	1.1593536170403687	effectsize::cohens_d
c0041	posthoc_soprano__alto_cohens_d	1.1593536170403687	rstatix::cohens_d
c0041	posthoc_mezzo__alto_cohens_d	0.63335304680100957	effectsize::cohens_d
c0041	posthoc_mezzo__alto_cohens_d	0.63335304680100957	rstatix::cohens_d
c0041	posthoc_soprano__mezzo_diff	0.20413117157659944	stats::TukeyHSD
c0041	posthoc_soprano__mezzo_ci_low	-0.39097946551180196	stats::TukeyHSD
c0041	posthoc_soprano__mezzo_ci_high	0.79924180866500083	stats::TukeyHSD
c0041	posthoc_soprano__mezzo_padj	0.68463365985994828	stats::TukeyHSD
c0041	posthoc_soprano__alto_diff	0.6351658757520422	stats::TukeyHSD
c0041	posthoc_soprano__alto_ci_low	0.040055238663640802	stats::TukeyHSD
c0041	posthoc_soprano__alto_ci_high	1.2302765128404436	stats::TukeyHSD
c0041	posthoc_soprano__alto_padj	0.034147764720755758	stats::TukeyHSD
c0041	posthoc_mezzo__alto_diff	0.43103470417544276	stats::TukeyHSD
c0041	posthoc_mezzo__alto_ci_low	-0.16407593291295863	stats::TukeyHSD
c0041	posthoc_mezzo__alto_ci_high	1.0261453412638442	stats::TukeyHSD
c0041	posthoc_mezzo__alto_padj	0.19559982053316205	stats::TukeyHSD
c0042	f	3.5048768688621834	stats::aov
c0042	df_between	2	stats::aov
c0042	df_within	42	stats::aov
c0042	p	0.03911129286189189	stats::aov
c0042	ss_between	3.1544807056635307	stats::aov
c0042	ss_within	18.900548378020339	stats::aov
c0042	ss_total	22.05502908368387	stats::aov
c0042	ms_between	1.5772403528317653	stats::aov
c0042	ms_within	0.45001305661953189	stats::aov
c0042	n	45	base::length
c0042	eta_squared	0.14302772821991833	rstatix::eta_squared
c0042	eta_squared	0.14302772821991833	effectsize::eta_squared
c0042	posthoc_alto__mezzo_cohens_d	-0.63335304680100957	effectsize::cohens_d
c0042	posthoc_alto__mezzo_cohens_d	-0.63335304680100957	rstatix::cohens_d
c0042	posthoc_alto__soprano_cohens_d	-1.1593536170403687	effectsize::cohens_d
c0042	posthoc_alto__soprano_cohens_d	-1.1593536170403687	rstatix::cohens_d
c0042	posthoc_mezzo__soprano_cohens_d	-0.26649693300692806	effectsize::cohens_d
c0042	posthoc_mezzo__soprano_cohens_d	-0.26649693300692806	rstatix::cohens_d
c0042	posthoc_alto__mezzo_diff	-0.43103470417544276	stats::TukeyHSD
c0042	posthoc_alto__mezzo_ci_low	-1.0261453412638439	stats::TukeyHSD
c0042	posthoc_alto__mezzo_ci_high	0.16407593291295852	stats::TukeyHSD
c0042	posthoc_alto__mezzo_padj	0.19559982053316205	stats::TukeyHSD
c0042	posthoc_alto__soprano_diff	-0.63516587575204309	stats::TukeyHSD
c0042	posthoc_alto__soprano_ci_low	-1.2302765128404443	stats::TukeyHSD
c0042	posthoc_alto__soprano_ci_high	-0.040055238663641801	stats::TukeyHSD
c0042	posthoc_alto__soprano_padj	0.034147764720755536	stats::TukeyHSD
c0042	posthoc_mezzo__soprano_diff	-0.20413117157660032	stats::TukeyHSD
c0042	posthoc_mezzo__soprano_ci_low	-0.79924180866500161	stats::TukeyHSD
c0042	posthoc_mezzo__soprano_ci_high	0.39097946551180096	stats::TukeyHSD
c0042	posthoc_mezzo__soprano_padj	0.68463365985994584	stats::TukeyHSD
c0043	f	14.581438244449433	stats::aov
c0043	df_between	2	stats::aov
c0043	df_within	42	stats::aov
c0043	p	1.5520714651039607e-05	stats::aov
c0043	ss_between	439.33172087703372	stats::aov
c0043	ss_within	632.71989935078329	stats::aov
c0043	ss_total	1072.051620227817	stats::aov
c0043	ms_between	219.66586043851686	stats::aov
c0043	ms_within	15.064759508351983	stats::aov
c0043	n	45	base::length
c0043	eta_squared	0.40980463308629977	rstatix::eta_squared
c0043	eta_squared	0.40980463308629977	effectsize::eta_squared
c0043	posthoc_soprano__mezzo_cohens_d	0.92394815352978055	effectsize::cohens_d
c0043	posthoc_soprano__mezzo_cohens_d	0.92394815352978055	rstatix::cohens_d
c0043	posthoc_soprano__alto_cohens_d	2.0998556902153331	effectsize::cohens_d
c0043	posthoc_soprano__alto_cohens_d	2.0998556902153331	rstatix::cohens_d
c0043	posthoc_mezzo__alto_cohens_d	0.99008412458978878	effectsize::cohens_d
c0043	posthoc_mezzo__alto_cohens_d	0.99008412458978878	rstatix::cohens_d
c0044	f	14.581438244449409	stats::aov
c0044	df_between	2	stats::aov
c0044	df_within	42	stats::aov
c0044	p	1.5520714651039857e-05	stats::aov
c0044	ss_between	439.33172087703326	stats::aov
c0044	ss_within	632.71989935078375	stats::aov
c0044	ss_total	1072.051620227817	stats::aov
c0044	ms_between	219.66586043851663	stats::aov
c0044	ms_within	15.064759508351994	stats::aov
c0044	n	45	base::length
c0044	eta_squared	0.40980463308629933	rstatix::eta_squared
c0044	eta_squared	0.40980463308629933	effectsize::eta_squared
c0044	posthoc_alto__mezzo_cohens_d	-0.99008412458978878	effectsize::cohens_d
c0044	posthoc_alto__mezzo_cohens_d	-0.99008412458978878	rstatix::cohens_d
c0044	posthoc_alto__soprano_cohens_d	-2.0998556902153331	effectsize::cohens_d
c0044	posthoc_alto__soprano_cohens_d	-2.0998556902153331	rstatix::cohens_d
c0044	posthoc_mezzo__soprano_cohens_d	-0.92394815352978055	effectsize::cohens_d
c0044	posthoc_mezzo__soprano_cohens_d	-0.92394815352978055	rstatix::cohens_d
c0045	f	14.581438244449433	stats::aov
c0045	df_between	2	stats::aov
c0045	df_within	42	stats::aov
c0045	p	1.5520714651039607e-05	stats::aov
c0045	ss_between	439.33172087703372	stats::aov
c0045	ss_within	632.71989935078329	stats::aov
c0045	ss_total	1072.051620227817	stats::aov
c0045	ms_between	219.66586043851686	stats::aov
c0045	ms_within	15.064759508351983	stats::aov
c0045	n	45	base::length
c0045	eta_squared	0.40980463308629977	rstatix::eta_squared
c0045	eta_squared	0.40980463308629977	effectsize::eta_squared
c0045	posthoc_soprano__mezzo_cohens_d	0.92394815352978055	effectsize::cohens_d
c0045	posthoc_soprano__mezzo_cohens_d	0.92394815352978055	rstatix::cohens_d
c0045	posthoc_soprano__alto_cohens_d	2.0998556902153331	effectsize::cohens_d
c0045	posthoc_soprano__alto_cohens_d	2.0998556902153331	rstatix::cohens_d
c0045	posthoc_mezzo__alto_cohens_d	0.99008412458978878	effectsize::cohens_d
c0045	posthoc_mezzo__alto_cohens_d	0.99008412458978878	rstatix::cohens_d
c0045	posthoc_soprano__mezzo_diff	3.6265835638109252	stats::TukeyHSD
c0045	posthoc_soprano__mezzo_ci_low	0.18335179046788586	stats::TukeyHSD
c0045	posthoc_soprano__mezzo_ci_high	7.0698153371539645	stats::TukeyHSD
c0045	posthoc_soprano__mezzo_padj	0.037030835493605418	stats::TukeyHSD
c0045	posthoc_soprano__alto_diff	7.6501651597273366	stats::TukeyHSD
c0045	posthoc_soprano__alto_ci_low	4.2069333863842973	stats::TukeyHSD
c0045	posthoc_soprano__alto_ci_high	11.093396933070377	stats::TukeyHSD
c0045	posthoc_soprano__alto_padj	8.5588506815170717e-06	stats::TukeyHSD
c0045	posthoc_mezzo__alto_diff	4.0235815959164114	stats::TukeyHSD
c0045	posthoc_mezzo__alto_ci_low	0.58034982257337209	stats::TukeyHSD
c0045	posthoc_mezzo__alto_ci_high	7.4668133692594507	stats::TukeyHSD
c0045	posthoc_mezzo__alto_padj	0.018655309711892665	stats::TukeyHSD
c0046	f	14.581438244449409	stats::aov
c0046	df_between	2	stats::aov
c0046	df_within	42	stats::aov
c0046	p	1.5520714651039857e-05	stats::aov
c0046	ss_between	439.33172087703326	stats::aov
c0046	ss_within	632.71989935078375	stats::aov
c0046	ss_total	1072.051620227817	stats::aov
c0046	ms_between	219.66586043851663	stats::aov
c0046	ms_within	15.064759508351994	stats::aov
c0046	n	45	base::length
c0046	eta_squared	0.40980463308629933	rstatix::eta_squared
c0046	eta_squared	0.40980463308629933	effectsize::eta_squared
c0046	posthoc_alto__mezzo_cohens_d	-0.99008412458978878	effectsize::cohens_d
c0046	posthoc_alto__mezzo_cohens_d	-0.99008412458978878	rstatix::cohens_d
c0046	posthoc_alto__soprano_cohens_d	-2.0998556902153331	effectsize::cohens_d
c0046	posthoc_alto__soprano_cohens_d	-2.0998556902153331	rstatix::cohens_d
c0046	posthoc_mezzo__soprano_cohens_d	-0.92394815352978055	effectsize::cohens_d
c0046	posthoc_mezzo__soprano_cohens_d	-0.92394815352978055	rstatix::cohens_d
c0046	posthoc_alto__mezzo_diff	-4.0235815959163972	stats::TukeyHSD
c0046	posthoc_alto__mezzo_ci_low	-7.4668133692594374	stats::TukeyHSD
c0046	posthoc_alto__mezzo_ci_high	-0.58034982257335699	stats::TukeyHSD
c0046	posthoc_alto__mezzo_padj	0.018655309711893109	stats::TukeyHSD
c0046	posthoc_alto__soprano_diff	-7.6501651597273224	stats::TukeyHSD
c0046	posthoc_alto__soprano_ci_low	-11.093396933070363	stats::TukeyHSD
c0046	posthoc_alto__soprano_ci_high	-4.2069333863842822	stats::TukeyHSD
c0046	posthoc_alto__soprano_padj	8.5588506815170717e-06	stats::TukeyHSD
c0046	posthoc_mezzo__soprano_diff	-3.6265835638109252	stats::TukeyHSD
c0046	posthoc_mezzo__soprano_ci_low	-7.0698153371539654	stats::TukeyHSD
c0046	posthoc_mezzo__soprano_ci_high	-0.18335179046788497	stats::TukeyHSD
c0046	posthoc_mezzo__soprano_padj	0.037030835493605418	stats::TukeyHSD
c0047	f	5.8502267109642299	stats::aov
c0047	df_between	2	stats::aov
c0047	df_within	42	stats::aov
c0047	p	0.0057371749261637605	stats::aov
c0047	ss_between	4.5766510159457736	stats::aov
c0047	ss_within	16.42836698187044	stats::aov
c0047	ss_total	21.005017997816214	stats::aov
c0047	ms_between	2.2883255079728868	stats::aov
c0047	ms_within	0.39115159480643902	stats::aov
c0047	n	45	base::length
c0047	eta_squared	0.21788369885812928	rstatix::eta_squared
c0047	eta_squared	0.21788369885812928	effectsize::eta_squared
c0047	posthoc_soprano__mezzo_cohens_d	0.077149981188815317	effectsize::cohens_d
c0047	posthoc_soprano__mezzo_cohens_d	0.077149981188815317	rstatix::cohens_d
c0047	posthoc_soprano__alto_cohens_d	1.2644075236587835	effectsize::cohens_d
c0047	posthoc_soprano__alto_cohens_d	1.2644075236587835	rstatix::cohens_d
c0047	posthoc_mezzo__alto_cohens_d	1.02902754303771	effectsize::cohens_d
c0047	posthoc_mezzo__alto_cohens_d	1.02902754303771	rstatix::cohens_d
c0048	f	5.850226710964229	stats::aov
c0048	df_between	2	stats::aov
c0048	df_within	42	stats::aov
c0048	p	0.0057371749261637605	stats::aov
c0048	ss_between	4.5766510159457727	stats::aov
c0048	ss_within	16.42836698187044	stats::aov
c0048	ss_total	21.005017997816211	stats::aov
c0048	ms_between	2.2883255079728864	stats::aov
c0048	ms_within	0.39115159480643902	stats::aov
c0048	n	45	base::length
c0048	eta_squared	0.21788369885812928	rstatix::eta_squared
c0048	eta_squared	0.21788369885812928	effectsize::eta_squared
c0048	posthoc_alto__mezzo_cohens_d	-1.02902754303771	effectsize::cohens_d
c0048	posthoc_alto__mezzo_cohens_d	-1.02902754303771	rstatix::cohens_d
c0048	posthoc_alto__soprano_cohens_d	-1.2644075236587835	effectsize::cohens_d
c0048	posthoc_alto__soprano_cohens_d	-1.2644075236587835	rstatix::cohens_d
c0048	posthoc_mezzo__soprano_cohens_d	-0.077149981188815317	effectsize::cohens_d
c0048	posthoc_mezzo__soprano_cohens_d	-0.077149981188815317	rstatix::cohens_d
c0049	f	5.8502267109642299	stats::aov
c0049	df_between	2	stats::aov
c0049	df_within	42	stats::aov
c0049	p	0.0057371749261637605	stats::aov
c0049	ss_between	4.5766510159457736	stats::aov
c0049	ss_within	16.42836698187044	stats::aov
c0049	ss_total	21.005017997816214	stats::aov
c0049	ms_between	2.2883255079728868	stats::aov
c0049	ms_within	0.39115159480643902	stats::aov
c0049	n	45	base::length
c0049	eta_squared	0.21788369885812928	rstatix::eta_squared
c0049	eta_squared	0.21788369885812928	effectsize::eta_squared
c0049	posthoc_soprano__mezzo_cohens_d	0.077149981188815317	effectsize::cohens_d
c0049	posthoc_soprano__mezzo_cohens_d	0.077149981188815317	rstatix::cohens_d
c0049	posthoc_soprano__alto_cohens_d	1.2644075236587835	effectsize::cohens_d
c0049	posthoc_soprano__alto_cohens_d	1.2644075236587835	rstatix::cohens_d
c0049	posthoc_mezzo__alto_cohens_d	1.02902754303771	effectsize::cohens_d
c0049	posthoc_mezzo__alto_cohens_d	1.02902754303771	rstatix::cohens_d
c0049	posthoc_soprano__mezzo_diff	0.052808717896671631	stats::TukeyHSD
c0049	posthoc_soprano__mezzo_ci_low	-0.50201843670639046	stats::TukeyHSD
c0049	posthoc_soprano__mezzo_ci_high	0.60763587249973372	stats::TukeyHSD
c0049	posthoc_soprano__mezzo_padj	0.97097304276427598	stats::TukeyHSD
c0049	posthoc_soprano__alto_diff	0.70136623274578191	stats::TukeyHSD
c0049	posthoc_soprano__alto_ci_low	0.14653907814271983	stats::TukeyHSD
c0049	posthoc_soprano__alto_ci_high	1.256193387348844	stats::TukeyHSD
c0049	posthoc_soprano__alto_padj	0.010219555940402025	stats::TukeyHSD
c0049	posthoc_mezzo__alto_diff	0.64855751484911028	stats::TukeyHSD
c0049	posthoc_mezzo__alto_ci_low	0.093730360246048194	stats::TukeyHSD
c0049	posthoc_mezzo__alto_ci_high	1.2033846694521724	stats::TukeyHSD
c0049	posthoc_mezzo__alto_padj	0.01861086246292476	stats::TukeyHSD
c0050	f	5.850226710964229	stats::aov
c0050	df_between	2	stats::aov
c0050	df_within	42	stats::aov
c0050	p	0.0057371749261637605	stats::aov
c0050	ss_between	4.5766510159457727	stats::aov
c0050	ss_within	16.42836698187044	stats::aov
c0050	ss_total	21.005017997816211	stats::aov
c0050	ms_between	2.2883255079728864	stats::aov
c0050	ms_within	0.39115159480643902	stats::aov
c0050	n	45	base::length
c0050	eta_squared	0.21788369885812928	rstatix::eta_squared
c0050	eta_squared	0.21788369885812928	effectsize::eta_squared
c0050	posthoc_alto__mezzo_cohens_d	-1.02902754303771	effectsize::cohens_d
c0050	posthoc_alto__mezzo_cohens_d	-1.02902754303771	rstatix::cohens_d
c0050	posthoc_alto__soprano_cohens_d	-1.2644075236587835	effectsize::cohens_d
c0050	posthoc_alto__soprano_cohens_d	-1.2644075236587835	rstatix::cohens_d
c0050	posthoc_mezzo__soprano_cohens_d	-0.077149981188815317	effectsize::cohens_d
c0050	posthoc_mezzo__soprano_cohens_d	-0.077149981188815317	rstatix::cohens_d
c0050	posthoc_alto__mezzo_diff	-0.64855751484911028	stats::TukeyHSD
c0050	posthoc_alto__mezzo_ci_low	-1.2033846694521724	stats::TukeyHSD
c0050	posthoc_alto__mezzo_ci_high	-0.093730360246048194	stats::TukeyHSD
c0050	posthoc_alto__mezzo_padj	0.01861086246292476	stats::TukeyHSD
c0050	posthoc_alto__soprano_diff	-0.70136623274578191	stats::TukeyHSD
c0050	posthoc_alto__soprano_ci_low	-1.256193387348844	stats::TukeyHSD
c0050	posthoc_alto__soprano_ci_high	-0.14653907814271983	stats::TukeyHSD
c0050	posthoc_alto__soprano_padj	0.010219555940402025	stats::TukeyHSD
c0050	posthoc_mezzo__soprano_diff	-0.052808717896671631	stats::TukeyHSD
c0050	posthoc_mezzo__soprano_ci_low	-0.60763587249973372	stats::TukeyHSD
c0050	posthoc_mezzo__soprano_ci_high	0.50201843670639046	stats::TukeyHSD
c0050	posthoc_mezzo__soprano_padj	0.97097304276427598	stats::TukeyHSD
c0051	f	14.268732135759269	stats::aov
c0051	df_between	2	stats::aov
c0051	df_within	42	stats::aov
c0051	p	1.8681785833303495e-05	stats::aov
c0051	ss_between	480.41349152263047	stats::aov
c0051	ss_within	707.04833659969745	stats::aov
c0051	ss_total	1187.4618281223279	stats::aov
c0051	ms_between	240.20674576131523	stats::aov
c0051	ms_within	16.834484204754702	stats::aov
c0051	n	45	base::length
c0051	eta_squared	0.40457173455611917	rstatix::eta_squared
c0051	eta_squared	0.40457173455611917	effectsize::eta_squared
c0051	posthoc_soprano__mezzo_cohens_d	1.4258188182833162	effectsize::cohens_d
c0051	posthoc_soprano__mezzo_cohens_d	1.4258188182833162	rstatix::cohens_d
c0051	posthoc_soprano__alto_cohens_d	1.860017468818369	effectsize::cohens_d
c0051	posthoc_soprano__alto_cohens_d	1.860017468818369	rstatix::cohens_d
c0051	posthoc_mezzo__alto_cohens_d	0.52962600678299288	effectsize::cohens_d
c0051	posthoc_mezzo__alto_cohens_d	0.52962600678299288	rstatix::cohens_d
c0052	f	14.268732135759286	stats::aov
c0052	df_between	2	stats::aov
c0052	df_within	42	stats::aov
c0052	p	1.8681785833303363e-05	stats::aov
c0052	ss_between	480.41349152263075	stats::aov
c0052	ss_within	707.048336599697	stats::aov
c0052	ss_total	1187.4618281223277	stats::aov
c0052	ms_between	240.20674576131537	stats::aov
c0052	ms_within	16.834484204754691	stats::aov
c0052	n	45	base::length
c0052	eta_squared	0.4045717345561195	rstatix::eta_squared
c0052	eta_squared	0.4045717345561195	effectsize::eta_squared
c0052	posthoc_alto__mezzo_cohens_d	-0.52962600678299288	effectsize::cohens_d
c0052	posthoc_alto__mezzo_cohens_d	-0.52962600678299288	rstatix::cohens_d
c0052	posthoc_alto__soprano_cohens_d	-1.860017468818369	effectsize::cohens_d
c0052	posthoc_alto__soprano_cohens_d	-1.860017468818369	rstatix::cohens_d
c0052	posthoc_mezzo__soprano_cohens_d	-1.4258188182833162	effectsize::cohens_d
c0052	posthoc_mezzo__soprano_cohens_d	-1.4258188182833162	rstatix::cohens_d
c0053	f	14.268732135759269	stats::aov
c0053	df_between	2	stats::aov
c0053	df_within	42	stats::aov
c0053	p	1.8681785833303495e-05	stats::aov
c0053	ss_between	480.41349152263047	stats::aov
c0053	ss_within	707.04833659969745	stats::aov
c0053	ss_total	1187.4618281223279	stats::aov
c0053	ms_between	240.20674576131523	stats::aov
c0053	ms_within	16.834484204754702	stats::aov
c0053	n	45	base::length
c0053	eta_squared	0.40457173455611917	rstatix::eta_squared
c0053	eta_squared	0.40457173455611917	effectsize::eta_squared
c0053	posthoc_soprano__mezzo_cohens_d	1.4258188182833162	effectsize::cohens_d
c0053	posthoc_soprano__mezzo_cohens_d	1.4258188182833162	rstatix::cohens_d
c0053	posthoc_soprano__alto_cohens_d	1.860017468818369	effectsize::cohens_d
c0053	posthoc_soprano__alto_cohens_d	1.860017468818369	rstatix::cohens_d
c0053	posthoc_mezzo__alto_cohens_d	0.52962600678299288	effectsize::cohens_d
c0053	posthoc_mezzo__alto_cohens_d	0.52962600678299288	rstatix::cohens_d
c0053	posthoc_soprano__mezzo_diff	5.5294936672746076	stats::TukeyHSD
c0053	posthoc_soprano__mezzo_ci_low	1.8896304551119161	stats::TukeyHSD
c0053	posthoc_soprano__mezzo_ci_high	9.1693568794372986	stats::TukeyHSD
c0053	posthoc_soprano__mezzo_padj	0.001810764585439939	stats::TukeyHSD
c0053	posthoc_soprano__alto_diff	7.7757221867936721	stats::TukeyHSD
c0053	posthoc_soprano__alto_ci_low	4.1358589746309811	stats::TukeyHSD
c0053	posthoc_soprano__alto_ci_high	11.415585398956363	stats::TukeyHSD
c0053	posthoc_soprano__alto_padj	1.6871231398485342e-05	stats::TukeyHSD
c0053	posthoc_mezzo__alto_diff	2.2462285195190645	stats::TukeyHSD
c0053	posthoc_mezzo__alto_ci_low	-1.3936346926436269	stats::TukeyHSD
c0053	posthoc_mezzo__alto_ci_high	5.8860917316817556	stats::TukeyHSD
c0053	posthoc_mezzo__alto_padj	0.30156231884951445	stats::TukeyHSD
c0054	f	14.268732135759286	stats::aov
c0054	df_between	2	stats::aov
c0054	df_within	42	stats::aov
c0054	p	1.8681785833303363e-05	stats::aov
c0054	ss_between	480.41349152263075	stats::aov
c0054	ss_within	707.048336599697	stats::aov
c0054	ss_total	1187.4618281223277	stats::aov
c0054	ms_between	240.20674576131537	stats::aov
c0054	ms_within	16.834484204754691	stats::aov
c0054	n	45	base::length
c0054	eta_squared	0.4045717345561195	rstatix::eta_squared
c0054	eta_squared	0.4045717345561195	effectsize::eta_squared
c0054	posthoc_alto__mezzo_cohens_d	-0.52962600678299288	effectsize::cohens_d
c0054	posthoc_alto__mezzo_cohens_d	-0.52962600678299288	rstatix::cohens_d
c0054	posthoc_alto__soprano_cohens_d	-1.860017468818369	effectsize::cohens_d
c0054	posthoc_alto__soprano_cohens_d	-1.860017468818369	rstatix::cohens_d
c0054	posthoc_mezzo__soprano_cohens_d	-1.4258188182833162	effectsize::cohens_d
c0054	posthoc_mezzo__soprano_cohens_d	-1.4258188182833162	rstatix::cohens_d
c0054	posthoc_alto__mezzo_diff	-2.2462285195190645	stats::TukeyHSD
c0054	posthoc_alto__mezzo_ci_low	-5.8860917316817547	stats::TukeyHSD
c0054	posthoc_alto__mezzo_ci_high	1.3936346926436256	stats::TukeyHSD
c0054	posthoc_alto__mezzo_padj	0.30156231884951412	stats::TukeyHSD
c0054	posthoc_alto__soprano_diff	-7.7757221867936721	stats::TukeyHSD
c0054	posthoc_alto__soprano_ci_low	-11.415585398956363	stats::TukeyHSD
c0054	posthoc_alto__soprano_ci_high	-4.135858974630982	stats::TukeyHSD
c0054	posthoc_alto__soprano_padj	1.687123139837432e-05	stats::TukeyHSD
c0054	posthoc_mezzo__soprano_diff	-5.5294936672746076	stats::TukeyHSD
c0054	posthoc_mezzo__soprano_ci_low	-9.1693568794372986	stats::TukeyHSD
c0054	posthoc_mezzo__soprano_ci_high	-1.8896304551119174	stats::TukeyHSD
c0054	posthoc_mezzo__soprano_padj	0.0018107645854402721	stats::TukeyHSD
c0055	f	2.4239587364474926	stats::aov
c0055	df_between	2	stats::aov
c0055	df_within	42	stats::aov
c0055	p	0.10086465526566901	stats::aov
c0055	ss_between	1.4501740000834478	stats::aov
c0055	ss_within	12.563602483755433	stats::aov
c0055	ss_total	14.013776483838882	stats::aov
c0055	ms_between	0.72508700004172388	stats::aov
c0055	ms_within	0.29913339247036747	stats::aov
c0055	n	45	base::length
c0055	eta_squared	0.10348202725766556	rstatix::eta_squared
c0055	eta_squared	0.10348202725766556	effectsize::eta_squared
c0055	posthoc_soprano__mezzo_cohens_d	0.36455850872861606	effectsize::cohens_d
c0055	posthoc_soprano__mezzo_cohens_d	0.36455850872861606	rstatix::cohens_d
c0055	posthoc_soprano__alto_cohens_d	0.85967579727774091	effectsize::cohens_d
c0055	posthoc_soprano__alto_cohens_d	0.85967579727774091	rstatix::cohens_d
c0055	posthoc_mezzo__alto_cohens_d	0.42851602861862581	effectsize::cohens_d
c0055	posthoc_mezzo__alto_cohens_d	0.42851602861862581	rstatix::cohens_d
c0056	f	2.4239587364474873	stats::aov
c0056	df_between	2	stats::aov
c0056	df_within	42	stats::aov
c0056	p	0.10086465526566951	stats::aov
c0056	ss_between	1.4501740000834447	stats::aov
c0056	ss_within	12.563602483755437	stats::aov
c0056	ss_total	14.013776483838882	stats::aov
c0056	ms_between	0.72508700004172233	stats::aov
c0056	ms_within	0.29913339247036752	stats::aov
c0056	n	45	base::length
c0056	eta_squared	0.10348202725766534	rstatix::eta_squared
c0056	eta_squared	0.10348202725766534	effectsize::eta_squared
c0056	posthoc_alto__mezzo_cohens_d	-0.42851602861862581	effectsize::cohens_d
c0056	posthoc_alto__mezzo_cohens_d	-0.42851602861862581	rstatix::cohens_d
c0056	posthoc_alto__soprano_cohens_d	-0.85967579727774091	effectsize::cohens_d
c0056	posthoc_alto__soprano_cohens_d	-0.85967579727774091	rstatix::cohens_d
c0056	posthoc_mezzo__soprano_cohens_d	-0.36455850872861606	effectsize::cohens_d
c0056	posthoc_mezzo__soprano_cohens_d	-0.36455850872861606	rstatix::cohens_d
c0057	f	2.4239587364474926	stats::aov
c0057	df_between	2	stats::aov
c0057	df_within	42	stats::aov
c0057	p	0.10086465526566901	stats::aov
c0057	ss_between	1.4501740000834478	stats::aov
c0057	ss_within	12.563602483755433	stats::aov
c0057	ss_total	14.013776483838882	stats::aov
c0057	ms_between	0.72508700004172388	stats::aov
c0057	ms_within	0.29913339247036747	stats::aov
c0057	n	45	base::length
c0057	eta_squared	0.10348202725766556	rstatix::eta_squared
c0057	eta_squared	0.10348202725766556	effectsize::eta_squared
c0057	posthoc_soprano__mezzo_cohens_d	0.36455850872861606	effectsize::cohens_d
c0057	posthoc_soprano__mezzo_cohens_d	0.36455850872861606	rstatix::cohens_d
c0057	posthoc_soprano__alto_cohens_d	0.85967579727774091	effectsize::cohens_d
c0057	posthoc_soprano__alto_cohens_d	0.85967579727774091	rstatix::cohens_d
c0057	posthoc_mezzo__alto_cohens_d	0.42851602861862581	effectsize::cohens_d
c0057	posthoc_mezzo__alto_cohens_d	0.42851602861862581	rstatix::cohens_d
c0057	posthoc_soprano__mezzo_diff	0.22882514536508847	stats::TukeyHSD
c0057	posthoc_soprano__mezzo_ci_low	-0.25637129261718072	stats::TukeyHSD
c0057	posthoc_soprano__mezzo_ci_high	0.71402158334735766	stats::TukeyHSD
c0057	posthoc_soprano__mezzo_padj	0.49180769225360599	stats::TukeyHSD
c0057	posthoc_soprano__alto_diff	0.43959973362963556	stats::TukeyHSD
c0057	posthoc_soprano__alto_ci_low	-0.045596704352633632	stats::TukeyHSD
c0057	posthoc_soprano__alto_ci_high	0.92479617161190475	stats::TukeyHSD
c0057	posthoc_soprano__alto_padj	0.082635279293418962	stats::TukeyHSD
c0057	posthoc_mezzo__alto_diff	0.21077458826454709	stats::TukeyHSD
c0057	posthoc_mezzo__alto_ci_low	-0.2744218497177221	stats::TukeyHSD
c0057	posthoc_mezzo__alto_ci_high	0.69597102624681628	stats::TukeyHSD
c0057	posthoc_mezzo__alto_padj	0.54668096504356667	stats::TukeyHSD
c0058	f	2.4239587364474873	stats::aov
c0058	df_between	2	stats::aov
c0058	df_within	42	stats::aov
c0058	p	0.10086465526566951	stats::aov
c0058	ss_between	1.4501740000834447	stats::aov
c0058	ss_within	12.563602483755437	stats::aov
c0058	ss_total	14.013776483838882	stats::aov
c0058	ms_between	0.72508700004172233	stats::aov
c0058	ms_within	0.29913339247036752	stats::aov
c0058	n	45	base::length
c0058	eta_squared	0.10348202725766534	rstatix::eta_squared
c0058	eta_squared	0.10348202725766534	effectsize::eta_squared
c0058	posthoc_alto__mezzo_cohens_d	-0.42851602861862581	effectsize::cohens_d
c0058	posthoc_alto__mezzo_cohens_d	-0.42851602861862581	rstatix::cohens_d
c0058	posthoc_alto__soprano_cohens_d	-0.85967579727774091	effectsize::cohens_d
c0058	posthoc_alto__soprano_cohens_d	-0.85967579727774091	rstatix::cohens_d
c0058	posthoc_mezzo__soprano_cohens_d	-0.36455850872861606	effectsize::cohens_d
c0058	posthoc_mezzo__soprano_cohens_d	-0.36455850872861606	rstatix::cohens_d
c0058	posthoc_alto__mezzo_diff	-0.2107745882645462	stats::TukeyHSD
c0058	posthoc_alto__mezzo_ci_low	-0.69597102624681551	stats::TukeyHSD
c0058	posthoc_alto__mezzo_ci_high	0.27442184971772304	stats::TukeyHSD
c0058	posthoc_alto__mezzo_padj	0.54668096504356944	stats::TukeyHSD
c0058	posthoc_alto__soprano_diff	-0.43959973362963467	stats::TukeyHSD
c0058	posthoc_alto__soprano_ci_low	-0.92479617161190397	stats::TukeyHSD
c0058	posthoc_alto__soprano_ci_high	0.045596704352634576	stats::TukeyHSD
c0058	posthoc_alto__soprano_padj	0.08263527929341985	stats::TukeyHSD
c0058	posthoc_mezzo__soprano_diff	-0.22882514536508847	stats::TukeyHSD
c0058	posthoc_mezzo__soprano_ci_low	-0.71402158334735777	stats::TukeyHSD
c0058	posthoc_mezzo__soprano_ci_high	0.25637129261718078	stats::TukeyHSD
c0058	posthoc_mezzo__soprano_padj	0.49180769225360599	stats::TukeyHSD
c0059	f	44.307472834401956	stats::aov
c0059	df_between	1	stats::aov
c0059	df_within	38	stats::aov
c0059	p	7.2000246032637703e-08	stats::aov
c0059	ss_between	18.012021767818666	stats::aov
c0059	ss_within	15.447886855006359	stats::aov
c0059	ss_total	33.459908622825026	stats::aov
c0059	ms_between	18.012021767818666	stats::aov
c0059	ms_within	0.40652333828964105	stats::aov
c0059	n	40	base::length
c0059	eta_squared	0.5383165259313224	rstatix::eta_squared
c0059	eta_squared	0.5383165259313224	effectsize::eta_squared
c0059	posthoc_control__patient_cohens_d	-2.1049340330376625	effectsize::cohens_d
c0059	posthoc_control__patient_cohens_d	-2.1049340330376625	rstatix::cohens_d
c0060	f	44.307472834401956	stats::aov
c0060	df_between	1	stats::aov
c0060	df_within	38	stats::aov
c0060	p	7.2000246032637703e-08	stats::aov
c0060	ss_between	18.012021767818666	stats::aov
c0060	ss_within	15.447886855006359	stats::aov
c0060	ss_total	33.459908622825026	stats::aov
c0060	ms_between	18.012021767818666	stats::aov
c0060	ms_within	0.40652333828964105	stats::aov
c0060	n	40	base::length
c0060	eta_squared	0.5383165259313224	rstatix::eta_squared
c0060	eta_squared	0.5383165259313224	effectsize::eta_squared
c0060	posthoc_control__patient_cohens_d	-2.1049340330376625	effectsize::cohens_d
c0060	posthoc_control__patient_cohens_d	-2.1049340330376625	rstatix::cohens_d
c0061	f	44.307472834401956	stats::aov
c0061	df_between	1	stats::aov
c0061	df_within	38	stats::aov
c0061	p	7.2000246032637703e-08	stats::aov
c0061	ss_between	18.012021767818666	stats::aov
c0061	ss_within	15.447886855006359	stats::aov
c0061	ss_total	33.459908622825026	stats::aov
c0061	ms_between	18.012021767818666	stats::aov
c0061	ms_within	0.40652333828964105	stats::aov
c0061	n	40	base::length
c0061	eta_squared	0.5383165259313224	rstatix::eta_squared
c0061	eta_squared	0.5383165259313224	effectsize::eta_squared
c0061	posthoc_control__patient_cohens_d	-2.1049340330376625	effectsize::cohens_d
c0061	posthoc_control__patient_cohens_d	-2.1049340330376625	rstatix::cohens_d
c0061	posthoc_control__patient_diff	-1.3420887365527909	stats::TukeyHSD
c0061	posthoc_control__patient_ci_low	-1.7502556696796268	stats::TukeyHSD
c0061	posthoc_control__patient_ci_high	-0.9339218034259551	stats::TukeyHSD
c0061	posthoc_control__patient_padj	7.2000089001988954e-08	stats::TukeyHSD
c0062	f	44.307472834401956	stats::aov
c0062	df_between	1	stats::aov
c0062	df_within	38	stats::aov
c0062	p	7.2000246032637703e-08	stats::aov
c0062	ss_between	18.012021767818666	stats::aov
c0062	ss_within	15.447886855006359	stats::aov
c0062	ss_total	33.459908622825026	stats::aov
c0062	ms_between	18.012021767818666	stats::aov
c0062	ms_within	0.40652333828964105	stats::aov
c0062	n	40	base::length
c0062	eta_squared	0.5383165259313224	rstatix::eta_squared
c0062	eta_squared	0.5383165259313224	effectsize::eta_squared
c0062	posthoc_control__patient_cohens_d	-2.1049340330376625	effectsize::cohens_d
c0062	posthoc_control__patient_cohens_d	-2.1049340330376625	rstatix::cohens_d
c0062	posthoc_control__patient_diff	-1.3420887365527909	stats::TukeyHSD
c0062	posthoc_control__patient_ci_low	-1.7502556696796268	stats::TukeyHSD
c0062	posthoc_control__patient_ci_high	-0.9339218034259551	stats::TukeyHSD
c0062	posthoc_control__patient_padj	7.2000089001988954e-08	stats::TukeyHSD
c0063	f	15.228799970501367	stats::aov
c0063	df_between	1	stats::aov
c0063	df_within	46	stats::aov
c0063	p	0.00030882281652466162	stats::aov
c0063	ss_between	450.37798261337736	stats::aov
c0063	ss_within	1360.4083867636023	stats::aov
c0063	ss_total	1810.7863693769796	stats::aov
c0063	ms_between	450.37798261337736	stats::aov
c0063	ms_within	29.574095364426135	stats::aov
c0063	n	48	base::length
c0063	eta_squared	0.24871955644791754	rstatix::eta_squared
c0063	eta_squared	0.24871955644791754	effectsize::eta_squared
c0063	posthoc_soprano__alto_cohens_d	1.1265285900537281	effectsize::cohens_d
c0063	posthoc_soprano__alto_cohens_d	1.1265285900537281	rstatix::cohens_d
c0064	f	15.22879997050137	stats::aov
c0064	df_between	1	stats::aov
c0064	df_within	46	stats::aov
c0064	p	0.0003088228165246607	stats::aov
c0064	ss_between	450.37798261337753	stats::aov
c0064	ss_within	1360.4083867636025	stats::aov
c0064	ss_total	1810.78636937698	stats::aov
c0064	ms_between	450.37798261337753	stats::aov
c0064	ms_within	29.574095364426142	stats::aov
c0064	n	48	base::length
c0064	eta_squared	0.24871955644791757	rstatix::eta_squared
c0064	eta_squared	0.24871955644791757	effectsize::eta_squared
c0064	posthoc_alto__soprano_cohens_d	-1.1265285900537281	effectsize::cohens_d
c0064	posthoc_alto__soprano_cohens_d	-1.1265285900537281	rstatix::cohens_d
c0065	f	15.228799970501367	stats::aov
c0065	df_between	1	stats::aov
c0065	df_within	46	stats::aov
c0065	p	0.00030882281652466162	stats::aov
c0065	ss_between	450.37798261337736	stats::aov
c0065	ss_within	1360.4083867636023	stats::aov
c0065	ss_total	1810.7863693769796	stats::aov
c0065	ms_between	450.37798261337736	stats::aov
c0065	ms_within	29.574095364426135	stats::aov
c0065	n	48	base::length
c0065	eta_squared	0.24871955644791754	rstatix::eta_squared
c0065	eta_squared	0.24871955644791754	effectsize::eta_squared
c0065	posthoc_soprano__alto_cohens_d	1.1265285900537281	effectsize::cohens_d
c0065	posthoc_soprano__alto_cohens_d	1.1265285900537281	rstatix::cohens_d
c0065	posthoc_soprano__alto_diff	6.1262956630507688	stats::TukeyHSD
c0065	posthoc_soprano__alto_ci_low	2.966300908061783	stats::TukeyHSD
c0065	posthoc_soprano__alto_ci_high	9.286290418039755	stats::TukeyHSD
c0065	posthoc_soprano__alto_padj	0.00030882281604305284	stats::TukeyHSD
c0066	f	15.22879997050137	stats::aov
c0066	df_between	1	stats::aov
c0066	df_within	46	stats::aov
c0066	p	0.0003088228165246607	stats::aov
c0066	ss_between	450.37798261337753	stats::aov
c0066	ss_within	1360.4083867636025	stats::aov
c0066	ss_total	1810.78636937698	stats::aov
c0066	ms_between	450.37798261337753	stats::aov
c0066	ms_within	29.574095364426142	stats::aov
c0066	n	48	base::length
c0066	eta_squared	0.24871955644791757	rstatix::eta_squared
c0066	eta_squared	0.24871955644791757	effectsize::eta_squared
c0066	posthoc_alto__soprano_cohens_d	-1.1265285900537281	effectsize::cohens_d
c0066	posthoc_alto__soprano_cohens_d	-1.1265285900537281	rstatix::cohens_d
c0066	posthoc_alto__soprano_diff	-6.1262956630507688	stats::TukeyHSD
c0066	posthoc_alto__soprano_ci_low	-9.286290418039755	stats::TukeyHSD
c0066	posthoc_alto__soprano_ci_high	-2.966300908061783	stats::TukeyHSD
c0066	posthoc_alto__soprano_padj	0.00030882281604305284	stats::TukeyHSD
c0067	f	38.388946070974704	stats::aov
c0067	df_between	4	stats::aov
c0067	df_within	45	stats::aov
c0067	p	5.7511956956461221e-14	stats::aov
c0067	ss_between	1142.9847619047625	stats::aov
c0067	ss_within	334.95523809523786	stats::aov
c0067	ss_total	1477.9400000000005	stats::aov
c0067	ms_between	285.74619047619063	stats::aov
c0067	ms_within	7.4434497354497307	stats::aov
c0067	n	50	base::length
c0067	eta_squared	0.77336343958804965	rstatix::eta_squared
c0067	eta_squared	0.77336343958804965	effectsize::eta_squared
c0067	posthoc_welch__paired_cohens_d	-0.94676213666230169	effectsize::cohens_d
c0067	posthoc_welch__paired_cohens_d	-0.94676213666230169	rstatix::cohens_d
c0067	posthoc_welch__corr_cohens_d	1.9411425885796207	effectsize::cohens_d
c0067	posthoc_welch__corr_cohens_d	1.9411425885796207	rstatix::cohens_d
c0067	posthoc_welch__perfect_cohens_d	3.6406792573015077	effectsize::cohens_d
c0067	posthoc_welch__perfect_cohens_d	3.6406792573015077	rstatix::cohens_d
c0067	posthoc_welch__mwu_cohens_d	3.3763886032268267	effectsize::cohens_d
c0067	posthoc_welch__mwu_cohens_d	3.3763886032268267	rstatix::cohens_d
c0067	posthoc_paired__corr_cohens_d	3.0043639277189058	effectsize::cohens_d
c0067	posthoc_paired__corr_cohens_d	3.0043639277189058	rstatix::cohens_d
c0067	posthoc_paired__perfect_cohens_d	5.5409163850364056	effectsize::cohens_d
c0067	posthoc_paired__perfect_cohens_d	5.5409163850364056	rstatix::cohens_d
c0067	posthoc_paired__mwu_cohens_d	5.3039585091957484	effectsize::cohens_d
c0067	posthoc_paired__mwu_cohens_d	5.3039585091957484	rstatix::cohens_d
c0067	posthoc_corr__perfect_cohens_d	0.92155574708424393	effectsize::cohens_d
c0067	posthoc_corr__perfect_cohens_d	0.9215557470842437	rstatix::cohens_d
c0067	posthoc_corr__mwu_cohens_d	0.98273585265963326	effectsize::cohens_d
c0067	posthoc_corr__mwu_cohens_d	0.98273585265963326	rstatix::cohens_d
c0067	posthoc_perfect__mwu_cohens_d	0.34641016151377541	effectsize::cohens_d
c0067	posthoc_perfect__mwu_cohens_d	0.34641016151377541	rstatix::cohens_d
c0068	f	38.388946070974669	stats::aov
c0068	df_between	4	stats::aov
c0068	df_within	45	stats::aov
c0068	p	5.7511956956462445e-14	stats::aov
c0068	ss_between	1142.9847619047612	stats::aov
c0068	ss_within	334.95523809523775	stats::aov
c0068	ss_total	1477.9399999999989	stats::aov
c0068	ms_between	285.74619047619029	stats::aov
c0068	ms_within	7.443449735449728	stats::aov
c0068	n	50	base::length
c0068	eta_squared	0.77336343958804954	rstatix::eta_squared
c0068	eta_squared	0.77336343958804954	effectsize::eta_squared
c0068	posthoc_corr__mwu_cohens_d	0.98273585265963326	effectsize::cohens_d
c0068	posthoc_corr__mwu_cohens_d	0.98273585265963326	rstatix::cohens_d
c0068	posthoc_corr__paired_cohens_d	-3.0043639277189058	effectsize::cohens_d
c0068	posthoc_corr__paired_cohens_d	-3.0043639277189058	rstatix::cohens_d
c0068	posthoc_corr__perfect_cohens_d	0.92155574708424393	effectsize::cohens_d
c0068	posthoc_corr__perfect_cohens_d	0.9215557470842437	rstatix::cohens_d
c0068	posthoc_corr__welch_cohens_d	-1.9411425885796207	effectsize::cohens_d
c0068	posthoc_corr__welch_cohens_d	-1.9411425885796207	rstatix::cohens_d
c0068	posthoc_mwu__paired_cohens_d	-5.3039585091957484	effectsize::cohens_d
c0068	posthoc_mwu__paired_cohens_d	-5.3039585091957484	rstatix::cohens_d
c0068	posthoc_mwu__perfect_cohens_d	-0.34641016151377541	effectsize::cohens_d
c0068	posthoc_mwu__perfect_cohens_d	-0.34641016151377541	rstatix::cohens_d
c0068	posthoc_mwu__welch_cohens_d	-3.3763886032268267	effectsize::cohens_d
c0068	posthoc_mwu__welch_cohens_d	-3.3763886032268267	rstatix::cohens_d
c0068	posthoc_paired__perfect_cohens_d	5.5409163850364056	effectsize::cohens_d
c0068	posthoc_paired__perfect_cohens_d	5.5409163850364056	rstatix::cohens_d
c0068	posthoc_paired__welch_cohens_d	0.94676213666230169	effectsize::cohens_d
c0068	posthoc_paired__welch_cohens_d	0.94676213666230169	rstatix::cohens_d
c0068	posthoc_perfect__welch_cohens_d	-3.6406792573015077	effectsize::cohens_d
c0068	posthoc_perfect__welch_cohens_d	-3.6406792573015077	rstatix::cohens_d
c0069	f	38.388946070974704	stats::aov
c0069	df_between	4	stats::aov
c0069	df_within	45	stats::aov
c0069	p	5.7511956956461221e-14	stats::aov
c0069	ss_between	1142.9847619047625	stats::aov
c0069	ss_within	334.95523809523786	stats::aov
c0069	ss_total	1477.9400000000005	stats::aov
c0069	ms_between	285.74619047619063	stats::aov
c0069	ms_within	7.4434497354497307	stats::aov
c0069	n	50	base::length
c0069	eta_squared	0.77336343958804965	rstatix::eta_squared
c0069	eta_squared	0.77336343958804965	effectsize::eta_squared
c0069	posthoc_welch__paired_cohens_d	-0.94676213666230169	effectsize::cohens_d
c0069	posthoc_welch__paired_cohens_d	-0.94676213666230169	rstatix::cohens_d
c0069	posthoc_welch__corr_cohens_d	1.9411425885796207	effectsize::cohens_d
c0069	posthoc_welch__corr_cohens_d	1.9411425885796207	rstatix::cohens_d
c0069	posthoc_welch__perfect_cohens_d	3.6406792573015077	effectsize::cohens_d
c0069	posthoc_welch__perfect_cohens_d	3.6406792573015077	rstatix::cohens_d
c0069	posthoc_welch__mwu_cohens_d	3.3763886032268267	effectsize::cohens_d
c0069	posthoc_welch__mwu_cohens_d	3.3763886032268267	rstatix::cohens_d
c0069	posthoc_paired__corr_cohens_d	3.0043639277189058	effectsize::cohens_d
c0069	posthoc_paired__corr_cohens_d	3.0043639277189058	rstatix::cohens_d
c0069	posthoc_paired__perfect_cohens_d	5.5409163850364056	effectsize::cohens_d
c0069	posthoc_paired__perfect_cohens_d	5.5409163850364056	rstatix::cohens_d
c0069	posthoc_paired__mwu_cohens_d	5.3039585091957484	effectsize::cohens_d
c0069	posthoc_paired__mwu_cohens_d	5.3039585091957484	rstatix::cohens_d
c0069	posthoc_corr__perfect_cohens_d	0.92155574708424393	effectsize::cohens_d
c0069	posthoc_corr__perfect_cohens_d	0.9215557470842437	rstatix::cohens_d
c0069	posthoc_corr__mwu_cohens_d	0.98273585265963326	effectsize::cohens_d
c0069	posthoc_corr__mwu_cohens_d	0.98273585265963326	rstatix::cohens_d
c0069	posthoc_perfect__mwu_cohens_d	0.34641016151377541	effectsize::cohens_d
c0069	posthoc_perfect__mwu_cohens_d	0.34641016151377541	rstatix::cohens_d
c0069	posthoc_welch__paired_diff	-2.6666666666666714	stats::TukeyHSD
c0069	posthoc_welch__paired_ci_low	-5.9859770287398977	stats::TukeyHSD
c0069	posthoc_welch__paired_ci_high	0.65264369540655442	stats::TukeyHSD
c0069	posthoc_welch__paired_padj	0.1694218916705349	stats::TukeyHSD
c0069	posthoc_welch__corr_diff	6.4285714285714324	stats::TukeyHSD
c0069	posthoc_welch__corr_ci_low	3.2188396111882263	stats::TukeyHSD
c0069	posthoc_welch__corr_ci_high	9.6383032459546385	stats::TukeyHSD
c0069	posthoc_welch__corr_padj	8.6433054893308991e-06	stats::TukeyHSD
c0069	posthoc_welch__perfect_diff	9.0000000000000018	stats::TukeyHSD
c0069	posthoc_welch__perfect_ci_low	5.5330933966850075	stats::TukeyHSD
c0069	posthoc_welch__perfect_ci_high	12.466906603314996	stats::TukeyHSD
c0069	posthoc_welch__perfect_padj	2.7871106977883642e-08	stats::TukeyHSD
c0069	posthoc_welch__mwu_diff	9.4999999999999982	stats::TukeyHSD
c0069	posthoc_welch__mwu_ci_low	4.9137136544704312	stats::TukeyHSD
c0069	posthoc_welch__mwu_ci_high	14.086286345529565	stats::TukeyHSD
c0069	posthoc_welch__mwu_padj	4.4677223082212336e-06	stats::TukeyHSD
c0069	posthoc_paired__corr_diff	9.0952380952381038	stats::TukeyHSD
c0069	posthoc_paired__corr_ci_low	6.0455236457888333	stats::TukeyHSD
c0069	posthoc_paired__corr_ci_high	12.144952544687374	stats::TukeyHSD
c0069	posthoc_paired__corr_padj	7.0462591317266288e-10	stats::TukeyHSD
c0069	posthoc_paired__perfect_diff	11.666666666666673	stats::TukeyHSD
c0069	posthoc_paired__perfect_ci_low	8.3473563045934469	stats::TukeyHSD
c0069	posthoc_paired__perfect_ci_high	14.985977028739899	stats::TukeyHSD
c0069	posthoc_paired__perfect_padj	5.6645799162424737e-12	stats::TukeyHSD
c0069	posthoc_paired__mwu_diff	12.16666666666667	stats::TukeyHSD
c0069	posthoc_paired__mwu_ci_low	7.6909094875015036	stats::TukeyHSD
c0069	posthoc_paired__mwu_ci_high	16.642423845831836	stats::TukeyHSD
c0069	posthoc_paired__mwu_padj	8.6080916839037513e-09	stats::TukeyHSD
c0069	posthoc_corr__perfect_diff	2.5714285714285694	stats::TukeyHSD
c0069	posthoc_corr__perfect_ci_low	-0.63830324595463672	stats::TukeyHSD
c0069	posthoc_corr__perfect_ci_high	5.7811603888117755	stats::TukeyHSD
c0069	posthoc_corr__perfect_padj	0.1715341223559117	stats::TukeyHSD
c0069	posthoc_corr__mwu_diff	3.0714285714285658	stats::TukeyHSD
c0069	posthoc_corr__mwu_ci_low	-1.3236777283785193	stats::TukeyHSD
c0069	posthoc_corr__mwu_ci_high	7.466534871235651	stats::TukeyHSD
c0069	posthoc_corr__mwu_padj	0.28939640770042008	stats::TukeyHSD
c0069	posthoc_perfect__mwu_diff	0.49999999999999645	stats::TukeyHSD
c0069	posthoc_perfect__mwu_ci_low	-4.0862863455295706	stats::TukeyHSD
c0069	posthoc_perfect__mwu_ci_high	5.0862863455295635	stats::TukeyHSD
c0069	posthoc_perfect__mwu_padj	0.99792416040084109	stats::TukeyHSD
c0070	f	38.388946070974669	stats::aov
c0070	df_between	4	stats::aov
c0070	df_within	45	stats::aov
c0070	p	5.7511956956462445e-14	stats::aov
c0070	ss_between	1142.9847619047612	stats::aov
c0070	ss_within	334.95523809523775	stats::aov
c0070	ss_total	1477.9399999999989	stats::aov
c0070	ms_between	285.74619047619029	stats::aov
c0070	ms_within	7.443449735449728	stats::aov
c0070	n	50	base::length
c0070	eta_squared	0.77336343958804954	rstatix::eta_squared
c0070	eta_squared	0.77336343958804954	effectsize::eta_squared
c0070	posthoc_corr__mwu_cohens_d	0.98273585265963326	effectsize::cohens_d
c0070	posthoc_corr__mwu_cohens_d	0.98273585265963326	rstatix::cohens_d
c0070	posthoc_corr__paired_cohens_d	-3.0043639277189058	effectsize::cohens_d
c0070	posthoc_corr__paired_cohens_d	-3.0043639277189058	rstatix::cohens_d
c0070	posthoc_corr__perfect_cohens_d	0.92155574708424393	effectsize::cohens_d
c0070	posthoc_corr__perfect_cohens_d	0.9215557470842437	rstatix::cohens_d
c0070	posthoc_corr__welch_cohens_d	-1.9411425885796207	effectsize::cohens_d
c0070	posthoc_corr__welch_cohens_d	-1.9411425885796207	rstatix::cohens_d
c0070	posthoc_mwu__paired_cohens_d	-5.3039585091957484	effectsize::cohens_d
c0070	posthoc_mwu__paired_cohens_d	-5.3039585091957484	rstatix::cohens_d
c0070	posthoc_mwu__perfect_cohens_d	-0.34641016151377541	effectsize::cohens_d
c0070	posthoc_mwu__perfect_cohens_d	-0.34641016151377541	rstatix::cohens_d
c0070	posthoc_mwu__welch_cohens_d	-3.3763886032268267	effectsize::cohens_d
c0070	posthoc_mwu__welch_cohens_d	-3.3763886032268267	rstatix::cohens_d
c0070	posthoc_paired__perfect_cohens_d	5.5409163850364056	effectsize::cohens_d
c0070	posthoc_paired__perfect_cohens_d	5.5409163850364056	rstatix::cohens_d
c0070	posthoc_paired__welch_cohens_d	0.94676213666230169	effectsize::cohens_d
c0070	posthoc_paired__welch_cohens_d	0.94676213666230169	rstatix::cohens_d
c0070	posthoc_perfect__welch_cohens_d	-3.6406792573015077	effectsize::cohens_d
c0070	posthoc_perfect__welch_cohens_d	-3.6406792573015077	rstatix::cohens_d
c0070	posthoc_corr__mwu_diff	3.0714285714285712	stats::TukeyHSD
c0070	posthoc_corr__mwu_ci_low	-1.3236777283785131	stats::TukeyHSD
c0070	posthoc_corr__mwu_ci_high	7.4665348712356554	stats::TukeyHSD
c0070	posthoc_corr__mwu_padj	0.28939640770041819	stats::TukeyHSD
c0070	posthoc_corr__paired_diff	-9.0952380952380842	stats::TukeyHSD
c0070	posthoc_corr__paired_ci_low	-12.144952544687355	stats::TukeyHSD
c0070	posthoc_corr__paired_ci_high	-6.0455236457888137	stats::TukeyHSD
c0070	posthoc_corr__paired_padj	7.0462591317266288e-10	stats::TukeyHSD
c0070	posthoc_corr__perfect_diff	2.5714285714285712	stats::TukeyHSD
c0070	posthoc_corr__perfect_ci_low	-0.63830324595463406	stats::TukeyHSD
c0070	posthoc_corr__perfect_ci_high	5.7811603888117764	stats::TukeyHSD
c0070	posthoc_corr__perfect_padj	0.1715341223559107	stats::TukeyHSD
c0070	posthoc_corr__welch_diff	-6.428571428571435	stats::TukeyHSD
c0070	posthoc_corr__welch_ci_low	-9.6383032459546403	stats::TukeyHSD
c0070	posthoc_corr__welch_ci_high	-3.2188396111882298	stats::TukeyHSD
c0070	posthoc_corr__welch_padj	8.6433054893308991e-06	stats::TukeyHSD
c0070	posthoc_mwu__paired_diff	-12.166666666666657	stats::TukeyHSD
c0070	posthoc_mwu__paired_ci_low	-16.642423845831821	stats::TukeyHSD
c0070	posthoc_mwu__paired_ci_high	-7.6909094875014921	stats::TukeyHSD
c0070	posthoc_mwu__paired_padj	8.6080916839037513e-09	stats::TukeyHSD
c0070	posthoc_mwu__perfect_diff	-0.5	stats::TukeyHSD
c0070	posthoc_mwu__perfect_ci_low	-5.0862863455295662	stats::TukeyHSD
c0070	posthoc_mwu__perfect_ci_high	4.0862863455295662	stats::TukeyHSD
c0070	posthoc_mwu__perfect_padj	0.99792416040084098	stats::TukeyHSD
c0070	posthoc_mwu__welch_diff	-9.5000000000000071	stats::TukeyHSD
c0070	posthoc_mwu__welch_ci_low	-14.086286345529572	stats::TukeyHSD
c0070	posthoc_mwu__welch_ci_high	-4.913713654470441	stats::TukeyHSD
c0070	posthoc_mwu__welch_padj	4.4677223082212336e-06	stats::TukeyHSD
c0070	posthoc_paired__perfect_diff	11.666666666666657	stats::TukeyHSD
c0070	posthoc_paired__perfect_ci_low	8.3473563045934327	stats::TukeyHSD
c0070	posthoc_paired__perfect_ci_high	14.985977028739882	stats::TukeyHSD
c0070	posthoc_paired__perfect_padj	5.6645799162424737e-12	stats::TukeyHSD
c0070	posthoc_paired__welch_diff	2.6666666666666501	stats::TukeyHSD
c0070	posthoc_paired__welch_ci_low	-0.65264369540657485	stats::TukeyHSD
c0070	posthoc_paired__welch_ci_high	5.9859770287398746	stats::TukeyHSD
c0070	posthoc_paired__welch_padj	0.16942189167054078	stats::TukeyHSD
c0070	posthoc_perfect__welch_diff	-9.0000000000000071	stats::TukeyHSD
c0070	posthoc_perfect__welch_ci_low	-12.466906603315001	stats::TukeyHSD
c0070	posthoc_perfect__welch_ci_high	-5.5330933966850129	stats::TukeyHSD
c0070	posthoc_perfect__welch_padj	2.7871106977883642e-08	stats::TukeyHSD
c0071	f	14.728126446993512	stats::aov
c0071	df_between	3	stats::aov
c0071	df_within	46	stats::aov
c0071	p	7.411648143237354e-07	stats::aov
c0071	ss_between	724.09282051282116	stats::aov
c0071	ss_within	753.84717948717935	stats::aov
c0071	ss_total	1477.9400000000005	stats::aov
c0071	ms_between	241.36427350427371	stats::aov
c0071	ms_within	16.387982162764768	stats::aov
c0071	n	50	base::length
c0071	eta_squared	0.48993384069232915	rstatix::eta_squared
c0071	eta_squared	0.48993384069232915	effectsize::eta_squared
c0071	posthoc_a__b_cohens_d	-0.53943908365380244	effectsize::cohens_d
c0071	posthoc_a__b_cohens_d	-0.53943908365380244	rstatix::cohens_d
c0071	posthoc_a__x_cohens_d	2.0610761375286857	effectsize::cohens_d
c0071	posthoc_a__x_cohens_d	2.0610761375286857	rstatix::cohens_d
c0071	posthoc_a__y_cohens_d	1.2681158310780509	effectsize::cohens_d
c0071	posthoc_a__y_cohens_d	1.2681158310780509	rstatix::cohens_d
c0071	posthoc_b__x_cohens_d	2.3059576224150793	effectsize::cohens_d
c0071	posthoc_b__x_cohens_d	2.3059576224150797	rstatix::cohens_d
c0071	posthoc_b__y_cohens_d	1.6467342426622067	effectsize::cohens_d
c0071	posthoc_b__y_cohens_d	1.6467342426622067	rstatix::cohens_d
c0071	posthoc_x__y_cohens_d	-0.62434802338159812	effectsize::cohens_d
c0071	posthoc_x__y_cohens_d	-0.62434802338159801	rstatix::cohens_d
c0072	f	14.728126446993512	stats::aov
c0072	df_between	3	stats::aov
c0072	df_within	46	stats::aov
c0072	p	7.411648143237354e-07	stats::aov
c0072	ss_between	724.09282051282116	stats::aov
c0072	ss_within	753.84717948717935	stats::aov
c0072	ss_total	1477.9400000000005	stats::aov
c0072	ms_between	241.36427350427371	stats::aov
c0072	ms_within	16.387982162764768	stats::aov
c0072	n	50	base::length
c0072	eta_squared	0.48993384069232915	rstatix::eta_squared
c0072	eta_squared	0.48993384069232915	effectsize::eta_squared
c0072	posthoc_a__b_cohens_d	-0.53943908365380244	effectsize::cohens_d
c0072	posthoc_a__b_cohens_d	-0.53943908365380244	rstatix::cohens_d
c0072	posthoc_a__x_cohens_d	2.0610761375286857	effectsize::cohens_d
c0072	posthoc_a__x_cohens_d	2.0610761375286857	rstatix::cohens_d
c0072	posthoc_a__y_cohens_d	1.2681158310780509	effectsize::cohens_d
c0072	posthoc_a__y_cohens_d	1.2681158310780509	rstatix::cohens_d
c0072	posthoc_b__x_cohens_d	2.3059576224150793	effectsize::cohens_d
c0072	posthoc_b__x_cohens_d	2.3059576224150797	rstatix::cohens_d
c0072	posthoc_b__y_cohens_d	1.6467342426622067	effectsize::cohens_d
c0072	posthoc_b__y_cohens_d	1.6467342426622067	rstatix::cohens_d
c0072	posthoc_x__y_cohens_d	-0.62434802338159812	effectsize::cohens_d
c0072	posthoc_x__y_cohens_d	-0.62434802338159801	rstatix::cohens_d
c0073	f	14.728126446993512	stats::aov
c0073	df_between	3	stats::aov
c0073	df_within	46	stats::aov
c0073	p	7.411648143237354e-07	stats::aov
c0073	ss_between	724.09282051282116	stats::aov
c0073	ss_within	753.84717948717935	stats::aov
c0073	ss_total	1477.9400000000005	stats::aov
c0073	ms_between	241.36427350427371	stats::aov
c0073	ms_within	16.387982162764768	stats::aov
c0073	n	50	base::length
c0073	eta_squared	0.48993384069232915	rstatix::eta_squared
c0073	eta_squared	0.48993384069232915	effectsize::eta_squared
c0073	posthoc_a__b_cohens_d	-0.53943908365380244	effectsize::cohens_d
c0073	posthoc_a__b_cohens_d	-0.53943908365380244	rstatix::cohens_d
c0073	posthoc_a__x_cohens_d	2.0610761375286857	effectsize::cohens_d
c0073	posthoc_a__x_cohens_d	2.0610761375286857	rstatix::cohens_d
c0073	posthoc_a__y_cohens_d	1.2681158310780509	effectsize::cohens_d
c0073	posthoc_a__y_cohens_d	1.2681158310780509	rstatix::cohens_d
c0073	posthoc_b__x_cohens_d	2.3059576224150793	effectsize::cohens_d
c0073	posthoc_b__x_cohens_d	2.3059576224150797	rstatix::cohens_d
c0073	posthoc_b__y_cohens_d	1.6467342426622067	effectsize::cohens_d
c0073	posthoc_b__y_cohens_d	1.6467342426622067	rstatix::cohens_d
c0073	posthoc_x__y_cohens_d	-0.62434802338159812	effectsize::cohens_d
c0073	posthoc_x__y_cohens_d	-0.62434802338159801	rstatix::cohens_d
c0073	posthoc_a__b_diff	-2.6153846153846221	stats::TukeyHSD
c0073	posthoc_a__b_ci_low	-6.8477596159358152	stats::TukeyHSD
c0073	posthoc_a__b_ci_high	1.616990385166571	stats::TukeyHSD
c0073	posthoc_a__b_padj	0.36306864974032405	stats::TukeyHSD
c0073	posthoc_a__x_diff	6.8782051282051295	stats::TukeyHSD
c0073	posthoc_a__x_ci_low	2.55855548176259	stats::TukeyHSD
c0073	posthoc_a__x_ci_high	11.19785477464767	stats::TukeyHSD
c0073	posthoc_a__x_padj	0.00059122777496578571	stats::TukeyHSD
c0073	posthoc_a__y_diff	5.0448717948717903	stats::TukeyHSD
c0073	posthoc_a__y_ci_low	0.7252221484292507	stats::TukeyHSD
c0073	posthoc_a__y_ci_high	9.3645214413143307	stats::TukeyHSD
c0073	posthoc_a__y_padj	0.016221804936646822	stats::TukeyHSD
c0073	posthoc_b__x_diff	9.4935897435897516	stats::TukeyHSD
c0073	posthoc_b__x_ci_low	5.173940097147212	stats::TukeyHSD
c0073	posthoc_b__x_ci_high	13.81323939003229	stats::TukeyHSD
c0073	posthoc_b__x_padj	2.7737385315251828e-06	stats::TukeyHSD
c0073	posthoc_b__y_diff	7.6602564102564124	stats::TukeyHSD
c0073	posthoc_b__y_ci_low	3.3406067638138728	stats::TukeyHSD
c0073	posthoc_b__y_ci_high	11.979906056698951	stats::TukeyHSD
c0073	posthoc_b__y_padj	0.00012525090393333826	stats::TukeyHSD
c0073	posthoc_x__y_diff	-1.8333333333333393	stats::TukeyHSD
c0073	posthoc_x__y_ci_low	-6.238528901152276	stats::TukeyHSD
c0073	posthoc_x__y_ci_high	2.5718622344855975	stats::TukeyHSD
c0073	posthoc_x__y_padj	0.68568977785344265	stats::TukeyHSD
c0074	f	14.728126446993512	stats::aov
c0074	df_between	3	stats::aov
c0074	df_within	46	stats::aov
c0074	p	7.411648143237354e-07	stats::aov
c0074	ss_between	724.09282051282116	stats::aov
c0074	ss_within	753.84717948717935	stats::aov
c0074	ss_total	1477.9400000000005	stats::aov
c0074	ms_between	241.36427350427371	stats::aov
c0074	ms_within	16.387982162764768	stats::aov
c0074	n	50	base::length
c0074	eta_squared	0.48993384069232915	rstatix::eta_squared
c0074	eta_squared	0.48993384069232915	effectsize::eta_squared
c0074	posthoc_a__b_cohens_d	-0.53943908365380244	effectsize::cohens_d
c0074	posthoc_a__b_cohens_d	-0.53943908365380244	rstatix::cohens_d
c0074	posthoc_a__x_cohens_d	2.0610761375286857	effectsize::cohens_d
c0074	posthoc_a__x_cohens_d	2.0610761375286857	rstatix::cohens_d
c0074	posthoc_a__y_cohens_d	1.2681158310780509	effectsize::cohens_d
c0074	posthoc_a__y_cohens_d	1.2681158310780509	rstatix::cohens_d
c0074	posthoc_b__x_cohens_d	2.3059576224150793	effectsize::cohens_d
c0074	posthoc_b__x_cohens_d	2.3059576224150797	rstatix::cohens_d
c0074	posthoc_b__y_cohens_d	1.6467342426622067	effectsize::cohens_d
c0074	posthoc_b__y_cohens_d	1.6467342426622067	rstatix::cohens_d
c0074	posthoc_x__y_cohens_d	-0.62434802338159812	effectsize::cohens_d
c0074	posthoc_x__y_cohens_d	-0.62434802338159801	rstatix::cohens_d
c0074	posthoc_a__b_diff	-2.6153846153846221	stats::TukeyHSD
c0074	posthoc_a__b_ci_low	-6.8477596159358152	stats::TukeyHSD
c0074	posthoc_a__b_ci_high	1.616990385166571	stats::TukeyHSD
c0074	posthoc_a__b_padj	0.36306864974032405	stats::TukeyHSD
c0074	posthoc_a__x_diff	6.8782051282051295	stats::TukeyHSD
c0074	posthoc_a__x_ci_low	2.55855548176259	stats::TukeyHSD
c0074	posthoc_a__x_ci_high	11.19785477464767	stats::TukeyHSD
c0074	posthoc_a__x_padj	0.00059122777496578571	stats::TukeyHSD
c0074	posthoc_a__y_diff	5.0448717948717903	stats::TukeyHSD
c0074	posthoc_a__y_ci_low	0.7252221484292507	stats::TukeyHSD
c0074	posthoc_a__y_ci_high	9.3645214413143307	stats::TukeyHSD
c0074	posthoc_a__y_padj	0.016221804936646822	stats::TukeyHSD
c0074	posthoc_b__x_diff	9.4935897435897516	stats::TukeyHSD
c0074	posthoc_b__x_ci_low	5.173940097147212	stats::TukeyHSD
c0074	posthoc_b__x_ci_high	13.81323939003229	stats::TukeyHSD
c0074	posthoc_b__x_padj	2.7737385315251828e-06	stats::TukeyHSD
c0074	posthoc_b__y_diff	7.6602564102564124	stats::TukeyHSD
c0074	posthoc_b__y_ci_low	3.3406067638138728	stats::TukeyHSD
c0074	posthoc_b__y_ci_high	11.979906056698951	stats::TukeyHSD
c0074	posthoc_b__y_padj	0.00012525090393333826	stats::TukeyHSD
c0074	posthoc_x__y_diff	-1.8333333333333393	stats::TukeyHSD
c0074	posthoc_x__y_ci_low	-6.238528901152276	stats::TukeyHSD
c0074	posthoc_x__y_ci_high	2.5718622344855975	stats::TukeyHSD
c0074	posthoc_x__y_padj	0.68568977785344265	stats::TukeyHSD
c0076	h	22.764830917874377	stats::kruskal.test
c0076	df	2	stats::kruskal.test
c0076	p	1.1394093408040315e-05	stats::kruskal.test
c0076	n	45	base::length
c0076	eta_squared	0.49440073613986613	rstatix::kruskal_effsize
c0076	eta_squared	0.49440073613986613	effectsize::rank_eta_squared
c0076	epsilon_squared	0.51738252086078129	effectsize::rank_epsilon_squared
c0077	h	22.764830917874377	stats::kruskal.test
c0077	df	2	stats::kruskal.test
c0077	p	1.1394093408040315e-05	stats::kruskal.test
c0077	n	45	base::length
c0077	eta_squared	0.49440073613986613	rstatix::kruskal_effsize
c0077	eta_squared	0.49440073613986613	effectsize::rank_eta_squared
c0077	epsilon_squared	0.51738252086078129	effectsize::rank_epsilon_squared
c0077	posthoc_soprano__mezzo_z	3.5586459999074087	rstatix::dunn_test
c0077	posthoc_soprano__mezzo_p	0.00037277155710772327	stats::pnorm
c0077	posthoc_soprano__mezzo_padj	0.0011183146713231698	stats::p.adjust
c0077	posthoc_soprano__mezzo_rank_biserial	0.85777777777777775	effectsize::rank_biserial
c0077	posthoc_soprano__alto_z	4.5317132655070917	rstatix::dunn_test
c0077	posthoc_soprano__alto_p	5.8507229696781197e-06	stats::pnorm
c0077	posthoc_soprano__alto_padj	1.755216890903436e-05	stats::p.adjust
c0077	posthoc_soprano__alto_rank_biserial	0.8666666666666667	effectsize::rank_biserial
c0077	posthoc_mezzo__alto_z	0.9730672655996826	rstatix::dunn_test
c0077	posthoc_mezzo__alto_p	0.3305198718755013	stats::pnorm
c0077	posthoc_mezzo__alto_padj	0.99155961562650385	stats::p.adjust
c0077	posthoc_mezzo__alto_rank_biserial	0.30666666666666664	effectsize::rank_biserial
c0078	h	22.764830917874377	stats::kruskal.test
c0078	df	2	stats::kruskal.test
c0078	p	1.1394093408040315e-05	stats::kruskal.test
c0078	n	45	base::length
c0078	eta_squared	0.49440073613986613	rstatix::kruskal_effsize
c0078	eta_squared	0.49440073613986613	effectsize::rank_eta_squared
c0078	epsilon_squared	0.51738252086078129	effectsize::rank_epsilon_squared
c0078	posthoc_soprano__mezzo_z	3.5586459999074087	rstatix::dunn_test
c0078	posthoc_soprano__mezzo_p	0.00037277155710772327	stats::pnorm
c0078	posthoc_soprano__mezzo_padj	0.00074554311421544655	stats::p.adjust
c0078	posthoc_soprano__mezzo_rank_biserial	0.85777777777777775	effectsize::rank_biserial
c0078	posthoc_soprano__alto_z	4.5317132655070917	rstatix::dunn_test
c0078	posthoc_soprano__alto_p	5.8507229696781197e-06	stats::pnorm
c0078	posthoc_soprano__alto_padj	1.755216890903436e-05	stats::p.adjust
c0078	posthoc_soprano__alto_rank_biserial	0.8666666666666667	effectsize::rank_biserial
c0078	posthoc_mezzo__alto_z	0.9730672655996826	rstatix::dunn_test
c0078	posthoc_mezzo__alto_p	0.3305198718755013	stats::pnorm
c0078	posthoc_mezzo__alto_padj	0.3305198718755013	stats::p.adjust
c0078	posthoc_mezzo__alto_rank_biserial	0.30666666666666664	effectsize::rank_biserial
c0079	h	22.764830917874377	stats::kruskal.test
c0079	df	2	stats::kruskal.test
c0079	p	1.1394093408040315e-05	stats::kruskal.test
c0079	n	45	base::length
c0079	eta_squared	0.49440073613986613	rstatix::kruskal_effsize
c0079	eta_squared	0.49440073613986613	effectsize::rank_eta_squared
c0079	epsilon_squared	0.51738252086078129	effectsize::rank_epsilon_squared
c0079	posthoc_soprano__mezzo_z	3.5586459999074087	rstatix::dunn_test
c0079	posthoc_soprano__mezzo_p	0.00037277155710772327	stats::pnorm
c0079	posthoc_soprano__mezzo_padj	0.00055915733566158491	stats::p.adjust
c0079	posthoc_soprano__mezzo_rank_biserial	0.85777777777777775	effectsize::rank_biserial
c0079	posthoc_soprano__alto_z	4.5317132655070917	rstatix::dunn_test
c0079	posthoc_soprano__alto_p	5.8507229696781197e-06	stats::pnorm
c0079	posthoc_soprano__alto_padj	1.755216890903436e-05	stats::p.adjust
c0079	posthoc_soprano__alto_rank_biserial	0.8666666666666667	effectsize::rank_biserial
c0079	posthoc_mezzo__alto_z	0.9730672655996826	rstatix::dunn_test
c0079	posthoc_mezzo__alto_p	0.3305198718755013	stats::pnorm
c0079	posthoc_mezzo__alto_padj	0.3305198718755013	stats::p.adjust
c0079	posthoc_mezzo__alto_rank_biserial	0.30666666666666664	effectsize::rank_biserial
c0080	h	22.764830917874377	stats::kruskal.test
c0080	df	2	stats::kruskal.test
c0080	p	1.1394093408040315e-05	stats::kruskal.test
c0080	n	45	base::length
c0080	eta_squared	0.49440073613986613	rstatix::kruskal_effsize
c0080	eta_squared	0.49440073613986613	effectsize::rank_eta_squared
c0080	epsilon_squared	0.51738252086078129	effectsize::rank_epsilon_squared
c0081	h	22.764830917874377	stats::kruskal.test
c0081	df	2	stats::kruskal.test
c0081	p	1.1394093408040315e-05	stats::kruskal.test
c0081	n	45	base::length
c0081	eta_squared	0.49440073613986613	rstatix::kruskal_effsize
c0081	eta_squared	0.49440073613986613	effectsize::rank_eta_squared
c0081	epsilon_squared	0.51738252086078129	effectsize::rank_epsilon_squared
c0081	posthoc_alto__mezzo_z	-0.9730672655996826	rstatix::dunn_test
c0081	posthoc_alto__mezzo_p	0.3305198718755013	stats::pnorm
c0081	posthoc_alto__mezzo_padj	0.99155961562650385	stats::p.adjust
c0081	posthoc_alto__mezzo_rank_biserial	-0.30666666666666664	effectsize::rank_biserial
c0081	posthoc_alto__soprano_z	-4.5317132655070917	rstatix::dunn_test
c0081	posthoc_alto__soprano_p	5.8507229696781197e-06	stats::pnorm
c0081	posthoc_alto__soprano_padj	1.755216890903436e-05	stats::p.adjust
c0081	posthoc_alto__soprano_rank_biserial	-0.8666666666666667	effectsize::rank_biserial
c0081	posthoc_mezzo__soprano_z	-3.5586459999074087	rstatix::dunn_test
c0081	posthoc_mezzo__soprano_p	0.00037277155710772327	stats::pnorm
c0081	posthoc_mezzo__soprano_padj	0.0011183146713231698	stats::p.adjust
c0081	posthoc_mezzo__soprano_rank_biserial	-0.85777777777777775	effectsize::rank_biserial
c0082	h	22.764830917874377	stats::kruskal.test
c0082	df	2	stats::kruskal.test
c0082	p	1.1394093408040315e-05	stats::kruskal.test
c0082	n	45	base::length
c0082	eta_squared	0.49440073613986613	rstatix::kruskal_effsize
c0082	eta_squared	0.49440073613986613	effectsize::rank_eta_squared
c0082	epsilon_squared	0.51738252086078129	effectsize::rank_epsilon_squared
c0082	posthoc_alto__mezzo_z	-0.9730672655996826	rstatix::dunn_test
c0082	posthoc_alto__mezzo_p	0.3305198718755013	stats::pnorm
c0082	posthoc_alto__mezzo_padj	0.3305198718755013	stats::p.adjust
c0082	posthoc_alto__mezzo_rank_biserial	-0.30666666666666664	effectsize::rank_biserial
c0082	posthoc_alto__soprano_z	-4.5317132655070917	rstatix::dunn_test
c0082	posthoc_alto__soprano_p	5.8507229696781197e-06	stats::pnorm
c0082	posthoc_alto__soprano_padj	1.755216890903436e-05	stats::p.adjust
c0082	posthoc_alto__soprano_rank_biserial	-0.8666666666666667	effectsize::rank_biserial
c0082	posthoc_mezzo__soprano_z	-3.5586459999074087	rstatix::dunn_test
c0082	posthoc_mezzo__soprano_p	0.00037277155710772327	stats::pnorm
c0082	posthoc_mezzo__soprano_padj	0.00074554311421544655	stats::p.adjust
c0082	posthoc_mezzo__soprano_rank_biserial	-0.85777777777777775	effectsize::rank_biserial
c0083	h	22.764830917874377	stats::kruskal.test
c0083	df	2	stats::kruskal.test
c0083	p	1.1394093408040315e-05	stats::kruskal.test
c0083	n	45	base::length
c0083	eta_squared	0.49440073613986613	rstatix::kruskal_effsize
c0083	eta_squared	0.49440073613986613	effectsize::rank_eta_squared
c0083	epsilon_squared	0.51738252086078129	effectsize::rank_epsilon_squared
c0083	posthoc_alto__mezzo_z	-0.9730672655996826	rstatix::dunn_test
c0083	posthoc_alto__mezzo_p	0.3305198718755013	stats::pnorm
c0083	posthoc_alto__mezzo_padj	0.3305198718755013	stats::p.adjust
c0083	posthoc_alto__mezzo_rank_biserial	-0.30666666666666664	effectsize::rank_biserial
c0083	posthoc_alto__soprano_z	-4.5317132655070917	rstatix::dunn_test
c0083	posthoc_alto__soprano_p	5.8507229696781197e-06	stats::pnorm
c0083	posthoc_alto__soprano_padj	1.755216890903436e-05	stats::p.adjust
c0083	posthoc_alto__soprano_rank_biserial	-0.8666666666666667	effectsize::rank_biserial
c0083	posthoc_mezzo__soprano_z	-3.5586459999074087	rstatix::dunn_test
c0083	posthoc_mezzo__soprano_p	0.00037277155710772327	stats::pnorm
c0083	posthoc_mezzo__soprano_padj	0.00055915733566158491	stats::p.adjust
c0083	posthoc_mezzo__soprano_rank_biserial	-0.85777777777777775	effectsize::rank_biserial
c0084	h	6.0065700483091575	stats::kruskal.test
c0084	df	2	stats::kruskal.test
c0084	p	0.049623784987451965	stats::kruskal.test
c0084	n	45	base::length
c0084	eta_squared	0.09539452495974185	rstatix::kruskal_effsize
c0084	eta_squared	0.09539452495974185	effectsize::rank_eta_squared
c0084	epsilon_squared	0.13651295564338994	effectsize::rank_epsilon_squared
c0085	h	6.0065700483091575	stats::kruskal.test
c0085	df	2	stats::kruskal.test
c0085	p	0.049623784987451965	stats::kruskal.test
c0085	n	45	base::length
c0085	eta_squared	0.09539452495974185	rstatix::kruskal_effsize
c0085	eta_squared	0.09539452495974185	effectsize::rank_eta_squared
c0085	epsilon_squared	0.13651295564338994	effectsize::rank_epsilon_squared
c0085	posthoc_soprano__mezzo_z	1.0981759140339278	rstatix::dunn_test
c0085	posthoc_soprano__mezzo_p	0.27212768152554417	stats::pnorm
c0085	posthoc_soprano__mezzo_padj	0.81638304457663247	stats::p.adjust
c0085	posthoc_soprano__mezzo_rank_biserial	0.13777777777777778	effectsize::rank_biserial
c0085	posthoc_soprano__alto_z	2.4465691249363442	rstatix::dunn_test
c0085	posthoc_soprano__alto_p	0.014422313860913191	stats::pnorm
c0085	posthoc_soprano__alto_padj	0.043266941582739568	stats::p.adjust
c0085	posthoc_soprano__alto_rank_biserial	0.61777777777777776	effectsize::rank_biserial
c0085	posthoc_mezzo__alto_z	1.3483932109024166	rstatix::dunn_test
c0085	posthoc_mezzo__alto_p	0.17753194641931319	stats::pnorm
c0085	posthoc_mezzo__alto_padj	0.53259583925793952	stats::p.adjust
c0085	posthoc_mezzo__alto_rank_biserial	0.19111111111111106	effectsize::rank_biserial
c0086	h	6.0065700483091575	stats::kruskal.test
c0086	df	2	stats::kruskal.test
c0086	p	0.049623784987451965	stats::kruskal.test
c0086	n	45	base::length
c0086	eta_squared	0.09539452495974185	rstatix::kruskal_effsize
c0086	eta_squared	0.09539452495974185	effectsize::rank_eta_squared
c0086	epsilon_squared	0.13651295564338994	effectsize::rank_epsilon_squared
c0086	posthoc_soprano__mezzo_z	1.0981759140339278	rstatix::dunn_test
c0086	posthoc_soprano__mezzo_p	0.27212768152554417	stats::pnorm
c0086	posthoc_soprano__mezzo_padj	0.35506389283862638	stats::p.adjust
c0086	posthoc_soprano__mezzo_rank_biserial	0.13777777777777778	effectsize::rank_biserial
c0086	posthoc_soprano__alto_z	2.4465691249363442	rstatix::dunn_test
c0086	posthoc_soprano__alto_p	0.014422313860913191	stats::pnorm
c0086	posthoc_soprano__alto_padj	0.043266941582739568	stats::p.adjust
c0086	posthoc_soprano__alto_rank_biserial	0.61777777777777776	effectsize::rank_biserial
c0086	posthoc_mezzo__alto_z	1.3483932109024166	rstatix::dunn_test
c0086	posthoc_mezzo__alto_p	0.17753194641931319	stats::pnorm
c0086	posthoc_mezzo__alto_padj	0.35506389283862638	stats::p.adjust
c0086	posthoc_mezzo__alto_rank_biserial	0.19111111111111106	effectsize::rank_biserial
c0087	h	6.0065700483091575	stats::kruskal.test
c0087	df	2	stats::kruskal.test
c0087	p	0.049623784987451965	stats::kruskal.test
c0087	n	45	base::length
c0087	eta_squared	0.09539452495974185	rstatix::kruskal_effsize
c0087	eta_squared	0.09539452495974185	effectsize::rank_eta_squared
c0087	epsilon_squared	0.13651295564338994	effectsize::rank_epsilon_squared
c0087	posthoc_soprano__mezzo_z	1.0981759140339278	rstatix::dunn_test
c0087	posthoc_soprano__mezzo_p	0.27212768152554417	stats::pnorm
c0087	posthoc_soprano__mezzo_padj	0.27212768152554417	stats::p.adjust
c0087	posthoc_soprano__mezzo_rank_biserial	0.13777777777777778	effectsize::rank_biserial
c0087	posthoc_soprano__alto_z	2.4465691249363442	rstatix::dunn_test
c0087	posthoc_soprano__alto_p	0.014422313860913191	stats::pnorm
c0087	posthoc_soprano__alto_padj	0.043266941582739568	stats::p.adjust
c0087	posthoc_soprano__alto_rank_biserial	0.61777777777777776	effectsize::rank_biserial
c0087	posthoc_mezzo__alto_z	1.3483932109024166	rstatix::dunn_test
c0087	posthoc_mezzo__alto_p	0.17753194641931319	stats::pnorm
c0087	posthoc_mezzo__alto_padj	0.26629791962896976	stats::p.adjust
c0087	posthoc_mezzo__alto_rank_biserial	0.19111111111111106	effectsize::rank_biserial
c0088	h	6.0065700483091575	stats::kruskal.test
c0088	df	2	stats::kruskal.test
c0088	p	0.049623784987451965	stats::kruskal.test
c0088	n	45	base::length
c0088	eta_squared	0.09539452495974185	rstatix::kruskal_effsize
c0088	eta_squared	0.09539452495974185	effectsize::rank_eta_squared
c0088	epsilon_squared	0.13651295564338994	effectsize::rank_epsilon_squared
c0089	h	6.0065700483091575	stats::kruskal.test
c0089	df	2	stats::kruskal.test
c0089	p	0.049623784987451965	stats::kruskal.test
c0089	n	45	base::length
c0089	eta_squared	0.09539452495974185	rstatix::kruskal_effsize
c0089	eta_squared	0.09539452495974185	effectsize::rank_eta_squared
c0089	epsilon_squared	0.13651295564338994	effectsize::rank_epsilon_squared
c0089	posthoc_alto__mezzo_z	-1.3483932109024166	rstatix::dunn_test
c0089	posthoc_alto__mezzo_p	0.17753194641931319	stats::pnorm
c0089	posthoc_alto__mezzo_padj	0.53259583925793952	stats::p.adjust
c0089	posthoc_alto__mezzo_rank_biserial	-0.19111111111111106	effectsize::rank_biserial
c0089	posthoc_alto__soprano_z	-2.4465691249363442	rstatix::dunn_test
c0089	posthoc_alto__soprano_p	0.014422313860913191	stats::pnorm
c0089	posthoc_alto__soprano_padj	0.043266941582739568	stats::p.adjust
c0089	posthoc_alto__soprano_rank_biserial	-0.61777777777777776	effectsize::rank_biserial
c0089	posthoc_mezzo__soprano_z	-1.0981759140339278	rstatix::dunn_test
c0089	posthoc_mezzo__soprano_p	0.27212768152554417	stats::pnorm
c0089	posthoc_mezzo__soprano_padj	0.81638304457663247	stats::p.adjust
c0089	posthoc_mezzo__soprano_rank_biserial	-0.13777777777777778	effectsize::rank_biserial
c0090	h	6.0065700483091575	stats::kruskal.test
c0090	df	2	stats::kruskal.test
c0090	p	0.049623784987451965	stats::kruskal.test
c0090	n	45	base::length
c0090	eta_squared	0.09539452495974185	rstatix::kruskal_effsize
c0090	eta_squared	0.09539452495974185	effectsize::rank_eta_squared
c0090	epsilon_squared	0.13651295564338994	effectsize::rank_epsilon_squared
c0090	posthoc_alto__mezzo_z	-1.3483932109024166	rstatix::dunn_test
c0090	posthoc_alto__mezzo_p	0.17753194641931319	stats::pnorm
c0090	posthoc_alto__mezzo_padj	0.35506389283862638	stats::p.adjust
c0090	posthoc_alto__mezzo_rank_biserial	-0.19111111111111106	effectsize::rank_biserial
c0090	posthoc_alto__soprano_z	-2.4465691249363442	rstatix::dunn_test
c0090	posthoc_alto__soprano_p	0.014422313860913191	stats::pnorm
c0090	posthoc_alto__soprano_padj	0.043266941582739568	stats::p.adjust
c0090	posthoc_alto__soprano_rank_biserial	-0.61777777777777776	effectsize::rank_biserial
c0090	posthoc_mezzo__soprano_z	-1.0981759140339278	rstatix::dunn_test
c0090	posthoc_mezzo__soprano_p	0.27212768152554417	stats::pnorm
c0090	posthoc_mezzo__soprano_padj	0.35506389283862638	stats::p.adjust
c0090	posthoc_mezzo__soprano_rank_biserial	-0.13777777777777778	effectsize::rank_biserial
c0091	h	6.0065700483091575	stats::kruskal.test
c0091	df	2	stats::kruskal.test
c0091	p	0.049623784987451965	stats::kruskal.test
c0091	n	45	base::length
c0091	eta_squared	0.09539452495974185	rstatix::kruskal_effsize
c0091	eta_squared	0.09539452495974185	effectsize::rank_eta_squared
c0091	epsilon_squared	0.13651295564338994	effectsize::rank_epsilon_squared
c0091	posthoc_alto__mezzo_z	-1.3483932109024166	rstatix::dunn_test
c0091	posthoc_alto__mezzo_p	0.17753194641931319	stats::pnorm
c0091	posthoc_alto__mezzo_padj	0.26629791962896976	stats::p.adjust
c0091	posthoc_alto__mezzo_rank_biserial	-0.19111111111111106	effectsize::rank_biserial
c0091	posthoc_alto__soprano_z	-2.4465691249363442	rstatix::dunn_test
c0091	posthoc_alto__soprano_p	0.014422313860913191	stats::pnorm
c0091	posthoc_alto__soprano_padj	0.043266941582739568	stats::p.adjust
c0091	posthoc_alto__soprano_rank_biserial	-0.61777777777777776	effectsize::rank_biserial
c0091	posthoc_mezzo__soprano_z	-1.0981759140339278	rstatix::dunn_test
c0091	posthoc_mezzo__soprano_p	0.27212768152554417	stats::pnorm
c0091	posthoc_mezzo__soprano_padj	0.27212768152554417	stats::p.adjust
c0091	posthoc_mezzo__soprano_rank_biserial	-0.13777777777777778	effectsize::rank_biserial
c0092	h	19.332946859903359	stats::kruskal.test
c0092	df	2	stats::kruskal.test
c0092	p	6.3372950872294873e-05	stats::kruskal.test
c0092	n	45	base::length
c0092	eta_squared	0.41268921095007999	rstatix::kruskal_effsize
c0092	eta_squared	0.41268921095007999	effectsize::rank_eta_squared
c0092	epsilon_squared	0.43938515590689453	effectsize::rank_epsilon_squared
c0093	h	19.332946859903359	stats::kruskal.test
c0093	df	2	stats::kruskal.test
c0093	p	6.3372950872294873e-05	stats::kruskal.test
c0093	n	45	base::length
c0093	eta_squared	0.41268921095007999	rstatix::kruskal_effsize
c0093	eta_squared	0.41268921095007999	effectsize::rank_eta_squared
c0093	epsilon_squared	0.43938515590689453	effectsize::rank_epsilon_squared
c0093	posthoc_soprano__mezzo_z	2.0295402968221938	rstatix::dunn_test
c0093	posthoc_soprano__mezzo_p	0.042403288911672034	stats::pnorm
c0093	posthoc_soprano__mezzo_padj	0.12720986673501611	stats::p.adjust
c0093	posthoc_soprano__mezzo_rank_biserial	0.47555555555555551	effectsize::rank_biserial
c0093	posthoc_soprano__alto_z	4.3927036561357085	rstatix::dunn_test
c0093	posthoc_soprano__alto_p	1.1194967784010874e-05	stats::pnorm
c0093	posthoc_soprano__alto_padj	3.3584903352032618e-05	stats::p.adjust
c0093	posthoc_soprano__alto_rank_biserial	0.89333333333333331	effectsize::rank_biserial
c0093	posthoc_mezzo__alto_z	2.3631633593135146	rstatix::dunn_test
c0093	posthoc_mezzo__alto_p	0.018119680460099603	stats::pnorm
c0093	posthoc_mezzo__alto_padj	0.05435904138029881	stats::p.adjust
c0093	posthoc_mezzo__alto_rank_biserial	0.54666666666666663	effectsize::rank_biserial
c0094	h	19.332946859903359	stats::kruskal.test
c0094	df	2	stats::kruskal.test
c0094	p	6.3372950872294873e-05	stats::kruskal.test
c0094	n	45	base::length
c0094	eta_squared	0.41268921095007999	rstatix::kruskal_effsize
c0094	eta_squared	0.41268921095007999	effectsize::rank_eta_squared
c0094	epsilon_squared	0.43938515590689453	effectsize::rank_epsilon_squared
c0094	posthoc_soprano__mezzo_z	2.0295402968221938	rstatix::dunn_test
c0094	posthoc_soprano__mezzo_p	0.042403288911672034	stats::pnorm
c0094	posthoc_soprano__mezzo_padj	0.042403288911672034	stats::p.adjust
c0094	posthoc_soprano__mezzo_rank_biserial	0.47555555555555551	effectsize::rank_biserial
c0094	posthoc_soprano__alto_z	4.3927036561357085	rstatix::dunn_test
c0094	posthoc_soprano__alto_p	1.1194967784010874e-05	stats::pnorm
c0094	posthoc_soprano__alto_padj	3.3584903352032618e-05	stats::p.adjust
c0094	posthoc_soprano__alto_rank_biserial	0.89333333333333331	effectsize::rank_biserial
c0094	posthoc_mezzo__alto_z	2.3631633593135146	rstatix::dunn_test
c0094	posthoc_mezzo__alto_p	0.018119680460099603	stats::pnorm
c0094	posthoc_mezzo__alto_padj	0.036239360920199207	stats::p.adjust
c0094	posthoc_mezzo__alto_rank_biserial	0.54666666666666663	effectsize::rank_biserial
c0095	h	19.332946859903359	stats::kruskal.test
c0095	df	2	stats::kruskal.test
c0095	p	6.3372950872294873e-05	stats::kruskal.test
c0095	n	45	base::length
c0095	eta_squared	0.41268921095007999	rstatix::kruskal_effsize
c0095	eta_squared	0.41268921095007999	effectsize::rank_eta_squared
c0095	epsilon_squared	0.43938515590689453	effectsize::rank_epsilon_squared
c0095	posthoc_soprano__mezzo_z	2.0295402968221938	rstatix::dunn_test
c0095	posthoc_soprano__mezzo_p	0.042403288911672034	stats::pnorm
c0095	posthoc_soprano__mezzo_padj	0.042403288911672034	stats::p.adjust
c0095	posthoc_soprano__mezzo_rank_biserial	0.47555555555555551	effectsize::rank_biserial
c0095	posthoc_soprano__alto_z	4.3927036561357085	rstatix::dunn_test
c0095	posthoc_soprano__alto_p	1.1194967784010874e-05	stats::pnorm
c0095	posthoc_soprano__alto_padj	3.3584903352032618e-05	stats::p.adjust
c0095	posthoc_soprano__alto_rank_biserial	0.89333333333333331	effectsize::rank_biserial
c0095	posthoc_mezzo__alto_z	2.3631633593135146	rstatix::dunn_test
c0095	posthoc_mezzo__alto_p	0.018119680460099603	stats::pnorm
c0095	posthoc_mezzo__alto_padj	0.027179520690149405	stats::p.adjust
c0095	posthoc_mezzo__alto_rank_biserial	0.54666666666666663	effectsize::rank_biserial
c0096	h	19.332946859903359	stats::kruskal.test
c0096	df	2	stats::kruskal.test
c0096	p	6.3372950872294873e-05	stats::kruskal.test
c0096	n	45	base::length
c0096	eta_squared	0.41268921095007999	rstatix::kruskal_effsize
c0096	eta_squared	0.41268921095007999	effectsize::rank_eta_squared
c0096	epsilon_squared	0.43938515590689453	effectsize::rank_epsilon_squared
c0097	h	19.332946859903359	stats::kruskal.test
c0097	df	2	stats::kruskal.test
c0097	p	6.3372950872294873e-05	stats::kruskal.test
c0097	n	45	base::length
c0097	eta_squared	0.41268921095007999	rstatix::kruskal_effsize
c0097	eta_squared	0.41268921095007999	effectsize::rank_eta_squared
c0097	epsilon_squared	0.43938515590689453	effectsize::rank_epsilon_squared
c0097	posthoc_alto__mezzo_z	-2.3631633593135146	rstatix::dunn_test
c0097	posthoc_alto__mezzo_p	0.018119680460099603	stats::pnorm
c0097	posthoc_alto__mezzo_padj	0.05435904138029881	stats::p.adjust
c0097	posthoc_alto__mezzo_rank_biserial	-0.54666666666666663	effectsize::rank_biserial
c0097	posthoc_alto__soprano_z	-4.3927036561357085	rstatix::dunn_test
c0097	posthoc_alto__soprano_p	1.1194967784010874e-05	stats::pnorm
c0097	posthoc_alto__soprano_padj	3.3584903352032618e-05	stats::p.adjust
c0097	posthoc_alto__soprano_rank_biserial	-0.89333333333333331	effectsize::rank_biserial
c0097	posthoc_mezzo__soprano_z	-2.0295402968221938	rstatix::dunn_test
c0097	posthoc_mezzo__soprano_p	0.042403288911672034	stats::pnorm
c0097	posthoc_mezzo__soprano_padj	0.12720986673501611	stats::p.adjust
c0097	posthoc_mezzo__soprano_rank_biserial	-0.47555555555555551	effectsize::rank_biserial
c0098	h	19.332946859903359	stats::kruskal.test
c0098	df	2	stats::kruskal.test
c0098	p	6.3372950872294873e-05	stats::kruskal.test
c0098	n	45	base::length
c0098	eta_squared	0.41268921095007999	rstatix::kruskal_effsize
c0098	eta_squared	0.41268921095007999	effectsize::rank_eta_squared
c0098	epsilon_squared	0.43938515590689453	effectsize::rank_epsilon_squared
c0098	posthoc_alto__mezzo_z	-2.3631633593135146	rstatix::dunn_test
c0098	posthoc_alto__mezzo_p	0.018119680460099603	stats::pnorm
c0098	posthoc_alto__mezzo_padj	0.036239360920199207	stats::p.adjust
c0098	posthoc_alto__mezzo_rank_biserial	-0.54666666666666663	effectsize::rank_biserial
c0098	posthoc_alto__soprano_z	-4.3927036561357085	rstatix::dunn_test
c0098	posthoc_alto__soprano_p	1.1194967784010874e-05	stats::pnorm
c0098	posthoc_alto__soprano_padj	3.3584903352032618e-05	stats::p.adjust
c0098	posthoc_alto__soprano_rank_biserial	-0.89333333333333331	effectsize::rank_biserial
c0098	posthoc_mezzo__soprano_z	-2.0295402968221938	rstatix::dunn_test
c0098	posthoc_mezzo__soprano_p	0.042403288911672034	stats::pnorm
c0098	posthoc_mezzo__soprano_padj	0.042403288911672034	stats::p.adjust
c0098	posthoc_mezzo__soprano_rank_biserial	-0.47555555555555551	effectsize::rank_biserial
c0099	h	19.332946859903359	stats::kruskal.test
c0099	df	2	stats::kruskal.test
c0099	p	6.3372950872294873e-05	stats::kruskal.test
c0099	n	45	base::length
c0099	eta_squared	0.41268921095007999	rstatix::kruskal_effsize
c0099	eta_squared	0.41268921095007999	effectsize::rank_eta_squared
c0099	epsilon_squared	0.43938515590689453	effectsize::rank_epsilon_squared
c0099	posthoc_alto__mezzo_z	-2.3631633593135146	rstatix::dunn_test
c0099	posthoc_alto__mezzo_p	0.018119680460099603	stats::pnorm
c0099	posthoc_alto__mezzo_padj	0.027179520690149405	stats::p.adjust
c0099	posthoc_alto__mezzo_rank_biserial	-0.54666666666666663	effectsize::rank_biserial
c0099	posthoc_alto__soprano_z	-4.3927036561357085	rstatix::dunn_test
c0099	posthoc_alto__soprano_p	1.1194967784010874e-05	stats::pnorm
c0099	posthoc_alto__soprano_padj	3.3584903352032618e-05	stats::p.adjust
c0099	posthoc_alto__soprano_rank_biserial	-0.89333333333333331	effectsize::rank_biserial
c0099	posthoc_mezzo__soprano_z	-2.0295402968221938	rstatix::dunn_test
c0099	posthoc_mezzo__soprano_p	0.042403288911672034	stats::pnorm
c0099	posthoc_mezzo__soprano_padj	0.042403288911672034	stats::p.adjust
c0099	posthoc_mezzo__soprano_rank_biserial	-0.47555555555555551	effectsize::rank_biserial
c0100	h	9.9084057971014659	stats::kruskal.test
c0100	df	2	stats::kruskal.test
c0100	p	0.0070537005543041412	stats::kruskal.test
c0100	n	45	base::length
c0100	eta_squared	0.18829537612146346	rstatix::kruskal_effsize
c0100	eta_squared	0.18829537612146346	effectsize::rank_eta_squared
c0100	epsilon_squared	0.22519104084321515	effectsize::rank_epsilon_squared
c0101	h	9.9084057971014659	stats::kruskal.test
c0101	df	2	stats::kruskal.test
c0101	p	0.0070537005543041412	stats::kruskal.test
c0101	n	45	base::length
c0101	eta_squared	0.18829537612146346	rstatix::kruskal_effsize
c0101	eta_squared	0.18829537612146346	effectsize::rank_eta_squared
c0101	epsilon_squared	0.22519104084321515	effectsize::rank_epsilon_squared
c0101	posthoc_soprano__mezzo_z	0.33362306249131923	rstatix::dunn_test
c0101	posthoc_soprano__mezzo_p	0.73866401307620977	stats::pnorm
c0101	posthoc_soprano__mezzo_padj	1	stats::p.adjust
c0101	posthoc_soprano__mezzo_rank_biserial	0.048888888888888926	effectsize::rank_biserial
c0101	posthoc_soprano__alto_z	2.8774989139876319	rstatix::dunn_test
c0101	posthoc_soprano__alto_p	0.0040084129000897478	stats::pnorm
c0101	posthoc_soprano__alto_padj	0.012025238700269242	stats::p.adjust
c0101	posthoc_soprano__alto_rank_biserial	0.63555555555555565	effectsize::rank_biserial
c0101	posthoc_mezzo__alto_z	2.5438758514963125	rstatix::dunn_test
c0101	posthoc_mezzo__alto_p	0.010963004173648089	stats::pnorm
c0101	posthoc_mezzo__alto_padj	0.032889012520944269	stats::p.adjust
c0101	posthoc_mezzo__alto_rank_biserial	0.52000000000000002	effectsize::rank_biserial
c0102	h	9.9084057971014659	stats::kruskal.test
c0102	df	2	stats::kruskal.test
c0102	p	0.0070537005543041412	stats::kruskal.test
c0102	n	45	base::length
c0102	eta_squared	0.18829537612146346	rstatix::kruskal_effsize
c0102	eta_squared	0.18829537612146346	effectsize::rank_eta_squared
c0102	epsilon_squared	0.22519104084321515	effectsize::rank_epsilon_squared
c0102	posthoc_soprano__mezzo_z	0.33362306249131923	rstatix::dunn_test
c0102	posthoc_soprano__mezzo_p	0.73866401307620977	stats::pnorm
c0102	posthoc_soprano__mezzo_padj	0.73866401307620977	stats::p.adjust
c0102	posthoc_soprano__mezzo_rank_biserial	0.048888888888888926	effectsize::rank_biserial
c0102	posthoc_soprano__alto_z	2.8774989139876319	rstatix::dunn_test
c0102	posthoc_soprano__alto_p	0.0040084129000897478	stats::pnorm
c0102	posthoc_soprano__alto_padj	0.012025238700269242	stats::p.adjust
c0102	posthoc_soprano__alto_rank_biserial	0.63555555555555565	effectsize::rank_biserial
c0102	posthoc_mezzo__alto_z	2.5438758514963125	rstatix::dunn_test
c0102	posthoc_mezzo__alto_p	0.010963004173648089	stats::pnorm
c0102	posthoc_mezzo__alto_padj	0.021926008347296178	stats::p.adjust
c0102	posthoc_mezzo__alto_rank_biserial	0.52000000000000002	effectsize::rank_biserial
c0103	h	9.9084057971014659	stats::kruskal.test
c0103	df	2	stats::kruskal.test
c0103	p	0.0070537005543041412	stats::kruskal.test
c0103	n	45	base::length
c0103	eta_squared	0.18829537612146346	rstatix::kruskal_effsize
c0103	eta_squared	0.18829537612146346	effectsize::rank_eta_squared
c0103	epsilon_squared	0.22519104084321515	effectsize::rank_epsilon_squared
c0103	posthoc_soprano__mezzo_z	0.33362306249131923	rstatix::dunn_test
c0103	posthoc_soprano__mezzo_p	0.73866401307620977	stats::pnorm
c0103	posthoc_soprano__mezzo_padj	0.73866401307620977	stats::p.adjust
c0103	posthoc_soprano__mezzo_rank_biserial	0.048888888888888926	effectsize::rank_biserial
c0103	posthoc_soprano__alto_z	2.8774989139876319	rstatix::dunn_test
c0103	posthoc_soprano__alto_p	0.0040084129000897478	stats::pnorm
c0103	posthoc_soprano__alto_padj	0.012025238700269242	stats::p.adjust
c0103	posthoc_soprano__alto_rank_biserial	0.63555555555555565	effectsize::rank_biserial
c0103	posthoc_mezzo__alto_z	2.5438758514963125	rstatix::dunn_test
c0103	posthoc_mezzo__alto_p	0.010963004173648089	stats::pnorm
c0103	posthoc_mezzo__alto_padj	0.016444506260472135	stats::p.adjust
c0103	posthoc_mezzo__alto_rank_biserial	0.52000000000000002	effectsize::rank_biserial
c0104	h	9.9084057971014659	stats::kruskal.test
c0104	df	2	stats::kruskal.test
c0104	p	0.0070537005543041412	stats::kruskal.test
c0104	n	45	base::length
c0104	eta_squared	0.18829537612146346	rstatix::kruskal_effsize
c0104	eta_squared	0.18829537612146346	effectsize::rank_eta_squared
c0104	epsilon_squared	0.22519104084321515	effectsize::rank_epsilon_squared
c0105	h	9.9084057971014659	stats::kruskal.test
c0105	df	2	stats::kruskal.test
c0105	p	0.0070537005543041412	stats::kruskal.test
c0105	n	45	base::length
c0105	eta_squared	0.18829537612146346	rstatix::kruskal_effsize
c0105	eta_squared	0.18829537612146346	effectsize::rank_eta_squared
c0105	epsilon_squared	0.22519104084321515	effectsize::rank_epsilon_squared
c0105	posthoc_alto__mezzo_z	-2.5438758514963125	rstatix::dunn_test
c0105	posthoc_alto__mezzo_p	0.010963004173648089	stats::pnorm
c0105	posthoc_alto__mezzo_padj	0.032889012520944269	stats::p.adjust
c0105	posthoc_alto__mezzo_rank_biserial	-0.52000000000000002	effectsize::rank_biserial
c0105	posthoc_alto__soprano_z	-2.8774989139876319	rstatix::dunn_test
c0105	posthoc_alto__soprano_p	0.0040084129000897478	stats::pnorm
c0105	posthoc_alto__soprano_padj	0.012025238700269242	stats::p.adjust
c0105	posthoc_alto__soprano_rank_biserial	-0.63555555555555565	effectsize::rank_biserial
c0105	posthoc_mezzo__soprano_z	-0.33362306249131923	rstatix::dunn_test
c0105	posthoc_mezzo__soprano_p	0.73866401307620977	stats::pnorm
c0105	posthoc_mezzo__soprano_padj	1	stats::p.adjust
c0105	posthoc_mezzo__soprano_rank_biserial	-0.048888888888888926	effectsize::rank_biserial
c0106	h	9.9084057971014659	stats::kruskal.test
c0106	df	2	stats::kruskal.test
c0106	p	0.0070537005543041412	stats::kruskal.test
c0106	n	45	base::length
c0106	eta_squared	0.18829537612146346	rstatix::kruskal_effsize
c0106	eta_squared	0.18829537612146346	effectsize::rank_eta_squared
c0106	epsilon_squared	0.22519104084321515	effectsize::rank_epsilon_squared
c0106	posthoc_alto__mezzo_z	-2.5438758514963125	rstatix::dunn_test
c0106	posthoc_alto__mezzo_p	0.010963004173648089	stats::pnorm
c0106	posthoc_alto__mezzo_padj	0.021926008347296178	stats::p.adjust
c0106	posthoc_alto__mezzo_rank_biserial	-0.52000000000000002	effectsize::rank_biserial
c0106	posthoc_alto__soprano_z	-2.8774989139876319	rstatix::dunn_test
c0106	posthoc_alto__soprano_p	0.0040084129000897478	stats::pnorm
c0106	posthoc_alto__soprano_padj	0.012025238700269242	stats::p.adjust
c0106	posthoc_alto__soprano_rank_biserial	-0.63555555555555565	effectsize::rank_biserial
c0106	posthoc_mezzo__soprano_z	-0.33362306249131923	rstatix::dunn_test
c0106	posthoc_mezzo__soprano_p	0.73866401307620977	stats::pnorm
c0106	posthoc_mezzo__soprano_padj	0.73866401307620977	stats::p.adjust
c0106	posthoc_mezzo__soprano_rank_biserial	-0.048888888888888926	effectsize::rank_biserial
c0107	h	9.9084057971014659	stats::kruskal.test
c0107	df	2	stats::kruskal.test
c0107	p	0.0070537005543041412	stats::kruskal.test
c0107	n	45	base::length
c0107	eta_squared	0.18829537612146346	rstatix::kruskal_effsize
c0107	eta_squared	0.18829537612146346	effectsize::rank_eta_squared
c0107	epsilon_squared	0.22519104084321515	effectsize::rank_epsilon_squared
c0107	posthoc_alto__mezzo_z	-2.5438758514963125	rstatix::dunn_test
c0107	posthoc_alto__mezzo_p	0.010963004173648089	stats::pnorm
c0107	posthoc_alto__mezzo_padj	0.016444506260472135	stats::p.adjust
c0107	posthoc_alto__mezzo_rank_biserial	-0.52000000000000002	effectsize::rank_biserial
c0107	posthoc_alto__soprano_z	-2.8774989139876319	rstatix::dunn_test
c0107	posthoc_alto__soprano_p	0.0040084129000897478	stats::pnorm
c0107	posthoc_alto__soprano_padj	0.012025238700269242	stats::p.adjust
c0107	posthoc_alto__soprano_rank_biserial	-0.63555555555555565	effectsize::rank_biserial
c0107	posthoc_mezzo__soprano_z	-0.33362306249131923	rstatix::dunn_test
c0107	posthoc_mezzo__soprano_p	0.73866401307620977	stats::pnorm
c0107	posthoc_mezzo__soprano_padj	0.73866401307620977	stats::p.adjust
c0107	posthoc_mezzo__soprano_rank_biserial	-0.048888888888888926	effectsize::rank_biserial
c0108	h	18.617971014492724	stats::kruskal.test
c0108	df	2	stats::kruskal.test
c0108	p	9.0606418120129089e-05	stats::kruskal.test
c0108	n	45	base::length
c0108	eta_squared	0.39566597653554103	rstatix::kruskal_effsize
c0108	eta_squared	0.39566597653554103	effectsize::rank_eta_squared
c0108	epsilon_squared	0.42313570487483465	effectsize::rank_epsilon_squared
c0109	h	18.617971014492724	stats::kruskal.test
c0109	df	2	stats::kruskal.test
c0109	p	9.0606418120129089e-05	stats::kruskal.test
c0109	n	45	base::length
c0109	eta_squared	0.39566597653554103	rstatix::kruskal_effsize
c0109	eta_squared	0.39566597653554103	effectsize::rank_eta_squared
c0109	epsilon_squared	0.42313570487483465	effectsize::rank_epsilon_squared
c0109	posthoc_soprano__mezzo_z	3.0443104452332914	rstatix::dunn_test
c0109	posthoc_soprano__mezzo_p	0.0023321434546416287	stats::pnorm
c0109	posthoc_soprano__mezzo_padj	0.0069964303639248864	stats::p.adjust
c0109	posthoc_soprano__mezzo_rank_biserial	0.66222222222222227	effectsize::rank_biserial
c0109	posthoc_soprano__alto_z	4.1702882811414952	rstatix::dunn_test
c0109	posthoc_soprano__alto_p	3.0421456547338799e-05	stats::pnorm
c0109	posthoc_soprano__alto_padj	9.1264369642016403e-05	stats::p.adjust
c0109	posthoc_soprano__alto_rank_biserial	0.87555555555555564	effectsize::rank_biserial
c0109	posthoc_mezzo__alto_z	1.125977835908204	rstatix::dunn_test
c0109	posthoc_mezzo__alto_p	0.26017490098354817	stats::pnorm
c0109	posthoc_mezzo__alto_padj	0.78052470295064458	stats::p.adjust
c0109	posthoc_mezzo__alto_rank_biserial	0.25333333333333335	effectsize::rank_biserial
c0110	h	18.617971014492724	stats::kruskal.test
c0110	df	2	stats::kruskal.test
c0110	p	9.0606418120129089e-05	stats::kruskal.test
c0110	n	45	base::length
c0110	eta_squared	0.39566597653554103	rstatix::kruskal_effsize
c0110	eta_squared	0.39566597653554103	effectsize::rank_eta_squared
c0110	epsilon_squared	0.42313570487483465	effectsize::rank_epsilon_squared
c0110	posthoc_soprano__mezzo_z	3.0443104452332914	rstatix::dunn_test
c0110	posthoc_soprano__mezzo_p	0.0023321434546416287	stats::pnorm
c0110	posthoc_soprano__mezzo_padj	0.0046642869092832573	stats::p.adjust
c0110	posthoc_soprano__mezzo_rank_biserial	0.66222222222222227	effectsize::rank_biserial
c0110	posthoc_soprano__alto_z	4.1702882811414952	rstatix::dunn_test
c0110	posthoc_soprano__alto_p	3.0421456547338799e-05	stats::pnorm
c0110	posthoc_soprano__alto_padj	9.1264369642016403e-05	stats::p.adjust
c0110	posthoc_soprano__alto_rank_biserial	0.87555555555555564	effectsize::rank_biserial
c0110	posthoc_mezzo__alto_z	1.125977835908204	rstatix::dunn_test
c0110	posthoc_mezzo__alto_p	0.26017490098354817	stats::pnorm
c0110	posthoc_mezzo__alto_padj	0.26017490098354817	stats::p.adjust
c0110	posthoc_mezzo__alto_rank_biserial	0.25333333333333335	effectsize::rank_biserial
c0111	h	18.617971014492724	stats::kruskal.test
c0111	df	2	stats::kruskal.test
c0111	p	9.0606418120129089e-05	stats::kruskal.test
c0111	n	45	base::length
c0111	eta_squared	0.39566597653554103	rstatix::kruskal_effsize
c0111	eta_squared	0.39566597653554103	effectsize::rank_eta_squared
c0111	epsilon_squared	0.42313570487483465	effectsize::rank_epsilon_squared
c0111	posthoc_soprano__mezzo_z	3.0443104452332914	rstatix::dunn_test
c0111	posthoc_soprano__mezzo_p	0.0023321434546416287	stats::pnorm
c0111	posthoc_soprano__mezzo_padj	0.0034982151819624432	stats::p.adjust
c0111	posthoc_soprano__mezzo_rank_biserial	0.66222222222222227	effectsize::rank_biserial
c0111	posthoc_soprano__alto_z	4.1702882811414952	rstatix::dunn_test
c0111	posthoc_soprano__alto_p	3.0421456547338799e-05	stats::pnorm
c0111	posthoc_soprano__alto_padj	9.1264369642016403e-05	stats::p.adjust
c0111	posthoc_soprano__alto_rank_biserial	0.87555555555555564	effectsize::rank_biserial
c0111	posthoc_mezzo__alto_z	1.125977835908204	rstatix::dunn_test
c0111	posthoc_mezzo__alto_p	0.26017490098354817	stats::pnorm
c0111	posthoc_mezzo__alto_padj	0.26017490098354817	stats::p.adjust
c0111	posthoc_mezzo__alto_rank_biserial	0.25333333333333335	effectsize::rank_biserial
c0112	h	18.617971014492724	stats::kruskal.test
c0112	df	2	stats::kruskal.test
c0112	p	9.0606418120129089e-05	stats::kruskal.test
c0112	n	45	base::length
c0112	eta_squared	0.39566597653554103	rstatix::kruskal_effsize
c0112	eta_squared	0.39566597653554103	effectsize::rank_eta_squared
c0112	epsilon_squared	0.42313570487483465	effectsize::rank_epsilon_squared
c0113	h	18.617971014492724	stats::kruskal.test
c0113	df	2	stats::kruskal.test
c0113	p	9.0606418120129089e-05	stats::kruskal.test
c0113	n	45	base::length
c0113	eta_squared	0.39566597653554103	rstatix::kruskal_effsize
c0113	eta_squared	0.39566597653554103	effectsize::rank_eta_squared
c0113	epsilon_squared	0.42313570487483465	effectsize::rank_epsilon_squared
c0113	posthoc_alto__mezzo_z	-1.125977835908204	rstatix::dunn_test
c0113	posthoc_alto__mezzo_p	0.26017490098354817	stats::pnorm
c0113	posthoc_alto__mezzo_padj	0.78052470295064458	stats::p.adjust
c0113	posthoc_alto__mezzo_rank_biserial	-0.25333333333333335	effectsize::rank_biserial
c0113	posthoc_alto__soprano_z	-4.1702882811414952	rstatix::dunn_test
c0113	posthoc_alto__soprano_p	3.0421456547338799e-05	stats::pnorm
c0113	posthoc_alto__soprano_padj	9.1264369642016403e-05	stats::p.adjust
c0113	posthoc_alto__soprano_rank_biserial	-0.87555555555555564	effectsize::rank_biserial
c0113	posthoc_mezzo__soprano_z	-3.0443104452332914	rstatix::dunn_test
c0113	posthoc_mezzo__soprano_p	0.0023321434546416287	stats::pnorm
c0113	posthoc_mezzo__soprano_padj	0.0069964303639248864	stats::p.adjust
c0113	posthoc_mezzo__soprano_rank_biserial	-0.66222222222222227	effectsize::rank_biserial
c0114	h	18.617971014492724	stats::kruskal.test
c0114	df	2	stats::kruskal.test
c0114	p	9.0606418120129089e-05	stats::kruskal.test
c0114	n	45	base::length
c0114	eta_squared	0.39566597653554103	rstatix::kruskal_effsize
c0114	eta_squared	0.39566597653554103	effectsize::rank_eta_squared
c0114	epsilon_squared	0.42313570487483465	effectsize::rank_epsilon_squared
c0114	posthoc_alto__mezzo_z	-1.125977835908204	rstatix::dunn_test
c0114	posthoc_alto__mezzo_p	0.26017490098354817	stats::pnorm
c0114	posthoc_alto__mezzo_padj	0.26017490098354817	stats::p.adjust
c0114	posthoc_alto__mezzo_rank_biserial	-0.25333333333333335	effectsize::rank_biserial
c0114	posthoc_alto__soprano_z	-4.1702882811414952	rstatix::dunn_test
c0114	posthoc_alto__soprano_p	3.0421456547338799e-05	stats::pnorm
c0114	posthoc_alto__soprano_padj	9.1264369642016403e-05	stats::p.adjust
c0114	posthoc_alto__soprano_rank_biserial	-0.87555555555555564	effectsize::rank_biserial
c0114	posthoc_mezzo__soprano_z	-3.0443104452332914	rstatix::dunn_test
c0114	posthoc_mezzo__soprano_p	0.0023321434546416287	stats::pnorm
c0114	posthoc_mezzo__soprano_padj	0.0046642869092832573	stats::p.adjust
c0114	posthoc_mezzo__soprano_rank_biserial	-0.66222222222222227	effectsize::rank_biserial
c0115	h	18.617971014492724	stats::kruskal.test
c0115	df	2	stats::kruskal.test
c0115	p	9.0606418120129089e-05	stats::kruskal.test
c0115	n	45	base::length
c0115	eta_squared	0.39566597653554103	rstatix::kruskal_effsize
c0115	eta_squared	0.39566597653554103	effectsize::rank_eta_squared
c0115	epsilon_squared	0.42313570487483465	effectsize::rank_epsilon_squared
c0115	posthoc_alto__mezzo_z	-1.125977835908204	rstatix::dunn_test
c0115	posthoc_alto__mezzo_p	0.26017490098354817	stats::pnorm
c0115	posthoc_alto__mezzo_padj	0.26017490098354817	stats::p.adjust
c0115	posthoc_alto__mezzo_rank_biserial	-0.25333333333333335	effectsize::rank_biserial
c0115	posthoc_alto__soprano_z	-4.1702882811414952	rstatix::dunn_test
c0115	posthoc_alto__soprano_p	3.0421456547338799e-05	stats::pnorm
c0115	posthoc_alto__soprano_padj	9.1264369642016403e-05	stats::p.adjust
c0115	posthoc_alto__soprano_rank_biserial	-0.87555555555555564	effectsize::rank_biserial
c0115	posthoc_mezzo__soprano_z	-3.0443104452332914	rstatix::dunn_test
c0115	posthoc_mezzo__soprano_p	0.0023321434546416287	stats::pnorm
c0115	posthoc_mezzo__soprano_padj	0.0034982151819624432	stats::p.adjust
c0115	posthoc_mezzo__soprano_rank_biserial	-0.66222222222222227	effectsize::rank_biserial
c0116	h	3.0886956521738966	stats::kruskal.test
c0116	df	2	stats::kruskal.test
c0116	p	0.2134510330345902	stats::kruskal.test
c0116	n	45	base::length
c0116	eta_squared	0.025921325051759442	rstatix::kruskal_effsize
c0116	eta_squared	0.025921325051759442	effectsize::rank_eta_squared
c0116	epsilon_squared	0.070197628458497655	effectsize::rank_epsilon_squared
c0117	h	3.0886956521738966	stats::kruskal.test
c0117	df	2	stats::kruskal.test
c0117	p	0.2134510330345902	stats::kruskal.test
c0117	n	45	base::length
c0117	eta_squared	0.025921325051759442	rstatix::kruskal_effsize
c0117	eta_squared	0.025921325051759442	effectsize::rank_eta_squared
c0117	epsilon_squared	0.070197628458497655	effectsize::rank_epsilon_squared
c0117	posthoc_soprano__mezzo_z	0.75065189060546955	rstatix::dunn_test
c0117	posthoc_soprano__mezzo_p	0.45286218341877005	stats::pnorm
c0117	posthoc_soprano__mezzo_padj	1	stats::p.adjust
c0117	posthoc_soprano__mezzo_rank_biserial	0.16444444444444439	effectsize::rank_biserial
c0117	posthoc_soprano__alto_z	1.7515210780794279	rstatix::dunn_test
c0117	posthoc_soprano__alto_p	0.079856193773516479	stats::pnorm
c0117	posthoc_soprano__alto_padj	0.23956858132054942	stats::p.adjust
c0117	posthoc_soprano__alto_rank_biserial	0.36888888888888888	effectsize::rank_biserial
c0117	posthoc_mezzo__alto_z	1.0008691874739584	rstatix::dunn_test
c0117	posthoc_mezzo__alto_p	0.31689005482296179	stats::pnorm
c0117	posthoc_mezzo__alto_padj	0.9506701644688853	stats::p.adjust
c0117	posthoc_mezzo__alto_rank_biserial	0.21777777777777779	effectsize::rank_biserial
c0118	h	3.0886956521738966	stats::kruskal.test
c0118	df	2	stats::kruskal.test
c0118	p	0.2134510330345902	stats::kruskal.test
c0118	n	45	base::length
c0118	eta_squared	0.025921325051759442	rstatix::kruskal_effsize
c0118	eta_squared	0.025921325051759442	effectsize::rank_eta_squared
c0118	epsilon_squared	0.070197628458497655	effectsize::rank_epsilon_squared
c0118	posthoc_soprano__mezzo_z	0.75065189060546955	rstatix::dunn_test
c0118	posthoc_soprano__mezzo_p	0.45286218341877005	stats::pnorm
c0118	posthoc_soprano__mezzo_padj	0.63378010964592357	stats::p.adjust
c0118	posthoc_soprano__mezzo_rank_biserial	0.16444444444444439	effectsize::rank_biserial
c0118	posthoc_soprano__alto_z	1.7515210780794279	rstatix::dunn_test
c0118	posthoc_soprano__alto_p	0.079856193773516479	stats::pnorm
c0118	posthoc_soprano__alto_padj	0.23956858132054942	stats::p.adjust
c0118	posthoc_soprano__alto_rank_biserial	0.36888888888888888	effectsize::rank_biserial
c0118	posthoc_mezzo__alto_z	1.0008691874739584	rstatix::dunn_test
c0118	posthoc_mezzo__alto_p	0.31689005482296179	stats::pnorm
c0118	posthoc_mezzo__alto_padj	0.63378010964592357	stats::p.adjust
c0118	posthoc_mezzo__alto_rank_biserial	0.21777777777777779	effectsize::rank_biserial
c0119	h	3.0886956521738966	stats::kruskal.test
c0119	df	2	stats::kruskal.test
c0119	p	0.2134510330345902	stats::kruskal.test
c0119	n	45	base::length
c0119	eta_squared	0.025921325051759442	rstatix::kruskal_effsize
c0119	eta_squared	0.025921325051759442	effectsize::rank_eta_squared
c0119	epsilon_squared	0.070197628458497655	effectsize::rank_epsilon_squared
c0119	posthoc_soprano__mezzo_z	0.75065189060546955	rstatix::dunn_test
c0119	posthoc_soprano__mezzo_p	0.45286218341877005	stats::pnorm
c0119	posthoc_soprano__mezzo_padj	0.45286218341877005	stats::p.adjust
c0119	posthoc_soprano__mezzo_rank_biserial	0.16444444444444439	effectsize::rank_biserial
c0119	posthoc_soprano__alto_z	1.7515210780794279	rstatix::dunn_test
c0119	posthoc_soprano__alto_p	0.079856193773516479	stats::pnorm
c0119	posthoc_soprano__alto_padj	0.23956858132054942	stats::p.adjust
c0119	posthoc_soprano__alto_rank_biserial	0.36888888888888888	effectsize::rank_biserial
c0119	posthoc_mezzo__alto_z	1.0008691874739584	rstatix::dunn_test
c0119	posthoc_mezzo__alto_p	0.31689005482296179	stats::pnorm
c0119	posthoc_mezzo__alto_padj	0.45286218341877005	stats::p.adjust
c0119	posthoc_mezzo__alto_rank_biserial	0.21777777777777779	effectsize::rank_biserial
c0120	h	3.0886956521738966	stats::kruskal.test
c0120	df	2	stats::kruskal.test
c0120	p	0.2134510330345902	stats::kruskal.test
c0120	n	45	base::length
c0120	eta_squared	0.025921325051759442	rstatix::kruskal_effsize
c0120	eta_squared	0.025921325051759442	effectsize::rank_eta_squared
c0120	epsilon_squared	0.070197628458497655	effectsize::rank_epsilon_squared
c0121	h	3.0886956521738966	stats::kruskal.test
c0121	df	2	stats::kruskal.test
c0121	p	0.2134510330345902	stats::kruskal.test
c0121	n	45	base::length
c0121	eta_squared	0.025921325051759442	rstatix::kruskal_effsize
c0121	eta_squared	0.025921325051759442	effectsize::rank_eta_squared
c0121	epsilon_squared	0.070197628458497655	effectsize::rank_epsilon_squared
c0121	posthoc_alto__mezzo_z	-1.0008691874739584	rstatix::dunn_test
c0121	posthoc_alto__mezzo_p	0.31689005482296179	stats::pnorm
c0121	posthoc_alto__mezzo_padj	0.9506701644688853	stats::p.adjust
c0121	posthoc_alto__mezzo_rank_biserial	-0.21777777777777779	effectsize::rank_biserial
c0121	posthoc_alto__soprano_z	-1.7515210780794279	rstatix::dunn_test
c0121	posthoc_alto__soprano_p	0.079856193773516479	stats::pnorm
c0121	posthoc_alto__soprano_padj	0.23956858132054942	stats::p.adjust
c0121	posthoc_alto__soprano_rank_biserial	-0.36888888888888888	effectsize::rank_biserial
c0121	posthoc_mezzo__soprano_z	-0.75065189060546955	rstatix::dunn_test
c0121	posthoc_mezzo__soprano_p	0.45286218341877005	stats::pnorm
c0121	posthoc_mezzo__soprano_padj	1	stats::p.adjust
c0121	posthoc_mezzo__soprano_rank_biserial	-0.16444444444444439	effectsize::rank_biserial
c0122	h	3.0886956521738966	stats::kruskal.test
c0122	df	2	stats::kruskal.test
c0122	p	0.2134510330345902	stats::kruskal.test
c0122	n	45	base::length
c0122	eta_squared	0.025921325051759442	rstatix::kruskal_effsize
c0122	eta_squared	0.025921325051759442	effectsize::rank_eta_squared
c0122	epsilon_squared	0.070197628458497655	effectsize::rank_epsilon_squared
c0122	posthoc_alto__mezzo_z	-1.0008691874739584	rstatix::dunn_test
c0122	posthoc_alto__mezzo_p	0.31689005482296179	stats::pnorm
c0122	posthoc_alto__mezzo_padj	0.63378010964592357	stats::p.adjust
c0122	posthoc_alto__mezzo_rank_biserial	-0.21777777777777779	effectsize::rank_biserial
c0122	posthoc_alto__soprano_z	-1.7515210780794279	rstatix::dunn_test
c0122	posthoc_alto__soprano_p	0.079856193773516479	stats::pnorm
c0122	posthoc_alto__soprano_padj	0.23956858132054942	stats::p.adjust
c0122	posthoc_alto__soprano_rank_biserial	-0.36888888888888888	effectsize::rank_biserial
c0122	posthoc_mezzo__soprano_z	-0.75065189060546955	rstatix::dunn_test
c0122	posthoc_mezzo__soprano_p	0.45286218341877005	stats::pnorm
c0122	posthoc_mezzo__soprano_padj	0.63378010964592357	stats::p.adjust
c0122	posthoc_mezzo__soprano_rank_biserial	-0.16444444444444439	effectsize::rank_biserial
c0123	h	3.0886956521738966	stats::kruskal.test
c0123	df	2	stats::kruskal.test
c0123	p	0.2134510330345902	stats::kruskal.test
c0123	n	45	base::length
c0123	eta_squared	0.025921325051759442	rstatix::kruskal_effsize
c0123	eta_squared	0.025921325051759442	effectsize::rank_eta_squared
c0123	epsilon_squared	0.070197628458497655	effectsize::rank_epsilon_squared
c0123	posthoc_alto__mezzo_z	-1.0008691874739584	rstatix::dunn_test
c0123	posthoc_alto__mezzo_p	0.31689005482296179	stats::pnorm
c0123	posthoc_alto__mezzo_padj	0.45286218341877005	stats::p.adjust
c0123	posthoc_alto__mezzo_rank_biserial	-0.21777777777777779	effectsize::rank_biserial
c0123	posthoc_alto__soprano_z	-1.7515210780794279	rstatix::dunn_test
c0123	posthoc_alto__soprano_p	0.079856193773516479	stats::pnorm
c0123	posthoc_alto__soprano_padj	0.23956858132054942	stats::p.adjust
c0123	posthoc_alto__soprano_rank_biserial	-0.36888888888888888	effectsize::rank_biserial
c0123	posthoc_mezzo__soprano_z	-0.75065189060546955	rstatix::dunn_test
c0123	posthoc_mezzo__soprano_p	0.45286218341877005	stats::pnorm
c0123	posthoc_mezzo__soprano_padj	0.45286218341877005	stats::p.adjust
c0123	posthoc_mezzo__soprano_rank_biserial	-0.16444444444444439	effectsize::rank_biserial
c0124	h	22.665365853658528	stats::kruskal.test
c0124	df	1	stats::kruskal.test
c0124	p	1.9281209249304156e-06	stats::kruskal.test
c0124	n	40	base::length
c0124	eta_squared	0.57014120667522439	rstatix::kruskal_effsize
c0124	eta_squared	0.57014120667522439	effectsize::rank_eta_squared
c0124	epsilon_squared	0.58116322701688539	effectsize::rank_epsilon_squared
c0125	h	22.665365853658528	stats::kruskal.test
c0125	df	1	stats::kruskal.test
c0125	p	1.9281209249304156e-06	stats::kruskal.test
c0125	n	40	base::length
c0125	eta_squared	0.57014120667522439	rstatix::kruskal_effsize
c0125	eta_squared	0.57014120667522439	effectsize::rank_eta_squared
c0125	epsilon_squared	0.58116322701688539	effectsize::rank_epsilon_squared
c0125	posthoc_control__patient_z	-4.7608156710440435	rstatix::dunn_test
c0125	posthoc_control__patient_p	1.9281209249303974e-06	stats::pnorm
c0125	posthoc_control__patient_padj	1.9281209249303974e-06	stats::p.adjust
c0125	posthoc_control__patient_rank_biserial	-0.87999999999999989	effectsize::rank_biserial
c0126	h	22.665365853658528	stats::kruskal.test
c0126	df	1	stats::kruskal.test
c0126	p	1.9281209249304156e-06	stats::kruskal.test
c0126	n	40	base::length
c0126	eta_squared	0.57014120667522439	rstatix::kruskal_effsize
c0126	eta_squared	0.57014120667522439	effectsize::rank_eta_squared
c0126	epsilon_squared	0.58116322701688539	effectsize::rank_epsilon_squared
c0126	posthoc_control__patient_z	-4.7608156710440435	rstatix::dunn_test
c0126	posthoc_control__patient_p	1.9281209249303974e-06	stats::pnorm
c0126	posthoc_control__patient_padj	1.9281209249303974e-06	stats::p.adjust
c0126	posthoc_control__patient_rank_biserial	-0.87999999999999989	effectsize::rank_biserial
c0127	h	22.665365853658528	stats::kruskal.test
c0127	df	1	stats::kruskal.test
c0127	p	1.9281209249304156e-06	stats::kruskal.test
c0127	n	40	base::length
c0127	eta_squared	0.57014120667522439	rstatix::kruskal_effsize
c0127	eta_squared	0.57014120667522439	effectsize::rank_eta_squared
c0127	epsilon_squared	0.58116322701688539	effectsize::rank_epsilon_squared
c0127	posthoc_control__patient_z	-4.7608156710440435	rstatix::dunn_test
c0127	posthoc_control__patient_p	1.9281209249303974e-06	stats::pnorm
c0127	posthoc_control__patient_padj	1.9281209249303974e-06	stats::p.adjust
c0127	posthoc_control__patient_rank_biserial	-0.87999999999999989	effectsize::rank_biserial
c0128	h	22.665365853658528	stats::kruskal.test
c0128	df	1	stats::kruskal.test
c0128	p	1.9281209249304156e-06	stats::kruskal.test
c0128	n	40	base::length
c0128	eta_squared	0.57014120667522439	rstatix::kruskal_effsize
c0128	eta_squared	0.57014120667522439	effectsize::rank_eta_squared
c0128	epsilon_squared	0.58116322701688539	effectsize::rank_epsilon_squared
c0129	h	22.665365853658528	stats::kruskal.test
c0129	df	1	stats::kruskal.test
c0129	p	1.9281209249304156e-06	stats::kruskal.test
c0129	n	40	base::length
c0129	eta_squared	0.57014120667522439	rstatix::kruskal_effsize
c0129	eta_squared	0.57014120667522439	effectsize::rank_eta_squared
c0129	epsilon_squared	0.58116322701688539	effectsize::rank_epsilon_squared
c0129	posthoc_control__patient_z	-4.7608156710440435	rstatix::dunn_test
c0129	posthoc_control__patient_p	1.9281209249303974e-06	stats::pnorm
c0129	posthoc_control__patient_padj	1.9281209249303974e-06	stats::p.adjust
c0129	posthoc_control__patient_rank_biserial	-0.87999999999999989	effectsize::rank_biserial
c0130	h	22.665365853658528	stats::kruskal.test
c0130	df	1	stats::kruskal.test
c0130	p	1.9281209249304156e-06	stats::kruskal.test
c0130	n	40	base::length
c0130	eta_squared	0.57014120667522439	rstatix::kruskal_effsize
c0130	eta_squared	0.57014120667522439	effectsize::rank_eta_squared
c0130	epsilon_squared	0.58116322701688539	effectsize::rank_epsilon_squared
c0130	posthoc_control__patient_z	-4.7608156710440435	rstatix::dunn_test
c0130	posthoc_control__patient_p	1.9281209249303974e-06	stats::pnorm
c0130	posthoc_control__patient_padj	1.9281209249303974e-06	stats::p.adjust
c0130	posthoc_control__patient_rank_biserial	-0.87999999999999989	effectsize::rank_biserial
c0131	h	22.665365853658528	stats::kruskal.test
c0131	df	1	stats::kruskal.test
c0131	p	1.9281209249304156e-06	stats::kruskal.test
c0131	n	40	base::length
c0131	eta_squared	0.57014120667522439	rstatix::kruskal_effsize
c0131	eta_squared	0.57014120667522439	effectsize::rank_eta_squared
c0131	epsilon_squared	0.58116322701688539	effectsize::rank_epsilon_squared
c0131	posthoc_control__patient_z	-4.7608156710440435	rstatix::dunn_test
c0131	posthoc_control__patient_p	1.9281209249303974e-06	stats::pnorm
c0131	posthoc_control__patient_padj	1.9281209249303974e-06	stats::p.adjust
c0131	posthoc_control__patient_rank_biserial	-0.87999999999999989	effectsize::rank_biserial
c0132	h	8.6943027210884338	stats::kruskal.test
c0132	df	1	stats::kruskal.test
c0132	p	0.0031920620504951513	stats::kruskal.test
c0132	n	48	base::length
c0132	eta_squared	0.16726745045844421	rstatix::kruskal_effsize
c0132	eta_squared	0.16726745045844421	effectsize::rank_eta_squared
c0132	epsilon_squared	0.1849851642784773	effectsize::rank_epsilon_squared
c0133	h	8.6943027210884338	stats::kruskal.test
c0133	df	1	stats::kruskal.test
c0133	p	0.0031920620504951513	stats::kruskal.test
c0133	n	48	base::length
c0133	eta_squared	0.16726745045844421	rstatix::kruskal_effsize
c0133	eta_squared	0.16726745045844421	effectsize::rank_eta_squared
c0133	epsilon_squared	0.1849851642784773	effectsize::rank_epsilon_squared
c0133	posthoc_soprano__alto_z	2.9486103033613023	rstatix::dunn_test
c0133	posthoc_soprano__alto_p	0.0031920620504951604	stats::pnorm
c0133	posthoc_soprano__alto_padj	0.0031920620504951604	stats::p.adjust
c0133	posthoc_soprano__alto_rank_biserial	0.49652777777777773	effectsize::rank_biserial
c0134	h	8.6943027210884338	stats::kruskal.test
c0134	df	1	stats::kruskal.test
c0134	p	0.0031920620504951513	stats::kruskal.test
c0134	n	48	base::length
c0134	eta_squared	0.16726745045844421	rstatix::kruskal_effsize
c0134	eta_squared	0.16726745045844421	effectsize::rank_eta_squared
c0134	epsilon_squared	0.1849851642784773	effectsize::rank_epsilon_squared
c0134	posthoc_soprano__alto_z	2.9486103033613023	rstatix::dunn_test
c0134	posthoc_soprano__alto_p	0.0031920620504951604	stats::pnorm
c0134	posthoc_soprano__alto_padj	0.0031920620504951604	stats::p.adjust
c0134	posthoc_soprano__alto_rank_biserial	0.49652777777777773	effectsize::rank_biserial
c0135	h	8.6943027210884338	stats::kruskal.test
c0135	df	1	stats::kruskal.test
c0135	p	0.0031920620504951513	stats::kruskal.test
c0135	n	48	base::length
c0135	eta_squared	0.16726745045844421	rstatix::kruskal_effsize
c0135	eta_squared	0.16726745045844421	effectsize::rank_eta_squared
c0135	epsilon_squared	0.1849851642784773	effectsize::rank_epsilon_squared
c0135	posthoc_soprano__alto_z	2.9486103033613023	rstatix::dunn_test
c0135	posthoc_soprano__alto_p	0.0031920620504951604	stats::pnorm
c0135	posthoc_soprano__alto_padj	0.0031920620504951604	stats::p.adjust
c0135	posthoc_soprano__alto_rank_biserial	0.49652777777777773	effectsize::rank_biserial
c0136	h	8.6943027210884338	stats::kruskal.test
c0136	df	1	stats::kruskal.test
c0136	p	0.0031920620504951513	stats::kruskal.test
c0136	n	48	base::length
c0136	eta_squared	0.16726745045844421	rstatix::kruskal_effsize
c0136	eta_squared	0.16726745045844421	effectsize::rank_eta_squared
c0136	epsilon_squared	0.1849851642784773	effectsize::rank_epsilon_squared
c0137	h	8.6943027210884338	stats::kruskal.test
c0137	df	1	stats::kruskal.test
c0137	p	0.0031920620504951513	stats::kruskal.test
c0137	n	48	base::length
c0137	eta_squared	0.16726745045844421	rstatix::kruskal_effsize
c0137	eta_squared	0.16726745045844421	effectsize::rank_eta_squared
c0137	epsilon_squared	0.1849851642784773	effectsize::rank_epsilon_squared
c0137	posthoc_alto__soprano_z	-2.9486103033613023	rstatix::dunn_test
c0137	posthoc_alto__soprano_p	0.0031920620504951604	stats::pnorm
c0137	posthoc_alto__soprano_padj	0.0031920620504951604	stats::p.adjust
c0137	posthoc_alto__soprano_rank_biserial	-0.49652777777777773	effectsize::rank_biserial
c0138	h	8.6943027210884338	stats::kruskal.test
c0138	df	1	stats::kruskal.test
c0138	p	0.0031920620504951513	stats::kruskal.test
c0138	n	48	base::length
c0138	eta_squared	0.16726745045844421	rstatix::kruskal_effsize
c0138	eta_squared	0.16726745045844421	effectsize::rank_eta_squared
c0138	epsilon_squared	0.1849851642784773	effectsize::rank_epsilon_squared
c0138	posthoc_alto__soprano_z	-2.9486103033613023	rstatix::dunn_test
c0138	posthoc_alto__soprano_p	0.0031920620504951604	stats::pnorm
c0138	posthoc_alto__soprano_padj	0.0031920620504951604	stats::p.adjust
c0138	posthoc_alto__soprano_rank_biserial	-0.49652777777777773	effectsize::rank_biserial
c0139	h	8.6943027210884338	stats::kruskal.test
c0139	df	1	stats::kruskal.test
c0139	p	0.0031920620504951513	stats::kruskal.test
c0139	n	48	base::length
c0139	eta_squared	0.16726745045844421	rstatix::kruskal_effsize
c0139	eta_squared	0.16726745045844421	effectsize::rank_eta_squared
c0139	epsilon_squared	0.1849851642784773	effectsize::rank_epsilon_squared
c0139	posthoc_alto__soprano_z	-2.9486103033613023	rstatix::dunn_test
c0139	posthoc_alto__soprano_p	0.0031920620504951604	stats::pnorm
c0139	posthoc_alto__soprano_padj	0.0031920620504951604	stats::p.adjust
c0139	posthoc_alto__soprano_rank_biserial	-0.49652777777777773	effectsize::rank_biserial
c0140	h	35.99613677230839	stats::kruskal.test
c0140	df	4	stats::kruskal.test
c0140	p	2.8989963037086576e-07	stats::kruskal.test
c0140	n	50	base::length
c0140	eta_squared	0.71102526160685309	rstatix::kruskal_effsize
c0140	eta_squared	0.71102526160685309	effectsize::rank_eta_squared
c0140	epsilon_squared	0.73461503616955892	effectsize::rank_epsilon_squared
c0141	h	35.99613677230839	stats::kruskal.test
c0141	df	4	stats::kruskal.test
c0141	p	2.8989963037086576e-07	stats::kruskal.test
c0141	n	50	base::length
c0141	eta_squared	0.71102526160685309	rstatix::kruskal_effsize
c0141	eta_squared	0.71102526160685309	effectsize::rank_eta_squared
c0141	epsilon_squared	0.73461503616955892	effectsize::rank_epsilon_squared
c0141	posthoc_welch__paired_z	-1.0817452644595082	rstatix::dunn_test
c0141	posthoc_welch__paired_p	0.27936573408149812	stats::pnorm
c0141	posthoc_welch__paired_padj	1	stats::p.adjust
c0141	posthoc_welch__paired_rank_biserial	-0.52499999999999991	effectsize::rank_biserial
c0141	posthoc_welch__corr_z	2.6158397739700798	rstatix::dunn_test
c0141	posthoc_welch__corr_p	0.0089008314325035587	stats::pnorm
c0141	posthoc_welch__corr_padj	0.089008314325035587	stats::p.adjust
c0141	posthoc_welch__corr_rank_biserial	0.81428571428571428	effectsize::rank_biserial
c0141	posthoc_welch__perfect_z	3.6025191137502568	rstatix::dunn_test
c0141	posthoc_welch__perfect_p	0.00031514821938087361	stats::pnorm
c0141	posthoc_welch__perfect_padj	0.0031514821938087361	stats::p.adjust
c0141	posthoc_welch__perfect_rank_biserial	1	effectsize::rank_biserial
c0141	posthoc_welch__mwu_z	2.9961539743304506	rstatix::dunn_test
c0141	posthoc_welch__mwu_p	0.002734083409124614	stats::pnorm
c0141	posthoc_welch__mwu_padj	0.02734083409124614	stats::p.adjust
c0141	posthoc_welch__mwu_rank_biserial	1	effectsize::rank_biserial
c0141	posthoc_paired__corr_z	3.9304638568036969	rstatix::dunn_test
c0141	posthoc_paired__corr_p	8.4782138173651817e-05	stats::pnorm
c0141	posthoc_paired__corr_padj	0.00084782138173651817	stats::p.adjust
c0141	posthoc_paired__corr_rank_biserial	0.95238095238095233	effectsize::rank_biserial
c0141	posthoc_paired__perfect_z	4.8444537616029644	rstatix::dunn_test
c0141	posthoc_paired__perfect_p	1.2696047946140164e-06	stats::pnorm
c0141	posthoc_paired__perfect_padj	1.2696047946140165e-05	stats::p.adjust
c0141	posthoc_paired__perfect_rank_biserial	1	effectsize::rank_biserial
c0141	posthoc_paired__mwu_z	3.8723879855905809	rstatix::dunn_test
c0141	posthoc_paired__mwu_p	0.00010777421099225054	stats::pnorm
c0141	posthoc_paired__mwu_padj	0.0010777421099225054	stats::p.adjust
c0141	posthoc_paired__mwu_rank_biserial	1	effectsize::rank_biserial
c0141	posthoc_corr__perfect_z	1.2753255989088381	rstatix::dunn_test
c0141	posthoc_corr__perfect_p	0.20219402066542563	stats::pnorm
c0141	posthoc_corr__perfect_padj	1	stats::p.adjust
c0141	posthoc_corr__perfect_rank_biserial	0.47142857142857147	effectsize::rank_biserial
c0141	posthoc_corr__mwu_z	1.2161425788773854	rstatix::dunn_test
c0141	posthoc_corr__mwu_p	0.22393061304446663	stats::pnorm
c0141	posthoc_corr__mwu_padj	1	stats::p.adjust
c0141	posthoc_corr__mwu_rank_biserial	0.60714285714285721	effectsize::rank_biserial
c0141	posthoc_perfect__mwu_z	0.2729054976618821	rstatix::dunn_test
c0141	posthoc_perfect__mwu_p	0.78492586036014123	stats::pnorm
c0141	posthoc_perfect__mwu_padj	1	stats::p.adjust
c0141	posthoc_perfect__mwu_rank_biserial	0.19999999999999996	effectsize::rank_biserial
c0142	h	35.99613677230839	stats::kruskal.test
c0142	df	4	stats::kruskal.test
c0142	p	2.8989963037086576e-07	stats::kruskal.test
c0142	n	50	base::length
c0142	eta_squared	0.71102526160685309	rstatix::kruskal_effsize
c0142	eta_squared	0.71102526160685309	effectsize::rank_eta_squared
c0142	epsilon_squared	0.73461503616955892	effectsize::rank_epsilon_squared
c0142	posthoc_welch__paired_z	-1.0817452644595082	rstatix::dunn_test
c0142	posthoc_welch__paired_p	0.27936573408149812	stats::pnorm
c0142	posthoc_welch__paired_padj	0.80877608266170253	stats::p.adjust
c0142	posthoc_welch__paired_rank_biserial	-0.52499999999999991	effectsize::rank_biserial
c0142	posthoc_welch__corr_z	2.6158397739700798	rstatix::dunn_test
c0142	posthoc_welch__corr_p	0.0089008314325035587	stats::pnorm
c0142	posthoc_welch__corr_padj	0.044504157162517793	stats::p.adjust
c0142	posthoc_welch__corr_rank_biserial	0.81428571428571428	effectsize::rank_biserial
c0142	posthoc_welch__perfect_z	3.6025191137502568	rstatix::dunn_test
c0142	posthoc_welch__perfect_p	0.00031514821938087361	stats::pnorm
c0142	posthoc_welch__perfect_padj	0.0022060375356661153	stats::p.adjust
c0142	posthoc_welch__perfect_rank_biserial	1	effectsize::rank_biserial
c0142	posthoc_welch__mwu_z	2.9961539743304506	rstatix::dunn_test
c0142	posthoc_welch__mwu_p	0.002734083409124614	stats::pnorm
c0142	posthoc_welch__mwu_padj	0.016404500454747683	stats::p.adjust
c0142	posthoc_welch__mwu_rank_biserial	1	effectsize::rank_biserial
c0142	posthoc_paired__corr_z	3.9304638568036969	rstatix::dunn_test
c0142	posthoc_paired__corr_p	8.4782138173651817e-05	stats::pnorm
c0142	posthoc_paired__corr_padj	0.00076303924356286635	stats::p.adjust
c0142	posthoc_paired__corr_rank_biserial	0.95238095238095233	effectsize::rank_biserial
c0142	posthoc_paired__perfect_z	4.8444537616029644	rstatix::dunn_test
c0142	posthoc_paired__perfect_p	1.2696047946140164e-06	stats::pnorm
c0142	posthoc_paired__perfect_padj	1.2696047946140165e-05	stats::p.adjust
c0142	posthoc_paired__perfect_rank_biserial	1	effectsize::rank_biserial
c0142	posthoc_paired__mwu_z	3.8723879855905809	rstatix::dunn_test
c0142	posthoc_paired__mwu_p	0.00010777421099225054	stats::pnorm
c0142	posthoc_paired__mwu_padj	0.00086219368793800434	stats::p.adjust
c0142	posthoc_paired__mwu_rank_biserial	1	effectsize::rank_biserial
c0142	posthoc_corr__perfect_z	1.2753255989088381	rstatix::dunn_test
c0142	posthoc_corr__perfect_p	0.20219402066542563	stats::pnorm
c0142	posthoc_corr__perfect_padj	0.80877608266170253	stats::p.adjust
c0142	posthoc_corr__perfect_rank_biserial	0.47142857142857147	effectsize::rank_biserial
c0142	posthoc_corr__mwu_z	1.2161425788773854	rstatix::dunn_test
c0142	posthoc_corr__mwu_p	0.22393061304446663	stats::pnorm
c0142	posthoc_corr__mwu_padj	0.80877608266170253	stats::p.adjust
c0142	posthoc_corr__mwu_rank_biserial	0.60714285714285721	effectsize::rank_biserial
c0142	posthoc_perfect__mwu_z	0.2729054976618821	rstatix::dunn_test
c0142	posthoc_perfect__mwu_p	0.78492586036014123	stats::pnorm
c0142	posthoc_perfect__mwu_padj	0.80877608266170253	stats::p.adjust
c0142	posthoc_perfect__mwu_rank_biserial	0.19999999999999996	effectsize::rank_biserial
c0143	h	35.99613677230839	stats::kruskal.test
c0143	df	4	stats::kruskal.test
c0143	p	2.8989963037086576e-07	stats::kruskal.test
c0143	n	50	base::length
c0143	eta_squared	0.71102526160685309	rstatix::kruskal_effsize
c0143	eta_squared	0.71102526160685309	effectsize::rank_eta_squared
c0143	epsilon_squared	0.73461503616955892	effectsize::rank_epsilon_squared
c0143	posthoc_welch__paired_z	-1.0817452644595082	rstatix::dunn_test
c0143	posthoc_welch__paired_p	0.27936573408149812	stats::pnorm
c0143	posthoc_welch__paired_padj	0.31040637120166459	stats::p.adjust
c0143	posthoc_welch__paired_rank_biserial	-0.52499999999999991	effectsize::rank_biserial
c0143	posthoc_welch__corr_z	2.6158397739700798	rstatix::dunn_test
c0143	posthoc_welch__corr_p	0.0089008314325035587	stats::pnorm
c0143	posthoc_welch__corr_padj	0.014834719054172598	stats::p.adjust
c0143	posthoc_welch__corr_rank_biserial	0.81428571428571428	effectsize::rank_biserial
c0143	posthoc_welch__perfect_z	3.6025191137502568	rstatix::dunn_test
c0143	posthoc_welch__perfect_p	0.00031514821938087361	stats::pnorm
c0143	posthoc_welch__perfect_padj	0.00078787054845218404	stats::p.adjust
c0143	posthoc_welch__perfect_rank_biserial	1	effectsize::rank_biserial
c0143	posthoc_welch__mwu_z	2.9961539743304506	rstatix::dunn_test
c0143	posthoc_welch__mwu_p	0.002734083409124614	stats::pnorm
c0143	posthoc_welch__mwu_padj	0.0054681668182492279	stats::p.adjust
c0143	posthoc_welch__mwu_rank_biserial	1	effectsize::rank_biserial
c0143	posthoc_paired__corr_z	3.9304638568036969	rstatix::dunn_test
c0143	posthoc_paired__corr_p	8.4782138173651817e-05	stats::pnorm
c0143	posthoc_paired__corr_padj	0.00035924736997416847	stats::p.adjust
c0143	posthoc_paired__corr_rank_biserial	0.95238095238095233	effectsize::rank_biserial
c0143	posthoc_paired__perfect_z	4.8444537616029644	rstatix::dunn_test
c0143	posthoc_paired__perfect_p	1.2696047946140164e-06	stats::pnorm
c0143	posthoc_paired__perfect_padj	1.2696047946140165e-05	stats::p.adjust
c0143	posthoc_paired__perfect_rank_biserial	1	effectsize::rank_biserial
c0143	posthoc_paired__mwu_z	3.8723879855905809	rstatix::dunn_test
c0143	posthoc_paired__mwu_p	0.00010777421099225054	stats::pnorm
c0143	posthoc_paired__mwu_padj	0.00035924736997416847	stats::p.adjust
c0143	posthoc_paired__mwu_rank_biserial	1	effectsize::rank_biserial
c0143	posthoc_corr__perfect_z	1.2753255989088381	rstatix::dunn_test
c0143	posthoc_corr__perfect_p	0.20219402066542563	stats::pnorm
c0143	posthoc_corr__perfect_padj	0.27991326630558327	stats::p.adjust
c0143	posthoc_corr__perfect_rank_biserial	0.47142857142857147	effectsize::rank_biserial
c0143	posthoc_corr__mwu_z	1.2161425788773854	rstatix::dunn_test
c0143	posthoc_corr__mwu_p	0.22393061304446663	stats::pnorm
c0143	posthoc_corr__mwu_padj	0.27991326630558327	stats::p.adjust
c0143	posthoc_corr__mwu_rank_biserial	0.60714285714285721	effectsize::rank_biserial
c0143	posthoc_perfect__mwu_z	0.2729054976618821	rstatix::dunn_test
c0143	posthoc_perfect__mwu_p	0.78492586036014123	stats::pnorm
c0143	posthoc_perfect__mwu_padj	0.78492586036014123	stats::p.adjust
c0143	posthoc_perfect__mwu_rank_biserial	0.19999999999999996	effectsize::rank_biserial
c0144	h	35.99613677230839	stats::kruskal.test
c0144	df	4	stats::kruskal.test
c0144	p	2.8989963037086576e-07	stats::kruskal.test
c0144	n	50	base::length
c0144	eta_squared	0.71102526160685309	rstatix::kruskal_effsize
c0144	eta_squared	0.71102526160685309	effectsize::rank_eta_squared
c0144	epsilon_squared	0.73461503616955892	effectsize::rank_epsilon_squared
c0145	h	35.99613677230839	stats::kruskal.test
c0145	df	4	stats::kruskal.test
c0145	p	2.8989963037086576e-07	stats::kruskal.test
c0145	n	50	base::length
c0145	eta_squared	0.71102526160685309	rstatix::kruskal_effsize
c0145	eta_squared	0.71102526160685309	effectsize::rank_eta_squared
c0145	epsilon_squared	0.73461503616955892	effectsize::rank_epsilon_squared
c0145	posthoc_corr__mwu_z	1.2161425788773854	rstatix::dunn_test
c0145	posthoc_corr__mwu_p	0.22393061304446663	stats::pnorm
c0145	posthoc_corr__mwu_padj	1	stats::p.adjust
c0145	posthoc_corr__mwu_rank_biserial	0.60714285714285721	effectsize::rank_biserial
c0145	posthoc_corr__paired_z	-3.9304638568036969	rstatix::dunn_test
c0145	posthoc_corr__paired_p	8.4782138173651817e-05	stats::pnorm
c0145	posthoc_corr__paired_padj	0.00084782138173651817	stats::p.adjust
c0145	posthoc_corr__paired_rank_biserial	-0.95238095238095233	effectsize::rank_biserial
c0145	posthoc_corr__perfect_z	1.2753255989088381	rstatix::dunn_test
c0145	posthoc_corr__perfect_p	0.20219402066542563	stats::pnorm
c0145	posthoc_corr__perfect_padj	1	stats::p.adjust
c0145	posthoc_corr__perfect_rank_biserial	0.47142857142857147	effectsize::rank_biserial
c0145	posthoc_corr__welch_z	-2.6158397739700798	rstatix::dunn_test
c0145	posthoc_corr__welch_p	0.0089008314325035587	stats::pnorm
c0145	posthoc_corr__welch_padj	0.089008314325035587	stats::p.adjust
c0145	posthoc_corr__welch_rank_biserial	-0.81428571428571428	effectsize::rank_biserial
c0145	posthoc_mwu__paired_z	-3.8723879855905809	rstatix::dunn_test
c0145	posthoc_mwu__paired_p	0.00010777421099225054	stats::pnorm
c0145	posthoc_mwu__paired_padj	0.0010777421099225054	stats::p.adjust
c0145	posthoc_mwu__paired_rank_biserial	-1	effectsize::rank_biserial
c0145	posthoc_mwu__perfect_z	-0.2729054976618821	rstatix::dunn_test
c0145	posthoc_mwu__perfect_p	0.78492586036014123	stats::pnorm
c0145	posthoc_mwu__perfect_padj	1	stats::p.adjust
c0145	posthoc_mwu__perfect_rank_biserial	-0.19999999999999996	effectsize::rank_biserial
c0145	posthoc_mwu__welch_z	-2.9961539743304506	rstatix::dunn_test
c0145	posthoc_mwu__welch_p	0.002734083409124614	stats::pnorm
c0145	posthoc_mwu__welch_padj	0.02734083409124614	stats::p.adjust
c0145	posthoc_mwu__welch_rank_biserial	-1	effectsize::rank_biserial
c0145	posthoc_paired__perfect_z	4.8444537616029644	rstatix::dunn_test
c0145	posthoc_paired__perfect_p	1.2696047946140164e-06	stats::pnorm
c0145	posthoc_paired__perfect_padj	1.2696047946140165e-05	stats::p.adjust
c0145	posthoc_paired__perfect_rank_biserial	1	effectsize::rank_biserial
c0145	posthoc_paired__welch_z	1.0817452644595082	rstatix::dunn_test
c0145	posthoc_paired__welch_p	0.27936573408149812	stats::pnorm
c0145	posthoc_paired__welch_padj	1	stats::p.adjust
c0145	posthoc_paired__welch_rank_biserial	0.52499999999999991	effectsize::rank_biserial
c0145	posthoc_perfect__welch_z	-3.6025191137502568	rstatix::dunn_test
c0145	posthoc_perfect__welch_p	0.00031514821938087361	stats::pnorm
c0145	posthoc_perfect__welch_padj	0.0031514821938087361	stats::p.adjust
c0145	posthoc_perfect__welch_rank_biserial	-1	effectsize::rank_biserial
c0146	h	35.99613677230839	stats::kruskal.test
c0146	df	4	stats::kruskal.test
c0146	p	2.8989963037086576e-07	stats::kruskal.test
c0146	n	50	base::length
c0146	eta_squared	0.71102526160685309	rstatix::kruskal_effsize
c0146	eta_squared	0.71102526160685309	effectsize::rank_eta_squared
c0146	epsilon_squared	0.73461503616955892	effectsize::rank_epsilon_squared
c0146	posthoc_corr__mwu_z	1.2161425788773854	rstatix::dunn_test
c0146	posthoc_corr__mwu_p	0.22393061304446663	stats::pnorm
c0146	posthoc_corr__mwu_padj	0.80877608266170253	stats::p.adjust
c0146	posthoc_corr__mwu_rank_biserial	0.60714285714285721	effectsize::rank_biserial
c0146	posthoc_corr__paired_z	-3.9304638568036969	rstatix::dunn_test
c0146	posthoc_corr__paired_p	8.4782138173651817e-05	stats::pnorm
c0146	posthoc_corr__paired_padj	0.00076303924356286635	stats::p.adjust
c0146	posthoc_corr__paired_rank_biserial	-0.95238095238095233	effectsize::rank_biserial
c0146	posthoc_corr__perfect_z	1.2753255989088381	rstatix::dunn_test
c0146	posthoc_corr__perfect_p	0.20219402066542563	stats::pnorm
c0146	posthoc_corr__perfect_padj	0.80877608266170253	stats::p.adjust
c0146	posthoc_corr__perfect_rank_biserial	0.47142857142857147	effectsize::rank_biserial
c0146	posthoc_corr__welch_z	-2.6158397739700798	rstatix::dunn_test
c0146	posthoc_corr__welch_p	0.0089008314325035587	stats::pnorm
c0146	posthoc_corr__welch_padj	0.044504157162517793	stats::p.adjust
c0146	posthoc_corr__welch_rank_biserial	-0.81428571428571428	effectsize::rank_biserial
c0146	posthoc_mwu__paired_z	-3.8723879855905809	rstatix::dunn_test
c0146	posthoc_mwu__paired_p	0.00010777421099225054	stats::pnorm
c0146	posthoc_mwu__paired_padj	0.00086219368793800434	stats::p.adjust
c0146	posthoc_mwu__paired_rank_biserial	-1	effectsize::rank_biserial
c0146	posthoc_mwu__perfect_z	-0.2729054976618821	rstatix::dunn_test
c0146	posthoc_mwu__perfect_p	0.78492586036014123	stats::pnorm
c0146	posthoc_mwu__perfect_padj	0.80877608266170253	stats::p.adjust
c0146	posthoc_mwu__perfect_rank_biserial	-0.19999999999999996	effectsize::rank_biserial
c0146	posthoc_mwu__welch_z	-2.9961539743304506	rstatix::dunn_test
c0146	posthoc_mwu__welch_p	0.002734083409124614	stats::pnorm
c0146	posthoc_mwu__welch_padj	0.016404500454747683	stats::p.adjust
c0146	posthoc_mwu__welch_rank_biserial	-1	effectsize::rank_biserial
c0146	posthoc_paired__perfect_z	4.8444537616029644	rstatix::dunn_test
c0146	posthoc_paired__perfect_p	1.2696047946140164e-06	stats::pnorm
c0146	posthoc_paired__perfect_padj	1.2696047946140165e-05	stats::p.adjust
c0146	posthoc_paired__perfect_rank_biserial	1	effectsize::rank_biserial
c0146	posthoc_paired__welch_z	1.0817452644595082	rstatix::dunn_test
c0146	posthoc_paired__welch_p	0.27936573408149812	stats::pnorm
c0146	posthoc_paired__welch_padj	0.80877608266170253	stats::p.adjust
c0146	posthoc_paired__welch_rank_biserial	0.52499999999999991	effectsize::rank_biserial
c0146	posthoc_perfect__welch_z	-3.6025191137502568	rstatix::dunn_test
c0146	posthoc_perfect__welch_p	0.00031514821938087361	stats::pnorm
c0146	posthoc_perfect__welch_padj	0.0022060375356661153	stats::p.adjust
c0146	posthoc_perfect__welch_rank_biserial	-1	effectsize::rank_biserial
c0147	h	35.99613677230839	stats::kruskal.test
c0147	df	4	stats::kruskal.test
c0147	p	2.8989963037086576e-07	stats::kruskal.test
c0147	n	50	base::length
c0147	eta_squared	0.71102526160685309	rstatix::kruskal_effsize
c0147	eta_squared	0.71102526160685309	effectsize::rank_eta_squared
c0147	epsilon_squared	0.73461503616955892	effectsize::rank_epsilon_squared
c0147	posthoc_corr__mwu_z	1.2161425788773854	rstatix::dunn_test
c0147	posthoc_corr__mwu_p	0.22393061304446663	stats::pnorm
c0147	posthoc_corr__mwu_padj	0.27991326630558327	stats::p.adjust
c0147	posthoc_corr__mwu_rank_biserial	0.60714285714285721	effectsize::rank_biserial
c0147	posthoc_corr__paired_z	-3.9304638568036969	rstatix::dunn_test
c0147	posthoc_corr__paired_p	8.4782138173651817e-05	stats::pnorm
c0147	posthoc_corr__paired_padj	0.00035924736997416847	stats::p.adjust
c0147	posthoc_corr__paired_rank_biserial	-0.95238095238095233	effectsize::rank_biserial
c0147	posthoc_corr__perfect_z	1.2753255989088381	rstatix::dunn_test
c0147	posthoc_corr__perfect_p	0.20219402066542563	stats::pnorm
c0147	posthoc_corr__perfect_padj	0.27991326630558327	stats::p.adjust
c0147	posthoc_corr__perfect_rank_biserial	0.47142857142857147	effectsize::rank_biserial
c0147	posthoc_corr__welch_z	-2.6158397739700798	rstatix::dunn_test
c0147	posthoc_corr__welch_p	0.0089008314325035587	stats::pnorm
c0147	posthoc_corr__welch_padj	0.014834719054172598	stats::p.adjust
c0147	posthoc_corr__welch_rank_biserial	-0.81428571428571428	effectsize::rank_biserial
c0147	posthoc_mwu__paired_z	-3.8723879855905809	rstatix::dunn_test
c0147	posthoc_mwu__paired_p	0.00010777421099225054	stats::pnorm
c0147	posthoc_mwu__paired_padj	0.00035924736997416847	stats::p.adjust
c0147	posthoc_mwu__paired_rank_biserial	-1	effectsize::rank_biserial
c0147	posthoc_mwu__perfect_z	-0.2729054976618821	rstatix::dunn_test
c0147	posthoc_mwu__perfect_p	0.78492586036014123	stats::pnorm
c0147	posthoc_mwu__perfect_padj	0.78492586036014123	stats::p.adjust
c0147	posthoc_mwu__perfect_rank_biserial	-0.19999999999999996	effectsize::rank_biserial
c0147	posthoc_mwu__welch_z	-2.9961539743304506	rstatix::dunn_test
c0147	posthoc_mwu__welch_p	0.002734083409124614	stats::pnorm
c0147	posthoc_mwu__welch_padj	0.0054681668182492279	stats::p.adjust
c0147	posthoc_mwu__welch_rank_biserial	-1	effectsize::rank_biserial
c0147	posthoc_paired__perfect_z	4.8444537616029644	rstatix::dunn_test
c0147	posthoc_paired__perfect_p	1.2696047946140164e-06	stats::pnorm
c0147	posthoc_paired__perfect_padj	1.2696047946140165e-05	stats::p.adjust
c0147	posthoc_paired__perfect_rank_biserial	1	effectsize::rank_biserial
c0147	posthoc_paired__welch_z	1.0817452644595082	rstatix::dunn_test
c0147	posthoc_paired__welch_p	0.27936573408149812	stats::pnorm
c0147	posthoc_paired__welch_padj	0.31040637120166459	stats::p.adjust
c0147	posthoc_paired__welch_rank_biserial	0.52499999999999991	effectsize::rank_biserial
c0147	posthoc_perfect__welch_z	-3.6025191137502568	rstatix::dunn_test
c0147	posthoc_perfect__welch_p	0.00031514821938087361	stats::pnorm
c0147	posthoc_perfect__welch_padj	0.00078787054845218404	stats::p.adjust
c0147	posthoc_perfect__welch_rank_biserial	-1	effectsize::rank_biserial
c0148	h	21.130409599391381	stats::kruskal.test
c0148	df	3	stats::kruskal.test
c0148	p	9.8910853244677874e-05	stats::kruskal.test
c0148	n	50	base::length
c0148	eta_squared	0.39413933911720395	rstatix::kruskal_effsize
c0148	eta_squared	0.39413933911720395	effectsize::rank_eta_squared
c0148	epsilon_squared	0.43123284896717107	effectsize::rank_epsilon_squared
c0149	h	21.130409599391381	stats::kruskal.test
c0149	df	3	stats::kruskal.test
c0149	p	9.8910853244677874e-05	stats::kruskal.test
c0149	n	50	base::length
c0149	eta_squared	0.39413933911720395	rstatix::kruskal_effsize
c0149	eta_squared	0.39413933911720395	effectsize::rank_eta_squared
c0149	epsilon_squared	0.43123284896717107	effectsize::rank_epsilon_squared
c0149	posthoc_a__b_z	-1.0509604508182437	rstatix::dunn_test
c0149	posthoc_a__b_p	0.2932767544258883	stats::pnorm
c0149	posthoc_a__b_padj	1	stats::p.adjust
c0149	posthoc_a__b_rank_biserial	-0.41420118343195261	effectsize::rank_biserial
c0149	posthoc_a__x_z	3.0220719536024148	rstatix::dunn_test
c0149	posthoc_a__x_p	0.002510508650630227	stats::pnorm
c0149	posthoc_a__x_padj	0.015063051903781363	stats::p.adjust
c0149	posthoc_a__x_rank_biserial	0.79487179487179493	effectsize::rank_biserial
c0149	posthoc_a__y_z	2.1639663388190575	rstatix::dunn_test
c0149	posthoc_a__y_p	0.030466932896690977	stats::pnorm
c0149	posthoc_a__y_padj	0.18280159738014587	stats::p.adjust
c0149	posthoc_a__y_rank_biserial	0.60256410256410264	effectsize::rank_biserial
c0149	posthoc_b__x_z	4.0517986913424444	rstatix::dunn_test
c0149	posthoc_b__x_p	5.0825387456918439e-05	stats::pnorm
c0149	posthoc_b__x_padj	0.00030495232474151064	stats::p.adjust
c0149	posthoc_b__x_rank_biserial	0.79487179487179493	effectsize::rank_biserial
c0149	posthoc_b__y_z	3.1936930765590872	rstatix::dunn_test
c0149	posthoc_b__y_p	0.0014046537129777433	stats::pnorm
c0149	posthoc_b__y_padj	0.0084279222778664599	stats::p.adjust
c0149	posthoc_b__y_rank_biserial	0.70512820512820507	effectsize::rank_biserial
c0149	posthoc_x__y_z	-0.84144178355843702	rstatix::dunn_test
c0149	posthoc_x__y_p	0.40010048592875197	stats::pnorm
c0149	posthoc_x__y_padj	1	stats::p.adjust
c0149	posthoc_x__y_rank_biserial	-0.26388888888888884	effectsize::rank_biserial
c0150	h	21.130409599391381	stats::kruskal.test
c0150	df	3	stats::kruskal.test
c0150	p	9.8910853244677874e-05	stats::kruskal.test
c0150	n	50	base::length
c0150	eta_squared	0.39413933911720395	rstatix::kruskal_effsize
c0150	eta_squared	0.39413933911720395	effectsize::rank_eta_squared
c0150	epsilon_squared	0.43123284896717107	effectsize::rank_epsilon_squared
c0150	posthoc_a__b_z	-1.0509604508182437	rstatix::dunn_test
c0150	posthoc_a__b_p	0.2932767544258883	stats::pnorm
c0150	posthoc_a__b_padj	0.58655350885177659	stats::p.adjust
c0150	posthoc_a__b_rank_biserial	-0.41420118343195261	effectsize::rank_biserial
c0150	posthoc_a__x_z	3.0220719536024148	rstatix::dunn_test
c0150	posthoc_a__x_p	0.002510508650630227	stats::pnorm
c0150	posthoc_a__x_padj	0.010042034602520908	stats::p.adjust
c0150	posthoc_a__x_rank_biserial	0.79487179487179493	effectsize::rank_biserial
c0150	posthoc_a__y_z	2.1639663388190575	rstatix::dunn_test
c0150	posthoc_a__y_p	0.030466932896690977	stats::pnorm
c0150	posthoc_a__y_padj	0.091400798690072935	stats::p.adjust
c0150	posthoc_a__y_rank_biserial	0.60256410256410264	effectsize::rank_biserial
c0150	posthoc_b__x_z	4.0517986913424444	rstatix::dunn_test
c0150	posthoc_b__x_p	5.0825387456918439e-05	stats::pnorm
c0150	posthoc_b__x_padj	0.00030495232474151064	stats::p.adjust
c0150	posthoc_b__x_rank_biserial	0.79487179487179493	effectsize::rank_biserial
c0150	posthoc_b__y_z	3.1936930765590872	rstatix::dunn_test
c0150	posthoc_b__y_p	0.0014046537129777433	stats::pnorm
c0150	posthoc_b__y_padj	0.0070232685648887166	stats::p.adjust
c0150	posthoc_b__y_rank_biserial	0.70512820512820507	effectsize::rank_biserial
c0150	posthoc_x__y_z	-0.84144178355843702	rstatix::dunn_test
c0150	posthoc_x__y_p	0.40010048592875197	stats::pnorm
c0150	posthoc_x__y_padj	0.58655350885177659	stats::p.adjust
c0150	posthoc_x__y_rank_biserial	-0.26388888888888884	effectsize::rank_biserial
c0151	h	21.130409599391381	stats::kruskal.test
c0151	df	3	stats::kruskal.test
c0151	p	9.8910853244677874e-05	stats::kruskal.test
c0151	n	50	base::length
c0151	eta_squared	0.39413933911720395	rstatix::kruskal_effsize
c0151	eta_squared	0.39413933911720395	effectsize::rank_eta_squared
c0151	epsilon_squared	0.43123284896717107	effectsize::rank_epsilon_squared
c0151	posthoc_a__b_z	-1.0509604508182437	rstatix::dunn_test
c0151	posthoc_a__b_p	0.2932767544258883	stats::pnorm
c0151	posthoc_a__b_padj	0.35193210531106595	stats::p.adjust
c0151	posthoc_a__b_rank_biserial	-0.41420118343195261	effectsize::rank_biserial
c0151	posthoc_a__x_z	3.0220719536024148	rstatix::dunn_test
c0151	posthoc_a__x_p	0.002510508650630227	stats::pnorm
c0151	posthoc_a__x_padj	0.0050210173012604541	stats::p.adjust
c0151	posthoc_a__x_rank_biserial	0.79487179487179493	effectsize::rank_biserial
c0151	posthoc_a__y_z	2.1639663388190575	rstatix::dunn_test
c0151	posthoc_a__y_p	0.030466932896690977	stats::pnorm
c0151	posthoc_a__y_padj	0.045700399345036467	stats::p.adjust
c0151	posthoc_a__y_rank_biserial	0.60256410256410264	effectsize::rank_biserial
c0151	posthoc_b__x_z	4.0517986913424444	rstatix::dunn_test
c0151	posthoc_b__x_p	5.0825387456918439e-05	stats::pnorm
c0151	posthoc_b__x_padj	0.00030495232474151064	stats::p.adjust
c0151	posthoc_b__x_rank_biserial	0.79487179487179493	effectsize::rank_biserial
c0151	posthoc_b__y_z	3.1936930765590872	rstatix::dunn_test
c0151	posthoc_b__y_p	0.0014046537129777433	stats::pnorm
c0151	posthoc_b__y_padj	0.0042139611389332299	stats::p.adjust
c0151	posthoc_b__y_rank_biserial	0.70512820512820507	effectsize::rank_biserial
c0151	posthoc_x__y_z	-0.84144178355843702	rstatix::dunn_test
c0151	posthoc_x__y_p	0.40010048592875197	stats::pnorm
c0151	posthoc_x__y_padj	0.40010048592875197	stats::p.adjust
c0151	posthoc_x__y_rank_biserial	-0.26388888888888884	effectsize::rank_biserial
c0152	h	21.130409599391381	stats::kruskal.test
c0152	df	3	stats::kruskal.test
c0152	p	9.8910853244677874e-05	stats::kruskal.test
c0152	n	50	base::length
c0152	eta_squared	0.39413933911720395	rstatix::kruskal_effsize
c0152	eta_squared	0.39413933911720395	effectsize::rank_eta_squared
c0152	epsilon_squared	0.43123284896717107	effectsize::rank_epsilon_squared
c0153	h	21.130409599391381	stats::kruskal.test
c0153	df	3	stats::kruskal.test
c0153	p	9.8910853244677874e-05	stats::kruskal.test
c0153	n	50	base::length
c0153	eta_squared	0.39413933911720395	rstatix::kruskal_effsize
c0153	eta_squared	0.39413933911720395	effectsize::rank_eta_squared
c0153	epsilon_squared	0.43123284896717107	effectsize::rank_epsilon_squared
c0153	posthoc_a__b_z	-1.0509604508182437	rstatix::dunn_test
c0153	posthoc_a__b_p	0.2932767544258883	stats::pnorm
c0153	posthoc_a__b_padj	1	stats::p.adjust
c0153	posthoc_a__b_rank_biserial	-0.41420118343195261	effectsize::rank_biserial
c0153	posthoc_a__x_z	3.0220719536024148	rstatix::dunn_test
c0153	posthoc_a__x_p	0.002510508650630227	stats::pnorm
c0153	posthoc_a__x_padj	0.015063051903781363	stats::p.adjust
c0153	posthoc_a__x_rank_biserial	0.79487179487179493	effectsize::rank_biserial
c0153	posthoc_a__y_z	2.1639663388190575	rstatix::dunn_test
c0153	posthoc_a__y_p	0.030466932896690977	stats::pnorm
c0153	posthoc_a__y_padj	0.18280159738014587	stats::p.adjust
c0153	posthoc_a__y_rank_biserial	0.60256410256410264	effectsize::rank_biserial
c0153	posthoc_b__x_z	4.0517986913424444	rstatix::dunn_test
c0153	posthoc_b__x_p	5.0825387456918439e-05	stats::pnorm
c0153	posthoc_b__x_padj	0.00030495232474151064	stats::p.adjust
c0153	posthoc_b__x_rank_biserial	0.79487179487179493	effectsize::rank_biserial
c0153	posthoc_b__y_z	3.1936930765590872	rstatix::dunn_test
c0153	posthoc_b__y_p	0.0014046537129777433	stats::pnorm
c0153	posthoc_b__y_padj	0.0084279222778664599	stats::p.adjust
c0153	posthoc_b__y_rank_biserial	0.70512820512820507	effectsize::rank_biserial
c0153	posthoc_x__y_z	-0.84144178355843702	rstatix::dunn_test
c0153	posthoc_x__y_p	0.40010048592875197	stats::pnorm
c0153	posthoc_x__y_padj	1	stats::p.adjust
c0153	posthoc_x__y_rank_biserial	-0.26388888888888884	effectsize::rank_biserial
c0154	h	21.130409599391381	stats::kruskal.test
c0154	df	3	stats::kruskal.test
c0154	p	9.8910853244677874e-05	stats::kruskal.test
c0154	n	50	base::length
c0154	eta_squared	0.39413933911720395	rstatix::kruskal_effsize
c0154	eta_squared	0.39413933911720395	effectsize::rank_eta_squared
c0154	epsilon_squared	0.43123284896717107	effectsize::rank_epsilon_squared
c0154	posthoc_a__b_z	-1.0509604508182437	rstatix::dunn_test
c0154	posthoc_a__b_p	0.2932767544258883	stats::pnorm
c0154	posthoc_a__b_padj	0.58655350885177659	stats::p.adjust
c0154	posthoc_a__b_rank_biserial	-0.41420118343195261	effectsize::rank_biserial
c0154	posthoc_a__x_z	3.0220719536024148	rstatix::dunn_test
c0154	posthoc_a__x_p	0.002510508650630227	stats::pnorm
c0154	posthoc_a__x_padj	0.010042034602520908	stats::p.adjust
c0154	posthoc_a__x_rank_biserial	0.79487179487179493	effectsize::rank_biserial
c0154	posthoc_a__y_z	2.1639663388190575	rstatix::dunn_test
c0154	posthoc_a__y_p	0.030466932896690977	stats::pnorm
c0154	posthoc_a__y_padj	0.091400798690072935	stats::p.adjust
c0154	posthoc_a__y_rank_biserial	0.60256410256410264	effectsize::rank_biserial
c0154	posthoc_b__x_z	4.0517986913424444	rstatix::dunn_test
c0154	posthoc_b__x_p	5.0825387456918439e-05	stats::pnorm
c0154	posthoc_b__x_padj	0.00030495232474151064	stats::p.adjust
c0154	posthoc_b__x_rank_biserial	0.79487179487179493	effectsize::rank_biserial
c0154	posthoc_b__y_z	3.1936930765590872	rstatix::dunn_test
c0154	posthoc_b__y_p	0.0014046537129777433	stats::pnorm
c0154	posthoc_b__y_padj	0.0070232685648887166	stats::p.adjust
c0154	posthoc_b__y_rank_biserial	0.70512820512820507	effectsize::rank_biserial
c0154	posthoc_x__y_z	-0.84144178355843702	rstatix::dunn_test
c0154	posthoc_x__y_p	0.40010048592875197	stats::pnorm
c0154	posthoc_x__y_padj	0.58655350885177659	stats::p.adjust
c0154	posthoc_x__y_rank_biserial	-0.26388888888888884	effectsize::rank_biserial
c0155	h	21.130409599391381	stats::kruskal.test
c0155	df	3	stats::kruskal.test
c0155	p	9.8910853244677874e-05	stats::kruskal.test
c0155	n	50	base::length
c0155	eta_squared	0.39413933911720395	rstatix::kruskal_effsize
c0155	eta_squared	0.39413933911720395	effectsize::rank_eta_squared
c0155	epsilon_squared	0.43123284896717107	effectsize::rank_epsilon_squared
c0155	posthoc_a__b_z	-1.0509604508182437	rstatix::dunn_test
c0155	posthoc_a__b_p	0.2932767544258883	stats::pnorm
c0155	posthoc_a__b_padj	0.35193210531106595	stats::p.adjust
c0155	posthoc_a__b_rank_biserial	-0.41420118343195261	effectsize::rank_biserial
c0155	posthoc_a__x_z	3.0220719536024148	rstatix::dunn_test
c0155	posthoc_a__x_p	0.002510508650630227	stats::pnorm
c0155	posthoc_a__x_padj	0.0050210173012604541	stats::p.adjust
c0155	posthoc_a__x_rank_biserial	0.79487179487179493	effectsize::rank_biserial
c0155	posthoc_a__y_z	2.1639663388190575	rstatix::dunn_test
c0155	posthoc_a__y_p	0.030466932896690977	stats::pnorm
c0155	posthoc_a__y_padj	0.045700399345036467	stats::p.adjust
c0155	posthoc_a__y_rank_biserial	0.60256410256410264	effectsize::rank_biserial
c0155	posthoc_b__x_z	4.0517986913424444	rstatix::dunn_test
c0155	posthoc_b__x_p	5.0825387456918439e-05	stats::pnorm
c0155	posthoc_b__x_padj	0.00030495232474151064	stats::p.adjust
c0155	posthoc_b__x_rank_biserial	0.79487179487179493	effectsize::rank_biserial
c0155	posthoc_b__y_z	3.1936930765590872	rstatix::dunn_test
c0155	posthoc_b__y_p	0.0014046537129777433	stats::pnorm
c0155	posthoc_b__y_padj	0.0042139611389332299	stats::p.adjust
c0155	posthoc_b__y_rank_biserial	0.70512820512820507	effectsize::rank_biserial
c0155	posthoc_x__y_z	-0.84144178355843702	rstatix::dunn_test
c0155	posthoc_x__y_p	0.40010048592875197	stats::pnorm
c0155	posthoc_x__y_padj	0.40010048592875197	stats::p.adjust
c0155	posthoc_x__y_rank_biserial	-0.26388888888888884	effectsize::rank_biserial
c0157	n	45	base::length
c0157	k	3	base::length
c0157	posthoc_soprano__mezzo_diff	6.0669593010871097	rstatix::t_test
c0157	posthoc_soprano__mezzo_ci_low	2.888870328906961	rstatix::t_test
c0157	posthoc_soprano__mezzo_ci_high	9.2450482732672583	rstatix::t_test
c0157	posthoc_soprano__mezzo_p	4.5595291029344707e-05	stats::t.test
c0157	posthoc_soprano__mezzo_padj	0.00013678587308803411	stats::p.adjust
c0157	posthoc_soprano__mezzo_padj_ptt	0.00013678587308803411	stats::pairwise.t.test
c0157	posthoc_soprano__mezzo_df	25.973232798749255	rstatix::t_test
c0157	posthoc_soprano__mezzo_t	4.885356132267499	rstatix::t_test
c0157	posthoc_soprano__mezzo_cohens_d	1.7838798367260675	effectsize::cohens_d
c0157	posthoc_soprano__alto_diff	8.740701015662026	rstatix::t_test
c0157	posthoc_soprano__alto_ci_low	4.7711531375498373	rstatix::t_test
c0157	posthoc_soprano__alto_ci_high	12.710248893774216	rstatix::t_test
c0157	posthoc_soprano__alto_p	9.8066456647980642e-06	stats::t.test
c0157	posthoc_soprano__alto_padj	2.9419936994394194e-05	stats::p.adjust
c0157	posthoc_soprano__alto_padj_ptt	2.9419936994394194e-05	stats::pairwise.t.test
c0157	posthoc_soprano__alto_df	21.929060728962583	rstatix::t_test
c0157	posthoc_soprano__alto_t	5.7072005196811375	rstatix::t_test
c0157	posthoc_soprano__alto_cohens_d	2.0839749765563771	effectsize::cohens_d
c0157	posthoc_mezzo__alto_diff	2.6737417145749163	rstatix::t_test
c0157	posthoc_mezzo__alto_ci_low	-1.5919283797935799	rstatix::t_test
c0157	posthoc_mezzo__alto_ci_high	6.9394118089434134	rstatix::t_test
c0157	posthoc_mezzo__alto_p	0.12072603934960449	stats::t.test
c0157	posthoc_mezzo__alto_padj	0.3621781180488135	stats::p.adjust
c0157	posthoc_mezzo__alto_padj_ptt	0.3621781180488135	stats::pairwise.t.test
c0157	posthoc_mezzo__alto_df	25.836932652512594	rstatix::t_test
c0157	posthoc_mezzo__alto_t	1.6046513157500175	rstatix::t_test
c0157	posthoc_mezzo__alto_cohens_d	0.58593581504441961	effectsize::cohens_d
c0158	n	45	base::length
c0158	k	3	base::length
c0158	posthoc_soprano__mezzo_diff	6.0669593010871097	rstatix::t_test
c0158	posthoc_soprano__mezzo_p	4.5595291029344707e-05	stats::t.test
c0158	posthoc_soprano__mezzo_padj	9.1190582058689413e-05	stats::p.adjust
c0158	posthoc_soprano__mezzo_padj_ptt	9.1190582058689413e-05	stats::pairwise.t.test
c0158	posthoc_soprano__mezzo_df	25.973232798749255	rstatix::t_test
c0158	posthoc_soprano__mezzo_t	4.885356132267499	rstatix::t_test
c0158	posthoc_soprano__mezzo_cohens_d	1.7838798367260675	effectsize::cohens_d
c0158	posthoc_soprano__alto_diff	8.740701015662026	rstatix::t_test
c0158	posthoc_soprano__alto_p	9.8066456647980642e-06	stats::t.test
c0158	posthoc_soprano__alto_padj	2.9419936994394194e-05	stats::p.adjust
c0158	posthoc_soprano__alto_padj_ptt	2.9419936994394194e-05	stats::pairwise.t.test
c0158	posthoc_soprano__alto_df	21.929060728962583	rstatix::t_test
c0158	posthoc_soprano__alto_t	5.7072005196811375	rstatix::t_test
c0158	posthoc_soprano__alto_cohens_d	2.0839749765563771	effectsize::cohens_d
c0158	posthoc_mezzo__alto_diff	2.6737417145749163	rstatix::t_test
c0158	posthoc_mezzo__alto_p	0.12072603934960449	stats::t.test
c0158	posthoc_mezzo__alto_padj	0.12072603934960449	stats::p.adjust
c0158	posthoc_mezzo__alto_padj_ptt	0.12072603934960449	stats::pairwise.t.test
c0158	posthoc_mezzo__alto_df	25.836932652512594	rstatix::t_test
c0158	posthoc_mezzo__alto_t	1.6046513157500175	rstatix::t_test
c0158	posthoc_mezzo__alto_cohens_d	0.58593581504441961	effectsize::cohens_d
c0159	n	45	base::length
c0159	k	3	base::length
c0159	posthoc_soprano__mezzo_diff	6.0669593010871097	rstatix::t_test
c0159	posthoc_soprano__mezzo_p	4.5595291029344707e-05	stats::t.test
c0159	posthoc_soprano__mezzo_padj	6.8392936544017053e-05	stats::p.adjust
c0159	posthoc_soprano__mezzo_padj_ptt	6.8392936544017053e-05	stats::pairwise.t.test
c0159	posthoc_soprano__mezzo_df	25.973232798749255	rstatix::t_test
c0159	posthoc_soprano__mezzo_t	4.885356132267499	rstatix::t_test
c0159	posthoc_soprano__mezzo_cohens_d	1.7838798367260675	effectsize::cohens_d
c0159	posthoc_soprano__alto_diff	8.740701015662026	rstatix::t_test
c0159	posthoc_soprano__alto_p	9.8066456647980642e-06	stats::t.test
c0159	posthoc_soprano__alto_padj	2.9419936994394194e-05	stats::p.adjust
c0159	posthoc_soprano__alto_padj_ptt	2.9419936994394194e-05	stats::pairwise.t.test
c0159	posthoc_soprano__alto_df	21.929060728962583	rstatix::t_test
c0159	posthoc_soprano__alto_t	5.7072005196811375	rstatix::t_test
c0159	posthoc_soprano__alto_cohens_d	2.0839749765563771	effectsize::cohens_d
c0159	posthoc_mezzo__alto_diff	2.6737417145749163	rstatix::t_test
c0159	posthoc_mezzo__alto_p	0.12072603934960449	stats::t.test
c0159	posthoc_mezzo__alto_padj	0.12072603934960449	stats::p.adjust
c0159	posthoc_mezzo__alto_padj_ptt	0.12072603934960449	stats::pairwise.t.test
c0159	posthoc_mezzo__alto_df	25.836932652512594	rstatix::t_test
c0159	posthoc_mezzo__alto_t	1.6046513157500175	rstatix::t_test
c0159	posthoc_mezzo__alto_cohens_d	0.58593581504441961	effectsize::cohens_d
c0160	n	45	base::length
c0160	k	3	base::length
c0160	posthoc_soprano__mezzo_diff	6.0669593010871097	rstatix::t_test
c0160	posthoc_soprano__mezzo_ci_low	2.9045898749974097	rstatix::t_test
c0160	posthoc_soprano__mezzo_ci_high	9.2293287271768101	rstatix::t_test
c0160	posthoc_soprano__mezzo_p	3.7944143507642484e-05	stats::t.test
c0160	posthoc_soprano__mezzo_padj	0.00011383243052292745	stats::p.adjust
c0160	posthoc_soprano__mezzo_padj_ptt	0.00013678587308803411	stats::pairwise.t.test
c0160	posthoc_soprano__mezzo_df	28	rstatix::t_test
c0160	posthoc_soprano__mezzo_t	4.885356132267499	rstatix::t_test
c0160	posthoc_soprano__mezzo_cohens_d	1.7838798367260675	effectsize::cohens_d
c0160	posthoc_soprano__alto_diff	8.740701015662026	rstatix::t_test
c0160	posthoc_soprano__alto_ci_low	4.8407344589677024	rstatix::t_test
c0160	posthoc_soprano__alto_ci_high	12.64066757235635	rstatix::t_test
c0160	posthoc_soprano__alto_p	4.035360840996418e-06	stats::t.test
c0160	posthoc_soprano__alto_padj	1.2106082522989255e-05	stats::p.adjust
c0160	posthoc_soprano__alto_padj_ptt	2.9419936994394194e-05	stats::pairwise.t.test
c0160	posthoc_soprano__alto_df	28	rstatix::t_test
c0160	posthoc_soprano__alto_t	5.7072005196811375	rstatix::t_test
c0160	posthoc_soprano__alto_cohens_d	2.0839749765563771	effectsize::cohens_d
c0160	posthoc_mezzo__alto_diff	2.6737417145749163	rstatix::t_test
c0160	posthoc_mezzo__alto_ci_low	-1.5692924100566918	rstatix::t_test
c0160	posthoc_mezzo__alto_ci_high	6.9167758392065251	rstatix::t_test
c0160	posthoc_mezzo__alto_p	0.11979211356272496	stats::t.test
c0160	posthoc_mezzo__alto_padj	0.35937634068817487	stats::p.adjust
c0160	posthoc_mezzo__alto_padj_ptt	0.3621781180488135	stats::pairwise.t.test
c0160	posthoc_mezzo__alto_df	28	rstatix::t_test
c0160	posthoc_mezzo__alto_t	1.6046513157500175	rstatix::t_test
c0160	posthoc_mezzo__alto_cohens_d	0.58593581504441961	effectsize::cohens_d
c0161	n	45	base::length
c0161	k	3	base::length
c0161	posthoc_soprano__mezzo_diff	6.0669593010871097	rstatix::t_test
c0161	posthoc_soprano__mezzo_p	3.7944143507642484e-05	stats::t.test
c0161	posthoc_soprano__mezzo_padj	7.5888287015284968e-05	stats::p.adjust
c0161	posthoc_soprano__mezzo_padj_ptt	9.1190582058689413e-05	stats::pairwise.t.test
c0161	posthoc_soprano__mezzo_df	28	rstatix::t_test
c0161	posthoc_soprano__mezzo_t	4.885356132267499	rstatix::t_test
c0161	posthoc_soprano__mezzo_cohens_d	1.7838798367260675	effectsize::cohens_d
c0161	posthoc_soprano__alto_diff	8.740701015662026	rstatix::t_test
c0161	posthoc_soprano__alto_p	4.035360840996418e-06	stats::t.test
c0161	posthoc_soprano__alto_padj	1.2106082522989255e-05	stats::p.adjust
c0161	posthoc_soprano__alto_padj_ptt	2.9419936994394194e-05	stats::pairwise.t.test
c0161	posthoc_soprano__alto_df	28	rstatix::t_test
c0161	posthoc_soprano__alto_t	5.7072005196811375	rstatix::t_test
c0161	posthoc_soprano__alto_cohens_d	2.0839749765563771	effectsize::cohens_d
c0161	posthoc_mezzo__alto_diff	2.6737417145749163	rstatix::t_test
c0161	posthoc_mezzo__alto_p	0.11979211356272496	stats::t.test
c0161	posthoc_mezzo__alto_padj	0.11979211356272496	stats::p.adjust
c0161	posthoc_mezzo__alto_padj_ptt	0.12072603934960449	stats::pairwise.t.test
c0161	posthoc_mezzo__alto_df	28	rstatix::t_test
c0161	posthoc_mezzo__alto_t	1.6046513157500175	rstatix::t_test
c0161	posthoc_mezzo__alto_cohens_d	0.58593581504441961	effectsize::cohens_d
c0162	n	45	base::length
c0162	k	3	base::length
c0162	posthoc_soprano__mezzo_diff	6.0669593010871097	rstatix::t_test
c0162	posthoc_soprano__mezzo_p	3.7944143507642484e-05	stats::t.test
c0162	posthoc_soprano__mezzo_padj	5.6916215261463726e-05	stats::p.adjust
c0162	posthoc_soprano__mezzo_padj_ptt	6.8392936544017053e-05	stats::pairwise.t.test
c0162	posthoc_soprano__mezzo_df	28	rstatix::t_test
c0162	posthoc_soprano__mezzo_t	4.885356132267499	rstatix::t_test
c0162	posthoc_soprano__mezzo_cohens_d	1.7838798367260675	effectsize::cohens_d
c0162	posthoc_soprano__alto_diff	8.740701015662026	rstatix::t_test
c0162	posthoc_soprano__alto_p	4.035360840996418e-06	stats::t.test
c0162	posthoc_soprano__alto_padj	1.2106082522989255e-05	stats::p.adjust
c0162	posthoc_soprano__alto_padj_ptt	2.9419936994394194e-05	stats::pairwise.t.test
c0162	posthoc_soprano__alto_df	28	rstatix::t_test
c0162	posthoc_soprano__alto_t	5.7072005196811375	rstatix::t_test
c0162	posthoc_soprano__alto_cohens_d	2.0839749765563771	effectsize::cohens_d
c0162	posthoc_mezzo__alto_diff	2.6737417145749163	rstatix::t_test
c0162	posthoc_mezzo__alto_p	0.11979211356272496	stats::t.test
c0162	posthoc_mezzo__alto_padj	0.11979211356272496	stats::p.adjust
c0162	posthoc_mezzo__alto_padj_ptt	0.12072603934960449	stats::pairwise.t.test
c0162	posthoc_mezzo__alto_df	28	rstatix::t_test
c0162	posthoc_mezzo__alto_t	1.6046513157500175	rstatix::t_test
c0162	posthoc_mezzo__alto_cohens_d	0.58593581504441961	effectsize::cohens_d
c0163	n	45	base::length
c0163	k	3	base::length
c0163	posthoc_soprano__mezzo_diff	5.366045374070282	stats::median
c0163	posthoc_soprano__mezzo_diff_wilcoxest	5.366045374070282	rstatix::wilcox_test
c0163	posthoc_soprano__mezzo_ci_low	2.397453815657002	rstatix::wilcox_test
c0163	posthoc_soprano__mezzo_ci_high	8.9076644758358157	rstatix::wilcox_test
c0163	posthoc_soprano__mezzo_p	1.1771719919194169e-05	stats::wilcox.test
c0163	posthoc_soprano__mezzo_padj	3.5315159757582505e-05	stats::p.adjust
c0163	posthoc_soprano__mezzo_u	209	stats::wilcox.test
c0163	posthoc_soprano__mezzo_rank_biserial	0.85777777777777775	effectsize::rank_biserial
c0163	posthoc_soprano__alto_diff	8.9337636586526656	stats::median
c0163	posthoc_soprano__alto_diff_wilcoxest	8.9337636586526656	rstatix::wilcox_test
c0163	posthoc_soprano__alto_ci_low	4.1021886051323833	rstatix::wilcox_test
c0163	posthoc_soprano__alto_ci_high	13.004944793208296	rstatix::wilcox_test
c0163	posthoc_soprano__alto_p	8.8191198518387855e-06	stats::wilcox.test
c0163	posthoc_soprano__alto_padj	2.6457359555516356e-05	stats::p.adjust
c0163	posthoc_soprano__alto_u	210	stats::wilcox.test
c0163	posthoc_soprano__alto_rank_biserial	0.8666666666666667	effectsize::rank_biserial
c0163	posthoc_mezzo__alto_diff	2.9063837146481291	stats::median
c0163	posthoc_mezzo__alto_diff_wilcoxest	2.9063837146481291	rstatix::wilcox_test
c0163	posthoc_mezzo__alto_ci_low	-1.8072110847671752	rstatix::wilcox_test
c0163	posthoc_mezzo__alto_ci_high	7.8610259914845244	rstatix::wilcox_test
c0163	posthoc_mezzo__alto_p	0.16068547253720922	stats::wilcox.test
c0163	posthoc_mezzo__alto_padj	0.48205641761162765	stats::p.adjust
c0163	posthoc_mezzo__alto_u	147	stats::wilcox.test
c0163	posthoc_mezzo__alto_rank_biserial	0.30666666666666664	effectsize::rank_biserial
c0164	n	45	base::length
c0164	k	3	base::length
c0164	posthoc_soprano__mezzo_diff	5.366045374070282	stats::median
c0164	posthoc_soprano__mezzo_diff_wilcoxest	5.366045374070282	rstatix::wilcox_test
c0164	posthoc_soprano__mezzo_p	1.1771719919194169e-05	stats::wilcox.test
c0164	posthoc_soprano__mezzo_padj	2.6457359555516356e-05	stats::p.adjust
c0164	posthoc_soprano__mezzo_u	209	stats::wilcox.test
c0164	posthoc_soprano__mezzo_rank_biserial	0.85777777777777775	effectsize::rank_biserial
c0164	posthoc_soprano__alto_diff	8.9337636586526656	stats::median
c0164	posthoc_soprano__alto_diff_wilcoxest	8.9337636586526656	rstatix::wilcox_test
c0164	posthoc_soprano__alto_p	8.8191198518387855e-06	stats::wilcox.test
c0164	posthoc_soprano__alto_padj	2.6457359555516356e-05	stats::p.adjust
c0164	posthoc_soprano__alto_u	210	stats::wilcox.test
c0164	posthoc_soprano__alto_rank_biserial	0.8666666666666667	effectsize::rank_biserial
c0164	posthoc_mezzo__alto_diff	2.9063837146481291	stats::median
c0164	posthoc_mezzo__alto_diff_wilcoxest	2.9063837146481291	rstatix::wilcox_test
c0164	posthoc_mezzo__alto_p	0.16068547253720922	stats::wilcox.test
c0164	posthoc_mezzo__alto_padj	0.16068547253720922	stats::p.adjust
c0164	posthoc_mezzo__alto_u	147	stats::wilcox.test
c0164	posthoc_mezzo__alto_rank_biserial	0.30666666666666664	effectsize::rank_biserial
c0165	n	45	base::length
c0165	k	3	base::length
c0165	posthoc_soprano__mezzo_diff	5.366045374070282	stats::median
c0165	posthoc_soprano__mezzo_diff_wilcoxest	5.366045374070282	rstatix::wilcox_test
c0165	posthoc_soprano__mezzo_p	1.1771719919194169e-05	stats::wilcox.test
c0165	posthoc_soprano__mezzo_padj	1.7657579878791253e-05	stats::p.adjust
c0165	posthoc_soprano__mezzo_u	209	stats::wilcox.test
c0165	posthoc_soprano__mezzo_rank_biserial	0.85777777777777775	effectsize::rank_biserial
c0165	posthoc_soprano__alto_diff	8.9337636586526656	stats::median
c0165	posthoc_soprano__alto_diff_wilcoxest	8.9337636586526656	rstatix::wilcox_test
c0165	posthoc_soprano__alto_p	8.8191198518387855e-06	stats::wilcox.test
c0165	posthoc_soprano__alto_padj	1.7657579878791253e-05	stats::p.adjust
c0165	posthoc_soprano__alto_u	210	stats::wilcox.test
c0165	posthoc_soprano__alto_rank_biserial	0.8666666666666667	effectsize::rank_biserial
c0165	posthoc_mezzo__alto_diff	2.9063837146481291	stats::median
c0165	posthoc_mezzo__alto_diff_wilcoxest	2.9063837146481291	rstatix::wilcox_test
c0165	posthoc_mezzo__alto_p	0.16068547253720922	stats::wilcox.test
c0165	posthoc_mezzo__alto_padj	0.16068547253720922	stats::p.adjust
c0165	posthoc_mezzo__alto_u	147	stats::wilcox.test
c0165	posthoc_mezzo__alto_rank_biserial	0.30666666666666664	effectsize::rank_biserial
c0166	n	45	base::length
c0166	k	3	base::length
c0166	posthoc_soprano__mezzo_diff	6.0669593010871097	stats::mean
c0166	posthoc_soprano__mezzo_f	8.284911798914516	stats::pf
c0166	posthoc_soprano__mezzo_padj	0.00092700667672630278	stats::pf
c0166	posthoc_soprano__mezzo_ci_low	2.2847010308495901	stats::qf
c0166	posthoc_soprano__mezzo_ci_high	9.8492175713246297	stats::qf
c0166	posthoc_soprano__alto_diff	8.740701015662026	stats::mean
c0166	posthoc_soprano__alto_f	17.196428414585661	stats::pf
c0166	posthoc_soprano__alto_padj	3.5004777216961465e-06	stats::pf
c0166	posthoc_soprano__alto_ci_low	4.9584427454245059	stats::qf
c0166	posthoc_soprano__alto_ci_high	12.522959285899546	stats::qf
c0166	posthoc_mezzo__alto_diff	2.6737417145749163	stats::mean
c0166	posthoc_mezzo__alto_f	1.6091059090878987	stats::pf
c0166	posthoc_mezzo__alto_padj	0.21215537358434722	stats::pf
c0166	posthoc_mezzo__alto_ci_low	-1.1085165556626033	stats::qf
c0166	posthoc_mezzo__alto_ci_high	6.4559999848124363	stats::qf
c0167	n	45	base::length
c0167	k	3	base::length
c0167	posthoc_alto__mezzo_diff	-2.6737417145749163	rstatix::t_test
c0167	posthoc_alto__mezzo_ci_low	-6.9394118089434134	rstatix::t_test
c0167	posthoc_alto__mezzo_ci_high	1.5919283797935799	rstatix::t_test
c0167	posthoc_alto__mezzo_p	0.12072603934960449	stats::t.test
c0167	posthoc_alto__mezzo_padj	0.3621781180488135	stats::p.adjust
c0167	posthoc_alto__mezzo_padj_ptt	0.3621781180488135	stats::pairwise.t.test
c0167	posthoc_alto__mezzo_df	25.836932652512594	rstatix::t_test
c0167	posthoc_alto__mezzo_t	-1.6046513157500175	rstatix::t_test
c0167	posthoc_alto__mezzo_cohens_d	-0.58593581504441961	effectsize::cohens_d
c0167	posthoc_alto__soprano_diff	-8.740701015662026	rstatix::t_test
c0167	posthoc_alto__soprano_ci_low	-12.710248893774216	rstatix::t_test
c0167	posthoc_alto__soprano_ci_high	-4.7711531375498373	rstatix::t_test
c0167	posthoc_alto__soprano_p	9.8066456647980642e-06	stats::t.test
c0167	posthoc_alto__soprano_padj	2.9419936994394194e-05	stats::p.adjust
c0167	posthoc_alto__soprano_padj_ptt	2.9419936994394194e-05	stats::pairwise.t.test
c0167	posthoc_alto__soprano_df	21.929060728962583	rstatix::t_test
c0167	posthoc_alto__soprano_t	-5.7072005196811375	rstatix::t_test
c0167	posthoc_alto__soprano_cohens_d	-2.0839749765563771	effectsize::cohens_d
c0167	posthoc_mezzo__soprano_diff	-6.0669593010871097	rstatix::t_test
c0167	posthoc_mezzo__soprano_ci_low	-9.2450482732672583	rstatix::t_test
c0167	posthoc_mezzo__soprano_ci_high	-2.888870328906961	rstatix::t_test
c0167	posthoc_mezzo__soprano_p	4.5595291029344707e-05	stats::t.test
c0167	posthoc_mezzo__soprano_padj	0.00013678587308803411	stats::p.adjust
c0167	posthoc_mezzo__soprano_padj_ptt	0.00013678587308803411	stats::pairwise.t.test
c0167	posthoc_mezzo__soprano_df	25.973232798749255	rstatix::t_test
c0167	posthoc_mezzo__soprano_t	-4.885356132267499	rstatix::t_test
c0167	posthoc_mezzo__soprano_cohens_d	-1.7838798367260675	effectsize::cohens_d
c0168	n	45	base::length
c0168	k	3	base::length
c0168	posthoc_alto__mezzo_diff	-2.6737417145749163	rstatix::t_test
c0168	posthoc_alto__mezzo_p	0.12072603934960449	stats::t.test
c0168	posthoc_alto__mezzo_padj	0.12072603934960449	stats::p.adjust
c0168	posthoc_alto__mezzo_padj_ptt	0.12072603934960449	stats::pairwise.t.test
c0168	posthoc_alto__mezzo_df	25.836932652512594	rstatix::t_test
c0168	posthoc_alto__mezzo_t	-1.6046513157500175	rstatix::t_test
c0168	posthoc_alto__mezzo_cohens_d	-0.58593581504441961	effectsize::cohens_d
c0168	posthoc_alto__soprano_diff	-8.740701015662026	rstatix::t_test
c0168	posthoc_alto__soprano_p	9.8066456647980642e-06	stats::t.test
c0168	posthoc_alto__soprano_padj	2.9419936994394194e-05	stats::p.adjust
c0168	posthoc_alto__soprano_padj_ptt	2.9419936994394194e-05	stats::pairwise.t.test
c0168	posthoc_alto__soprano_df	21.929060728962583	rstatix::t_test
c0168	posthoc_alto__soprano_t	-5.7072005196811375	rstatix::t_test
c0168	posthoc_alto__soprano_cohens_d	-2.0839749765563771	effectsize::cohens_d
c0168	posthoc_mezzo__soprano_diff	-6.0669593010871097	rstatix::t_test
c0168	posthoc_mezzo__soprano_p	4.5595291029344707e-05	stats::t.test
c0168	posthoc_mezzo__soprano_padj	9.1190582058689413e-05	stats::p.adjust
c0168	posthoc_mezzo__soprano_padj_ptt	9.1190582058689413e-05	stats::pairwise.t.test
c0168	posthoc_mezzo__soprano_df	25.973232798749255	rstatix::t_test
c0168	posthoc_mezzo__soprano_t	-4.885356132267499	rstatix::t_test
c0168	posthoc_mezzo__soprano_cohens_d	-1.7838798367260675	effectsize::cohens_d
c0169	n	45	base::length
c0169	k	3	base::length
c0169	posthoc_alto__mezzo_diff	-2.6737417145749163	rstatix::t_test
c0169	posthoc_alto__mezzo_p	0.12072603934960449	stats::t.test
c0169	posthoc_alto__mezzo_padj	0.12072603934960449	stats::p.adjust
c0169	posthoc_alto__mezzo_padj_ptt	0.12072603934960449	stats::pairwise.t.test
c0169	posthoc_alto__mezzo_df	25.836932652512594	rstatix::t_test
c0169	posthoc_alto__mezzo_t	-1.6046513157500175	rstatix::t_test
c0169	posthoc_alto__mezzo_cohens_d	-0.58593581504441961	effectsize::cohens_d
c0169	posthoc_alto__soprano_diff	-8.740701015662026	rstatix::t_test
c0169	posthoc_alto__soprano_p	9.8066456647980642e-06	stats::t.test
c0169	posthoc_alto__soprano_padj	2.9419936994394194e-05	stats::p.adjust
c0169	posthoc_alto__soprano_padj_ptt	2.9419936994394194e-05	stats::pairwise.t.test
c0169	posthoc_alto__soprano_df	21.929060728962583	rstatix::t_test
c0169	posthoc_alto__soprano_t	-5.7072005196811375	rstatix::t_test
c0169	posthoc_alto__soprano_cohens_d	-2.0839749765563771	effectsize::cohens_d
c0169	posthoc_mezzo__soprano_diff	-6.0669593010871097	rstatix::t_test
c0169	posthoc_mezzo__soprano_p	4.5595291029344707e-05	stats::t.test
c0169	posthoc_mezzo__soprano_padj	6.8392936544017053e-05	stats::p.adjust
c0169	posthoc_mezzo__soprano_padj_ptt	6.8392936544017053e-05	stats::pairwise.t.test
c0169	posthoc_mezzo__soprano_df	25.973232798749255	rstatix::t_test
c0169	posthoc_mezzo__soprano_t	-4.885356132267499	rstatix::t_test
c0169	posthoc_mezzo__soprano_cohens_d	-1.7838798367260675	effectsize::cohens_d
c0170	n	45	base::length
c0170	k	3	base::length
c0170	posthoc_alto__mezzo_diff	-2.6737417145749163	rstatix::t_test
c0170	posthoc_alto__mezzo_ci_low	-6.9167758392065251	rstatix::t_test
c0170	posthoc_alto__mezzo_ci_high	1.5692924100566918	rstatix::t_test
c0170	posthoc_alto__mezzo_p	0.11979211356272496	stats::t.test
c0170	posthoc_alto__mezzo_padj	0.35937634068817487	stats::p.adjust
c0170	posthoc_alto__mezzo_padj_ptt	0.3621781180488135	stats::pairwise.t.test
c0170	posthoc_alto__mezzo_df	28	rstatix::t_test
c0170	posthoc_alto__mezzo_t	-1.6046513157500175	rstatix::t_test
c0170	posthoc_alto__mezzo_cohens_d	-0.58593581504441961	effectsize::cohens_d
c0170	posthoc_alto__soprano_diff	-8.740701015662026	rstatix::t_test
c0170	posthoc_alto__soprano_ci_low	-12.64066757235635	rstatix::t_test
c0170	posthoc_alto__soprano_ci_high	-4.8407344589677024	rstatix::t_test
c0170	posthoc_alto__soprano_p	4.035360840996418e-06	stats::t.test
c0170	posthoc_alto__soprano_padj	1.2106082522989255e-05	stats::p.adjust
c0170	posthoc_alto__soprano_padj_ptt	2.9419936994394194e-05	stats::pairwise.t.test
c0170	posthoc_alto__soprano_df	28	rstatix::t_test
c0170	posthoc_alto__soprano_t	-5.7072005196811375	rstatix::t_test
c0170	posthoc_alto__soprano_cohens_d	-2.0839749765563771	effectsize::cohens_d
c0170	posthoc_mezzo__soprano_diff	-6.0669593010871097	rstatix::t_test
c0170	posthoc_mezzo__soprano_ci_low	-9.2293287271768101	rstatix::t_test
c0170	posthoc_mezzo__soprano_ci_high	-2.9045898749974097	rstatix::t_test
c0170	posthoc_mezzo__soprano_p	3.7944143507642484e-05	stats::t.test
c0170	posthoc_mezzo__soprano_padj	0.00011383243052292745	stats::p.adjust
c0170	posthoc_mezzo__soprano_padj_ptt	0.00013678587308803411	stats::pairwise.t.test
c0170	posthoc_mezzo__soprano_df	28	rstatix::t_test
c0170	posthoc_mezzo__soprano_t	-4.885356132267499	rstatix::t_test
c0170	posthoc_mezzo__soprano_cohens_d	-1.7838798367260675	effectsize::cohens_d
c0171	n	45	base::length
c0171	k	3	base::length
c0171	posthoc_alto__mezzo_diff	-2.6737417145749163	rstatix::t_test
c0171	posthoc_alto__mezzo_p	0.11979211356272496	stats::t.test
c0171	posthoc_alto__mezzo_padj	0.11979211356272496	stats::p.adjust
c0171	posthoc_alto__mezzo_padj_ptt	0.12072603934960449	stats::pairwise.t.test
c0171	posthoc_alto__mezzo_df	28	rstatix::t_test
c0171	posthoc_alto__mezzo_t	-1.6046513157500175	rstatix::t_test
c0171	posthoc_alto__mezzo_cohens_d	-0.58593581504441961	effectsize::cohens_d
c0171	posthoc_alto__soprano_diff	-8.740701015662026	rstatix::t_test
c0171	posthoc_alto__soprano_p	4.035360840996418e-06	stats::t.test
c0171	posthoc_alto__soprano_padj	1.2106082522989255e-05	stats::p.adjust
c0171	posthoc_alto__soprano_padj_ptt	2.9419936994394194e-05	stats::pairwise.t.test
c0171	posthoc_alto__soprano_df	28	rstatix::t_test
c0171	posthoc_alto__soprano_t	-5.7072005196811375	rstatix::t_test
c0171	posthoc_alto__soprano_cohens_d	-2.0839749765563771	effectsize::cohens_d
c0171	posthoc_mezzo__soprano_diff	-6.0669593010871097	rstatix::t_test
c0171	posthoc_mezzo__soprano_p	3.7944143507642484e-05	stats::t.test
c0171	posthoc_mezzo__soprano_padj	7.5888287015284968e-05	stats::p.adjust
c0171	posthoc_mezzo__soprano_padj_ptt	9.1190582058689413e-05	stats::pairwise.t.test
c0171	posthoc_mezzo__soprano_df	28	rstatix::t_test
c0171	posthoc_mezzo__soprano_t	-4.885356132267499	rstatix::t_test
c0171	posthoc_mezzo__soprano_cohens_d	-1.7838798367260675	effectsize::cohens_d
c0172	n	45	base::length
c0172	k	3	base::length
c0172	posthoc_alto__mezzo_diff	-2.6737417145749163	rstatix::t_test
c0172	posthoc_alto__mezzo_p	0.11979211356272496	stats::t.test
c0172	posthoc_alto__mezzo_padj	0.11979211356272496	stats::p.adjust
c0172	posthoc_alto__mezzo_padj_ptt	0.12072603934960449	stats::pairwise.t.test
c0172	posthoc_alto__mezzo_df	28	rstatix::t_test
c0172	posthoc_alto__mezzo_t	-1.6046513157500175	rstatix::t_test
c0172	posthoc_alto__mezzo_cohens_d	-0.58593581504441961	effectsize::cohens_d
c0172	posthoc_alto__soprano_diff	-8.740701015662026	rstatix::t_test
c0172	posthoc_alto__soprano_p	4.035360840996418e-06	stats::t.test
c0172	posthoc_alto__soprano_padj	1.2106082522989255e-05	stats::p.adjust
c0172	posthoc_alto__soprano_padj_ptt	2.9419936994394194e-05	stats::pairwise.t.test
c0172	posthoc_alto__soprano_df	28	rstatix::t_test
c0172	posthoc_alto__soprano_t	-5.7072005196811375	rstatix::t_test
c0172	posthoc_alto__soprano_cohens_d	-2.0839749765563771	effectsize::cohens_d
c0172	posthoc_mezzo__soprano_diff	-6.0669593010871097	rstatix::t_test
c0172	posthoc_mezzo__soprano_p	3.7944143507642484e-05	stats::t.test
c0172	posthoc_mezzo__soprano_padj	5.6916215261463726e-05	stats::p.adjust
c0172	posthoc_mezzo__soprano_padj_ptt	6.8392936544017053e-05	stats::pairwise.t.test
c0172	posthoc_mezzo__soprano_df	28	rstatix::t_test
c0172	posthoc_mezzo__soprano_t	-4.885356132267499	rstatix::t_test
c0172	posthoc_mezzo__soprano_cohens_d	-1.7838798367260675	effectsize::cohens_d
c0173	n	45	base::length
c0173	k	3	base::length
c0173	posthoc_alto__mezzo_diff	-2.9063837146481291	stats::median
c0173	posthoc_alto__mezzo_diff_wilcoxest	-2.9063837146481291	rstatix::wilcox_test
c0173	posthoc_alto__mezzo_ci_low	-7.8610259914845244	rstatix::wilcox_test
c0173	posthoc_alto__mezzo_ci_high	1.8072110847671752	rstatix::wilcox_test
c0173	posthoc_alto__mezzo_p	0.16068547253720922	stats::wilcox.test
c0173	posthoc_alto__mezzo_padj	0.48205641761162765	stats::p.adjust
c0173	posthoc_alto__mezzo_u	78	stats::wilcox.test
c0173	posthoc_alto__mezzo_rank_biserial	-0.30666666666666664	effectsize::rank_biserial
c0173	posthoc_alto__soprano_diff	-8.9337636586526656	stats::median
c0173	posthoc_alto__soprano_diff_wilcoxest	-8.9337636586526656	rstatix::wilcox_test
c0173	posthoc_alto__soprano_ci_low	-13.004944793208296	rstatix::wilcox_test
c0173	posthoc_alto__soprano_ci_high	-4.1021886051323833	rstatix::wilcox_test
c0173	posthoc_alto__soprano_p	8.8191198518387855e-06	stats::wilcox.test
c0173	posthoc_alto__soprano_padj	2.6457359555516356e-05	stats::p.adjust
c0173	posthoc_alto__soprano_u	15	stats::wilcox.test
c0173	posthoc_alto__soprano_rank_biserial	-0.8666666666666667	effectsize::rank_biserial
c0173	posthoc_mezzo__soprano_diff	-5.366045374070282	stats::median
c0173	posthoc_mezzo__soprano_diff_wilcoxest	-5.366045374070282	rstatix::wilcox_test
c0173	posthoc_mezzo__soprano_ci_low	-8.9076644758358157	rstatix::wilcox_test
c0173	posthoc_mezzo__soprano_ci_high	-2.397453815657002	rstatix::wilcox_test
c0173	posthoc_mezzo__soprano_p	1.1771719919194169e-05	stats::wilcox.test
c0173	posthoc_mezzo__soprano_padj	3.5315159757582505e-05	stats::p.adjust
c0173	posthoc_mezzo__soprano_u	16	stats::wilcox.test
c0173	posthoc_mezzo__soprano_rank_biserial	-0.85777777777777775	effectsize::rank_biserial
c0174	n	45	base::length
c0174	k	3	base::length
c0174	posthoc_alto__mezzo_diff	-2.9063837146481291	stats::median
c0174	posthoc_alto__mezzo_diff_wilcoxest	-2.9063837146481291	rstatix::wilcox_test
c0174	posthoc_alto__mezzo_p	0.16068547253720922	stats::wilcox.test
c0174	posthoc_alto__mezzo_padj	0.16068547253720922	stats::p.adjust
c0174	posthoc_alto__mezzo_u	78	stats::wilcox.test
c0174	posthoc_alto__mezzo_rank_biserial	-0.30666666666666664	effectsize::rank_biserial
c0174	posthoc_alto__soprano_diff	-8.9337636586526656	stats::median
c0174	posthoc_alto__soprano_diff_wilcoxest	-8.9337636586526656	rstatix::wilcox_test
c0174	posthoc_alto__soprano_p	8.8191198518387855e-06	stats::wilcox.test
c0174	posthoc_alto__soprano_padj	2.6457359555516356e-05	stats::p.adjust
c0174	posthoc_alto__soprano_u	15	stats::wilcox.test
c0174	posthoc_alto__soprano_rank_biserial	-0.8666666666666667	effectsize::rank_biserial
c0174	posthoc_mezzo__soprano_diff	-5.366045374070282	stats::median
c0174	posthoc_mezzo__soprano_diff_wilcoxest	-5.366045374070282	rstatix::wilcox_test
c0174	posthoc_mezzo__soprano_p	1.1771719919194169e-05	stats::wilcox.test
c0174	posthoc_mezzo__soprano_padj	2.6457359555516356e-05	stats::p.adjust
c0174	posthoc_mezzo__soprano_u	16	stats::wilcox.test
c0174	posthoc_mezzo__soprano_rank_biserial	-0.85777777777777775	effectsize::rank_biserial
c0175	n	45	base::length
c0175	k	3	base::length
c0175	posthoc_alto__mezzo_diff	-2.9063837146481291	stats::median
c0175	posthoc_alto__mezzo_diff_wilcoxest	-2.9063837146481291	rstatix::wilcox_test
c0175	posthoc_alto__mezzo_p	0.16068547253720922	stats::wilcox.test
c0175	posthoc_alto__mezzo_padj	0.16068547253720922	stats::p.adjust
c0175	posthoc_alto__mezzo_u	78	stats::wilcox.test
c0175	posthoc_alto__mezzo_rank_biserial	-0.30666666666666664	effectsize::rank_biserial
c0175	posthoc_alto__soprano_diff	-8.9337636586526656	stats::median
c0175	posthoc_alto__soprano_diff_wilcoxest	-8.9337636586526656	rstatix::wilcox_test
c0175	posthoc_alto__soprano_p	8.8191198518387855e-06	stats::wilcox.test
c0175	posthoc_alto__soprano_padj	1.7657579878791253e-05	stats::p.adjust
c0175	posthoc_alto__soprano_u	15	stats::wilcox.test
c0175	posthoc_alto__soprano_rank_biserial	-0.8666666666666667	effectsize::rank_biserial
c0175	posthoc_mezzo__soprano_diff	-5.366045374070282	stats::median
c0175	posthoc_mezzo__soprano_diff_wilcoxest	-5.366045374070282	rstatix::wilcox_test
c0175	posthoc_mezzo__soprano_p	1.1771719919194169e-05	stats::wilcox.test
c0175	posthoc_mezzo__soprano_padj	1.7657579878791253e-05	stats::p.adjust
c0175	posthoc_mezzo__soprano_u	16	stats::wilcox.test
c0175	posthoc_mezzo__soprano_rank_biserial	-0.85777777777777775	effectsize::rank_biserial
c0176	n	45	base::length
c0176	k	3	base::length
c0176	posthoc_alto__mezzo_diff	-2.6737417145749163	stats::mean
c0176	posthoc_alto__mezzo_f	1.6091059090878987	stats::pf
c0176	posthoc_alto__mezzo_padj	0.21215537358434722	stats::pf
c0176	posthoc_alto__mezzo_ci_low	-6.4559999848124363	stats::qf
c0176	posthoc_alto__mezzo_ci_high	1.1085165556626033	stats::qf
c0176	posthoc_alto__soprano_diff	-8.740701015662026	stats::mean
c0176	posthoc_alto__soprano_f	17.196428414585661	stats::pf
c0176	posthoc_alto__soprano_padj	3.5004777216961465e-06	stats::pf
c0176	posthoc_alto__soprano_ci_low	-12.522959285899546	stats::qf
c0176	posthoc_alto__soprano_ci_high	-4.9584427454245059	stats::qf
c0176	posthoc_mezzo__soprano_diff	-6.0669593010871097	stats::mean
c0176	posthoc_mezzo__soprano_f	8.284911798914516	stats::pf
c0176	posthoc_mezzo__soprano_padj	0.00092700667672630278	stats::pf
c0176	posthoc_mezzo__soprano_ci_low	-9.8492175713246297	stats::qf
c0176	posthoc_mezzo__soprano_ci_high	-2.2847010308495901	stats::qf
c0177	n	45	base::length
c0177	k	3	base::length
c0177	posthoc_soprano__mezzo_diff	0.20413117157659855	rstatix::t_test
c0177	posthoc_soprano__mezzo_ci_low	-0.51160726126332523	rstatix::t_test
c0177	posthoc_soprano__mezzo_ci_high	0.91986960441652244	rstatix::t_test
c0177	posthoc_soprano__mezzo_p	0.47201938223798756	stats::t.test
c0177	posthoc_soprano__mezzo_padj	1	stats::p.adjust
c0177	posthoc_soprano__mezzo_padj_ptt	1	stats::pairwise.t.test
c0177	posthoc_soprano__mezzo_df	25.993585235417431	rstatix::t_test
c0177	posthoc_soprano__mezzo_t	0.72983190856918778	rstatix::t_test
c0177	posthoc_soprano__mezzo_cohens_d	0.26649693300692806	effectsize::cohens_d
c0177	posthoc_soprano__alto_diff	0.63516587575204131	rstatix::t_test
c0177	posthoc_soprano__alto_ci_low	0.12021425281725689	rstatix::t_test
c0177	posthoc_soprano__alto_ci_high	1.1501174986868257	rstatix::t_test
c0177	posthoc_soprano__alto_p	0.0040876950395435331	stats::t.test
c0177	posthoc_soprano__alto_padj	0.012263085118630598	stats::p.adjust
c0177	posthoc_soprano__alto_padj_ptt	0.012263085118630598	stats::pairwise.t.test
c0177	posthoc_soprano__alto_df	23.942494338470151	rstatix::t_test
c0177	posthoc_soprano__alto_t	3.1750206408910784	rstatix::t_test
c0177	posthoc_soprano__alto_cohens_d	1.1593536170403687	effectsize::cohens_d
c0177	posthoc_mezzo__alto_diff	0.43103470417544276	rstatix::t_test
c0177	posthoc_mezzo__alto_ci_low	-0.21748538432797726	rstatix::t_test
c0177	posthoc_mezzo__alto_ci_high	1.0795547926788629	rstatix::t_test
c0177	posthoc_mezzo__alto_p	0.098026606368109573	stats::t.test
c0177	posthoc_mezzo__alto_padj	0.29407981910432873	stats::p.adjust
c0177	posthoc_mezzo__alto_padj_ptt	0.29407981910432873	stats::pairwise.t.test
c0177	posthoc_mezzo__alto_df	20.24839592226488	rstatix::t_test
c0177	posthoc_mezzo__alto_t	1.7345087529876906	rstatix::t_test
c0177	posthoc_mezzo__alto_cohens_d	0.63335304680100957	effectsize::cohens_d
c0178	n	45	base::length
c0178	k	3	base::length
c0178	posthoc_soprano__mezzo_diff	0.20413117157659855	rstatix::t_test
c0178	posthoc_soprano__mezzo_p	0.47201938223798756	stats::t.test
c0178	posthoc_soprano__mezzo_padj	0.47201938223798756	stats::p.adjust
c0178	posthoc_soprano__mezzo_padj_ptt	0.47201938223798756	stats::pairwise.t.test
c0178	posthoc_soprano__mezzo_df	25.993585235417431	rstatix::t_test
c0178	posthoc_soprano__mezzo_t	0.72983190856918778	rstatix::t_test
c0178	posthoc_soprano__mezzo_cohens_d	0.26649693300692806	effectsize::cohens_d
c0178	posthoc_soprano__alto_diff	0.63516587575204131	rstatix::t_test
c0178	posthoc_soprano__alto_p	0.0040876950395435331	stats::t.test
c0178	posthoc_soprano__alto_padj	0.012263085118630598	stats::p.adjust
c0178	posthoc_soprano__alto_padj_ptt	0.012263085118630598	stats::pairwise.t.test
c0178	posthoc_soprano__alto_df	23.942494338470151	rstatix::t_test
c0178	posthoc_soprano__alto_t	3.1750206408910784	rstatix::t_test
c0178	posthoc_soprano__alto_cohens_d	1.1593536170403687	effectsize::cohens_d
c0178	posthoc_mezzo__alto_diff	0.43103470417544276	rstatix::t_test
c0178	posthoc_mezzo__alto_p	0.098026606368109573	stats::t.test
c0178	posthoc_mezzo__alto_padj	0.19605321273621915	stats::p.adjust
c0178	posthoc_mezzo__alto_padj_ptt	0.19605321273621915	stats::pairwise.t.test
c0178	posthoc_mezzo__alto_df	20.24839592226488	rstatix::t_test
c0178	posthoc_mezzo__alto_t	1.7345087529876906	rstatix::t_test
c0178	posthoc_mezzo__alto_cohens_d	0.63335304680100957	effectsize::cohens_d
c0179	n	45	base::length
c0179	k	3	base::length
c0179	posthoc_soprano__mezzo_diff	0.20413117157659855	rstatix::t_test
c0179	posthoc_soprano__mezzo_p	0.47201938223798756	stats::t.test
c0179	posthoc_soprano__mezzo_padj	0.47201938223798756	stats::p.adjust
c0179	posthoc_soprano__mezzo_padj_ptt	0.47201938223798756	stats::pairwise.t.test
c0179	posthoc_soprano__mezzo_df	25.993585235417431	rstatix::t_test
c0179	posthoc_soprano__mezzo_t	0.72983190856918778	rstatix::t_test
c0179	posthoc_soprano__mezzo_cohens_d	0.26649693300692806	effectsize::cohens_d
c0179	posthoc_soprano__alto_diff	0.63516587575204131	rstatix::t_test
c0179	posthoc_soprano__alto_p	0.0040876950395435331	stats::t.test
c0179	posthoc_soprano__alto_padj	0.012263085118630598	stats::p.adjust
c0179	posthoc_soprano__alto_padj_ptt	0.012263085118630598	stats::pairwise.t.test
c0179	posthoc_soprano__alto_df	23.942494338470151	rstatix::t_test
c0179	posthoc_soprano__alto_t	3.1750206408910784	rstatix::t_test
c0179	posthoc_soprano__alto_cohens_d	1.1593536170403687	effectsize::cohens_d
c0179	posthoc_mezzo__alto_diff	0.43103470417544276	rstatix::t_test
c0179	posthoc_mezzo__alto_p	0.098026606368109573	stats::t.test
c0179	posthoc_mezzo__alto_padj	0.14703990955216437	stats::p.adjust
c0179	posthoc_mezzo__alto_padj_ptt	0.14703990955216437	stats::pairwise.t.test
c0179	posthoc_mezzo__alto_df	20.24839592226488	rstatix::t_test
c0179	posthoc_mezzo__alto_t	1.7345087529876906	rstatix::t_test
c0179	posthoc_mezzo__alto_cohens_d	0.63335304680100957	effectsize::cohens_d
c0180	n	45	base::length
c0180	k	3	base::length
c0180	posthoc_soprano__mezzo_diff	0.20413117157659855	rstatix::t_test
c0180	posthoc_soprano__mezzo_ci_low	-0.50810533549022618	rstatix::t_test
c0180	posthoc_soprano__mezzo_ci_high	0.91636767864342328	rstatix::t_test
c0180	posthoc_soprano__mezzo_p	0.47155511797507677	stats::t.test
c0180	posthoc_soprano__mezzo_padj	1	stats::p.adjust
c0180	posthoc_soprano__mezzo_padj_ptt	1	stats::pairwise.t.test
c0180	posthoc_soprano__mezzo_df	28	rstatix::t_test
c0180	posthoc_soprano__mezzo_t	0.72983190856918778	rstatix::t_test
c0180	posthoc_soprano__mezzo_cohens_d	0.26649693300692806	effectsize::cohens_d
c0180	posthoc_soprano__alto_diff	0.63516587575204131	rstatix::t_test
c0180	posthoc_soprano__alto_ci_low	0.12574310461518629	rstatix::t_test
c0180	posthoc_soprano__alto_ci_high	1.1445886468888964	rstatix::t_test
c0180	posthoc_soprano__alto_p	0.0036270190088237247	stats::t.test
c0180	posthoc_soprano__alto_padj	0.010881057026471174	stats::p.adjust
c0180	posthoc_soprano__alto_padj_ptt	0.012263085118630598	stats::pairwise.t.test
c0180	posthoc_soprano__alto_df	28	rstatix::t_test
c0180	posthoc_soprano__alto_t	3.1750206408910784	rstatix::t_test
c0180	posthoc_soprano__alto_cohens_d	1.1593536170403687	effectsize::cohens_d
c0180	posthoc_mezzo__alto_diff	0.43103470417544276	rstatix::t_test
c0180	posthoc_mezzo__alto_ci_low	-0.20177552644667024	rstatix::t_test
c0180	posthoc_mezzo__alto_ci_high	1.0638449347975558	rstatix::t_test
c0180	posthoc_mezzo__alto_p	0.093825724741088648	stats::t.test
c0180	posthoc_mezzo__alto_padj	0.28147717422326596	stats::p.adjust
c0180	posthoc_mezzo__alto_padj_ptt	0.29407981910432873	stats::pairwise.t.test
c0180	posthoc_mezzo__alto_df	28	rstatix::t_test
c0180	posthoc_mezzo__alto_t	1.7345087529876906	rstatix::t_test
c0180	posthoc_mezzo__alto_cohens_d	0.63335304680100957	effectsize::cohens_d
c0181	n	45	base::length
c0181	k	3	base::length
c0181	posthoc_soprano__mezzo_diff	0.20413117157659855	rstatix::t_test
c0181	posthoc_soprano__mezzo_p	0.47155511797507677	stats::t.test
c0181	posthoc_soprano__mezzo_padj	0.47155511797507677	stats::p.adjust
c0181	posthoc_soprano__mezzo_padj_ptt	0.47201938223798756	stats::pairwise.t.test
c0181	posthoc_soprano__mezzo_df	28	rstatix::t_test
c0181	posthoc_soprano__mezzo_t	0.72983190856918778	rstatix::t_test
c0181	posthoc_soprano__mezzo_cohens_d	0.26649693300692806	effectsize::cohens_d
c0181	posthoc_soprano__alto_diff	0.63516587575204131	rstatix::t_test
c0181	posthoc_soprano__alto_p	0.0036270190088237247	stats::t.test
c0181	posthoc_soprano__alto_padj	0.010881057026471174	stats::p.adjust
c0181	posthoc_soprano__alto_padj_ptt	0.012263085118630598	stats::pairwise.t.test
c0181	posthoc_soprano__alto_df	28	rstatix::t_test
c0181	posthoc_soprano__alto_t	3.1750206408910784	rstatix::t_test
c0181	posthoc_soprano__alto_cohens_d	1.1593536170403687	effectsize::cohens_d
c0181	posthoc_mezzo__alto_diff	0.43103470417544276	rstatix::t_test
c0181	posthoc_mezzo__alto_p	0.093825724741088648	stats::t.test
c0181	posthoc_mezzo__alto_padj	0.1876514494821773	stats::p.adjust
c0181	posthoc_mezzo__alto_padj_ptt	0.19605321273621915	stats::pairwise.t.test
c0181	posthoc_mezzo__alto_df	28	rstatix::t_test
c0181	posthoc_mezzo__alto_t	1.7345087529876906	rstatix::t_test
c0181	posthoc_mezzo__alto_cohens_d	0.63335304680100957	effectsize::cohens_d
c0182	n	45	base::length
c0182	k	3	base::length
c0182	posthoc_soprano__mezzo_diff	0.20413117157659855	rstatix::t_test
c0182	posthoc_soprano__mezzo_p	0.47155511797507677	stats::t.test
c0182	posthoc_soprano__mezzo_padj	0.47155511797507677	stats::p.adjust
c0182	posthoc_soprano__mezzo_padj_ptt	0.47201938223798756	stats::pairwise.t.test
c0182	posthoc_soprano__mezzo_df	28	rstatix::t_test
c0182	posthoc_soprano__mezzo_t	0.72983190856918778	rstatix::t_test
c0182	posthoc_soprano__mezzo_cohens_d	0.26649693300692806	effectsize::cohens_d
c0182	posthoc_soprano__alto_diff	0.63516587575204131	rstatix::t_test
c0182	posthoc_soprano__alto_p	0.0036270190088237247	stats::t.test
c0182	posthoc_soprano__alto_padj	0.010881057026471174	stats::p.adjust
c0182	posthoc_soprano__alto_padj_ptt	0.012263085118630598	stats::pairwise.t.test
c0182	posthoc_soprano__alto_df	28	rstatix::t_test
c0182	posthoc_soprano__alto_t	3.1750206408910784	rstatix::t_test
c0182	posthoc_soprano__alto_cohens_d	1.1593536170403687	effectsize::cohens_d
c0182	posthoc_mezzo__alto_diff	0.43103470417544276	rstatix::t_test
c0182	posthoc_mezzo__alto_p	0.093825724741088648	stats::t.test
c0182	posthoc_mezzo__alto_padj	0.14073858711163298	stats::p.adjust
c0182	posthoc_mezzo__alto_padj_ptt	0.14703990955216437	stats::pairwise.t.test
c0182	posthoc_mezzo__alto_df	28	rstatix::t_test
c0182	posthoc_mezzo__alto_t	1.7345087529876906	rstatix::t_test
c0182	posthoc_mezzo__alto_cohens_d	0.63335304680100957	effectsize::cohens_d
c0183	n	45	base::length
c0183	k	3	base::length
c0183	posthoc_soprano__mezzo_diff	0.31801762679231249	stats::median
c0183	posthoc_soprano__mezzo_diff_wilcoxest	0.31801762679231249	rstatix::wilcox_test
c0183	posthoc_soprano__mezzo_ci_low	-0.58966193725927418	rstatix::wilcox_test
c0183	posthoc_soprano__mezzo_ci_high	1.0441721752403428	rstatix::wilcox_test
c0183	posthoc_soprano__mezzo_p	0.53929853958469687	stats::wilcox.test
c0183	posthoc_soprano__mezzo_padj	1	stats::p.adjust
c0183	posthoc_soprano__mezzo_u	128	stats::wilcox.test
c0183	posthoc_soprano__mezzo_rank_biserial	0.13777777777777778	effectsize::rank_biserial
c0183	posthoc_soprano__alto_diff	0.68152272763709298	stats::median
c0183	posthoc_soprano__alto_diff_wilcoxest	0.68152272763709298	rstatix::wilcox_test
c0183	posthoc_soprano__alto_ci_low	0.19609184422222814	rstatix::wilcox_test
c0183	posthoc_soprano__alto_ci_high	1.0605232730604941	rstatix::wilcox_test
c0183	posthoc_soprano__alto_p	0.003155375356697296	stats::wilcox.test
c0183	posthoc_soprano__alto_padj	0.0094661260700918889	stats::p.adjust
c0183	posthoc_soprano__alto_u	182	stats::wilcox.test
c0183	posthoc_soprano__alto_rank_biserial	0.61777777777777776	effectsize::rank_biserial
c0183	posthoc_mezzo__alto_diff	0.3089329621019008	stats::median
c0183	posthoc_mezzo__alto_diff_wilcoxest	0.3089329621019008	rstatix::wilcox_test
c0183	posthoc_mezzo__alto_ci_low	-0.31319067702920744	rstatix::wilcox_test
c0183	posthoc_mezzo__alto_ci_high	1.2650189545933266	rstatix::wilcox_test
c0183	posthoc_mezzo__alto_p	0.38923329872731333	stats::wilcox.test
c0183	posthoc_mezzo__alto_padj	1	stats::p.adjust
c0183	posthoc_mezzo__alto_u	134	stats::wilcox.test
c0183	posthoc_mezzo__alto_rank_biserial	0.19111111111111106	effectsize::rank_biserial
c0184	n	45	base::length
c0184	k	3	base::length
c0184	posthoc_soprano__mezzo_diff	0.31801762679231249	stats::median
c0184	posthoc_soprano__mezzo_diff_wilcoxest	0.31801762679231249	rstatix::wilcox_test
c0184	posthoc_soprano__mezzo_p	0.53929853958469687	stats::wilcox.test
c0184	posthoc_soprano__mezzo_padj	0.77846659745462665	stats::p.adjust
c0184	posthoc_soprano__mezzo_u	128	stats::wilcox.test
c0184	posthoc_soprano__mezzo_rank_biserial	0.13777777777777778	effectsize::rank_biserial
c0184	posthoc_soprano__alto_diff	0.68152272763709298	stats::median
c0184	posthoc_soprano__alto_diff_wilcoxest	0.68152272763709298	rstatix::wilcox_test
c0184	posthoc_soprano__alto_p	0.003155375356697296	stats::wilcox.test
c0184	posthoc_soprano__alto_padj	0.0094661260700918889	stats::p.adjust
c0184	posthoc_soprano__alto_u	182	stats::wilcox.test
c0184	posthoc_soprano__alto_rank_biserial	0.61777777777777776	effectsize::rank_biserial
c0184	posthoc_mezzo__alto_diff	0.3089329621019008	stats::median
c0184	posthoc_mezzo__alto_diff_wilcoxest	0.3089329621019008	rstatix::wilcox_test
c0184	posthoc_mezzo__alto_p	0.38923329872731333	stats::wilcox.test
c0184	posthoc_mezzo__alto_padj	0.77846659745462665	stats::p.adjust
c0184	posthoc_mezzo__alto_u	134	stats::wilcox.test
c0184	posthoc_mezzo__alto_rank_biserial	0.19111111111111106	effectsize::rank_biserial
c0185	n	45	base::length
c0185	k	3	base::length
c0185	posthoc_soprano__mezzo_diff	0.31801762679231249	stats::median
c0185	posthoc_soprano__mezzo_diff_wilcoxest	0.31801762679231249	rstatix::wilcox_test
c0185	posthoc_soprano__mezzo_p	0.53929853958469687	stats::wilcox.test
c0185	posthoc_soprano__mezzo_padj	0.53929853958469687	stats::p.adjust
c0185	posthoc_soprano__mezzo_u	128	stats::wilcox.test
c0185	posthoc_soprano__mezzo_rank_biserial	0.13777777777777778	effectsize::rank_biserial
c0185	posthoc_soprano__alto_diff	0.68152272763709298	stats::median
c0185	posthoc_soprano__alto_diff_wilcoxest	0.68152272763709298	rstatix::wilcox_test
c0185	posthoc_soprano__alto_p	0.003155375356697296	stats::wilcox.test
c0185	posthoc_soprano__alto_padj	0.0094661260700918889	stats::p.adjust
c0185	posthoc_soprano__alto_u	182	stats::wilcox.test
c0185	posthoc_soprano__alto_rank_biserial	0.61777777777777776	effectsize::rank_biserial
c0185	posthoc_mezzo__alto_diff	0.3089329621019008	stats::median
c0185	posthoc_mezzo__alto_diff_wilcoxest	0.3089329621019008	rstatix::wilcox_test
c0185	posthoc_mezzo__alto_p	0.38923329872731333	stats::wilcox.test
c0185	posthoc_mezzo__alto_padj	0.53929853958469687	stats::p.adjust
c0185	posthoc_mezzo__alto_u	134	stats::wilcox.test
c0185	posthoc_mezzo__alto_rank_biserial	0.19111111111111106	effectsize::rank_biserial
c0186	n	45	base::length
c0186	k	3	base::length
c0186	posthoc_soprano__mezzo_diff	0.20413117157659855	stats::mean
c0186	posthoc_soprano__mezzo_f	0.34723605179025385	stats::pf
c0186	posthoc_soprano__mezzo_padj	0.7086478740307296	stats::pf
c0186	posthoc_soprano__mezzo_ci_low	-0.41748308683788193	stats::qf
c0186	posthoc_soprano__mezzo_ci_high	0.82574542999107903	stats::qf
c0186	posthoc_soprano__alto_diff	0.63516587575204131	stats::mean
c0186	posthoc_soprano__alto_f	3.3618665374159331	stats::pf
c0186	posthoc_soprano__alto_padj	0.044226588109195553	stats::pf
c0186	posthoc_soprano__alto_ci_low	0.013551617337560828	stats::qf
c0186	posthoc_soprano__alto_ci_high	1.2567801341665219	stats::qf
c0186	posthoc_mezzo__alto_diff	0.43103470417544276	stats::mean
c0186	posthoc_mezzo__alto_f	1.5482127140870685	stats::pf
c0186	posthoc_mezzo__alto_padj	0.2245177092153601	stats::pf
c0186	posthoc_mezzo__alto_ci_low	-0.19057955423903772	stats::qf
c0186	posthoc_mezzo__alto_ci_high	1.0526489625899234	stats::qf
c0187	n	45	base::length
c0187	k	3	base::length
c0187	posthoc_alto__mezzo_diff	-0.43103470417544276	rstatix::t_test
c0187	posthoc_alto__mezzo_ci_low	-1.0795547926788629	rstatix::t_test
c0187	posthoc_alto__mezzo_ci_high	0.21748538432797726	rstatix::t_test
c0187	posthoc_alto__mezzo_p	0.098026606368109573	stats::t.test
c0187	posthoc_alto__mezzo_padj	0.29407981910432873	stats::p.adjust
c0187	posthoc_alto__mezzo_padj_ptt	0.29407981910432873	stats::pairwise.t.test
c0187	posthoc_alto__mezzo_df	20.24839592226488	rstatix::t_test
c0187	posthoc_alto__mezzo_t	-1.7345087529876906	rstatix::t_test
c0187	posthoc_alto__mezzo_cohens_d	-0.63335304680100957	effectsize::cohens_d
c0187	posthoc_alto__soprano_diff	-0.63516587575204131	rstatix::t_test
c0187	posthoc_alto__soprano_ci_low	-1.1501174986868257	rstatix::t_test
c0187	posthoc_alto__soprano_ci_high	-0.12021425281725689	rstatix::t_test
c0187	posthoc_alto__soprano_p	0.0040876950395435331	stats::t.test
c0187	posthoc_alto__soprano_padj	0.012263085118630598	stats::p.adjust
c0187	posthoc_alto__soprano_padj_ptt	0.012263085118630598	stats::pairwise.t.test
c0187	posthoc_alto__soprano_df	23.942494338470151	rstatix::t_test
c0187	posthoc_alto__soprano_t	-3.1750206408910784	rstatix::t_test
c0187	posthoc_alto__soprano_cohens_d	-1.1593536170403687	effectsize::cohens_d
c0187	posthoc_mezzo__soprano_diff	-0.20413117157659855	rstatix::t_test
c0187	posthoc_mezzo__soprano_ci_low	-0.91986960441652244	rstatix::t_test
c0187	posthoc_mezzo__soprano_ci_high	0.51160726126332523	rstatix::t_test
c0187	posthoc_mezzo__soprano_p	0.47201938223798756	stats::t.test
c0187	posthoc_mezzo__soprano_padj	1	stats::p.adjust
c0187	posthoc_mezzo__soprano_padj_ptt	1	stats::pairwise.t.test
c0187	posthoc_mezzo__soprano_df	25.993585235417431	rstatix::t_test
c0187	posthoc_mezzo__soprano_t	-0.72983190856918778	rstatix::t_test
c0187	posthoc_mezzo__soprano_cohens_d	-0.26649693300692806	effectsize::cohens_d
c0188	n	45	base::length
c0188	k	3	base::length
c0188	posthoc_alto__mezzo_diff	-0.43103470417544276	rstatix::t_test
c0188	posthoc_alto__mezzo_p	0.098026606368109573	stats::t.test
c0188	posthoc_alto__mezzo_padj	0.19605321273621915	stats::p.adjust
c0188	posthoc_alto__mezzo_padj_ptt	0.19605321273621915	stats::pairwise.t.test
c0188	posthoc_alto__mezzo_df	20.24839592226488	rstatix::t_test
c0188	posthoc_alto__mezzo_t	-1.7345087529876906	rstatix::t_test
c0188	posthoc_alto__mezzo_cohens_d	-0.63335304680100957	effectsize::cohens_d
c0188	posthoc_alto__soprano_diff	-0.63516587575204131	rstatix::t_test
c0188	posthoc_alto__soprano_p	0.0040876950395435331	stats::t.test
c0188	posthoc_alto__soprano_padj	0.012263085118630598	stats::p.adjust
c0188	posthoc_alto__soprano_padj_ptt	0.012263085118630598	stats::pairwise.t.test
c0188	posthoc_alto__soprano_df	23.942494338470151	rstatix::t_test
c0188	posthoc_alto__soprano_t	-3.1750206408910784	rstatix::t_test
c0188	posthoc_alto__soprano_cohens_d	-1.1593536170403687	effectsize::cohens_d
c0188	posthoc_mezzo__soprano_diff	-0.20413117157659855	rstatix::t_test
c0188	posthoc_mezzo__soprano_p	0.47201938223798756	stats::t.test
c0188	posthoc_mezzo__soprano_padj	0.47201938223798756	stats::p.adjust
c0188	posthoc_mezzo__soprano_padj_ptt	0.47201938223798756	stats::pairwise.t.test
c0188	posthoc_mezzo__soprano_df	25.993585235417431	rstatix::t_test
c0188	posthoc_mezzo__soprano_t	-0.72983190856918778	rstatix::t_test
c0188	posthoc_mezzo__soprano_cohens_d	-0.26649693300692806	effectsize::cohens_d
c0189	n	45	base::length
c0189	k	3	base::length
c0189	posthoc_alto__mezzo_diff	-0.43103470417544276	rstatix::t_test
c0189	posthoc_alto__mezzo_p	0.098026606368109573	stats::t.test
c0189	posthoc_alto__mezzo_padj	0.14703990955216437	stats::p.adjust
c0189	posthoc_alto__mezzo_padj_ptt	0.14703990955216437	stats::pairwise.t.test
c0189	posthoc_alto__mezzo_df	20.24839592226488	rstatix::t_test
c0189	posthoc_alto__mezzo_t	-1.7345087529876906	rstatix::t_test
c0189	posthoc_alto__mezzo_cohens_d	-0.63335304680100957	effectsize::cohens_d
c0189	posthoc_alto__soprano_diff	-0.63516587575204131	rstatix::t_test
c0189	posthoc_alto__soprano_p	0.0040876950395435331	stats::t.test
c0189	posthoc_alto__soprano_padj	0.012263085118630598	stats::p.adjust
c0189	posthoc_alto__soprano_padj_ptt	0.012263085118630598	stats::pairwise.t.test
c0189	posthoc_alto__soprano_df	23.942494338470151	rstatix::t_test
c0189	posthoc_alto__soprano_t	-3.1750206408910784	rstatix::t_test
c0189	posthoc_alto__soprano_cohens_d	-1.1593536170403687	effectsize::cohens_d
c0189	posthoc_mezzo__soprano_diff	-0.20413117157659855	rstatix::t_test
c0189	posthoc_mezzo__soprano_p	0.47201938223798756	stats::t.test
c0189	posthoc_mezzo__soprano_padj	0.47201938223798756	stats::p.adjust
c0189	posthoc_mezzo__soprano_padj_ptt	0.47201938223798756	stats::pairwise.t.test
c0189	posthoc_mezzo__soprano_df	25.993585235417431	rstatix::t_test
c0189	posthoc_mezzo__soprano_t	-0.72983190856918778	rstatix::t_test
c0189	posthoc_mezzo__soprano_cohens_d	-0.26649693300692806	effectsize::cohens_d
c0190	n	45	base::length
c0190	k	3	base::length
c0190	posthoc_alto__mezzo_diff	-0.43103470417544276	rstatix::t_test
c0190	posthoc_alto__mezzo_ci_low	-1.0638449347975558	rstatix::t_test
c0190	posthoc_alto__mezzo_ci_high	0.20177552644667024	rstatix::t_test
c0190	posthoc_alto__mezzo_p	0.093825724741088648	stats::t.test
c0190	posthoc_alto__mezzo_padj	0.28147717422326596	stats::p.adjust
c0190	posthoc_alto__mezzo_padj_ptt	0.29407981910432873	stats::pairwise.t.test
c0190	posthoc_alto__mezzo_df	28	rstatix::t_test
c0190	posthoc_alto__mezzo_t	-1.7345087529876906	rstatix::t_test
c0190	posthoc_alto__mezzo_cohens_d	-0.63335304680100957	effectsize::cohens_d
c0190	posthoc_alto__soprano_diff	-0.63516587575204131	rstatix::t_test
c0190	posthoc_alto__soprano_ci_low	-1.1445886468888964	rstatix::t_test
c0190	posthoc_alto__soprano_ci_high	-0.12574310461518629	rstatix::t_test
c0190	posthoc_alto__soprano_p	0.0036270190088237247	stats::t.test
c0190	posthoc_alto__soprano_padj	0.010881057026471174	stats::p.adjust
c0190	posthoc_alto__soprano_padj_ptt	0.012263085118630598	stats::pairwise.t.test
c0190	posthoc_alto__soprano_df	28	rstatix::t_test
c0190	posthoc_alto__soprano_t	-3.1750206408910784	rstatix::t_test
c0190	posthoc_alto__soprano_cohens_d	-1.1593536170403687	effectsize::cohens_d
c0190	posthoc_mezzo__soprano_diff	-0.20413117157659855	rstatix::t_test
c0190	posthoc_mezzo__soprano_ci_low	-0.91636767864342328	rstatix::t_test
c0190	posthoc_mezzo__soprano_ci_high	0.50810533549022618	rstatix::t_test
c0190	posthoc_mezzo__soprano_p	0.47155511797507677	stats::t.test
c0190	posthoc_mezzo__soprano_padj	1	stats::p.adjust
c0190	posthoc_mezzo__soprano_padj_ptt	1	stats::pairwise.t.test
c0190	posthoc_mezzo__soprano_df	28	rstatix::t_test
c0190	posthoc_mezzo__soprano_t	-0.72983190856918778	rstatix::t_test
c0190	posthoc_mezzo__soprano_cohens_d	-0.26649693300692806	effectsize::cohens_d
c0191	n	45	base::length
c0191	k	3	base::length
c0191	posthoc_alto__mezzo_diff	-0.43103470417544276	rstatix::t_test
c0191	posthoc_alto__mezzo_p	0.093825724741088648	stats::t.test
c0191	posthoc_alto__mezzo_padj	0.1876514494821773	stats::p.adjust
c0191	posthoc_alto__mezzo_padj_ptt	0.19605321273621915	stats::pairwise.t.test
c0191	posthoc_alto__mezzo_df	28	rstatix::t_test
c0191	posthoc_alto__mezzo_t	-1.7345087529876906	rstatix::t_test
c0191	posthoc_alto__mezzo_cohens_d	-0.63335304680100957	effectsize::cohens_d
c0191	posthoc_alto__soprano_diff	-0.63516587575204131	rstatix::t_test
c0191	posthoc_alto__soprano_p	0.0036270190088237247	stats::t.test
c0191	posthoc_alto__soprano_padj	0.010881057026471174	stats::p.adjust
c0191	posthoc_alto__soprano_padj_ptt	0.012263085118630598	stats::pairwise.t.test
c0191	posthoc_alto__soprano_df	28	rstatix::t_test
c0191	posthoc_alto__soprano_t	-3.1750206408910784	rstatix::t_test
c0191	posthoc_alto__soprano_cohens_d	-1.1593536170403687	effectsize::cohens_d
c0191	posthoc_mezzo__soprano_diff	-0.20413117157659855	rstatix::t_test
c0191	posthoc_mezzo__soprano_p	0.47155511797507677	stats::t.test
c0191	posthoc_mezzo__soprano_padj	0.47155511797507677	stats::p.adjust
c0191	posthoc_mezzo__soprano_padj_ptt	0.47201938223798756	stats::pairwise.t.test
c0191	posthoc_mezzo__soprano_df	28	rstatix::t_test
c0191	posthoc_mezzo__soprano_t	-0.72983190856918778	rstatix::t_test
c0191	posthoc_mezzo__soprano_cohens_d	-0.26649693300692806	effectsize::cohens_d
c0192	n	45	base::length
c0192	k	3	base::length
c0192	posthoc_alto__mezzo_diff	-0.43103470417544276	rstatix::t_test
c0192	posthoc_alto__mezzo_p	0.093825724741088648	stats::t.test
c0192	posthoc_alto__mezzo_padj	0.14073858711163298	stats::p.adjust
c0192	posthoc_alto__mezzo_padj_ptt	0.14703990955216437	stats::pairwise.t.test
c0192	posthoc_alto__mezzo_df	28	rstatix::t_test
c0192	posthoc_alto__mezzo_t	-1.7345087529876906	rstatix::t_test
c0192	posthoc_alto__mezzo_cohens_d	-0.63335304680100957	effectsize::cohens_d
c0192	posthoc_alto__soprano_diff	-0.63516587575204131	rstatix::t_test
c0192	posthoc_alto__soprano_p	0.0036270190088237247	stats::t.test
c0192	posthoc_alto__soprano_padj	0.010881057026471174	stats::p.adjust
c0192	posthoc_alto__soprano_padj_ptt	0.012263085118630598	stats::pairwise.t.test
c0192	posthoc_alto__soprano_df	28	rstatix::t_test
c0192	posthoc_alto__soprano_t	-3.1750206408910784	rstatix::t_test
c0192	posthoc_alto__soprano_cohens_d	-1.1593536170403687	effectsize::cohens_d
c0192	posthoc_mezzo__soprano_diff	-0.20413117157659855	rstatix::t_test
c0192	posthoc_mezzo__soprano_p	0.47155511797507677	stats::t.test
c0192	posthoc_mezzo__soprano_padj	0.47155511797507677	stats::p.adjust
c0192	posthoc_mezzo__soprano_padj_ptt	0.47201938223798756	stats::pairwise.t.test
c0192	posthoc_mezzo__soprano_df	28	rstatix::t_test
c0192	posthoc_mezzo__soprano_t	-0.72983190856918778	rstatix::t_test
c0192	posthoc_mezzo__soprano_cohens_d	-0.26649693300692806	effectsize::cohens_d
c0193	n	45	base::length
c0193	k	3	base::length
c0193	posthoc_alto__mezzo_diff	-0.3089329621019008	stats::median
c0193	posthoc_alto__mezzo_diff_wilcoxest	-0.3089329621019008	rstatix::wilcox_test
c0193	posthoc_alto__mezzo_ci_low	-1.2650189545933266	rstatix::wilcox_test
c0193	posthoc_alto__mezzo_ci_high	0.31319067702920744	rstatix::wilcox_test
c0193	posthoc_alto__mezzo_p	0.38923329872731333	stats::wilcox.test
c0193	posthoc_alto__mezzo_padj	1	stats::p.adjust
c0193	posthoc_alto__mezzo_u	91	stats::wilcox.test
c0193	posthoc_alto__mezzo_rank_biserial	-0.19111111111111106	effectsize::rank_biserial
c0193	posthoc_alto__soprano_diff	-0.68152272763709298	stats::median
c0193	posthoc_alto__soprano_diff_wilcoxest	-0.68152272763709298	rstatix::wilcox_test
c0193	posthoc_alto__soprano_ci_low	-1.0605232730604941	rstatix::wilcox_test
c0193	posthoc_alto__soprano_ci_high	-0.19609184422222814	rstatix::wilcox_test
c0193	posthoc_alto__soprano_p	0.003155375356697296	stats::wilcox.test
c0193	posthoc_alto__soprano_padj	0.0094661260700918889	stats::p.adjust
c0193	posthoc_alto__soprano_u	43	stats::wilcox.test
c0193	posthoc_alto__soprano_rank_biserial	-0.61777777777777776	effectsize::rank_biserial
c0193	posthoc_mezzo__soprano_diff	-0.31801762679231249	stats::median
c0193	posthoc_mezzo__soprano_diff_wilcoxest	-0.31801762679231249	rstatix::wilcox_test
c0193	posthoc_mezzo__soprano_ci_low	-1.0441721752403428	rstatix::wilcox_test
c0193	posthoc_mezzo__soprano_ci_high	0.58966193725927418	rstatix::wilcox_test
c0193	posthoc_mezzo__soprano_p	0.53929853958469687	stats::wilcox.test
c0193	posthoc_mezzo__soprano_padj	1	stats::p.adjust
c0193	posthoc_mezzo__soprano_u	97	stats::wilcox.test
c0193	posthoc_mezzo__soprano_rank_biserial	-0.13777777777777778	effectsize::rank_biserial
c0194	n	45	base::length
c0194	k	3	base::length
c0194	posthoc_alto__mezzo_diff	-0.3089329621019008	stats::median
c0194	posthoc_alto__mezzo_diff_wilcoxest	-0.3089329621019008	rstatix::wilcox_test
c0194	posthoc_alto__mezzo_p	0.38923329872731333	stats::wilcox.test
c0194	posthoc_alto__mezzo_padj	0.77846659745462665	stats::p.adjust
c0194	posthoc_alto__mezzo_u	91	stats::wilcox.test
c0194	posthoc_alto__mezzo_rank_biserial	-0.19111111111111106	effectsize::rank_biserial
c0194	posthoc_alto__soprano_diff	-0.68152272763709298	stats::median
c0194	posthoc_alto__soprano_diff_wilcoxest	-0.68152272763709298	rstatix::wilcox_test
c0194	posthoc_alto__soprano_p	0.003155375356697296	stats::wilcox.test
c0194	posthoc_alto__soprano_padj	0.0094661260700918889	stats::p.adjust
c0194	posthoc_alto__soprano_u	43	stats::wilcox.test
c0194	posthoc_alto__soprano_rank_biserial	-0.61777777777777776	effectsize::rank_biserial
c0194	posthoc_mezzo__soprano_diff	-0.31801762679231249	stats::median
c0194	posthoc_mezzo__soprano_diff_wilcoxest	-0.31801762679231249	rstatix::wilcox_test
c0194	posthoc_mezzo__soprano_p	0.53929853958469687	stats::wilcox.test
c0194	posthoc_mezzo__soprano_padj	0.77846659745462665	stats::p.adjust
c0194	posthoc_mezzo__soprano_u	97	stats::wilcox.test
c0194	posthoc_mezzo__soprano_rank_biserial	-0.13777777777777778	effectsize::rank_biserial
c0195	n	45	base::length
c0195	k	3	base::length
c0195	posthoc_alto__mezzo_diff	-0.3089329621019008	stats::median
c0195	posthoc_alto__mezzo_diff_wilcoxest	-0.3089329621019008	rstatix::wilcox_test
c0195	posthoc_alto__mezzo_p	0.38923329872731333	stats::wilcox.test
c0195	posthoc_alto__mezzo_padj	0.53929853958469687	stats::p.adjust
c0195	posthoc_alto__mezzo_u	91	stats::wilcox.test
c0195	posthoc_alto__mezzo_rank_biserial	-0.19111111111111106	effectsize::rank_biserial
c0195	posthoc_alto__soprano_diff	-0.68152272763709298	stats::median
c0195	posthoc_alto__soprano_diff_wilcoxest	-0.68152272763709298	rstatix::wilcox_test
c0195	posthoc_alto__soprano_p	0.003155375356697296	stats::wilcox.test
c0195	posthoc_alto__soprano_padj	0.0094661260700918889	stats::p.adjust
c0195	posthoc_alto__soprano_u	43	stats::wilcox.test
c0195	posthoc_alto__soprano_rank_biserial	-0.61777777777777776	effectsize::rank_biserial
c0195	posthoc_mezzo__soprano_diff	-0.31801762679231249	stats::median
c0195	posthoc_mezzo__soprano_diff_wilcoxest	-0.31801762679231249	rstatix::wilcox_test
c0195	posthoc_mezzo__soprano_p	0.53929853958469687	stats::wilcox.test
c0195	posthoc_mezzo__soprano_padj	0.53929853958469687	stats::p.adjust
c0195	posthoc_mezzo__soprano_u	97	stats::wilcox.test
c0195	posthoc_mezzo__soprano_rank_biserial	-0.13777777777777778	effectsize::rank_biserial
c0196	n	45	base::length
c0196	k	3	base::length
c0196	posthoc_alto__mezzo_diff	-0.43103470417544276	stats::mean
c0196	posthoc_alto__mezzo_f	1.5482127140870685	stats::pf
c0196	posthoc_alto__mezzo_padj	0.2245177092153601	stats::pf
c0196	posthoc_alto__mezzo_ci_low	-1.0526489625899234	stats::qf
c0196	posthoc_alto__mezzo_ci_high	0.19057955423903772	stats::qf
c0196	posthoc_alto__soprano_diff	-0.63516587575204131	stats::mean
c0196	posthoc_alto__soprano_f	3.3618665374159331	stats::pf
c0196	posthoc_alto__soprano_padj	0.044226588109195553	stats::pf
c0196	posthoc_alto__soprano_ci_low	-1.2567801341665219	stats::qf
c0196	posthoc_alto__soprano_ci_high	-0.013551617337560828	stats::qf
c0196	posthoc_mezzo__soprano_diff	-0.20413117157659855	stats::mean
c0196	posthoc_mezzo__soprano_f	0.34723605179025385	stats::pf
c0196	posthoc_mezzo__soprano_padj	0.7086478740307296	stats::pf
c0196	posthoc_mezzo__soprano_ci_low	-0.82574542999107903	stats::qf
c0196	posthoc_mezzo__soprano_ci_high	0.41748308683788193	stats::qf
c0197	n	45	base::length
c0197	k	3	base::length
c0197	posthoc_soprano__mezzo_diff	3.6265835638109252	rstatix::t_test
c0197	posthoc_soprano__mezzo_ci_low	-0.033393598991964833	rstatix::t_test
c0197	posthoc_soprano__mezzo_ci_high	7.2865607266138159	rstatix::t_test
c0197	posthoc_soprano__mezzo_p	0.017581375320619232	stats::t.test
c0197	posthoc_soprano__mezzo_padj	0.052744125961857694	stats::p.adjust
c0197	posthoc_soprano__mezzo_padj_ptt	0.052744125961857694	stats::pairwise.t.test
c0197	posthoc_soprano__mezzo_df	26.812472236579382	rstatix::t_test
c0197	posthoc_soprano__mezzo_t	2.5303362282675366	rstatix::t_test
c0197	posthoc_soprano__mezzo_cohens_d	0.92394815352978055	effectsize::cohens_d
c0197	posthoc_soprano__alto_diff	7.6501651597273224	rstatix::t_test
c0197	posthoc_soprano__alto_ci_low	4.2610939788475735	rstatix::t_test
c0197	posthoc_soprano__alto_ci_high	11.03923634060707	rstatix::t_test
c0197	posthoc_soprano__alto_p	3.6778688343916005e-06	stats::t.test
c0197	posthoc_soprano__alto_padj	1.1033606503174801e-05	stats::p.adjust
c0197	posthoc_soprano__alto_padj_ptt	1.1033606503174801e-05	stats::pairwise.t.test
c0197	posthoc_soprano__alto_df	27.805967266978147	rstatix::t_test
c0197	posthoc_soprano__alto_t	5.7506916451825898	rstatix::t_test
c0197	posthoc_soprano__alto_cohens_d	2.0998556902153331	effectsize::cohens_d
c0197	posthoc_mezzo__alto_diff	4.0235815959163972	rstatix::t_test
c0197	posthoc_mezzo__alto_ci_low	0.24083137018913126	rstatix::t_test
c0197	posthoc_mezzo__alto_ci_high	7.8063318216436635	rstatix::t_test
c0197	posthoc_mezzo__alto_p	0.011401850853692228	stats::t.test
c0197	posthoc_mezzo__alto_padj	0.034205552561076685	stats::p.adjust
c0197	posthoc_mezzo__alto_padj_ptt	0.034205552561076685	stats::pairwise.t.test
c0197	posthoc_mezzo__alto_df	27.540361656672331	rstatix::t_test
c0197	posthoc_mezzo__alto_t	2.7114570443279131	rstatix::t_test
c0197	posthoc_mezzo__alto_cohens_d	0.99008412458978878	effectsize::cohens_d
c0198	n	45	base::length
c0198	k	3	base::length
c0198	posthoc_soprano__mezzo_diff	3.6265835638109252	rstatix::t_test
c0198	posthoc_soprano__mezzo_p	0.017581375320619232	stats::t.test
c0198	posthoc_soprano__mezzo_padj	0.022803701707384456	stats::p.adjust
c0198	posthoc_soprano__mezzo_padj_ptt	0.022803701707384456	stats::pairwise.t.test
c0198	posthoc_soprano__mezzo_df	26.812472236579382	rstatix::t_test
c0198	posthoc_soprano__mezzo_t	2.5303362282675366	rstatix::t_test
c0198	posthoc_soprano__mezzo_cohens_d	0.92394815352978055	effectsize::cohens_d
c0198	posthoc_soprano__alto_diff	7.6501651597273224	rstatix::t_test
c0198	posthoc_soprano__alto_p	3.6778688343916005e-06	stats::t.test
c0198	posthoc_soprano__alto_padj	1.1033606503174801e-05	stats::p.adjust
c0198	posthoc_soprano__alto_padj_ptt	1.1033606503174801e-05	stats::pairwise.t.test
c0198	posthoc_soprano__alto_df	27.805967266978147	rstatix::t_test
c0198	posthoc_soprano__alto_t	5.7506916451825898	rstatix::t_test
c0198	posthoc_soprano__alto_cohens_d	2.0998556902153331	effectsize::cohens_d
c0198	posthoc_mezzo__alto_diff	4.0235815959163972	rstatix::t_test
c0198	posthoc_mezzo__alto_p	0.011401850853692228	stats::t.test
c0198	posthoc_mezzo__alto_padj	0.022803701707384456	stats::p.adjust
c0198	posthoc_mezzo__alto_padj_ptt	0.022803701707384456	stats::pairwise.t.test
c0198	posthoc_mezzo__alto_df	27.540361656672331	rstatix::t_test
c0198	posthoc_mezzo__alto_t	2.7114570443279131	rstatix::t_test
c0198	posthoc_mezzo__alto_cohens_d	0.99008412458978878	effectsize::cohens_d
c0199	n	45	base::length
c0199	k	3	base::length
c0199	posthoc_soprano__mezzo_diff	3.6265835638109252	rstatix::t_test
c0199	posthoc_soprano__mezzo_p	0.017581375320619232	stats::t.test
c0199	posthoc_soprano__mezzo_padj	0.017581375320619232	stats::p.adjust
c0199	posthoc_soprano__mezzo_padj_ptt	0.017581375320619232	stats::pairwise.t.test
c0199	posthoc_soprano__mezzo_df	26.812472236579382	rstatix::t_test
c0199	posthoc_soprano__mezzo_t	2.5303362282675366	rstatix::t_test
c0199	posthoc_soprano__mezzo_cohens_d	0.92394815352978055	effectsize::cohens_d
c0199	posthoc_soprano__alto_diff	7.6501651597273224	rstatix::t_test
c0199	posthoc_soprano__alto_p	3.6778688343916005e-06	stats::t.test
c0199	posthoc_soprano__alto_padj	1.1033606503174801e-05	stats::p.adjust
c0199	posthoc_soprano__alto_padj_ptt	1.1033606503174801e-05	stats::pairwise.t.test
c0199	posthoc_soprano__alto_df	27.805967266978147	rstatix::t_test
c0199	posthoc_soprano__alto_t	5.7506916451825898	rstatix::t_test
c0199	posthoc_soprano__alto_cohens_d	2.0998556902153331	effectsize::cohens_d
c0199	posthoc_mezzo__alto_diff	4.0235815959163972	rstatix::t_test
c0199	posthoc_mezzo__alto_p	0.011401850853692228	stats::t.test
c0199	posthoc_mezzo__alto_padj	0.017102776280538343	stats::p.adjust
c0199	posthoc_mezzo__alto_padj_ptt	0.017102776280538343	stats::pairwise.t.test
c0199	posthoc_mezzo__alto_df	27.540361656672331	rstatix::t_test
c0199	posthoc_mezzo__alto_t	2.7114570443279131	rstatix::t_test
c0199	posthoc_mezzo__alto_cohens_d	0.99008412458978878	effectsize::cohens_d
c0200	n	45	base::length
c0200	k	3	base::length
c0200	posthoc_soprano__mezzo_diff	3.6265835638109252	rstatix::t_test
c0200	posthoc_soprano__mezzo_ci_low	-0.023116748575857153	rstatix::t_test
c0200	posthoc_soprano__mezzo_ci_high	7.2762838761977084	rstatix::t_test
c0200	posthoc_soprano__mezzo_p	0.0172997042561541	stats::t.test
c0200	posthoc_soprano__mezzo_padj	0.051899112768462305	stats::p.adjust
c0200	posthoc_soprano__mezzo_padj_ptt	0.052744125961857694	stats::pairwise.t.test
c0200	posthoc_soprano__mezzo_df	28	rstatix::t_test
c0200	posthoc_soprano__mezzo_t	2.5303362282675366	rstatix::t_test
c0200	posthoc_soprano__mezzo_cohens_d	0.92394815352978055	effectsize::cohens_d
c0200	posthoc_soprano__alto_diff	7.6501651597273224	rstatix::t_test
c0200	posthoc_soprano__alto_ci_low	4.2625935892552009	rstatix::t_test
c0200	posthoc_soprano__alto_ci_high	11.037736730199445	rstatix::t_test
c0200	posthoc_soprano__alto_p	3.5868698199094371e-06	stats::t.test
c0200	posthoc_soprano__alto_padj	1.0760609459728311e-05	stats::p.adjust
c0200	posthoc_soprano__alto_padj_ptt	1.1033606503174801e-05	stats::pairwise.t.test
c0200	posthoc_soprano__alto_df	28	rstatix::t_test
c0200	posthoc_soprano__alto_t	5.7506916451825898	rstatix::t_test
c0200	posthoc_soprano__alto_cohens_d	2.0998556902153331	effectsize::cohens_d
c0200	posthoc_mezzo__alto_diff	4.0235815959163972	rstatix::t_test
c0200	posthoc_mezzo__alto_ci_low	0.24483443617294684	rstatix::t_test
c0200	posthoc_mezzo__alto_ci_high	7.8023287556598477	rstatix::t_test
c0200	posthoc_mezzo__alto_p	0.011316303292357397	stats::t.test
c0200	posthoc_mezzo__alto_padj	0.033948909877072192	stats::p.adjust
c0200	posthoc_mezzo__alto_padj_ptt	0.034205552561076685	stats::pairwise.t.test
c0200	posthoc_mezzo__alto_df	28	rstatix::t_test
c0200	posthoc_mezzo__alto_t	2.7114570443279131	rstatix::t_test
c0200	posthoc_mezzo__alto_cohens_d	0.99008412458978878	effectsize::cohens_d
c0201	n	45	base::length
c0201	k	3	base::length
c0201	posthoc_soprano__mezzo_diff	3.6265835638109252	rstatix::t_test
c0201	posthoc_soprano__mezzo_p	0.0172997042561541	stats::t.test
c0201	posthoc_soprano__mezzo_padj	0.022632606584714794	stats::p.adjust
c0201	posthoc_soprano__mezzo_padj_ptt	0.022803701707384456	stats::pairwise.t.test
c0201	posthoc_soprano__mezzo_df	28	rstatix::t_test
c0201	posthoc_soprano__mezzo_t	2.5303362282675366	rstatix::t_test
c0201	posthoc_soprano__mezzo_cohens_d	0.92394815352978055	effectsize::cohens_d
c0201	posthoc_soprano__alto_diff	7.6501651597273224	rstatix::t_test
c0201	posthoc_soprano__alto_p	3.5868698199094371e-06	stats::t.test
c0201	posthoc_soprano__alto_padj	1.0760609459728311e-05	stats::p.adjust
c0201	posthoc_soprano__alto_padj_ptt	1.1033606503174801e-05	stats::pairwise.t.test
c0201	posthoc_soprano__alto_df	28	rstatix::t_test
c0201	posthoc_soprano__alto_t	5.7506916451825898	rstatix::t_test
c0201	posthoc_soprano__alto_cohens_d	2.0998556902153331	effectsize::cohens_d
c0201	posthoc_mezzo__alto_diff	4.0235815959163972	rstatix::t_test
c0201	posthoc_mezzo__alto_p	0.011316303292357397	stats::t.test
c0201	posthoc_mezzo__alto_padj	0.022632606584714794	stats::p.adjust
c0201	posthoc_mezzo__alto_padj_ptt	0.022803701707384456	stats::pairwise.t.test
c0201	posthoc_mezzo__alto_df	28	rstatix::t_test
c0201	posthoc_mezzo__alto_t	2.7114570443279131	rstatix::t_test
c0201	posthoc_mezzo__alto_cohens_d	0.99008412458978878	effectsize::cohens_d
c0202	n	45	base::length
c0202	k	3	base::length
c0202	posthoc_soprano__mezzo_diff	3.6265835638109252	rstatix::t_test
c0202	posthoc_soprano__mezzo_p	0.0172997042561541	stats::t.test
c0202	posthoc_soprano__mezzo_padj	0.0172997042561541	stats::p.adjust
c0202	posthoc_soprano__mezzo_padj_ptt	0.017581375320619232	stats::pairwise.t.test
c0202	posthoc_soprano__mezzo_df	28	rstatix::t_test
c0202	posthoc_soprano__mezzo_t	2.5303362282675366	rstatix::t_test
c0202	posthoc_soprano__mezzo_cohens_d	0.92394815352978055	effectsize::cohens_d
c0202	posthoc_soprano__alto_diff	7.6501651597273224	rstatix::t_test
c0202	posthoc_soprano__alto_p	3.5868698199094371e-06	stats::t.test
c0202	posthoc_soprano__alto_padj	1.0760609459728311e-05	stats::p.adjust
c0202	posthoc_soprano__alto_padj_ptt	1.1033606503174801e-05	stats::pairwise.t.test
c0202	posthoc_soprano__alto_df	28	rstatix::t_test
c0202	posthoc_soprano__alto_t	5.7506916451825898	rstatix::t_test
c0202	posthoc_soprano__alto_cohens_d	2.0998556902153331	effectsize::cohens_d
c0202	posthoc_mezzo__alto_diff	4.0235815959163972	rstatix::t_test
c0202	posthoc_mezzo__alto_p	0.011316303292357397	stats::t.test
c0202	posthoc_mezzo__alto_padj	0.016974454938536096	stats::p.adjust
c0202	posthoc_mezzo__alto_padj_ptt	0.017102776280538343	stats::pairwise.t.test
c0202	posthoc_mezzo__alto_df	28	rstatix::t_test
c0202	posthoc_mezzo__alto_t	2.7114570443279131	rstatix::t_test
c0202	posthoc_mezzo__alto_cohens_d	0.99008412458978878	effectsize::cohens_d
c0203	n	45	base::length
c0203	k	3	base::length
c0203	posthoc_soprano__mezzo_diff	3.6540459691075569	stats::median
c0203	posthoc_soprano__mezzo_diff_wilcoxest	3.6540459691075569	rstatix::wilcox_test
c0203	posthoc_soprano__mezzo_ci_low	-0.36138795696048476	rstatix::wilcox_test
c0203	posthoc_soprano__mezzo_ci_high	7.1827758370409072	rstatix::wilcox_test
c0203	posthoc_soprano__mezzo_p	0.026354044340059071	stats::wilcox.test
c0203	posthoc_soprano__mezzo_padj	0.079062133020177214	stats::p.adjust
c0203	posthoc_soprano__mezzo_u	166	stats::wilcox.test
c0203	posthoc_soprano__mezzo_rank_biserial	0.47555555555555551	effectsize::rank_biserial
c0203	posthoc_soprano__alto_diff	7.8105556900550255	stats::median
c0203	posthoc_soprano__alto_diff_wilcoxest	7.8105556900550255	rstatix::wilcox_test
c0203	posthoc_soprano__alto_ci_low	3.7979889569752743	rstatix::wilcox_test
c0203	posthoc_soprano__alto_ci_high	11.356401046182839	rstatix::wilcox_test
c0203	posthoc_soprano__alto_p	3.5070184206142538e-06	stats::wilcox.test
c0203	posthoc_soprano__alto_padj	1.0521055261842762e-05	stats::p.adjust
c0203	posthoc_soprano__alto_u	213	stats::wilcox.test
c0203	posthoc_soprano__alto_rank_biserial	0.89333333333333331	effectsize::rank_biserial
c0203	posthoc_mezzo__alto_diff	4.0759233270156727	stats::median
c0203	posthoc_mezzo__alto_diff_wilcoxest	4.0759233270156727	rstatix::wilcox_test
c0203	posthoc_mezzo__alto_ci_low	0.53793514598683601	rstatix::wilcox_test
c0203	posthoc_mezzo__alto_ci_high	7.9329183504886629	rstatix::wilcox_test
c0203	posthoc_mezzo__alto_p	0.0098748226505942071	stats::wilcox.test
c0203	posthoc_mezzo__alto_padj	0.02962446795178262	stats::p.adjust
c0203	posthoc_mezzo__alto_u	174	stats::wilcox.test
c0203	posthoc_mezzo__alto_rank_biserial	0.54666666666666663	effectsize::rank_biserial
c0204	n	45	base::length
c0204	k	3	base::length
c0204	posthoc_soprano__mezzo_diff	3.6540459691075569	stats::median
c0204	posthoc_soprano__mezzo_diff_wilcoxest	3.6540459691075569	rstatix::wilcox_test
c0204	posthoc_soprano__mezzo_p	0.026354044340059071	stats::wilcox.test
c0204	posthoc_soprano__mezzo_padj	0.026354044340059071	stats::p.adjust
c0204	posthoc_soprano__mezzo_u	166	stats::wilcox.test
c0204	posthoc_soprano__mezzo_rank_biserial	0.47555555555555551	effectsize::rank_biserial
c0204	posthoc_soprano__alto_diff	7.8105556900550255	stats::median
c0204	posthoc_soprano__alto_diff_wilcoxest	7.8105556900550255	rstatix::wilcox_test
c0204	posthoc_soprano__alto_p	3.5070184206142538e-06	stats::wilcox.test
c0204	posthoc_soprano__alto_padj	1.0521055261842762e-05	stats::p.adjust
c0204	posthoc_soprano__alto_u	213	stats::wilcox.test
c0204	posthoc_soprano__alto_rank_biserial	0.89333333333333331	effectsize::rank_biserial
c0204	posthoc_mezzo__alto_diff	4.0759233270156727	stats::median
c0204	posthoc_mezzo__alto_diff_wilcoxest	4.0759233270156727	rstatix::wilcox_test
c0204	posthoc_mezzo__alto_p	0.0098748226505942071	stats::wilcox.test
c0204	posthoc_mezzo__alto_padj	0.019749645301188414	stats::p.adjust
c0204	posthoc_mezzo__alto_u	174	stats::wilcox.test
c0204	posthoc_mezzo__alto_rank_biserial	0.54666666666666663	effectsize::rank_biserial
c0205	n	45	base::length
c0205	k	3	base::length
c0205	posthoc_soprano__mezzo_diff	3.6540459691075569	stats::median
c0205	posthoc_soprano__mezzo_diff_wilcoxest	3.6540459691075569	rstatix::wilcox_test
c0205	posthoc_soprano__mezzo_p	0.026354044340059071	stats::wilcox.test
c0205	posthoc_soprano__mezzo_padj	0.026354044340059071	stats::p.adjust
c0205	posthoc_soprano__mezzo_u	166	stats::wilcox.test
c0205	posthoc_soprano__mezzo_rank_biserial	0.47555555555555551	effectsize::rank_biserial
c0205	posthoc_soprano__alto_diff	7.8105556900550255	stats::median
c0205	posthoc_soprano__alto_diff_wilcoxest	7.8105556900550255	rstatix::wilcox_test
c0205	posthoc_soprano__alto_p	3.5070184206142538e-06	stats::wilcox.test
c0205	posthoc_soprano__alto_padj	1.0521055261842762e-05	stats::p.adjust
c0205	posthoc_soprano__alto_u	213	stats::wilcox.test
c0205	posthoc_soprano__alto_rank_biserial	0.89333333333333331	effectsize::rank_biserial
c0205	posthoc_mezzo__alto_diff	4.0759233270156727	stats::median
c0205	posthoc_mezzo__alto_diff_wilcoxest	4.0759233270156727	rstatix::wilcox_test
c0205	posthoc_mezzo__alto_p	0.0098748226505942071	stats::wilcox.test
c0205	posthoc_mezzo__alto_padj	0.01481223397589131	stats::p.adjust
c0205	posthoc_mezzo__alto_u	174	stats::wilcox.test
c0205	posthoc_mezzo__alto_rank_biserial	0.54666666666666663	effectsize::rank_biserial
c0206	n	45	base::length
c0206	k	3	base::length
c0206	posthoc_soprano__mezzo_diff	3.6265835638109252	stats::mean
c0206	posthoc_soprano__mezzo_f	3.273892707516826	stats::pf
c0206	posthoc_soprano__mezzo_padj	0.047717447191243836	stats::pf
c0206	posthoc_soprano__mezzo_ci_low	0.030005327858696251	stats::qf
c0206	posthoc_soprano__mezzo_ci_high	7.2231617997631545	stats::qf
c0206	posthoc_soprano__alto_diff	7.6501651597273224	stats::mean
c0206	posthoc_soprano__alto_f	14.568360750795387	stats::pf
c0206	posthoc_soprano__alto_padj	1.5640993493265194e-05	stats::pf
c0206	posthoc_soprano__alto_ci_low	4.053586923775093	stats::qf
c0206	posthoc_soprano__alto_ci_high	11.246743395679552	stats::qf
c0206	posthoc_mezzo__alto_diff	4.0235815959163972	stats::mean
c0206	posthoc_mezzo__alto_f	4.0299039083618693	stats::pf
c0206	posthoc_mezzo__alto_padj	0.02505892063329361	stats::pf
c0206	posthoc_mezzo__alto_ci_low	0.42700335996416827	stats::qf
c0206	posthoc_mezzo__alto_ci_high	7.6201598318686266	stats::qf
c0207	n	45	base::length
c0207	k	3	base::length
c0207	posthoc_alto__mezzo_diff	-4.0235815959163972	rstatix::t_test
c0207	posthoc_alto__mezzo_ci_low	-7.8063318216436635	rstatix::t_test
c0207	posthoc_alto__mezzo_ci_high	-0.24083137018913126	rstatix::t_test
c0207	posthoc_alto__mezzo_p	0.011401850853692228	stats::t.test
c0207	posthoc_alto__mezzo_padj	0.034205552561076685	stats::p.adjust
c0207	posthoc_alto__mezzo_padj_ptt	0.034205552561076685	stats::pairwise.t.test
c0207	posthoc_alto__mezzo_df	27.540361656672331	rstatix::t_test
c0207	posthoc_alto__mezzo_t	-2.7114570443279131	rstatix::t_test
c0207	posthoc_alto__mezzo_cohens_d	-0.99008412458978878	effectsize::cohens_d
c0207	posthoc_alto__soprano_diff	-7.6501651597273224	rstatix::t_test
c0207	posthoc_alto__soprano_ci_low	-11.03923634060707	rstatix::t_test
c0207	posthoc_alto__soprano_ci_high	-4.2610939788475735	rstatix::t_test
c0207	posthoc_alto__soprano_p	3.6778688343916005e-06	stats::t.test
c0207	posthoc_alto__soprano_padj	1.1033606503174801e-05	stats::p.adjust
c0207	posthoc_alto__soprano_padj_ptt	1.1033606503174801e-05	stats::pairwise.t.test
c0207	posthoc_alto__soprano_df	27.805967266978147	rstatix::t_test
c0207	posthoc_alto__soprano_t	-5.7506916451825898	rstatix::t_test
c0207	posthoc_alto__soprano_cohens_d	-2.0998556902153331	effectsize::cohens_d
c0207	posthoc_mezzo__soprano_diff	-3.6265835638109252	rstatix::t_test
c0207	posthoc_mezzo__soprano_ci_low	-7.2865607266138159	rstatix::t_test
c0207	posthoc_mezzo__soprano_ci_high	0.033393598991964833	rstatix::t_test
c0207	posthoc_mezzo__soprano_p	0.017581375320619232	stats::t.test
c0207	posthoc_mezzo__soprano_padj	0.052744125961857694	stats::p.adjust
c0207	posthoc_mezzo__soprano_padj_ptt	0.052744125961857694	stats::pairwise.t.test
c0207	posthoc_mezzo__soprano_df	26.812472236579382	rstatix::t_test
c0207	posthoc_mezzo__soprano_t	-2.5303362282675366	rstatix::t_test
c0207	posthoc_mezzo__soprano_cohens_d	-0.92394815352978055	effectsize::cohens_d
c0208	n	45	base::length
c0208	k	3	base::length
c0208	posthoc_alto__mezzo_diff	-4.0235815959163972	rstatix::t_test
c0208	posthoc_alto__mezzo_p	0.011401850853692228	stats::t.test
c0208	posthoc_alto__mezzo_padj	0.022803701707384456	stats::p.adjust
c0208	posthoc_alto__mezzo_padj_ptt	0.022803701707384456	stats::pairwise.t.test
c0208	posthoc_alto__mezzo_df	27.540361656672331	rstatix::t_test
c0208	posthoc_alto__mezzo_t	-2.7114570443279131	rstatix::t_test
c0208	posthoc_alto__mezzo_cohens_d	-0.99008412458978878	effectsize::cohens_d
c0208	posthoc_alto__soprano_diff	-7.6501651597273224	rstatix::t_test
c0208	posthoc_alto__soprano_p	3.6778688343916005e-06	stats::t.test
c0208	posthoc_alto__soprano_padj	1.1033606503174801e-05	stats::p.adjust
c0208	posthoc_alto__soprano_padj_ptt	1.1033606503174801e-05	stats::pairwise.t.test
c0208	posthoc_alto__soprano_df	27.805967266978147	rstatix::t_test
c0208	posthoc_alto__soprano_t	-5.7506916451825898	rstatix::t_test
c0208	posthoc_alto__soprano_cohens_d	-2.0998556902153331	effectsize::cohens_d
c0208	posthoc_mezzo__soprano_diff	-3.6265835638109252	rstatix::t_test
c0208	posthoc_mezzo__soprano_p	0.017581375320619232	stats::t.test
c0208	posthoc_mezzo__soprano_padj	0.022803701707384456	stats::p.adjust
c0208	posthoc_mezzo__soprano_padj_ptt	0.022803701707384456	stats::pairwise.t.test
c0208	posthoc_mezzo__soprano_df	26.812472236579382	rstatix::t_test
c0208	posthoc_mezzo__soprano_t	-2.5303362282675366	rstatix::t_test
c0208	posthoc_mezzo__soprano_cohens_d	-0.92394815352978055	effectsize::cohens_d
c0209	n	45	base::length
c0209	k	3	base::length
c0209	posthoc_alto__mezzo_diff	-4.0235815959163972	rstatix::t_test
c0209	posthoc_alto__mezzo_p	0.011401850853692228	stats::t.test
c0209	posthoc_alto__mezzo_padj	0.017102776280538343	stats::p.adjust
c0209	posthoc_alto__mezzo_padj_ptt	0.017102776280538343	stats::pairwise.t.test
c0209	posthoc_alto__mezzo_df	27.540361656672331	rstatix::t_test
c0209	posthoc_alto__mezzo_t	-2.7114570443279131	rstatix::t_test
c0209	posthoc_alto__mezzo_cohens_d	-0.99008412458978878	effectsize::cohens_d
c0209	posthoc_alto__soprano_diff	-7.6501651597273224	rstatix::t_test
c0209	posthoc_alto__soprano_p	3.6778688343916005e-06	stats::t.test
c0209	posthoc_alto__soprano_padj	1.1033606503174801e-05	stats::p.adjust
c0209	posthoc_alto__soprano_padj_ptt	1.1033606503174801e-05	stats::pairwise.t.test
c0209	posthoc_alto__soprano_df	27.805967266978147	rstatix::t_test
c0209	posthoc_alto__soprano_t	-5.7506916451825898	rstatix::t_test
c0209	posthoc_alto__soprano_cohens_d	-2.0998556902153331	effectsize::cohens_d
c0209	posthoc_mezzo__soprano_diff	-3.6265835638109252	rstatix::t_test
c0209	posthoc_mezzo__soprano_p	0.017581375320619232	stats::t.test
c0209	posthoc_mezzo__soprano_padj	0.017581375320619232	stats::p.adjust
c0209	posthoc_mezzo__soprano_padj_ptt	0.017581375320619232	stats::pairwise.t.test
c0209	posthoc_mezzo__soprano_df	26.812472236579382	rstatix::t_test
c0209	posthoc_mezzo__soprano_t	-2.5303362282675366	rstatix::t_test
c0209	posthoc_mezzo__soprano_cohens_d	-0.92394815352978055	effectsize::cohens_d
c0210	n	45	base::length
c0210	k	3	base::length
c0210	posthoc_alto__mezzo_diff	-4.0235815959163972	rstatix::t_test
c0210	posthoc_alto__mezzo_ci_low	-7.8023287556598477	rstatix::t_test
c0210	posthoc_alto__mezzo_ci_high	-0.24483443617294684	rstatix::t_test
c0210	posthoc_alto__mezzo_p	0.011316303292357397	stats::t.test
c0210	posthoc_alto__mezzo_padj	0.033948909877072192	stats::p.adjust
c0210	posthoc_alto__mezzo_padj_ptt	0.034205552561076685	stats::pairwise.t.test
c0210	posthoc_alto__mezzo_df	28	rstatix::t_test
c0210	posthoc_alto__mezzo_t	-2.7114570443279131	rstatix::t_test
c0210	posthoc_alto__mezzo_cohens_d	-0.99008412458978878	effectsize::cohens_d
c0210	posthoc_alto__soprano_diff	-7.6501651597273224	rstatix::t_test
c0210	posthoc_alto__soprano_ci_low	-11.037736730199445	rstatix::t_test
c0210	posthoc_alto__soprano_ci_high	-4.2625935892552009	rstatix::t_test
c0210	posthoc_alto__soprano_p	3.5868698199094371e-06	stats::t.test
c0210	posthoc_alto__soprano_padj	1.0760609459728311e-05	stats::p.adjust
c0210	posthoc_alto__soprano_padj_ptt	1.1033606503174801e-05	stats::pairwise.t.test
c0210	posthoc_alto__soprano_df	28	rstatix::t_test
c0210	posthoc_alto__soprano_t	-5.7506916451825898	rstatix::t_test
c0210	posthoc_alto__soprano_cohens_d	-2.0998556902153331	effectsize::cohens_d
c0210	posthoc_mezzo__soprano_diff	-3.6265835638109252	rstatix::t_test
c0210	posthoc_mezzo__soprano_ci_low	-7.2762838761977084	rstatix::t_test
c0210	posthoc_mezzo__soprano_ci_high	0.023116748575857153	rstatix::t_test
c0210	posthoc_mezzo__soprano_p	0.0172997042561541	stats::t.test
c0210	posthoc_mezzo__soprano_padj	0.051899112768462305	stats::p.adjust
c0210	posthoc_mezzo__soprano_padj_ptt	0.052744125961857694	stats::pairwise.t.test
c0210	posthoc_mezzo__soprano_df	28	rstatix::t_test
c0210	posthoc_mezzo__soprano_t	-2.5303362282675366	rstatix::t_test
c0210	posthoc_mezzo__soprano_cohens_d	-0.92394815352978055	effectsize::cohens_d
c0211	n	45	base::length
c0211	k	3	base::length
c0211	posthoc_alto__mezzo_diff	-4.0235815959163972	rstatix::t_test
c0211	posthoc_alto__mezzo_p	0.011316303292357397	stats::t.test
c0211	posthoc_alto__mezzo_padj	0.022632606584714794	stats::p.adjust
c0211	posthoc_alto__mezzo_padj_ptt	0.022803701707384456	stats::pairwise.t.test
c0211	posthoc_alto__mezzo_df	28	rstatix::t_test
c0211	posthoc_alto__mezzo_t	-2.7114570443279131	rstatix::t_test
c0211	posthoc_alto__mezzo_cohens_d	-0.99008412458978878	effectsize::cohens_d
c0211	posthoc_alto__soprano_diff	-7.6501651597273224	rstatix::t_test
c0211	posthoc_alto__soprano_p	3.5868698199094371e-06	stats::t.test
c0211	posthoc_alto__soprano_padj	1.0760609459728311e-05	stats::p.adjust
c0211	posthoc_alto__soprano_padj_ptt	1.1033606503174801e-05	stats::pairwise.t.test
c0211	posthoc_alto__soprano_df	28	rstatix::t_test
c0211	posthoc_alto__soprano_t	-5.7506916451825898	rstatix::t_test
c0211	posthoc_alto__soprano_cohens_d	-2.0998556902153331	effectsize::cohens_d
c0211	posthoc_mezzo__soprano_diff	-3.6265835638109252	rstatix::t_test
c0211	posthoc_mezzo__soprano_p	0.0172997042561541	stats::t.test
c0211	posthoc_mezzo__soprano_padj	0.022632606584714794	stats::p.adjust
c0211	posthoc_mezzo__soprano_padj_ptt	0.022803701707384456	stats::pairwise.t.test
c0211	posthoc_mezzo__soprano_df	28	rstatix::t_test
c0211	posthoc_mezzo__soprano_t	-2.5303362282675366	rstatix::t_test
c0211	posthoc_mezzo__soprano_cohens_d	-0.92394815352978055	effectsize::cohens_d
c0212	n	45	base::length
c0212	k	3	base::length
c0212	posthoc_alto__mezzo_diff	-4.0235815959163972	rstatix::t_test
c0212	posthoc_alto__mezzo_p	0.011316303292357397	stats::t.test
c0212	posthoc_alto__mezzo_padj	0.016974454938536096	stats::p.adjust
c0212	posthoc_alto__mezzo_padj_ptt	0.017102776280538343	stats::pairwise.t.test
c0212	posthoc_alto__mezzo_df	28	rstatix::t_test
c0212	posthoc_alto__mezzo_t	-2.7114570443279131	rstatix::t_test
c0212	posthoc_alto__mezzo_cohens_d	-0.99008412458978878	effectsize::cohens_d
c0212	posthoc_alto__soprano_diff	-7.6501651597273224	rstatix::t_test
c0212	posthoc_alto__soprano_p	3.5868698199094371e-06	stats::t.test
c0212	posthoc_alto__soprano_padj	1.0760609459728311e-05	stats::p.adjust
c0212	posthoc_alto__soprano_padj_ptt	1.1033606503174801e-05	stats::pairwise.t.test
c0212	posthoc_alto__soprano_df	28	rstatix::t_test
c0212	posthoc_alto__soprano_t	-5.7506916451825898	rstatix::t_test
c0212	posthoc_alto__soprano_cohens_d	-2.0998556902153331	effectsize::cohens_d
c0212	posthoc_mezzo__soprano_diff	-3.6265835638109252	rstatix::t_test
c0212	posthoc_mezzo__soprano_p	0.0172997042561541	stats::t.test
c0212	posthoc_mezzo__soprano_padj	0.0172997042561541	stats::p.adjust
c0212	posthoc_mezzo__soprano_padj_ptt	0.017581375320619232	stats::pairwise.t.test
c0212	posthoc_mezzo__soprano_df	28	rstatix::t_test
c0212	posthoc_mezzo__soprano_t	-2.5303362282675366	rstatix::t_test
c0212	posthoc_mezzo__soprano_cohens_d	-0.92394815352978055	effectsize::cohens_d
c0213	n	45	base::length
c0213	k	3	base::length
c0213	posthoc_alto__mezzo_diff	-4.0759233270156727	stats::median
c0213	posthoc_alto__mezzo_diff_wilcoxest	-4.0759233270156727	rstatix::wilcox_test
c0213	posthoc_alto__mezzo_ci_low	-7.9329183504886629	rstatix::wilcox_test
c0213	posthoc_alto__mezzo_ci_high	-0.53793514598683601	rstatix::wilcox_test
c0213	posthoc_alto__mezzo_p	0.0098748226505942071	stats::wilcox.test
c0213	posthoc_alto__mezzo_padj	0.02962446795178262	stats::p.adjust
c0213	posthoc_alto__mezzo_u	51	stats::wilcox.test
c0213	posthoc_alto__mezzo_rank_biserial	-0.54666666666666663	effectsize::rank_biserial
c0213	posthoc_alto__soprano_diff	-7.8105556900550255	stats::median
c0213	posthoc_alto__soprano_diff_wilcoxest	-7.8105556900550255	rstatix::wilcox_test
c0213	posthoc_alto__soprano_ci_low	-11.356401046182839	rstatix::wilcox_test
c0213	posthoc_alto__soprano_ci_high	-3.7979889569752743	rstatix::wilcox_test
c0213	posthoc_alto__soprano_p	3.5070184206142538e-06	stats::wilcox.test
c0213	posthoc_alto__soprano_padj	1.0521055261842762e-05	stats::p.adjust
c0213	posthoc_alto__soprano_u	12	stats::wilcox.test
c0213	posthoc_alto__soprano_rank_biserial	-0.89333333333333331	effectsize::rank_biserial
c0213	posthoc_mezzo__soprano_diff	-3.6540459691075569	stats::median
c0213	posthoc_mezzo__soprano_diff_wilcoxest	-3.6540459691075569	rstatix::wilcox_test
c0213	posthoc_mezzo__soprano_ci_low	-7.1827758370409072	rstatix::wilcox_test
c0213	posthoc_mezzo__soprano_ci_high	0.36138795696048476	rstatix::wilcox_test
c0213	posthoc_mezzo__soprano_p	0.026354044340059071	stats::wilcox.test
c0213	posthoc_mezzo__soprano_padj	0.079062133020177214	stats::p.adjust
c0213	posthoc_mezzo__soprano_u	59	stats::wilcox.test
c0213	posthoc_mezzo__soprano_rank_biserial	-0.47555555555555551	effectsize::rank_biserial
c0214	n	45	base::length
c0214	k	3	base::length
c0214	posthoc_alto__mezzo_diff	-4.0759233270156727	stats::median
c0214	posthoc_alto__mezzo_diff_wilcoxest	-4.0759233270156727	rstatix::wilcox_test
c0214	posthoc_alto__mezzo_p	0.0098748226505942071	stats::wilcox.test
c0214	posthoc_alto__mezzo_padj	0.019749645301188414	stats::p.adjust
c0214	posthoc_alto__mezzo_u	51	stats::wilcox.test
c0214	posthoc_alto__mezzo_rank_biserial	-0.54666666666666663	effectsize::rank_biserial
c0214	posthoc_alto__soprano_diff	-7.8105556900550255	stats::median
c0214	posthoc_alto__soprano_diff_wilcoxest	-7.8105556900550255	rstatix::wilcox_test
c0214	posthoc_alto__soprano_p	3.5070184206142538e-06	stats::wilcox.test
c0214	posthoc_alto__soprano_padj	1.0521055261842762e-05	stats::p.adjust
c0214	posthoc_alto__soprano_u	12	stats::wilcox.test
c0214	posthoc_alto__soprano_rank_biserial	-0.89333333333333331	effectsize::rank_biserial
c0214	posthoc_mezzo__soprano_diff	-3.6540459691075569	stats::median
c0214	posthoc_mezzo__soprano_diff_wilcoxest	-3.6540459691075569	rstatix::wilcox_test
c0214	posthoc_mezzo__soprano_p	0.026354044340059071	stats::wilcox.test
c0214	posthoc_mezzo__soprano_padj	0.026354044340059071	stats::p.adjust
c0214	posthoc_mezzo__soprano_u	59	stats::wilcox.test
c0214	posthoc_mezzo__soprano_rank_biserial	-0.47555555555555551	effectsize::rank_biserial
c0215	n	45	base::length
c0215	k	3	base::length
c0215	posthoc_alto__mezzo_diff	-4.0759233270156727	stats::median
c0215	posthoc_alto__mezzo_diff_wilcoxest	-4.0759233270156727	rstatix::wilcox_test
c0215	posthoc_alto__mezzo_p	0.0098748226505942071	stats::wilcox.test
c0215	posthoc_alto__mezzo_padj	0.01481223397589131	stats::p.adjust
c0215	posthoc_alto__mezzo_u	51	stats::wilcox.test
c0215	posthoc_alto__mezzo_rank_biserial	-0.54666666666666663	effectsize::rank_biserial
c0215	posthoc_alto__soprano_diff	-7.8105556900550255	stats::median
c0215	posthoc_alto__soprano_diff_wilcoxest	-7.8105556900550255	rstatix::wilcox_test
c0215	posthoc_alto__soprano_p	3.5070184206142538e-06	stats::wilcox.test
c0215	posthoc_alto__soprano_padj	1.0521055261842762e-05	stats::p.adjust
c0215	posthoc_alto__soprano_u	12	stats::wilcox.test
c0215	posthoc_alto__soprano_rank_biserial	-0.89333333333333331	effectsize::rank_biserial
c0215	posthoc_mezzo__soprano_diff	-3.6540459691075569	stats::median
c0215	posthoc_mezzo__soprano_diff_wilcoxest	-3.6540459691075569	rstatix::wilcox_test
c0215	posthoc_mezzo__soprano_p	0.026354044340059071	stats::wilcox.test
c0215	posthoc_mezzo__soprano_padj	0.026354044340059071	stats::p.adjust
c0215	posthoc_mezzo__soprano_u	59	stats::wilcox.test
c0215	posthoc_mezzo__soprano_rank_biserial	-0.47555555555555551	effectsize::rank_biserial
c0216	n	45	base::length
c0216	k	3	base::length
c0216	posthoc_alto__mezzo_diff	-4.0235815959163972	stats::mean
c0216	posthoc_alto__mezzo_f	4.0299039083618693	stats::pf
c0216	posthoc_alto__mezzo_padj	0.02505892063329361	stats::pf
c0216	posthoc_alto__mezzo_ci_low	-7.6201598318686266	stats::qf
c0216	posthoc_alto__mezzo_ci_high	-0.42700335996416827	stats::qf
c0216	posthoc_alto__soprano_diff	-7.6501651597273224	stats::mean
c0216	posthoc_alto__soprano_f	14.568360750795387	stats::pf
c0216	posthoc_alto__soprano_padj	1.5640993493265194e-05	stats::pf
c0216	posthoc_alto__soprano_ci_low	-11.246743395679552	stats::qf
c0216	posthoc_alto__soprano_ci_high	-4.053586923775093	stats::qf
c0216	posthoc_mezzo__soprano_diff	-3.6265835638109252	stats::mean
c0216	posthoc_mezzo__soprano_f	3.273892707516826	stats::pf
c0216	posthoc_mezzo__soprano_padj	0.047717447191243836	stats::pf
c0216	posthoc_mezzo__soprano_ci_low	-7.2231617997631545	stats::qf
c0216	posthoc_mezzo__soprano_ci_high	-0.030005327858696251	stats::qf
c0217	n	45	base::length
c0217	k	3	base::length
c0217	posthoc_soprano__mezzo_diff	0.052808717896671631	rstatix::t_test
c0217	posthoc_soprano__mezzo_ci_low	-0.58513693651936927	rstatix::t_test
c0217	posthoc_soprano__mezzo_ci_high	0.69075437231271242	rstatix::t_test
c0217	posthoc_soprano__mezzo_p	0.83425160618419814	stats::t.test
c0217	posthoc_soprano__mezzo_padj	1	stats::p.adjust
c0217	posthoc_soprano__mezzo_padj_ptt	1	stats::pairwise.t.test
c0217	posthoc_soprano__mezzo_df	27.013429401787366	rstatix::t_test
c0217	posthoc_soprano__mezzo_t	0.21128392504106688	rstatix::t_test
c0217	posthoc_soprano__mezzo_cohens_d	0.077149981188815317	effectsize::cohens_d
c0217	posthoc_soprano__alto_diff	0.70136623274578191	rstatix::t_test
c0217	posthoc_soprano__alto_ci_low	0.18382392230233416	rstatix::t_test
c0217	posthoc_soprano__alto_ci_high	1.2189085431892295	rstatix::t_test
c0217	posthoc_soprano__alto_p	0.001825338749404094	stats::t.test
c0217	posthoc_soprano__alto_padj	0.0054760162482122825	stats::p.adjust
c0217	posthoc_soprano__alto_padj_ptt	0.0054760162482122825	stats::pairwise.t.test
c0217	posthoc_soprano__alto_df	26.573053729206979	rstatix::t_test
c0217	posthoc_soprano__alto_t	3.4627226129358131	rstatix::t_test
c0217	posthoc_soprano__alto_cohens_d	1.2644075236587835	effectsize::cohens_d
c0217	posthoc_mezzo__alto_diff	0.64855751484911028	rstatix::t_test
c0217	posthoc_mezzo__alto_ci_low	0.056364456991586084	rstatix::t_test
c0217	posthoc_mezzo__alto_ci_high	1.2407505727066346	rstatix::t_test
c0217	posthoc_mezzo__alto_p	0.0095072431968955488	stats::t.test
c0217	posthoc_mezzo__alto_padj	0.028521729590686648	stats::p.adjust
c0217	posthoc_mezzo__alto_padj_ptt	0.028521729590686648	stats::pairwise.t.test
c0217	posthoc_mezzo__alto_df	24.056053913639921	rstatix::t_test
c0217	posthoc_mezzo__alto_t	2.8181079880793596	rstatix::t_test
c0217	posthoc_mezzo__alto_cohens_d	1.02902754303771	effectsize::cohens_d
c0218	n	45	base::length
c0218	k	3	base::length
c0218	posthoc_soprano__mezzo_diff	0.052808717896671631	rstatix::t_test
c0218	posthoc_soprano__mezzo_p	0.83425160618419814	stats::t.test
c0218	posthoc_soprano__mezzo_padj	0.83425160618419814	stats::p.adjust
c0218	posthoc_soprano__mezzo_padj_ptt	0.83425160618419814	stats::pairwise.t.test
c0218	posthoc_soprano__mezzo_df	27.013429401787366	rstatix::t_test
c0218	posthoc_soprano__mezzo_t	0.21128392504106688	rstatix::t_test
c0218	posthoc_soprano__mezzo_cohens_d	0.077149981188815317	effectsize::cohens_d
c0218	posthoc_soprano__alto_diff	0.70136623274578191	rstatix::t_test
c0218	posthoc_soprano__alto_p	0.001825338749404094	stats::t.test
c0218	posthoc_soprano__alto_padj	0.0054760162482122825	stats::p.adjust
c0218	posthoc_soprano__alto_padj_ptt	0.0054760162482122825	stats::pairwise.t.test
c0218	posthoc_soprano__alto_df	26.573053729206979	rstatix::t_test
c0218	posthoc_soprano__alto_t	3.4627226129358131	rstatix::t_test
c0218	posthoc_soprano__alto_cohens_d	1.2644075236587835	effectsize::cohens_d
c0218	posthoc_mezzo__alto_diff	0.64855751484911028	rstatix::t_test
c0218	posthoc_mezzo__alto_p	0.0095072431968955488	stats::t.test
c0218	posthoc_mezzo__alto_padj	0.019014486393791098	stats::p.adjust
c0218	posthoc_mezzo__alto_padj_ptt	0.019014486393791098	stats::pairwise.t.test
c0218	posthoc_mezzo__alto_df	24.056053913639921	rstatix::t_test
c0218	posthoc_mezzo__alto_t	2.8181079880793596	rstatix::t_test
c0218	posthoc_mezzo__alto_cohens_d	1.02902754303771	effectsize::cohens_d
c0219	n	45	base::length
c0219	k	3	base::length
c0219	posthoc_soprano__mezzo_diff	0.052808717896671631	rstatix::t_test
c0219	posthoc_soprano__mezzo_p	0.83425160618419814	stats::t.test
c0219	posthoc_soprano__mezzo_padj	0.83425160618419814	stats::p.adjust
c0219	posthoc_soprano__mezzo_padj_ptt	0.83425160618419814	stats::pairwise.t.test
c0219	posthoc_soprano__mezzo_df	27.013429401787366	rstatix::t_test
c0219	posthoc_soprano__mezzo_t	0.21128392504106688	rstatix::t_test
c0219	posthoc_soprano__mezzo_cohens_d	0.077149981188815317	effectsize::cohens_d
c0219	posthoc_soprano__alto_diff	0.70136623274578191	rstatix::t_test
c0219	posthoc_soprano__alto_p	0.001825338749404094	stats::t.test
c0219	posthoc_soprano__alto_padj	0.0054760162482122825	stats::p.adjust
c0219	posthoc_soprano__alto_padj_ptt	0.0054760162482122825	stats::pairwise.t.test
c0219	posthoc_soprano__alto_df	26.573053729206979	rstatix::t_test
c0219	posthoc_soprano__alto_t	3.4627226129358131	rstatix::t_test
c0219	posthoc_soprano__alto_cohens_d	1.2644075236587835	effectsize::cohens_d
c0219	posthoc_mezzo__alto_diff	0.64855751484911028	rstatix::t_test
c0219	posthoc_mezzo__alto_p	0.0095072431968955488	stats::t.test
c0219	posthoc_mezzo__alto_padj	0.014260864795343324	stats::p.adjust
c0219	posthoc_mezzo__alto_padj_ptt	0.014260864795343324	stats::pairwise.t.test
c0219	posthoc_mezzo__alto_df	24.056053913639921	rstatix::t_test
c0219	posthoc_mezzo__alto_t	2.8181079880793596	rstatix::t_test
c0219	posthoc_mezzo__alto_cohens_d	1.02902754303771	effectsize::cohens_d
c0220	n	45	base::length
c0220	k	3	base::length
c0220	posthoc_soprano__mezzo_diff	0.052808717896671631	rstatix::t_test
c0220	posthoc_soprano__mezzo_ci_low	-0.58365978559860776	rstatix::t_test
c0220	posthoc_soprano__mezzo_ci_high	0.68927722139195091	rstatix::t_test
c0220	posthoc_soprano__mezzo_p	0.8341960087585516	stats::t.test
c0220	posthoc_soprano__mezzo_padj	1	stats::p.adjust
c0220	posthoc_soprano__mezzo_padj_ptt	1	stats::pairwise.t.test
c0220	posthoc_soprano__mezzo_df	28	rstatix::t_test
c0220	posthoc_soprano__mezzo_t	0.21128392504106688	rstatix::t_test
c0220	posthoc_soprano__mezzo_cohens_d	0.077149981188815317	effectsize::cohens_d
c0220	posthoc_soprano__alto_diff	0.70136623274578191	rstatix::t_test
c0220	posthoc_soprano__alto_ci_low	0.18558575600542268	rstatix::t_test
c0220	posthoc_soprano__alto_ci_high	1.2171467094861412	rstatix::t_test
c0220	posthoc_soprano__alto_p	0.00173670005323221	stats::t.test
c0220	posthoc_soprano__alto_padj	0.0052101001596966297	stats::p.adjust
c0220	posthoc_soprano__alto_padj_ptt	0.0054760162482122825	stats::pairwise.t.test
c0220	posthoc_soprano__alto_df	28	rstatix::t_test
c0220	posthoc_soprano__alto_t	3.4627226129358131	rstatix::t_test
c0220	posthoc_soprano__alto_cohens_d	1.2644075236587835	effectsize::cohens_d
c0220	posthoc_mezzo__alto_diff	0.64855751484911028	rstatix::t_test
c0220	posthoc_mezzo__alto_ci_low	0.062515686955305891	rstatix::t_test
c0220	posthoc_mezzo__alto_ci_high	1.2345993427429147	rstatix::t_test
c0220	posthoc_mezzo__alto_p	0.0087638532938986522	stats::t.test
c0220	posthoc_mezzo__alto_padj	0.026291559881695958	stats::p.adjust
c0220	posthoc_mezzo__alto_padj_ptt	0.028521729590686648	stats::pairwise.t.test
c0220	posthoc_mezzo__alto_df	28	rstatix::t_test
c0220	posthoc_mezzo__alto_t	2.8181079880793596	rstatix::t_test
c0220	posthoc_mezzo__alto_cohens_d	1.02902754303771	effectsize::cohens_d
c0221	n	45	base::length
c0221	k	3	base::length
c0221	posthoc_soprano__mezzo_diff	0.052808717896671631	rstatix::t_test
c0221	posthoc_soprano__mezzo_p	0.8341960087585516	stats::t.test
c0221	posthoc_soprano__mezzo_padj	0.8341960087585516	stats::p.adjust
c0221	posthoc_soprano__mezzo_padj_ptt	0.83425160618419814	stats::pairwise.t.test
c0221	posthoc_soprano__mezzo_df	28	rstatix::t_test
c0221	posthoc_soprano__mezzo_t	0.21128392504106688	rstatix::t_test
c0221	posthoc_soprano__mezzo_cohens_d	0.077149981188815317	effectsize::cohens_d
c0221	posthoc_soprano__alto_diff	0.70136623274578191	rstatix::t_test
c0221	posthoc_soprano__alto_p	0.00173670005323221	stats::t.test
c0221	posthoc_soprano__alto_padj	0.0052101001596966297	stats::p.adjust
c0221	posthoc_soprano__alto_padj_ptt	0.0054760162482122825	stats::pairwise.t.test
c0221	posthoc_soprano__alto_df	28	rstatix::t_test
c0221	posthoc_soprano__alto_t	3.4627226129358131	rstatix::t_test
c0221	posthoc_soprano__alto_cohens_d	1.2644075236587835	effectsize::cohens_d
c0221	posthoc_mezzo__alto_diff	0.64855751484911028	rstatix::t_test
c0221	posthoc_mezzo__alto_p	0.0087638532938986522	stats::t.test
c0221	posthoc_mezzo__alto_padj	0.017527706587797304	stats::p.adjust
c0221	posthoc_mezzo__alto_padj_ptt	0.019014486393791098	stats::pairwise.t.test
c0221	posthoc_mezzo__alto_df	28	rstatix::t_test
c0221	posthoc_mezzo__alto_t	2.8181079880793596	rstatix::t_test
c0221	posthoc_mezzo__alto_cohens_d	1.02902754303771	effectsize::cohens_d
c0222	n	45	base::length
c0222	k	3	base::length
c0222	posthoc_soprano__mezzo_diff	0.052808717896671631	rstatix::t_test
c0222	posthoc_soprano__mezzo_p	0.8341960087585516	stats::t.test
c0222	posthoc_soprano__mezzo_padj	0.8341960087585516	stats::p.adjust
c0222	posthoc_soprano__mezzo_padj_ptt	0.83425160618419814	stats::pairwise.t.test
c0222	posthoc_soprano__mezzo_df	28	rstatix::t_test
c0222	posthoc_soprano__mezzo_t	0.21128392504106688	rstatix::t_test
c0222	posthoc_soprano__mezzo_cohens_d	0.077149981188815317	effectsize::cohens_d
c0222	posthoc_soprano__alto_diff	0.70136623274578191	rstatix::t_test
c0222	posthoc_soprano__alto_p	0.00173670005323221	stats::t.test
c0222	posthoc_soprano__alto_padj	0.0052101001596966297	stats::p.adjust
c0222	posthoc_soprano__alto_padj_ptt	0.0054760162482122825	stats::pairwise.t.test
c0222	posthoc_soprano__alto_df	28	rstatix::t_test
c0222	posthoc_soprano__alto_t	3.4627226129358131	rstatix::t_test
c0222	posthoc_soprano__alto_cohens_d	1.2644075236587835	effectsize::cohens_d
c0222	posthoc_mezzo__alto_diff	0.64855751484911028	rstatix::t_test
c0222	posthoc_mezzo__alto_p	0.0087638532938986522	stats::t.test
c0222	posthoc_mezzo__alto_padj	0.013145779940847979	stats::p.adjust
c0222	posthoc_mezzo__alto_padj_ptt	0.014260864795343324	stats::pairwise.t.test
c0222	posthoc_mezzo__alto_df	28	rstatix::t_test
c0222	posthoc_mezzo__alto_t	2.8181079880793596	rstatix::t_test
c0222	posthoc_mezzo__alto_cohens_d	1.02902754303771	effectsize::cohens_d
c0223	n	45	base::length
c0223	k	3	base::length
c0223	posthoc_soprano__mezzo_diff	0.087804567491211571	stats::median
c0223	posthoc_soprano__mezzo_diff_wilcoxest	0.087804567491211571	rstatix::wilcox_test
c0223	posthoc_soprano__mezzo_ci_low	-0.62467084512036841	rstatix::wilcox_test
c0223	posthoc_soprano__mezzo_ci_high	0.69664993636379346	rstatix::wilcox_test
c0223	posthoc_soprano__mezzo_p	0.83813477678085624	stats::wilcox.test
c0223	posthoc_soprano__mezzo_padj	1	stats::p.adjust
c0223	posthoc_soprano__mezzo_u	118	stats::wilcox.test
c0223	posthoc_soprano__mezzo_rank_biserial	0.048888888888888926	effectsize::rank_biserial
c0223	posthoc_soprano__alto_diff	0.68769515632929767	stats::median
c0223	posthoc_soprano__alto_diff_wilcoxest	0.68769515632929767	rstatix::wilcox_test
c0223	posthoc_soprano__alto_ci_low	0.12470287209869113	rstatix::wilcox_test
c0223	posthoc_soprano__alto_ci_high	1.3144326334743717	rstatix::wilcox_test
c0223	posthoc_soprano__alto_p	0.0023064577102573582	stats::wilcox.test
c0223	posthoc_soprano__alto_padj	0.006919373130772075	stats::p.adjust
c0223	posthoc_soprano__alto_u	184	stats::wilcox.test
c0223	posthoc_soprano__alto_rank_biserial	0.63555555555555565	effectsize::rank_biserial
c0223	posthoc_mezzo__alto_diff	0.6339604142901214	stats::median
c0223	posthoc_mezzo__alto_diff_wilcoxest	0.6339604142901214	rstatix::wilcox_test
c0223	posthoc_mezzo__alto_ci_low	0.039118708040519756	rstatix::wilcox_test
c0223	posthoc_mezzo__alto_ci_high	1.2993311118721005	rstatix::wilcox_test
c0223	posthoc_mezzo__alto_p	0.014519172302393695	stats::wilcox.test
c0223	posthoc_mezzo__alto_padj	0.043557516907181085	stats::p.adjust
c0223	posthoc_mezzo__alto_u	171	stats::wilcox.test
c0223	posthoc_mezzo__alto_rank_biserial	0.52000000000000002	effectsize::rank_biserial
c0224	n	45	base::length
c0224	k	3	base::length
c0224	posthoc_soprano__mezzo_diff	0.087804567491211571	stats::median
c0224	posthoc_soprano__mezzo_diff_wilcoxest	0.087804567491211571	rstatix::wilcox_test
c0224	posthoc_soprano__mezzo_p	0.83813477678085624	stats::wilcox.test
c0224	posthoc_soprano__mezzo_padj	0.83813477678085624	stats::p.adjust
c0224	posthoc_soprano__mezzo_u	118	stats::wilcox.test
c0224	posthoc_soprano__mezzo_rank_biserial	0.048888888888888926	effectsize::rank_biserial
c0224	posthoc_soprano__alto_diff	0.68769515632929767	stats::median
c0224	posthoc_soprano__alto_diff_wilcoxest	0.68769515632929767	rstatix::wilcox_test
c0224	posthoc_soprano__alto_p	0.0023064577102573582	stats::wilcox.test
c0224	posthoc_soprano__alto_padj	0.006919373130772075	stats::p.adjust
c0224	posthoc_soprano__alto_u	184	stats::wilcox.test
c0224	posthoc_soprano__alto_rank_biserial	0.63555555555555565	effectsize::rank_biserial
c0224	posthoc_mezzo__alto_diff	0.6339604142901214	stats::median
c0224	posthoc_mezzo__alto_diff_wilcoxest	0.6339604142901214	rstatix::wilcox_test
c0224	posthoc_mezzo__alto_p	0.014519172302393695	stats::wilcox.test
c0224	posthoc_mezzo__alto_padj	0.029038344604787391	stats::p.adjust
c0224	posthoc_mezzo__alto_u	171	stats::wilcox.test
c0224	posthoc_mezzo__alto_rank_biserial	0.52000000000000002	effectsize::rank_biserial
c0225	n	45	base::length
c0225	k	3	base::length
c0225	posthoc_soprano__mezzo_diff	0.087804567491211571	stats::median
c0225	posthoc_soprano__mezzo_diff_wilcoxest	0.087804567491211571	rstatix::wilcox_test
c0225	posthoc_soprano__mezzo_p	0.83813477678085624	stats::wilcox.test
c0225	posthoc_soprano__mezzo_padj	0.83813477678085624	stats::p.adjust
c0225	posthoc_soprano__mezzo_u	118	stats::wilcox.test
c0225	posthoc_soprano__mezzo_rank_biserial	0.048888888888888926	effectsize::rank_biserial
c0225	posthoc_soprano__alto_diff	0.68769515632929767	stats::median
c0225	posthoc_soprano__alto_diff_wilcoxest	0.68769515632929767	rstatix::wilcox_test
c0225	posthoc_soprano__alto_p	0.0023064577102573582	stats::wilcox.test
c0225	posthoc_soprano__alto_padj	0.006919373130772075	stats::p.adjust
c0225	posthoc_soprano__alto_u	184	stats::wilcox.test
c0225	posthoc_soprano__alto_rank_biserial	0.63555555555555565	effectsize::rank_biserial
c0225	posthoc_mezzo__alto_diff	0.6339604142901214	stats::median
c0225	posthoc_mezzo__alto_diff_wilcoxest	0.6339604142901214	rstatix::wilcox_test
c0225	posthoc_mezzo__alto_p	0.014519172302393695	stats::wilcox.test
c0225	posthoc_mezzo__alto_padj	0.021778758453590542	stats::p.adjust
c0225	posthoc_mezzo__alto_u	171	stats::wilcox.test
c0225	posthoc_mezzo__alto_rank_biserial	0.52000000000000002	effectsize::rank_biserial
c0226	n	45	base::length
c0226	k	3	base::length
c0226	posthoc_soprano__mezzo_diff	0.052808717896671631	stats::mean
c0226	posthoc_soprano__mezzo_f	0.026736060164252895	stats::pf
c0226	posthoc_soprano__mezzo_padj	0.97363474077386636	stats::pf
c0226	posthoc_soprano__mezzo_ci_low	-0.52672800815510445	stats::qf
c0226	posthoc_soprano__mezzo_ci_high	0.63234544394844772	stats::qf
c0226	posthoc_soprano__alto_diff	0.70136623274578191	stats::mean
c0226	posthoc_soprano__alto_f	4.7160224990208128	stats::pf
c0226	posthoc_soprano__alto_padj	0.014201213324415596	stats::pf
c0226	posthoc_soprano__alto_ci_low	0.12182950669400583	stats::qf
c0226	posthoc_soprano__alto_ci_high	1.280902958797558	stats::qf
c0226	posthoc_mezzo__alto_diff	0.64855751484911028	stats::mean
c0226	posthoc_mezzo__alto_f	4.032581507261277	stats::pf
c0226	posthoc_mezzo__alto_padj	0.025002692060228371	stats::pf
c0226	posthoc_mezzo__alto_ci_low	0.069020788797334198	stats::qf
c0226	posthoc_mezzo__alto_ci_high	1.2280942409008864	stats::qf
c0227	n	45	base::length
c0227	k	3	base::length
c0227	posthoc_alto__mezzo_diff	-0.64855751484911028	rstatix::t_test
c0227	posthoc_alto__mezzo_ci_low	-1.2407505727066346	rstatix::t_test
c0227	posthoc_alto__mezzo_ci_high	-0.056364456991586084	rstatix::t_test
c0227	posthoc_alto__mezzo_p	0.0095072431968955488	stats::t.test
c0227	posthoc_alto__mezzo_padj	0.028521729590686648	stats::p.adjust
c0227	posthoc_alto__mezzo_padj_ptt	0.028521729590686648	stats::pairwise.t.test
c0227	posthoc_alto__mezzo_df	24.056053913639921	rstatix::t_test
c0227	posthoc_alto__mezzo_t	-2.8181079880793596	rstatix::t_test
c0227	posthoc_alto__mezzo_cohens_d	-1.02902754303771	effectsize::cohens_d
c0227	posthoc_alto__soprano_diff	-0.70136623274578191	rstatix::t_test
c0227	posthoc_alto__soprano_ci_low	-1.2189085431892295	rstatix::t_test
c0227	posthoc_alto__soprano_ci_high	-0.18382392230233416	rstatix::t_test
c0227	posthoc_alto__soprano_p	0.001825338749404094	stats::t.test
c0227	posthoc_alto__soprano_padj	0.0054760162482122825	stats::p.adjust
c0227	posthoc_alto__soprano_padj_ptt	0.0054760162482122825	stats::pairwise.t.test
c0227	posthoc_alto__soprano_df	26.573053729206979	rstatix::t_test
c0227	posthoc_alto__soprano_t	-3.4627226129358131	rstatix::t_test
c0227	posthoc_alto__soprano_cohens_d	-1.2644075236587835	effectsize::cohens_d
c0227	posthoc_mezzo__soprano_diff	-0.052808717896671631	rstatix::t_test
c0227	posthoc_mezzo__soprano_ci_low	-0.69075437231271242	rstatix::t_test
c0227	posthoc_mezzo__soprano_ci_high	0.58513693651936927	rstatix::t_test
c0227	posthoc_mezzo__soprano_p	0.83425160618419814	stats::t.test
c0227	posthoc_mezzo__soprano_padj	1	stats::p.adjust
c0227	posthoc_mezzo__soprano_padj_ptt	1	stats::pairwise.t.test
c0227	posthoc_mezzo__soprano_df	27.013429401787366	rstatix::t_test
c0227	posthoc_mezzo__soprano_t	-0.21128392504106688	rstatix::t_test
c0227	posthoc_mezzo__soprano_cohens_d	-0.077149981188815317	effectsize::cohens_d
c0228	n	45	base::length
c0228	k	3	base::length
c0228	posthoc_alto__mezzo_diff	-0.64855751484911028	rstatix::t_test
c0228	posthoc_alto__mezzo_p	0.0095072431968955488	stats::t.test
c0228	posthoc_alto__mezzo_padj	0.019014486393791098	stats::p.adjust
c0228	posthoc_alto__mezzo_padj_ptt	0.019014486393791098	stats::pairwise.t.test
c0228	posthoc_alto__mezzo_df	24.056053913639921	rstatix::t_test
c0228	posthoc_alto__mezzo_t	-2.8181079880793596	rstatix::t_test
c0228	posthoc_alto__mezzo_cohens_d	-1.02902754303771	effectsize::cohens_d
c0228	posthoc_alto__soprano_diff	-0.70136623274578191	rstatix::t_test
c0228	posthoc_alto__soprano_p	0.001825338749404094	stats::t.test
c0228	posthoc_alto__soprano_padj	0.0054760162482122825	stats::p.adjust
c0228	posthoc_alto__soprano_padj_ptt	0.0054760162482122825	stats::pairwise.t.test
c0228	posthoc_alto__soprano_df	26.573053729206979	rstatix::t_test
c0228	posthoc_alto__soprano_t	-3.4627226129358131	rstatix::t_test
c0228	posthoc_alto__soprano_cohens_d	-1.2644075236587835	effectsize::cohens_d
c0228	posthoc_mezzo__soprano_diff	-0.052808717896671631	rstatix::t_test
c0228	posthoc_mezzo__soprano_p	0.83425160618419814	stats::t.test
c0228	posthoc_mezzo__soprano_padj	0.83425160618419814	stats::p.adjust
c0228	posthoc_mezzo__soprano_padj_ptt	0.83425160618419814	stats::pairwise.t.test
c0228	posthoc_mezzo__soprano_df	27.013429401787366	rstatix::t_test
c0228	posthoc_mezzo__soprano_t	-0.21128392504106688	rstatix::t_test
c0228	posthoc_mezzo__soprano_cohens_d	-0.077149981188815317	effectsize::cohens_d
c0229	n	45	base::length
c0229	k	3	base::length
c0229	posthoc_alto__mezzo_diff	-0.64855751484911028	rstatix::t_test
c0229	posthoc_alto__mezzo_p	0.0095072431968955488	stats::t.test
c0229	posthoc_alto__mezzo_padj	0.014260864795343324	stats::p.adjust
c0229	posthoc_alto__mezzo_padj_ptt	0.014260864795343324	stats::pairwise.t.test
c0229	posthoc_alto__mezzo_df	24.056053913639921	rstatix::t_test
c0229	posthoc_alto__mezzo_t	-2.8181079880793596	rstatix::t_test
c0229	posthoc_alto__mezzo_cohens_d	-1.02902754303771	effectsize::cohens_d
c0229	posthoc_alto__soprano_diff	-0.70136623274578191	rstatix::t_test
c0229	posthoc_alto__soprano_p	0.001825338749404094	stats::t.test
c0229	posthoc_alto__soprano_padj	0.0054760162482122825	stats::p.adjust
c0229	posthoc_alto__soprano_padj_ptt	0.0054760162482122825	stats::pairwise.t.test
c0229	posthoc_alto__soprano_df	26.573053729206979	rstatix::t_test
c0229	posthoc_alto__soprano_t	-3.4627226129358131	rstatix::t_test
c0229	posthoc_alto__soprano_cohens_d	-1.2644075236587835	effectsize::cohens_d
c0229	posthoc_mezzo__soprano_diff	-0.052808717896671631	rstatix::t_test
c0229	posthoc_mezzo__soprano_p	0.83425160618419814	stats::t.test
c0229	posthoc_mezzo__soprano_padj	0.83425160618419814	stats::p.adjust
c0229	posthoc_mezzo__soprano_padj_ptt	0.83425160618419814	stats::pairwise.t.test
c0229	posthoc_mezzo__soprano_df	27.013429401787366	rstatix::t_test
c0229	posthoc_mezzo__soprano_t	-0.21128392504106688	rstatix::t_test
c0229	posthoc_mezzo__soprano_cohens_d	-0.077149981188815317	effectsize::cohens_d
c0230	n	45	base::length
c0230	k	3	base::length
c0230	posthoc_alto__mezzo_diff	-0.64855751484911028	rstatix::t_test
c0230	posthoc_alto__mezzo_ci_low	-1.2345993427429147	rstatix::t_test
c0230	posthoc_alto__mezzo_ci_high	-0.062515686955305891	rstatix::t_test
c0230	posthoc_alto__mezzo_p	0.0087638532938986522	stats::t.test
c0230	posthoc_alto__mezzo_padj	0.026291559881695958	stats::p.adjust
c0230	posthoc_alto__mezzo_padj_ptt	0.028521729590686648	stats::pairwise.t.test
c0230	posthoc_alto__mezzo_df	28	rstatix::t_test
c0230	posthoc_alto__mezzo_t	-2.8181079880793596	rstatix::t_test
c0230	posthoc_alto__mezzo_cohens_d	-1.02902754303771	effectsize::cohens_d
c0230	posthoc_alto__soprano_diff	-0.70136623274578191	rstatix::t_test
c0230	posthoc_alto__soprano_ci_low	-1.2171467094861412	rstatix::t_test
c0230	posthoc_alto__soprano_ci_high	-0.18558575600542268	rstatix::t_test
c0230	posthoc_alto__soprano_p	0.00173670005323221	stats::t.test
c0230	posthoc_alto__soprano_padj	0.0052101001596966297	stats::p.adjust
c0230	posthoc_alto__soprano_padj_ptt	0.0054760162482122825	stats::pairwise.t.test
c0230	posthoc_alto__soprano_df	28	rstatix::t_test
c0230	posthoc_alto__soprano_t	-3.4627226129358131	rstatix::t_test
c0230	posthoc_alto__soprano_cohens_d	-1.2644075236587835	effectsize::cohens_d
c0230	posthoc_mezzo__soprano_diff	-0.052808717896671631	rstatix::t_test
c0230	posthoc_mezzo__soprano_ci_low	-0.68927722139195091	rstatix::t_test
c0230	posthoc_mezzo__soprano_ci_high	0.58365978559860776	rstatix::t_test
c0230	posthoc_mezzo__soprano_p	0.8341960087585516	stats::t.test
c0230	posthoc_mezzo__soprano_padj	1	stats::p.adjust
c0230	posthoc_mezzo__soprano_padj_ptt	1	stats::pairwise.t.test
c0230	posthoc_mezzo__soprano_df	28	rstatix::t_test
c0230	posthoc_mezzo__soprano_t	-0.21128392504106688	rstatix::t_test
c0230	posthoc_mezzo__soprano_cohens_d	-0.077149981188815317	effectsize::cohens_d
c0231	n	45	base::length
c0231	k	3	base::length
c0231	posthoc_alto__mezzo_diff	-0.64855751484911028	rstatix::t_test
c0231	posthoc_alto__mezzo_p	0.0087638532938986522	stats::t.test
c0231	posthoc_alto__mezzo_padj	0.017527706587797304	stats::p.adjust
c0231	posthoc_alto__mezzo_padj_ptt	0.019014486393791098	stats::pairwise.t.test
c0231	posthoc_alto__mezzo_df	28	rstatix::t_test
c0231	posthoc_alto__mezzo_t	-2.8181079880793596	rstatix::t_test
c0231	posthoc_alto__mezzo_cohens_d	-1.02902754303771	effectsize::cohens_d
c0231	posthoc_alto__soprano_diff	-0.70136623274578191	rstatix::t_test
c0231	posthoc_alto__soprano_p	0.00173670005323221	stats::t.test
c0231	posthoc_alto__soprano_padj	0.0052101001596966297	stats::p.adjust
c0231	posthoc_alto__soprano_padj_ptt	0.0054760162482122825	stats::pairwise.t.test
c0231	posthoc_alto__soprano_df	28	rstatix::t_test
c0231	posthoc_alto__soprano_t	-3.4627226129358131	rstatix::t_test
c0231	posthoc_alto__soprano_cohens_d	-1.2644075236587835	effectsize::cohens_d
c0231	posthoc_mezzo__soprano_diff	-0.052808717896671631	rstatix::t_test
c0231	posthoc_mezzo__soprano_p	0.8341960087585516	stats::t.test
c0231	posthoc_mezzo__soprano_padj	0.8341960087585516	stats::p.adjust
c0231	posthoc_mezzo__soprano_padj_ptt	0.83425160618419814	stats::pairwise.t.test
c0231	posthoc_mezzo__soprano_df	28	rstatix::t_test
c0231	posthoc_mezzo__soprano_t	-0.21128392504106688	rstatix::t_test
c0231	posthoc_mezzo__soprano_cohens_d	-0.077149981188815317	effectsize::cohens_d
c0232	n	45	base::length
c0232	k	3	base::length
c0232	posthoc_alto__mezzo_diff	-0.64855751484911028	rstatix::t_test
c0232	posthoc_alto__mezzo_p	0.0087638532938986522	stats::t.test
c0232	posthoc_alto__mezzo_padj	0.013145779940847979	stats::p.adjust
c0232	posthoc_alto__mezzo_padj_ptt	0.014260864795343324	stats::pairwise.t.test
c0232	posthoc_alto__mezzo_df	28	rstatix::t_test
c0232	posthoc_alto__mezzo_t	-2.8181079880793596	rstatix::t_test
c0232	posthoc_alto__mezzo_cohens_d	-1.02902754303771	effectsize::cohens_d
c0232	posthoc_alto__soprano_diff	-0.70136623274578191	rstatix::t_test
c0232	posthoc_alto__soprano_p	0.00173670005323221	stats::t.test
c0232	posthoc_alto__soprano_padj	0.0052101001596966297	stats::p.adjust
c0232	posthoc_alto__soprano_padj_ptt	0.0054760162482122825	stats::pairwise.t.test
c0232	posthoc_alto__soprano_df	28	rstatix::t_test
c0232	posthoc_alto__soprano_t	-3.4627226129358131	rstatix::t_test
c0232	posthoc_alto__soprano_cohens_d	-1.2644075236587835	effectsize::cohens_d
c0232	posthoc_mezzo__soprano_diff	-0.052808717896671631	rstatix::t_test
c0232	posthoc_mezzo__soprano_p	0.8341960087585516	stats::t.test
c0232	posthoc_mezzo__soprano_padj	0.8341960087585516	stats::p.adjust
c0232	posthoc_mezzo__soprano_padj_ptt	0.83425160618419814	stats::pairwise.t.test
c0232	posthoc_mezzo__soprano_df	28	rstatix::t_test
c0232	posthoc_mezzo__soprano_t	-0.21128392504106688	rstatix::t_test
c0232	posthoc_mezzo__soprano_cohens_d	-0.077149981188815317	effectsize::cohens_d
c0233	n	45	base::length
c0233	k	3	base::length
c0233	posthoc_alto__mezzo_diff	-0.6339604142901214	stats::median
c0233	posthoc_alto__mezzo_diff_wilcoxest	-0.6339604142901214	rstatix::wilcox_test
c0233	posthoc_alto__mezzo_ci_low	-1.2993311118721005	rstatix::wilcox_test
c0233	posthoc_alto__mezzo_ci_high	-0.039118708040519756	rstatix::wilcox_test
c0233	posthoc_alto__mezzo_p	0.014519172302393695	stats::wilcox.test
c0233	posthoc_alto__mezzo_padj	0.043557516907181085	stats::p.adjust
c0233	posthoc_alto__mezzo_u	54	stats::wilcox.test
c0233	posthoc_alto__mezzo_rank_biserial	-0.52000000000000002	effectsize::rank_biserial
c0233	posthoc_alto__soprano_diff	-0.68769515632929767	stats::median
c0233	posthoc_alto__soprano_diff_wilcoxest	-0.68769515632929767	rstatix::wilcox_test
c0233	posthoc_alto__soprano_ci_low	-1.3144326334743717	rstatix::wilcox_test
c0233	posthoc_alto__soprano_ci_high	-0.12470287209869113	rstatix::wilcox_test
c0233	posthoc_alto__soprano_p	0.0023064577102573582	stats::wilcox.test
c0233	posthoc_alto__soprano_padj	0.006919373130772075	stats::p.adjust
c0233	posthoc_alto__soprano_u	41	stats::wilcox.test
c0233	posthoc_alto__soprano_rank_biserial	-0.63555555555555565	effectsize::rank_biserial
c0233	posthoc_mezzo__soprano_diff	-0.087804567491211571	stats::median
c0233	posthoc_mezzo__soprano_diff_wilcoxest	-0.087804567491211571	rstatix::wilcox_test
c0233	posthoc_mezzo__soprano_ci_low	-0.69664993636379346	rstatix::wilcox_test
c0233	posthoc_mezzo__soprano_ci_high	0.62467084512036841	rstatix::wilcox_test
c0233	posthoc_mezzo__soprano_p	0.83813477678085624	stats::wilcox.test
c0233	posthoc_mezzo__soprano_padj	1	stats::p.adjust
c0233	posthoc_mezzo__soprano_u	107	stats::wilcox.test
c0233	posthoc_mezzo__soprano_rank_biserial	-0.048888888888888926	effectsize::rank_biserial
c0234	n	45	base::length
c0234	k	3	base::length
c0234	posthoc_alto__mezzo_diff	-0.6339604142901214	stats::median
c0234	posthoc_alto__mezzo_diff_wilcoxest	-0.6339604142901214	rstatix::wilcox_test
c0234	posthoc_alto__mezzo_p	0.014519172302393695	stats::wilcox.test
c0234	posthoc_alto__mezzo_padj	0.029038344604787391	stats::p.adjust
c0234	posthoc_alto__mezzo_u	54	stats::wilcox.test
c0234	posthoc_alto__mezzo_rank_biserial	-0.52000000000000002	effectsize::rank_biserial
c0234	posthoc_alto__soprano_diff	-0.68769515632929767	stats::median
c0234	posthoc_alto__soprano_diff_wilcoxest	-0.68769515632929767	rstatix::wilcox_test
c0234	posthoc_alto__soprano_p	0.0023064577102573582	stats::wilcox.test
c0234	posthoc_alto__soprano_padj	0.006919373130772075	stats::p.adjust
c0234	posthoc_alto__soprano_u	41	stats::wilcox.test
c0234	posthoc_alto__soprano_rank_biserial	-0.63555555555555565	effectsize::rank_biserial
c0234	posthoc_mezzo__soprano_diff	-0.087804567491211571	stats::median
c0234	posthoc_mezzo__soprano_diff_wilcoxest	-0.087804567491211571	rstatix::wilcox_test
c0234	posthoc_mezzo__soprano_p	0.83813477678085624	stats::wilcox.test
c0234	posthoc_mezzo__soprano_padj	0.83813477678085624	stats::p.adjust
c0234	posthoc_mezzo__soprano_u	107	stats::wilcox.test
c0234	posthoc_mezzo__soprano_rank_biserial	-0.048888888888888926	effectsize::rank_biserial
c0235	n	45	base::length
c0235	k	3	base::length
c0235	posthoc_alto__mezzo_diff	-0.6339604142901214	stats::median
c0235	posthoc_alto__mezzo_diff_wilcoxest	-0.6339604142901214	rstatix::wilcox_test
c0235	posthoc_alto__mezzo_p	0.014519172302393695	stats::wilcox.test
c0235	posthoc_alto__mezzo_padj	0.021778758453590542	stats::p.adjust
c0235	posthoc_alto__mezzo_u	54	stats::wilcox.test
c0235	posthoc_alto__mezzo_rank_biserial	-0.52000000000000002	effectsize::rank_biserial
c0235	posthoc_alto__soprano_diff	-0.68769515632929767	stats::median
c0235	posthoc_alto__soprano_diff_wilcoxest	-0.68769515632929767	rstatix::wilcox_test
c0235	posthoc_alto__soprano_p	0.0023064577102573582	stats::wilcox.test
c0235	posthoc_alto__soprano_padj	0.006919373130772075	stats::p.adjust
c0235	posthoc_alto__soprano_u	41	stats::wilcox.test
c0235	posthoc_alto__soprano_rank_biserial	-0.63555555555555565	effectsize::rank_biserial
c0235	posthoc_mezzo__soprano_diff	-0.087804567491211571	stats::median
c0235	posthoc_mezzo__soprano_diff_wilcoxest	-0.087804567491211571	rstatix::wilcox_test
c0235	posthoc_mezzo__soprano_p	0.83813477678085624	stats::wilcox.test
c0235	posthoc_mezzo__soprano_padj	0.83813477678085624	stats::p.adjust
c0235	posthoc_mezzo__soprano_u	107	stats::wilcox.test
c0235	posthoc_mezzo__soprano_rank_biserial	-0.048888888888888926	effectsize::rank_biserial
c0236	n	45	base::length
c0236	k	3	base::length
c0236	posthoc_alto__mezzo_diff	-0.64855751484911028	stats::mean
c0236	posthoc_alto__mezzo_f	4.032581507261277	stats::pf
c0236	posthoc_alto__mezzo_padj	0.025002692060228371	stats::pf
c0236	posthoc_alto__mezzo_ci_low	-1.2280942409008864	stats::qf
c0236	posthoc_alto__mezzo_ci_high	-0.069020788797334198	stats::qf
c0236	posthoc_alto__soprano_diff	-0.70136623274578191	stats::mean
c0236	posthoc_alto__soprano_f	4.7160224990208128	stats::pf
c0236	posthoc_alto__soprano_padj	0.014201213324415596	stats::pf
c0236	posthoc_alto__soprano_ci_low	-1.280902958797558	stats::qf
c0236	posthoc_alto__soprano_ci_high	-0.12182950669400583	stats::qf
c0236	posthoc_mezzo__soprano_diff	-0.052808717896671631	stats::mean
c0236	posthoc_mezzo__soprano_f	0.026736060164252895	stats::pf
c0236	posthoc_mezzo__soprano_padj	0.97363474077386636	stats::pf
c0236	posthoc_mezzo__soprano_ci_low	-0.63234544394844772	stats::qf
c0236	posthoc_mezzo__soprano_ci_high	0.52672800815510445	stats::qf
c0237	n	45	base::length
c0237	k	3	base::length
c0237	posthoc_soprano__mezzo_diff	5.5294936672745933	rstatix::t_test
c0237	posthoc_soprano__mezzo_ci_low	1.92320937113755	rstatix::t_test
c0237	posthoc_soprano__mezzo_ci_high	9.1357779634116376	rstatix::t_test
c0237	posthoc_soprano__mezzo_p	0.00054296591303452523	stats::t.test
c0237	posthoc_soprano__mezzo_padj	0.0016288977391035757	stats::p.adjust
c0237	posthoc_soprano__mezzo_padj_ptt	0.0016288977391035757	stats::pairwise.t.test
c0237	posthoc_soprano__mezzo_df	27.967686264519802	rstatix::t_test
c0237	posthoc_soprano__mezzo_t	3.9047656484456592	rstatix::t_test
c0237	posthoc_soprano__mezzo_cohens_d	1.4258188182833162	effectsize::cohens_d
c0237	posthoc_soprano__alto_diff	7.7757221867936579	rstatix::t_test
c0237	posthoc_soprano__alto_ci_low	3.8815524726239912	rstatix::t_test
c0237	posthoc_soprano__alto_ci_high	11.669891900963323	rstatix::t_test
c0237	posthoc_soprano__alto_p	2.3140093226153602e-05	stats::t.test
c0237	posthoc_soprano__alto_padj	6.9420279678460807e-05	stats::p.adjust
c0237	posthoc_soprano__alto_padj_ptt	6.9420279678460807e-05	stats::pairwise.t.test
c0237	posthoc_soprano__alto_df	27.225486919545911	rstatix::t_test
c0237	posthoc_soprano__alto_t	5.0938676251274124	rstatix::t_test
c0237	posthoc_soprano__alto_cohens_d	1.860017468818369	effectsize::cohens_d
c0237	posthoc_mezzo__alto_diff	2.2462285195190645	rstatix::t_test
c0237	posthoc_mezzo__alto_ci_low	-1.7019544425904354	rstatix::t_test
c0237	posthoc_mezzo__alto_ci_high	6.1944114816285651	rstatix::t_test
c0237	posthoc_mezzo__alto_p	0.15824877070568671	stats::t.test
c0237	posthoc_mezzo__alto_padj	0.47474631211706014	stats::p.adjust
c0237	posthoc_mezzo__alto_padj_ptt	0.47474631211706014	stats::pairwise.t.test
c0237	posthoc_mezzo__alto_df	27.495539583112453	rstatix::t_test
c0237	posthoc_mezzo__alto_t	1.4504405547821466	rstatix::t_test
c0237	posthoc_mezzo__alto_cohens_d	0.52962600678299288	effectsize::cohens_d
c0238	n	45	base::length
c0238	k	3	base::length
c0238	posthoc_soprano__mezzo_diff	5.5294936672745933	rstatix::t_test
c0238	posthoc_soprano__mezzo_p	0.00054296591303452523	stats::t.test
c0238	posthoc_soprano__mezzo_padj	0.0010859318260690505	stats::p.adjust
c0238	posthoc_soprano__mezzo_padj_ptt	0.0010859318260690505	stats::pairwise.t.test
c0238	posthoc_soprano__mezzo_df	27.967686264519802	rstatix::t_test
c0238	posthoc_soprano__mezzo_t	3.9047656484456592	rstatix::t_test
c0238	posthoc_soprano__mezzo_cohens_d	1.4258188182833162	effectsize::cohens_d
c0238	posthoc_soprano__alto_diff	7.7757221867936579	rstatix::t_test
c0238	posthoc_soprano__alto_p	2.3140093226153602e-05	stats::t.test
c0238	posthoc_soprano__alto_padj	6.9420279678460807e-05	stats::p.adjust
c0238	posthoc_soprano__alto_padj_ptt	6.9420279678460807e-05	stats::pairwise.t.test
c0238	posthoc_soprano__alto_df	27.225486919545911	rstatix::t_test
c0238	posthoc_soprano__alto_t	5.0938676251274124	rstatix::t_test
c0238	posthoc_soprano__alto_cohens_d	1.860017468818369	effectsize::cohens_d
c0238	posthoc_mezzo__alto_diff	2.2462285195190645	rstatix::t_test
c0238	posthoc_mezzo__alto_p	0.15824877070568671	stats::t.test
c0238	posthoc_mezzo__alto_padj	0.15824877070568671	stats::p.adjust
c0238	posthoc_mezzo__alto_padj_ptt	0.15824877070568671	stats::pairwise.t.test
c0238	posthoc_mezzo__alto_df	27.495539583112453	rstatix::t_test
c0238	posthoc_mezzo__alto_t	1.4504405547821466	rstatix::t_test
c0238	posthoc_mezzo__alto_cohens_d	0.52962600678299288	effectsize::cohens_d
c0239	n	45	base::length
c0239	k	3	base::length
c0239	posthoc_soprano__mezzo_diff	5.5294936672745933	rstatix::t_test
c0239	posthoc_soprano__mezzo_p	0.00054296591303452523	stats::t.test
c0239	posthoc_soprano__mezzo_padj	0.00081444886955178784	stats::p.adjust
c0239	posthoc_soprano__mezzo_padj_ptt	0.00081444886955178784	stats::pairwise.t.test
c0239	posthoc_soprano__mezzo_df	27.967686264519802	rstatix::t_test
c0239	posthoc_soprano__mezzo_t	3.9047656484456592	rstatix::t_test
c0239	posthoc_soprano__mezzo_cohens_d	1.4258188182833162	effectsize::cohens_d
c0239	posthoc_soprano__alto_diff	7.7757221867936579	rstatix::t_test
c0239	posthoc_soprano__alto_p	2.3140093226153602e-05	stats::t.test
c0239	posthoc_soprano__alto_padj	6.9420279678460807e-05	stats::p.adjust
c0239	posthoc_soprano__alto_padj_ptt	6.9420279678460807e-05	stats::pairwise.t.test
c0239	posthoc_soprano__alto_df	27.225486919545911	rstatix::t_test
c0239	posthoc_soprano__alto_t	5.0938676251274124	rstatix::t_test
c0239	posthoc_soprano__alto_cohens_d	1.860017468818369	effectsize::cohens_d
c0239	posthoc_mezzo__alto_diff	2.2462285195190645	rstatix::t_test
c0239	posthoc_mezzo__alto_p	0.15824877070568671	stats::t.test
c0239	posthoc_mezzo__alto_padj	0.15824877070568671	stats::p.adjust
c0239	posthoc_mezzo__alto_padj_ptt	0.15824877070568671	stats::pairwise.t.test
c0239	posthoc_mezzo__alto_df	27.495539583112453	rstatix::t_test
c0239	posthoc_mezzo__alto_t	1.4504405547821466	rstatix::t_test
c0239	posthoc_mezzo__alto_cohens_d	0.52962600678299288	effectsize::cohens_d
c0240	n	45	base::length
c0240	k	3	base::length
c0240	posthoc_soprano__mezzo_diff	5.5294936672745933	rstatix::t_test
c0240	posthoc_soprano__mezzo_ci_low	1.923473590524446	rstatix::t_test
c0240	posthoc_soprano__mezzo_ci_high	9.1355137440247418	rstatix::t_test
c0240	posthoc_soprano__mezzo_p	0.0005421383003126137	stats::t.test
c0240	posthoc_soprano__mezzo_padj	0.0016264149009378411	stats::p.adjust
c0240	posthoc_soprano__mezzo_padj_ptt	0.0016288977391035757	stats::pairwise.t.test
c0240	posthoc_soprano__mezzo_df	28	rstatix::t_test
c0240	posthoc_soprano__mezzo_t	3.9047656484456592	rstatix::t_test
c0240	posthoc_soprano__mezzo_cohens_d	1.4258188182833162	effectsize::cohens_d
c0240	posthoc_soprano__alto_diff	7.7757221867936579	rstatix::t_test
c0240	posthoc_soprano__alto_ci_low	3.8885763895612566	rstatix::t_test
c0240	posthoc_soprano__alto_ci_high	11.662867984026059	rstatix::t_test
c0240	posthoc_soprano__alto_p	2.1455994989241484e-05	stats::t.test
c0240	posthoc_soprano__alto_padj	6.436798496772445e-05	stats::p.adjust
c0240	posthoc_soprano__alto_padj_ptt	6.9420279678460807e-05	stats::pairwise.t.test
c0240	posthoc_soprano__alto_df	28	rstatix::t_test
c0240	posthoc_soprano__alto_t	5.0938676251274133	rstatix::t_test
c0240	posthoc_soprano__alto_cohens_d	1.860017468818369	effectsize::cohens_d
c0240	posthoc_mezzo__alto_diff	2.2462285195190645	rstatix::t_test
c0240	posthoc_mezzo__alto_ci_low	-1.6973614390725074	rstatix::t_test
c0240	posthoc_mezzo__alto_ci_high	6.1898184781106371	rstatix::t_test
c0240	posthoc_mezzo__alto_p	0.15804664546921748	stats::t.test
c0240	posthoc_mezzo__alto_padj	0.47413993640765245	stats::p.adjust
c0240	posthoc_mezzo__alto_padj_ptt	0.47474631211706014	stats::pairwise.t.test
c0240	posthoc_mezzo__alto_df	28	rstatix::t_test
c0240	posthoc_mezzo__alto_t	1.4504405547821466	rstatix::t_test
c0240	posthoc_mezzo__alto_cohens_d	0.52962600678299288	effectsize::cohens_d
c0241	n	45	base::length
c0241	k	3	base::length
c0241	posthoc_soprano__mezzo_diff	5.5294936672745933	rstatix::t_test
c0241	posthoc_soprano__mezzo_p	0.0005421383003126137	stats::t.test
c0241	posthoc_soprano__mezzo_padj	0.0010842766006252274	stats::p.adjust
c0241	posthoc_soprano__mezzo_padj_ptt	0.0010859318260690505	stats::pairwise.t.test
c0241	posthoc_soprano__mezzo_df	28	rstatix::t_test
c0241	posthoc_soprano__mezzo_t	3.9047656484456592	rstatix::t_test
c0241	posthoc_soprano__mezzo_cohens_d	1.4258188182833162	effectsize::cohens_d
c0241	posthoc_soprano__alto_diff	7.7757221867936579	rstatix::t_test
c0241	posthoc_soprano__alto_p	2.1455994989241484e-05	stats::t.test
c0241	posthoc_soprano__alto_padj	6.436798496772445e-05	stats::p.adjust
c0241	posthoc_soprano__alto_padj_ptt	6.9420279678460807e-05	stats::pairwise.t.test
c0241	posthoc_soprano__alto_df	28	rstatix::t_test
c0241	posthoc_soprano__alto_t	5.0938676251274133	rstatix::t_test
c0241	posthoc_soprano__alto_cohens_d	1.860017468818369	effectsize::cohens_d
c0241	posthoc_mezzo__alto_diff	2.2462285195190645	rstatix::t_test
c0241	posthoc_mezzo__alto_p	0.15804664546921748	stats::t.test
c0241	posthoc_mezzo__alto_padj	0.15804664546921748	stats::p.adjust
c0241	posthoc_mezzo__alto_padj_ptt	0.15824877070568671	stats::pairwise.t.test
c0241	posthoc_mezzo__alto_df	28	rstatix::t_test
c0241	posthoc_mezzo__alto_t	1.4504405547821466	rstatix::t_test
c0241	posthoc_mezzo__alto_cohens_d	0.52962600678299288	effectsize::cohens_d
c0242	n	45	base::length
c0242	k	3	base::length
c0242	posthoc_soprano__mezzo_diff	5.5294936672745933	rstatix::t_test
c0242	posthoc_soprano__mezzo_p	0.0005421383003126137	stats::t.test
c0242	posthoc_soprano__mezzo_padj	0.00081320745046892056	stats::p.adjust
c0242	posthoc_soprano__mezzo_padj_ptt	0.00081444886955178784	stats::pairwise.t.test
c0242	posthoc_soprano__mezzo_df	28	rstatix::t_test
c0242	posthoc_soprano__mezzo_t	3.9047656484456592	rstatix::t_test
c0242	posthoc_soprano__mezzo_cohens_d	1.4258188182833162	effectsize::cohens_d
c0242	posthoc_soprano__alto_diff	7.7757221867936579	rstatix::t_test
c0242	posthoc_soprano__alto_p	2.1455994989241484e-05	stats::t.test
c0242	posthoc_soprano__alto_padj	6.436798496772445e-05	stats::p.adjust
c0242	posthoc_soprano__alto_padj_ptt	6.9420279678460807e-05	stats::pairwise.t.test
c0242	posthoc_soprano__alto_df	28	rstatix::t_test
c0242	posthoc_soprano__alto_t	5.0938676251274133	rstatix::t_test
c0242	posthoc_soprano__alto_cohens_d	1.860017468818369	effectsize::cohens_d
c0242	posthoc_mezzo__alto_diff	2.2462285195190645	rstatix::t_test
c0242	posthoc_mezzo__alto_p	0.15804664546921748	stats::t.test
c0242	posthoc_mezzo__alto_padj	0.15804664546921748	stats::p.adjust
c0242	posthoc_mezzo__alto_padj_ptt	0.15824877070568671	stats::pairwise.t.test
c0242	posthoc_mezzo__alto_df	28	rstatix::t_test
c0242	posthoc_mezzo__alto_t	1.4504405547821466	rstatix::t_test
c0242	posthoc_mezzo__alto_cohens_d	0.52962600678299288	effectsize::cohens_d
c0243	n	45	base::length
c0243	k	3	base::length
c0243	posthoc_soprano__mezzo_diff	5.532710196724409	stats::median
c0243	posthoc_soprano__mezzo_diff_wilcoxest	5.532710196724409	rstatix::wilcox_test
c0243	posthoc_soprano__mezzo_ci_low	1.6762032227066612	rstatix::wilcox_test
c0243	posthoc_soprano__mezzo_ci_high	9.2079536515168741	rstatix::wilcox_test
c0243	posthoc_soprano__mezzo_p	0.0014081194696769263	stats::wilcox.test
c0243	posthoc_soprano__mezzo_padj	0.004224358409030779	stats::p.adjust
c0243	posthoc_soprano__mezzo_u	187	stats::wilcox.test
c0243	posthoc_soprano__mezzo_rank_biserial	0.66222222222222227	effectsize::rank_biserial
c0243	posthoc_soprano__alto_diff	7.5002058865546815	stats::median
c0243	posthoc_soprano__alto_diff_wilcoxest	7.5002058865546815	rstatix::wilcox_test
c0243	posthoc_soprano__alto_ci_low	3.4878186948280074	rstatix::wilcox_test
c0243	posthoc_soprano__alto_ci_high	11.627631813408399	rstatix::wilcox_test
c0243	posthoc_soprano__alto_p	6.5498726385001507e-06	stats::wilcox.test
c0243	posthoc_soprano__alto_padj	1.9649617915500452e-05	stats::p.adjust
c0243	posthoc_soprano__alto_u	211	stats::wilcox.test
c0243	posthoc_soprano__alto_rank_biserial	0.87555555555555564	effectsize::rank_biserial
c0243	posthoc_mezzo__alto_diff	2.0838312290850638	stats::median
c0243	posthoc_mezzo__alto_diff_wilcoxest	2.0838312290850638	rstatix::wilcox_test
c0243	posthoc_mezzo__alto_ci_low	-2.040862140124915	rstatix::wilcox_test
c0243	posthoc_mezzo__alto_ci_high	6.0921890590402512	rstatix::wilcox_test
c0243	posthoc_mezzo__alto_p	0.2495561945549413	stats::wilcox.test
c0243	posthoc_mezzo__alto_padj	0.74866858366482392	stats::p.adjust
c0243	posthoc_mezzo__alto_u	141	stats::wilcox.test
c0243	posthoc_mezzo__alto_rank_biserial	0.25333333333333335	effectsize::rank_biserial
c0244	n	45	base::length
c0244	k	3	base::length
c0244	posthoc_soprano__mezzo_diff	5.532710196724409	stats::median
c0244	posthoc_soprano__mezzo_diff_wilcoxest	5.532710196724409	rstatix::wilcox_test
c0244	posthoc_soprano__mezzo_p	0.0014081194696769263	stats::wilcox.test
c0244	posthoc_soprano__mezzo_padj	0.0028162389393538525	stats::p.adjust
c0244	posthoc_soprano__mezzo_u	187	stats::wilcox.test
c0244	posthoc_soprano__mezzo_rank_biserial	0.66222222222222227	effectsize::rank_biserial
c0244	posthoc_soprano__alto_diff	7.5002058865546815	stats::median
c0244	posthoc_soprano__alto_diff_wilcoxest	7.5002058865546815	rstatix::wilcox_test
c0244	posthoc_soprano__alto_p	6.5498726385001507e-06	stats::wilcox.test
c0244	posthoc_soprano__alto_padj	1.9649617915500452e-05	stats::p.adjust
c0244	posthoc_soprano__alto_u	211	stats::wilcox.test
c0244	posthoc_soprano__alto_rank_biserial	0.87555555555555564	effectsize::rank_biserial
c0244	posthoc_mezzo__alto_diff	2.0838312290850638	stats::median
c0244	posthoc_mezzo__alto_diff_wilcoxest	2.0838312290850638	rstatix::wilcox_test
c0244	posthoc_mezzo__alto_p	0.2495561945549413	stats::wilcox.test
c0244	posthoc_mezzo__alto_padj	0.2495561945549413	stats::p.adjust
c0244	posthoc_mezzo__alto_u	141	stats::wilcox.test
c0244	posthoc_mezzo__alto_rank_biserial	0.25333333333333335	effectsize::rank_biserial
c0245	n	45	base::length
c0245	k	3	base::length
c0245	posthoc_soprano__mezzo_diff	5.532710196724409	stats::median
c0245	posthoc_soprano__mezzo_diff_wilcoxest	5.532710196724409	rstatix::wilcox_test
c0245	posthoc_soprano__mezzo_p	0.0014081194696769263	stats::wilcox.test
c0245	posthoc_soprano__mezzo_padj	0.0021121792045153895	stats::p.adjust
c0245	posthoc_soprano__mezzo_u	187	stats::wilcox.test
c0245	posthoc_soprano__mezzo_rank_biserial	0.66222222222222227	effectsize::rank_biserial
c0245	posthoc_soprano__alto_diff	7.5002058865546815	stats::median
c0245	posthoc_soprano__alto_diff_wilcoxest	7.5002058865546815	rstatix::wilcox_test
c0245	posthoc_soprano__alto_p	6.5498726385001507e-06	stats::wilcox.test
c0245	posthoc_soprano__alto_padj	1.9649617915500452e-05	stats::p.adjust
c0245	posthoc_soprano__alto_u	211	stats::wilcox.test
c0245	posthoc_soprano__alto_rank_biserial	0.87555555555555564	effectsize::rank_biserial
c0245	posthoc_mezzo__alto_diff	2.0838312290850638	stats::median
c0245	posthoc_mezzo__alto_diff_wilcoxest	2.0838312290850638	rstatix::wilcox_test
c0245	posthoc_mezzo__alto_p	0.2495561945549413	stats::wilcox.test
c0245	posthoc_mezzo__alto_padj	0.2495561945549413	stats::p.adjust
c0245	posthoc_mezzo__alto_u	141	stats::wilcox.test
c0245	posthoc_mezzo__alto_rank_biserial	0.25333333333333335	effectsize::rank_biserial
c0246	n	45	base::length
c0246	k	3	base::length
c0246	posthoc_soprano__mezzo_diff	5.5294936672745933	stats::mean
c0246	posthoc_soprano__mezzo_f	6.8108636069305932	stats::pf
c0246	posthoc_soprano__mezzo_padj	0.0027422131621180662	stats::pf
c0246	posthoc_soprano__mezzo_ci_low	1.72752688941886	stats::qf
c0246	posthoc_soprano__mezzo_ci_high	9.3314604451303271	stats::qf
c0246	posthoc_soprano__alto_diff	7.7757221867936579	stats::mean
c0246	posthoc_soprano__alto_f	13.468304431875239	stats::pf
c0246	posthoc_soprano__alto_padj	3.0254283194211352e-05	stats::pf
c0246	posthoc_soprano__alto_ci_low	3.9737554089379246	stats::qf
c0246	posthoc_soprano__alto_ci_high	11.577688964649392	stats::qf
c0246	posthoc_mezzo__alto_diff	2.2462285195190645	stats::mean
c0246	posthoc_mezzo__alto_f	1.1239301648329714	stats::pf
c0246	posthoc_mezzo__alto_padj	0.33457796235271164	stats::pf
c0246	posthoc_mezzo__alto_ci_low	-1.5557382583366688	stats::qf
c0246	posthoc_mezzo__alto_ci_high	6.0481952973747983	stats::qf
c0247	n	45	base::length
c0247	k	3	base::length
c0247	posthoc_alto__mezzo_diff	-2.2462285195190645	rstatix::t_test
c0247	posthoc_alto__mezzo_ci_low	-6.1944114816285651	rstatix::t_test
c0247	posthoc_alto__mezzo_ci_high	1.7019544425904354	rstatix::t_test
c0247	posthoc_alto__mezzo_p	0.15824877070568671	stats::t.test
c0247	posthoc_alto__mezzo_padj	0.47474631211706014	stats::p.adjust
c0247	posthoc_alto__mezzo_padj_ptt	0.47474631211706014	stats::pairwise.t.test
c0247	posthoc_alto__mezzo_df	27.495539583112453	rstatix::t_test
c0247	posthoc_alto__mezzo_t	-1.4504405547821466	rstatix::t_test
c0247	posthoc_alto__mezzo_cohens_d	-0.52962600678299288	effectsize::cohens_d
c0247	posthoc_alto__soprano_diff	-7.7757221867936579	rstatix::t_test
c0247	posthoc_alto__soprano_ci_low	-11.669891900963323	rstatix::t_test
c0247	posthoc_alto__soprano_ci_high	-3.8815524726239912	rstatix::t_test
c0247	posthoc_alto__soprano_p	2.3140093226153602e-05	stats::t.test
c0247	posthoc_alto__soprano_padj	6.9420279678460807e-05	stats::p.adjust
c0247	posthoc_alto__soprano_padj_ptt	6.9420279678460807e-05	stats::pairwise.t.test
c0247	posthoc_alto__soprano_df	27.225486919545911	rstatix::t_test
c0247	posthoc_alto__soprano_t	-5.0938676251274124	rstatix::t_test
c0247	posthoc_alto__soprano_cohens_d	-1.860017468818369	effectsize::cohens_d
c0247	posthoc_mezzo__soprano_diff	-5.5294936672745933	rstatix::t_test
c0247	posthoc_mezzo__soprano_ci_low	-9.1357779634116376	rstatix::t_test
c0247	posthoc_mezzo__soprano_ci_high	-1.92320937113755	rstatix::t_test
c0247	posthoc_mezzo__soprano_p	0.00054296591303452523	stats::t.test
c0247	posthoc_mezzo__soprano_padj	0.0016288977391035757	stats::p.adjust
c0247	posthoc_mezzo__soprano_padj_ptt	0.0016288977391035757	stats::pairwise.t.test
c0247	posthoc_mezzo__soprano_df	27.967686264519802	rstatix::t_test
c0247	posthoc_mezzo__soprano_t	-3.9047656484456592	rstatix::t_test
c0247	posthoc_mezzo__soprano_cohens_d	-1.4258188182833162	effectsize::cohens_d
c0248	n	45	base::length
c0248	k	3	base::length
c0248	posthoc_alto__mezzo_diff	-2.2462285195190645	rstatix::t_test
c0248	posthoc_alto__mezzo_p	0.15824877070568671	stats::t.test
c0248	posthoc_alto__mezzo_padj	0.15824877070568671	stats::p.adjust
c0248	posthoc_alto__mezzo_padj_ptt	0.15824877070568671	stats::pairwise.t.test
c0248	posthoc_alto__mezzo_df	27.495539583112453	rstatix::t_test
c0248	posthoc_alto__mezzo_t	-1.4504405547821466	rstatix::t_test
c0248	posthoc_alto__mezzo_cohens_d	-0.52962600678299288	effectsize::cohens_d
c0248	posthoc_alto__soprano_diff	-7.7757221867936579	rstatix::t_test
c0248	posthoc_alto__soprano_p	2.3140093226153602e-05	stats::t.test
c0248	posthoc_alto__soprano_padj	6.9420279678460807e-05	stats::p.adjust
c0248	posthoc_alto__soprano_padj_ptt	6.9420279678460807e-05	stats::pairwise.t.test
c0248	posthoc_alto__soprano_df	27.225486919545911	rstatix::t_test
c0248	posthoc_alto__soprano_t	-5.0938676251274124	rstatix::t_test
c0248	posthoc_alto__soprano_cohens_d	-1.860017468818369	effectsize::cohens_d
c0248	posthoc_mezzo__soprano_diff	-5.5294936672745933	rstatix::t_test
c0248	posthoc_mezzo__soprano_p	0.00054296591303452523	stats::t.test
c0248	posthoc_mezzo__soprano_padj	0.0010859318260690505	stats::p.adjust
c0248	posthoc_mezzo__soprano_padj_ptt	0.0010859318260690505	stats::pairwise.t.test
c0248	posthoc_mezzo__soprano_df	27.967686264519802	rstatix::t_test
c0248	posthoc_mezzo__soprano_t	-3.9047656484456592	rstatix::t_test
c0248	posthoc_mezzo__soprano_cohens_d	-1.4258188182833162	effectsize::cohens_d
c0249	n	45	base::length
c0249	k	3	base::length
c0249	posthoc_alto__mezzo_diff	-2.2462285195190645	rstatix::t_test
c0249	posthoc_alto__mezzo_p	0.15824877070568671	stats::t.test
c0249	posthoc_alto__mezzo_padj	0.15824877070568671	stats::p.adjust
c0249	posthoc_alto__mezzo_padj_ptt	0.15824877070568671	stats::pairwise.t.test
c0249	posthoc_alto__mezzo_df	27.495539583112453	rstatix::t_test
c0249	posthoc_alto__mezzo_t	-1.4504405547821466	rstatix::t_test
c0249	posthoc_alto__mezzo_cohens_d	-0.52962600678299288	effectsize::cohens_d
c0249	posthoc_alto__soprano_diff	-7.7757221867936579	rstatix::t_test
c0249	posthoc_alto__soprano_p	2.3140093226153602e-05	stats::t.test
c0249	posthoc_alto__soprano_padj	6.9420279678460807e-05	stats::p.adjust
c0249	posthoc_alto__soprano_padj_ptt	6.9420279678460807e-05	stats::pairwise.t.test
c0249	posthoc_alto__soprano_df	27.225486919545911	rstatix::t_test
c0249	posthoc_alto__soprano_t	-5.0938676251274124	rstatix::t_test
c0249	posthoc_alto__soprano_cohens_d	-1.860017468818369	effectsize::cohens_d
c0249	posthoc_mezzo__soprano_diff	-5.5294936672745933	rstatix::t_test
c0249	posthoc_mezzo__soprano_p	0.00054296591303452523	stats::t.test
c0249	posthoc_mezzo__soprano_padj	0.00081444886955178784	stats::p.adjust
c0249	posthoc_mezzo__soprano_padj_ptt	0.00081444886955178784	stats::pairwise.t.test
c0249	posthoc_mezzo__soprano_df	27.967686264519802	rstatix::t_test
c0249	posthoc_mezzo__soprano_t	-3.9047656484456592	rstatix::t_test
c0249	posthoc_mezzo__soprano_cohens_d	-1.4258188182833162	effectsize::cohens_d
c0250	n	45	base::length
c0250	k	3	base::length
c0250	posthoc_alto__mezzo_diff	-2.2462285195190645	rstatix::t_test
c0250	posthoc_alto__mezzo_ci_low	-6.1898184781106371	rstatix::t_test
c0250	posthoc_alto__mezzo_ci_high	1.6973614390725074	rstatix::t_test
c0250	posthoc_alto__mezzo_p	0.15804664546921748	stats::t.test
c0250	posthoc_alto__mezzo_padj	0.47413993640765245	stats::p.adjust
c0250	posthoc_alto__mezzo_padj_ptt	0.47474631211706014	stats::pairwise.t.test
c0250	posthoc_alto__mezzo_df	28	rstatix::t_test
c0250	posthoc_alto__mezzo_t	-1.4504405547821466	rstatix::t_test
c0250	posthoc_alto__mezzo_cohens_d	-0.52962600678299288	effectsize::cohens_d
c0250	posthoc_alto__soprano_diff	-7.7757221867936579	rstatix::t_test
c0250	posthoc_alto__soprano_ci_low	-11.662867984026059	rstatix::t_test
c0250	posthoc_alto__soprano_ci_high	-3.8885763895612566	rstatix::t_test
c0250	posthoc_alto__soprano_p	2.1455994989241484e-05	stats::t.test
c0250	posthoc_alto__soprano_padj	6.436798496772445e-05	stats::p.adjust
c0250	posthoc_alto__soprano_padj_ptt	6.9420279678460807e-05	stats::pairwise.t.test
c0250	posthoc_alto__soprano_df	28	rstatix::t_test
c0250	posthoc_alto__soprano_t	-5.0938676251274133	rstatix::t_test
c0250	posthoc_alto__soprano_cohens_d	-1.860017468818369	effectsize::cohens_d
c0250	posthoc_mezzo__soprano_diff	-5.5294936672745933	rstatix::t_test
c0250	posthoc_mezzo__soprano_ci_low	-9.1355137440247418	rstatix::t_test
c0250	posthoc_mezzo__soprano_ci_high	-1.923473590524446	rstatix::t_test
c0250	posthoc_mezzo__soprano_p	0.0005421383003126137	stats::t.test
c0250	posthoc_mezzo__soprano_padj	0.0016264149009378411	stats::p.adjust
c0250	posthoc_mezzo__soprano_padj_ptt	0.0016288977391035757	stats::pairwise.t.test
c0250	posthoc_mezzo__soprano_df	28	rstatix::t_test
c0250	posthoc_mezzo__soprano_t	-3.9047656484456592	rstatix::t_test
c0250	posthoc_mezzo__soprano_cohens_d	-1.4258188182833162	effectsize::cohens_d
c0251	n	45	base::length
c0251	k	3	base::length
c0251	posthoc_alto__mezzo_diff	-2.2462285195190645	rstatix::t_test
c0251	posthoc_alto__mezzo_p	0.15804664546921748	stats::t.test
c0251	posthoc_alto__mezzo_padj	0.15804664546921748	stats::p.adjust
c0251	posthoc_alto__mezzo_padj_ptt	0.15824877070568671	stats::pairwise.t.test
c0251	posthoc_alto__mezzo_df	28	rstatix::t_test
c0251	posthoc_alto__mezzo_t	-1.4504405547821466	rstatix::t_test
c0251	posthoc_alto__mezzo_cohens_d	-0.52962600678299288	effectsize::cohens_d
c0251	posthoc_alto__soprano_diff	-7.7757221867936579	rstatix::t_test
c0251	posthoc_alto__soprano_p	2.1455994989241484e-05	stats::t.test
c0251	posthoc_alto__soprano_padj	6.436798496772445e-05	stats::p.adjust
c0251	posthoc_alto__soprano_padj_ptt	6.9420279678460807e-05	stats::pairwise.t.test
c0251	posthoc_alto__soprano_df	28	rstatix::t_test
c0251	posthoc_alto__soprano_t	-5.0938676251274133	rstatix::t_test
c0251	posthoc_alto__soprano_cohens_d	-1.860017468818369	effectsize::cohens_d
c0251	posthoc_mezzo__soprano_diff	-5.5294936672745933	rstatix::t_test
c0251	posthoc_mezzo__soprano_p	0.0005421383003126137	stats::t.test
c0251	posthoc_mezzo__soprano_padj	0.0010842766006252274	stats::p.adjust
c0251	posthoc_mezzo__soprano_padj_ptt	0.0010859318260690505	stats::pairwise.t.test
c0251	posthoc_mezzo__soprano_df	28	rstatix::t_test
c0251	posthoc_mezzo__soprano_t	-3.9047656484456592	rstatix::t_test
c0251	posthoc_mezzo__soprano_cohens_d	-1.4258188182833162	effectsize::cohens_d
c0252	n	45	base::length
c0252	k	3	base::length
c0252	posthoc_alto__mezzo_diff	-2.2462285195190645	rstatix::t_test
c0252	posthoc_alto__mezzo_p	0.15804664546921748	stats::t.test
c0252	posthoc_alto__mezzo_padj	0.15804664546921748	stats::p.adjust
c0252	posthoc_alto__mezzo_padj_ptt	0.15824877070568671	stats::pairwise.t.test
c0252	posthoc_alto__mezzo_df	28	rstatix::t_test
c0252	posthoc_alto__mezzo_t	-1.4504405547821466	rstatix::t_test
c0252	posthoc_alto__mezzo_cohens_d	-0.52962600678299288	effectsize::cohens_d
c0252	posthoc_alto__soprano_diff	-7.7757221867936579	rstatix::t_test
c0252	posthoc_alto__soprano_p	2.1455994989241484e-05	stats::t.test
c0252	posthoc_alto__soprano_padj	6.436798496772445e-05	stats::p.adjust
c0252	posthoc_alto__soprano_padj_ptt	6.9420279678460807e-05	stats::pairwise.t.test
c0252	posthoc_alto__soprano_df	28	rstatix::t_test
c0252	posthoc_alto__soprano_t	-5.0938676251274133	rstatix::t_test
c0252	posthoc_alto__soprano_cohens_d	-1.860017468818369	effectsize::cohens_d
c0252	posthoc_mezzo__soprano_diff	-5.5294936672745933	rstatix::t_test
c0252	posthoc_mezzo__soprano_p	0.0005421383003126137	stats::t.test
c0252	posthoc_mezzo__soprano_padj	0.00081320745046892056	stats::p.adjust
c0252	posthoc_mezzo__soprano_padj_ptt	0.00081444886955178784	stats::pairwise.t.test
c0252	posthoc_mezzo__soprano_df	28	rstatix::t_test
c0252	posthoc_mezzo__soprano_t	-3.9047656484456592	rstatix::t_test
c0252	posthoc_mezzo__soprano_cohens_d	-1.4258188182833162	effectsize::cohens_d
c0253	n	45	base::length
c0253	k	3	base::length
c0253	posthoc_alto__mezzo_diff	-2.0838312290850638	stats::median
c0253	posthoc_alto__mezzo_diff_wilcoxest	-2.0838312290850638	rstatix::wilcox_test
c0253	posthoc_alto__mezzo_ci_low	-6.0921890590402512	rstatix::wilcox_test
c0253	posthoc_alto__mezzo_ci_high	2.040862140124915	rstatix::wilcox_test
c0253	posthoc_alto__mezzo_p	0.2495561945549413	stats::wilcox.test
c0253	posthoc_alto__mezzo_padj	0.74866858366482392	stats::p.adjust
c0253	posthoc_alto__mezzo_u	84	stats::wilcox.test
c0253	posthoc_alto__mezzo_rank_biserial	-0.25333333333333335	effectsize::rank_biserial
c0253	posthoc_alto__soprano_diff	-7.5002058865546815	stats::median
c0253	posthoc_alto__soprano_diff_wilcoxest	-7.5002058865546815	rstatix::wilcox_test
c0253	posthoc_alto__soprano_ci_low	-11.627631813408399	rstatix::wilcox_test
c0253	posthoc_alto__soprano_ci_high	-3.4878186948280074	rstatix::wilcox_test
c0253	posthoc_alto__soprano_p	6.5498726385001507e-06	stats::wilcox.test
c0253	posthoc_alto__soprano_padj	1.9649617915500452e-05	stats::p.adjust
c0253	posthoc_alto__soprano_u	14	stats::wilcox.test
c0253	posthoc_alto__soprano_rank_biserial	-0.87555555555555564	effectsize::rank_biserial
c0253	posthoc_mezzo__soprano_diff	-5.532710196724409	stats::median
c0253	posthoc_mezzo__soprano_diff_wilcoxest	-5.532710196724409	rstatix::wilcox_test
c0253	posthoc_mezzo__soprano_ci_low	-9.2079536515168741	rstatix::wilcox_test
c0253	posthoc_mezzo__soprano_ci_high	-1.6762032227066612	rstatix::wilcox_test
c0253	posthoc_mezzo__soprano_p	0.0014081194696769263	stats::wilcox.test
c0253	posthoc_mezzo__soprano_padj	0.004224358409030779	stats::p.adjust
c0253	posthoc_mezzo__soprano_u	38	stats::wilcox.test
c0253	posthoc_mezzo__soprano_rank_biserial	-0.66222222222222227	effectsize::rank_biserial
c0254	n	45	base::length
c0254	k	3	base::length
c0254	posthoc_alto__mezzo_diff	-2.0838312290850638	stats::median
c0254	posthoc_alto__mezzo_diff_wilcoxest	-2.0838312290850638	rstatix::wilcox_test
c0254	posthoc_alto__mezzo_p	0.2495561945549413	stats::wilcox.test
c0254	posthoc_alto__mezzo_padj	0.2495561945549413	stats::p.adjust
c0254	posthoc_alto__mezzo_u	84	stats::wilcox.test
c0254	posthoc_alto__mezzo_rank_biserial	-0.25333333333333335	effectsize::rank_biserial
c0254	posthoc_alto__soprano_diff	-7.5002058865546815	stats::median
c0254	posthoc_alto__soprano_diff_wilcoxest	-7.5002058865546815	rstatix::wilcox_test
c0254	posthoc_alto__soprano_p	6.5498726385001507e-06	stats::wilcox.test
c0254	posthoc_alto__soprano_padj	1.9649617915500452e-05	stats::p.adjust
c0254	posthoc_alto__soprano_u	14	stats::wilcox.test
c0254	posthoc_alto__soprano_rank_biserial	-0.87555555555555564	effectsize::rank_biserial
c0254	posthoc_mezzo__soprano_diff	-5.532710196724409	stats::median
c0254	posthoc_mezzo__soprano_diff_wilcoxest	-5.532710196724409	rstatix::wilcox_test
c0254	posthoc_mezzo__soprano_p	0.0014081194696769263	stats::wilcox.test
c0254	posthoc_mezzo__soprano_padj	0.0028162389393538525	stats::p.adjust
c0254	posthoc_mezzo__soprano_u	38	stats::wilcox.test
c0254	posthoc_mezzo__soprano_rank_biserial	-0.66222222222222227	effectsize::rank_biserial
c0255	n	45	base::length
c0255	k	3	base::length
c0255	posthoc_alto__mezzo_diff	-2.0838312290850638	stats::median
c0255	posthoc_alto__mezzo_diff_wilcoxest	-2.0838312290850638	rstatix::wilcox_test
c0255	posthoc_alto__mezzo_p	0.2495561945549413	stats::wilcox.test
c0255	posthoc_alto__mezzo_padj	0.2495561945549413	stats::p.adjust
c0255	posthoc_alto__mezzo_u	84	stats::wilcox.test
c0255	posthoc_alto__mezzo_rank_biserial	-0.25333333333333335	effectsize::rank_biserial
c0255	posthoc_alto__soprano_diff	-7.5002058865546815	stats::median
c0255	posthoc_alto__soprano_diff_wilcoxest	-7.5002058865546815	rstatix::wilcox_test
c0255	posthoc_alto__soprano_p	6.5498726385001507e-06	stats::wilcox.test
c0255	posthoc_alto__soprano_padj	1.9649617915500452e-05	stats::p.adjust
c0255	posthoc_alto__soprano_u	14	stats::wilcox.test
c0255	posthoc_alto__soprano_rank_biserial	-0.87555555555555564	effectsize::rank_biserial
c0255	posthoc_mezzo__soprano_diff	-5.532710196724409	stats::median
c0255	posthoc_mezzo__soprano_diff_wilcoxest	-5.532710196724409	rstatix::wilcox_test
c0255	posthoc_mezzo__soprano_p	0.0014081194696769263	stats::wilcox.test
c0255	posthoc_mezzo__soprano_padj	0.0021121792045153895	stats::p.adjust
c0255	posthoc_mezzo__soprano_u	38	stats::wilcox.test
c0255	posthoc_mezzo__soprano_rank_biserial	-0.66222222222222227	effectsize::rank_biserial
c0256	n	45	base::length
c0256	k	3	base::length
c0256	posthoc_alto__mezzo_diff	-2.2462285195190645	stats::mean
c0256	posthoc_alto__mezzo_f	1.1239301648329714	stats::pf
c0256	posthoc_alto__mezzo_padj	0.33457796235271164	stats::pf
c0256	posthoc_alto__mezzo_ci_low	-6.0481952973747983	stats::qf
c0256	posthoc_alto__mezzo_ci_high	1.5557382583366688	stats::qf
c0256	posthoc_alto__soprano_diff	-7.7757221867936579	stats::mean
c0256	posthoc_alto__soprano_f	13.468304431875239	stats::pf
c0256	posthoc_alto__soprano_padj	3.0254283194211352e-05	stats::pf
c0256	posthoc_alto__soprano_ci_low	-11.577688964649392	stats::qf
c0256	posthoc_alto__soprano_ci_high	-3.9737554089379246	stats::qf
c0256	posthoc_mezzo__soprano_diff	-5.5294936672745933	stats::mean
c0256	posthoc_mezzo__soprano_f	6.8108636069305932	stats::pf
c0256	posthoc_mezzo__soprano_padj	0.0027422131621180662	stats::pf
c0256	posthoc_mezzo__soprano_ci_low	-9.3314604451303271	stats::qf
c0256	posthoc_mezzo__soprano_ci_high	-1.72752688941886	stats::qf
c0257	n	45	base::length
c0257	k	3	base::length
c0257	posthoc_soprano__mezzo_diff	0.22882514536508758	rstatix::t_test
c0257	posthoc_soprano__mezzo_ci_low	-0.35490405988475138	rstatix::t_test
c0257	posthoc_soprano__mezzo_ci_high	0.81255435061492653	rstatix::t_test
c0257	posthoc_soprano__mezzo_p	0.32666419055905482	stats::t.test
c0257	posthoc_soprano__mezzo_padj	0.97999257167716447	stats::p.adjust
c0257	posthoc_soprano__mezzo_padj_ptt	0.97999257167716447	stats::pairwise.t.test
c0257	posthoc_soprano__mezzo_df	27.93124386694754	rstatix::t_test
c0257	posthoc_soprano__mezzo_t	0.99838459380553524	rstatix::t_test
c0257	posthoc_soprano__mezzo_cohens_d	0.36455850872861606	effectsize::cohens_d
c0257	posthoc_soprano__alto_diff	0.43959973362963467	rstatix::t_test
c0257	posthoc_soprano__alto_ci_low	-0.046274955214562132	rstatix::t_test
c0257	posthoc_soprano__alto_ci_high	0.92547442247383138	rstatix::t_test
c0257	posthoc_soprano__alto_p	0.028405121363428012	stats::t.test
c0257	posthoc_soprano__alto_padj	0.085215364090284032	stats::p.adjust
c0257	posthoc_soprano__alto_padj_ptt	0.085215364090284032	stats::pairwise.t.test
c0257	posthoc_soprano__alto_df	20.925307030787383	rstatix::t_test
c0257	posthoc_soprano__alto_t	2.3543191315512848	rstatix::t_test
c0257	posthoc_soprano__alto_cohens_d	0.85967579727774091	effectsize::cohens_d
c0257	posthoc_mezzo__alto_diff	0.21077458826454709	rstatix::t_test
c0257	posthoc_mezzo__alto_ci_low	-0.25543738876042055	rstatix::t_test
c0257	posthoc_mezzo__alto_ci_high	0.67698656528951473	rstatix::t_test
c0257	posthoc_mezzo__alto_p	0.25339310660281439	stats::t.test
c0257	posthoc_mezzo__alto_padj	0.76017931980844322	stats::p.adjust
c0257	posthoc_mezzo__alto_padj_ptt	0.76017931980844322	stats::pairwise.t.test
c0257	posthoc_mezzo__alto_df	21.539933222594218	rstatix::t_test
c0257	posthoc_mezzo__alto_t	1.1735394756347532	rstatix::t_test
c0257	posthoc_mezzo__alto_cohens_d	0.42851602861862581	effectsize::cohens_d
c0258	n	45	base::length
c0258	k	3	base::length
c0258	posthoc_soprano__mezzo_diff	0.22882514536508758	rstatix::t_test
c0258	posthoc_soprano__mezzo_p	0.32666419055905482	stats::t.test
c0258	posthoc_soprano__mezzo_padj	0.50678621320562878	stats::p.adjust
c0258	posthoc_soprano__mezzo_padj_ptt	0.50678621320562878	stats::pairwise.t.test
c0258	posthoc_soprano__mezzo_df	27.93124386694754	rstatix::t_test
c0258	posthoc_soprano__mezzo_t	0.99838459380553524	rstatix::t_test
c0258	posthoc_soprano__mezzo_cohens_d	0.36455850872861606	effectsize::cohens_d
c0258	posthoc_soprano__alto_diff	0.43959973362963467	rstatix::t_test
c0258	posthoc_soprano__alto_p	0.028405121363428012	stats::t.test
c0258	posthoc_soprano__alto_padj	0.085215364090284032	stats::p.adjust
c0258	posthoc_soprano__alto_padj_ptt	0.085215364090284032	stats::pairwise.t.test
c0258	posthoc_soprano__alto_df	20.925307030787383	rstatix::t_test
c0258	posthoc_soprano__alto_t	2.3543191315512848	rstatix::t_test
c0258	posthoc_soprano__alto_cohens_d	0.85967579727774091	effectsize::cohens_d
c0258	posthoc_mezzo__alto_diff	0.21077458826454709	rstatix::t_test
c0258	posthoc_mezzo__alto_p	0.25339310660281439	stats::t.test
c0258	posthoc_mezzo__alto_padj	0.50678621320562878	stats::p.adjust
c0258	posthoc_mezzo__alto_padj_ptt	0.50678621320562878	stats::pairwise.t.test
c0258	posthoc_mezzo__alto_df	21.539933222594218	rstatix::t_test
c0258	posthoc_mezzo__alto_t	1.1735394756347532	rstatix::t_test
c0258	posthoc_mezzo__alto_cohens_d	0.42851602861862581	effectsize::cohens_d
c0259	n	45	base::length
c0259	k	3	base::length
c0259	posthoc_soprano__mezzo_diff	0.22882514536508758	rstatix::t_test
c0259	posthoc_soprano__mezzo_p	0.32666419055905482	stats::t.test
c0259	posthoc_soprano__mezzo_padj	0.32666419055905482	stats::p.adjust
c0259	posthoc_soprano__mezzo_padj_ptt	0.32666419055905482	stats::pairwise.t.test
c0259	posthoc_soprano__mezzo_df	27.93124386694754	rstatix::t_test
c0259	posthoc_soprano__mezzo_t	0.99838459380553524	rstatix::t_test
c0259	posthoc_soprano__mezzo_cohens_d	0.36455850872861606	effectsize::cohens_d
c0259	posthoc_soprano__alto_diff	0.43959973362963467	rstatix::t_test
c0259	posthoc_soprano__alto_p	0.028405121363428012	stats::t.test
c0259	posthoc_soprano__alto_padj	0.085215364090284032	stats::p.adjust
c0259	posthoc_soprano__alto_padj_ptt	0.085215364090284032	stats::pairwise.t.test
c0259	posthoc_soprano__alto_df	20.925307030787383	rstatix::t_test
c0259	posthoc_soprano__alto_t	2.3543191315512848	rstatix::t_test
c0259	posthoc_soprano__alto_cohens_d	0.85967579727774091	effectsize::cohens_d
c0259	posthoc_mezzo__alto_diff	0.21077458826454709	rstatix::t_test
c0259	posthoc_mezzo__alto_p	0.25339310660281439	stats::t.test
c0259	posthoc_mezzo__alto_padj	0.32666419055905482	stats::p.adjust
c0259	posthoc_mezzo__alto_padj_ptt	0.32666419055905482	stats::pairwise.t.test
c0259	posthoc_mezzo__alto_df	21.539933222594218	rstatix::t_test
c0259	posthoc_mezzo__alto_t	1.1735394756347532	rstatix::t_test
c0259	posthoc_mezzo__alto_cohens_d	0.42851602861862581	effectsize::cohens_d
c0260	n	45	base::length
c0260	k	3	base::length
c0260	posthoc_soprano__mezzo_diff	0.22882514536508758	rstatix::t_test
c0260	posthoc_soprano__mezzo_ci_low	-0.35481294198641689	rstatix::t_test
c0260	posthoc_soprano__mezzo_ci_high	0.81246323271659204	rstatix::t_test
c0260	posthoc_soprano__mezzo_p	0.32664333475701635	stats::t.test
c0260	posthoc_soprano__mezzo_padj	0.97993000427104904	stats::p.adjust
c0260	posthoc_soprano__mezzo_padj_ptt	0.97999257167716447	stats::pairwise.t.test
c0260	posthoc_soprano__mezzo_df	28	rstatix::t_test
c0260	posthoc_soprano__mezzo_t	0.99838459380553524	rstatix::t_test
c0260	posthoc_soprano__mezzo_cohens_d	0.36455850872861606	effectsize::cohens_d
c0260	posthoc_soprano__alto_diff	0.43959973362963467	rstatix::t_test
c0260	posthoc_soprano__alto_ci_low	-0.03587762142791992	rstatix::t_test
c0260	posthoc_soprano__alto_ci_high	0.91507708868718929	rstatix::t_test
c0260	posthoc_soprano__alto_p	0.025802867578836649	stats::t.test
c0260	posthoc_soprano__alto_padj	0.077408602736509943	stats::p.adjust
c0260	posthoc_soprano__alto_padj_ptt	0.085215364090284032	stats::pairwise.t.test
c0260	posthoc_soprano__alto_df	28	rstatix::t_test
c0260	posthoc_soprano__alto_t	2.3543191315512848	rstatix::t_test
c0260	posthoc_soprano__alto_cohens_d	0.85967579727774091	effectsize::cohens_d
c0260	posthoc_mezzo__alto_diff	0.21077458826454709	rstatix::t_test
c0260	posthoc_mezzo__alto_ci_low	-0.2465855346842116	rstatix::t_test
c0260	posthoc_mezzo__alto_ci_high	0.66813471121330581	rstatix::t_test
c0260	posthoc_mezzo__alto_p	0.25046574178671249	stats::t.test
c0260	posthoc_mezzo__alto_padj	0.75139722536013753	stats::p.adjust
c0260	posthoc_mezzo__alto_padj_ptt	0.76017931980844322	stats::pairwise.t.test
c0260	posthoc_mezzo__alto_df	28	rstatix::t_test
c0260	posthoc_mezzo__alto_t	1.1735394756347532	rstatix::t_test
c0260	posthoc_mezzo__alto_cohens_d	0.42851602861862581	effectsize::cohens_d
c0261	n	45	base::length
c0261	k	3	base::length
c0261	posthoc_soprano__mezzo_diff	0.22882514536508758	rstatix::t_test
c0261	posthoc_soprano__mezzo_p	0.32664333475701635	stats::t.test
c0261	posthoc_soprano__mezzo_padj	0.50093148357342498	stats::p.adjust
c0261	posthoc_soprano__mezzo_padj_ptt	0.50678621320562878	stats::pairwise.t.test
c0261	posthoc_soprano__mezzo_df	28	rstatix::t_test
c0261	posthoc_soprano__mezzo_t	0.99838459380553524	rstatix::t_test
c0261	posthoc_soprano__mezzo_cohens_d	0.36455850872861606	effectsize::cohens_d
c0261	posthoc_soprano__alto_diff	0.43959973362963467	rstatix::t_test
c0261	posthoc_soprano__alto_p	0.025802867578836649	stats::t.test
c0261	posthoc_soprano__alto_padj	0.077408602736509943	stats::p.adjust
c0261	posthoc_soprano__alto_padj_ptt	0.085215364090284032	stats::pairwise.t.test
c0261	posthoc_soprano__alto_df	28	rstatix::t_test
c0261	posthoc_soprano__alto_t	2.3543191315512848	rstatix::t_test
c0261	posthoc_soprano__alto_cohens_d	0.85967579727774091	effectsize::cohens_d
c0261	posthoc_mezzo__alto_diff	0.21077458826454709	rstatix::t_test
c0261	posthoc_mezzo__alto_p	0.25046574178671249	stats::t.test
c0261	posthoc_mezzo__alto_padj	0.50093148357342498	stats::p.adjust
c0261	posthoc_mezzo__alto_padj_ptt	0.50678621320562878	stats::pairwise.t.test
c0261	posthoc_mezzo__alto_df	28	rstatix::t_test
c0261	posthoc_mezzo__alto_t	1.1735394756347532	rstatix::t_test
c0261	posthoc_mezzo__alto_cohens_d	0.42851602861862581	effectsize::cohens_d
c0262	n	45	base::length
c0262	k	3	base::length
c0262	posthoc_soprano__mezzo_diff	0.22882514536508758	rstatix::t_test
c0262	posthoc_soprano__mezzo_p	0.32664333475701635	stats::t.test
c0262	posthoc_soprano__mezzo_padj	0.32664333475701635	stats::p.adjust
c0262	posthoc_soprano__mezzo_padj_ptt	0.32666419055905482	stats::pairwise.t.test
c0262	posthoc_soprano__mezzo_df	28	rstatix::t_test
c0262	posthoc_soprano__mezzo_t	0.99838459380553524	rstatix::t_test
c0262	posthoc_soprano__mezzo_cohens_d	0.36455850872861606	effectsize::cohens_d
c0262	posthoc_soprano__alto_diff	0.43959973362963467	rstatix::t_test
c0262	posthoc_soprano__alto_p	0.025802867578836649	stats::t.test
c0262	posthoc_soprano__alto_padj	0.077408602736509943	stats::p.adjust
c0262	posthoc_soprano__alto_padj_ptt	0.085215364090284032	stats::pairwise.t.test
c0262	posthoc_soprano__alto_df	28	rstatix::t_test
c0262	posthoc_soprano__alto_t	2.3543191315512848	rstatix::t_test
c0262	posthoc_soprano__alto_cohens_d	0.85967579727774091	effectsize::cohens_d
c0262	posthoc_mezzo__alto_diff	0.21077458826454709	rstatix::t_test
c0262	posthoc_mezzo__alto_p	0.25046574178671249	stats::t.test
c0262	posthoc_mezzo__alto_padj	0.32664333475701635	stats::p.adjust
c0262	posthoc_mezzo__alto_padj_ptt	0.32666419055905482	stats::pairwise.t.test
c0262	posthoc_mezzo__alto_df	28	rstatix::t_test
c0262	posthoc_mezzo__alto_t	1.1735394756347532	rstatix::t_test
c0262	posthoc_mezzo__alto_cohens_d	0.42851602861862581	effectsize::cohens_d
c0263	n	45	base::length
c0263	k	3	base::length
c0263	posthoc_soprano__mezzo_diff	0.22321279533746807	stats::median
c0263	posthoc_soprano__mezzo_diff_wilcoxest	0.22321279533746807	rstatix::wilcox_test
c0263	posthoc_soprano__mezzo_ci_low	-0.35676480027089852	rstatix::wilcox_test
c0263	posthoc_soprano__mezzo_ci_high	0.8430261417041427	rstatix::wilcox_test
c0263	posthoc_soprano__mezzo_p	0.46095874921156554	stats::wilcox.test
c0263	posthoc_soprano__mezzo_padj	1	stats::p.adjust
c0263	posthoc_soprano__mezzo_u	131	stats::wilcox.test
c0263	posthoc_soprano__mezzo_rank_biserial	0.16444444444444439	effectsize::rank_biserial
c0263	posthoc_soprano__alto_diff	0.45879306239219364	stats::median
c0263	posthoc_soprano__alto_diff_wilcoxest	0.45879306239219364	rstatix::wilcox_test
c0263	posthoc_soprano__alto_ci_low	-0.1782147699979717	rstatix::wilcox_test
c0263	posthoc_soprano__alto_ci_high	0.96967734863421562	rstatix::wilcox_test
c0263	posthoc_soprano__alto_p	0.089194773098486876	stats::wilcox.test
c0263	posthoc_soprano__alto_padj	0.26758431929546062	stats::p.adjust
c0263	posthoc_soprano__alto_u	154	stats::wilcox.test
c0263	posthoc_soprano__alto_rank_biserial	0.36888888888888888	effectsize::rank_biserial
c0263	posthoc_mezzo__alto_diff	0.14510336084907749	stats::median
c0263	posthoc_mezzo__alto_diff_wilcoxest	0.14510336084907749	rstatix::wilcox_test
c0263	posthoc_mezzo__alto_ci_low	-0.29858057633956037	rstatix::wilcox_test
c0263	posthoc_mezzo__alto_ci_high	0.75094071971264409	rstatix::wilcox_test
c0263	posthoc_mezzo__alto_p	0.32454817482899417	stats::wilcox.test
c0263	posthoc_mezzo__alto_padj	0.97364452448698247	stats::p.adjust
c0263	posthoc_mezzo__alto_u	137	stats::wilcox.test
c0263	posthoc_mezzo__alto_rank_biserial	0.21777777777777779	effectsize::rank_biserial
c0264	n	45	base::length
c0264	k	3	base::length
c0264	posthoc_soprano__mezzo_diff	0.22321279533746807	stats::median
c0264	posthoc_soprano__mezzo_diff_wilcoxest	0.22321279533746807	rstatix::wilcox_test
c0264	posthoc_soprano__mezzo_p	0.46095874921156554	stats::wilcox.test
c0264	posthoc_soprano__mezzo_padj	0.64909634965798835	stats::p.adjust
c0264	posthoc_soprano__mezzo_u	131	stats::wilcox.test
c0264	posthoc_soprano__mezzo_rank_biserial	0.16444444444444439	effectsize::rank_biserial
c0264	posthoc_soprano__alto_diff	0.45879306239219364	stats::median
c0264	posthoc_soprano__alto_diff_wilcoxest	0.45879306239219364	rstatix::wilcox_test
c0264	posthoc_soprano__alto_p	0.089194773098486876	stats::wilcox.test
c0264	posthoc_soprano__alto_padj	0.26758431929546062	stats::p.adjust
c0264	posthoc_soprano__alto_u	154	stats::wilcox.test
c0264	posthoc_soprano__alto_rank_biserial	0.36888888888888888	effectsize::rank_biserial
c0264	posthoc_mezzo__alto_diff	0.14510336084907749	stats::median
c0264	posthoc_mezzo__alto_diff_wilcoxest	0.14510336084907749	rstatix::wilcox_test
c0264	posthoc_mezzo__alto_p	0.32454817482899417	stats::wilcox.test
c0264	posthoc_mezzo__alto_padj	0.64909634965798835	stats::p.adjust
c0264	posthoc_mezzo__alto_u	137	stats::wilcox.test
c0264	posthoc_mezzo__alto_rank_biserial	0.21777777777777779	effectsize::rank_biserial
c0265	n	45	base::length
c0265	k	3	base::length
c0265	posthoc_soprano__mezzo_diff	0.22321279533746807	stats::median
c0265	posthoc_soprano__mezzo_diff_wilcoxest	0.22321279533746807	rstatix::wilcox_test
c0265	posthoc_soprano__mezzo_p	0.46095874921156554	stats::wilcox.test
c0265	posthoc_soprano__mezzo_padj	0.46095874921156554	stats::p.adjust
c0265	posthoc_soprano__mezzo_u	131	stats::wilcox.test
c0265	posthoc_soprano__mezzo_rank_biserial	0.16444444444444439	effectsize::rank_biserial
c0265	posthoc_soprano__alto_diff	0.45879306239219364	stats::median
c0265	posthoc_soprano__alto_diff_wilcoxest	0.45879306239219364	rstatix::wilcox_test
c0265	posthoc_soprano__alto_p	0.089194773098486876	stats::wilcox.test
c0265	posthoc_soprano__alto_padj	0.26758431929546062	stats::p.adjust
c0265	posthoc_soprano__alto_u	154	stats::wilcox.test
c0265	posthoc_soprano__alto_rank_biserial	0.36888888888888888	effectsize::rank_biserial
c0265	posthoc_mezzo__alto_diff	0.14510336084907749	stats::median
c0265	posthoc_mezzo__alto_diff_wilcoxest	0.14510336084907749	rstatix::wilcox_test
c0265	posthoc_mezzo__alto_p	0.32454817482899417	stats::wilcox.test
c0265	posthoc_mezzo__alto_padj	0.46095874921156554	stats::p.adjust
c0265	posthoc_mezzo__alto_u	137	stats::wilcox.test
c0265	posthoc_mezzo__alto_rank_biserial	0.21777777777777779	effectsize::rank_biserial
c0266	n	45	base::length
c0266	k	3	base::length
c0266	posthoc_soprano__mezzo_diff	0.22882514536508758	stats::mean
c0266	posthoc_soprano__mezzo_f	0.65640799977563957	stats::pf
c0266	posthoc_soprano__mezzo_padj	0.52395051122591818	stats::pf
c0266	posthoc_soprano__mezzo_ci_low	-0.2779798169143779	stats::qf
c0266	posthoc_soprano__mezzo_ci_high	0.73563010764455306	stats::qf
c0266	posthoc_soprano__alto_diff	0.43959973362963467	stats::mean
c0266	posthoc_soprano__alto_f	2.4225972091997665	stats::pf
c0266	posthoc_soprano__alto_padj	0.10098785281250394	stats::pf
c0266	posthoc_soprano__alto_ci_low	-0.067205228649830806	stats::qf
c0266	posthoc_soprano__alto_ci_high	0.94640469590910015	stats::qf
c0266	posthoc_mezzo__alto_diff	0.21077458826454709	stats::mean
c0266	posthoc_mezzo__alto_f	0.55693289569581639	stats::pf
c0266	posthoc_mezzo__alto_padj	0.577136874620646	stats::pf
c0266	posthoc_mezzo__alto_ci_low	-0.29603037401491838	stats::qf
c0266	posthoc_mezzo__alto_ci_high	0.71757955054401257	stats::qf
c0267	n	45	base::length
c0267	k	3	base::length
c0267	posthoc_alto__mezzo_diff	-0.21077458826454709	rstatix::t_test
c0267	posthoc_alto__mezzo_ci_low	-0.67698656528951473	rstatix::t_test
c0267	posthoc_alto__mezzo_ci_high	0.25543738876042055	rstatix::t_test
c0267	posthoc_alto__mezzo_p	0.25339310660281439	stats::t.test
c0267	posthoc_alto__mezzo_padj	0.76017931980844322	stats::p.adjust
c0267	posthoc_alto__mezzo_padj_ptt	0.76017931980844322	stats::pairwise.t.test
c0267	posthoc_alto__mezzo_df	21.539933222594218	rstatix::t_test
c0267	posthoc_alto__mezzo_t	-1.1735394756347532	rstatix::t_test
c0267	posthoc_alto__mezzo_cohens_d	-0.42851602861862581	effectsize::cohens_d
c0267	posthoc_alto__soprano_diff	-0.43959973362963467	rstatix::t_test
c0267	posthoc_alto__soprano_ci_low	-0.92547442247383138	rstatix::t_test
c0267	posthoc_alto__soprano_ci_high	0.046274955214562132	rstatix::t_test
c0267	posthoc_alto__soprano_p	0.028405121363428012	stats::t.test
c0267	posthoc_alto__soprano_padj	0.085215364090284032	stats::p.adjust
c0267	posthoc_alto__soprano_padj_ptt	0.085215364090284032	stats::pairwise.t.test
c0267	posthoc_alto__soprano_df	20.925307030787383	rstatix::t_test
c0267	posthoc_alto__soprano_t	-2.3543191315512848	rstatix::t_test
c0267	posthoc_alto__soprano_cohens_d	-0.85967579727774091	effectsize::cohens_d
c0267	posthoc_mezzo__soprano_diff	-0.22882514536508758	rstatix::t_test
c0267	posthoc_mezzo__soprano_ci_low	-0.81255435061492653	rstatix::t_test
c0267	posthoc_mezzo__soprano_ci_high	0.35490405988475138	rstatix::t_test
c0267	posthoc_mezzo__soprano_p	0.32666419055905482	stats::t.test
c0267	posthoc_mezzo__soprano_padj	0.97999257167716447	stats::p.adjust
c0267	posthoc_mezzo__soprano_padj_ptt	0.97999257167716447	stats::pairwise.t.test
c0267	posthoc_mezzo__soprano_df	27.93124386694754	rstatix::t_test
c0267	posthoc_mezzo__soprano_t	-0.99838459380553524	rstatix::t_test
c0267	posthoc_mezzo__soprano_cohens_d	-0.36455850872861606	effectsize::cohens_d
c0268	n	45	base::length
c0268	k	3	base::length
c0268	posthoc_alto__mezzo_diff	-0.21077458826454709	rstatix::t_test
c0268	posthoc_alto__mezzo_p	0.25339310660281439	stats::t.test
c0268	posthoc_alto__mezzo_padj	0.50678621320562878	stats::p.adjust
c0268	posthoc_alto__mezzo_padj_ptt	0.50678621320562878	stats::pairwise.t.test
c0268	posthoc_alto__mezzo_df	21.539933222594218	rstatix::t_test
c0268	posthoc_alto__mezzo_t	-1.1735394756347532	rstatix::t_test
c0268	posthoc_alto__mezzo_cohens_d	-0.42851602861862581	effectsize::cohens_d
c0268	posthoc_alto__soprano_diff	-0.43959973362963467	rstatix::t_test
c0268	posthoc_alto__soprano_p	0.028405121363428012	stats::t.test
c0268	posthoc_alto__soprano_padj	0.085215364090284032	stats::p.adjust
c0268	posthoc_alto__soprano_padj_ptt	0.085215364090284032	stats::pairwise.t.test
c0268	posthoc_alto__soprano_df	20.925307030787383	rstatix::t_test
c0268	posthoc_alto__soprano_t	-2.3543191315512848	rstatix::t_test
c0268	posthoc_alto__soprano_cohens_d	-0.85967579727774091	effectsize::cohens_d
c0268	posthoc_mezzo__soprano_diff	-0.22882514536508758	rstatix::t_test
c0268	posthoc_mezzo__soprano_p	0.32666419055905482	stats::t.test
c0268	posthoc_mezzo__soprano_padj	0.50678621320562878	stats::p.adjust
c0268	posthoc_mezzo__soprano_padj_ptt	0.50678621320562878	stats::pairwise.t.test
c0268	posthoc_mezzo__soprano_df	27.93124386694754	rstatix::t_test
c0268	posthoc_mezzo__soprano_t	-0.99838459380553524	rstatix::t_test
c0268	posthoc_mezzo__soprano_cohens_d	-0.36455850872861606	effectsize::cohens_d
c0269	n	45	base::length
c0269	k	3	base::length
c0269	posthoc_alto__mezzo_diff	-0.21077458826454709	rstatix::t_test
c0269	posthoc_alto__mezzo_p	0.25339310660281439	stats::t.test
c0269	posthoc_alto__mezzo_padj	0.32666419055905482	stats::p.adjust
c0269	posthoc_alto__mezzo_padj_ptt	0.32666419055905482	stats::pairwise.t.test
c0269	posthoc_alto__mezzo_df	21.539933222594218	rstatix::t_test
c0269	posthoc_alto__mezzo_t	-1.1735394756347532	rstatix::t_test
c0269	posthoc_alto__mezzo_cohens_d	-0.42851602861862581	effectsize::cohens_d
c0269	posthoc_alto__soprano_diff	-0.43959973362963467	rstatix::t_test
c0269	posthoc_alto__soprano_p	0.028405121363428012	stats::t.test
c0269	posthoc_alto__soprano_padj	0.085215364090284032	stats::p.adjust
c0269	posthoc_alto__soprano_padj_ptt	0.085215364090284032	stats::pairwise.t.test
c0269	posthoc_alto__soprano_df	20.925307030787383	rstatix::t_test
c0269	posthoc_alto__soprano_t	-2.3543191315512848	rstatix::t_test
c0269	posthoc_alto__soprano_cohens_d	-0.85967579727774091	effectsize::cohens_d
c0269	posthoc_mezzo__soprano_diff	-0.22882514536508758	rstatix::t_test
c0269	posthoc_mezzo__soprano_p	0.32666419055905482	stats::t.test
c0269	posthoc_mezzo__soprano_padj	0.32666419055905482	stats::p.adjust
c0269	posthoc_mezzo__soprano_padj_ptt	0.32666419055905482	stats::pairwise.t.test
c0269	posthoc_mezzo__soprano_df	27.93124386694754	rstatix::t_test
c0269	posthoc_mezzo__soprano_t	-0.99838459380553524	rstatix::t_test
c0269	posthoc_mezzo__soprano_cohens_d	-0.36455850872861606	effectsize::cohens_d
c0270	n	45	base::length
c0270	k	3	base::length
c0270	posthoc_alto__mezzo_diff	-0.21077458826454709	rstatix::t_test
c0270	posthoc_alto__mezzo_ci_low	-0.66813471121330581	rstatix::t_test
c0270	posthoc_alto__mezzo_ci_high	0.2465855346842116	rstatix::t_test
c0270	posthoc_alto__mezzo_p	0.25046574178671249	stats::t.test
c0270	posthoc_alto__mezzo_padj	0.75139722536013753	stats::p.adjust
c0270	posthoc_alto__mezzo_padj_ptt	0.76017931980844322	stats::pairwise.t.test
c0270	posthoc_alto__mezzo_df	28	rstatix::t_test
c0270	posthoc_alto__mezzo_t	-1.1735394756347532	rstatix::t_test
c0270	posthoc_alto__mezzo_cohens_d	-0.42851602861862581	effectsize::cohens_d
c0270	posthoc_alto__soprano_diff	-0.43959973362963467	rstatix::t_test
c0270	posthoc_alto__soprano_ci_low	-0.91507708868718929	rstatix::t_test
c0270	posthoc_alto__soprano_ci_high	0.03587762142791992	rstatix::t_test
c0270	posthoc_alto__soprano_p	0.025802867578836649	stats::t.test
c0270	posthoc_alto__soprano_padj	0.077408602736509943	stats::p.adjust
c0270	posthoc_alto__soprano_padj_ptt	0.085215364090284032	stats::pairwise.t.test
c0270	posthoc_alto__soprano_df	28	rstatix::t_test
c0270	posthoc_alto__soprano_t	-2.3543191315512848	rstatix::t_test
c0270	posthoc_alto__soprano_cohens_d	-0.85967579727774091	effectsize::cohens_d
c0270	posthoc_mezzo__soprano_diff	-0.22882514536508758	rstatix::t_test
c0270	posthoc_mezzo__soprano_ci_low	-0.81246323271659204	rstatix::t_test
c0270	posthoc_mezzo__soprano_ci_high	0.35481294198641689	rstatix::t_test
c0270	posthoc_mezzo__soprano_p	0.32664333475701635	stats::t.test
c0270	posthoc_mezzo__soprano_padj	0.97993000427104904	stats::p.adjust
c0270	posthoc_mezzo__soprano_padj_ptt	0.97999257167716447	stats::pairwise.t.test
c0270	posthoc_mezzo__soprano_df	28	rstatix::t_test
c0270	posthoc_mezzo__soprano_t	-0.99838459380553524	rstatix::t_test
c0270	posthoc_mezzo__soprano_cohens_d	-0.36455850872861606	effectsize::cohens_d
c0271	n	45	base::length
c0271	k	3	base::length
c0271	posthoc_alto__mezzo_diff	-0.21077458826454709	rstatix::t_test
c0271	posthoc_alto__mezzo_p	0.25046574178671249	stats::t.test
c0271	posthoc_alto__mezzo_padj	0.50093148357342498	stats::p.adjust
c0271	posthoc_alto__mezzo_padj_ptt	0.50678621320562878	stats::pairwise.t.test
c0271	posthoc_alto__mezzo_df	28	rstatix::t_test
c0271	posthoc_alto__mezzo_t	-1.1735394756347532	rstatix::t_test
c0271	posthoc_alto__mezzo_cohens_d	-0.42851602861862581	effectsize::cohens_d
c0271	posthoc_alto__soprano_diff	-0.43959973362963467	rstatix::t_test
c0271	posthoc_alto__soprano_p	0.025802867578836649	stats::t.test
c0271	posthoc_alto__soprano_padj	0.077408602736509943	stats::p.adjust
c0271	posthoc_alto__soprano_padj_ptt	0.085215364090284032	stats::pairwise.t.test
c0271	posthoc_alto__soprano_df	28	rstatix::t_test
c0271	posthoc_alto__soprano_t	-2.3543191315512848	rstatix::t_test
c0271	posthoc_alto__soprano_cohens_d	-0.85967579727774091	effectsize::cohens_d
c0271	posthoc_mezzo__soprano_diff	-0.22882514536508758	rstatix::t_test
c0271	posthoc_mezzo__soprano_p	0.32664333475701635	stats::t.test
c0271	posthoc_mezzo__soprano_padj	0.50093148357342498	stats::p.adjust
c0271	posthoc_mezzo__soprano_padj_ptt	0.50678621320562878	stats::pairwise.t.test
c0271	posthoc_mezzo__soprano_df	28	rstatix::t_test
c0271	posthoc_mezzo__soprano_t	-0.99838459380553524	rstatix::t_test
c0271	posthoc_mezzo__soprano_cohens_d	-0.36455850872861606	effectsize::cohens_d
c0272	n	45	base::length
c0272	k	3	base::length
c0272	posthoc_alto__mezzo_diff	-0.21077458826454709	rstatix::t_test
c0272	posthoc_alto__mezzo_p	0.25046574178671249	stats::t.test
c0272	posthoc_alto__mezzo_padj	0.32664333475701635	stats::p.adjust
c0272	posthoc_alto__mezzo_padj_ptt	0.32666419055905482	stats::pairwise.t.test
c0272	posthoc_alto__mezzo_df	28	rstatix::t_test
c0272	posthoc_alto__mezzo_t	-1.1735394756347532	rstatix::t_test
c0272	posthoc_alto__mezzo_cohens_d	-0.42851602861862581	effectsize::cohens_d
c0272	posthoc_alto__soprano_diff	-0.43959973362963467	rstatix::t_test
c0272	posthoc_alto__soprano_p	0.025802867578836649	stats::t.test
c0272	posthoc_alto__soprano_padj	0.077408602736509943	stats::p.adjust
c0272	posthoc_alto__soprano_padj_ptt	0.085215364090284032	stats::pairwise.t.test
c0272	posthoc_alto__soprano_df	28	rstatix::t_test
c0272	posthoc_alto__soprano_t	-2.3543191315512848	rstatix::t_test
c0272	posthoc_alto__soprano_cohens_d	-0.85967579727774091	effectsize::cohens_d
c0272	posthoc_mezzo__soprano_diff	-0.22882514536508758	rstatix::t_test
c0272	posthoc_mezzo__soprano_p	0.32664333475701635	stats::t.test
c0272	posthoc_mezzo__soprano_padj	0.32664333475701635	stats::p.adjust
c0272	posthoc_mezzo__soprano_padj_ptt	0.32666419055905482	stats::pairwise.t.test
c0272	posthoc_mezzo__soprano_df	28	rstatix::t_test
c0272	posthoc_mezzo__soprano_t	-0.99838459380553524	rstatix::t_test
c0272	posthoc_mezzo__soprano_cohens_d	-0.36455850872861606	effectsize::cohens_d
c0273	n	45	base::length
c0273	k	3	base::length
c0273	posthoc_alto__mezzo_diff	-0.14510336084907749	stats::median
c0273	posthoc_alto__mezzo_diff_wilcoxest	-0.14510336084907749	rstatix::wilcox_test
c0273	posthoc_alto__mezzo_ci_low	-0.75094071971264409	rstatix::wilcox_test
c0273	posthoc_alto__mezzo_ci_high	0.29858057633956037	rstatix::wilcox_test
c0273	posthoc_alto__mezzo_p	0.32454817482899417	stats::wilcox.test
c0273	posthoc_alto__mezzo_padj	0.97364452448698247	stats::p.adjust
c0273	posthoc_alto__mezzo_u	88	stats::wilcox.test
c0273	posthoc_alto__mezzo_rank_biserial	-0.21777777777777779	effectsize::rank_biserial
c0273	posthoc_alto__soprano_diff	-0.45879306239219364	stats::median
c0273	posthoc_alto__soprano_diff_wilcoxest	-0.45879306239219364	rstatix::wilcox_test
c0273	posthoc_alto__soprano_ci_low	-0.96967734863421562	rstatix::wilcox_test
c0273	posthoc_alto__soprano_ci_high	0.1782147699979717	rstatix::wilcox_test
c0273	posthoc_alto__soprano_p	0.089194773098486876	stats::wilcox.test
c0273	posthoc_alto__soprano_padj	0.26758431929546062	stats::p.adjust
c0273	posthoc_alto__soprano_u	71	stats::wilcox.test
c0273	posthoc_alto__soprano_rank_biserial	-0.36888888888888888	effectsize::rank_biserial
c0273	posthoc_mezzo__soprano_diff	-0.22321279533746807	stats::median
c0273	posthoc_mezzo__soprano_diff_wilcoxest	-0.22321279533746807	rstatix::wilcox_test
c0273	posthoc_mezzo__soprano_ci_low	-0.8430261417041427	rstatix::wilcox_test
c0273	posthoc_mezzo__soprano_ci_high	0.35676480027089852	rstatix::wilcox_test
c0273	posthoc_mezzo__soprano_p	0.46095874921156554	stats::wilcox.test
c0273	posthoc_mezzo__soprano_padj	1	stats::p.adjust
c0273	posthoc_mezzo__soprano_u	94	stats::wilcox.test
c0273	posthoc_mezzo__soprano_rank_biserial	-0.16444444444444439	effectsize::rank_biserial
c0274	n	45	base::length
c0274	k	3	base::length
c0274	posthoc_alto__mezzo_diff	-0.14510336084907749	stats::median
c0274	posthoc_alto__mezzo_diff_wilcoxest	-0.14510336084907749	rstatix::wilcox_test
c0274	posthoc_alto__mezzo_p	0.32454817482899417	stats::wilcox.test
c0274	posthoc_alto__mezzo_padj	0.64909634965798835	stats::p.adjust
c0274	posthoc_alto__mezzo_u	88	stats::wilcox.test
c0274	posthoc_alto__mezzo_rank_biserial	-0.21777777777777779	effectsize::rank_biserial
c0274	posthoc_alto__soprano_diff	-0.45879306239219364	stats::median
c0274	posthoc_alto__soprano_diff_wilcoxest	-0.45879306239219364	rstatix::wilcox_test
c0274	posthoc_alto__soprano_p	0.089194773098486876	stats::wilcox.test
c0274	posthoc_alto__soprano_padj	0.26758431929546062	stats::p.adjust
c0274	posthoc_alto__soprano_u	71	stats::wilcox.test
c0274	posthoc_alto__soprano_rank_biserial	-0.36888888888888888	effectsize::rank_biserial
c0274	posthoc_mezzo__soprano_diff	-0.22321279533746807	stats::median
c0274	posthoc_mezzo__soprano_diff_wilcoxest	-0.22321279533746807	rstatix::wilcox_test
c0274	posthoc_mezzo__soprano_p	0.46095874921156554	stats::wilcox.test
c0274	posthoc_mezzo__soprano_padj	0.64909634965798835	stats::p.adjust
c0274	posthoc_mezzo__soprano_u	94	stats::wilcox.test
c0274	posthoc_mezzo__soprano_rank_biserial	-0.16444444444444439	effectsize::rank_biserial
c0275	n	45	base::length
c0275	k	3	base::length
c0275	posthoc_alto__mezzo_diff	-0.14510336084907749	stats::median
c0275	posthoc_alto__mezzo_diff_wilcoxest	-0.14510336084907749	rstatix::wilcox_test
c0275	posthoc_alto__mezzo_p	0.32454817482899417	stats::wilcox.test
c0275	posthoc_alto__mezzo_padj	0.46095874921156554	stats::p.adjust
c0275	posthoc_alto__mezzo_u	88	stats::wilcox.test
c0275	posthoc_alto__mezzo_rank_biserial	-0.21777777777777779	effectsize::rank_biserial
c0275	posthoc_alto__soprano_diff	-0.45879306239219364	stats::median
c0275	posthoc_alto__soprano_diff_wilcoxest	-0.45879306239219364	rstatix::wilcox_test
c0275	posthoc_alto__soprano_p	0.089194773098486876	stats::wilcox.test
c0275	posthoc_alto__soprano_padj	0.26758431929546062	stats::p.adjust
c0275	posthoc_alto__soprano_u	71	stats::wilcox.test
c0275	posthoc_alto__soprano_rank_biserial	-0.36888888888888888	effectsize::rank_biserial
c0275	posthoc_mezzo__soprano_diff	-0.22321279533746807	stats::median
c0275	posthoc_mezzo__soprano_diff_wilcoxest	-0.22321279533746807	rstatix::wilcox_test
c0275	posthoc_mezzo__soprano_p	0.46095874921156554	stats::wilcox.test
c0275	posthoc_mezzo__soprano_padj	0.46095874921156554	stats::p.adjust
c0275	posthoc_mezzo__soprano_u	94	stats::wilcox.test
c0275	posthoc_mezzo__soprano_rank_biserial	-0.16444444444444439	effectsize::rank_biserial
c0276	n	45	base::length
c0276	k	3	base::length
c0276	posthoc_alto__mezzo_diff	-0.21077458826454709	stats::mean
c0276	posthoc_alto__mezzo_f	0.55693289569581639	stats::pf
c0276	posthoc_alto__mezzo_padj	0.577136874620646	stats::pf
c0276	posthoc_alto__mezzo_ci_low	-0.71757955054401257	stats::qf
c0276	posthoc_alto__mezzo_ci_high	0.29603037401491838	stats::qf
c0276	posthoc_alto__soprano_diff	-0.43959973362963467	stats::mean
c0276	posthoc_alto__soprano_f	2.4225972091997665	stats::pf
c0276	posthoc_alto__soprano_padj	0.10098785281250394	stats::pf
c0276	posthoc_alto__soprano_ci_low	-0.94640469590910015	stats::qf
c0276	posthoc_alto__soprano_ci_high	0.067205228649830806	stats::qf
c0276	posthoc_mezzo__soprano_diff	-0.22882514536508758	stats::mean
c0276	posthoc_mezzo__soprano_f	0.65640799977563957	stats::pf
c0276	posthoc_mezzo__soprano_padj	0.52395051122591818	stats::pf
c0276	posthoc_mezzo__soprano_ci_low	-0.73563010764455306	stats::qf
c0276	posthoc_mezzo__soprano_ci_high	0.2779798169143779	stats::qf
c0277	n	40	base::length
c0277	k	2	base::length
c0277	posthoc_control__patient_diff	-1.3420887365527916	rstatix::t_test
c0277	posthoc_control__patient_ci_low	-1.7576248010587405	rstatix::t_test
c0277	posthoc_control__patient_ci_high	-0.92655267204684255	rstatix::t_test
c0277	posthoc_control__patient_p	6.0393940083449425e-07	stats::t.test
c0277	posthoc_control__patient_padj	6.0393940083449425e-07	stats::p.adjust
c0277	posthoc_control__patient_padj_ptt	6.0393940083449425e-07	stats::pairwise.t.test
c0277	posthoc_control__patient_df	24.66845686262187	rstatix::t_test
c0277	posthoc_control__patient_t	-6.656385868803131	rstatix::t_test
c0277	posthoc_control__patient_cohens_d	-2.1049340330376625	effectsize::cohens_d
c0278	n	40	base::length
c0278	k	2	base::length
c0278	posthoc_control__patient_diff	-1.3420887365527916	rstatix::t_test
c0278	posthoc_control__patient_p	6.0393940083449425e-07	stats::t.test
c0278	posthoc_control__patient_padj	6.0393940083449425e-07	stats::p.adjust
c0278	posthoc_control__patient_padj_ptt	6.0393940083449425e-07	stats::pairwise.t.test
c0278	posthoc_control__patient_df	24.66845686262187	rstatix::t_test
c0278	posthoc_control__patient_t	-6.656385868803131	rstatix::t_test
c0278	posthoc_control__patient_cohens_d	-2.1049340330376625	effectsize::cohens_d
c0279	n	40	base::length
c0279	k	2	base::length
c0279	posthoc_control__patient_diff	-1.3420887365527916	rstatix::t_test
c0279	posthoc_control__patient_p	6.0393940083449425e-07	stats::t.test
c0279	posthoc_control__patient_padj	6.0393940083449425e-07	stats::p.adjust
c0279	posthoc_control__patient_padj_ptt	6.0393940083449425e-07	stats::pairwise.t.test
c0279	posthoc_control__patient_df	24.66845686262187	rstatix::t_test
c0279	posthoc_control__patient_t	-6.656385868803131	rstatix::t_test
c0279	posthoc_control__patient_cohens_d	-2.1049340330376625	effectsize::cohens_d
c0280	n	40	base::length
c0280	k	2	base::length
c0280	posthoc_control__patient_diff	-1.3420887365527916	rstatix::t_test
c0280	posthoc_control__patient_ci_low	-1.7502556696723077	rstatix::t_test
c0280	posthoc_control__patient_ci_high	-0.93392180343327547	rstatix::t_test
c0280	posthoc_control__patient_p	7.2000246032636922e-08	stats::t.test
c0280	posthoc_control__patient_padj	7.2000246032636922e-08	stats::p.adjust
c0280	posthoc_control__patient_padj_ptt	6.0393940083449425e-07	stats::pairwise.t.test
c0280	posthoc_control__patient_df	38	rstatix::t_test
c0280	posthoc_control__patient_t	-6.6563858688031301	rstatix::t_test
c0280	posthoc_control__patient_cohens_d	-2.1049340330376625	effectsize::cohens_d
c0281	n	40	base::length
c0281	k	2	base::length
c0281	posthoc_control__patient_diff	-1.3420887365527916	rstatix::t_test
c0281	posthoc_control__patient_p	7.2000246032636922e-08	stats::t.test
c0281	posthoc_control__patient_padj	7.2000246032636922e-08	stats::p.adjust
c0281	posthoc_control__patient_padj_ptt	6.0393940083449425e-07	stats::pairwise.t.test
c0281	posthoc_control__patient_df	38	rstatix::t_test
c0281	posthoc_control__patient_t	-6.6563858688031301	rstatix::t_test
c0281	posthoc_control__patient_cohens_d	-2.1049340330376625	effectsize::cohens_d
c0282	n	40	base::length
c0282	k	2	base::length
c0282	posthoc_control__patient_diff	-1.3420887365527916	rstatix::t_test
c0282	posthoc_control__patient_p	7.2000246032636922e-08	stats::t.test
c0282	posthoc_control__patient_padj	7.2000246032636922e-08	stats::p.adjust
c0282	posthoc_control__patient_padj_ptt	6.0393940083449425e-07	stats::pairwise.t.test
c0282	posthoc_control__patient_df	38	rstatix::t_test
c0282	posthoc_control__patient_t	-6.6563858688031301	rstatix::t_test
c0282	posthoc_control__patient_cohens_d	-2.1049340330376625	effectsize::cohens_d
c0283	n	40	base::length
c0283	k	2	base::length
c0283	posthoc_control__patient_diff	-1.4538787204112351	stats::median
c0283	posthoc_control__patient_diff_wilcoxest	-1.4538787204112351	rstatix::wilcox_test
c0283	posthoc_control__patient_ci_low	-1.8300014741600901	rstatix::wilcox_test
c0283	posthoc_control__patient_ci_high	-0.83840261826171147	rstatix::wilcox_test
c0283	posthoc_control__patient_p	1.0605997934914123e-07	stats::wilcox.test
c0283	posthoc_control__patient_padj	1.0605997934914123e-07	stats::p.adjust
c0283	posthoc_control__patient_u	24	stats::wilcox.test
c0283	posthoc_control__patient_rank_biserial	-0.87999999999999989	effectsize::rank_biserial
c0284	n	40	base::length
c0284	k	2	base::length
c0284	posthoc_control__patient_diff	-1.4538787204112351	stats::median
c0284	posthoc_control__patient_diff_wilcoxest	-1.4538787204112351	rstatix::wilcox_test
c0284	posthoc_control__patient_p	1.0605997934914123e-07	stats::wilcox.test
c0284	posthoc_control__patient_padj	1.0605997934914123e-07	stats::p.adjust
c0284	posthoc_control__patient_u	24	stats::wilcox.test
c0284	posthoc_control__patient_rank_biserial	-0.87999999999999989	effectsize::rank_biserial
c0285	n	40	base::length
c0285	k	2	base::length
c0285	posthoc_control__patient_diff	-1.4538787204112351	stats::median
c0285	posthoc_control__patient_diff_wilcoxest	-1.4538787204112351	rstatix::wilcox_test
c0285	posthoc_control__patient_p	1.0605997934914123e-07	stats::wilcox.test
c0285	posthoc_control__patient_padj	1.0605997934914123e-07	stats::p.adjust
c0285	posthoc_control__patient_u	24	stats::wilcox.test
c0285	posthoc_control__patient_rank_biserial	-0.87999999999999989	effectsize::rank_biserial
c0286	n	40	base::length
c0286	k	2	base::length
c0286	posthoc_control__patient_diff	-1.3420887365527916	stats::mean
c0286	posthoc_control__patient_f	44.307472834401999	stats::pf
c0286	posthoc_control__patient_padj	7.200024603263679e-08	stats::pf
c0286	posthoc_control__patient_ci_low	-1.7502556696723079	stats::qf
c0286	posthoc_control__patient_ci_high	-0.93392180343327524	stats::qf
c0287	n	40	base::length
c0287	k	2	base::length
c0287	posthoc_control__patient_diff	-1.3420887365527916	rstatix::t_test
c0287	posthoc_control__patient_ci_low	-1.7576248010587405	rstatix::t_test
c0287	posthoc_control__patient_ci_high	-0.92655267204684255	rstatix::t_test
c0287	posthoc_control__patient_p	6.0393940083449425e-07	stats::t.test
c0287	posthoc_control__patient_padj	6.0393940083449425e-07	stats::p.adjust
c0287	posthoc_control__patient_padj_ptt	6.0393940083449425e-07	stats::pairwise.t.test
c0287	posthoc_control__patient_df	24.66845686262187	rstatix::t_test
c0287	posthoc_control__patient_t	-6.656385868803131	rstatix::t_test
c0287	posthoc_control__patient_cohens_d	-2.1049340330376625	effectsize::cohens_d
c0288	n	40	base::length
c0288	k	2	base::length
c0288	posthoc_control__patient_diff	-1.3420887365527916	rstatix::t_test
c0288	posthoc_control__patient_p	6.0393940083449425e-07	stats::t.test
c0288	posthoc_control__patient_padj	6.0393940083449425e-07	stats::p.adjust
c0288	posthoc_control__patient_padj_ptt	6.0393940083449425e-07	stats::pairwise.t.test
c0288	posthoc_control__patient_df	24.66845686262187	rstatix::t_test
c0288	posthoc_control__patient_t	-6.656385868803131	rstatix::t_test
c0288	posthoc_control__patient_cohens_d	-2.1049340330376625	effectsize::cohens_d
c0289	n	40	base::length
c0289	k	2	base::length
c0289	posthoc_control__patient_diff	-1.3420887365527916	rstatix::t_test
c0289	posthoc_control__patient_p	6.0393940083449425e-07	stats::t.test
c0289	posthoc_control__patient_padj	6.0393940083449425e-07	stats::p.adjust
c0289	posthoc_control__patient_padj_ptt	6.0393940083449425e-07	stats::pairwise.t.test
c0289	posthoc_control__patient_df	24.66845686262187	rstatix::t_test
c0289	posthoc_control__patient_t	-6.656385868803131	rstatix::t_test
c0289	posthoc_control__patient_cohens_d	-2.1049340330376625	effectsize::cohens_d
c0290	n	40	base::length
c0290	k	2	base::length
c0290	posthoc_control__patient_diff	-1.3420887365527916	rstatix::t_test
c0290	posthoc_control__patient_ci_low	-1.7502556696723077	rstatix::t_test
c0290	posthoc_control__patient_ci_high	-0.93392180343327547	rstatix::t_test
c0290	posthoc_control__patient_p	7.2000246032636922e-08	stats::t.test
c0290	posthoc_control__patient_padj	7.2000246032636922e-08	stats::p.adjust
c0290	posthoc_control__patient_padj_ptt	6.0393940083449425e-07	stats::pairwise.t.test
c0290	posthoc_control__patient_df	38	rstatix::t_test
c0290	posthoc_control__patient_t	-6.6563858688031301	rstatix::t_test
c0290	posthoc_control__patient_cohens_d	-2.1049340330376625	effectsize::cohens_d
c0291	n	40	base::length
c0291	k	2	base::length
c0291	posthoc_control__patient_diff	-1.3420887365527916	rstatix::t_test
c0291	posthoc_control__patient_p	7.2000246032636922e-08	stats::t.test
c0291	posthoc_control__patient_padj	7.2000246032636922e-08	stats::p.adjust
c0291	posthoc_control__patient_padj_ptt	6.0393940083449425e-07	stats::pairwise.t.test
c0291	posthoc_control__patient_df	38	rstatix::t_test
c0291	posthoc_control__patient_t	-6.6563858688031301	rstatix::t_test
c0291	posthoc_control__patient_cohens_d	-2.1049340330376625	effectsize::cohens_d
c0292	n	40	base::length
c0292	k	2	base::length
c0292	posthoc_control__patient_diff	-1.3420887365527916	rstatix::t_test
c0292	posthoc_control__patient_p	7.2000246032636922e-08	stats::t.test
c0292	posthoc_control__patient_padj	7.2000246032636922e-08	stats::p.adjust
c0292	posthoc_control__patient_padj_ptt	6.0393940083449425e-07	stats::pairwise.t.test
c0292	posthoc_control__patient_df	38	rstatix::t_test
c0292	posthoc_control__patient_t	-6.6563858688031301	rstatix::t_test
c0292	posthoc_control__patient_cohens_d	-2.1049340330376625	effectsize::cohens_d
c0293	n	40	base::length
c0293	k	2	base::length
c0293	posthoc_control__patient_diff	-1.4538787204112351	stats::median
c0293	posthoc_control__patient_diff_wilcoxest	-1.4538787204112351	rstatix::wilcox_test
c0293	posthoc_control__patient_ci_low	-1.8300014741600901	rstatix::wilcox_test
c0293	posthoc_control__patient_ci_high	-0.83840261826171147	rstatix::wilcox_test
c0293	posthoc_control__patient_p	1.0605997934914123e-07	stats::wilcox.test
c0293	posthoc_control__patient_padj	1.0605997934914123e-07	stats::p.adjust
c0293	posthoc_control__patient_u	24	stats::wilcox.test
c0293	posthoc_control__patient_rank_biserial	-0.87999999999999989	effectsize::rank_biserial
c0294	n	40	base::length
c0294	k	2	base::length
c0294	posthoc_control__patient_diff	-1.4538787204112351	stats::median
c0294	posthoc_control__patient_diff_wilcoxest	-1.4538787204112351	rstatix::wilcox_test
c0294	posthoc_control__patient_p	1.0605997934914123e-07	stats::wilcox.test
c0294	posthoc_control__patient_padj	1.0605997934914123e-07	stats::p.adjust
c0294	posthoc_control__patient_u	24	stats::wilcox.test
c0294	posthoc_control__patient_rank_biserial	-0.87999999999999989	effectsize::rank_biserial
c0295	n	40	base::length
c0295	k	2	base::length
c0295	posthoc_control__patient_diff	-1.4538787204112351	stats::median
c0295	posthoc_control__patient_diff_wilcoxest	-1.4538787204112351	rstatix::wilcox_test
c0295	posthoc_control__patient_p	1.0605997934914123e-07	stats::wilcox.test
c0295	posthoc_control__patient_padj	1.0605997934914123e-07	stats::p.adjust
c0295	posthoc_control__patient_u	24	stats::wilcox.test
c0295	posthoc_control__patient_rank_biserial	-0.87999999999999989	effectsize::rank_biserial
c0296	n	40	base::length
c0296	k	2	base::length
c0296	posthoc_control__patient_diff	-1.3420887365527916	stats::mean
c0296	posthoc_control__patient_f	44.307472834401999	stats::pf
c0296	posthoc_control__patient_padj	7.200024603263679e-08	stats::pf
c0296	posthoc_control__patient_ci_low	-1.7502556696723079	stats::qf
c0296	posthoc_control__patient_ci_high	-0.93392180343327524	stats::qf
c0297	n	48	base::length
c0297	k	2	base::length
c0297	posthoc_soprano__alto_diff	6.1262956630507688	rstatix::t_test
c0297	posthoc_soprano__alto_ci_low	2.9641153151225104	rstatix::t_test
c0297	posthoc_soprano__alto_ci_high	9.2884760109790268	rstatix::t_test
c0297	posthoc_soprano__alto_p	0.00031662029464293	stats::t.test
c0297	posthoc_soprano__alto_padj	0.00031662029464293	stats::p.adjust
c0297	posthoc_soprano__alto_padj_ptt	0.00031662029464293	stats::pairwise.t.test
c0297	posthoc_soprano__alto_df	44.851221868892047	rstatix::t_test
c0297	posthoc_soprano__alto_t	3.9024095083039763	rstatix::t_test
c0297	posthoc_soprano__alto_cohens_d	1.1265285900537281	effectsize::cohens_d
c0298	n	48	base::length
c0298	k	2	base::length
c0298	posthoc_soprano__alto_diff	6.1262956630507688	rstatix::t_test
c0298	posthoc_soprano__alto_p	0.00031662029464293	stats::t.test
c0298	posthoc_soprano__alto_padj	0.00031662029464293	stats::p.adjust
c0298	posthoc_soprano__alto_padj_ptt	0.00031662029464293	stats::pairwise.t.test
c0298	posthoc_soprano__alto_df	44.851221868892047	rstatix::t_test
c0298	posthoc_soprano__alto_t	3.9024095083039763	rstatix::t_test
c0298	posthoc_soprano__alto_cohens_d	1.1265285900537281	effectsize::cohens_d
c0299	n	48	base::length
c0299	k	2	base::length
c0299	posthoc_soprano__alto_diff	6.1262956630507688	rstatix::t_test
c0299	posthoc_soprano__alto_p	0.00031662029464293	stats::t.test
c0299	posthoc_soprano__alto_padj	0.00031662029464293	stats::p.adjust
c0299	posthoc_soprano__alto_padj_ptt	0.00031662029464293	stats::pairwise.t.test
c0299	posthoc_soprano__alto_df	44.851221868892047	rstatix::t_test
c0299	posthoc_soprano__alto_t	3.9024095083039763	rstatix::t_test
c0299	posthoc_soprano__alto_cohens_d	1.1265285900537281	effectsize::cohens_d
c0300	n	48	base::length
c0300	k	2	base::length
c0300	posthoc_soprano__alto_diff	6.1262956630507688	rstatix::t_test
c0300	posthoc_soprano__alto_ci_low	2.966300908119603	rstatix::t_test
c0300	posthoc_soprano__alto_ci_high	9.2862904179819346	rstatix::t_test
c0300	posthoc_soprano__alto_p	0.00030882281652467133	stats::t.test
c0300	posthoc_soprano__alto_padj	0.00030882281652467133	stats::p.adjust
c0300	posthoc_soprano__alto_padj_ptt	0.00031662029464293	stats::pairwise.t.test
c0300	posthoc_soprano__alto_df	46	rstatix::t_test
c0300	posthoc_soprano__alto_t	3.9024095083039763	rstatix::t_test
c0300	posthoc_soprano__alto_cohens_d	1.1265285900537281	effectsize::cohens_d
c0301	n	48	base::length
c0301	k	2	base::length
c0301	posthoc_soprano__alto_diff	6.1262956630507688	rstatix::t_test
c0301	posthoc_soprano__alto_p	0.00030882281652467133	stats::t.test
c0301	posthoc_soprano__alto_padj	0.00030882281652467133	stats::p.adjust
c0301	posthoc_soprano__alto_padj_ptt	0.00031662029464293	stats::pairwise.t.test
c0301	posthoc_soprano__alto_df	46	rstatix::t_test
c0301	posthoc_soprano__alto_t	3.9024095083039763	rstatix::t_test
c0301	posthoc_soprano__alto_cohens_d	1.1265285900537281	effectsize::cohens_d
c0302	n	48	base::length
c0302	k	2	base::length
c0302	posthoc_soprano__alto_diff	6.1262956630507688	rstatix::t_test
c0302	posthoc_soprano__alto_p	0.00030882281652467133	stats::t.test
c0302	posthoc_soprano__alto_padj	0.00030882281652467133	stats::p.adjust
c0302	posthoc_soprano__alto_padj_ptt	0.00031662029464293	stats::pairwise.t.test
c0302	posthoc_soprano__alto_df	46	rstatix::t_test
c0302	posthoc_soprano__alto_t	3.9024095083039763	rstatix::t_test
c0302	posthoc_soprano__alto_cohens_d	1.1265285900537281	effectsize::cohens_d
c0303	n	48	base::length
c0303	k	2	base::length
c0303	posthoc_soprano__alto_diff	6.1657254806171053	stats::median
c0303	posthoc_soprano__alto_diff_wilcoxest	6.1657254806171053	rstatix::wilcox_test
c0303	posthoc_soprano__alto_ci_low	2.8072915507813718	rstatix::wilcox_test
c0303	posthoc_soprano__alto_ci_high	8.9713835979341781	rstatix::wilcox_test
c0303	posthoc_soprano__alto_p	0.0027296853011788804	stats::wilcox.test
c0303	posthoc_soprano__alto_padj	0.0027296853011788804	stats::p.adjust
c0303	posthoc_soprano__alto_u	431	stats::wilcox.test
c0303	posthoc_soprano__alto_rank_biserial	0.49652777777777773	effectsize::rank_biserial
c0304	n	48	base::length
c0304	k	2	base::length
c0304	posthoc_soprano__alto_diff	6.1657254806171053	stats::median
c0304	posthoc_soprano__alto_diff_wilcoxest	6.1657254806171053	rstatix::wilcox_test
c0304	posthoc_soprano__alto_p	0.0027296853011788804	stats::wilcox.test
c0304	posthoc_soprano__alto_padj	0.0027296853011788804	stats::p.adjust
c0304	posthoc_soprano__alto_u	431	stats::wilcox.test
c0304	posthoc_soprano__alto_rank_biserial	0.49652777777777773	effectsize::rank_biserial
c0305	n	48	base::length
c0305	k	2	base::length
c0305	posthoc_soprano__alto_diff	6.1657254806171053	stats::median
c0305	posthoc_soprano__alto_diff_wilcoxest	6.1657254806171053	rstatix::wilcox_test
c0305	posthoc_soprano__alto_p	0.0027296853011788804	stats::wilcox.test
c0305	posthoc_soprano__alto_padj	0.0027296853011788804	stats::p.adjust
c0305	posthoc_soprano__alto_u	431	stats::wilcox.test
c0305	posthoc_soprano__alto_rank_biserial	0.49652777777777773	effectsize::rank_biserial
c0306	n	48	base::length
c0306	k	2	base::length
c0306	posthoc_soprano__alto_diff	6.1262956630507688	stats::mean
c0306	posthoc_soprano__alto_f	15.228799970501282	stats::pf
c0306	posthoc_soprano__alto_padj	0.00030882281652467133	stats::pf
c0306	posthoc_soprano__alto_ci_low	2.9663009081196008	stats::qf
c0306	posthoc_soprano__alto_ci_high	9.2862904179819363	stats::qf
c0307	n	48	base::length
c0307	k	2	base::length
c0307	posthoc_alto__soprano_diff	-6.1262956630507688	rstatix::t_test
c0307	posthoc_alto__soprano_ci_low	-9.2884760109790268	rstatix::t_test
c0307	posthoc_alto__soprano_ci_high	-2.9641153151225104	rstatix::t_test
c0307	posthoc_alto__soprano_p	0.00031662029464293	stats::t.test
c0307	posthoc_alto__soprano_padj	0.00031662029464293	stats::p.adjust
c0307	posthoc_alto__soprano_padj_ptt	0.00031662029464293	stats::pairwise.t.test
c0307	posthoc_alto__soprano_df	44.851221868892047	rstatix::t_test
c0307	posthoc_alto__soprano_t	-3.9024095083039763	rstatix::t_test
c0307	posthoc_alto__soprano_cohens_d	-1.1265285900537281	effectsize::cohens_d
c0308	n	48	base::length
c0308	k	2	base::length
c0308	posthoc_alto__soprano_diff	-6.1262956630507688	rstatix::t_test
c0308	posthoc_alto__soprano_p	0.00031662029464293	stats::t.test
c0308	posthoc_alto__soprano_padj	0.00031662029464293	stats::p.adjust
c0308	posthoc_alto__soprano_padj_ptt	0.00031662029464293	stats::pairwise.t.test
c0308	posthoc_alto__soprano_df	44.851221868892047	rstatix::t_test
c0308	posthoc_alto__soprano_t	-3.9024095083039763	rstatix::t_test
c0308	posthoc_alto__soprano_cohens_d	-1.1265285900537281	effectsize::cohens_d
c0309	n	48	base::length
c0309	k	2	base::length
c0309	posthoc_alto__soprano_diff	-6.1262956630507688	rstatix::t_test
c0309	posthoc_alto__soprano_p	0.00031662029464293	stats::t.test
c0309	posthoc_alto__soprano_padj	0.00031662029464293	stats::p.adjust
c0309	posthoc_alto__soprano_padj_ptt	0.00031662029464293	stats::pairwise.t.test
c0309	posthoc_alto__soprano_df	44.851221868892047	rstatix::t_test
c0309	posthoc_alto__soprano_t	-3.9024095083039763	rstatix::t_test
c0309	posthoc_alto__soprano_cohens_d	-1.1265285900537281	effectsize::cohens_d
c0310	n	48	base::length
c0310	k	2	base::length
c0310	posthoc_alto__soprano_diff	-6.1262956630507688	rstatix::t_test
c0310	posthoc_alto__soprano_ci_low	-9.2862904179819346	rstatix::t_test
c0310	posthoc_alto__soprano_ci_high	-2.966300908119603	rstatix::t_test
c0310	posthoc_alto__soprano_p	0.00030882281652467133	stats::t.test
c0310	posthoc_alto__soprano_padj	0.00030882281652467133	stats::p.adjust
c0310	posthoc_alto__soprano_padj_ptt	0.00031662029464293	stats::pairwise.t.test
c0310	posthoc_alto__soprano_df	46	rstatix::t_test
c0310	posthoc_alto__soprano_t	-3.9024095083039763	rstatix::t_test
c0310	posthoc_alto__soprano_cohens_d	-1.1265285900537281	effectsize::cohens_d
c0311	n	48	base::length
c0311	k	2	base::length
c0311	posthoc_alto__soprano_diff	-6.1262956630507688	rstatix::t_test
c0311	posthoc_alto__soprano_p	0.00030882281652467133	stats::t.test
c0311	posthoc_alto__soprano_padj	0.00030882281652467133	stats::p.adjust
c0311	posthoc_alto__soprano_padj_ptt	0.00031662029464293	stats::pairwise.t.test
c0311	posthoc_alto__soprano_df	46	rstatix::t_test
c0311	posthoc_alto__soprano_t	-3.9024095083039763	rstatix::t_test
c0311	posthoc_alto__soprano_cohens_d	-1.1265285900537281	effectsize::cohens_d
c0312	n	48	base::length
c0312	k	2	base::length
c0312	posthoc_alto__soprano_diff	-6.1262956630507688	rstatix::t_test
c0312	posthoc_alto__soprano_p	0.00030882281652467133	stats::t.test
c0312	posthoc_alto__soprano_padj	0.00030882281652467133	stats::p.adjust
c0312	posthoc_alto__soprano_padj_ptt	0.00031662029464293	stats::pairwise.t.test
c0312	posthoc_alto__soprano_df	46	rstatix::t_test
c0312	posthoc_alto__soprano_t	-3.9024095083039763	rstatix::t_test
c0312	posthoc_alto__soprano_cohens_d	-1.1265285900537281	effectsize::cohens_d
c0313	n	48	base::length
c0313	k	2	base::length
c0313	posthoc_alto__soprano_diff	-6.1657254806171053	stats::median
c0313	posthoc_alto__soprano_diff_wilcoxest	-6.1657254806171053	rstatix::wilcox_test
c0313	posthoc_alto__soprano_ci_low	-8.9713835979341781	rstatix::wilcox_test
c0313	posthoc_alto__soprano_ci_high	-2.8072915507813718	rstatix::wilcox_test
c0313	posthoc_alto__soprano_p	0.0027296853011788804	stats::wilcox.test
c0313	posthoc_alto__soprano_padj	0.0027296853011788804	stats::p.adjust
c0313	posthoc_alto__soprano_u	145	stats::wilcox.test
c0313	posthoc_alto__soprano_rank_biserial	-0.49652777777777773	effectsize::rank_biserial
c0314	n	48	base::length
c0314	k	2	base::length
c0314	posthoc_alto__soprano_diff	-6.1657254806171053	stats::median
c0314	posthoc_alto__soprano_diff_wilcoxest	-6.1657254806171053	rstatix::wilcox_test
c0314	posthoc_alto__soprano_p	0.0027296853011788804	stats::wilcox.test
c0314	posthoc_alto__soprano_padj	0.0027296853011788804	stats::p.adjust
c0314	posthoc_alto__soprano_u	145	stats::wilcox.test
c0314	posthoc_alto__soprano_rank_biserial	-0.49652777777777773	effectsize::rank_biserial
c0315	n	48	base::length
c0315	k	2	base::length
c0315	posthoc_alto__soprano_diff	-6.1657254806171053	stats::median
c0315	posthoc_alto__soprano_diff_wilcoxest	-6.1657254806171053	rstatix::wilcox_test
c0315	posthoc_alto__soprano_p	0.0027296853011788804	stats::wilcox.test
c0315	posthoc_alto__soprano_padj	0.0027296853011788804	stats::p.adjust
c0315	posthoc_alto__soprano_u	145	stats::wilcox.test
c0315	posthoc_alto__soprano_rank_biserial	-0.49652777777777773	effectsize::rank_biserial
c0316	n	48	base::length
c0316	k	2	base::length
c0316	posthoc_alto__soprano_diff	-6.1262956630507688	stats::mean
c0316	posthoc_alto__soprano_f	15.228799970501282	stats::pf
c0316	posthoc_alto__soprano_padj	0.00030882281652467133	stats::pf
c0316	posthoc_alto__soprano_ci_low	-9.2862904179819363	stats::qf
c0316	posthoc_alto__soprano_ci_high	-2.9663009081196008	stats::qf
c0317	n	50	base::length
c0317	k	5	base::length
c0317	posthoc_welch__paired_diff	-2.6666666666666661	rstatix::t_test
c0317	posthoc_welch__paired_ci_low	-6.6388556837348931	rstatix::t_test
c0317	posthoc_welch__paired_ci_high	1.3055223504015618	rstatix::t_test
c0317	posthoc_welch__paired_p	0.0450719625885233	stats::t.test
c0317	posthoc_welch__paired_padj	0.45071962588523301	stats::p.adjust
c0317	posthoc_welch__paired_padj_ptt	0.45071962588523301	stats::pairwise.t.test
c0317	posthoc_welch__paired_df	17.028808201623235	rstatix::t_test
c0317	posthoc_welch__paired_t	-2.1628085592089219	rstatix::t_test
c0317	posthoc_welch__paired_cohens_d	-0.94676213666230169	effectsize::cohens_d
c0317	posthoc_welch__corr_diff	6.4285714285714288	rstatix::t_test
c0317	posthoc_welch__corr_ci_low	2.1718153114194791	rstatix::t_test
c0317	posthoc_welch__corr_ci_high	10.685327545723379	rstatix::t_test
c0317	posthoc_welch__corr_p	0.00011611549023031844	stats::t.test
c0317	posthoc_welch__corr_padj	0.0011611549023031844	stats::p.adjust
c0317	posthoc_welch__corr_padj_ptt	0.0011611549023031844	stats::pairwise.t.test
c0317	posthoc_welch__corr_df	20.41530717241768	rstatix::t_test
c0317	posthoc_welch__corr_t	4.7505069395232749	rstatix::t_test
c0317	posthoc_welch__corr_cohens_d	1.9411425885796207	effectsize::cohens_d
c0317	posthoc_welch__perfect_diff	9	rstatix::t_test
c0317	posthoc_welch__perfect_ci_low	5.2608087541143274	rstatix::t_test
c0317	posthoc_welch__perfect_ci_high	12.739191245885671	rstatix::t_test
c0317	posthoc_welch__perfect_p	2.0360745160275309e-06	stats::t.test
c0317	posthoc_welch__perfect_padj	2.0360745160275309e-05	stats::p.adjust
c0317	posthoc_welch__perfect_padj_ptt	2.0360745160275309e-05	stats::pairwise.t.test
c0317	posthoc_welch__perfect_df	12.811764705882359	rstatix::t_test
c0317	posthoc_welch__perfect_t	8.1408063035996161	rstatix::t_test
c0317	posthoc_welch__perfect_cohens_d	3.6406792573015077	effectsize::cohens_d
c0317	posthoc_welch__mwu_diff	9.5	rstatix::t_test
c0317	posthoc_welch__mwu_ci_low	5.4102031513372379	rstatix::t_test
c0317	posthoc_welch__mwu_ci_high	13.589796848662761	rstatix::t_test
c0317	posthoc_welch__mwu_p	4.1124187385178546e-06	stats::t.test
c0317	posthoc_welch__mwu_padj	4.1124187385178549e-05	stats::p.adjust
c0317	posthoc_welch__mwu_padj_ptt	4.1124187385178549e-05	stats::pairwise.t.test
c0317	posthoc_welch__mwu_df	11.876712328767125	rstatix::t_test
c0317	posthoc_welch__mwu_t	7.9815964789596556	rstatix::t_test
c0317	posthoc_welch__mwu_cohens_d	3.3763886032268267	effectsize::cohens_d
c0317	posthoc_paired__corr_diff	9.0952380952380949	rstatix::t_test
c0317	posthoc_paired__corr_ci_low	5.4946357638069632	rstatix::t_test
c0317	posthoc_paired__corr_ci_high	12.695840426669227	rstatix::t_test
c0317	posthoc_paired__corr_p	5.420980976995135e-08	stats::t.test
c0317	posthoc_paired__corr_padj	5.4209809769951353e-07	stats::p.adjust
c0317	posthoc_paired__corr_padj_ptt_undefined	1	stats::pairwise.t.test
c0317	posthoc_paired__corr_df	23.490046769286725	rstatix::t_test
c0317	posthoc_paired__corr_t	7.8237111987953494	rstatix::t_test
c0317	posthoc_paired__corr_cohens_d	3.0043639277189058	effectsize::cohens_d
c0317	posthoc_paired__perfect_diff	11.666666666666666	rstatix::t_test
c0317	posthoc_paired__perfect_ci_low	8.9189192704990212	rstatix::t_test
c0317	posthoc_paired__perfect_ci_high	14.414414062834313	rstatix::t_test
c0317	posthoc_paired__perfect_p	5.5146345950043198e-11	stats::t.test
c0317	posthoc_paired__perfect_padj	5.5146345950043201e-10	stats::p.adjust
c0317	posthoc_paired__perfect_padj_ptt_undefined	1	stats::pairwise.t.test
c0317	posthoc_paired__perfect_df	18.319455029671932	rstatix::t_test
c0317	posthoc_paired__perfect_t	13.540064007726601	rstatix::t_test
c0317	posthoc_paired__perfect_cohens_d	5.5409163850364056	effectsize::cohens_d
c0317	posthoc_paired__mwu_diff	12.166666666666666	rstatix::t_test
c0317	posthoc_paired__mwu_ci_low	8.7550343607448919	rstatix::t_test
c0317	posthoc_paired__mwu_ci_high	15.57829897258844	rstatix::t_test
c0317	posthoc_paired__mwu_p	1.0112453495982559e-07	stats::t.test
c0317	posthoc_paired__mwu_padj	1.011245349598256e-06	stats::p.adjust
c0317	posthoc_paired__mwu_padj_ptt	1.011245349598256e-06	stats::pairwise.t.test
c0317	posthoc_paired__mwu_df	10.642769276189536	rstatix::t_test
c0317	posthoc_paired__mwu_t	12.569912307482092	rstatix::t_test
c0317	posthoc_paired__mwu_cohens_d	5.3039585091957484	effectsize::cohens_d
c0317	posthoc_corr__perfect_diff	2.5714285714285712	rstatix::t_test
c0317	posthoc_corr__perfect_ci_low	-0.6876942565928752	rstatix::t_test
c0317	posthoc_corr__perfect_ci_high	5.8305513994500169	rstatix::t_test
c0317	posthoc_corr__perfect_p	0.021537861644072072	stats::t.test
c0317	posthoc_corr__perfect_padj	0.2153786164407207	stats::p.adjust
c0317	posthoc_corr__perfect_padj_ptt_undefined	1	stats::pairwise.t.test
c0317	posthoc_corr__perfect_df	18.925999014422569	rstatix::t_test
c0317	posthoc_corr__perfect_t	2.5053113578905046	rstatix::t_test
c0317	posthoc_corr__perfect_cohens_d	0.92155574708424393	effectsize::cohens_d
c0317	posthoc_corr__mwu_diff	3.0714285714285712	rstatix::t_test
c0317	posthoc_corr__mwu_ci_low	-0.64243439438542016	rstatix::t_test
c0317	posthoc_corr__mwu_ci_high	6.7852915372425624	rstatix::t_test
c0317	posthoc_corr__mwu_p	0.015639701607947799	stats::t.test
c0317	posthoc_corr__mwu_padj	0.15639701607947798	stats::p.adjust
c0317	posthoc_corr__mwu_padj_ptt	0.15639701607947798	stats::pairwise.t.test
c0317	posthoc_corr__mwu_df	14.026898610778256	rstatix::t_test
c0317	posthoc_corr__mwu_t	2.7494549176212608	rstatix::t_test
c0317	posthoc_corr__mwu_cohens_d	0.98273585265963326	effectsize::cohens_d
c0317	posthoc_perfect__mwu_diff	0.5	rstatix::t_test
c0317	posthoc_perfect__mwu_ci_low	-2.836990739953964	rstatix::t_test
c0317	posthoc_perfect__mwu_ci_high	3.8369907399539636	rstatix::t_test
c0317	posthoc_perfect__mwu_p	0.55311663003267042	stats::t.test
c0317	posthoc_perfect__mwu_padj	1	stats::p.adjust
c0317	posthoc_perfect__mwu_padj_ptt	1	stats::pairwise.t.test
c0317	posthoc_perfect__mwu_df	6.4424898511502029	rstatix::t_test
c0317	posthoc_perfect__mwu_t	0.62554324217122426	rstatix::t_test
c0317	posthoc_perfect__mwu_cohens_d	0.34641016151377541	effectsize::cohens_d
c0318	n	50	base::length
c0318	k	5	base::length
c0318	posthoc_welch__paired_diff	-2.6666666666666661	rstatix::t_test
c0318	posthoc_welch__paired_p	0.0450719625885233	stats::t.test
c0318	posthoc_welch__paired_padj	0.090143925177046599	stats::p.adjust
c0318	posthoc_welch__paired_padj_ptt	0.090143925177046599	stats::pairwise.t.test
c0318	posthoc_welch__paired_df	17.028808201623235	rstatix::t_test
c0318	posthoc_welch__paired_t	-2.1628085592089219	rstatix::t_test
c0318	posthoc_welch__paired_cohens_d	-0.94676213666230169	effectsize::cohens_d
c0318	posthoc_welch__corr_diff	6.4285714285714288	rstatix::t_test
c0318	posthoc_welch__corr_p	0.00011611549023031844	stats::t.test
c0318	posthoc_welch__corr_padj	0.00058057745115159219	stats::p.adjust
c0318	posthoc_welch__corr_padj_ptt	0.00058057745115159219	stats::pairwise.t.test
c0318	posthoc_welch__corr_df	20.41530717241768	rstatix::t_test
c0318	posthoc_welch__corr_t	4.7505069395232749	rstatix::t_test
c0318	posthoc_welch__corr_cohens_d	1.9411425885796207	effectsize::cohens_d
c0318	posthoc_welch__perfect_diff	9	rstatix::t_test
c0318	posthoc_welch__perfect_p	2.0360745160275309e-06	stats::t.test
c0318	posthoc_welch__perfect_padj	1.4252521612192716e-05	stats::p.adjust
c0318	posthoc_welch__perfect_padj_ptt	1.4252521612192716e-05	stats::pairwise.t.test
c0318	posthoc_welch__perfect_df	12.811764705882359	rstatix::t_test
c0318	posthoc_welch__perfect_t	8.1408063035996161	rstatix::t_test
c0318	posthoc_welch__perfect_cohens_d	3.6406792573015077	effectsize::cohens_d
c0318	posthoc_welch__mwu_diff	9.5	rstatix::t_test
c0318	posthoc_welch__mwu_p	4.1124187385178546e-06	stats::t.test
c0318	posthoc_welch__mwu_padj	2.4674512431107127e-05	stats::p.adjust
c0318	posthoc_welch__mwu_padj_ptt	2.4674512431107127e-05	stats::pairwise.t.test
c0318	posthoc_welch__mwu_df	11.876712328767125	rstatix::t_test
c0318	posthoc_welch__mwu_t	7.9815964789596556	rstatix::t_test
c0318	posthoc_welch__mwu_cohens_d	3.3763886032268267	effectsize::cohens_d
c0318	posthoc_paired__corr_diff	9.0952380952380949	rstatix::t_test
c0318	posthoc_paired__corr_p	5.420980976995135e-08	stats::t.test
c0318	posthoc_paired__corr_padj	4.8788828792956211e-07	stats::p.adjust
c0318	posthoc_paired__corr_padj_ptt_undefined	1	stats::pairwise.t.test
c0318	posthoc_paired__corr_df	23.490046769286725	rstatix::t_test
c0318	posthoc_paired__corr_t	7.8237111987953494	rstatix::t_test
c0318	posthoc_paired__corr_cohens_d	3.0043639277189058	effectsize::cohens_d
c0318	posthoc_paired__perfect_diff	11.666666666666666	rstatix::t_test
c0318	posthoc_paired__perfect_p	5.5146345950043198e-11	stats::t.test
c0318	posthoc_paired__perfect_padj	5.5146345950043201e-10	stats::p.adjust
c0318	posthoc_paired__perfect_padj_ptt_undefined	1	stats::pairwise.t.test
c0318	posthoc_paired__perfect_df	18.319455029671932	rstatix::t_test
c0318	posthoc_paired__perfect_t	13.540064007726601	rstatix::t_test
c0318	posthoc_paired__perfect_cohens_d	5.5409163850364056	effectsize::cohens_d
c0318	posthoc_paired__mwu_diff	12.166666666666666	rstatix::t_test
c0318	posthoc_paired__mwu_p	1.0112453495982559e-07	stats::t.test
c0318	posthoc_paired__mwu_padj	8.0899627967860474e-07	stats::p.adjust
c0318	posthoc_paired__mwu_padj_ptt	8.0899627967860474e-07	stats::pairwise.t.test
c0318	posthoc_paired__mwu_df	10.642769276189536	rstatix::t_test
c0318	posthoc_paired__mwu_t	12.569912307482092	rstatix::t_test
c0318	posthoc_paired__mwu_cohens_d	5.3039585091957484	effectsize::cohens_d
c0318	posthoc_corr__perfect_diff	2.5714285714285712	rstatix::t_test
c0318	posthoc_corr__perfect_p	0.021537861644072072	stats::t.test
c0318	posthoc_corr__perfect_padj	0.064613584932216223	stats::p.adjust
c0318	posthoc_corr__perfect_padj_ptt_undefined	1	stats::pairwise.t.test
c0318	posthoc_corr__perfect_df	18.925999014422569	rstatix::t_test
c0318	posthoc_corr__perfect_t	2.5053113578905046	rstatix::t_test
c0318	posthoc_corr__perfect_cohens_d	0.92155574708424393	effectsize::cohens_d
c0318	posthoc_corr__mwu_diff	3.0714285714285712	rstatix::t_test
c0318	posthoc_corr__mwu_p	0.015639701607947799	stats::t.test
c0318	posthoc_corr__mwu_padj	0.062558806431791195	stats::p.adjust
c0318	posthoc_corr__mwu_padj_ptt	0.062558806431791195	stats::pairwise.t.test
c0318	posthoc_corr__mwu_df	14.026898610778256	rstatix::t_test
c0318	posthoc_corr__mwu_t	2.7494549176212608	rstatix::t_test
c0318	posthoc_corr__mwu_cohens_d	0.98273585265963326	effectsize::cohens_d
c0318	posthoc_perfect__mwu_diff	0.5	rstatix::t_test
c0318	posthoc_perfect__mwu_p	0.55311663003267042	stats::t.test
c0318	posthoc_perfect__mwu_padj	0.55311663003267042	stats::p.adjust
c0318	posthoc_perfect__mwu_padj_ptt	0.55311663003267042	stats::pairwise.t.test
c0318	posthoc_perfect__mwu_df	6.4424898511502029	rstatix::t_test
c0318	posthoc_perfect__mwu_t	0.62554324217122426	rstatix::t_test
c0318	posthoc_perfect__mwu_cohens_d	0.34641016151377541	effectsize::cohens_d
c0319	n	50	base::length
c0319	k	5	base::length
c0319	posthoc_welch__paired_diff	-2.6666666666666661	rstatix::t_test
c0319	posthoc_welch__paired_p	0.0450719625885233	stats::t.test
c0319	posthoc_welch__paired_padj	0.050079958431692558	stats::p.adjust
c0319	posthoc_welch__paired_padj_ptt	0.050079958431692558	stats::pairwise.t.test
c0319	posthoc_welch__paired_df	17.028808201623235	rstatix::t_test
c0319	posthoc_welch__paired_t	-2.1628085592089219	rstatix::t_test
c0319	posthoc_welch__paired_cohens_d	-0.94676213666230169	effectsize::cohens_d
c0319	posthoc_welch__corr_diff	6.4285714285714288	rstatix::t_test
c0319	posthoc_welch__corr_p	0.00011611549023031844	stats::t.test
c0319	posthoc_welch__corr_padj	0.00019352581705053075	stats::p.adjust
c0319	posthoc_welch__corr_padj_ptt	0.00019352581705053075	stats::pairwise.t.test
c0319	posthoc_welch__corr_df	20.41530717241768	rstatix::t_test
c0319	posthoc_welch__corr_t	4.7505069395232749	rstatix::t_test
c0319	posthoc_welch__corr_cohens_d	1.9411425885796207	effectsize::cohens_d
c0319	posthoc_welch__perfect_diff	9	rstatix::t_test
c0319	posthoc_welch__perfect_p	2.0360745160275309e-06	stats::t.test
c0319	posthoc_welch__perfect_padj	5.0901862900688274e-06	stats::p.adjust
c0319	posthoc_welch__perfect_padj_ptt	5.0901862900688274e-06	stats::pairwise.t.test
c0319	posthoc_welch__perfect_df	12.811764705882359	rstatix::t_test
c0319	posthoc_welch__perfect_t	8.1408063035996161	rstatix::t_test
c0319	posthoc_welch__perfect_cohens_d	3.6406792573015077	effectsize::cohens_d
c0319	posthoc_welch__mwu_diff	9.5	rstatix::t_test
c0319	posthoc_welch__mwu_p	4.1124187385178546e-06	stats::t.test
c0319	posthoc_welch__mwu_padj	8.2248374770357091e-06	stats::p.adjust
c0319	posthoc_welch__mwu_padj_ptt	8.2248374770357091e-06	stats::pairwise.t.test
c0319	posthoc_welch__mwu_df	11.876712328767125	rstatix::t_test
c0319	posthoc_welch__mwu_t	7.9815964789596556	rstatix::t_test
c0319	posthoc_welch__mwu_cohens_d	3.3763886032268267	effectsize::cohens_d
c0319	posthoc_paired__corr_diff	9.0952380952380949	rstatix::t_test
c0319	posthoc_paired__corr_p	5.420980976995135e-08	stats::t.test
c0319	posthoc_paired__corr_padj	2.7104904884975676e-07	stats::p.adjust
c0319	posthoc_paired__corr_padj_ptt_undefined	1	stats::pairwise.t.test
c0319	posthoc_paired__corr_df	23.490046769286725	rstatix::t_test
c0319	posthoc_paired__corr_t	7.8237111987953494	rstatix::t_test
c0319	posthoc_paired__corr_cohens_d	3.0043639277189058	effectsize::cohens_d
c0319	posthoc_paired__perfect_diff	11.666666666666666	rstatix::t_test
c0319	posthoc_paired__perfect_p	5.5146345950043198e-11	stats::t.test
c0319	posthoc_paired__perfect_padj	5.5146345950043201e-10	stats::p.adjust
c0319	posthoc_paired__perfect_padj_ptt_undefined	1	stats::pairwise.t.test
c0319	posthoc_paired__perfect_df	18.319455029671932	rstatix::t_test
c0319	posthoc_paired__perfect_t	13.540064007726601	rstatix::t_test
c0319	posthoc_paired__perfect_cohens_d	5.5409163850364056	effectsize::cohens_d
c0319	posthoc_paired__mwu_diff	12.166666666666666	rstatix::t_test
c0319	posthoc_paired__mwu_p	1.0112453495982559e-07	stats::t.test
c0319	posthoc_paired__mwu_padj	3.3708178319941867e-07	stats::p.adjust
c0319	posthoc_paired__mwu_padj_ptt	3.3708178319941867e-07	stats::pairwise.t.test
c0319	posthoc_paired__mwu_df	10.642769276189536	rstatix::t_test
c0319	posthoc_paired__mwu_t	12.569912307482092	rstatix::t_test
c0319	posthoc_paired__mwu_cohens_d	5.3039585091957484	effectsize::cohens_d
c0319	posthoc_corr__perfect_diff	2.5714285714285712	rstatix::t_test
c0319	posthoc_corr__perfect_p	0.021537861644072072	stats::t.test
c0319	posthoc_corr__perfect_padj	0.026922327055090088	stats::p.adjust
c0319	posthoc_corr__perfect_padj_ptt_undefined	1	stats::pairwise.t.test
c0319	posthoc_corr__perfect_df	18.925999014422569	rstatix::t_test
c0319	posthoc_corr__perfect_t	2.5053113578905046	rstatix::t_test
c0319	posthoc_corr__perfect_cohens_d	0.92155574708424393	effectsize::cohens_d
c0319	posthoc_corr__mwu_diff	3.0714285714285712	rstatix::t_test
c0319	posthoc_corr__mwu_p	0.015639701607947799	stats::t.test
c0319	posthoc_corr__mwu_padj	0.022342430868496854	stats::p.adjust
c0319	posthoc_corr__mwu_padj_ptt	0.022342430868496854	stats::pairwise.t.test
c0319	posthoc_corr__mwu_df	14.026898610778256	rstatix::t_test
c0319	posthoc_corr__mwu_t	2.7494549176212608	rstatix::t_test
c0319	posthoc_corr__mwu_cohens_d	0.98273585265963326	effectsize::cohens_d
c0319	posthoc_perfect__mwu_diff	0.5	rstatix::t_test
c0319	posthoc_perfect__mwu_p	0.55311663003267042	stats::t.test
c0319	posthoc_perfect__mwu_padj	0.55311663003267042	stats::p.adjust
c0319	posthoc_perfect__mwu_padj_ptt	0.55311663003267042	stats::pairwise.t.test
c0319	posthoc_perfect__mwu_df	6.4424898511502029	rstatix::t_test
c0319	posthoc_perfect__mwu_t	0.62554324217122426	rstatix::t_test
c0319	posthoc_perfect__mwu_cohens_d	0.34641016151377541	effectsize::cohens_d
c0320	n	50	base::length
c0320	k	5	base::length
c0320	posthoc_welch__paired_diff	-2.6666666666666661	rstatix::t_test
c0320	posthoc_welch__paired_ci_low	-6.4696787494335171	rstatix::t_test
c0320	posthoc_welch__paired_ci_high	1.1363454161001845	rstatix::t_test
c0320	posthoc_welch__paired_p	0.038834469344275598	stats::t.test
c0320	posthoc_welch__paired_padj	0.38834469344275596	stats::p.adjust
c0320	posthoc_welch__paired_padj_ptt	0.45071962588523301	stats::pairwise.t.test
c0320	posthoc_welch__paired_df	20	rstatix::t_test
c0320	posthoc_welch__paired_t	-2.2111599712911278	rstatix::t_test
c0320	posthoc_welch__paired_cohens_d	-0.94676213666230169	effectsize::cohens_d
c0320	posthoc_welch__corr_diff	6.4285714285714288	rstatix::t_test
c0320	posthoc_welch__corr_ci_low	2.152061003848448	rstatix::t_test
c0320	posthoc_welch__corr_ci_high	10.705081853294409	rstatix::t_test
c0320	posthoc_welch__corr_p	0.00011235385191574934	stats::t.test
c0320	posthoc_welch__corr_padj	0.0011235385191574934	stats::p.adjust
c0320	posthoc_welch__corr_padj_ptt	0.0011611549023031844	stats::pairwise.t.test
c0320	posthoc_welch__corr_df	22	rstatix::t_test
c0320	posthoc_welch__corr_t	4.688304761530115	rstatix::t_test
c0320	posthoc_welch__corr_cohens_d	1.9411425885796207	effectsize::cohens_d
c0320	posthoc_welch__perfect_diff	9	rstatix::t_test
c0320	posthoc_welch__perfect_ci_low	5.4660542300857573	rstatix::t_test
c0320	posthoc_welch__perfect_ci_high	12.533945769914242	rstatix::t_test
c0320	posthoc_welch__perfect_p	1.9098167972416837e-07	stats::t.test
c0320	posthoc_welch__perfect_padj	1.9098167972416837e-06	stats::p.adjust
c0320	posthoc_welch__perfect_padj_ptt	2.0360745160275309e-05	stats::pairwise.t.test
c0320	posthoc_welch__perfect_df	18	rstatix::t_test
c0320	posthoc_welch__perfect_t	8.1408063035996161	rstatix::t_test
c0320	posthoc_welch__perfect_cohens_d	3.6406792573015077	effectsize::cohens_d
c0320	posthoc_welch__mwu_diff	9.5	rstatix::t_test
c0320	posthoc_welch__mwu_ci_low	3.7930733247266617	rstatix::t_test
c0320	posthoc_welch__mwu_ci_high	15.206926675273339	rstatix::t_test
c0320	posthoc_welch__mwu_p	9.8022261267394131e-05	stats::t.test
c0320	posthoc_welch__mwu_padj	0.00098022261267394131	stats::p.adjust
c0320	posthoc_welch__mwu_padj_ptt	4.1124187385178549e-05	stats::pairwise.t.test
c0320	posthoc_welch__mwu_df	12	rstatix::t_test
c0320	posthoc_welch__mwu_t	5.707138387268051	rstatix::t_test
c0320	posthoc_welch__mwu_cohens_d	3.3763886032268267	effectsize::cohens_d
c0320	posthoc_paired__corr_diff	9.0952380952380949	rstatix::t_test
c0320	posthoc_paired__corr_ci_low	5.4145906627231248	rstatix::t_test
c0320	posthoc_paired__corr_ci_high	12.775885527753067	rstatix::t_test
c0320	posthoc_paired__corr_p	7.1085831801030483e-08	stats::t.test
c0320	posthoc_paired__corr_padj	7.1085831801030483e-07	stats::p.adjust
c0320	posthoc_paired__corr_padj_ptt_undefined	1	stats::pairwise.t.test
c0320	posthoc_paired__corr_df	24	rstatix::t_test
c0320	posthoc_paired__corr_t	7.6369598222923551	rstatix::t_test
c0320	posthoc_paired__corr_cohens_d	3.0043639277189058	effectsize::cohens_d
c0320	posthoc_paired__perfect_diff	11.666666666666666	rstatix::t_test
c0320	posthoc_paired__perfect_ci_low	8.8237439931835837	rstatix::t_test
c0320	posthoc_paired__perfect_ci_high	14.509589340149747	rstatix::t_test
c0320	posthoc_paired__perfect_p	3.5423046447006903e-11	stats::t.test
c0320	posthoc_paired__perfect_padj	3.5423046447006905e-10	stats::p.adjust
c0320	posthoc_paired__perfect_padj_ptt_undefined	1	stats::pairwise.t.test
c0320	posthoc_paired__perfect_df	20	rstatix::t_test
c0320	posthoc_paired__perfect_t	12.940792666314373	rstatix::t_test
c0320	posthoc_paired__perfect_cohens_d	5.5409163850364056	effectsize::cohens_d
c0320	posthoc_paired__mwu_diff	12.166666666666666	rstatix::t_test
c0320	posthoc_paired__mwu_ci_low	7.7621993811787728	rstatix::t_test
c0320	posthoc_paired__mwu_ci_high	16.571133952154558	rstatix::t_test
c0320	posthoc_paired__mwu_p	2.6430548268180391e-07	stats::t.test
c0320	posthoc_paired__mwu_padj	2.643054826818039e-06	stats::p.adjust
c0320	posthoc_paired__mwu_padj_ptt	1.011245349598256e-06	stats::pairwise.t.test
c0320	posthoc_paired__mwu_df	14	rstatix::t_test
c0320	posthoc_paired__mwu_t	9.1867256191643154	rstatix::t_test
c0320	posthoc_paired__mwu_cohens_d	5.3039585091957484	effectsize::cohens_d
c0320	posthoc_corr__perfect_diff	2.5714285714285712	rstatix::t_test
c0320	posthoc_corr__perfect_ci_low	-1.0317464040189583	rstatix::t_test
c0320	posthoc_corr__perfect_ci_high	6.1746035468761011	rstatix::t_test
c0320	posthoc_corr__perfect_p	0.036590940553818382	stats::t.test
c0320	posthoc_corr__perfect_padj	0.36590940553818385	stats::p.adjust
c0320	posthoc_corr__perfect_padj_ptt_undefined	1	stats::pairwise.t.test
c0320	posthoc_corr__perfect_df	22	rstatix::t_test
c0320	posthoc_corr__perfect_t	2.2257685872689743	rstatix::t_test
c0320	posthoc_corr__perfect_cohens_d	0.92155574708424393	effectsize::cohens_d
c0320	posthoc_corr__mwu_diff	3.0714285714285712	rstatix::t_test
c0320	posthoc_corr__mwu_ci_low	-2.6908658396045722	rstatix::t_test
c0320	posthoc_corr__mwu_ci_high	8.8337229824617154	rstatix::t_test
c0320	posthoc_corr__mwu_p	0.10225214583785749	stats::t.test
c0320	posthoc_corr__mwu_padj	1	stats::p.adjust
c0320	posthoc_corr__mwu_padj_ptt	0.15639701607947798	stats::pairwise.t.test
c0320	posthoc_corr__mwu_df	16	rstatix::t_test
c0320	posthoc_corr__mwu_t	1.733383113736269	rstatix::t_test
c0320	posthoc_corr__mwu_cohens_d	0.98273585265963326	effectsize::cohens_d
c0320	posthoc_perfect__mwu_diff	0.5	rstatix::t_test
c0320	posthoc_perfect__mwu_ci_low	-2.4275916128838735	rstatix::t_test
c0320	posthoc_perfect__mwu_ci_high	3.4275916128838735	rstatix::t_test
c0320	posthoc_perfect__mwu_p	0.56903312490073987	stats::t.test
c0320	posthoc_perfect__mwu_padj	1	stats::p.adjust
c0320	posthoc_perfect__mwu_padj_ptt	1	stats::pairwise.t.test
c0320	posthoc_perfect__mwu_df	12	rstatix::t_test
c0320	posthoc_perfect__mwu_t	0.58554004376911994	rstatix::t_test
c0320	posthoc_perfect__mwu_cohens_d	0.34641016151377541	effectsize::cohens_d
c0321	n	50	base::length
c0321	k	5	base::length
c0321	posthoc_welch__paired_diff	-2.6666666666666661	rstatix::t_test
c0321	posthoc_welch__paired_p	0.038834469344275598	stats::t.test
c0321	posthoc_welch__paired_padj	0.14636376221527353	stats::p.adjust
c0321	posthoc_welch__paired_padj_ptt	0.090143925177046599	stats::pairwise.t.test
c0321	posthoc_welch__paired_df	20	rstatix::t_test
c0321	posthoc_welch__paired_t	-2.2111599712911278	rstatix::t_test
c0321	posthoc_welch__paired_cohens_d	-0.94676213666230169	effectsize::cohens_d
c0321	posthoc_welch__corr_diff	6.4285714285714288	rstatix::t_test
c0321	posthoc_welch__corr_p	0.00011235385191574934	stats::t.test
c0321	posthoc_welch__corr_padj	0.00058813356760436478	stats::p.adjust
c0321	posthoc_welch__corr_padj_ptt	0.00058057745115159219	stats::pairwise.t.test
c0321	posthoc_welch__corr_df	22	rstatix::t_test
c0321	posthoc_welch__corr_t	4.688304761530115	rstatix::t_test
c0321	posthoc_welch__corr_cohens_d	1.9411425885796207	effectsize::cohens_d
c0321	posthoc_welch__perfect_diff	9	rstatix::t_test
c0321	posthoc_welch__perfect_p	1.9098167972416837e-07	stats::t.test
c0321	posthoc_welch__perfect_padj	1.5278534377933469e-06	stats::p.adjust
c0321	posthoc_welch__perfect_padj_ptt	1.4252521612192716e-05	stats::pairwise.t.test
c0321	posthoc_welch__perfect_df	18	rstatix::t_test
c0321	posthoc_welch__perfect_t	8.1408063035996161	rstatix::t_test
c0321	posthoc_welch__perfect_cohens_d	3.6406792573015077	effectsize::cohens_d
c0321	posthoc_welch__mwu_diff	9.5	rstatix::t_test
c0321	posthoc_welch__mwu_p	9.8022261267394131e-05	stats::t.test
c0321	posthoc_welch__mwu_padj	0.00058813356760436478	stats::p.adjust
c0321	posthoc_welch__mwu_padj_ptt	2.4674512431107127e-05	stats::pairwise.t.test
c0321	posthoc_welch__mwu_df	12	rstatix::t_test
c0321	posthoc_welch__mwu_t	5.707138387268051	rstatix::t_test
c0321	posthoc_welch__mwu_cohens_d	3.3763886032268267	effectsize::cohens_d
c0321	posthoc_paired__corr_diff	9.0952380952380949	rstatix::t_test
c0321	posthoc_paired__corr_p	7.1085831801030483e-08	stats::t.test
c0321	posthoc_paired__corr_padj	6.3977248620927435e-07	stats::p.adjust
c0321	posthoc_paired__corr_padj_ptt_undefined	1	stats::pairwise.t.test
c0321	posthoc_paired__corr_df	24	rstatix::t_test
c0321	posthoc_paired__corr_t	7.6369598222923551	rstatix::t_test
c0321	posthoc_paired__corr_cohens_d	3.0043639277189058	effectsize::cohens_d
c0321	posthoc_paired__perfect_diff	11.666666666666666	rstatix::t_test
c0321	posthoc_paired__perfect_p	3.5423046447006903e-11	stats::t.test
c0321	posthoc_paired__perfect_padj	3.5423046447006905e-10	stats::p.adjust
c0321	posthoc_paired__perfect_padj_ptt_undefined	1	stats::pairwise.t.test
c0321	posthoc_paired__perfect_df	20	rstatix::t_test
c0321	posthoc_paired__perfect_t	12.940792666314373	rstatix::t_test
c0321	posthoc_paired__perfect_cohens_d	5.5409163850364056	effectsize::cohens_d
c0321	posthoc_paired__mwu_diff	12.166666666666666	rstatix::t_test
c0321	posthoc_paired__mwu_p	2.6430548268180391e-07	stats::t.test
c0321	posthoc_paired__mwu_padj	1.8501383787726274e-06	stats::p.adjust
c0321	posthoc_paired__mwu_padj_ptt	8.0899627967860474e-07	stats::pairwise.t.test
c0321	posthoc_paired__mwu_df	14	rstatix::t_test
c0321	posthoc_paired__mwu_t	9.1867256191643154	rstatix::t_test
c0321	posthoc_paired__mwu_cohens_d	5.3039585091957484	effectsize::cohens_d
c0321	posthoc_corr__perfect_diff	2.5714285714285712	rstatix::t_test
c0321	posthoc_corr__perfect_p	0.036590940553818382	stats::t.test
c0321	posthoc_corr__perfect_padj	0.14636376221527353	stats::p.adjust
c0321	posthoc_corr__perfect_padj_ptt_undefined	1	stats::pairwise.t.test
c0321	posthoc_corr__perfect_df	22	rstatix::t_test
c0321	posthoc_corr__perfect_t	2.2257685872689743	rstatix::t_test
c0321	posthoc_corr__perfect_cohens_d	0.92155574708424393	effectsize::cohens_d
c0321	posthoc_corr__mwu_diff	3.0714285714285712	rstatix::t_test
c0321	posthoc_corr__mwu_p	0.10225214583785749	stats::t.test
c0321	posthoc_corr__mwu_padj	0.20450429167571499	stats::p.adjust
c0321	posthoc_corr__mwu_padj_ptt	0.062558806431791195	stats::pairwise.t.test
c0321	posthoc_corr__mwu_df	16	rstatix::t_test
c0321	posthoc_corr__mwu_t	1.733383113736269	rstatix::t_test
c0321	posthoc_corr__mwu_cohens_d	0.98273585265963326	effectsize::cohens_d
c0321	posthoc_perfect__mwu_diff	0.5	rstatix::t_test
c0321	posthoc_perfect__mwu_p	0.56903312490073987	stats::t.test
c0321	posthoc_perfect__mwu_padj	0.56903312490073987	stats::p.adjust
c0321	posthoc_perfect__mwu_padj_ptt	0.55311663003267042	stats::pairwise.t.test
c0321	posthoc_perfect__mwu_df	12	rstatix::t_test
c0321	posthoc_perfect__mwu_t	0.58554004376911994	rstatix::t_test
c0321	posthoc_perfect__mwu_cohens_d	0.34641016151377541	effectsize::cohens_d
c0322	n	50	base::length
c0322	k	5	base::length
c0322	posthoc_welch__paired_diff	-2.6666666666666661	rstatix::t_test
c0322	posthoc_welch__paired_p	0.038834469344275598	stats::t.test
c0322	posthoc_welch__paired_padj	0.048543086680344495	stats::p.adjust
c0322	posthoc_welch__paired_padj_ptt	0.050079958431692558	stats::pairwise.t.test
c0322	posthoc_welch__paired_df	20	rstatix::t_test
c0322	posthoc_welch__paired_t	-2.2111599712911278	rstatix::t_test
c0322	posthoc_welch__paired_cohens_d	-0.94676213666230169	effectsize::cohens_d
c0322	posthoc_welch__corr_diff	6.4285714285714288	rstatix::t_test
c0322	posthoc_welch__corr_p	0.00011235385191574934	stats::t.test
c0322	posthoc_welch__corr_padj	0.00018725641985958225	stats::p.adjust
c0322	posthoc_welch__corr_padj_ptt	0.00019352581705053075	stats::pairwise.t.test
c0322	posthoc_welch__corr_df	22	rstatix::t_test
c0322	posthoc_welch__corr_t	4.688304761530115	rstatix::t_test
c0322	posthoc_welch__corr_cohens_d	1.9411425885796207	effectsize::cohens_d
c0322	posthoc_welch__perfect_diff	9	rstatix::t_test
c0322	posthoc_welch__perfect_p	1.9098167972416837e-07	stats::t.test
c0322	posthoc_welch__perfect_padj	6.3660559908056125e-07	stats::p.adjust
c0322	posthoc_welch__perfect_padj_ptt	5.0901862900688274e-06	stats::pairwise.t.test
c0322	posthoc_welch__perfect_df	18	rstatix::t_test
c0322	posthoc_welch__perfect_t	8.1408063035996161	rstatix::t_test
c0322	posthoc_welch__perfect_cohens_d	3.6406792573015077	effectsize::cohens_d
c0322	posthoc_welch__mwu_diff	9.5	rstatix::t_test
c0322	posthoc_welch__mwu_p	9.8022261267394131e-05	stats::t.test
c0322	posthoc_welch__mwu_padj	0.00018725641985958225	stats::p.adjust
c0322	posthoc_welch__mwu_padj_ptt	8.2248374770357091e-06	stats::pairwise.t.test
c0322	posthoc_welch__mwu_df	12	rstatix::t_test
c0322	posthoc_welch__mwu_t	5.707138387268051	rstatix::t_test
c0322	posthoc_welch__mwu_cohens_d	3.3763886032268267	effectsize::cohens_d
c0322	posthoc_paired__corr_diff	9.0952380952380949	rstatix::t_test
c0322	posthoc_paired__corr_p	7.1085831801030483e-08	stats::t.test
c0322	posthoc_paired__corr_padj	3.5542915900515242e-07	stats::p.adjust
c0322	posthoc_paired__corr_padj_ptt_undefined	1	stats::pairwise.t.test
c0322	posthoc_paired__corr_df	24	rstatix::t_test
c0322	posthoc_paired__corr_t	7.6369598222923551	rstatix::t_test
c0322	posthoc_paired__corr_cohens_d	3.0043639277189058	effectsize::cohens_d
c0322	posthoc_paired__perfect_diff	11.666666666666666	rstatix::t_test
c0322	posthoc_paired__perfect_p	3.5423046447006903e-11	stats::t.test
c0322	posthoc_paired__perfect_padj	3.5423046447006905e-10	stats::p.adjust
c0322	posthoc_paired__perfect_padj_ptt_undefined	1	stats::pairwise.t.test
c0322	posthoc_paired__perfect_df	20	rstatix::t_test
c0322	posthoc_paired__perfect_t	12.940792666314373	rstatix::t_test
c0322	posthoc_paired__perfect_cohens_d	5.5409163850364056	effectsize::cohens_d
c0322	posthoc_paired__mwu_diff	12.166666666666666	rstatix::t_test
c0322	posthoc_paired__mwu_p	2.6430548268180391e-07	stats::t.test
c0322	posthoc_paired__mwu_padj	6.6076370670450975e-07	stats::p.adjust
c0322	posthoc_paired__mwu_padj_ptt	3.3708178319941867e-07	stats::pairwise.t.test
c0322	posthoc_paired__mwu_df	14	rstatix::t_test
c0322	posthoc_paired__mwu_t	9.1867256191643154	rstatix::t_test
c0322	posthoc_paired__mwu_cohens_d	5.3039585091957484	effectsize::cohens_d
c0322	posthoc_corr__perfect_diff	2.5714285714285712	rstatix::t_test
c0322	posthoc_corr__perfect_p	0.036590940553818382	stats::t.test
c0322	posthoc_corr__perfect_padj	0.048543086680344495	stats::p.adjust
c0322	posthoc_corr__perfect_padj_ptt_undefined	1	stats::pairwise.t.test
c0322	posthoc_corr__perfect_df	22	rstatix::t_test
c0322	posthoc_corr__perfect_t	2.2257685872689743	rstatix::t_test
c0322	posthoc_corr__perfect_cohens_d	0.92155574708424393	effectsize::cohens_d
c0322	posthoc_corr__mwu_diff	3.0714285714285712	rstatix::t_test
c0322	posthoc_corr__mwu_p	0.10225214583785749	stats::t.test
c0322	posthoc_corr__mwu_padj	0.11361349537539722	stats::p.adjust
c0322	posthoc_corr__mwu_padj_ptt	0.022342430868496854	stats::pairwise.t.test
c0322	posthoc_corr__mwu_df	16	rstatix::t_test
c0322	posthoc_corr__mwu_t	1.733383113736269	rstatix::t_test
c0322	posthoc_corr__mwu_cohens_d	0.98273585265963326	effectsize::cohens_d
c0322	posthoc_perfect__mwu_diff	0.5	rstatix::t_test
c0322	posthoc_perfect__mwu_p	0.56903312490073987	stats::t.test
c0322	posthoc_perfect__mwu_padj	0.56903312490073987	stats::p.adjust
c0322	posthoc_perfect__mwu_padj_ptt	0.55311663003267042	stats::pairwise.t.test
c0322	posthoc_perfect__mwu_df	12	rstatix::t_test
c0322	posthoc_perfect__mwu_t	0.58554004376911994	rstatix::t_test
c0322	posthoc_perfect__mwu_cohens_d	0.34641016151377541	effectsize::cohens_d
c0323	n	50	base::length
c0323	k	5	base::length
c0323	posthoc_welch__paired_diff	-3	stats::median
c0323	posthoc_welch__paired_diff_wilcoxest	-2.999946604735392	rstatix::wilcox_test
c0323	posthoc_welch__paired_ci_low	-6.9999589999844067	rstatix::wilcox_test
c0323	posthoc_welch__paired_ci_high	1.9999613554674149	rstatix::wilcox_test
c0323	posthoc_welch__paired_p	0.039866127139188294	stats::wilcox.test
c0323	posthoc_welch__paired_padj	0.39866127139188295	stats::p.adjust
c0323	posthoc_welch__paired_u	28.5	stats::wilcox.test
c0323	posthoc_welch__paired_rank_biserial	-0.52499999999999991	effectsize::rank_biserial
c0323	posthoc_welch__corr_diff	6.4000000000000004	stats::median
c0323	posthoc_welch__corr_diff_wilcoxest	6.4000000000000004	rstatix::wilcox_test
c0323	posthoc_welch__corr_ci_low	1.8000000043153981	rstatix::wilcox_test
c0323	posthoc_welch__corr_ci_high	10.999965325789304	rstatix::wilcox_test
c0323	posthoc_welch__corr_p	0.00093382477296749663	stats::wilcox.test
c0323	posthoc_welch__corr_padj	0.0093382477296749672	stats::p.adjust
c0323	posthoc_welch__corr_u	127	stats::wilcox.test
c0323	posthoc_welch__corr_rank_biserial	0.81428571428571428	effectsize::rank_biserial
c0323	posthoc_welch__perfect_diff	8.5	stats::median
c0323	posthoc_welch__perfect_diff_wilcoxest	8.527042491820394	rstatix::wilcox_test
c0323	posthoc_welch__perfect_ci_low	5.0000619284972627	rstatix::wilcox_test
c0323	posthoc_welch__perfect_ci_high	13.000077447537855	rstatix::wilcox_test
c0323	posthoc_welch__perfect_p	0.0001756155310459087	stats::wilcox.test
c0323	posthoc_welch__perfect_padj	0.001756155310459087	stats::p.adjust
c0323	posthoc_welch__perfect_u	100	stats::wilcox.test
c0323	posthoc_welch__perfect_rank_biserial	1	effectsize::rank_biserial
c0323	posthoc_welch__mwu_diff	9	stats::median
c0323	posthoc_welch__mwu_diff_wilcoxest	8.9999389039156608	rstatix::wilcox_test
c0323	posthoc_welch__mwu_ci_low	4	rstatix::wilcox_test
c0323	posthoc_welch__mwu_ci_high	17	rstatix::wilcox_test
c0323	posthoc_welch__mwu_p	0.0057132998345256055	stats::wilcox.test
c0323	posthoc_welch__mwu_padj	0.057132998345256057	stats::p.adjust
c0323	posthoc_welch__mwu_u	40	stats::wilcox.test
c0323	posthoc_welch__mwu_rank_biserial	1	effectsize::rank_biserial
c0323	posthoc_paired__corr_diff	9.3999999999999986	stats::median
c0323	posthoc_paired__corr_diff_wilcoxest	9.3044828029543041	rstatix::wilcox_test
c0323	posthoc_paired__corr_ci_low	5.0000578175676296	rstatix::wilcox_test
c0323	posthoc_paired__corr_ci_high	13.00002460569673	rstatix::wilcox_test
c0323	posthoc_paired__corr_p	4.2926282911542346e-05	stats::wilcox.test
c0323	posthoc_paired__corr_padj	0.00042926282911542348	stats::p.adjust
c0323	posthoc_paired__corr_u	164	stats::wilcox.test
c0323	posthoc_paired__corr_rank_biserial	0.95238095238095233	effectsize::rank_biserial
c0323	posthoc_paired__perfect_diff	11.5	stats::median
c0323	posthoc_paired__perfect_diff_wilcoxest	11.273285264682787	rstatix::wilcox_test
c0323	posthoc_paired__perfect_ci_low	8.999969342579206	rstatix::wilcox_test
c0323	posthoc_paired__perfect_ci_high	14.999938167740861	rstatix::wilcox_test
c0323	posthoc_paired__perfect_p	8.41701720150958e-05	stats::wilcox.test
c0323	posthoc_paired__perfect_padj	0.000841701720150958	stats::p.adjust
c0323	posthoc_paired__perfect_u	120	stats::wilcox.test
c0323	posthoc_paired__perfect_rank_biserial	1	effectsize::rank_biserial
c0323	posthoc_paired__mwu_diff	12	stats::median
c0323	posthoc_paired__mwu_diff_wilcoxest	12.000000776101786	rstatix::wilcox_test
c0323	posthoc_paired__mwu_ci_low	7	rstatix::wilcox_test
c0323	posthoc_paired__mwu_ci_high	18	rstatix::wilcox_test
c0323	posthoc_paired__mwu_p	0.0042887897656194961	stats::wilcox.test
c0323	posthoc_paired__mwu_padj	0.042887897656194961	stats::p.adjust
c0323	posthoc_paired__mwu_u	48	stats::wilcox.test
c0323	posthoc_paired__mwu_rank_biserial	1	effectsize::rank_biserial
c0323	posthoc_corr__perfect_diff	2	stats::median
c0323	posthoc_corr__perfect_diff_wilcoxest	2.0000265013684415	rstatix::wilcox_test
c0323	posthoc_corr__perfect_ci_low	-1.0000128732547524	rstatix::wilcox_test
c0323	posthoc_corr__perfect_ci_high	6.7999943855689029	rstatix::wilcox_test
c0323	posthoc_corr__perfect_p	0.055961745324908024	stats::wilcox.test
c0323	posthoc_corr__perfect_padj	0.5596174532490803	stats::p.adjust
c0323	posthoc_corr__perfect_u	103	stats::wilcox.test
c0323	posthoc_corr__perfect_rank_biserial	0.47142857142857147	effectsize::rank_biserial
c0323	posthoc_corr__mwu_diff	2.6500000000000004	stats::median
c0323	posthoc_corr__mwu_diff_wilcoxest	2.5365342170093239	rstatix::wilcox_test
c0323	posthoc_corr__mwu_ci_low	-2.0000529351489345	rstatix::wilcox_test
c0323	posthoc_corr__mwu_ci_high	10.400026370772753	rstatix::wilcox_test
c0323	posthoc_corr__mwu_p	0.07910396160248595	stats::wilcox.test
c0323	posthoc_corr__mwu_padj	0.7910396160248595	stats::p.adjust
c0323	posthoc_corr__mwu_u	45	stats::wilcox.test
c0323	posthoc_corr__mwu_rank_biserial	0.60714285714285721	effectsize::rank_biserial
c0323	posthoc_perfect__mwu_diff	0.5	stats::median
c0323	posthoc_perfect__mwu_diff_wilcoxest	0.5	rstatix::wilcox_test
c0323	posthoc_perfect__mwu_ci_low	-3	rstatix::wilcox_test
c0323	posthoc_perfect__mwu_ci_high	4	rstatix::wilcox_test
c0323	posthoc_perfect__mwu_p	0.61391780317052413	stats::wilcox.test
c0323	posthoc_perfect__mwu_padj	1	stats::p.adjust
c0323	posthoc_perfect__mwu_u	24	stats::wilcox.test
c0323	posthoc_perfect__mwu_rank_biserial	0.19999999999999996	effectsize::rank_biserial
c0324	n	50	base::length
c0324	k	5	base::length
c0324	posthoc_welch__paired_diff	-3	stats::median
c0324	posthoc_welch__paired_diff_wilcoxest	-2.999946604735392	rstatix::wilcox_test
c0324	posthoc_welch__paired_p	0.039866127139188294	stats::wilcox.test
c0324	posthoc_welch__paired_padj	0.15946450855675318	stats::p.adjust
c0324	posthoc_welch__paired_u	28.5	stats::wilcox.test
c0324	posthoc_welch__paired_rank_biserial	-0.52499999999999991	effectsize::rank_biserial
c0324	posthoc_welch__corr_diff	6.4000000000000004	stats::median
c0324	posthoc_welch__corr_diff_wilcoxest	6.4000000000000004	rstatix::wilcox_test
c0324	posthoc_welch__corr_p	0.00093382477296749663	stats::wilcox.test
c0324	posthoc_welch__corr_padj	0.006536773410772476	stats::p.adjust
c0324	posthoc_welch__corr_u	127	stats::wilcox.test
c0324	posthoc_welch__corr_rank_biserial	0.81428571428571428	effectsize::rank_biserial
c0324	posthoc_welch__perfect_diff	8.5	stats::median
c0324	posthoc_welch__perfect_diff_wilcoxest	8.527042491820394	rstatix::wilcox_test
c0324	posthoc_welch__perfect_p	0.0001756155310459087	stats::wilcox.test
c0324	posthoc_welch__perfect_padj	0.0014049242483672696	stats::p.adjust
c0324	posthoc_welch__perfect_u	100	stats::wilcox.test
c0324	posthoc_welch__perfect_rank_biserial	1	effectsize::rank_biserial
c0324	posthoc_welch__mwu_diff	9	stats::median
c0324	posthoc_welch__mwu_diff_wilcoxest	8.9999389039156608	rstatix::wilcox_test
c0324	posthoc_welch__mwu_p	0.0057132998345256055	stats::wilcox.test
c0324	posthoc_welch__mwu_padj	0.028566499172628029	stats::p.adjust
c0324	posthoc_welch__mwu_u	40	stats::wilcox.test
c0324	posthoc_welch__mwu_rank_biserial	1	effectsize::rank_biserial
c0324	posthoc_paired__corr_diff	9.3999999999999986	stats::median
c0324	posthoc_paired__corr_diff_wilcoxest	9.3044828029543041	rstatix::wilcox_test
c0324	posthoc_paired__corr_p	4.2926282911542346e-05	stats::wilcox.test
c0324	posthoc_paired__corr_padj	0.00042926282911542348	stats::p.adjust
c0324	posthoc_paired__corr_u	164	stats::wilcox.test
c0324	posthoc_paired__corr_rank_biserial	0.95238095238095233	effectsize::rank_biserial
c0324	posthoc_paired__perfect_diff	11.5	stats::median
c0324	posthoc_paired__perfect_diff_wilcoxest	11.273285264682787	rstatix::wilcox_test
c0324	posthoc_paired__perfect_p	8.41701720150958e-05	stats::wilcox.test
c0324	posthoc_paired__perfect_padj	0.0007575315481358622	stats::p.adjust
c0324	posthoc_paired__perfect_u	120	stats::wilcox.test
c0324	posthoc_paired__perfect_rank_biserial	1	effectsize::rank_biserial
c0324	posthoc_paired__mwu_diff	12	stats::median
c0324	posthoc_paired__mwu_diff_wilcoxest	12.000000776101786	rstatix::wilcox_test
c0324	posthoc_paired__mwu_p	0.0042887897656194961	stats::wilcox.test
c0324	posthoc_paired__mwu_padj	0.025732738593716976	stats::p.adjust
c0324	posthoc_paired__mwu_u	48	stats::wilcox.test
c0324	posthoc_paired__mwu_rank_biserial	1	effectsize::rank_biserial
c0324	posthoc_corr__perfect_diff	2	stats::median
c0324	posthoc_corr__perfect_diff_wilcoxest	2.0000265013684415	rstatix::wilcox_test
c0324	posthoc_corr__perfect_p	0.055961745324908024	stats::wilcox.test
c0324	posthoc_corr__perfect_padj	0.16788523597472407	stats::p.adjust
c0324	posthoc_corr__perfect_u	103	stats::wilcox.test
c0324	posthoc_corr__perfect_rank_biserial	0.47142857142857147	effectsize::rank_biserial
c0324	posthoc_corr__mwu_diff	2.6500000000000004	stats::median
c0324	posthoc_corr__mwu_diff_wilcoxest	2.5365342170093239	rstatix::wilcox_test
c0324	posthoc_corr__mwu_p	0.07910396160248595	stats::wilcox.test
c0324	posthoc_corr__mwu_padj	0.16788523597472407	stats::p.adjust
c0324	posthoc_corr__mwu_u	45	stats::wilcox.test
c0324	posthoc_corr__mwu_rank_biserial	0.60714285714285721	effectsize::rank_biserial
c0324	posthoc_perfect__mwu_diff	0.5	stats::median
c0324	posthoc_perfect__mwu_diff_wilcoxest	0.5	rstatix::wilcox_test
c0324	posthoc_perfect__mwu_p	0.61391780317052413	stats::wilcox.test
c0324	posthoc_perfect__mwu_padj	0.61391780317052413	stats::p.adjust
c0324	posthoc_perfect__mwu_u	24	stats::wilcox.test
c0324	posthoc_perfect__mwu_rank_biserial	0.19999999999999996	effectsize::rank_biserial
c0325	n	50	base::length
c0325	k	5	base::length
c0325	posthoc_welch__paired_diff	-3	stats::median
c0325	posthoc_welch__paired_diff_wilcoxest	-2.999946604735392	rstatix::wilcox_test
c0325	posthoc_welch__paired_p	0.039866127139188294	stats::wilcox.test
c0325	posthoc_welch__paired_padj	0.056951610198840423	stats::p.adjust
c0325	posthoc_welch__paired_u	28.5	stats::wilcox.test
c0325	posthoc_welch__paired_rank_biserial	-0.52499999999999991	effectsize::rank_biserial
c0325	posthoc_welch__corr_diff	6.4000000000000004	stats::median
c0325	posthoc_welch__corr_diff_wilcoxest	6.4000000000000004	rstatix::wilcox_test
c0325	posthoc_welch__corr_p	0.00093382477296749663	stats::wilcox.test
c0325	posthoc_welch__corr_padj	0.0023345619324187418	stats::p.adjust
c0325	posthoc_welch__corr_u	127	stats::wilcox.test
c0325	posthoc_welch__corr_rank_biserial	0.81428571428571428	effectsize::rank_biserial
c0325	posthoc_welch__perfect_diff	8.5	stats::median
c0325	posthoc_welch__perfect_diff_wilcoxest	8.527042491820394	rstatix::wilcox_test
c0325	posthoc_welch__perfect_p	0.0001756155310459087	stats::wilcox.test
c0325	posthoc_welch__perfect_padj	0.00058538510348636239	stats::p.adjust
c0325	posthoc_welch__perfect_u	100	stats::wilcox.test
c0325	posthoc_welch__perfect_rank_biserial	1	effectsize::rank_biserial
c0325	posthoc_welch__mwu_diff	9	stats::median
c0325	posthoc_welch__mwu_diff_wilcoxest	8.9999389039156608	rstatix::wilcox_test
c0325	posthoc_welch__mwu_p	0.0057132998345256055	stats::wilcox.test
c0325	posthoc_welch__mwu_padj	0.009522166390876009	stats::p.adjust
c0325	posthoc_welch__mwu_u	40	stats::wilcox.test
c0325	posthoc_welch__mwu_rank_biserial	1	effectsize::rank_biserial
c0325	posthoc_paired__corr_diff	9.3999999999999986	stats::median
c0325	posthoc_paired__corr_diff_wilcoxest	9.3044828029543041	rstatix::wilcox_test
c0325	posthoc_paired__corr_p	4.2926282911542346e-05	stats::wilcox.test
c0325	posthoc_paired__corr_padj	0.000420850860075479	stats::p.adjust
c0325	posthoc_paired__corr_u	164	stats::wilcox.test
c0325	posthoc_paired__corr_rank_biserial	0.95238095238095233	effectsize::rank_biserial
c0325	posthoc_paired__perfect_diff	11.5	stats::median
c0325	posthoc_paired__perfect_diff_wilcoxest	11.273285264682787	rstatix::wilcox_test
c0325	posthoc_paired__perfect_p	8.41701720150958e-05	stats::wilcox.test
c0325	posthoc_paired__perfect_padj	0.000420850860075479	stats::p.adjust
c0325	posthoc_paired__perfect_u	120	stats::wilcox.test
c0325	posthoc_paired__perfect_rank_biserial	1	effectsize::rank_biserial
c0325	posthoc_paired__mwu_diff	12	stats::median
c0325	posthoc_paired__mwu_diff_wilcoxest	12.000000776101786	rstatix::wilcox_test
c0325	posthoc_paired__mwu_p	0.0042887897656194961	stats::wilcox.test
c0325	posthoc_paired__mwu_padj	0.0085775795312389921	stats::p.adjust
c0325	posthoc_paired__mwu_u	48	stats::wilcox.test
c0325	posthoc_paired__mwu_rank_biserial	1	effectsize::rank_biserial
c0325	posthoc_corr__perfect_diff	2	stats::median
c0325	posthoc_corr__perfect_diff_wilcoxest	2.0000265013684415	rstatix::wilcox_test
c0325	posthoc_corr__perfect_p	0.055961745324908024	stats::wilcox.test
c0325	posthoc_corr__perfect_padj	0.069952181656135037	stats::p.adjust
c0325	posthoc_corr__perfect_u	103	stats::wilcox.test
c0325	posthoc_corr__perfect_rank_biserial	0.47142857142857147	effectsize::rank_biserial
c0325	posthoc_corr__mwu_diff	2.6500000000000004	stats::median
c0325	posthoc_corr__mwu_diff_wilcoxest	2.5365342170093239	rstatix::wilcox_test
c0325	posthoc_corr__mwu_p	0.07910396160248595	stats::wilcox.test
c0325	posthoc_corr__mwu_padj	0.087893290669428845	stats::p.adjust
c0325	posthoc_corr__mwu_u	45	stats::wilcox.test
c0325	posthoc_corr__mwu_rank_biserial	0.60714285714285721	effectsize::rank_biserial
c0325	posthoc_perfect__mwu_diff	0.5	stats::median
c0325	posthoc_perfect__mwu_diff_wilcoxest	0.5	rstatix::wilcox_test
c0325	posthoc_perfect__mwu_p	0.61391780317052413	stats::wilcox.test
c0325	posthoc_perfect__mwu_padj	0.61391780317052413	stats::p.adjust
c0325	posthoc_perfect__mwu_u	24	stats::wilcox.test
c0325	posthoc_perfect__mwu_rank_biserial	0.19999999999999996	effectsize::rank_biserial
c0326	n	50	base::length
c0326	k	5	base::length
c0326	posthoc_welch__paired_diff	-2.6666666666666661	stats::mean
c0326	posthoc_welch__paired_f	1.3027520896376144	stats::pf
c0326	posthoc_welch__paired_padj	0.28340930310131307	stats::pf
c0326	posthoc_welch__paired_ci_low	-6.4184828534561618	stats::qf
c0326	posthoc_welch__paired_ci_high	1.0851495201228292	stats::qf
c0326	posthoc_welch__corr_diff	6.4285714285714288	stats::mean
c0326	posthoc_welch__corr_f	8.0967641731802136	stats::pf
c0326	posthoc_welch__corr_padj	5.2476214614961304e-05	stats::pf
c0326	posthoc_welch__corr_ci_low	2.8006118604308958	stats::qf
c0326	posthoc_welch__corr_ci_high	10.056530996711961	stats::qf
c0326	posthoc_welch__perfect_diff	9	stats::mean
c0326	posthoc_welch__perfect_f	13.602563810942756	stats::pf
c0326	posthoc_welch__perfect_padj	2.3956249725057375e-07	stats::pf
c0326	posthoc_welch__perfect_ci_low	5.0813557957622404	stats::qf
c0326	posthoc_welch__perfect_ci_high	12.91864420423776	stats::qf
c0326	posthoc_welch__mwu_diff	9.5	stats::mean
c0326	posthoc_welch__mwu_f	8.6605388637572052	stats::pf
c0326	posthoc_welch__mwu_padj	2.8474750524408537e-05	stats::pf
c0326	posthoc_welch__mwu_ci_low	4.3161209795211448	stats::qf
c0326	posthoc_welch__mwu_ci_high	14.683879020478855	stats::qf
c0326	posthoc_paired__corr_diff	9.0952380952380949	stats::mean
c0326	posthoc_paired__corr_f	17.952702225369787	stats::pf
c0326	posthoc_paired__corr_padj	7.0813670248781089e-09	stats::pf
c0326	posthoc_paired__corr_ci_low	5.6481461428654978	stats::qf
c0326	posthoc_paired__corr_ci_high	12.542330047610692	stats::qf
c0326	posthoc_paired__perfect_diff	11.666666666666666	stats::mean
c0326	posthoc_paired__perfect_f	24.935489215719979	stats::pf
c0326	posthoc_paired__perfect_padj	6.3316476114211298e-11	stats::pf
c0326	posthoc_paired__perfect_ci_low	7.9148504798771704	stats::qf
c0326	posthoc_paired__perfect_ci_high	15.418482853456162	stats::qf
c0326	posthoc_paired__mwu_diff	12.166666666666666	stats::mean
c0326	posthoc_paired__mwu_f	14.91523920751316	stats::pf
c0326	posthoc_paired__mwu_padj	7.8130278364445178e-08	stats::pf
c0326	posthoc_paired__mwu_ci_low	7.1077187524249803	stats::qf
c0326	posthoc_paired__mwu_ci_high	17.225614580908353	stats::qf
c0326	posthoc_corr__perfect_diff	2.5714285714285712	stats::mean
c0326	posthoc_corr__perfect_f	1.2954822677088338	stats::pf
c0326	posthoc_corr__perfect_padj	0.28612156970413155	stats::pf
c0326	posthoc_corr__perfect_ci_low	-1.0565309967119618	stats::qf
c0326	posthoc_corr__perfect_ci_high	6.1993881395691037	stats::qf
c0326	posthoc_corr__mwu_diff	3.0714285714285712	stats::mean
c0326	posthoc_corr__mwu_f	0.98573938806322381	stats::pf
c0326	posthoc_corr__mwu_padj	0.42497935204685366	stats::pf
c0326	posthoc_corr__mwu_ci_low	-1.8963596615396057	stats::qf
c0326	posthoc_corr__mwu_ci_high	8.039216804396748	stats::qf
c0326	posthoc_perfect__mwu_diff	0.5	stats::mean
c0326	posthoc_perfect__mwu_f	0.023990412364978408	stats::pf
c0326	posthoc_perfect__mwu_padj	0.99883879455030877	stats::pf
c0326	posthoc_perfect__mwu_ci_low	-4.6838790204788552	stats::qf
c0326	posthoc_perfect__mwu_ci_high	5.6838790204788552	stats::qf
c0327	n	50	base::length
c0327	k	5	base::length
c0327	posthoc_corr__mwu_diff	3.0714285714285712	rstatix::t_test
c0327	posthoc_corr__mwu_ci_low	-0.64243439438542016	rstatix::t_test
c0327	posthoc_corr__mwu_ci_high	6.7852915372425624	rstatix::t_test
c0327	posthoc_corr__mwu_p	0.015639701607947799	stats::t.test
c0327	posthoc_corr__mwu_padj	0.15639701607947798	stats::p.adjust
c0327	posthoc_corr__mwu_padj_ptt	0.15639701607947798	stats::pairwise.t.test
c0327	posthoc_corr__mwu_df	14.026898610778256	rstatix::t_test
c0327	posthoc_corr__mwu_t	2.7494549176212608	rstatix::t_test
c0327	posthoc_corr__mwu_cohens_d	0.98273585265963326	effectsize::cohens_d
c0327	posthoc_corr__paired_diff	-9.0952380952380949	rstatix::t_test
c0327	posthoc_corr__paired_ci_low	-12.695840426669227	rstatix::t_test
c0327	posthoc_corr__paired_ci_high	-5.4946357638069632	rstatix::t_test
c0327	posthoc_corr__paired_p	5.420980976995135e-08	stats::t.test
c0327	posthoc_corr__paired_padj	5.4209809769951353e-07	stats::p.adjust
c0327	posthoc_corr__paired_padj_ptt	5.4209809769951353e-07	stats::pairwise.t.test
c0327	posthoc_corr__paired_df	23.490046769286725	rstatix::t_test
c0327	posthoc_corr__paired_t	-7.8237111987953494	rstatix::t_test
c0327	posthoc_corr__paired_cohens_d	-3.0043639277189058	effectsize::cohens_d
c0327	posthoc_corr__perfect_diff	2.5714285714285712	rstatix::t_test
c0327	posthoc_corr__perfect_ci_low	-0.6876942565928752	rstatix::t_test
c0327	posthoc_corr__perfect_ci_high	5.8305513994500169	rstatix::t_test
c0327	posthoc_corr__perfect_p	0.021537861644072072	stats::t.test
c0327	posthoc_corr__perfect_padj	0.2153786164407207	stats::p.adjust
c0327	posthoc_corr__perfect_padj_ptt	0.2153786164407207	stats::pairwise.t.test
c0327	posthoc_corr__perfect_df	18.925999014422569	rstatix::t_test
c0327	posthoc_corr__perfect_t	2.5053113578905046	rstatix::t_test
c0327	posthoc_corr__perfect_cohens_d	0.92155574708424393	effectsize::cohens_d
c0327	posthoc_corr__welch_diff	-6.4285714285714288	rstatix::t_test
c0327	posthoc_corr__welch_ci_low	-10.685327545723379	rstatix::t_test
c0327	posthoc_corr__welch_ci_high	-2.1718153114194791	rstatix::t_test
c0327	posthoc_corr__welch_p	0.00011611549023031844	stats::t.test
c0327	posthoc_corr__welch_padj	0.0011611549023031844	stats::p.adjust
c0327	posthoc_corr__welch_padj_ptt	0.0011611549023031844	stats::pairwise.t.test
c0327	posthoc_corr__welch_df	20.41530717241768	rstatix::t_test
c0327	posthoc_corr__welch_t	-4.7505069395232749	rstatix::t_test
c0327	posthoc_corr__welch_cohens_d	-1.9411425885796207	effectsize::cohens_d
c0327	posthoc_mwu__paired_diff	-12.166666666666666	rstatix::t_test
c0327	posthoc_mwu__paired_ci_low	-15.57829897258844	rstatix::t_test
c0327	posthoc_mwu__paired_ci_high	-8.7550343607448919	rstatix::t_test
c0327	posthoc_mwu__paired_p	1.0112453495982559e-07	stats::t.test
c0327	posthoc_mwu__paired_padj	1.011245349598256e-06	stats::p.adjust
c0327	posthoc_mwu__paired_padj_ptt_undefined	1	stats::pairwise.t.test
c0327	posthoc_mwu__paired_df	10.642769276189536	rstatix::t_test
c0327	posthoc_mwu__paired_t	-12.569912307482092	rstatix::t_test
c0327	posthoc_mwu__paired_cohens_d	-5.3039585091957484	effectsize::cohens_d
c0327	posthoc_mwu__perfect_diff	-0.5	rstatix::t_test
c0327	posthoc_mwu__perfect_ci_low	-3.8369907399539636	rstatix::t_test
c0327	posthoc_mwu__perfect_ci_high	2.836990739953964	rstatix::t_test
c0327	posthoc_mwu__perfect_p	0.55311663003267042	stats::t.test
c0327	posthoc_mwu__perfect_padj	1	stats::p.adjust
c0327	posthoc_mwu__perfect_padj_ptt_undefined	1	stats::pairwise.t.test
c0327	posthoc_mwu__perfect_df	6.4424898511502029	rstatix::t_test
c0327	posthoc_mwu__perfect_t	-0.62554324217122426	rstatix::t_test
c0327	posthoc_mwu__perfect_cohens_d	-0.34641016151377541	effectsize::cohens_d
c0327	posthoc_mwu__welch_diff	-9.5	rstatix::t_test
c0327	posthoc_mwu__welch_ci_low	-13.589796848662761	rstatix::t_test
c0327	posthoc_mwu__welch_ci_high	-5.4102031513372379	rstatix::t_test
c0327	posthoc_mwu__welch_p	4.1124187385178546e-06	stats::t.test
c0327	posthoc_mwu__welch_padj	4.1124187385178549e-05	stats::p.adjust
c0327	posthoc_mwu__welch_padj_ptt	4.1124187385178549e-05	stats::pairwise.t.test
c0327	posthoc_mwu__welch_df	11.876712328767125	rstatix::t_test
c0327	posthoc_mwu__welch_t	-7.9815964789596556	rstatix::t_test
c0327	posthoc_mwu__welch_cohens_d	-3.3763886032268267	effectsize::cohens_d
c0327	posthoc_paired__perfect_diff	11.666666666666666	rstatix::t_test
c0327	posthoc_paired__perfect_ci_low	8.9189192704990212	rstatix::t_test
c0327	posthoc_paired__perfect_ci_high	14.414414062834313	rstatix::t_test
c0327	posthoc_paired__perfect_p	5.5146345950043198e-11	stats::t.test
c0327	posthoc_paired__perfect_padj	5.5146345950043201e-10	stats::p.adjust
c0327	posthoc_paired__perfect_padj_ptt_undefined	1	stats::pairwise.t.test
c0327	posthoc_paired__perfect_df	18.319455029671932	rstatix::t_test
c0327	posthoc_paired__perfect_t	13.540064007726601	rstatix::t_test
c0327	posthoc_paired__perfect_cohens_d	5.5409163850364056	effectsize::cohens_d
c0327	posthoc_paired__welch_diff	2.6666666666666661	rstatix::t_test
c0327	posthoc_paired__welch_ci_low	-1.3055223504015618	rstatix::t_test
c0327	posthoc_paired__welch_ci_high	6.6388556837348931	rstatix::t_test
c0327	posthoc_paired__welch_p	0.0450719625885233	stats::t.test
c0327	posthoc_paired__welch_padj	0.45071962588523301	stats::p.adjust
c0327	posthoc_paired__welch_padj_ptt	0.45071962588523301	stats::pairwise.t.test
c0327	posthoc_paired__welch_df	17.028808201623235	rstatix::t_test
c0327	posthoc_paired__welch_t	2.1628085592089219	rstatix::t_test
c0327	posthoc_paired__welch_cohens_d	0.94676213666230169	effectsize::cohens_d
c0327	posthoc_perfect__welch_diff	-9	rstatix::t_test
c0327	posthoc_perfect__welch_ci_low	-12.739191245885671	rstatix::t_test
c0327	posthoc_perfect__welch_ci_high	-5.2608087541143274	rstatix::t_test
c0327	posthoc_perfect__welch_p	2.0360745160275309e-06	stats::t.test
c0327	posthoc_perfect__welch_padj	2.0360745160275309e-05	stats::p.adjust
c0327	posthoc_perfect__welch_padj_ptt	2.0360745160275309e-05	stats::pairwise.t.test
c0327	posthoc_perfect__welch_df	12.811764705882359	rstatix::t_test
c0327	posthoc_perfect__welch_t	-8.1408063035996161	rstatix::t_test
c0327	posthoc_perfect__welch_cohens_d	-3.6406792573015077	effectsize::cohens_d
c0328	n	50	base::length
c0328	k	5	base::length
c0328	posthoc_corr__mwu_diff	3.0714285714285712	rstatix::t_test
c0328	posthoc_corr__mwu_p	0.015639701607947799	stats::t.test
c0328	posthoc_corr__mwu_padj	0.062558806431791195	stats::p.adjust
c0328	posthoc_corr__mwu_padj_ptt	0.062558806431791195	stats::pairwise.t.test
c0328	posthoc_corr__mwu_df	14.026898610778256	rstatix::t_test
c0328	posthoc_corr__mwu_t	2.7494549176212608	rstatix::t_test
c0328	posthoc_corr__mwu_cohens_d	0.98273585265963326	effectsize::cohens_d
c0328	posthoc_corr__paired_diff	-9.0952380952380949	rstatix::t_test
c0328	posthoc_corr__paired_p	5.420980976995135e-08	stats::t.test
c0328	posthoc_corr__paired_padj	4.8788828792956211e-07	stats::p.adjust
c0328	posthoc_corr__paired_padj_ptt	4.8788828792956211e-07	stats::pairwise.t.test
c0328	posthoc_corr__paired_df	23.490046769286725	rstatix::t_test
c0328	posthoc_corr__paired_t	-7.8237111987953494	rstatix::t_test
c0328	posthoc_corr__paired_cohens_d	-3.0043639277189058	effectsize::cohens_d
c0328	posthoc_corr__perfect_diff	2.5714285714285712	rstatix::t_test
c0328	posthoc_corr__perfect_p	0.021537861644072072	stats::t.test
c0328	posthoc_corr__perfect_padj	0.064613584932216223	stats::p.adjust
c0328	posthoc_corr__perfect_padj_ptt	0.064613584932216223	stats::pairwise.t.test
c0328	posthoc_corr__perfect_df	18.925999014422569	rstatix::t_test
c0328	posthoc_corr__perfect_t	2.5053113578905046	rstatix::t_test
c0328	posthoc_corr__perfect_cohens_d	0.92155574708424393	effectsize::cohens_d
c0328	posthoc_corr__welch_diff	-6.4285714285714288	rstatix::t_test
c0328	posthoc_corr__welch_p	0.00011611549023031844	stats::t.test
c0328	posthoc_corr__welch_padj	0.00058057745115159219	stats::p.adjust
c0328	posthoc_corr__welch_padj_ptt	0.00058057745115159219	stats::pairwise.t.test
c0328	posthoc_corr__welch_df	20.41530717241768	rstatix::t_test
c0328	posthoc_corr__welch_t	-4.7505069395232749	rstatix::t_test
c0328	posthoc_corr__welch_cohens_d	-1.9411425885796207	effectsize::cohens_d
c0328	posthoc_mwu__paired_diff	-12.166666666666666	rstatix::t_test
c0328	posthoc_mwu__paired_p	1.0112453495982559e-07	stats::t.test
c0328	posthoc_mwu__paired_padj	8.0899627967860474e-07	stats::p.adjust
c0328	posthoc_mwu__paired_padj_ptt_undefined	1	stats::pairwise.t.test
c0328	posthoc_mwu__paired_df	10.642769276189536	rstatix::t_test
c0328	posthoc_mwu__paired_t	-12.569912307482092	rstatix::t_test
c0328	posthoc_mwu__paired_cohens_d	-5.3039585091957484	effectsize::cohens_d
c0328	posthoc_mwu__perfect_diff	-0.5	rstatix::t_test
c0328	posthoc_mwu__perfect_p	0.55311663003267042	stats::t.test
c0328	posthoc_mwu__perfect_padj	0.55311663003267042	stats::p.adjust
c0328	posthoc_mwu__perfect_padj_ptt_undefined	1	stats::pairwise.t.test
c0328	posthoc_mwu__perfect_df	6.4424898511502029	rstatix::t_test
c0328	posthoc_mwu__perfect_t	-0.62554324217122426	rstatix::t_test
c0328	posthoc_mwu__perfect_cohens_d	-0.34641016151377541	effectsize::cohens_d
c0328	posthoc_mwu__welch_diff	-9.5	rstatix::t_test
c0328	posthoc_mwu__welch_p	4.1124187385178546e-06	stats::t.test
c0328	posthoc_mwu__welch_padj	2.4674512431107127e-05	stats::p.adjust
c0328	posthoc_mwu__welch_padj_ptt	2.4674512431107127e-05	stats::pairwise.t.test
c0328	posthoc_mwu__welch_df	11.876712328767125	rstatix::t_test
c0328	posthoc_mwu__welch_t	-7.9815964789596556	rstatix::t_test
c0328	posthoc_mwu__welch_cohens_d	-3.3763886032268267	effectsize::cohens_d
c0328	posthoc_paired__perfect_diff	11.666666666666666	rstatix::t_test
c0328	posthoc_paired__perfect_p	5.5146345950043198e-11	stats::t.test
c0328	posthoc_paired__perfect_padj	5.5146345950043201e-10	stats::p.adjust
c0328	posthoc_paired__perfect_padj_ptt_undefined	1	stats::pairwise.t.test
c0328	posthoc_paired__perfect_df	18.319455029671932	rstatix::t_test
c0328	posthoc_paired__perfect_t	13.540064007726601	rstatix::t_test
c0328	posthoc_paired__perfect_cohens_d	5.5409163850364056	effectsize::cohens_d
c0328	posthoc_paired__welch_diff	2.6666666666666661	rstatix::t_test
c0328	posthoc_paired__welch_p	0.0450719625885233	stats::t.test
c0328	posthoc_paired__welch_padj	0.090143925177046599	stats::p.adjust
c0328	posthoc_paired__welch_padj_ptt	0.090143925177046599	stats::pairwise.t.test
c0328	posthoc_paired__welch_df	17.028808201623235	rstatix::t_test
c0328	posthoc_paired__welch_t	2.1628085592089219	rstatix::t_test
c0328	posthoc_paired__welch_cohens_d	0.94676213666230169	effectsize::cohens_d
c0328	posthoc_perfect__welch_diff	-9	rstatix::t_test
c0328	posthoc_perfect__welch_p	2.0360745160275309e-06	stats::t.test
c0328	posthoc_perfect__welch_padj	1.4252521612192716e-05	stats::p.adjust
c0328	posthoc_perfect__welch_padj_ptt	1.4252521612192716e-05	stats::pairwise.t.test
c0328	posthoc_perfect__welch_df	12.811764705882359	rstatix::t_test
c0328	posthoc_perfect__welch_t	-8.1408063035996161	rstatix::t_test
c0328	posthoc_perfect__welch_cohens_d	-3.6406792573015077	effectsize::cohens_d
c0329	n	50	base::length
c0329	k	5	base::length
c0329	posthoc_corr__mwu_diff	3.0714285714285712	rstatix::t_test
c0329	posthoc_corr__mwu_p	0.015639701607947799	stats::t.test
c0329	posthoc_corr__mwu_padj	0.022342430868496854	stats::p.adjust
c0329	posthoc_corr__mwu_padj_ptt	0.022342430868496854	stats::pairwise.t.test
c0329	posthoc_corr__mwu_df	14.026898610778256	rstatix::t_test
c0329	posthoc_corr__mwu_t	2.7494549176212608	rstatix::t_test
c0329	posthoc_corr__mwu_cohens_d	0.98273585265963326	effectsize::cohens_d
c0329	posthoc_corr__paired_diff	-9.0952380952380949	rstatix::t_test
c0329	posthoc_corr__paired_p	5.420980976995135e-08	stats::t.test
c0329	posthoc_corr__paired_padj	2.7104904884975676e-07	stats::p.adjust
c0329	posthoc_corr__paired_padj_ptt	2.7104904884975676e-07	stats::pairwise.t.test
c0329	posthoc_corr__paired_df	23.490046769286725	rstatix::t_test
c0329	posthoc_corr__paired_t	-7.8237111987953494	rstatix::t_test
c0329	posthoc_corr__paired_cohens_d	-3.0043639277189058	effectsize::cohens_d
c0329	posthoc_corr__perfect_diff	2.5714285714285712	rstatix::t_test
c0329	posthoc_corr__perfect_p	0.021537861644072072	stats::t.test
c0329	posthoc_corr__perfect_padj	0.026922327055090088	stats::p.adjust
c0329	posthoc_corr__perfect_padj_ptt	0.026922327055090088	stats::pairwise.t.test
c0329	posthoc_corr__perfect_df	18.925999014422569	rstatix::t_test
c0329	posthoc_corr__perfect_t	2.5053113578905046	rstatix::t_test
c0329	posthoc_corr__perfect_cohens_d	0.92155574708424393	effectsize::cohens_d
c0329	posthoc_corr__welch_diff	-6.4285714285714288	rstatix::t_test
c0329	posthoc_corr__welch_p	0.00011611549023031844	stats::t.test
c0329	posthoc_corr__welch_padj	0.00019352581705053075	stats::p.adjust
c0329	posthoc_corr__welch_padj_ptt	0.00019352581705053075	stats::pairwise.t.test
c0329	posthoc_corr__welch_df	20.41530717241768	rstatix::t_test
c0329	posthoc_corr__welch_t	-4.7505069395232749	rstatix::t_test
c0329	posthoc_corr__welch_cohens_d	-1.9411425885796207	effectsize::cohens_d
c0329	posthoc_mwu__paired_diff	-12.166666666666666	rstatix::t_test
c0329	posthoc_mwu__paired_p	1.0112453495982559e-07	stats::t.test
c0329	posthoc_mwu__paired_padj	3.3708178319941867e-07	stats::p.adjust
c0329	posthoc_mwu__paired_padj_ptt_undefined	1	stats::pairwise.t.test
c0329	posthoc_mwu__paired_df	10.642769276189536	rstatix::t_test
c0329	posthoc_mwu__paired_t	-12.569912307482092	rstatix::t_test
c0329	posthoc_mwu__paired_cohens_d	-5.3039585091957484	effectsize::cohens_d
c0329	posthoc_mwu__perfect_diff	-0.5	rstatix::t_test
c0329	posthoc_mwu__perfect_p	0.55311663003267042	stats::t.test
c0329	posthoc_mwu__perfect_padj	0.55311663003267042	stats::p.adjust
c0329	posthoc_mwu__perfect_padj_ptt_undefined	1	stats::pairwise.t.test
c0329	posthoc_mwu__perfect_df	6.4424898511502029	rstatix::t_test
c0329	posthoc_mwu__perfect_t	-0.62554324217122426	rstatix::t_test
c0329	posthoc_mwu__perfect_cohens_d	-0.34641016151377541	effectsize::cohens_d
c0329	posthoc_mwu__welch_diff	-9.5	rstatix::t_test
c0329	posthoc_mwu__welch_p	4.1124187385178546e-06	stats::t.test
c0329	posthoc_mwu__welch_padj	8.2248374770357091e-06	stats::p.adjust
c0329	posthoc_mwu__welch_padj_ptt	8.2248374770357091e-06	stats::pairwise.t.test
c0329	posthoc_mwu__welch_df	11.876712328767125	rstatix::t_test
c0329	posthoc_mwu__welch_t	-7.9815964789596556	rstatix::t_test
c0329	posthoc_mwu__welch_cohens_d	-3.3763886032268267	effectsize::cohens_d
c0329	posthoc_paired__perfect_diff	11.666666666666666	rstatix::t_test
c0329	posthoc_paired__perfect_p	5.5146345950043198e-11	stats::t.test
c0329	posthoc_paired__perfect_padj	5.5146345950043201e-10	stats::p.adjust
c0329	posthoc_paired__perfect_padj_ptt_undefined	1	stats::pairwise.t.test
c0329	posthoc_paired__perfect_df	18.319455029671932	rstatix::t_test
c0329	posthoc_paired__perfect_t	13.540064007726601	rstatix::t_test
c0329	posthoc_paired__perfect_cohens_d	5.5409163850364056	effectsize::cohens_d
c0329	posthoc_paired__welch_diff	2.6666666666666661	rstatix::t_test
c0329	posthoc_paired__welch_p	0.0450719625885233	stats::t.test
c0329	posthoc_paired__welch_padj	0.050079958431692558	stats::p.adjust
c0329	posthoc_paired__welch_padj_ptt	0.050079958431692558	stats::pairwise.t.test
c0329	posthoc_paired__welch_df	17.028808201623235	rstatix::t_test
c0329	posthoc_paired__welch_t	2.1628085592089219	rstatix::t_test
c0329	posthoc_paired__welch_cohens_d	0.94676213666230169	effectsize::cohens_d
c0329	posthoc_perfect__welch_diff	-9	rstatix::t_test
c0329	posthoc_perfect__welch_p	2.0360745160275309e-06	stats::t.test
c0329	posthoc_perfect__welch_padj	5.0901862900688274e-06	stats::p.adjust
c0329	posthoc_perfect__welch_padj_ptt	5.0901862900688274e-06	stats::pairwise.t.test
c0329	posthoc_perfect__welch_df	12.811764705882359	rstatix::t_test
c0329	posthoc_perfect__welch_t	-8.1408063035996161	rstatix::t_test
c0329	posthoc_perfect__welch_cohens_d	-3.6406792573015077	effectsize::cohens_d
c0330	n	50	base::length
c0330	k	5	base::length
c0330	posthoc_corr__mwu_diff	3.0714285714285712	rstatix::t_test
c0330	posthoc_corr__mwu_ci_low	-2.6908658396045722	rstatix::t_test
c0330	posthoc_corr__mwu_ci_high	8.8337229824617154	rstatix::t_test
c0330	posthoc_corr__mwu_p	0.10225214583785749	stats::t.test
c0330	posthoc_corr__mwu_padj	1	stats::p.adjust
c0330	posthoc_corr__mwu_padj_ptt	0.15639701607947798	stats::pairwise.t.test
c0330	posthoc_corr__mwu_df	16	rstatix::t_test
c0330	posthoc_corr__mwu_t	1.733383113736269	rstatix::t_test
c0330	posthoc_corr__mwu_cohens_d	0.98273585265963326	effectsize::cohens_d
c0330	posthoc_corr__paired_diff	-9.0952380952380949	rstatix::t_test
c0330	posthoc_corr__paired_ci_low	-12.775885527753067	rstatix::t_test
c0330	posthoc_corr__paired_ci_high	-5.4145906627231248	rstatix::t_test
c0330	posthoc_corr__paired_p	7.1085831801030483e-08	stats::t.test
c0330	posthoc_corr__paired_padj	7.1085831801030483e-07	stats::p.adjust
c0330	posthoc_corr__paired_padj_ptt	5.4209809769951353e-07	stats::pairwise.t.test
c0330	posthoc_corr__paired_df	24	rstatix::t_test
c0330	posthoc_corr__paired_t	-7.6369598222923551	rstatix::t_test
c0330	posthoc_corr__paired_cohens_d	-3.0043639277189058	effectsize::cohens_d
c0330	posthoc_corr__perfect_diff	2.5714285714285712	rstatix::t_test
c0330	posthoc_corr__perfect_ci_low	-1.0317464040189583	rstatix::t_test
c0330	posthoc_corr__perfect_ci_high	6.1746035468761011	rstatix::t_test
c0330	posthoc_corr__perfect_p	0.036590940553818382	stats::t.test
c0330	posthoc_corr__perfect_padj	0.36590940553818385	stats::p.adjust
c0330	posthoc_corr__perfect_padj_ptt	0.2153786164407207	stats::pairwise.t.test
c0330	posthoc_corr__perfect_df	22	rstatix::t_test
c0330	posthoc_corr__perfect_t	2.2257685872689743	rstatix::t_test
c0330	posthoc_corr__perfect_cohens_d	0.92155574708424393	effectsize::cohens_d
c0330	posthoc_corr__welch_diff	-6.4285714285714288	rstatix::t_test
c0330	posthoc_corr__welch_ci_low	-10.705081853294409	rstatix::t_test
c0330	posthoc_corr__welch_ci_high	-2.152061003848448	rstatix::t_test
c0330	posthoc_corr__welch_p	0.00011235385191574934	stats::t.test
c0330	posthoc_corr__welch_padj	0.0011235385191574934	stats::p.adjust
c0330	posthoc_corr__welch_padj_ptt	0.0011611549023031844	stats::pairwise.t.test
c0330	posthoc_corr__welch_df	22	rstatix::t_test
c0330	posthoc_corr__welch_t	-4.688304761530115	rstatix::t_test
c0330	posthoc_corr__welch_cohens_d	-1.9411425885796207	effectsize::cohens_d
c0330	posthoc_mwu__paired_diff	-12.166666666666666	rstatix::t_test
c0330	posthoc_mwu__paired_ci_low	-16.571133952154558	rstatix::t_test
c0330	posthoc_mwu__paired_ci_high	-7.7621993811787728	rstatix::t_test
c0330	posthoc_mwu__paired_p	2.6430548268180391e-07	stats::t.test
c0330	posthoc_mwu__paired_padj	2.643054826818039e-06	stats::p.adjust
c0330	posthoc_mwu__paired_padj_ptt_undefined	1	stats::pairwise.t.test
c0330	posthoc_mwu__paired_df	14	rstatix::t_test
c0330	posthoc_mwu__paired_t	-9.1867256191643154	rstatix::t_test
c0330	posthoc_mwu__paired_cohens_d	-5.3039585091957484	effectsize::cohens_d
c0330	posthoc_mwu__perfect_diff	-0.5	rstatix::t_test
c0330	posthoc_mwu__perfect_ci_low	-3.4275916128838735	rstatix::t_test
c0330	posthoc_mwu__perfect_ci_high	2.4275916128838735	rstatix::t_test
c0330	posthoc_mwu__perfect_p	0.56903312490073987	stats::t.test
c0330	posthoc_mwu__perfect_padj	1	stats::p.adjust
c0330	posthoc_mwu__perfect_padj_ptt_undefined	1	stats::pairwise.t.test
c0330	posthoc_mwu__perfect_df	12	rstatix::t_test
c0330	posthoc_mwu__perfect_t	-0.58554004376911994	rstatix::t_test
c0330	posthoc_mwu__perfect_cohens_d	-0.34641016151377541	effectsize::cohens_d
c0330	posthoc_mwu__welch_diff	-9.5	rstatix::t_test
c0330	posthoc_mwu__welch_ci_low	-15.206926675273339	rstatix::t_test
c0330	posthoc_mwu__welch_ci_high	-3.7930733247266617	rstatix::t_test
c0330	posthoc_mwu__welch_p	9.8022261267394131e-05	stats::t.test
c0330	posthoc_mwu__welch_padj	0.00098022261267394131	stats::p.adjust
c0330	posthoc_mwu__welch_padj_ptt	4.1124187385178549e-05	stats::pairwise.t.test
c0330	posthoc_mwu__welch_df	12	rstatix::t_test
c0330	posthoc_mwu__welch_t	-5.707138387268051	rstatix::t_test
c0330	posthoc_mwu__welch_cohens_d	-3.3763886032268267	effectsize::cohens_d
c0330	posthoc_paired__perfect_diff	11.666666666666666	rstatix::t_test
c0330	posthoc_paired__perfect_ci_low	8.8237439931835837	rstatix::t_test
c0330	posthoc_paired__perfect_ci_high	14.509589340149747	rstatix::t_test
c0330	posthoc_paired__perfect_p	3.5423046447006903e-11	stats::t.test
c0330	posthoc_paired__perfect_padj	3.5423046447006905e-10	stats::p.adjust
c0330	posthoc_paired__perfect_padj_ptt_undefined	1	stats::pairwise.t.test
c0330	posthoc_paired__perfect_df	20	rstatix::t_test
c0330	posthoc_paired__perfect_t	12.940792666314373	rstatix::t_test
c0330	posthoc_paired__perfect_cohens_d	5.5409163850364056	effectsize::cohens_d
c0330	posthoc_paired__welch_diff	2.6666666666666661	rstatix::t_test
c0330	posthoc_paired__welch_ci_low	-1.1363454161001845	rstatix::t_test
c0330	posthoc_paired__welch_ci_high	6.4696787494335171	rstatix::t_test
c0330	posthoc_paired__welch_p	0.038834469344275598	stats::t.test
c0330	posthoc_paired__welch_padj	0.38834469344275596	stats::p.adjust
c0330	posthoc_paired__welch_padj_ptt	0.45071962588523301	stats::pairwise.t.test
c0330	posthoc_paired__welch_df	20	rstatix::t_test
c0330	posthoc_paired__welch_t	2.2111599712911278	rstatix::t_test
c0330	posthoc_paired__welch_cohens_d	0.94676213666230169	effectsize::cohens_d
c0330	posthoc_perfect__welch_diff	-9	rstatix::t_test
c0330	posthoc_perfect__welch_ci_low	-12.533945769914242	rstatix::t_test
c0330	posthoc_perfect__welch_ci_high	-5.4660542300857573	rstatix::t_test
c0330	posthoc_perfect__welch_p	1.9098167972416837e-07	stats::t.test
c0330	posthoc_perfect__welch_padj	1.9098167972416837e-06	stats::p.adjust
c0330	posthoc_perfect__welch_padj_ptt	2.0360745160275309e-05	stats::pairwise.t.test
c0330	posthoc_perfect__welch_df	18	rstatix::t_test
c0330	posthoc_perfect__welch_t	-8.1408063035996161	rstatix::t_test
c0330	posthoc_perfect__welch_cohens_d	-3.6406792573015077	effectsize::cohens_d
c0331	n	50	base::length
c0331	k	5	base::length
c0331	posthoc_corr__mwu_diff	3.0714285714285712	rstatix::t_test
c0331	posthoc_corr__mwu_p	0.10225214583785749	stats::t.test
c0331	posthoc_corr__mwu_padj	0.20450429167571499	stats::p.adjust
c0331	posthoc_corr__mwu_padj_ptt	0.062558806431791195	stats::pairwise.t.test
c0331	posthoc_corr__mwu_df	16	rstatix::t_test
c0331	posthoc_corr__mwu_t	1.733383113736269	rstatix::t_test
c0331	posthoc_corr__mwu_cohens_d	0.98273585265963326	effectsize::cohens_d
c0331	posthoc_corr__paired_diff	-9.0952380952380949	rstatix::t_test
c0331	posthoc_corr__paired_p	7.1085831801030483e-08	stats::t.test
c0331	posthoc_corr__paired_padj	6.3977248620927435e-07	stats::p.adjust
c0331	posthoc_corr__paired_padj_ptt	4.8788828792956211e-07	stats::pairwise.t.test
c0331	posthoc_corr__paired_df	24	rstatix::t_test
c0331	posthoc_corr__paired_t	-7.6369598222923551	rstatix::t_test
c0331	posthoc_corr__paired_cohens_d	-3.0043639277189058	effectsize::cohens_d
c0331	posthoc_corr__perfect_diff	2.5714285714285712	rstatix::t_test
c0331	posthoc_corr__perfect_p	0.036590940553818382	stats::t.test
c0331	posthoc_corr__perfect_padj	0.14636376221527353	stats::p.adjust
c0331	posthoc_corr__perfect_padj_ptt	0.064613584932216223	stats::pairwise.t.test
c0331	posthoc_corr__perfect_df	22	rstatix::t_test
c0331	posthoc_corr__perfect_t	2.2257685872689743	rstatix::t_test
c0331	posthoc_corr__perfect_cohens_d	0.92155574708424393	effectsize::cohens_d
c0331	posthoc_corr__welch_diff	-6.4285714285714288	rstatix::t_test
c0331	posthoc_corr__welch_p	0.00011235385191574934	stats::t.test
c0331	posthoc_corr__welch_padj	0.00058813356760436478	stats::p.adjust
c0331	posthoc_corr__welch_padj_ptt	0.00058057745115159219	stats::pairwise.t.test
c0331	posthoc_corr__welch_df	22	rstatix::t_test
c0331	posthoc_corr__welch_t	-4.688304761530115	rstatix::t_test
c0331	posthoc_corr__welch_cohens_d	-1.9411425885796207	effectsize::cohens_d
c0331	posthoc_mwu__paired_diff	-12.166666666666666	rstatix::t_test
c0331	posthoc_mwu__paired_p	2.6430548268180391e-07	stats::t.test
c0331	posthoc_mwu__paired_padj	1.8501383787726274e-06	stats::p.adjust
c0331	posthoc_mwu__paired_padj_ptt_undefined	1	stats::pairwise.t.test
c0331	posthoc_mwu__paired_df	14	rstatix::t_test
c0331	posthoc_mwu__paired_t	-9.1867256191643154	rstatix::t_test
c0331	posthoc_mwu__paired_cohens_d	-5.3039585091957484	effectsize::cohens_d
c0331	posthoc_mwu__perfect_diff	-0.5	rstatix::t_test
c0331	posthoc_mwu__perfect_p	0.56903312490073987	stats::t.test
c0331	posthoc_mwu__perfect_padj	0.56903312490073987	stats::p.adjust
c0331	posthoc_mwu__perfect_padj_ptt_undefined	1	stats::pairwise.t.test
c0331	posthoc_mwu__perfect_df	12	rstatix::t_test
c0331	posthoc_mwu__perfect_t	-0.58554004376911994	rstatix::t_test
c0331	posthoc_mwu__perfect_cohens_d	-0.34641016151377541	effectsize::cohens_d
c0331	posthoc_mwu__welch_diff	-9.5	rstatix::t_test
c0331	posthoc_mwu__welch_p	9.8022261267394131e-05	stats::t.test
c0331	posthoc_mwu__welch_padj	0.00058813356760436478	stats::p.adjust
c0331	posthoc_mwu__welch_padj_ptt	2.4674512431107127e-05	stats::pairwise.t.test
c0331	posthoc_mwu__welch_df	12	rstatix::t_test
c0331	posthoc_mwu__welch_t	-5.707138387268051	rstatix::t_test
c0331	posthoc_mwu__welch_cohens_d	-3.3763886032268267	effectsize::cohens_d
c0331	posthoc_paired__perfect_diff	11.666666666666666	rstatix::t_test
c0331	posthoc_paired__perfect_p	3.5423046447006903e-11	stats::t.test
c0331	posthoc_paired__perfect_padj	3.5423046447006905e-10	stats::p.adjust
c0331	posthoc_paired__perfect_padj_ptt_undefined	1	stats::pairwise.t.test
c0331	posthoc_paired__perfect_df	20	rstatix::t_test
c0331	posthoc_paired__perfect_t	12.940792666314373	rstatix::t_test
c0331	posthoc_paired__perfect_cohens_d	5.5409163850364056	effectsize::cohens_d
c0331	posthoc_paired__welch_diff	2.6666666666666661	rstatix::t_test
c0331	posthoc_paired__welch_p	0.038834469344275598	stats::t.test
c0331	posthoc_paired__welch_padj	0.14636376221527353	stats::p.adjust
c0331	posthoc_paired__welch_padj_ptt	0.090143925177046599	stats::pairwise.t.test
c0331	posthoc_paired__welch_df	20	rstatix::t_test
c0331	posthoc_paired__welch_t	2.2111599712911278	rstatix::t_test
c0331	posthoc_paired__welch_cohens_d	0.94676213666230169	effectsize::cohens_d
c0331	posthoc_perfect__welch_diff	-9	rstatix::t_test
c0331	posthoc_perfect__welch_p	1.9098167972416837e-07	stats::t.test
c0331	posthoc_perfect__welch_padj	1.5278534377933469e-06	stats::p.adjust
c0331	posthoc_perfect__welch_padj_ptt	1.4252521612192716e-05	stats::pairwise.t.test
c0331	posthoc_perfect__welch_df	18	rstatix::t_test
c0331	posthoc_perfect__welch_t	-8.1408063035996161	rstatix::t_test
c0331	posthoc_perfect__welch_cohens_d	-3.6406792573015077	effectsize::cohens_d
c0332	n	50	base::length
c0332	k	5	base::length
c0332	posthoc_corr__mwu_diff	3.0714285714285712	rstatix::t_test
c0332	posthoc_corr__mwu_p	0.10225214583785749	stats::t.test
c0332	posthoc_corr__mwu_padj	0.11361349537539722	stats::p.adjust
c0332	posthoc_corr__mwu_padj_ptt	0.022342430868496854	stats::pairwise.t.test
c0332	posthoc_corr__mwu_df	16	rstatix::t_test
c0332	posthoc_corr__mwu_t	1.733383113736269	rstatix::t_test
c0332	posthoc_corr__mwu_cohens_d	0.98273585265963326	effectsize::cohens_d
c0332	posthoc_corr__paired_diff	-9.0952380952380949	rstatix::t_test
c0332	posthoc_corr__paired_p	7.1085831801030483e-08	stats::t.test
c0332	posthoc_corr__paired_padj	3.5542915900515242e-07	stats::p.adjust
c0332	posthoc_corr__paired_padj_ptt	2.7104904884975676e-07	stats::pairwise.t.test
c0332	posthoc_corr__paired_df	24	rstatix::t_test
c0332	posthoc_corr__paired_t	-7.6369598222923551	rstatix::t_test
c0332	posthoc_corr__paired_cohens_d	-3.0043639277189058	effectsize::cohens_d
c0332	posthoc_corr__perfect_diff	2.5714285714285712	rstatix::t_test
c0332	posthoc_corr__perfect_p	0.036590940553818382	stats::t.test
c0332	posthoc_corr__perfect_padj	0.048543086680344495	stats::p.adjust
c0332	posthoc_corr__perfect_padj_ptt	0.026922327055090088	stats::pairwise.t.test
c0332	posthoc_corr__perfect_df	22	rstatix::t_test
c0332	posthoc_corr__perfect_t	2.2257685872689743	rstatix::t_test
c0332	posthoc_corr__perfect_cohens_d	0.92155574708424393	effectsize::cohens_d
c0332	posthoc_corr__welch_diff	-6.4285714285714288	rstatix::t_test
c0332	posthoc_corr__welch_p	0.00011235385191574934	stats::t.test
c0332	posthoc_corr__welch_padj	0.00018725641985958225	stats::p.adjust
c0332	posthoc_corr__welch_padj_ptt	0.00019352581705053075	stats::pairwise.t.test
c0332	posthoc_corr__welch_df	22	rstatix::t_test
c0332	posthoc_corr__welch_t	-4.688304761530115	rstatix::t_test
c0332	posthoc_corr__welch_cohens_d	-1.9411425885796207	effectsize::cohens_d
c0332	posthoc_mwu__paired_diff	-12.166666666666666	rstatix::t_test
c0332	posthoc_mwu__paired_p	2.6430548268180391e-07	stats::t.test
c0332	posthoc_mwu__paired_padj	6.6076370670450975e-07	stats::p.adjust
c0332	posthoc_mwu__paired_padj_ptt_undefined	1	stats::pairwise.t.test
c0332	posthoc_mwu__paired_df	14	rstatix::t_test
c0332	posthoc_mwu__paired_t	-9.1867256191643154	rstatix::t_test
c0332	posthoc_mwu__paired_cohens_d	-5.3039585091957484	effectsize::cohens_d
c0332	posthoc_mwu__perfect_diff	-0.5	rstatix::t_test
c0332	posthoc_mwu__perfect_p	0.56903312490073987	stats::t.test
c0332	posthoc_mwu__perfect_padj	0.56903312490073987	stats::p.adjust
c0332	posthoc_mwu__perfect_padj_ptt_undefined	1	stats::pairwise.t.test
c0332	posthoc_mwu__perfect_df	12	rstatix::t_test
c0332	posthoc_mwu__perfect_t	-0.58554004376911994	rstatix::t_test
c0332	posthoc_mwu__perfect_cohens_d	-0.34641016151377541	effectsize::cohens_d
c0332	posthoc_mwu__welch_diff	-9.5	rstatix::t_test
c0332	posthoc_mwu__welch_p	9.8022261267394131e-05	stats::t.test
c0332	posthoc_mwu__welch_padj	0.00018725641985958225	stats::p.adjust
c0332	posthoc_mwu__welch_padj_ptt	8.2248374770357091e-06	stats::pairwise.t.test
c0332	posthoc_mwu__welch_df	12	rstatix::t_test
c0332	posthoc_mwu__welch_t	-5.707138387268051	rstatix::t_test
c0332	posthoc_mwu__welch_cohens_d	-3.3763886032268267	effectsize::cohens_d
c0332	posthoc_paired__perfect_diff	11.666666666666666	rstatix::t_test
c0332	posthoc_paired__perfect_p	3.5423046447006903e-11	stats::t.test
c0332	posthoc_paired__perfect_padj	3.5423046447006905e-10	stats::p.adjust
c0332	posthoc_paired__perfect_padj_ptt_undefined	1	stats::pairwise.t.test
c0332	posthoc_paired__perfect_df	20	rstatix::t_test
c0332	posthoc_paired__perfect_t	12.940792666314373	rstatix::t_test
c0332	posthoc_paired__perfect_cohens_d	5.5409163850364056	effectsize::cohens_d
c0332	posthoc_paired__welch_diff	2.6666666666666661	rstatix::t_test
c0332	posthoc_paired__welch_p	0.038834469344275598	stats::t.test
c0332	posthoc_paired__welch_padj	0.048543086680344495	stats::p.adjust
c0332	posthoc_paired__welch_padj_ptt	0.050079958431692558	stats::pairwise.t.test
c0332	posthoc_paired__welch_df	20	rstatix::t_test
c0332	posthoc_paired__welch_t	2.2111599712911278	rstatix::t_test
c0332	posthoc_paired__welch_cohens_d	0.94676213666230169	effectsize::cohens_d
c0332	posthoc_perfect__welch_diff	-9	rstatix::t_test
c0332	posthoc_perfect__welch_p	1.9098167972416837e-07	stats::t.test
c0332	posthoc_perfect__welch_padj	6.3660559908056125e-07	stats::p.adjust
c0332	posthoc_perfect__welch_padj_ptt	5.0901862900688274e-06	stats::pairwise.t.test
c0332	posthoc_perfect__welch_df	18	rstatix::t_test
c0332	posthoc_perfect__welch_t	-8.1408063035996161	rstatix::t_test
c0332	posthoc_perfect__welch_cohens_d	-3.6406792573015077	effectsize::cohens_d
c0333	n	50	base::length
c0333	k	5	base::length
c0333	posthoc_corr__mwu_diff	2.6500000000000004	stats::median
c0333	posthoc_corr__mwu_diff_wilcoxest	2.5365342170093239	rstatix::wilcox_test
c0333	posthoc_corr__mwu_ci_low	-2.0000529351489345	rstatix::wilcox_test
c0333	posthoc_corr__mwu_ci_high	10.400026370772753	rstatix::wilcox_test
c0333	posthoc_corr__mwu_p	0.07910396160248595	stats::wilcox.test
c0333	posthoc_corr__mwu_padj	0.7910396160248595	stats::p.adjust
c0333	posthoc_corr__mwu_u	45	stats::wilcox.test
c0333	posthoc_corr__mwu_rank_biserial	0.60714285714285721	effectsize::rank_biserial
c0333	posthoc_corr__paired_diff	-9.3999999999999986	stats::median
c0333	posthoc_corr__paired_diff_wilcoxest	-9.2570166579641029	rstatix::wilcox_test
c0333	posthoc_corr__paired_ci_low	-13.00002460569673	rstatix::wilcox_test
c0333	posthoc_corr__paired_ci_high	-5.0000578175676296	rstatix::wilcox_test
c0333	posthoc_corr__paired_p	4.2926282911542346e-05	stats::wilcox.test
c0333	posthoc_corr__paired_padj	0.00042926282911542348	stats::p.adjust
c0333	posthoc_corr__paired_u	4	stats::wilcox.test
c0333	posthoc_corr__paired_rank_biserial	-0.95238095238095233	effectsize::rank_biserial
c0333	posthoc_corr__perfect_diff	2	stats::median
c0333	posthoc_corr__perfect_diff_wilcoxest	2.0000265013684415	rstatix::wilcox_test
c0333	posthoc_corr__perfect_ci_low	-1.0000128732547524	rstatix::wilcox_test
c0333	posthoc_corr__perfect_ci_high	6.7999943855689029	rstatix::wilcox_test
c0333	posthoc_corr__perfect_p	0.055961745324908024	stats::wilcox.test
c0333	posthoc_corr__perfect_padj	0.5596174532490803	stats::p.adjust
c0333	posthoc_corr__perfect_u	103	stats::wilcox.test
c0333	posthoc_corr__perfect_rank_biserial	0.47142857142857147	effectsize::rank_biserial
c0333	posthoc_corr__welch_diff	-6.4000000000000004	stats::median
c0333	posthoc_corr__welch_diff_wilcoxest	-6.4000000000000004	rstatix::wilcox_test
c0333	posthoc_corr__welch_ci_low	-10.999965325789304	rstatix::wilcox_test
c0333	posthoc_corr__welch_ci_high	-1.8000000043153981	rstatix::wilcox_test
c0333	posthoc_corr__welch_p	0.00093382477296749663	stats::wilcox.test
c0333	posthoc_corr__welch_padj	0.0093382477296749672	stats::p.adjust
c0333	posthoc_corr__welch_u	13	stats::wilcox.test
c0333	posthoc_corr__welch_rank_biserial	-0.81428571428571428	effectsize::rank_biserial
c0333	posthoc_mwu__paired_diff	-12	stats::median
c0333	posthoc_mwu__paired_diff_wilcoxest	-11.999980062435464	rstatix::wilcox_test
c0333	posthoc_mwu__paired_ci_low	-18	rstatix::wilcox_test
c0333	posthoc_mwu__paired_ci_high	-7	rstatix::wilcox_test
c0333	posthoc_mwu__paired_p	0.0042887897656194961	stats::wilcox.test
c0333	posthoc_mwu__paired_padj	0.042887897656194961	stats::p.adjust
c0333	posthoc_mwu__paired_u	0	stats::wilcox.test
c0333	posthoc_mwu__paired_rank_biserial	-1	effectsize::rank_biserial
c0333	posthoc_mwu__perfect_diff	-0.5	stats::median
c0333	posthoc_mwu__perfect_diff_wilcoxest	-0.5	rstatix::wilcox_test
c0333	posthoc_mwu__perfect_ci_low	-4	rstatix::wilcox_test
c0333	posthoc_mwu__perfect_ci_high	3	rstatix::wilcox_test
c0333	posthoc_mwu__perfect_p	0.61391780317052413	stats::wilcox.test
c0333	posthoc_mwu__perfect_padj	1	stats::p.adjust
c0333	posthoc_mwu__perfect_u	16	stats::wilcox.test
c0333	posthoc_mwu__perfect_rank_biserial	-0.19999999999999996	effectsize::rank_biserial
c0333	posthoc_mwu__welch_diff	-9	stats::median
c0333	posthoc_mwu__welch_diff_wilcoxest	-8.9999344749698924	rstatix::wilcox_test
c0333	posthoc_mwu__welch_ci_low	-17	rstatix::wilcox_test
c0333	posthoc_mwu__welch_ci_high	-4	rstatix::wilcox_test
c0333	posthoc_mwu__welch_p	0.0057132998345256055	stats::wilcox.test
c0333	posthoc_mwu__welch_padj	0.057132998345256057	stats::p.adjust
c0333	posthoc_mwu__welch_u	0	stats::wilcox.test
c0333	posthoc_mwu__welch_rank_biserial	-1	effectsize::rank_biserial
c0333	posthoc_paired__perfect_diff	11.5	stats::median
c0333	posthoc_paired__perfect_diff_wilcoxest	11.273285264682787	rstatix::wilcox_test
c0333	posthoc_paired__perfect_ci_low	8.999969342579206	rstatix::wilcox_test
c0333	posthoc_paired__perfect_ci_high	14.999938167740861	rstatix::wilcox_test
c0333	posthoc_paired__perfect_p	8.41701720150958e-05	stats::wilcox.test
c0333	posthoc_paired__perfect_padj	0.000841701720150958	stats::p.adjust
c0333	posthoc_paired__perfect_u	120	stats::wilcox.test
c0333	posthoc_paired__perfect_rank_biserial	1	effectsize::rank_biserial
c0333	posthoc_paired__welch_diff	3	stats::median
c0333	posthoc_paired__welch_diff_wilcoxest	2.9999362481375975	rstatix::wilcox_test
c0333	posthoc_paired__welch_ci_low	-1.9999613554674149	rstatix::wilcox_test
c0333	posthoc_paired__welch_ci_high	6.9999589999844067	rstatix::wilcox_test
c0333	posthoc_paired__welch_p	0.039866127139188294	stats::wilcox.test
c0333	posthoc_paired__welch_padj	0.39866127139188295	stats::p.adjust
c0333	posthoc_paired__welch_u	91.5	stats::wilcox.test
c0333	posthoc_paired__welch_rank_biserial	0.52499999999999991	effectsize::rank_biserial
c0333	posthoc_perfect__welch_diff	-8.5	stats::median
c0333	posthoc_perfect__welch_diff_wilcoxest	-8.2714824003658798	rstatix::wilcox_test
c0333	posthoc_perfect__welch_ci_low	-13.000077447537855	rstatix::wilcox_test
c0333	posthoc_perfect__welch_ci_high	-5.0000619284972627	rstatix::wilcox_test
c0333	posthoc_perfect__welch_p	0.0001756155310459087	stats::wilcox.test
c0333	posthoc_perfect__welch_padj	0.001756155310459087	stats::p.adjust
c0333	posthoc_perfect__welch_u	0	stats::wilcox.test
c0333	posthoc_perfect__welch_rank_biserial	-1	effectsize::rank_biserial
c0334	n	50	base::length
c0334	k	5	base::length
c0334	posthoc_corr__mwu_diff	2.6500000000000004	stats::median
c0334	posthoc_corr__mwu_diff_wilcoxest	2.5365342170093239	rstatix::wilcox_test
c0334	posthoc_corr__mwu_p	0.07910396160248595	stats::wilcox.test
c0334	posthoc_corr__mwu_padj	0.16788523597472407	stats::p.adjust
c0334	posthoc_corr__mwu_u	45	stats::wilcox.test
c0334	posthoc_corr__mwu_rank_biserial	0.60714285714285721	effectsize::rank_biserial
c0334	posthoc_corr__paired_diff	-9.3999999999999986	stats::median
c0334	posthoc_corr__paired_diff_wilcoxest	-9.2570166579641029	rstatix::wilcox_test
c0334	posthoc_corr__paired_p	4.2926282911542346e-05	stats::wilcox.test
c0334	posthoc_corr__paired_padj	0.00042926282911542348	stats::p.adjust
c0334	posthoc_corr__paired_u	4	stats::wilcox.test
c0334	posthoc_corr__paired_rank_biserial	-0.95238095238095233	effectsize::rank_biserial
c0334	posthoc_corr__perfect_diff	2	stats::median
c0334	posthoc_corr__perfect_diff_wilcoxest	2.0000265013684415	rstatix::wilcox_test
c0334	posthoc_corr__perfect_p	0.055961745324908024	stats::wilcox.test
c0334	posthoc_corr__perfect_padj	0.16788523597472407	stats::p.adjust
c0334	posthoc_corr__perfect_u	103	stats::wilcox.test
c0334	posthoc_corr__perfect_rank_biserial	0.47142857142857147	effectsize::rank_biserial
c0334	posthoc_corr__welch_diff	-6.4000000000000004	stats::median
c0334	posthoc_corr__welch_diff_wilcoxest	-6.4000000000000004	rstatix::wilcox_test
c0334	posthoc_corr__welch_p	0.00093382477296749663	stats::wilcox.test
c0334	posthoc_corr__welch_padj	0.006536773410772476	stats::p.adjust
c0334	posthoc_corr__welch_u	13	stats::wilcox.test
c0334	posthoc_corr__welch_rank_biserial	-0.81428571428571428	effectsize::rank_biserial
c0334	posthoc_mwu__paired_diff	-12	stats::median
c0334	posthoc_mwu__paired_diff_wilcoxest	-11.999980062435464	rstatix::wilcox_test
c0334	posthoc_mwu__paired_p	0.0042887897656194961	stats::wilcox.test
c0334	posthoc_mwu__paired_padj	0.025732738593716976	stats::p.adjust
c0334	posthoc_mwu__paired_u	0	stats::wilcox.test
c0334	posthoc_mwu__paired_rank_biserial	-1	effectsize::rank_biserial
c0334	posthoc_mwu__perfect_diff	-0.5	stats::median
c0334	posthoc_mwu__perfect_diff_wilcoxest	-0.5	rstatix::wilcox_test
c0334	posthoc_mwu__perfect_p	0.61391780317052413	stats::wilcox.test
c0334	posthoc_mwu__perfect_padj	0.61391780317052413	stats::p.adjust
c0334	posthoc_mwu__perfect_u	16	stats::wilcox.test
c0334	posthoc_mwu__perfect_rank_biserial	-0.19999999999999996	effectsize::rank_biserial
c0334	posthoc_mwu__welch_diff	-9	stats::median
c0334	posthoc_mwu__welch_diff_wilcoxest	-8.9999344749698924	rstatix::wilcox_test
c0334	posthoc_mwu__welch_p	0.0057132998345256055	stats::wilcox.test
c0334	posthoc_mwu__welch_padj	0.028566499172628029	stats::p.adjust
c0334	posthoc_mwu__welch_u	0	stats::wilcox.test
c0334	posthoc_mwu__welch_rank_biserial	-1	effectsize::rank_biserial
c0334	posthoc_paired__perfect_diff	11.5	stats::median
c0334	posthoc_paired__perfect_diff_wilcoxest	11.273285264682787	rstatix::wilcox_test
c0334	posthoc_paired__perfect_p	8.41701720150958e-05	stats::wilcox.test
c0334	posthoc_paired__perfect_padj	0.0007575315481358622	stats::p.adjust
c0334	posthoc_paired__perfect_u	120	stats::wilcox.test
c0334	posthoc_paired__perfect_rank_biserial	1	effectsize::rank_biserial
c0334	posthoc_paired__welch_diff	3	stats::median
c0334	posthoc_paired__welch_diff_wilcoxest	2.9999362481375975	rstatix::wilcox_test
c0334	posthoc_paired__welch_p	0.039866127139188294	stats::wilcox.test
c0334	posthoc_paired__welch_padj	0.15946450855675318	stats::p.adjust
c0334	posthoc_paired__welch_u	91.5	stats::wilcox.test
c0334	posthoc_paired__welch_rank_biserial	0.52499999999999991	effectsize::rank_biserial
c0334	posthoc_perfect__welch_diff	-8.5	stats::median
c0334	posthoc_perfect__welch_diff_wilcoxest	-8.2714824003658798	rstatix::wilcox_test
c0334	posthoc_perfect__welch_p	0.0001756155310459087	stats::wilcox.test
c0334	posthoc_perfect__welch_padj	0.0014049242483672696	stats::p.adjust
c0334	posthoc_perfect__welch_u	0	stats::wilcox.test
c0334	posthoc_perfect__welch_rank_biserial	-1	effectsize::rank_biserial
c0335	n	50	base::length
c0335	k	5	base::length
c0335	posthoc_corr__mwu_diff	2.6500000000000004	stats::median
c0335	posthoc_corr__mwu_diff_wilcoxest	2.5365342170093239	rstatix::wilcox_test
c0335	posthoc_corr__mwu_p	0.07910396160248595	stats::wilcox.test
c0335	posthoc_corr__mwu_padj	0.087893290669428845	stats::p.adjust
c0335	posthoc_corr__mwu_u	45	stats::wilcox.test
c0335	posthoc_corr__mwu_rank_biserial	0.60714285714285721	effectsize::rank_biserial
c0335	posthoc_corr__paired_diff	-9.3999999999999986	stats::median
c0335	posthoc_corr__paired_diff_wilcoxest	-9.2570166579641029	rstatix::wilcox_test
c0335	posthoc_corr__paired_p	4.2926282911542346e-05	stats::wilcox.test
c0335	posthoc_corr__paired_padj	0.000420850860075479	stats::p.adjust
c0335	posthoc_corr__paired_u	4	stats::wilcox.test
c0335	posthoc_corr__paired_rank_biserial	-0.95238095238095233	effectsize::rank_biserial
c0335	posthoc_corr__perfect_diff	2	stats::median
c0335	posthoc_corr__perfect_diff_wilcoxest	2.0000265013684415	rstatix::wilcox_test
c0335	posthoc_corr__perfect_p	0.055961745324908024	stats::wilcox.test
c0335	posthoc_corr__perfect_padj	0.069952181656135037	stats::p.adjust
c0335	posthoc_corr__perfect_u	103	stats::wilcox.test
c0335	posthoc_corr__perfect_rank_biserial	0.47142857142857147	effectsize::rank_biserial
c0335	posthoc_corr__welch_diff	-6.4000000000000004	stats::median
c0335	posthoc_corr__welch_diff_wilcoxest	-6.4000000000000004	rstatix::wilcox_test
c0335	posthoc_corr__welch_p	0.00093382477296749663	stats::wilcox.test
c0335	posthoc_corr__welch_padj	0.0023345619324187418	stats::p.adjust
c0335	posthoc_corr__welch_u	13	stats::wilcox.test
c0335	posthoc_corr__welch_rank_biserial	-0.81428571428571428	effectsize::rank_biserial
c0335	posthoc_mwu__paired_diff	-12	stats::median
c0335	posthoc_mwu__paired_diff_wilcoxest	-11.999980062435464	rstatix::wilcox_test
c0335	posthoc_mwu__paired_p	0.0042887897656194961	stats::wilcox.test
c0335	posthoc_mwu__paired_padj	0.0085775795312389921	stats::p.adjust
c0335	posthoc_mwu__paired_u	0	stats::wilcox.test
c0335	posthoc_mwu__paired_rank_biserial	-1	effectsize::rank_biserial
c0335	posthoc_mwu__perfect_diff	-0.5	stats::median
c0335	posthoc_mwu__perfect_diff_wilcoxest	-0.5	rstatix::wilcox_test
c0335	posthoc_mwu__perfect_p	0.61391780317052413	stats::wilcox.test
c0335	posthoc_mwu__perfect_padj	0.61391780317052413	stats::p.adjust
c0335	posthoc_mwu__perfect_u	16	stats::wilcox.test
c0335	posthoc_mwu__perfect_rank_biserial	-0.19999999999999996	effectsize::rank_biserial
c0335	posthoc_mwu__welch_diff	-9	stats::median
c0335	posthoc_mwu__welch_diff_wilcoxest	-8.9999344749698924	rstatix::wilcox_test
c0335	posthoc_mwu__welch_p	0.0057132998345256055	stats::wilcox.test
c0335	posthoc_mwu__welch_padj	0.009522166390876009	stats::p.adjust
c0335	posthoc_mwu__welch_u	0	stats::wilcox.test
c0335	posthoc_mwu__welch_rank_biserial	-1	effectsize::rank_biserial
c0335	posthoc_paired__perfect_diff	11.5	stats::median
c0335	posthoc_paired__perfect_diff_wilcoxest	11.273285264682787	rstatix::wilcox_test
c0335	posthoc_paired__perfect_p	8.41701720150958e-05	stats::wilcox.test
c0335	posthoc_paired__perfect_padj	0.000420850860075479	stats::p.adjust
c0335	posthoc_paired__perfect_u	120	stats::wilcox.test
c0335	posthoc_paired__perfect_rank_biserial	1	effectsize::rank_biserial
c0335	posthoc_paired__welch_diff	3	stats::median
c0335	posthoc_paired__welch_diff_wilcoxest	2.9999362481375975	rstatix::wilcox_test
c0335	posthoc_paired__welch_p	0.039866127139188294	stats::wilcox.test
c0335	posthoc_paired__welch_padj	0.056951610198840423	stats::p.adjust
c0335	posthoc_paired__welch_u	91.5	stats::wilcox.test
c0335	posthoc_paired__welch_rank_biserial	0.52499999999999991	effectsize::rank_biserial
c0335	posthoc_perfect__welch_diff	-8.5	stats::median
c0335	posthoc_perfect__welch_diff_wilcoxest	-8.2714824003658798	rstatix::wilcox_test
c0335	posthoc_perfect__welch_p	0.0001756155310459087	stats::wilcox.test
c0335	posthoc_perfect__welch_padj	0.00058538510348636239	stats::p.adjust
c0335	posthoc_perfect__welch_u	0	stats::wilcox.test
c0335	posthoc_perfect__welch_rank_biserial	-1	effectsize::rank_biserial
c0336	n	50	base::length
c0336	k	5	base::length
c0336	posthoc_corr__mwu_diff	3.0714285714285712	stats::mean
c0336	posthoc_corr__mwu_f	0.98573938806322381	stats::pf
c0336	posthoc_corr__mwu_padj	0.42497935204685366	stats::pf
c0336	posthoc_corr__mwu_ci_low	-1.8963596615396057	stats::qf
c0336	posthoc_corr__mwu_ci_high	8.039216804396748	stats::qf
c0336	posthoc_corr__paired_diff	-9.0952380952380949	stats::mean
c0336	posthoc_corr__paired_f	17.952702225369787	stats::pf
c0336	posthoc_corr__paired_padj	7.0813670248781089e-09	stats::pf
c0336	posthoc_corr__paired_ci_low	-12.542330047610692	stats::qf
c0336	posthoc_corr__paired_ci_high	-5.6481461428654978	stats::qf
c0336	posthoc_corr__perfect_diff	2.5714285714285712	stats::mean
c0336	posthoc_corr__perfect_f	1.2954822677088338	stats::pf
c0336	posthoc_corr__perfect_padj	0.28612156970413155	stats::pf
c0336	posthoc_corr__perfect_ci_low	-1.0565309967119618	stats::qf
c0336	posthoc_corr__perfect_ci_high	6.1993881395691037	stats::qf
c0336	posthoc_corr__welch_diff	-6.4285714285714288	stats::mean
c0336	posthoc_corr__welch_f	8.0967641731802136	stats::pf
c0336	posthoc_corr__welch_padj	5.2476214614961304e-05	stats::pf
c0336	posthoc_corr__welch_ci_low	-10.056530996711961	stats::qf
c0336	posthoc_corr__welch_ci_high	-2.8006118604308958	stats::qf
c0336	posthoc_mwu__paired_diff	-12.166666666666666	stats::mean
c0336	posthoc_mwu__paired_f	14.91523920751316	stats::pf
c0336	posthoc_mwu__paired_padj	7.8130278364445178e-08	stats::pf
c0336	posthoc_mwu__paired_ci_low	-17.225614580908353	stats::qf
c0336	posthoc_mwu__paired_ci_high	-7.1077187524249803	stats::qf
c0336	posthoc_mwu__perfect_diff	-0.5	stats::mean
c0336	posthoc_mwu__perfect_f	0.023990412364978408	stats::pf
c0336	posthoc_mwu__perfect_padj	0.99883879455030877	stats::pf
c0336	posthoc_mwu__perfect_ci_low	-5.6838790204788552	stats::qf
c0336	posthoc_mwu__perfect_ci_high	4.6838790204788552	stats::qf
c0336	posthoc_mwu__welch_diff	-9.5	stats::mean
c0336	posthoc_mwu__welch_f	8.6605388637572052	stats::pf
c0336	posthoc_mwu__welch_padj	2.8474750524408537e-05	stats::pf
c0336	posthoc_mwu__welch_ci_low	-14.683879020478855	stats::qf
c0336	posthoc_mwu__welch_ci_high	-4.3161209795211448	stats::qf
c0336	posthoc_paired__perfect_diff	11.666666666666666	stats::mean
c0336	posthoc_paired__perfect_f	24.935489215719979	stats::pf
c0336	posthoc_paired__perfect_padj	6.3316476114211298e-11	stats::pf
c0336	posthoc_paired__perfect_ci_low	7.9148504798771704	stats::qf
c0336	posthoc_paired__perfect_ci_high	15.418482853456162	stats::qf
c0336	posthoc_paired__welch_diff	2.6666666666666661	stats::mean
c0336	posthoc_paired__welch_f	1.3027520896376144	stats::pf
c0336	posthoc_paired__welch_padj	0.28340930310131307	stats::pf
c0336	posthoc_paired__welch_ci_low	-1.0851495201228292	stats::qf
c0336	posthoc_paired__welch_ci_high	6.4184828534561618	stats::qf
c0336	posthoc_perfect__welch_diff	-9	stats::mean
c0336	posthoc_perfect__welch_f	13.602563810942756	stats::pf
c0336	posthoc_perfect__welch_padj	2.3956249725057375e-07	stats::pf
c0336	posthoc_perfect__welch_ci_low	-12.91864420423776	stats::qf
c0336	posthoc_perfect__welch_ci_high	-5.0813557957622404	stats::qf
c0337	n	50	base::length
c0337	k	4	base::length
c0337	posthoc_a__b_diff	-2.615384615384615	rstatix::t_test
c0337	posthoc_a__b_ci_low	-8.1103451253123602	rstatix::t_test
c0337	posthoc_a__b_ci_high	2.8795758945431311	rstatix::t_test
c0337	posthoc_a__b_p	0.18244486466411425	stats::t.test
c0337	posthoc_a__b_padj	1	stats::p.adjust
c0337	posthoc_a__b_padj_ptt	1	stats::pairwise.t.test
c0337	posthoc_a__b_df	22.72385578138368	rstatix::t_test
c0337	posthoc_a__b_t	-1.3753052069726746	rstatix::t_test
c0337	posthoc_a__b_cohens_d	-0.53943908365380244	effectsize::cohens_d
c0337	posthoc_a__x_diff	6.8782051282051277	rstatix::t_test
c0337	posthoc_a__x_ci_low	3.0010614241341123	rstatix::t_test
c0337	posthoc_a__x_ci_high	10.755348832276143	rstatix::t_test
c0337	posthoc_a__x_p	5.9156948672537967e-05	stats::t.test
c0337	posthoc_a__x_padj	0.00035494169203522779	stats::p.adjust
c0337	posthoc_a__x_padj_ptt	0.00035494169203522779	stats::pairwise.t.test
c0337	posthoc_a__x_df	17.058483241694532	rstatix::t_test
c0337	posthoc_a__x_t	5.2914606319450694	rstatix::t_test
c0337	posthoc_a__x_cohens_d	2.0610761375286857	effectsize::cohens_d
c0337	posthoc_a__y_diff	5.0448717948717947	rstatix::t_test
c0337	posthoc_a__y_ci_low	0.47370311571253076	rstatix::t_test
c0337	posthoc_a__y_ci_high	9.6160404740310597	rstatix::t_test
c0337	posthoc_a__y_p	0.0041218347403440755	stats::t.test
c0337	posthoc_a__y_padj	0.024731008442064453	stats::p.adjust
c0337	posthoc_a__y_padj_ptt	0.024731008442064453	stats::pairwise.t.test
c0337	posthoc_a__y_df	22.924631760378134	rstatix::t_test
c0337	posthoc_a__y_t	3.1863390843246031	rstatix::t_test
c0337	posthoc_a__y_cohens_d	1.2681158310780509	effectsize::cohens_d
c0337	posthoc_b__x_diff	9.4935897435897427	rstatix::t_test
c0337	posthoc_b__x_ci_low	4.6593903113833273	rstatix::t_test
c0337	posthoc_b__x_ci_high	14.327789175796157	rstatix::t_test
c0337	posthoc_b__x_p	2.4992676528655461e-05	stats::t.test
c0337	posthoc_b__x_padj	0.00014995605917193276	stats::p.adjust
c0337	posthoc_b__x_padj_ptt_undefined	1	stats::pairwise.t.test
c0337	posthoc_b__x_df	15.237297263135019	rstatix::t_test
c0337	posthoc_b__x_t	5.9490124752343423	rstatix::t_test
c0337	posthoc_b__x_cohens_d	2.3059576224150793	effectsize::cohens_d
c0337	posthoc_b__y_diff	7.6602564102564097	rstatix::t_test
c0337	posthoc_b__y_ci_low	2.3258534232356447	rstatix::t_test
c0337	posthoc_b__y_ci_high	12.994659397277177	rstatix::t_test
c0337	posthoc_b__y_p	0.00041679178292837839	stats::t.test
c0337	posthoc_b__y_padj	0.0025007506975702701	stats::p.adjust
c0337	posthoc_b__y_padj_ptt	0.0025007506975702701	stats::pairwise.t.test
c0337	posthoc_b__y_df	21.253551462302216	rstatix::t_test
c0337	posthoc_b__y_t	4.1766623092754367	rstatix::t_test
c0337	posthoc_b__y_cohens_d	1.6467342426622067	effectsize::cohens_d
c0337	posthoc_x__y_diff	-1.8333333333333335	rstatix::t_test
c0337	posthoc_x__y_ci_low	-5.4210017315142727	rstatix::t_test
c0337	posthoc_x__y_ci_high	1.7543350648476057	rstatix::t_test
c0337	posthoc_x__y_p	0.14498526492119679	stats::t.test
c0337	posthoc_x__y_padj	0.86991158952718073	stats::p.adjust
c0337	posthoc_x__y_padj_ptt	0.86991158952718073	stats::pairwise.t.test
c0337	posthoc_x__y_df	16.625001112456548	rstatix::t_test
c0337	posthoc_x__y_t	-1.5293340792001764	rstatix::t_test
c0337	posthoc_x__y_cohens_d	-0.62434802338159812	effectsize::cohens_d
c0338	n	50	base::length
c0338	k	4	base::length
c0338	posthoc_a__b_diff	-2.615384615384615	rstatix::t_test
c0338	posthoc_a__b_p	0.18244486466411425	stats::t.test
c0338	posthoc_a__b_padj	0.28997052984239358	stats::p.adjust
c0338	posthoc_a__b_padj_ptt	0.28997052984239358	stats::pairwise.t.test
c0338	posthoc_a__b_df	22.72385578138368	rstatix::t_test
c0338	posthoc_a__b_t	-1.3753052069726746	rstatix::t_test
c0338	posthoc_a__b_cohens_d	-0.53943908365380244	effectsize::cohens_d
c0338	posthoc_a__x_diff	6.8782051282051277	rstatix::t_test
c0338	posthoc_a__x_p	5.9156948672537967e-05	stats::t.test
c0338	posthoc_a__x_padj	0.00029578474336268982	stats::p.adjust
c0338	posthoc_a__x_padj_ptt	0.00029578474336268982	stats::pairwise.t.test
c0338	posthoc_a__x_df	17.058483241694532	rstatix::t_test
c0338	posthoc_a__x_t	5.2914606319450694	rstatix::t_test
c0338	posthoc_a__x_cohens_d	2.0610761375286857	effectsize::cohens_d
c0338	posthoc_a__y_diff	5.0448717948717947	rstatix::t_test
c0338	posthoc_a__y_p	0.0041218347403440755	stats::t.test
c0338	posthoc_a__y_padj	0.012365504221032227	stats::p.adjust
c0338	posthoc_a__y_padj_ptt	0.012365504221032227	stats::pairwise.t.test
c0338	posthoc_a__y_df	22.924631760378134	rstatix::t_test
c0338	posthoc_a__y_t	3.1863390843246031	rstatix::t_test
c0338	posthoc_a__y_cohens_d	1.2681158310780509	effectsize::cohens_d
c0338	posthoc_b__x_diff	9.4935897435897427	rstatix::t_test
c0338	posthoc_b__x_p	2.4992676528655461e-05	stats::t.test
c0338	posthoc_b__x_padj	0.00014995605917193276	stats::p.adjust
c0338	posthoc_b__x_padj_ptt_undefined	1	stats::pairwise.t.test
c0338	posthoc_b__x_df	15.237297263135019	rstatix::t_test
c0338	posthoc_b__x_t	5.9490124752343423	rstatix::t_test
c0338	posthoc_b__x_cohens_d	2.3059576224150793	effectsize::cohens_d
c0338	posthoc_b__y_diff	7.6602564102564097	rstatix::t_test
c0338	posthoc_b__y_p	0.00041679178292837839	stats::t.test
c0338	posthoc_b__y_padj	0.0016671671317135136	stats::p.adjust
c0338	posthoc_b__y_padj_ptt	0.0016671671317135136	stats::pairwise.t.test
c0338	posthoc_b__y_df	21.253551462302216	rstatix::t_test
c0338	posthoc_b__y_t	4.1766623092754367	rstatix::t_test
c0338	posthoc_b__y_cohens_d	1.6467342426622067	effectsize::cohens_d
c0338	posthoc_x__y_diff	-1.8333333333333335	rstatix::t_test
c0338	posthoc_x__y_p	0.14498526492119679	stats::t.test
c0338	posthoc_x__y_padj	0.28997052984239358	stats::p.adjust
c0338	posthoc_x__y_padj_ptt	0.28997052984239358	stats::pairwise.t.test
c0338	posthoc_x__y_df	16.625001112456548	rstatix::t_test
c0338	posthoc_x__y_t	-1.5293340792001764	rstatix::t_test
c0338	posthoc_x__y_cohens_d	-0.62434802338159812	effectsize::cohens_d
c0339	n	50	base::length
c0339	k	4	base::length
c0339	posthoc_a__b_diff	-2.615384615384615	rstatix::t_test
c0339	posthoc_a__b_p	0.18244486466411425	stats::t.test
c0339	posthoc_a__b_padj	0.18244486466411425	stats::p.adjust
c0339	posthoc_a__b_padj_ptt	0.18244486466411425	stats::pairwise.t.test
c0339	posthoc_a__b_df	22.72385578138368	rstatix::t_test
c0339	posthoc_a__b_t	-1.3753052069726746	rstatix::t_test
c0339	posthoc_a__b_cohens_d	-0.53943908365380244	effectsize::cohens_d
c0339	posthoc_a__x_diff	6.8782051282051277	rstatix::t_test
c0339	posthoc_a__x_p	5.9156948672537967e-05	stats::t.test
c0339	posthoc_a__x_padj	0.0001774708460176139	stats::p.adjust
c0339	posthoc_a__x_padj_ptt	0.0001774708460176139	stats::pairwise.t.test
c0339	posthoc_a__x_df	17.058483241694532	rstatix::t_test
c0339	posthoc_a__x_t	5.2914606319450694	rstatix::t_test
c0339	posthoc_a__x_cohens_d	2.0610761375286857	effectsize::cohens_d
c0339	posthoc_a__y_diff	5.0448717948717947	rstatix::t_test
c0339	posthoc_a__y_p	0.0041218347403440755	stats::t.test
c0339	posthoc_a__y_padj	0.0061827521105161133	stats::p.adjust
c0339	posthoc_a__y_padj_ptt	0.0061827521105161133	stats::pairwise.t.test
c0339	posthoc_a__y_df	22.924631760378134	rstatix::t_test
c0339	posthoc_a__y_t	3.1863390843246031	rstatix::t_test
c0339	posthoc_a__y_cohens_d	1.2681158310780509	effectsize::cohens_d
c0339	posthoc_b__x_diff	9.4935897435897427	rstatix::t_test
c0339	posthoc_b__x_p	2.4992676528655461e-05	stats::t.test
c0339	posthoc_b__x_padj	0.00014995605917193276	stats::p.adjust
c0339	posthoc_b__x_padj_ptt_undefined	1	stats::pairwise.t.test
c0339	posthoc_b__x_df	15.237297263135019	rstatix::t_test
c0339	posthoc_b__x_t	5.9490124752343423	rstatix::t_test
c0339	posthoc_b__x_cohens_d	2.3059576224150793	effectsize::cohens_d
c0339	posthoc_b__y_diff	7.6602564102564097	rstatix::t_test
c0339	posthoc_b__y_p	0.00041679178292837839	stats::t.test
c0339	posthoc_b__y_padj	0.00083358356585675679	stats::p.adjust
c0339	posthoc_b__y_padj_ptt	0.00083358356585675679	stats::pairwise.t.test
c0339	posthoc_b__y_df	21.253551462302216	rstatix::t_test
c0339	posthoc_b__y_t	4.1766623092754367	rstatix::t_test
c0339	posthoc_b__y_cohens_d	1.6467342426622067	effectsize::cohens_d
c0339	posthoc_x__y_diff	-1.8333333333333335	rstatix::t_test
c0339	posthoc_x__y_p	0.14498526492119679	stats::t.test
c0339	posthoc_x__y_padj	0.17398231790543614	stats::p.adjust
c0339	posthoc_x__y_padj_ptt	0.17398231790543614	stats::pairwise.t.test
c0339	posthoc_x__y_df	16.625001112456548	rstatix::t_test
c0339	posthoc_x__y_t	-1.5293340792001764	rstatix::t_test
c0339	posthoc_x__y_cohens_d	-0.62434802338159812	effectsize::cohens_d
c0340	n	50	base::length
c0340	k	4	base::length
c0340	posthoc_a__b_diff	-2.615384615384615	rstatix::t_test
c0340	posthoc_a__b_ci_low	-8.0828819770401008	rstatix::t_test
c0340	posthoc_a__b_ci_high	2.8521127462708713	rstatix::t_test
c0340	posthoc_a__b_p	0.18173954905685277	stats::t.test
c0340	posthoc_a__b_padj	1	stats::p.adjust
c0340	posthoc_a__b_padj_ptt	1	stats::pairwise.t.test
c0340	posthoc_a__b_df	24	rstatix::t_test
c0340	posthoc_a__b_t	-1.3753052069726746	rstatix::t_test
c0340	posthoc_a__b_cohens_d	-0.53943908365380244	effectsize::cohens_d
c0340	posthoc_a__x_diff	6.8782051282051277	rstatix::t_test
c0340	posthoc_a__x_ci_low	3.0223135524955715	rstatix::t_test
c0340	posthoc_a__x_ci_high	10.734096703914684	rstatix::t_test
c0340	posthoc_a__x_p	3.2293138806882476e-05	stats::t.test
c0340	posthoc_a__x_padj	0.00019375883284129485	stats::p.adjust
c0340	posthoc_a__x_padj_ptt	0.00035494169203522779	stats::pairwise.t.test
c0340	posthoc_a__x_df	23	rstatix::t_test
c0340	posthoc_a__x_t	5.1485665413653372	rstatix::t_test
c0340	posthoc_a__x_cohens_d	2.0610761375286857	effectsize::cohens_d
c0340	posthoc_a__y_diff	5.0448717948717947	rstatix::t_test
c0340	posthoc_a__y_ci_low	0.44829061320717806	rstatix::t_test
c0340	posthoc_a__y_ci_high	9.6414529765364101	rstatix::t_test
c0340	posthoc_a__y_p	0.0042969324001343847	stats::t.test
c0340	posthoc_a__y_padj	0.02578159440080631	stats::p.adjust
c0340	posthoc_a__y_padj_ptt	0.024731008442064453	stats::pairwise.t.test
c0340	posthoc_a__y_df	23	rstatix::t_test
c0340	posthoc_a__y_t	3.1677523307278994	rstatix::t_test
c0340	posthoc_a__y_cohens_d	1.2681158310780509	effectsize::cohens_d
c0340	posthoc_b__x_diff	9.4935897435897427	rstatix::t_test
c0340	posthoc_b__x_ci_low	4.7367024313781734	rstatix::t_test
c0340	posthoc_b__x_ci_high	14.25047705580131	rstatix::t_test
c0340	posthoc_b__x_p	7.2269715554660484e-06	stats::t.test
c0340	posthoc_b__x_padj	4.3361829332796292e-05	stats::p.adjust
c0340	posthoc_b__x_padj_ptt_undefined	1	stats::pairwise.t.test
c0340	posthoc_b__x_df	23	rstatix::t_test
c0340	posthoc_b__x_t	5.7602802945494807	rstatix::t_test
c0340	posthoc_b__x_cohens_d	2.3059576224150793	effectsize::cohens_d
c0340	posthoc_b__y_diff	7.6602564102564097	rstatix::t_test
c0340	posthoc_b__y_ci_low	2.2854414723181034	rstatix::t_test
c0340	posthoc_b__y_ci_high	13.035071348194716	rstatix::t_test
c0340	posthoc_b__y_p	0.00042419704475107325	stats::t.test
c0340	posthoc_b__y_padj	0.0025451822685064393	stats::p.adjust
c0340	posthoc_b__y_padj_ptt	0.0025007506975702701	stats::pairwise.t.test
c0340	posthoc_b__y_df	23	rstatix::t_test
c0340	posthoc_b__y_t	4.1135408197278336	rstatix::t_test
c0340	posthoc_b__y_cohens_d	1.6467342426622067	effectsize::cohens_d
c0340	posthoc_x__y_diff	-1.8333333333333335	rstatix::t_test
c0340	posthoc_x__y_ci_low	-5.3080380688664066	rstatix::t_test
c0340	posthoc_x__y_ci_high	1.6413714021997394	rstatix::t_test
c0340	posthoc_x__y_p	0.14043397284868173	stats::t.test
c0340	posthoc_x__y_padj	0.8426038370920903	stats::p.adjust
c0340	posthoc_x__y_padj_ptt	0.86991158952718073	stats::pairwise.t.test
c0340	posthoc_x__y_df	22	rstatix::t_test
c0340	posthoc_x__y_t	-1.5293340792001764	rstatix::t_test
c0340	posthoc_x__y_cohens_d	-0.62434802338159812	effectsize::cohens_d
c0341	n	50	base::length
c0341	k	4	base::length
c0341	posthoc_a__b_diff	-2.615384615384615	rstatix::t_test
c0341	posthoc_a__b_p	0.18173954905685277	stats::t.test
c0341	posthoc_a__b_padj	0.28086794569736345	stats::p.adjust
c0341	posthoc_a__b_padj_ptt	0.28997052984239358	stats::pairwise.t.test
c0341	posthoc_a__b_df	24	rstatix::t_test
c0341	posthoc_a__b_t	-1.3753052069726746	rstatix::t_test
c0341	posthoc_a__b_cohens_d	-0.53943908365380244	effectsize::cohens_d
c0341	posthoc_a__x_diff	6.8782051282051277	rstatix::t_test
c0341	posthoc_a__x_p	3.2293138806882476e-05	stats::t.test
c0341	posthoc_a__x_padj	0.00016146569403441237	stats::p.adjust
c0341	posthoc_a__x_padj_ptt	0.00029578474336268982	stats::pairwise.t.test
c0341	posthoc_a__x_df	23	rstatix::t_test
c0341	posthoc_a__x_t	5.1485665413653372	rstatix::t_test
c0341	posthoc_a__x_cohens_d	2.0610761375286857	effectsize::cohens_d
c0341	posthoc_a__y_diff	5.0448717948717947	rstatix::t_test
c0341	posthoc_a__y_p	0.0042969324001343847	stats::t.test
c0341	posthoc_a__y_padj	0.012890797200403155	stats::p.adjust
c0341	posthoc_a__y_padj_ptt	0.012365504221032227	stats::pairwise.t.test
c0341	posthoc_a__y_df	23	rstatix::t_test
c0341	posthoc_a__y_t	3.1677523307278994	rstatix::t_test
c0341	posthoc_a__y_cohens_d	1.2681158310780509	effectsize::cohens_d
c0341	posthoc_b__x_diff	9.4935897435897427	rstatix::t_test
c0341	posthoc_b__x_p	7.2269715554660484e-06	stats::t.test
c0341	posthoc_b__x_padj	4.3361829332796292e-05	stats::p.adjust
c0341	posthoc_b__x_padj_ptt_undefined	1	stats::pairwise.t.test
c0341	posthoc_b__x_df	23	rstatix::t_test
c0341	posthoc_b__x_t	5.7602802945494807	rstatix::t_test
c0341	posthoc_b__x_cohens_d	2.3059576224150793	effectsize::cohens_d
c0341	posthoc_b__y_diff	7.6602564102564097	rstatix::t_test
c0341	posthoc_b__y_p	0.00042419704475107325	stats::t.test
c0341	posthoc_b__y_padj	0.001696788179004293	stats::p.adjust
c0341	posthoc_b__y_padj_ptt	0.0016671671317135136	stats::pairwise.t.test
c0341	posthoc_b__y_df	23	rstatix::t_test
c0341	posthoc_b__y_t	4.1135408197278336	rstatix::t_test
c0341	posthoc_b__y_cohens_d	1.6467342426622067	effectsize::cohens_d
c0341	posthoc_x__y_diff	-1.8333333333333335	rstatix::t_test
c0341	posthoc_x__y_p	0.14043397284868173	stats::t.test
c0341	posthoc_x__y_padj	0.28086794569736345	stats::p.adjust
c0341	posthoc_x__y_padj_ptt	0.28997052984239358	stats::pairwise.t.test
c0341	posthoc_x__y_df	22	rstatix::t_test
c0341	posthoc_x__y_t	-1.5293340792001764	rstatix::t_test
c0341	posthoc_x__y_cohens_d	-0.62434802338159812	effectsize::cohens_d
c0342	n	50	base::length
c0342	k	4	base::length
c0342	posthoc_a__b_diff	-2.615384615384615	rstatix::t_test
c0342	posthoc_a__b_p	0.18173954905685277	stats::t.test
c0342	posthoc_a__b_padj	0.18173954905685277	stats::p.adjust
c0342	posthoc_a__b_padj_ptt	0.18244486466411425	stats::pairwise.t.test
c0342	posthoc_a__b_df	24	rstatix::t_test
c0342	posthoc_a__b_t	-1.3753052069726746	rstatix::t_test
c0342	posthoc_a__b_cohens_d	-0.53943908365380244	effectsize::cohens_d
c0342	posthoc_a__x_diff	6.8782051282051277	rstatix::t_test
c0342	posthoc_a__x_p	3.2293138806882476e-05	stats::t.test
c0342	posthoc_a__x_padj	9.6879416420647427e-05	stats::p.adjust
c0342	posthoc_a__x_padj_ptt	0.0001774708460176139	stats::pairwise.t.test
c0342	posthoc_a__x_df	23	rstatix::t_test
c0342	posthoc_a__x_t	5.1485665413653372	rstatix::t_test
c0342	posthoc_a__x_cohens_d	2.0610761375286857	effectsize::cohens_d
c0342	posthoc_a__y_diff	5.0448717948717947	rstatix::t_test
c0342	posthoc_a__y_p	0.0042969324001343847	stats::t.test
c0342	posthoc_a__y_padj	0.0064453986002015774	stats::p.adjust
c0342	posthoc_a__y_padj_ptt	0.0061827521105161133	stats::pairwise.t.test
c0342	posthoc_a__y_df	23	rstatix::t_test
c0342	posthoc_a__y_t	3.1677523307278994	rstatix::t_test
c0342	posthoc_a__y_cohens_d	1.2681158310780509	effectsize::cohens_d
c0342	posthoc_b__x_diff	9.4935897435897427	rstatix::t_test
c0342	posthoc_b__x_p	7.2269715554660484e-06	stats::t.test
c0342	posthoc_b__x_padj	4.3361829332796292e-05	stats::p.adjust
c0342	posthoc_b__x_padj_ptt_undefined	1	stats::pairwise.t.test
c0342	posthoc_b__x_df	23	rstatix::t_test
c0342	posthoc_b__x_t	5.7602802945494807	rstatix::t_test
c0342	posthoc_b__x_cohens_d	2.3059576224150793	effectsize::cohens_d
c0342	posthoc_b__y_diff	7.6602564102564097	rstatix::t_test
c0342	posthoc_b__y_p	0.00042419704475107325	stats::t.test
c0342	posthoc_b__y_padj	0.00084839408950214651	stats::p.adjust
c0342	posthoc_b__y_padj_ptt	0.00083358356585675679	stats::pairwise.t.test
c0342	posthoc_b__y_df	23	rstatix::t_test
c0342	posthoc_b__y_t	4.1135408197278336	rstatix::t_test
c0342	posthoc_b__y_cohens_d	1.6467342426622067	effectsize::cohens_d
c0342	posthoc_x__y_diff	-1.8333333333333335	rstatix::t_test
c0342	posthoc_x__y_p	0.14043397284868173	stats::t.test
c0342	posthoc_x__y_padj	0.16852076741841807	stats::p.adjust
c0342	posthoc_x__y_padj_ptt	0.17398231790543614	stats::pairwise.t.test
c0342	posthoc_x__y_df	22	rstatix::t_test
c0342	posthoc_x__y_t	-1.5293340792001764	rstatix::t_test
c0342	posthoc_x__y_cohens_d	-0.62434802338159812	effectsize::cohens_d
c0343	n	50	base::length
c0343	k	4	base::length
c0343	posthoc_a__b_diff	-3	stats::median
c0343	posthoc_a__b_diff_wilcoxest	-3.0000274040294923	rstatix::wilcox_test
c0343	posthoc_a__b_ci_low	-7.9999487398162819	rstatix::wilcox_test
c0343	posthoc_a__b_ci_high	2.0000522965327776	rstatix::wilcox_test
c0343	posthoc_a__b_p	0.075897039213987744	stats::wilcox.test
c0343	posthoc_a__b_padj	0.45538223528392646	stats::p.adjust
c0343	posthoc_a__b_u	49.5	stats::wilcox.test
c0343	posthoc_a__b_rank_biserial	-0.41420118343195261	effectsize::rank_biserial
c0343	posthoc_a__x_diff	8	stats::median
c0343	posthoc_a__x_diff_wilcoxest	7.9999792391370148	rstatix::wilcox_test
c0343	posthoc_a__x_ci_low	3.0000439386575701	rstatix::wilcox_test
c0343	posthoc_a__x_ci_high	10.999951443494544	rstatix::wilcox_test
c0343	posthoc_a__x_p	0.00079781019682481917	stats::wilcox.test
c0343	posthoc_a__x_padj	0.0047868611809489155	stats::p.adjust
c0343	posthoc_a__x_u	140	stats::wilcox.test
c0343	posthoc_a__x_rank_biserial	0.79487179487179493	effectsize::rank_biserial
c0343	posthoc_a__y_diff	6	stats::median
c0343	posthoc_a__y_diff_wilcoxest	6.0000081027055581	rstatix::wilcox_test
c0343	posthoc_a__y_ci_low	-0.1999596961991883	rstatix::wilcox_test
c0343	posthoc_a__y_ci_high	9.9999427824980565	rstatix::wilcox_test
c0343	posthoc_a__y_p	0.011366834422003123	stats::wilcox.test
c0343	posthoc_a__y_padj	0.068201006532018743	stats::p.adjust
c0343	posthoc_a__y_u	125	stats::wilcox.test
c0343	posthoc_a__y_rank_biserial	0.60256410256410264	effectsize::rank_biserial
c0343	posthoc_b__x_diff	11	stats::median
c0343	posthoc_b__x_diff_wilcoxest	10.999978892853434	rstatix::wilcox_test
c0343	posthoc_b__x_ci_low	5.0000032842665565	rstatix::wilcox_test
c0343	posthoc_b__x_ci_high	14.000009170163944	rstatix::wilcox_test
c0343	posthoc_b__x_p	0.0007959431067219154	stats::wilcox.test
c0343	posthoc_b__x_padj	0.0047756586403314922	stats::p.adjust
c0343	posthoc_b__x_u	140	stats::wilcox.test
c0343	posthoc_b__x_rank_biserial	0.79487179487179493	effectsize::rank_biserial
c0343	posthoc_b__y_diff	9	stats::median
c0343	posthoc_b__y_diff_wilcoxest	8.9999490700446962	rstatix::wilcox_test
c0343	posthoc_b__y_ci_low	1.799985947974478	rstatix::wilcox_test
c0343	posthoc_b__y_ci_high	13.59998210667079	rstatix::wilcox_test
c0343	posthoc_b__y_p	0.0030046313169568733	stats::wilcox.test
c0343	posthoc_b__y_padj	0.018027787901741241	stats::p.adjust
c0343	posthoc_b__y_u	133	stats::wilcox.test
c0343	posthoc_b__y_rank_biserial	0.70512820512820507	effectsize::rank_biserial
c0343	posthoc_x__y_diff	-1	stats::median
c0343	posthoc_x__y_diff_wilcoxest	-1.0000351180304758	rstatix::wilcox_test
c0343	posthoc_x__y_ci_low	-6.1999714347766073	rstatix::wilcox_test
c0343	posthoc_x__y_ci_high	1.9999507934994043	rstatix::wilcox_test
c0343	posthoc_x__y_p	0.2833732426869956	stats::wilcox.test
c0343	posthoc_x__y_padj	1	stats::p.adjust
c0343	posthoc_x__y_u	53	stats::wilcox.test
c0343	posthoc_x__y_rank_biserial	-0.26388888888888884	effectsize::rank_biserial
c0344	n	50	base::length
c0344	k	4	base::length
c0344	posthoc_a__b_diff	-3	stats::median
c0344	posthoc_a__b_diff_wilcoxest	-3.0000274040294923	rstatix::wilcox_test
c0344	posthoc_a__b_p	0.075897039213987744	stats::wilcox.test
c0344	posthoc_a__b_padj	0.15179407842797549	stats::p.adjust
c0344	posthoc_a__b_u	49.5	stats::wilcox.test
c0344	posthoc_a__b_rank_biserial	-0.41420118343195261	effectsize::rank_biserial
c0344	posthoc_a__x_diff	8	stats::median
c0344	posthoc_a__x_diff_wilcoxest	7.9999792391370148	rstatix::wilcox_test
c0344	posthoc_a__x_p	0.00079781019682481917	stats::wilcox.test
c0344	posthoc_a__x_padj	0.0047756586403314922	stats::p.adjust
c0344	posthoc_a__x_u	140	stats::wilcox.test
c0344	posthoc_a__x_rank_biserial	0.79487179487179493	effectsize::rank_biserial
c0344	posthoc_a__y_diff	6	stats::median
c0344	posthoc_a__y_diff_wilcoxest	6.0000081027055581	rstatix::wilcox_test
c0344	posthoc_a__y_p	0.011366834422003123	stats::wilcox.test
c0344	posthoc_a__y_padj	0.034100503266009372	stats::p.adjust
c0344	posthoc_a__y_u	125	stats::wilcox.test
c0344	posthoc_a__y_rank_biserial	0.60256410256410264	effectsize::rank_biserial
c0344	posthoc_b__x_diff	11	stats::median
c0344	posthoc_b__x_diff_wilcoxest	10.999978892853434	rstatix::wilcox_test
c0344	posthoc_b__x_p	0.0007959431067219154	stats::wilcox.test
c0344	posthoc_b__x_padj	0.0047756586403314922	stats::p.adjust
c0344	posthoc_b__x_u	140	stats::wilcox.test
c0344	posthoc_b__x_rank_biserial	0.79487179487179493	effectsize::rank_biserial
c0344	posthoc_b__y_diff	9	stats::median
c0344	posthoc_b__y_diff_wilcoxest	8.9999490700446962	rstatix::wilcox_test
c0344	posthoc_b__y_p	0.0030046313169568733	stats::wilcox.test
c0344	posthoc_b__y_padj	0.012018525267827493	stats::p.adjust
c0344	posthoc_b__y_u	133	stats::wilcox.test
c0344	posthoc_b__y_rank_biserial	0.70512820512820507	effectsize::rank_biserial
c0344	posthoc_x__y_diff	-1	stats::median
c0344	posthoc_x__y_diff_wilcoxest	-1.0000351180304758	rstatix::wilcox_test
c0344	posthoc_x__y_p	0.2833732426869956	stats::wilcox.test
c0344	posthoc_x__y_padj	0.2833732426869956	stats::p.adjust
c0344	posthoc_x__y_u	53	stats::wilcox.test
c0344	posthoc_x__y_rank_biserial	-0.26388888888888884	effectsize::rank_biserial
c0345	n	50	base::length
c0345	k	4	base::length
c0345	posthoc_a__b_diff	-3	stats::median
c0345	posthoc_a__b_diff_wilcoxest	-3.0000274040294923	rstatix::wilcox_test
c0345	posthoc_a__b_p	0.075897039213987744	stats::wilcox.test
c0345	posthoc_a__b_padj	0.09107644705678529	stats::p.adjust
c0345	posthoc_a__b_u	49.5	stats::wilcox.test
c0345	posthoc_a__b_rank_biserial	-0.41420118343195261	effectsize::rank_biserial
c0345	posthoc_a__x_diff	8	stats::median
c0345	posthoc_a__x_diff_wilcoxest	7.9999792391370148	rstatix::wilcox_test
c0345	posthoc_a__x_p	0.00079781019682481917	stats::wilcox.test
c0345	posthoc_a__x_padj	0.0023934305904744577	stats::p.adjust
c0345	posthoc_a__x_u	140	stats::wilcox.test
c0345	posthoc_a__x_rank_biserial	0.79487179487179493	effectsize::rank_biserial
c0345	posthoc_a__y_diff	6	stats::median
c0345	posthoc_a__y_diff_wilcoxest	6.0000081027055581	rstatix::wilcox_test
c0345	posthoc_a__y_p	0.011366834422003123	stats::wilcox.test
c0345	posthoc_a__y_padj	0.017050251633004686	stats::p.adjust
c0345	posthoc_a__y_u	125	stats::wilcox.test
c0345	posthoc_a__y_rank_biserial	0.60256410256410264	effectsize::rank_biserial
c0345	posthoc_b__x_diff	11	stats::median
c0345	posthoc_b__x_diff_wilcoxest	10.999978892853434	rstatix::wilcox_test
c0345	posthoc_b__x_p	0.0007959431067219154	stats::wilcox.test
c0345	posthoc_b__x_padj	0.0023934305904744577	stats::p.adjust
c0345	posthoc_b__x_u	140	stats::wilcox.test
c0345	posthoc_b__x_rank_biserial	0.79487179487179493	effectsize::rank_biserial
c0345	posthoc_b__y_diff	9	stats::median
c0345	posthoc_b__y_diff_wilcoxest	8.9999490700446962	rstatix::wilcox_test
c0345	posthoc_b__y_p	0.0030046313169568733	stats::wilcox.test
c0345	posthoc_b__y_padj	0.0060092626339137466	stats::p.adjust
c0345	posthoc_b__y_u	133	stats::wilcox.test
c0345	posthoc_b__y_rank_biserial	0.70512820512820507	effectsize::rank_biserial
c0345	posthoc_x__y_diff	-1	stats::median
c0345	posthoc_x__y_diff_wilcoxest	-1.0000351180304758	rstatix::wilcox_test
c0345	posthoc_x__y_p	0.2833732426869956	stats::wilcox.test
c0345	posthoc_x__y_padj	0.2833732426869956	stats::p.adjust
c0345	posthoc_x__y_u	53	stats::wilcox.test
c0345	posthoc_x__y_rank_biserial	-0.26388888888888884	effectsize::rank_biserial
c0346	n	50	base::length
c0346	k	4	base::length
c0346	posthoc_a__b_diff	-2.615384615384615	stats::mean
c0346	posthoc_a__b_f	0.90435251108501868	stats::pf
c0346	posthoc_a__b_padj	0.44632441093708153	stats::pf
c0346	posthoc_a__b_ci_low	-7.2229966096121441	stats::qf
c0346	posthoc_a__b_ci_high	1.9922273788429141	stats::qf
c0346	posthoc_a__x_diff	6.8782051282051277	stats::mean
c0346	posthoc_a__x_f	6.0046555492214759	stats::pf
c0346	posthoc_a__x_padj	0.0015332096600119112	stats::pf
c0346	posthoc_a__x_ci_low	2.1755808287946792	stats::qf
c0346	posthoc_a__x_ci_high	11.580829427615576	stats::qf
c0346	posthoc_a__y_diff	5.0448717948717947	stats::mean
c0346	posthoc_a__y_f	3.2302647660796833	stats::pf
c0346	posthoc_a__y_padj	0.030829001222084682	stats::pf
c0346	posthoc_a__y_ci_low	0.34224749546134614	stats::qf
c0346	posthoc_a__y_ci_high	9.7474960942822442	stats::qf
c0346	posthoc_b__x_diff	9.4935897435897427	stats::mean
c0346	posthoc_b__x_f	11.439282168777096	stats::pf
c0346	posthoc_b__x_padj	1.000167424732588e-05	stats::pf
c0346	posthoc_b__x_ci_low	4.7909654441792942	stats::qf
c0346	posthoc_b__x_ci_high	14.196214043000191	stats::qf
c0346	posthoc_b__y_diff	7.6602564102564097	stats::mean
c0346	posthoc_b__y_f	7.4477393001279353	stats::pf
c0346	posthoc_b__y_padj	0.00036352691043903458	stats::pf
c0346	posthoc_b__y_ci_low	2.9576321108459611	stats::qf
c0346	posthoc_b__y_ci_high	12.362880709666857	stats::qf
c0346	posthoc_x__y_diff	-1.8333333333333335	stats::mean
c0346	posthoc_x__y_f	0.41019218567956606	stats::pf
c0346	posthoc_x__y_padj	0.74642677642109279	stats::pf
c0346	posthoc_x__y_ci_low	-6.6290879468912287	stats::qf
c0346	posthoc_x__y_ci_high	2.9624212802245613	stats::qf
c0347	n	50	base::length
c0347	k	4	base::length
c0347	posthoc_a__b_diff	-2.615384615384615	rstatix::t_test
c0347	posthoc_a__b_ci_low	-8.1103451253123602	rstatix::t_test
c0347	posthoc_a__b_ci_high	2.8795758945431311	rstatix::t_test
c0347	posthoc_a__b_p	0.18244486466411425	stats::t.test
c0347	posthoc_a__b_padj	1	stats::p.adjust
c0347	posthoc_a__b_padj_ptt	1	stats::pairwise.t.test
c0347	posthoc_a__b_df	22.72385578138368	rstatix::t_test
c0347	posthoc_a__b_t	-1.3753052069726746	rstatix::t_test
c0347	posthoc_a__b_cohens_d	-0.53943908365380244	effectsize::cohens_d
c0347	posthoc_a__x_diff	6.8782051282051277	rstatix::t_test
c0347	posthoc_a__x_ci_low	3.0010614241341123	rstatix::t_test
c0347	posthoc_a__x_ci_high	10.755348832276143	rstatix::t_test
c0347	posthoc_a__x_p	5.9156948672537967e-05	stats::t.test
c0347	posthoc_a__x_padj	0.00035494169203522779	stats::p.adjust
c0347	posthoc_a__x_padj_ptt	0.00035494169203522779	stats::pairwise.t.test
c0347	posthoc_a__x_df	17.058483241694532	rstatix::t_test
c0347	posthoc_a__x_t	5.2914606319450694	rstatix::t_test
c0347	posthoc_a__x_cohens_d	2.0610761375286857	effectsize::cohens_d
c0347	posthoc_a__y_diff	5.0448717948717947	rstatix::t_test
c0347	posthoc_a__y_ci_low	0.47370311571253076	rstatix::t_test
c0347	posthoc_a__y_ci_high	9.6160404740310597	rstatix::t_test
c0347	posthoc_a__y_p	0.0041218347403440755	stats::t.test
c0347	posthoc_a__y_padj	0.024731008442064453	stats::p.adjust
c0347	posthoc_a__y_padj_ptt	0.024731008442064453	stats::pairwise.t.test
c0347	posthoc_a__y_df	22.924631760378134	rstatix::t_test
c0347	posthoc_a__y_t	3.1863390843246031	rstatix::t_test
c0347	posthoc_a__y_cohens_d	1.2681158310780509	effectsize::cohens_d
c0347	posthoc_b__x_diff	9.4935897435897427	rstatix::t_test
c0347	posthoc_b__x_ci_low	4.6593903113833273	rstatix::t_test
c0347	posthoc_b__x_ci_high	14.327789175796157	rstatix::t_test
c0347	posthoc_b__x_p	2.4992676528655461e-05	stats::t.test
c0347	posthoc_b__x_padj	0.00014995605917193276	stats::p.adjust
c0347	posthoc_b__x_padj_ptt_undefined	1	stats::pairwise.t.test
c0347	posthoc_b__x_df	15.237297263135019	rstatix::t_test
c0347	posthoc_b__x_t	5.9490124752343423	rstatix::t_test
c0347	posthoc_b__x_cohens_d	2.3059576224150793	effectsize::cohens_d
c0347	posthoc_b__y_diff	7.6602564102564097	rstatix::t_test
c0347	posthoc_b__y_ci_low	2.3258534232356447	rstatix::t_test
c0347	posthoc_b__y_ci_high	12.994659397277177	rstatix::t_test
c0347	posthoc_b__y_p	0.00041679178292837839	stats::t.test
c0347	posthoc_b__y_padj	0.0025007506975702701	stats::p.adjust
c0347	posthoc_b__y_padj_ptt	0.0025007506975702701	stats::pairwise.t.test
c0347	posthoc_b__y_df	21.253551462302216	rstatix::t_test
c0347	posthoc_b__y_t	4.1766623092754367	rstatix::t_test
c0347	posthoc_b__y_cohens_d	1.6467342426622067	effectsize::cohens_d
c0347	posthoc_x__y_diff	-1.8333333333333335	rstatix::t_test
c0347	posthoc_x__y_ci_low	-5.4210017315142727	rstatix::t_test
c0347	posthoc_x__y_ci_high	1.7543350648476057	rstatix::t_test
c0347	posthoc_x__y_p	0.14498526492119679	stats::t.test
c0347	posthoc_x__y_padj	0.86991158952718073	stats::p.adjust
c0347	posthoc_x__y_padj_ptt	0.86991158952718073	stats::pairwise.t.test
c0347	posthoc_x__y_df	16.625001112456548	rstatix::t_test
c0347	posthoc_x__y_t	-1.5293340792001764	rstatix::t_test
c0347	posthoc_x__y_cohens_d	-0.62434802338159812	effectsize::cohens_d
c0348	n	50	base::length
c0348	k	4	base::length
c0348	posthoc_a__b_diff	-2.615384615384615	rstatix::t_test
c0348	posthoc_a__b_p	0.18244486466411425	stats::t.test
c0348	posthoc_a__b_padj	0.28997052984239358	stats::p.adjust
c0348	posthoc_a__b_padj_ptt	0.28997052984239358	stats::pairwise.t.test
c0348	posthoc_a__b_df	22.72385578138368	rstatix::t_test
c0348	posthoc_a__b_t	-1.3753052069726746	rstatix::t_test
c0348	posthoc_a__b_cohens_d	-0.53943908365380244	effectsize::cohens_d
c0348	posthoc_a__x_diff	6.8782051282051277	rstatix::t_test
c0348	posthoc_a__x_p	5.9156948672537967e-05	stats::t.test
c0348	posthoc_a__x_padj	0.00029578474336268982	stats::p.adjust
c0348	posthoc_a__x_padj_ptt	0.00029578474336268982	stats::pairwise.t.test
c0348	posthoc_a__x_df	17.058483241694532	rstatix::t_test
c0348	posthoc_a__x_t	5.2914606319450694	rstatix::t_test
c0348	posthoc_a__x_cohens_d	2.0610761375286857	effectsize::cohens_d
c0348	posthoc_a__y_diff	5.0448717948717947	rstatix::t_test
c0348	posthoc_a__y_p	0.0041218347403440755	stats::t.test
c0348	posthoc_a__y_padj	0.012365504221032227	stats::p.adjust
c0348	posthoc_a__y_padj_ptt	0.012365504221032227	stats::pairwise.t.test
c0348	posthoc_a__y_df	22.924631760378134	rstatix::t_test
c0348	posthoc_a__y_t	3.1863390843246031	rstatix::t_test
c0348	posthoc_a__y_cohens_d	1.2681158310780509	effectsize::cohens_d
c0348	posthoc_b__x_diff	9.4935897435897427	rstatix::t_test
c0348	posthoc_b__x_p	2.4992676528655461e-05	stats::t.test
c0348	posthoc_b__x_padj	0.00014995605917193276	stats::p.adjust
c0348	posthoc_b__x_padj_ptt_undefined	1	stats::pairwise.t.test
c0348	posthoc_b__x_df	15.237297263135019	rstatix::t_test
c0348	posthoc_b__x_t	5.9490124752343423	rstatix::t_test
c0348	posthoc_b__x_cohens_d	2.3059576224150793	effectsize::cohens_d
c0348	posthoc_b__y_diff	7.6602564102564097	rstatix::t_test
c0348	posthoc_b__y_p	0.00041679178292837839	stats::t.test
c0348	posthoc_b__y_padj	0.0016671671317135136	stats::p.adjust
c0348	posthoc_b__y_padj_ptt	0.0016671671317135136	stats::pairwise.t.test
c0348	posthoc_b__y_df	21.253551462302216	rstatix::t_test
c0348	posthoc_b__y_t	4.1766623092754367	rstatix::t_test
c0348	posthoc_b__y_cohens_d	1.6467342426622067	effectsize::cohens_d
c0348	posthoc_x__y_diff	-1.8333333333333335	rstatix::t_test
c0348	posthoc_x__y_p	0.14498526492119679	stats::t.test
c0348	posthoc_x__y_padj	0.28997052984239358	stats::p.adjust
c0348	posthoc_x__y_padj_ptt	0.28997052984239358	stats::pairwise.t.test
c0348	posthoc_x__y_df	16.625001112456548	rstatix::t_test
c0348	posthoc_x__y_t	-1.5293340792001764	rstatix::t_test
c0348	posthoc_x__y_cohens_d	-0.62434802338159812	effectsize::cohens_d
c0349	n	50	base::length
c0349	k	4	base::length
c0349	posthoc_a__b_diff	-2.615384615384615	rstatix::t_test
c0349	posthoc_a__b_p	0.18244486466411425	stats::t.test
c0349	posthoc_a__b_padj	0.18244486466411425	stats::p.adjust
c0349	posthoc_a__b_padj_ptt	0.18244486466411425	stats::pairwise.t.test
c0349	posthoc_a__b_df	22.72385578138368	rstatix::t_test
c0349	posthoc_a__b_t	-1.3753052069726746	rstatix::t_test
c0349	posthoc_a__b_cohens_d	-0.53943908365380244	effectsize::cohens_d
c0349	posthoc_a__x_diff	6.8782051282051277	rstatix::t_test
c0349	posthoc_a__x_p	5.9156948672537967e-05	stats::t.test
c0349	posthoc_a__x_padj	0.0001774708460176139	stats::p.adjust
c0349	posthoc_a__x_padj_ptt	0.0001774708460176139	stats::pairwise.t.test
c0349	posthoc_a__x_df	17.058483241694532	rstatix::t_test
c0349	posthoc_a__x_t	5.2914606319450694	rstatix::t_test
c0349	posthoc_a__x_cohens_d	2.0610761375286857	effectsize::cohens_d
c0349	posthoc_a__y_diff	5.0448717948717947	rstatix::t_test
c0349	posthoc_a__y_p	0.0041218347403440755	stats::t.test
c0349	posthoc_a__y_padj	0.0061827521105161133	stats::p.adjust
c0349	posthoc_a__y_padj_ptt	0.0061827521105161133	stats::pairwise.t.test
c0349	posthoc_a__y_df	22.924631760378134	rstatix::t_test
c0349	posthoc_a__y_t	3.1863390843246031	rstatix::t_test
c0349	posthoc_a__y_cohens_d	1.2681158310780509	effectsize::cohens_d
c0349	posthoc_b__x_diff	9.4935897435897427	rstatix::t_test
c0349	posthoc_b__x_p	2.4992676528655461e-05	stats::t.test
c0349	posthoc_b__x_padj	0.00014995605917193276	stats::p.adjust
c0349	posthoc_b__x_padj_ptt_undefined	1	stats::pairwise.t.test
c0349	posthoc_b__x_df	15.237297263135019	rstatix::t_test
c0349	posthoc_b__x_t	5.9490124752343423	rstatix::t_test
c0349	posthoc_b__x_cohens_d	2.3059576224150793	effectsize::cohens_d
c0349	posthoc_b__y_diff	7.6602564102564097	rstatix::t_test
c0349	posthoc_b__y_p	0.00041679178292837839	stats::t.test
c0349	posthoc_b__y_padj	0.00083358356585675679	stats::p.adjust
c0349	posthoc_b__y_padj_ptt	0.00083358356585675679	stats::pairwise.t.test
c0349	posthoc_b__y_df	21.253551462302216	rstatix::t_test
c0349	posthoc_b__y_t	4.1766623092754367	rstatix::t_test
c0349	posthoc_b__y_cohens_d	1.6467342426622067	effectsize::cohens_d
c0349	posthoc_x__y_diff	-1.8333333333333335	rstatix::t_test
c0349	posthoc_x__y_p	0.14498526492119679	stats::t.test
c0349	posthoc_x__y_padj	0.17398231790543614	stats::p.adjust
c0349	posthoc_x__y_padj_ptt	0.17398231790543614	stats::pairwise.t.test
c0349	posthoc_x__y_df	16.625001112456548	rstatix::t_test
c0349	posthoc_x__y_t	-1.5293340792001764	rstatix::t_test
c0349	posthoc_x__y_cohens_d	-0.62434802338159812	effectsize::cohens_d
c0350	n	50	base::length
c0350	k	4	base::length
c0350	posthoc_a__b_diff	-2.615384615384615	rstatix::t_test
c0350	posthoc_a__b_ci_low	-8.0828819770401008	rstatix::t_test
c0350	posthoc_a__b_ci_high	2.8521127462708713	rstatix::t_test
c0350	posthoc_a__b_p	0.18173954905685277	stats::t.test
c0350	posthoc_a__b_padj	1	stats::p.adjust
c0350	posthoc_a__b_padj_ptt	1	stats::pairwise.t.test
c0350	posthoc_a__b_df	24	rstatix::t_test
c0350	posthoc_a__b_t	-1.3753052069726746	rstatix::t_test
c0350	posthoc_a__b_cohens_d	-0.53943908365380244	effectsize::cohens_d
c0350	posthoc_a__x_diff	6.8782051282051277	rstatix::t_test
c0350	posthoc_a__x_ci_low	3.0223135524955715	rstatix::t_test
c0350	posthoc_a__x_ci_high	10.734096703914684	rstatix::t_test
c0350	posthoc_a__x_p	3.2293138806882476e-05	stats::t.test
c0350	posthoc_a__x_padj	0.00019375883284129485	stats::p.adjust
c0350	posthoc_a__x_padj_ptt	0.00035494169203522779	stats::pairwise.t.test
c0350	posthoc_a__x_df	23	rstatix::t_test
c0350	posthoc_a__x_t	5.1485665413653372	rstatix::t_test
c0350	posthoc_a__x_cohens_d	2.0610761375286857	effectsize::cohens_d
c0350	posthoc_a__y_diff	5.0448717948717947	rstatix::t_test
c0350	posthoc_a__y_ci_low	0.44829061320717806	rstatix::t_test
c0350	posthoc_a__y_ci_high	9.6414529765364101	rstatix::t_test
c0350	posthoc_a__y_p	0.0042969324001343847	stats::t.test
c0350	posthoc_a__y_padj	0.02578159440080631	stats::p.adjust
c0350	posthoc_a__y_padj_ptt	0.024731008442064453	stats::pairwise.t.test
c0350	posthoc_a__y_df	23	rstatix::t_test
c0350	posthoc_a__y_t	3.1677523307278994	rstatix::t_test
c0350	posthoc_a__y_cohens_d	1.2681158310780509	effectsize::cohens_d
c0350	posthoc_b__x_diff	9.4935897435897427	rstatix::t_test
c0350	posthoc_b__x_ci_low	4.7367024313781734	rstatix::t_test
c0350	posthoc_b__x_ci_high	14.25047705580131	rstatix::t_test
c0350	posthoc_b__x_p	7.2269715554660484e-06	stats::t.test
c0350	posthoc_b__x_padj	4.3361829332796292e-05	stats::p.adjust
c0350	posthoc_b__x_padj_ptt_undefined	1	stats::pairwise.t.test
c0350	posthoc_b__x_df	23	rstatix::t_test
c0350	posthoc_b__x_t	5.7602802945494807	rstatix::t_test
c0350	posthoc_b__x_cohens_d	2.3059576224150793	effectsize::cohens_d
c0350	posthoc_b__y_diff	7.6602564102564097	rstatix::t_test
c0350	posthoc_b__y_ci_low	2.2854414723181034	rstatix::t_test
c0350	posthoc_b__y_ci_high	13.035071348194716	rstatix::t_test
c0350	posthoc_b__y_p	0.00042419704475107325	stats::t.test
c0350	posthoc_b__y_padj	0.0025451822685064393	stats::p.adjust
c0350	posthoc_b__y_padj_ptt	0.0025007506975702701	stats::pairwise.t.test
c0350	posthoc_b__y_df	23	rstatix::t_test
c0350	posthoc_b__y_t	4.1135408197278336	rstatix::t_test
c0350	posthoc_b__y_cohens_d	1.6467342426622067	effectsize::cohens_d
c0350	posthoc_x__y_diff	-1.8333333333333335	rstatix::t_test
c0350	posthoc_x__y_ci_low	-5.3080380688664066	rstatix::t_test
c0350	posthoc_x__y_ci_high	1.6413714021997394	rstatix::t_test
c0350	posthoc_x__y_p	0.14043397284868173	stats::t.test
c0350	posthoc_x__y_padj	0.8426038370920903	stats::p.adjust
c0350	posthoc_x__y_padj_ptt	0.86991158952718073	stats::pairwise.t.test
c0350	posthoc_x__y_df	22	rstatix::t_test
c0350	posthoc_x__y_t	-1.5293340792001764	rstatix::t_test
c0350	posthoc_x__y_cohens_d	-0.62434802338159812	effectsize::cohens_d
c0351	n	50	base::length
c0351	k	4	base::length
c0351	posthoc_a__b_diff	-2.615384615384615	rstatix::t_test
c0351	posthoc_a__b_p	0.18173954905685277	stats::t.test
c0351	posthoc_a__b_padj	0.28086794569736345	stats::p.adjust
c0351	posthoc_a__b_padj_ptt	0.28997052984239358	stats::pairwise.t.test
c0351	posthoc_a__b_df	24	rstatix::t_test
c0351	posthoc_a__b_t	-1.3753052069726746	rstatix::t_test
c0351	posthoc_a__b_cohens_d	-0.53943908365380244	effectsize::cohens_d
c0351	posthoc_a__x_diff	6.8782051282051277	rstatix::t_test
c0351	posthoc_a__x_p	3.2293138806882476e-05	stats::t.test
c0351	posthoc_a__x_padj	0.00016146569403441237	stats::p.adjust
c0351	posthoc_a__x_padj_ptt	0.00029578474336268982	stats::pairwise.t.test
c0351	posthoc_a__x_df	23	rstatix::t_test
c0351	posthoc_a__x_t	5.1485665413653372	rstatix::t_test
c0351	posthoc_a__x_cohens_d	2.0610761375286857	effectsize::cohens_d
c0351	posthoc_a__y_diff	5.0448717948717947	rstatix::t_test
c0351	posthoc_a__y_p	0.0042969324001343847	stats::t.test
c0351	posthoc_a__y_padj	0.012890797200403155	stats::p.adjust
c0351	posthoc_a__y_padj_ptt	0.012365504221032227	stats::pairwise.t.test
c0351	posthoc_a__y_df	23	rstatix::t_test
c0351	posthoc_a__y_t	3.1677523307278994	rstatix::t_test
c0351	posthoc_a__y_cohens_d	1.2681158310780509	effectsize::cohens_d
c0351	posthoc_b__x_diff	9.4935897435897427	rstatix::t_test
c0351	posthoc_b__x_p	7.2269715554660484e-06	stats::t.test
c0351	posthoc_b__x_padj	4.3361829332796292e-05	stats::p.adjust
c0351	posthoc_b__x_padj_ptt_undefined	1	stats::pairwise.t.test
c0351	posthoc_b__x_df	23	rstatix::t_test
c0351	posthoc_b__x_t	5.7602802945494807	rstatix::t_test
c0351	posthoc_b__x_cohens_d	2.3059576224150793	effectsize::cohens_d
c0351	posthoc_b__y_diff	7.6602564102564097	rstatix::t_test
c0351	posthoc_b__y_p	0.00042419704475107325	stats::t.test
c0351	posthoc_b__y_padj	0.001696788179004293	stats::p.adjust
c0351	posthoc_b__y_padj_ptt	0.0016671671317135136	stats::pairwise.t.test
c0351	posthoc_b__y_df	23	rstatix::t_test
c0351	posthoc_b__y_t	4.1135408197278336	rstatix::t_test
c0351	posthoc_b__y_cohens_d	1.6467342426622067	effectsize::cohens_d
c0351	posthoc_x__y_diff	-1.8333333333333335	rstatix::t_test
c0351	posthoc_x__y_p	0.14043397284868173	stats::t.test
c0351	posthoc_x__y_padj	0.28086794569736345	stats::p.adjust
c0351	posthoc_x__y_padj_ptt	0.28997052984239358	stats::pairwise.t.test
c0351	posthoc_x__y_df	22	rstatix::t_test
c0351	posthoc_x__y_t	-1.5293340792001764	rstatix::t_test
c0351	posthoc_x__y_cohens_d	-0.62434802338159812	effectsize::cohens_d
c0352	n	50	base::length
c0352	k	4	base::length
c0352	posthoc_a__b_diff	-2.615384615384615	rstatix::t_test
c0352	posthoc_a__b_p	0.18173954905685277	stats::t.test
c0352	posthoc_a__b_padj	0.18173954905685277	stats::p.adjust
c0352	posthoc_a__b_padj_ptt	0.18244486466411425	stats::pairwise.t.test
c0352	posthoc_a__b_df	24	rstatix::t_test
c0352	posthoc_a__b_t	-1.3753052069726746	rstatix::t_test
c0352	posthoc_a__b_cohens_d	-0.53943908365380244	effectsize::cohens_d
c0352	posthoc_a__x_diff	6.8782051282051277	rstatix::t_test
c0352	posthoc_a__x_p	3.2293138806882476e-05	stats::t.test
c0352	posthoc_a__x_padj	9.6879416420647427e-05	stats::p.adjust
c0352	posthoc_a__x_padj_ptt	0.0001774708460176139	stats::pairwise.t.test
c0352	posthoc_a__x_df	23	rstatix::t_test
c0352	posthoc_a__x_t	5.1485665413653372	rstatix::t_test
c0352	posthoc_a__x_cohens_d	2.0610761375286857	effectsize::cohens_d
c0352	posthoc_a__y_diff	5.0448717948717947	rstatix::t_test
c0352	posthoc_a__y_p	0.0042969324001343847	stats::t.test
c0352	posthoc_a__y_padj	0.0064453986002015774	stats::p.adjust
c0352	posthoc_a__y_padj_ptt	0.0061827521105161133	stats::pairwise.t.test
c0352	posthoc_a__y_df	23	rstatix::t_test
c0352	posthoc_a__y_t	3.1677523307278994	rstatix::t_test
c0352	posthoc_a__y_cohens_d	1.2681158310780509	effectsize::cohens_d
c0352	posthoc_b__x_diff	9.4935897435897427	rstatix::t_test
c0352	posthoc_b__x_p	7.2269715554660484e-06	stats::t.test
c0352	posthoc_b__x_padj	4.3361829332796292e-05	stats::p.adjust
c0352	posthoc_b__x_padj_ptt_undefined	1	stats::pairwise.t.test
c0352	posthoc_b__x_df	23	rstatix::t_test
c0352	posthoc_b__x_t	5.7602802945494807	rstatix::t_test
c0352	posthoc_b__x_cohens_d	2.3059576224150793	effectsize::cohens_d
c0352	posthoc_b__y_diff	7.6602564102564097	rstatix::t_test
c0352	posthoc_b__y_p	0.00042419704475107325	stats::t.test
c0352	posthoc_b__y_padj	0.00084839408950214651	stats::p.adjust
c0352	posthoc_b__y_padj_ptt	0.00083358356585675679	stats::pairwise.t.test
c0352	posthoc_b__y_df	23	rstatix::t_test
c0352	posthoc_b__y_t	4.1135408197278336	rstatix::t_test
c0352	posthoc_b__y_cohens_d	1.6467342426622067	effectsize::cohens_d
c0352	posthoc_x__y_diff	-1.8333333333333335	rstatix::t_test
c0352	posthoc_x__y_p	0.14043397284868173	stats::t.test
c0352	posthoc_x__y_padj	0.16852076741841807	stats::p.adjust
c0352	posthoc_x__y_padj_ptt	0.17398231790543614	stats::pairwise.t.test
c0352	posthoc_x__y_df	22	rstatix::t_test
c0352	posthoc_x__y_t	-1.5293340792001764	rstatix::t_test
c0352	posthoc_x__y_cohens_d	-0.62434802338159812	effectsize::cohens_d
c0353	n	50	base::length
c0353	k	4	base::length
c0353	posthoc_a__b_diff	-3	stats::median
c0353	posthoc_a__b_diff_wilcoxest	-3.0000274040294923	rstatix::wilcox_test
c0353	posthoc_a__b_ci_low	-7.9999487398162819	rstatix::wilcox_test
c0353	posthoc_a__b_ci_high	2.0000522965327776	rstatix::wilcox_test
c0353	posthoc_a__b_p	0.075897039213987744	stats::wilcox.test
c0353	posthoc_a__b_padj	0.45538223528392646	stats::p.adjust
c0353	posthoc_a__b_u	49.5	stats::wilcox.test
c0353	posthoc_a__b_rank_biserial	-0.41420118343195261	effectsize::rank_biserial
c0353	posthoc_a__x_diff	8	stats::median
c0353	posthoc_a__x_diff_wilcoxest	7.9999792391370148	rstatix::wilcox_test
c0353	posthoc_a__x_ci_low	3.0000439386575701	rstatix::wilcox_test
c0353	posthoc_a__x_ci_high	10.999951443494544	rstatix::wilcox_test
c0353	posthoc_a__x_p	0.00079781019682481917	stats::wilcox.test
c0353	posthoc_a__x_padj	0.0047868611809489155	stats::p.adjust
c0353	posthoc_a__x_u	140	stats::wilcox.test
c0353	posthoc_a__x_rank_biserial	0.79487179487179493	effectsize::rank_biserial
c0353	posthoc_a__y_diff	6	stats::median
c0353	posthoc_a__y_diff_wilcoxest	6.0000081027055581	rstatix::wilcox_test
c0353	posthoc_a__y_ci_low	-0.1999596961991883	rstatix::wilcox_test
c0353	posthoc_a__y_ci_high	9.9999427824980565	rstatix::wilcox_test
c0353	posthoc_a__y_p	0.011366834422003123	stats::wilcox.test
c0353	posthoc_a__y_padj	0.068201006532018743	stats::p.adjust
c0353	posthoc_a__y_u	125	stats::wilcox.test
c0353	posthoc_a__y_rank_biserial	0.60256410256410264	effectsize::rank_biserial
c0353	posthoc_b__x_diff	11	stats::median
c0353	posthoc_b__x_diff_wilcoxest	10.999978892853434	rstatix::wilcox_test
c0353	posthoc_b__x_ci_low	5.0000032842665565	rstatix::wilcox_test
c0353	posthoc_b__x_ci_high	14.000009170163944	rstatix::wilcox_test
c0353	posthoc_b__x_p	0.0007959431067219154	stats::wilcox.test
c0353	posthoc_b__x_padj	0.0047756586403314922	stats::p.adjust
c0353	posthoc_b__x_u	140	stats::wilcox.test
c0353	posthoc_b__x_rank_biserial	0.79487179487179493	effectsize::rank_biserial
c0353	posthoc_b__y_diff	9	stats::median
c0353	posthoc_b__y_diff_wilcoxest	8.9999490700446962	rstatix::wilcox_test
c0353	posthoc_b__y_ci_low	1.799985947974478	rstatix::wilcox_test
c0353	posthoc_b__y_ci_high	13.59998210667079	rstatix::wilcox_test
c0353	posthoc_b__y_p	0.0030046313169568733	stats::wilcox.test
c0353	posthoc_b__y_padj	0.018027787901741241	stats::p.adjust
c0353	posthoc_b__y_u	133	stats::wilcox.test
c0353	posthoc_b__y_rank_biserial	0.70512820512820507	effectsize::rank_biserial
c0353	posthoc_x__y_diff	-1	stats::median
c0353	posthoc_x__y_diff_wilcoxest	-1.0000351180304758	rstatix::wilcox_test
c0353	posthoc_x__y_ci_low	-6.1999714347766073	rstatix::wilcox_test
c0353	posthoc_x__y_ci_high	1.9999507934994043	rstatix::wilcox_test
c0353	posthoc_x__y_p	0.2833732426869956	stats::wilcox.test
c0353	posthoc_x__y_padj	1	stats::p.adjust
c0353	posthoc_x__y_u	53	stats::wilcox.test
c0353	posthoc_x__y_rank_biserial	-0.26388888888888884	effectsize::rank_biserial
c0354	n	50	base::length
c0354	k	4	base::length
c0354	posthoc_a__b_diff	-3	stats::median
c0354	posthoc_a__b_diff_wilcoxest	-3.0000274040294923	rstatix::wilcox_test
c0354	posthoc_a__b_p	0.075897039213987744	stats::wilcox.test
c0354	posthoc_a__b_padj	0.15179407842797549	stats::p.adjust
c0354	posthoc_a__b_u	49.5	stats::wilcox.test
c0354	posthoc_a__b_rank_biserial	-0.41420118343195261	effectsize::rank_biserial
c0354	posthoc_a__x_diff	8	stats::median
c0354	posthoc_a__x_diff_wilcoxest	7.9999792391370148	rstatix::wilcox_test
c0354	posthoc_a__x_p	0.00079781019682481917	stats::wilcox.test
c0354	posthoc_a__x_padj	0.0047756586403314922	stats::p.adjust
c0354	posthoc_a__x_u	140	stats::wilcox.test
c0354	posthoc_a__x_rank_biserial	0.79487179487179493	effectsize::rank_biserial
c0354	posthoc_a__y_diff	6	stats::median
c0354	posthoc_a__y_diff_wilcoxest	6.0000081027055581	rstatix::wilcox_test
c0354	posthoc_a__y_p	0.011366834422003123	stats::wilcox.test
c0354	posthoc_a__y_padj	0.034100503266009372	stats::p.adjust
c0354	posthoc_a__y_u	125	stats::wilcox.test
c0354	posthoc_a__y_rank_biserial	0.60256410256410264	effectsize::rank_biserial
c0354	posthoc_b__x_diff	11	stats::median
c0354	posthoc_b__x_diff_wilcoxest	10.999978892853434	rstatix::wilcox_test
c0354	posthoc_b__x_p	0.0007959431067219154	stats::wilcox.test
c0354	posthoc_b__x_padj	0.0047756586403314922	stats::p.adjust
c0354	posthoc_b__x_u	140	stats::wilcox.test
c0354	posthoc_b__x_rank_biserial	0.79487179487179493	effectsize::rank_biserial
c0354	posthoc_b__y_diff	9	stats::median
c0354	posthoc_b__y_diff_wilcoxest	8.9999490700446962	rstatix::wilcox_test
c0354	posthoc_b__y_p	0.0030046313169568733	stats::wilcox.test
c0354	posthoc_b__y_padj	0.012018525267827493	stats::p.adjust
c0354	posthoc_b__y_u	133	stats::wilcox.test
c0354	posthoc_b__y_rank_biserial	0.70512820512820507	effectsize::rank_biserial
c0354	posthoc_x__y_diff	-1	stats::median
c0354	posthoc_x__y_diff_wilcoxest	-1.0000351180304758	rstatix::wilcox_test
c0354	posthoc_x__y_p	0.2833732426869956	stats::wilcox.test
c0354	posthoc_x__y_padj	0.2833732426869956	stats::p.adjust
c0354	posthoc_x__y_u	53	stats::wilcox.test
c0354	posthoc_x__y_rank_biserial	-0.26388888888888884	effectsize::rank_biserial
c0355	n	50	base::length
c0355	k	4	base::length
c0355	posthoc_a__b_diff	-3	stats::median
c0355	posthoc_a__b_diff_wilcoxest	-3.0000274040294923	rstatix::wilcox_test
c0355	posthoc_a__b_p	0.075897039213987744	stats::wilcox.test
c0355	posthoc_a__b_padj	0.09107644705678529	stats::p.adjust
c0355	posthoc_a__b_u	49.5	stats::wilcox.test
c0355	posthoc_a__b_rank_biserial	-0.41420118343195261	effectsize::rank_biserial
c0355	posthoc_a__x_diff	8	stats::median
c0355	posthoc_a__x_diff_wilcoxest	7.9999792391370148	rstatix::wilcox_test
c0355	posthoc_a__x_p	0.00079781019682481917	stats::wilcox.test
c0355	posthoc_a__x_padj	0.0023934305904744577	stats::p.adjust
c0355	posthoc_a__x_u	140	stats::wilcox.test
c0355	posthoc_a__x_rank_biserial	0.79487179487179493	effectsize::rank_biserial
c0355	posthoc_a__y_diff	6	stats::median
c0355	posthoc_a__y_diff_wilcoxest	6.0000081027055581	rstatix::wilcox_test
c0355	posthoc_a__y_p	0.011366834422003123	stats::wilcox.test
c0355	posthoc_a__y_padj	0.017050251633004686	stats::p.adjust
c0355	posthoc_a__y_u	125	stats::wilcox.test
c0355	posthoc_a__y_rank_biserial	0.60256410256410264	effectsize::rank_biserial
c0355	posthoc_b__x_diff	11	stats::median
c0355	posthoc_b__x_diff_wilcoxest	10.999978892853434	rstatix::wilcox_test
c0355	posthoc_b__x_p	0.0007959431067219154	stats::wilcox.test
c0355	posthoc_b__x_padj	0.0023934305904744577	stats::p.adjust
c0355	posthoc_b__x_u	140	stats::wilcox.test
c0355	posthoc_b__x_rank_biserial	0.79487179487179493	effectsize::rank_biserial
c0355	posthoc_b__y_diff	9	stats::median
c0355	posthoc_b__y_diff_wilcoxest	8.9999490700446962	rstatix::wilcox_test
c0355	posthoc_b__y_p	0.0030046313169568733	stats::wilcox.test
c0355	posthoc_b__y_padj	0.0060092626339137466	stats::p.adjust
c0355	posthoc_b__y_u	133	stats::wilcox.test
c0355	posthoc_b__y_rank_biserial	0.70512820512820507	effectsize::rank_biserial
c0355	posthoc_x__y_diff	-1	stats::median
c0355	posthoc_x__y_diff_wilcoxest	-1.0000351180304758	rstatix::wilcox_test
c0355	posthoc_x__y_p	0.2833732426869956	stats::wilcox.test
c0355	posthoc_x__y_padj	0.2833732426869956	stats::p.adjust
c0355	posthoc_x__y_u	53	stats::wilcox.test
c0355	posthoc_x__y_rank_biserial	-0.26388888888888884	effectsize::rank_biserial
c0356	n	50	base::length
c0356	k	4	base::length
c0356	posthoc_a__b_diff	-2.615384615384615	stats::mean
c0356	posthoc_a__b_f	0.90435251108501868	stats::pf
c0356	posthoc_a__b_padj	0.44632441093708153	stats::pf
c0356	posthoc_a__b_ci_low	-7.2229966096121441	stats::qf
c0356	posthoc_a__b_ci_high	1.9922273788429141	stats::qf
c0356	posthoc_a__x_diff	6.8782051282051277	stats::mean
c0356	posthoc_a__x_f	6.0046555492214759	stats::pf
c0356	posthoc_a__x_padj	0.0015332096600119112	stats::pf
c0356	posthoc_a__x_ci_low	2.1755808287946792	stats::qf
c0356	posthoc_a__x_ci_high	11.580829427615576	stats::qf
c0356	posthoc_a__y_diff	5.0448717948717947	stats::mean
c0356	posthoc_a__y_f	3.2302647660796833	stats::pf
c0356	posthoc_a__y_padj	0.030829001222084682	stats::pf
c0356	posthoc_a__y_ci_low	0.34224749546134614	stats::qf
c0356	posthoc_a__y_ci_high	9.7474960942822442	stats::qf
c0356	posthoc_b__x_diff	9.4935897435897427	stats::mean
c0356	posthoc_b__x_f	11.439282168777096	stats::pf
c0356	posthoc_b__x_padj	1.000167424732588e-05	stats::pf
c0356	posthoc_b__x_ci_low	4.7909654441792942	stats::qf
c0356	posthoc_b__x_ci_high	14.196214043000191	stats::qf
c0356	posthoc_b__y_diff	7.6602564102564097	stats::mean
c0356	posthoc_b__y_f	7.4477393001279353	stats::pf
c0356	posthoc_b__y_padj	0.00036352691043903458	stats::pf
c0356	posthoc_b__y_ci_low	2.9576321108459611	stats::qf
c0356	posthoc_b__y_ci_high	12.362880709666857	stats::qf
c0356	posthoc_x__y_diff	-1.8333333333333335	stats::mean
c0356	posthoc_x__y_f	0.41019218567956606	stats::pf
c0356	posthoc_x__y_padj	0.74642677642109279	stats::pf
c0356	posthoc_x__y_ci_low	-6.6290879468912287	stats::qf
c0356	posthoc_x__y_ci_high	2.9624212802245613	stats::qf
c0357	factor1_name	voice_type	r::slug
c0357	factor2_name	task	r::slug
c0357	voice_type_ss	450.37798261337775	car::Anova
c0357	voice_type_df	1	car::Anova
c0357	voice_type_f	78.198031212544791	car::Anova
c0357	voice_type_p	2.5707566066100899e-11	car::Anova
c0357	voice_type_ms	450.37798261337775	car::Anova
c0357	voice_type_partial_eta_squared	0.63992873237483894	effectsize::eta_squared
c0357	voice_type_eta_squared	0.24871955644791766	effectsize::eta_squared
c0357	task_ss	1092.162604968245	car::Anova
c0357	task_df	1	car::Anova
c0357	task_f	189.62953068200059	car::Anova
c0357	task_p	1.4765254267501451e-17	car::Anova
c0357	task_ms	1092.162604968245	car::Anova
c0357	task_partial_eta_squared	0.81166764376251055	effectsize::eta_squared
c0357	task_eta_squared	0.60314271381665785	effectsize::eta_squared
c0357	voice_type__task_ss	14.829795130343484	car::Anova
c0357	voice_type__task_df	1	car::Anova
c0357	voice_type__task_f	2.5748611771587049	car::Anova
c0357	voice_type__task_p	0.115728333257163	car::Anova
c0357	voice_type__task_ms	14.829795130343484	car::Anova
c0357	voice_type__task_partial_eta_squared	0.055284355381427765	effectsize::eta_squared
c0357	voice_type__task_eta_squared	0.0081896988960911098	effectsize::eta_squared
c0357	ss_within	253.41598666501429	car::Anova
c0357	df_within	44	car::Anova
c0357	ms_within	5.7594542423866883	car::Anova
c0357	ss_total	1810.7863693769805	car::Anova
c0357	df_total	47	car::Anova
c0357	n	48	base::length
c0358	factor1_name	task	r::slug
c0358	factor2_name	voice_type	r::slug
c0358	task_ss	1092.162604968245	car::Anova
c0358	task_df	1	car::Anova
c0358	task_f	189.62953068200065	car::Anova
c0358	task_p	1.4765254267501347e-17	car::Anova
c0358	task_ms	1092.162604968245	car::Anova
c0358	task_partial_eta_squared	0.81166764376251055	effectsize::eta_squared
c0358	task_eta_squared	0.60314271381665774	effectsize::eta_squared
c0358	voice_type_ss	450.37798261337798	car::Anova
c0358	voice_type_df	1	car::Anova
c0358	voice_type_f	78.198031212544862	car::Anova
c0358	voice_type_p	2.5707566066100534e-11	car::Anova
c0358	voice_type_ms	450.37798261337798	car::Anova
c0358	voice_type_partial_eta_squared	0.63992873237483916	effectsize::eta_squared
c0358	voice_type_eta_squared	0.24871955644791774	effectsize::eta_squared
c0358	task__voice_type_ss	14.829795130343513	car::Anova
c0358	task__voice_type_df	1	car::Anova
c0358	task__voice_type_f	2.5748611771587107	car::Anova
c0358	task__voice_type_p	0.11572833325716257	car::Anova
c0358	task__voice_type_ms	14.829795130343513	car::Anova
c0358	task__voice_type_partial_eta_squared	0.055284355381427876	effectsize::eta_squared
c0358	task__voice_type_eta_squared	0.0081896988960911236	effectsize::eta_squared
c0358	ss_within	253.4159866650142	car::Anova
c0358	df_within	44	car::Anova
c0358	ms_within	5.7594542423866866	car::Anova
c0358	ss_total	1810.7863693769807	car::Anova
c0358	df_total	47	car::Anova
c0358	n	48	base::length
c0359	refused	1	r::refuseCell
c0359	refuse_reason	data column 'subject' holds no numbers	r::refuseCell
c0360	t	7.7259678312844189	stats::t.test
c0360	df	19	stats::t.test
c0360	p	2.8014379320513355e-07	stats::t.test
c0360	cohens_dz	1.7275789262728587	effectsize::cohens_d
c0360	cohens_dz	1.7275789262728587	rstatix::cohens_d
c0360	n	20	base::sum
c0360	n_excluded	0	base::sum
c0360	mean_group1	2.6955921930380291	stats::mean
c0360	mean_group2	1.9671256945495916	stats::mean
c0360	sd_group1	0.82260671247261807	stats::sd
c0360	sd_group2	0.91747418330479447	stats::sd
c0360	median_group1	2.6830411098185585	stats::median
c0360	median_group2	2.2803311366839587	stats::median
c0360	mean_diff	0.72846649848843747	stats::mean
c0361	w_statistic	207	stats::wilcox.test
c0361	p	9.5367431640625e-06	stats::wilcox.test
c0361	rank_biserial	0.97142857142857153	effectsize::rank_biserial
c0361	wilcox_r	0.8514795485522757	rstatix::wilcox_effsize
c0361	p_method	exact	r::composePMethod
c0361	n	20	base::sum
c0361	n_excluded	0	base::sum
c0361	mean_group1	2.6955921930380291	stats::mean
c0361	mean_group2	1.9671256945495916	stats::mean
c0361	sd_group1	0.82260671247261807	stats::sd
c0361	sd_group2	0.91747418330479447	stats::sd
c0361	median_group1	2.6830411098185585	stats::median
c0361	median_group2	2.2803311366839587	stats::median
c0361	mean_diff	0.72846649848843747	stats::mean
c0362	t	7.7259678312844189	stats::t.test
c0362	df	19	stats::t.test
c0362	p	2.8014379320513355e-07	stats::t.test
c0362	cohens_dz	1.7275789262728587	effectsize::cohens_d
c0362	cohens_dz	1.7275789262728587	rstatix::cohens_d
c0362	w_statistic	207	stats::wilcox.test
c0362	wilcoxon_p	9.5367431640625e-06	stats::wilcox.test
c0362	rank_biserial	0.97142857142857153	effectsize::rank_biserial
c0362	wilcox_r	0.8514795485522757	rstatix::wilcox_effsize
c0362	p_method	exact	r::composePMethod
c0362	n	20	base::sum
c0362	n_excluded	0	base::sum
c0362	mean_group1	2.6955921930380291	stats::mean
c0362	mean_group2	1.9671256945495916	stats::mean
c0362	sd_group1	0.82260671247261807	stats::sd
c0362	sd_group2	0.91747418330479447	stats::sd
c0362	median_group1	2.6830411098185585	stats::median
c0362	median_group2	2.2803311366839587	stats::median
c0362	mean_diff	0.72846649848843747	stats::mean
c0363	t	-10.682708315740689	stats::t.test
c0363	df	19	stats::t.test
c0363	p	1.797827788087545e-09	stats::t.test
c0363	cohens_dz	-2.3887261977798464	effectsize::cohens_d
c0363	cohens_dz	-2.3887261977798464	rstatix::cohens_d
c0363	n	20	base::sum
c0363	n_excluded	0	base::sum
c0363	mean_group1	17.760917585388263	stats::mean
c0363	mean_group2	20.854932330675442	stats::mean
c0363	sd_group1	4.0883562770579305	stats::sd
c0363	sd_group2	4.3585907095740231	stats::sd
c0363	median_group1	17.43443154557982	stats::median
c0363	median_group2	21.288777851910179	stats::median
c0363	mean_diff	-3.0940147452871791	stats::mean
c0364	w_statistic	0	stats::wilcox.test
c0364	p	1.9073486328125e-06	stats::wilcox.test
c0364	rank_biserial	-1	effectsize::rank_biserial
c0364	wilcox_r	0.87652306468616625	rstatix::wilcox_effsize
c0364	p_method	exact	r::composePMethod
c0364	n	20	base::sum
c0364	n_excluded	0	base::sum
c0364	mean_group1	17.760917585388263	stats::mean
c0364	mean_group2	20.854932330675442	stats::mean
c0364	sd_group1	4.0883562770579305	stats::sd
c0364	sd_group2	4.3585907095740231	stats::sd
c0364	median_group1	17.43443154557982	stats::median
c0364	median_group2	21.288777851910179	stats::median
c0364	mean_diff	-3.0940147452871791	stats::mean
c0365	t	-10.682708315740689	stats::t.test
c0365	df	19	stats::t.test
c0365	p	1.797827788087545e-09	stats::t.test
c0365	cohens_dz	-2.3887261977798464	effectsize::cohens_d
c0365	cohens_dz	-2.3887261977798464	rstatix::cohens_d
c0365	w_statistic	0	stats::wilcox.test
c0365	wilcoxon_p	1.9073486328125e-06	stats::wilcox.test
c0365	rank_biserial	-1	effectsize::rank_biserial
c0365	wilcox_r	0.87652306468616625	rstatix::wilcox_effsize
c0365	p_method	exact	r::composePMethod
c0365	n	20	base::sum
c0365	n_excluded	0	base::sum
c0365	mean_group1	17.760917585388263	stats::mean
c0365	mean_group2	20.854932330675442	stats::mean
c0365	sd_group1	4.0883562770579305	stats::sd
c0365	sd_group2	4.3585907095740231	stats::sd
c0365	median_group1	17.43443154557982	stats::median
c0365	median_group2	21.288777851910179	stats::median
c0365	mean_diff	-3.0940147452871791	stats::mean
c0366	t	-16.121390465581012	stats::t.test
c0366	df	19	stats::t.test
c0366	p	1.5384454826386038e-12	stats::t.test
c0366	cohens_dz	-3.6048524972856129	effectsize::cohens_d
c0366	cohens_dz	-3.6048524972856129	rstatix::cohens_d
c0366	n	20	base::sum
c0366	n_excluded	0	base::sum
c0366	mean_group1	72.464569999999995	stats::mean
c0366	mean_group2	83.354605000000006	stats::mean
c0366	sd_group1	2.7435289036874426	stats::sd
c0366	sd_group2	3.674522263752908	stats::sd
c0366	median_group1	72.991500000000002	stats::median
c0366	median_group2	83.470550000000003	stats::median
c0366	mean_diff	-10.890035000000012	stats::mean
c0367	w_statistic	0	stats::wilcox.test
c0367	p	1.9073486328125e-06	stats::wilcox.test
c0367	rank_biserial	-1	effectsize::rank_biserial
c0367	wilcox_r	0.87652306468616625	rstatix::wilcox_effsize
c0367	p_method	exact	r::composePMethod
c0367	n	20	base::sum
c0367	n_excluded	0	base::sum
c0367	mean_group1	72.464569999999995	stats::mean
c0367	mean_group2	83.354605000000006	stats::mean
c0367	sd_group1	2.7435289036874426	stats::sd
c0367	sd_group2	3.674522263752908	stats::sd
c0367	median_group1	72.991500000000002	stats::median
c0367	median_group2	83.470550000000003	stats::median
c0367	mean_diff	-10.890035000000012	stats::mean
c0368	t	-16.121390465581012	stats::t.test
c0368	df	19	stats::t.test
c0368	p	1.5384454826386038e-12	stats::t.test
c0368	cohens_dz	-3.6048524972856129	effectsize::cohens_d
c0368	cohens_dz	-3.6048524972856129	rstatix::cohens_d
c0368	w_statistic	0	stats::wilcox.test
c0368	wilcoxon_p	1.9073486328125e-06	stats::wilcox.test
c0368	rank_biserial	-1	effectsize::rank_biserial
c0368	wilcox_r	0.87652306468616625	rstatix::wilcox_effsize
c0368	p_method	exact	r::composePMethod
c0368	n	20	base::sum
c0368	n_excluded	0	base::sum
c0368	mean_group1	72.464569999999995	stats::mean
c0368	mean_group2	83.354605000000006	stats::mean
c0368	sd_group1	2.7435289036874426	stats::sd
c0368	sd_group2	3.674522263752908	stats::sd
c0368	median_group1	72.991500000000002	stats::median
c0368	median_group2	83.470550000000003	stats::median
c0368	mean_diff	-10.890035000000012	stats::mean
c0369	t	-15.011359066653755	stats::t.test
c0369	df	19	stats::t.test
c0369	p	5.431213120434682e-12	stats::t.test
c0369	cohens_dz	-3.356641930769559	effectsize::cohens_d
c0369	cohens_dz	-3.356641930769559	rstatix::cohens_d
c0369	n	20	base::sum
c0369	n_excluded	0	base::sum
c0369	mean_group1	83.354605000000006	stats::mean
c0369	mean_group2	94.129405000000006	stats::mean
c0369	sd_group1	3.674522263752908	stats::sd
c0369	sd_group2	2.7484903702281436	stats::sd
c0369	median_group1	83.470550000000003	stats::median
c0369	median_group2	94.7059	stats::median
c0369	mean_diff	-10.774799999999999	stats::mean
c0370	w_statistic	0	stats::wilcox.test
c0370	p	1.9073486328125e-06	stats::wilcox.test
c0370	rank_biserial	-1	effectsize::rank_biserial
c0370	wilcox_r	0.87652306468616625	rstatix::wilcox_effsize
c0370	p_method	exact	r::composePMethod
c0370	n	20	base::sum
c0370	n_excluded	0	base::sum
c0370	mean_group1	83.354605000000006	stats::mean
c0370	mean_group2	94.129405000000006	stats::mean
c0370	sd_group1	3.674522263752908	stats::sd
c0370	sd_group2	2.7484903702281436	stats::sd
c0370	median_group1	83.470550000000003	stats::median
c0370	median_group2	94.7059	stats::median
c0370	mean_diff	-10.774799999999999	stats::mean
c0371	t	-15.011359066653755	stats::t.test
c0371	df	19	stats::t.test
c0371	p	5.431213120434682e-12	stats::t.test
c0371	cohens_dz	-3.356641930769559	effectsize::cohens_d
c0371	cohens_dz	-3.356641930769559	rstatix::cohens_d
c0371	w_statistic	0	stats::wilcox.test
c0371	wilcoxon_p	1.9073486328125e-06	stats::wilcox.test
c0371	rank_biserial	-1	effectsize::rank_biserial
c0371	wilcox_r	0.87652306468616625	rstatix::wilcox_effsize
c0371	p_method	exact	r::composePMethod
c0371	n	20	base::sum
c0371	n_excluded	0	base::sum
c0371	mean_group1	83.354605000000006	stats::mean
c0371	mean_group2	94.129405000000006	stats::mean
c0371	sd_group1	3.674522263752908	stats::sd
c0371	sd_group2	2.7484903702281436	stats::sd
c0371	median_group1	83.470550000000003	stats::median
c0371	median_group2	94.7059	stats::median
c0371	mean_diff	-10.774799999999999	stats::mean
c0372	t	-44.607819307312695	stats::t.test
c0372	df	19	stats::t.test
c0372	p	1.0687107473120892e-20	stats::t.test
c0372	cohens_dz	-9.9746116299178755	effectsize::cohens_d
c0372	cohens_dz	-9.9746116299178755	rstatix::cohens_d
c0372	n	20	base::sum
c0372	n_excluded	0	base::sum
c0372	mean_group1	72.464569999999995	stats::mean
c0372	mean_group2	94.129405000000006	stats::mean
c0372	sd_group1	2.7435289036874426	stats::sd
c0372	sd_group2	2.7484903702281436	stats::sd
c0372	median_group1	72.991500000000002	stats::median
c0372	median_group2	94.7059	stats::median
c0372	mean_diff	-21.664835000000011	stats::mean
c0373	w_statistic	0	stats::wilcox.test
c0373	p	1.9073486328125e-06	stats::wilcox.test
c0373	rank_biserial	-1	effectsize::rank_biserial
c0373	wilcox_r	0.87652306468616625	rstatix::wilcox_effsize
c0373	p_method	exact	r::composePMethod
c0373	n	20	base::sum
c0373	n_excluded	0	base::sum
c0373	mean_group1	72.464569999999995	stats::mean
c0373	mean_group2	94.129405000000006	stats::mean
c0373	sd_group1	2.7435289036874426	stats::sd
c0373	sd_group2	2.7484903702281436	stats::sd
c0373	median_group1	72.991500000000002	stats::median
c0373	median_group2	94.7059	stats::median
c0373	mean_diff	-21.664835000000011	stats::mean
c0374	t	-44.607819307312695	stats::t.test
c0374	df	19	stats::t.test
c0374	p	1.0687107473120892e-20	stats::t.test
c0374	cohens_dz	-9.9746116299178755	effectsize::cohens_d
c0374	cohens_dz	-9.9746116299178755	rstatix::cohens_d
c0374	w_statistic	0	stats::wilcox.test
c0374	wilcoxon_p	1.9073486328125e-06	stats::wilcox.test
c0374	rank_biserial	-1	effectsize::rank_biserial
c0374	wilcox_r	0.87652306468616625	rstatix::wilcox_effsize
c0374	p_method	exact	r::composePMethod
c0374	n	20	base::sum
c0374	n_excluded	0	base::sum
c0374	mean_group1	72.464569999999995	stats::mean
c0374	mean_group2	94.129405000000006	stats::mean
c0374	sd_group1	2.7435289036874426	stats::sd
c0374	sd_group2	2.7484903702281436	stats::sd
c0374	median_group1	72.991500000000002	stats::median
c0374	median_group2	94.7059	stats::median
c0374	mean_diff	-21.664835000000011	stats::mean
c0375	t_undefined	1	stats::t.test
c0375	df_undefined	1	stats::t.test
c0375	cohens_dz_undefined	1	effectsize::cohens_d
c0375	refused	1	r::refuseCell
c0375	refuse_reason	No paired test could be run: n=4 complete pairs and every pair has the same difference (zero variance in the differences).	r::refuseCell
c0376	w_statistic	0	stats::wilcox.test
c0376	p	0.071860638225851606	stats::wilcox.test
c0376	rank_biserial	-1	effectsize::rank_biserial
c0376	wilcox_r	1	rstatix::wilcox_effsize
c0376	p_method	normal approximation (ties present)	r::composePMethod
c0376	n	4	base::sum
c0376	n_excluded	0	base::sum
c0376	mean_group1	66.075000000000003	stats::mean
c0376	mean_group2	76.075000000000003	stats::mean
c0376	sd_group1	4.7119528860123339	stats::sd
c0376	sd_group2	4.7119528860123339	stats::sd
c0376	median_group1	66.5	stats::median
c0376	median_group2	76.5	stats::median
c0376	mean_diff	-10	stats::mean
c0377	t_undefined	1	stats::t.test
c0377	df_undefined	1	stats::t.test
c0377	cohens_dz_undefined	1	effectsize::cohens_d
c0377	w_statistic	0	stats::wilcox.test
c0377	p	0.071860638225851606	stats::wilcox.test
c0377	wilcoxon_p_undefined	1	stats::wilcox.test
c0377	rank_biserial	-1	effectsize::rank_biserial
c0377	wilcox_r	1	rstatix::wilcox_effsize
c0377	p_method	normal approximation (ties present)	r::composePMethod
c0377	n	4	base::sum
c0377	n_excluded	0	base::sum
c0377	mean_group1	66.075000000000003	stats::mean
c0377	mean_group2	76.075000000000003	stats::mean
c0377	sd_group1	4.7119528860123339	stats::sd
c0377	sd_group2	4.7119528860123339	stats::sd
c0377	median_group1	66.5	stats::median
c0377	median_group2	76.5	stats::median
c0377	mean_diff	-10	stats::mean
c0378	t	-9	stats::t.test
c0378	df	1	stats::t.test
c0378	p	0.070446574954554544	stats::t.test
c0378	cohens_dz	-6.3639610306789276	effectsize::cohens_d
c0378	cohens_dz	-6.3639610306789276	rstatix::cohens_d
c0378	n	2	base::sum
c0378	n_excluded	0	base::sum
c0378	mean_group1	11	stats::mean
c0378	mean_group2	15.5	stats::mean
c0378	sd_group1	1.4142135623730951	stats::sd
c0378	sd_group2	2.1213203435596424	stats::sd
c0378	median_group1	11	stats::median
c0378	median_group2	15.5	stats::median
c0378	mean_diff	-4.5	stats::mean
c0379	w_statistic	0	stats::wilcox.test
c0379	p	0.5	stats::wilcox.test
c0379	rank_biserial	-1	effectsize::rank_biserial
c0379	wilcox_r	0.94868329805051377	rstatix::wilcox_effsize
c0379	p_method	exact	r::composePMethod
c0379	n	2	base::sum
c0379	n_excluded	0	base::sum
c0379	mean_group1	11	stats::mean
c0379	mean_group2	15.5	stats::mean
c0379	sd_group1	1.4142135623730951	stats::sd
c0379	sd_group2	2.1213203435596424	stats::sd
c0379	median_group1	11	stats::median
c0379	median_group2	15.5	stats::median
c0379	mean_diff	-4.5	stats::mean
c0380	t	-9	stats::t.test
c0380	df	1	stats::t.test
c0380	p	0.070446574954554544	stats::t.test
c0380	cohens_dz	-6.3639610306789276	effectsize::cohens_d
c0380	cohens_dz	-6.3639610306789276	rstatix::cohens_d
c0380	w_statistic	0	stats::wilcox.test
c0380	wilcoxon_p	0.5	stats::wilcox.test
c0380	rank_biserial	-1	effectsize::rank_biserial
c0380	wilcox_r	0.94868329805051377	rstatix::wilcox_effsize
c0380	p_method	exact	r::composePMethod
c0380	n	2	base::sum
c0380	n_excluded	0	base::sum
c0380	mean_group1	11	stats::mean
c0380	mean_group2	15.5	stats::mean
c0380	sd_group1	1.4142135623730951	stats::sd
c0380	sd_group2	2.1213203435596424	stats::sd
c0380	median_group1	11	stats::median
c0380	median_group2	15.5	stats::median
c0380	mean_diff	-4.5	stats::mean
c0381	t_undefined	1	stats::t.test
c0381	df_undefined	1	stats::t.test
c0381	cohens_dz_undefined	1	effectsize::cohens_d
c0381	refused	1	r::refuseCell
c0381	refuse_reason	No paired test could be run: n=4 complete pairs and every pair has the same difference (zero variance in the differences).	r::refuseCell
c0382	w_statistic	0	stats::wilcox.test
c0382	p	0.071860638225851606	stats::wilcox.test
c0382	rank_biserial	-1	effectsize::rank_biserial
c0382	wilcox_r	1	rstatix::wilcox_effsize
c0382	p_method	normal approximation (ties present)	r::composePMethod
c0382	n	4	base::sum
c0382	n_excluded	1	base::sum
c0382	mean_group1	72.299999999999997	stats::mean
c0382	mean_group2	82.299999999999997	stats::mean
c0382	sd_group1	2.0083160441856118	stats::sd
c0382	sd_group2	2.0083160441856118	stats::sd
c0382	median_group1	72.300000000000011	stats::median
c0382	median_group2	82.300000000000011	stats::median
c0382	mean_diff	-10	stats::mean
c0383	t_undefined	1	stats::t.test
c0383	df_undefined	1	stats::t.test
c0383	cohens_dz_undefined	1	effectsize::cohens_d
c0383	w_statistic	0	stats::wilcox.test
c0383	p	0.071860638225851606	stats::wilcox.test
c0383	wilcoxon_p_undefined	1	stats::wilcox.test
c0383	rank_biserial	-1	effectsize::rank_biserial
c0383	wilcox_r	1	rstatix::wilcox_effsize
c0383	p_method	normal approximation (ties present)	r::composePMethod
c0383	n	4	base::sum
c0383	n_excluded	1	base::sum
c0383	mean_group1	72.299999999999997	stats::mean
c0383	mean_group2	82.299999999999997	stats::mean
c0383	sd_group1	2.0083160441856118	stats::sd
c0383	sd_group2	2.0083160441856118	stats::sd
c0383	median_group1	72.300000000000011	stats::median
c0383	median_group2	82.300000000000011	stats::median
c0383	mean_diff	-10	stats::mean
c0384	t_undefined	1	stats::t.test
c0384	df_undefined	1	stats::t.test
c0384	cohens_dz_undefined	1	effectsize::cohens_d
c0384	refused	1	r::refuseCell
c0384	refuse_reason	No paired test could be run: n=6 complete pairs and every pair has the same difference (zero variance in the differences).	r::refuseCell
c0385	n	30	base::sum
c0385	r	0.96804799619014614	stats::cor.test
c0385	t	20.427208112165175	stats::cor.test
c0385	df	28	stats::cor.test
c0385	p	2.328594701500068e-18	stats::cor.test
c0385	p_method	t distribution	stats::cor.test
c0386	n	30	base::sum
c0386	rho	0.9449327013639448	stats::cor.test
c0386	spearman_s	247.5275073690681	stats::cor.test
c0386	p	4.1166089969423103e-15	stats::cor.test
c0386	p_method	t approximation (ties present)	r::composePMethod
c0386	spearman_p_asymptotic	4.1166089969423103e-15	stats::cor.test
c0387	n	30	base::sum
c0387	r	0.96804799619014614	stats::cor.test
c0387	t	20.427208112165175	stats::cor.test
c0387	df	28	stats::cor.test
c0387	p	2.328594701500068e-18	stats::cor.test
c0387	p_method	t distribution	stats::cor.test
c0387	rho	0.9449327013639448	stats::cor.test
c0387	spearman_s	247.5275073690681	stats::cor.test
c0387	spearman_p	4.1166089969423103e-15	stats::cor.test
c0387	spearman_p_method	t approximation (ties present)	r::composePMethod
c0387	spearman_p_asymptotic	4.1166089969423103e-15	stats::cor.test
c0388	n	30	base::sum
c0388	r	-0.015837357457590455	stats::cor.test
c0388	t	-0.083813930357890781	stats::cor.test
c0388	df	28	stats::cor.test
c0388	p	0.93380074114207734	stats::cor.test
c0388	p_method	t distribution	stats::cor.test
c0389	n	30	base::sum
c0389	rho	-0.054108228505158736	stats::cor.test
c0389	spearman_s	4738.2164871306895	stats::cor.test
c0389	p	0.77642721425223626	stats::cor.test
c0389	p_method	t approximation (ties present)	r::composePMethod
c0389	spearman_p_asymptotic	0.77642721425223626	stats::cor.test
c0390	n	30	base::sum
c0390	r	-0.015837357457590455	stats::cor.test
c0390	t	-0.083813930357890781	stats::cor.test
c0390	df	28	stats::cor.test
c0390	p	0.93380074114207734	stats::cor.test
c0390	p_method	t distribution	stats::cor.test
c0390	rho	-0.054108228505158736	stats::cor.test
c0390	spearman_s	4738.2164871306895	stats::cor.test
c0390	spearman_p	0.77642721425223626	stats::cor.test
c0390	spearman_p_method	t approximation (ties present)	r::composePMethod
c0390	spearman_p_asymptotic	0.77642721425223626	stats::cor.test
c0391	n	30	base::sum
c0391	r	0.0084139243068558599	stats::cor.test
c0391	t	0.044523878574469607	stats::cor.test
c0391	df	28	stats::cor.test
c0391	p	0.96480283738478745	stats::cor.test
c0391	p_method	t distribution	stats::cor.test
c0392	n	30	base::sum
c0392	rho	-0.074807993323989949	stats::cor.test
c0392	spearman_s	4831.2619299913349	stats::cor.test
c0392	p	0.69440733639700902	stats::cor.test
c0392	p_method	t approximation (ties present)	r::composePMethod
c0392	spearman_p_asymptotic	0.69440733639700902	stats::cor.test
c0393	n	30	base::sum
c0393	r	0.0084139243068558599	stats::cor.test
c0393	t	0.044523878574469607	stats::cor.test
c0393	df	28	stats::cor.test
c0393	p	0.96480283738478745	stats::cor.test
c0393	p_method	t distribution	stats::cor.test
c0393	rho	-0.074807993323989949	stats::cor.test
c0393	spearman_s	4831.2619299913349	stats::cor.test
c0393	spearman_p	0.69440733639700902	stats::cor.test
c0393	spearman_p_method	t approximation (ties present)	r::composePMethod
c0393	spearman_p_asymptotic	0.69440733639700902	stats::cor.test
c0394	n	25	base::sum
c0394	r	0.90003286411186134	stats::cor.test
c0394	t	9.9040563933312757	stats::cor.test
c0394	df	23	stats::cor.test
c0394	p	9.1668540326961474e-10	stats::cor.test
c0394	p_method	t distribution	stats::cor.test
c0395	n	25	base::sum
c0395	rho	0.90135042072025506	stats::cor.test
c0395	spearman_s	256.48890612733686	stats::cor.test
c0395	p	7.9221692798003286e-10	stats::cor.test
c0395	p_method	t approximation (ties present)	r::composePMethod
c0395	spearman_p_asymptotic	7.9221692798003286e-10	stats::cor.test
c0396	n	25	base::sum
c0396	r	0.90003286411186134	stats::cor.test
c0396	t	9.9040563933312757	stats::cor.test
c0396	df	23	stats::cor.test
c0396	p	9.1668540326961474e-10	stats::cor.test
c0396	p_method	t distribution	stats::cor.test
c0396	rho	0.90135042072025506	stats::cor.test
c0396	spearman_s	256.48890612733686	stats::cor.test
c0396	spearman_p	7.9221692798003286e-10	stats::cor.test
c0396	spearman_p_method	t approximation (ties present)	r::composePMethod
c0396	spearman_p_asymptotic	7.9221692798003286e-10	stats::cor.test
c0397	n	25	base::sum
c0397	r	0.89468705252941894	stats::cor.test
c0397	t	9.6056209073325203	stats::cor.test
c0397	df	23	stats::cor.test
c0397	p	1.624319468422611e-09	stats::cor.test
c0397	p_method	t distribution	stats::cor.test
c0398	n	25	base::sum
c0398	rho	0.93253911757197949	stats::cor.test
c0398	spearman_s	175.39829431285332	stats::cor.test
c0398	p	1.1713696502980397e-11	stats::cor.test
c0398	p_method	t approximation (ties present)	r::composePMethod
c0398	spearman_p_asymptotic	1.1713696502980397e-11	stats::cor.test
c0399	n	25	base::sum
c0399	r	0.89468705252941894	stats::cor.test
c0399	t	9.6056209073325203	stats::cor.test
c0399	df	23	stats::cor.test
c0399	p	1.624319468422611e-09	stats::cor.test
c0399	p_method	t distribution	stats::cor.test
c0399	rho	0.93253911757197949	stats::cor.test
c0399	spearman_s	175.39829431285332	stats::cor.test
c0399	spearman_p	1.1713696502980397e-11	stats::cor.test
c0399	spearman_p_method	t approximation (ties present)	r::composePMethod
c0399	spearman_p_asymptotic	1.1713696502980397e-11	stats::cor.test
c0400	n	25	base::sum
c0400	r	0.78233636204521517	stats::cor.test
c0400	t	6.0237877192261315	stats::cor.test
c0400	df	23	stats::cor.test
c0400	p	3.8321982741035148e-06	stats::cor.test
c0400	p_method	t distribution	stats::cor.test
c0401	n	25	base::sum
c0401	rho	0.80977217318928596	stats::cor.test
c0401	spearman_s	494.5923497078565	stats::cor.test
c0401	p	9.4102713300180707e-07	stats::cor.test
c0401	p_method	t approximation (ties present)	r::composePMethod
c0401	spearman_p_asymptotic	9.4102713300180707e-07	stats::cor.test
c0402	n	25	base::sum
c0402	r	0.78233636204521517	stats::cor.test
c0402	t	6.0237877192261315	stats::cor.test
c0402	df	23	stats::cor.test
c0402	p	3.8321982741035148e-06	stats::cor.test
c0402	p_method	t distribution	stats::cor.test
c0402	rho	0.80977217318928596	stats::cor.test
c0402	spearman_s	494.5923497078565	stats::cor.test
c0402	spearman_p	9.4102713300180707e-07	stats::cor.test
c0402	spearman_p_method	t approximation (ties present)	r::composePMethod
c0402	spearman_p_asymptotic	9.4102713300180707e-07	stats::cor.test
c0403	n	25	base::sum
c0403	r	-0.98522651760444302	stats::cor.test
c0403	t	-27.590116681329782	stats::cor.test
c0403	df	23	stats::cor.test
c0403	p	3.9460844976751751e-19	stats::cor.test
c0403	p_method	t distribution	stats::cor.test
c0404	n	25	base::sum
c0404	rho	-0.97923076923076924	stats::cor.test
c0404	spearman_s	5146	stats::cor.test
c0404	p	6.3393626605910472e-07	stats::cor.test
c0404	p_method	exact	r::composePMethod
c0404	spearman_p_asymptotic	1.9265215950051216e-17	stats::cor.test
c0405	n	25	base::sum
c0405	r	-0.98522651760444302	stats::cor.test
c0405	t	-27.590116681329782	stats::cor.test
c0405	df	23	stats::cor.test
c0405	p	3.9460844976751751e-19	stats::cor.test
c0405	p_method	t distribution	stats::cor.test
c0405	rho	-0.97923076923076924	stats::cor.test
c0405	spearman_s	5146	stats::cor.test
c0405	spearman_p	6.3393626605910472e-07	stats::cor.test
c0405	spearman_p_method	exact	r::composePMethod
c0405	spearman_p_asymptotic	1.9265215950051216e-17	stats::cor.test
c0406	n	40	base::sum
c0406	r	0.1460944068312435	stats::cor.test
c0406	t	0.91035391049800429	stats::cor.test
c0406	df	38	stats::cor.test
c0406	p	0.36837451086680828	stats::cor.test
c0406	p_method	t distribution	stats::cor.test
c0407	n	40	base::sum
c0407	rho	0.25196998123827391	stats::cor.test
c0407	spearman_s	7974.0000000000009	stats::cor.test
c0407	p	0.11668526186103238	stats::cor.test
c0407	p_method	exact	r::composePMethod
c0407	spearman_p_asymptotic	0.11676629054937823	stats::cor.test
c0408	n	40	base::sum
c0408	r	0.1460944068312435	stats::cor.test
c0408	t	0.91035391049800429	stats::cor.test
c0408	df	38	stats::cor.test
c0408	p	0.36837451086680828	stats::cor.test
c0408	p_method	t distribution	stats::cor.test
c0408	rho	0.25196998123827391	stats::cor.test
c0408	spearman_s	7974.0000000000009	stats::cor.test
c0408	spearman_p	0.11668526186103238	stats::cor.test
c0408	spearman_p_method	exact	r::composePMethod
c0408	spearman_p_asymptotic	0.11676629054937823	stats::cor.test
c0409	n	40	base::sum
c0409	r	-0.10742636713545868	stats::cor.test
c0409	t	-0.66607514985000282	stats::cor.test
c0409	df	38	stats::cor.test
c0409	p	0.50938671006790015	stats::cor.test
c0409	p_method	t distribution	stats::cor.test
c0410	n	40	base::sum
c0410	rho	-0.072983114446529065	stats::cor.test
c0410	spearman_s	11438	stats::cor.test
c0410	p	0.65345608803343025	stats::cor.test
c0410	p_method	exact	r::composePMethod
c0410	spearman_p_asymptotic	0.65448048337883336	stats::cor.test
c0411	n	40	base::sum
c0411	r	-0.10742636713545868	stats::cor.test
c0411	t	-0.66607514985000282	stats::cor.test
c0411	df	38	stats::cor.test
c0411	p	0.50938671006790015	stats::cor.test
c0411	p_method	t distribution	stats::cor.test
c0411	rho	-0.072983114446529065	stats::cor.test
c0411	spearman_s	11438	stats::cor.test
c0411	spearman_p	0.65345608803343025	stats::cor.test
c0411	spearman_p_method	exact	r::composePMethod
c0411	spearman_p_asymptotic	0.65448048337883336	stats::cor.test
c0412	n	40	base::sum
c0412	r	-0.052456924968047582	stats::cor.test
c0412	t	-0.32381203121143637	stats::cor.test
c0412	df	38	stats::cor.test
c0412	p	0.74785588180541429	stats::cor.test
c0412	p_method	t distribution	stats::cor.test
c0413	n	40	base::sum
c0413	rho	-0.031332082551594739	stats::cor.test
c0413	spearman_s	10994	stats::cor.test
c0413	p	0.8475392800987146	stats::cor.test
c0413	p_method	exact	r::composePMethod
c0413	spearman_p_asymptotic	0.84780112486229386	stats::cor.test
c0414	n	40	base::sum
c0414	r	-0.052456924968047582	stats::cor.test
c0414	t	-0.32381203121143637	stats::cor.test
c0414	df	38	stats::cor.test
c0414	p	0.74785588180541429	stats::cor.test
c0414	p_method	t distribution	stats::cor.test
c0414	rho	-0.031332082551594739	stats::cor.test
c0414	spearman_s	10994	stats::cor.test
c0414	spearman_p	0.8475392800987146	stats::cor.test
c0414	spearman_p_method	exact	r::composePMethod
c0414	spearman_p_asymptotic	0.84780112486229386	stats::cor.test
c0415	n	20	base::sum
c0415	r	0.68718846455343119	stats::cor.test
c0415	t	4.0131827279879406	stats::cor.test
c0415	df	18	stats::cor.test
c0415	p	0.00081553122196992192	stats::cor.test
c0415	p_method	t distribution	stats::cor.test
c0416	n	20	base::sum
c0416	rho	0.62105263157894741	stats::cor.test
c0416	spearman_s	503.99999999999994	stats::cor.test
c0416	p	0.004222076026557788	stats::cor.test
c0416	p_method	exact	r::composePMethod
c0416	spearman_p_asymptotic	0.0034728102725411578	stats::cor.test
c0417	n	20	base::sum
c0417	r	0.68718846455343119	stats::cor.test
c0417	t	4.0131827279879406	stats::cor.test
c0417	df	18	stats::cor.test
c0417	p	0.00081553122196992192	stats::cor.test
c0417	p_method	t distribution	stats::cor.test
c0417	rho	0.62105263157894741	stats::cor.test
c0417	spearman_s	503.99999999999994	stats::cor.test
c0417	spearman_p	0.004222076026557788	stats::cor.test
c0417	spearman_p_method	exact	r::composePMethod
c0417	spearman_p_asymptotic	0.0034728102725411578	stats::cor.test
c0418	refused	1	r::refuseCell
c0418	refuse_reason	Need at least 3 complete pairs for correlation (found 2).	r::refuseCell
c0419	refused	1	r::refuseCell
c0419	refuse_reason	Zero variance in one column; correlation is undefined.	r::refuseCell
c0420	n	45	base::length
c0420	mean	88.951820183319271	psych::describe
c0420	sd	5.4387513398193805	psych::describe
c0420	median	90.091886470048735	psych::describe
c0420	min	77.735508254440091	psych::describe
c0420	max	99.727936596775294	psych::describe
c0420	range	21.992428342335202	psych::describe
c0420	sem	0.81076118057027957	psych::describe
c0420	skewness	-0.42230817014113459	psych::skew
c0420	kurtosis	-0.2855629514765563	psych::kurtosi
c0420	skewness_b1	-0.39457138662075392	psych::skew
c0420	kurtosis_b2	-0.50016075551404215	psych::kurtosi
c0420	variance	29.580016136387108	stats::var
c0420	q1	86.232994727831894	stats::quantile
c0420	q3	92.233697516748208	stats::quantile
c0420	iqr	6.000702788916314	stats::IQR
c0420	ci_low	87.317838389380185	stats::t.test
c0420	ci_high	90.585801977258356	stats::t.test
c0421	n	45	base::length
c0421	mean	5.4485270685188905	psych::describe
c0421	sd	0.70799057973451529	psych::describe
c0421	median	5.3679079289379894	psych::describe
c0421	min	4.1771779093588917	psych::describe
c0421	max	7.0554886012793254	psych::describe
c0421	range	2.8783106919204338	psych::describe
c0421	sem	0.10554100424772407	psych::describe
c0421	skewness	0.34249086317559285	psych::skew
c0421	kurtosis	-0.54835037966120348	psych::kurtosi
c0421	skewness_b1	0.3199964015448008	psych::skew
c0421	kurtosis_b2	-0.72433832065912895	psych::kurtosi
c0421	variance	0.50125066099281512	stats::var
c0421	q1	4.9631424575682601	stats::quantile
c0421	q3	5.9135146720977598	stats::quantile
c0421	iqr	0.95037221452949971	stats::IQR
c0421	ci_low	5.235823150783796	stats::t.test
c0421	ci_high	5.6612309862539858	stats::t.test
c0422	n	45	base::length
c0422	mean	88.705211642940128	psych::describe
c0422	sd	4.9360722797212153	psych::describe
c0422	median	88.831894181532064	psych::describe
c0422	min	77.576917536218318	psych::describe
c0422	max	97.485988697924412	psych::describe
c0422	range	19.909071161706095	psych::describe
c0422	sem	0.73582621062059961	psych::describe
c0422	skewness	-0.26905394016754192	psych::skew
c0422	kurtosis	-0.55545470851191281	psych::kurtosi
c0422	skewness_b1	-0.25138274310962438	psych::skew
c0422	kurtosis_b2	-0.73039885085550793	psych::kurtosi
c0422	variance	24.364809550632199	stats::var
c0422	q1	85.565363824764702	stats::quantile
c0422	q3	92.485940150639621	stats::quantile
c0422	iqr	6.9205763258749187	stats::IQR
c0422	ci_low	87.22225135762956	stats::t.test
c0422	ci_high	90.188171928250711	stats::t.test
c0423	n	45	base::length
c0423	mean	5.481634452200578	psych::describe
c0423	sd	0.69093181478177801	psych::describe
c0423	median	5.2390480332275216	psych::describe
c0423	min	4.3260194571088455	psych::describe
c0423	max	7.1005464912050531	psych::describe
c0423	range	2.7745270340962076	psych::describe
c0423	sem	0.10299803371128997	psych::describe
c0423	skewness	0.42123806587523133	psych::skew
c0423	kurtosis	-0.78199298087324465	psych::kurtosi
c0423	skewness_b1	0.39357156574614199	psych::skew
c0423	kurtosis_b2	-0.92365314258842224	psych::kurtosi
c0423	variance	0.47738677267764118	stats::var
c0423	q1	4.9521375619949177	stats::quantile
c0423	q3	5.9607697556545016	stats::quantile
c0423	iqr	1.0086321936595839	stats::IQR
c0423	ci_low	5.2740555548273784	stats::t.test
c0423	ci_high	5.6892133495737776	stats::t.test
c0424	n	45	base::length
c0424	mean	88.327191024789698	psych::describe
c0424	sd	5.1949753436336916	psych::describe
c0424	median	88.966695278194621	psych::describe
c0424	min	75.196341459252139	psych::describe
c0424	max	101.21213563576504	psych::describe
c0424	range	26.015794176512898	psych::describe
c0424	sem	0.77442120065335085	psych::describe
c0424	skewness	-0.040562622533115975	psych::skew
c0424	kurtosis	0.14039336149465242	psych::kurtosi
c0424	skewness_b1	-0.037898509546990332	psych::skew
c0424	kurtosis_b2	-0.13678778231013311	psych::kurtosi
c0424	variance	26.987768820961993	stats::var
c0424	q1	84.246994205966217	stats::quantile
c0424	q3	92.310948930755373	stats::quantile
c0424	iqr	8.0639547247891556	stats::IQR
c0424	ci_low	86.766447648031132	stats::t.test
c0424	ci_high	89.887934401548264	stats::t.test
c0425	n	45	base::length
c0425	mean	5.4700740614819798	psych::describe
c0425	sd	0.56435354175130992	psych::describe
c0425	median	5.3208465216916609	psych::describe
c0425	min	4.4360811240823326	psych::describe
c0425	max	6.7087900951480037	psych::describe
c0425	range	2.2727089710656712	psych::describe
c0425	sem	0.084128858846579641	psych::describe
c0425	skewness	0.46040294722991149	psych::skew
c0425	kurtosis	-0.4495261411271132	psych::kurtosi
c0425	skewness_b1	0.43016413637481116	psych::skew
c0425	kurtosis_b2	-0.6400337657383246	psych::kurtosi
c0425	variance	0.3184949200872475	stats::var
c0425	q1	5.0470562521192797	stats::quantile
c0425	q3	5.8570304636709958	stats::quantile
c0425	iqr	0.80997421155171612	stats::IQR
c0425	ci_low	5.3005234872876263	stats::t.test
c0425	ci_high	5.6396246356763324	stats::t.test
c0426	n	40	base::length
c0426	mean	128.79381732267308	psych::describe
c0426	sd	21.448286733260179	psych::describe
c0426	median	128.2459923633117	psych::describe
c0426	min	71.355246588591399	psych::describe
c0426	max	173.26340520585322	psych::describe
c0426	range	101.90815861726182	psych::describe
c0426	sem	3.3912718992737245	psych::describe
c0426	skewness	-0.29047083688220116	psych::skew
c0426	kurtosis	0.6132407744365711	psych::kurtosi
c0426	skewness_b1	-0.26904861266213886	psych::skew
c0426	kurtosis_b2	0.22535738758315516	psych::kurtosi
c0426	variance	460.02900379214464	stats::var
c0426	q1	118.18747548603169	stats::quantile
c0426	q3	141.90953872004383	stats::quantile
c0426	iqr	23.72206323401214	stats::IQR
c0426	ci_low	121.93432244463629	stats::t.test
c0426	ci_high	135.65331220070985	stats::t.test
c0427	n	40	base::length
c0427	mean	1.4703434634800669	psych::describe
c0427	sd	0.92625394732990574	psych::describe
c0427	median	1.1891909784883135	psych::describe
c0427	min	0.10000000000000001	psych::describe
c0427	max	3.9792219918977598	psych::describe
c0427	range	3.8792219918977597	psych::describe
c0427	sem	0.14645360826420697	psych::describe
c0427	skewness	0.7853474367412735	psych::skew
c0427	kurtosis	-0.28003894337551349	psych::kurtosi
c0427	skewness_b1	0.7274280632816047	psych::skew
c0427	kurtosis_b2	-0.52132096678434348	psych::kurtosi
c0427	variance	0.85794637494423176	stats::var
c0427	q1	0.72938698112305156	stats::quantile
c0427	q3	2.336288354511908	stats::quantile
c0427	iqr	1.6069013733888564	stats::IQR
c0427	ci_low	1.1741130798374348	stats::t.test
c0427	ci_high	1.766573847122699	stats::t.test
c0428	n	48	base::length
c0428	mean	92.197362312578164	psych::describe
c0428	sd	6.2070419332571269	psych::describe
c0428	median	92.020760637004344	psych::describe
c0428	min	80.67468992409745	psych::describe
c0428	max	106.53339123537664	psych::describe
c0428	range	25.858701311279191	psych::describe
c0428	sem	0.89590933275932438	psych::describe
c0428	skewness	0.22977700022324057	psych::skew
c0428	kurtosis	-0.56517292559615262	psych::kurtosi
c0428	skewness_b1	0.21561539691087081	psych::skew
c0428	kurtosis_b2	-0.72814514182300227	psych::kurtosi
c0428	variance	38.527369561212375	stats::var
c0428	q1	88.165176687895396	stats::quantile
c0428	q3	97.88075348950791	stats::quantile
c0428	iqr	9.7155768016125137	stats::IQR
c0428	ci_low	90.395025211237638	stats::t.test
c0428	ci_high	93.999699413918691	stats::t.test
c0429	n	30	base::length
c0429	mean	152.08158962934505	psych::describe
c0429	sd	43.966798803800948	psych::describe
c0429	median	146.68312810237848	psych::describe
c0429	min	80	psych::describe
c0429	max	257.27054684740216	psych::describe
c0429	range	177.27054684740216	psych::describe
c0429	sem	8.0272024953776437	psych::describe
c0429	skewness	0.53794656864263601	psych::skew
c0429	kurtosis	-0.21399578468970137	psych::kurtosi
c0429	skewness_b1	0.48534734859757833	psych::skew
c0429	kurtosis_b2	-0.54568614994756315	psych::kurtosi
c0429	variance	1933.0793970539123	stats::var
c0429	q1	119.92165605605403	stats::quantile
c0429	q3	185.69174493683806	stats::quantile
c0429	iqr	65.77008888078403	stats::IQR
c0429	ci_low	135.66411714239709	stats::t.test
c0429	ci_high	168.499062116293	stats::t.test
c0430	n	30	base::length
c0430	mean	325.14277269871354	psych::describe
c0430	sd	90.338402896494856	psych::describe
c0430	median	295.37891836179728	psych::describe
c0430	min	192.92610581806076	psych::describe
c0430	max	511.91779501485348	psych::describe
c0430	range	318.99168919679272	psych::describe
c0430	sem	16.493460358466756	psych::describe
c0430	skewness	0.48790227503893946	psych::skew
c0430	kurtosis	-0.88033637765819428	psych::kurtosi
c0430	skewness_b1	0.44019627481290985	psych::skew
c0430	kurtosis_b2	-1.0693008868737721	psych::kurtosi
c0430	variance	8161.0270378894302	stats::var
c0430	q1	260.90679328975756	stats::quantile
c0430	q3	403.9595899455594	stats::quantile
c0430	iqr	143.05279665580184	stats::IQR
c0430	ci_low	291.40985867223662	stats::t.test
c0430	ci_high	358.87568672519046	stats::t.test
c0431	n	30	base::length
c0431	mean	42.899999999999999	psych::describe
c0431	sd	13.64159460797292	psych::describe
c0431	median	46	psych::describe
c0431	min	23	psych::describe
c0431	max	65	psych::describe
c0431	range	42	psych::describe
c0431	sem	2.4906030290425369	psych::describe
c0431	skewness	-0.080655352653737022	psych::skew
c0431	kurtosis	-1.5057194323747298	psych::kurtosi
c0431	skewness_b1	-0.072769051505371635	psych::skew
c0431	kurtosis_b2	-1.5607309259994109	psych::kurtosi
c0431	variance	186.09310344827585	stats::var
c0431	q1	30.25	stats::quantile
c0431	q3	54.5	stats::quantile
c0431	iqr	24.25	stats::IQR
c0431	ci_low	37.806144858216697	stats::t.test
c0431	ci_high	47.993855141783293	stats::t.test
c0432	n	25	base::length
c0432	mean	12.316351446257157	psych::describe
c0432	sd	5.4536014897988547	psych::describe
c0432	median	12.007938621719109	psych::describe
c0432	min	1.8588664833914819	psych::describe
c0432	max	22.555956255221613	psych::describe
c0432	range	20.697089771830132	psych::describe
c0432	sem	1.090720297959771	psych::describe
c0432	skewness	0.082915227741184191	psych::skew
c0432	kurtosis	-0.45158542591551676	psych::kurtosi
c0432	skewness_b1	0.073230729141013889	psych::skew
c0432	kurtosis_b2	-0.78535713306572541	psych::kurtosi
c0432	variance	29.741769209536287	stats::var
c0432	q1	9.4411944182806078	stats::quantile
c0432	q3	15.560725659071393	stats::quantile
c0432	iqr	6.1195312407907849	stats::IQR
c0432	ci_low	10.065215392159494	stats::t.test
c0432	ci_high	14.567487500354821	stats::t.test
c0433	n	25	base::length
c0433	mean	79.354746627007017	psych::describe
c0433	sd	15.888951567380591	psych::describe
c0433	median	79.481432359793715	psych::describe
c0433	min	46.092069658324995	psych::describe
c0433	max	100	psych::describe
c0433	range	53.907930341675005	psych::describe
c0433	sem	3.1777903134761183	psych::describe
c0433	skewness	-0.48513830175706624	psych::skew
c0433	kurtosis	-0.30377329491830452	psych::kurtosi
c0433	skewness_b1	-0.42847414811184081	psych::skew
c0433	kurtosis_b2	-0.67489371652233165	psych::kurtosi
c0433	variance	252.45878191056613	stats::var
c0433	q1	71.790686339531135	stats::quantile
c0433	q3	89.463722104078727	stats::quantile
c0433	iqr	17.673035764547592	stats::IQR
c0433	ci_low	72.796109769868181	stats::t.test
c0433	ci_high	85.913383484145854	stats::t.test
c0434	n	25	base::length
c0434	mean	10.279999999999999	psych::describe
c0434	sd	5.4659552382604328	psych::describe
c0434	median	11	psych::describe
c0434	min	1	psych::describe
c0434	max	22	psych::describe
c0434	range	21	psych::describe
c0434	sem	1.0931910476520865	psych::describe
c0434	skewness	0.20748380341588485	psych::skew
c0434	kurtosis	-0.36841365645028734	psych::kurtosi
c0434	skewness_b1	0.18324969517690951	psych::skew
c0434	kurtosis_b2	-0.72320095039583343	psych::kurtosi
c0434	variance	29.876666666666665	stats::var
c0434	q1	7	stats::quantile
c0434	q3	13	stats::quantile
c0434	iqr	6	stats::IQR
c0434	ci_low	8.0237645691662234	stats::t.test
c0434	ci_high	12.536235430833775	stats::t.test
c0435	n	25	base::length
c0435	mean	8.9499999999999993	psych::describe
c0435	sd	4.4107822435481889	psych::describe
c0435	median	8.9499999999999993	psych::describe
c0435	min	1.75	psych::describe
c0435	max	16.149999999999999	psych::describe
c0435	range	14.399999999999999	psych::describe
c0435	sem	0.88215644870963783	psych::describe
c0435	skewness	3.9821505794444743e-16	psych::skew
c0435	kurtosis	-1.2053457286260656	psych::kurtosi
c0435	skewness_b1	3.5170353917653609e-16	psych::skew
c0435	kurtosis_b2	-1.3486596017498413	psych::kurtosi
c0435	variance	19.454999999999998	stats::var
c0435	q1	5.3499999999999996	stats::quantile
c0435	q3	12.550000000000001	stats::quantile
c0435	iqr	7.2000000000000011	stats::IQR
c0435	ci_low	7.1293185743772911	stats::t.test
c0435	ci_high	10.770681425622708	stats::t.test
c0436	n	25	base::length
c0436	mean	83.224999999999994	psych::describe
c0436	sd	18.624329070689591	psych::describe
c0436	median	82.609999999999999	psych::describe
c0436	min	49.784999999999997	psych::describe
c0436	max	112.75	psych::describe
c0436	range	62.965000000000003	psych::describe
c0436	sem	3.7248658141379183	psych::describe
c0436	skewness	-0.068014079708986874	psych::skew
c0436	kurtosis	-1.0958471564244001	psych::kurtosi
c0436	skewness_b1	-0.060070035198977197	psych::skew
c0436	kurtosis_b2	-1.2668287918534107	psych::kurtosi
c0436	variance	346.86563333333334	stats::var
c0436	q1	69.849999999999994	stats::quantile
c0436	q3	99.064999999999998	stats::quantile
c0436	iqr	29.215000000000003	stats::IQR
c0436	ci_low	75.537254803943341	stats::t.test
c0436	ci_high	90.912745196056648	stats::t.test
c0437	n	40	base::length
c0437	mean	185.67052075563788	psych::describe
c0437	sd	26.714648514367326	psych::describe
c0437	median	188.20821983550061	psych::describe
c0437	min	128.39982089352122	psych::describe
c0437	max	231.25158234305874	psych::describe
c0437	range	102.85176144953752	psych::describe
c0437	sem	4.2239568098117086	psych::describe
c0437	skewness	-0.17244944259029785	psych::skew
c0437	kurtosis	-0.69487430533192374	psych::kurtosi
c0437	skewness_b1	-0.15973129619926343	psych::skew
c0437	kurtosis_b2	-0.86807526918552869	psych::kurtosi
c0437	variance	713.67244524618843	stats::var
c0437	q1	167.27906930695468	stats::quantile
c0437	q3	205.00875026631795	stats::quantile
c0437	iqr	37.729680959363264	stats::IQR
c0437	ci_low	177.1267616698043	stats::t.test
c0437	ci_high	194.21427984147147	stats::t.test
c0438	n	40	base::length
c0438	mean	2.2135410942452771	psych::describe
c0438	sd	1.0983865823336167	psych::describe
c0438	median	2.0150060161697678	psych::describe
c0438	min	0.63639792045968824	psych::describe
c0438	max	5.1596176059813343	psych::describe
c0438	range	4.5232196855216458	psych::describe
c0438	sem	0.17367016757711462	psych::describe
c0438	skewness	0.91250913022873115	psych::skew
c0438	kurtosis	0.4512875366214919	psych::kurtosi
c0438	skewness_b1	0.84521158187436218	psych::skew
c0438	kurtosis_b2	0.089983243644859545	psych::kurtosi
c0438	variance	1.206453084250523	stats::var
c0438	q1	1.2955177517393974	stats::quantile
c0438	q3	2.8944302358756362	stats::quantile
c0438	iqr	1.5989124841362388	stats::IQR
c0438	ci_low	1.8622600232057847	stats::t.test
c0438	ci_high	2.5648221652847694	stats::t.test
c0439	n	40	base::length
c0439	mean	1.189425350463762	psych::describe
c0439	sd	0.5219768541959805	psych::describe
c0439	median	1.2134480152712586	psych::describe
c0439	min	0.12353686037238448	psych::describe
c0439	max	2.541324186295038	psych::describe
c0439	range	2.4177873259226534	psych::describe
c0439	sem	0.082531787257445824	psych::describe
c0439	skewness	0.333026956701373	psych::skew
c0439	kurtosis	0.30562156957905451	psych::kurtosi
c0439	skewness_b1	0.30846621864464674	psych::skew
c0439	kurtosis_b2	-0.031776628867409951	psych::kurtosi
c0439	variance	0.27245983631633186	stats::var
c0439	q1	0.72226749080916397	stats::quantile
c0439	q3	1.4565720006235019	stats::quantile
c0439	iqr	0.73430450981433792	stats::IQR
c0439	ci_low	1.0224890537637208	stats::t.test
c0439	ci_high	1.3563616471638031	stats::t.test
c0440	n	20	base::length
c0440	mean	2.6955921930380291	psych::describe
c0440	sd	0.82260671247261807	psych::describe
c0440	median	2.6830411098185585	psych::describe
c0440	min	1.4549649920127161	psych::describe
c0440	max	4.1909755032071416	psych::describe
c0440	range	2.7360105111944257	psych::describe
c0440	sem	0.1839404527836398	psych::describe
c0440	skewness	0.26863132717661958	psych::skew
c0440	kurtosis	-1.0466612373257269	psych::kurtosi
c0440	skewness_b1	0.22967978473600981	psych::skew
c0440	kurtosis_b2	-1.2747962421204486	psych::kurtosi
c0440	variance	0.67668180340500861	stats::var
c0440	q1	2.0158327530486386	stats::quantile
c0440	q3	3.1857961005597226	stats::quantile
c0440	iqr	1.169963347511084	stats::IQR
c0440	ci_low	2.3106004007831151	stats::t.test
c0440	ci_high	3.0805839852929431	stats::t.test
c0441	n	20	base::length
c0441	mean	1.9671256945495916	psych::describe
c0441	sd	0.91747418330479447	psych::describe
c0441	median	2.2803311366839587	psych::describe
c0441	min	0.5276728310442691	psych::describe
c0441	max	3.4234969973739764	psych::describe
c0441	range	2.8958241663297075	psych::describe
c0441	sem	0.20515346414706229	psych::describe
c0441	skewness	-0.23256131590908219	psych::skew
c0441	kurtosis	-1.2325087890648301	psych::kurtosi
c0441	skewness_b1	-0.19883992510226531	psych::skew
c0441	kurtosis_b2	-1.4034292975741578	psych::kurtosi
c0441	variance	0.84175887703079955	stats::var
c0441	q1	1.0620595224410376	stats::quantile
c0441	q3	2.5848533721019873	stats::quantile
c0441	iqr	1.5227938496609497	stats::IQR
c0441	ci_low	1.5377345592445975	stats::t.test
c0441	ci_high	2.3965168298545856	stats::t.test
c0442	n	20	base::length
c0442	mean	17.760917585388263	psych::describe
c0442	sd	4.0883562770579305	psych::describe
c0442	median	17.43443154557982	psych::describe
c0442	min	7.8013767904242322	psych::describe
c0442	max	25.425123049943942	psych::describe
c0442	range	17.623746259519709	psych::describe
c0442	sem	0.91418425517394963	psych::describe
c0442	skewness	-0.24267860899207511	psych::skew
c0442	kurtosis	1.1401035165044968	psych::kurtosi
c0442	skewness_b1	-0.20749021068822429	psych::skew
c0442	kurtosis_b2	0.23875736249489954	psych::kurtosi
c0442	variance	16.714657048158983	stats::var
c0442	q1	15.957620261746417	stats::quantile
c0442	q3	19.266716358779497	stats::quantile
c0442	iqr	3.3090960970330805	stats::IQR
c0442	ci_low	15.847507949147841	stats::t.test
c0442	ci_high	19.674327221628683	stats::t.test
c0443	n	20	base::length
c0443	mean	20.854932330675442	psych::describe
c0443	sd	4.3585907095740231	psych::describe
c0443	median	21.288777851910179	psych::describe
c0443	min	8.9005181269990334	psych::describe
c0443	max	28.763616984940604	psych::describe
c0443	range	19.863098857941573	psych::describe
c0443	sem	0.9746105112706559	psych::describe
c0443	skewness	-0.89251015317125248	psych::skew
c0443	kurtosis	2.0324887753317675	psych::kurtosi
c0443	skewness_b1	-0.76309618096142107	psych::skew
c0443	kurtosis_b2	0.85641544521177426	psych::kurtosi
c0443	variance	18.997312973584989	stats::var
c0443	q1	18.903945154258849	stats::quantile
c0443	q3	23.424531076896443	stats::quantile
c0443	iqr	4.5205859226375935	stats::IQR
c0443	ci_low	18.815049086906779	stats::t.test
c0443	ci_high	22.894815574444106	stats::t.test
c0444	n	20	base::length
c0444	mean	72.464569999999995	psych::describe
c0444	sd	2.7435289036874426	psych::describe
c0444	median	72.991500000000002	psych::describe
c0444	min	68.080299999999994	psych::describe
c0444	max	77.341399999999993	psych::describe
c0444	range	9.261099999999999	psych::describe
c0444	sem	0.61347171268805945	psych::describe
c0444	skewness	-0.035251324102720555	psych::skew
c0444	kurtosis	-1.2082355326924934	psych::kurtosi
c0444	skewness_b1	-0.030139882107826064	psych::skew
c0444	kurtosis_b2	-1.3866287365564476	psych::kurtosi
c0444	variance	7.52695084536842	stats::var
c0444	q1	69.882800000000003	stats::quantile
c0444	q3	74.551675000000003	stats::quantile
c0444	iqr	4.6688749999999999	stats::IQR
c0444	ci_low	71.18055894864483	stats::t.test
c0444	ci_high	73.74858105135516	stats::t.test
c0445	n	20	base::length
c0445	mean	83.354605000000006	psych::describe
c0445	sd	3.674522263752908	psych::describe
c0445	median	83.470550000000003	psych::describe
c0445	min	75.310199999999995	psych::describe
c0445	max	89.284300000000002	psych::describe
c0445	range	13.974100000000007	psych::describe
c0445	sem	0.82164815665879132	psych::describe
c0445	skewness	-0.10457021668878666	psych::skew
c0445	kurtosis	-0.13344698261159715	psych::kurtosi
c0445	skewness_b1	-0.089407535268912583	psych::skew
c0445	kurtosis_b2	-0.64272151867902716	psych::kurtosi
c0445	variance	13.502113866815796	stats::var
c0445	q1	81.17157499999999	stats::quantile
c0445	q3	85.248724999999993	stats::quantile
c0445	iqr	4.0771500000000032	stats::IQR
c0445	ci_low	81.634875643852908	stats::t.test
c0445	ci_high	85.074334356147091	stats::t.test
c0446	n	20	base::length
c0446	mean	94.129405000000006	psych::describe
c0446	sd	2.7484903702281436	psych::describe
c0446	median	94.7059	psych::describe
c0446	min	88.940100000000001	psych::describe
c0446	max	98.192499999999995	psych::describe
c0446	range	9.2523999999999944	psych::describe
c0446	sem	0.61458113033336925	psych::describe
c0446	skewness	-0.67889169014408091	psych::skew
c0446	kurtosis	-0.31735039729258219	psych::kurtosi
c0446	skewness_b1	-0.58045239507318913	psych::skew
c0446	kurtosis_b2	-0.7700089535546506	psych::kurtosi
c0446	variance	7.5541993152368381	stats::var
c0446	q1	93.422425000000004	stats::quantile
c0446	q3	95.693224999999998	stats::quantile
c0446	iqr	2.2707999999999942	stats::IQR
c0446	ci_low	92.843071910826822	stats::t.test
c0446	ci_high	95.415738089173203	stats::t.test
c0447	n	4	base::length
c0447	mean	66.075000000000003	psych::describe
c0447	sd	4.7119528860123339	psych::describe
c0447	median	66.5	psych::describe
c0447	min	60.200000000000003	psych::describe
c0447	max	71.099999999999994	psych::describe
c0447	range	10.899999999999991	psych::describe
c0447	sem	2.3559764430061669	psych::describe
c0447	skewness	-0.4300084345722448	psych::skew
c0447	kurtosis	-0.94293341347651172	psych::kurtosi
c0447	skewness_b1	-0.1612531629645918	psych::skew
c0447	kurtosis_b2	-2.0582200060107385	psych::kurtosi
c0447	variance	22.202499999999961	stats::var
c0447	q1	63.575000000000003	stats::quantile
c0447	q3	69	stats::quantile
c0447	iqr	5.4249999999999972	stats::IQR
c0447	ci_low	58.577231473619577	stats::t.test
c0447	ci_high	73.572768526380429	stats::t.test
c0448	n	4	base::length
c0448	mean	76.075000000000003	psych::describe
c0448	sd	4.7119528860123339	psych::describe
c0448	median	76.5	psych::describe
c0448	min	70.200000000000003	psych::describe
c0448	max	81.099999999999994	psych::describe
c0448	range	10.899999999999991	psych::describe
c0448	sem	2.3559764430061669	psych::describe
c0448	skewness	-0.4300084345722448	psych::skew
c0448	kurtosis	-0.94293341347651172	psych::kurtosi
c0448	skewness_b1	-0.1612531629645918	psych::skew
c0448	kurtosis_b2	-2.0582200060107385	psych::kurtosi
c0448	variance	22.202499999999961	stats::var
c0448	q1	73.575000000000003	stats::quantile
c0448	q3	79	stats::quantile
c0448	iqr	5.4249999999999972	stats::IQR
c0448	ci_low	68.577231473619577	stats::t.test
c0448	ci_high	83.572768526380415	stats::t.test
c0449	n	4	base::length
c0449	mean	86.075000000000003	psych::describe
c0449	sd	4.7119528860123339	psych::describe
c0449	median	86.5	psych::describe
c0449	min	80.200000000000003	psych::describe
c0449	max	91.099999999999994	psych::describe
c0449	range	10.899999999999991	psych::describe
c0449	sem	2.3559764430061669	psych::describe
c0449	skewness	-0.4300084345722448	psych::skew
c0449	kurtosis	-0.94293341347651172	psych::kurtosi
c0449	skewness_b1	-0.1612531629645918	psych::skew
c0449	kurtosis_b2	-2.0582200060107385	psych::kurtosi
c0449	variance	22.202499999999961	stats::var
c0449	q1	83.575000000000003	stats::quantile
c0449	q3	89	stats::quantile
c0449	iqr	5.4249999999999972	stats::IQR
c0449	ci_low	78.577231473619591	stats::t.test
c0449	ci_high	93.572768526380429	stats::t.test
c0450	n	2	base::length
c0450	mean	11	psych::describe
c0450	sd	1.4142135623730951	psych::describe
c0450	median	11	psych::describe
c0450	min	10	psych::describe
c0450	max	12	psych::describe
c0450	range	2	psych::describe
c0450	sem	1	psych::describe
c0450	skewness_undefined	1	psych::skew
c0450	kurtosis_undefined	1	psych::kurtosi
c0450	skewness_b1	0	psych::skew
c0450	kurtosis_b2	-2.75	psych::kurtosi
c0450	variance	2	stats::var
c0450	q1	10.5	stats::quantile
c0450	q3	11.5	stats::quantile
c0450	iqr	1	stats::IQR
c0450	ci_low	-1.7062047361746941	stats::t.test
c0450	ci_high	23.706204736174694	stats::t.test
c0451	n	2	base::length
c0451	mean	15.5	psych::describe
c0451	sd	2.1213203435596424	psych::describe
c0451	median	15.5	psych::describe
c0451	min	14	psych::describe
c0451	max	17	psych::describe
c0451	range	3	psych::describe
c0451	sem	1.4999999999999998	psych::describe
c0451	skewness_undefined	1	psych::skew
c0451	kurtosis_undefined	1	psych::kurtosi
c0451	skewness_b1	0	psych::skew
c0451	kurtosis_b2	-2.75	psych::kurtosi
c0451	variance	4.5	stats::var
c0451	q1	14.75	stats::quantile
c0451	q3	16.25	stats::quantile
c0451	iqr	1.5	stats::IQR
c0451	ci_low	-3.5593071042620403	stats::t.test
c0451	ci_high	34.559307104262039	stats::t.test
c0452	n	2	base::length
c0452	mean	21.5	psych::describe
c0452	sd	0.70710678118654757	psych::describe
c0452	median	21.5	psych::describe
c0452	min	21	psych::describe
c0452	max	22	psych::describe
c0452	range	1	psych::describe
c0452	sem	0.5	psych::describe
c0452	skewness_undefined	1	psych::skew
c0452	kurtosis_undefined	1	psych::kurtosi
c0452	skewness_b1	0	psych::skew
c0452	kurtosis_b2	-2.75	psych::kurtosi
c0452	variance	0.5	stats::var
c0452	q1	21.25	stats::quantile
c0452	q3	21.75	stats::quantile
c0452	iqr	0.5	stats::IQR
c0452	ci_low	15.146897631912653	stats::t.test
c0452	ci_high	27.853102368087349	stats::t.test
c0453	n	6	base::length
c0453	mean	80	psych::describe
c0453	sd	0	psych::describe
c0453	median	80	psych::describe
c0453	min	80	psych::describe
c0453	max	80	psych::describe
c0453	range	0	psych::describe
c0453	sem	0	psych::describe
c0453	skewness_undefined	1	psych::skew
c0453	kurtosis_undefined	1	psych::kurtosi
c0453	skewness_b1_undefined	1	psych::skew
c0453	kurtosis_b2_undefined	1	psych::kurtosi
c0453	variance	0	stats::var
c0453	q1	80	stats::quantile
c0453	q3	80	stats::quantile
c0453	iqr	0	stats::IQR
c0453	ci_low_undefined	1	stats::t.test
c0453	ci_high_undefined	1	stats::t.test
c0454	n	6	base::length
c0454	mean	80	psych::describe
c0454	sd	0	psych::describe
c0454	median	80	psych::describe
c0454	min	80	psych::describe
c0454	max	80	psych::describe
c0454	range	0	psych::describe
c0454	sem	0	psych::describe
c0454	skewness_undefined	1	psych::skew
c0454	kurtosis_undefined	1	psych::kurtosi
c0454	skewness_b1_undefined	1	psych::skew
c0454	kurtosis_b2_undefined	1	psych::kurtosi
c0454	variance	0	stats::var
c0454	q1	80	stats::quantile
c0454	q3	80	stats::quantile
c0454	iqr	0	stats::IQR
c0454	ci_low_undefined	1	stats::t.test
c0454	ci_high_undefined	1	stats::t.test
c0455	n	6	base::length
c0455	mean	80	psych::describe
c0455	sd	0	psych::describe
c0455	median	80	psych::describe
c0455	min	80	psych::describe
c0455	max	80	psych::describe
c0455	range	0	psych::describe
c0455	sem	0	psych::describe
c0455	skewness_undefined	1	psych::skew
c0455	kurtosis_undefined	1	psych::kurtosi
c0455	skewness_b1_undefined	1	psych::skew
c0455	kurtosis_b2_undefined	1	psych::kurtosi
c0455	variance	0	stats::var
c0455	q1	80	stats::quantile
c0455	q3	80	stats::quantile
c0455	iqr	0	stats::IQR
c0455	ci_low_undefined	1	stats::t.test
c0455	ci_high_undefined	1	stats::t.test
c0456	n	4	base::length
c0456	mean	72.299999999999997	psych::describe
c0456	sd	2.0083160441856118	psych::describe
c0456	median	72.300000000000011	psych::describe
c0456	min	70.099999999999994	psych::describe
c0456	max	74.5	psych::describe
c0456	range	4.4000000000000057	psych::describe
c0456	sem	1.0041580220928059	psych::describe
c0456	skewness	4.2580299716475607e-15	psych::skew
c0456	kurtosis	-3.2999999999999989	psych::kurtosi
c0456	skewness_b1	1.596761239367835e-15	psych::skew
c0456	kurtosis_b2	-2.2350000000000003	psych::kurtosi
c0456	variance	4.0333333333333439	stats::var
c0456	q1	70.925000000000011	stats::quantile
c0456	q3	73.675000000000011	stats::quantile
c0456	iqr	2.75	stats::IQR
c0456	ci_low	69.104321012669757	stats::t.test
c0456	ci_high	75.495678987330237	stats::t.test
c0457	n	5	base::length
c0457	mean	82.299999999999997	psych::describe
c0457	sd	1.739252713092611	psych::describe
c0457	median	82.299999999999997	psych::describe
c0457	min	80.099999999999994	psych::describe
c0457	max	84.5	psych::describe
c0457	range	4.4000000000000057	psych::describe
c0457	sem	0.7778174593052033	psych::describe
c0457	skewness	4.0972912505803568e-15	psych::skew
c0457	kurtosis	-1.2000000000000002	psych::kurtosi
c0457	skewness_b1	1.9666998002785707e-15	psych::skew
c0457	kurtosis_b2	-1.9120000000000001	psych::kurtosi
c0457	variance	3.0250000000000079	stats::var
c0457	q1	81.200000000000003	stats::quantile
c0457	q3	83.400000000000006	stats::quantile
c0457	iqr	2.2000000000000028	stats::IQR
c0457	ci_low	80.140432522374681	stats::t.test
c0457	ci_high	84.459567477625313	stats::t.test
c0458	n	5	base::length
c0458	mean	92.299999999999997	psych::describe
c0458	sd	1.739252713092611	psych::describe
c0458	median	92.299999999999997	psych::describe
c0458	min	90.099999999999994	psych::describe
c0458	max	94.5	psych::describe
c0458	range	4.4000000000000057	psych::describe
c0458	sem	0.7778174593052033	psych::describe
c0458	skewness	4.0972912505803568e-15	psych::skew
c0458	kurtosis	-1.2000000000000002	psych::kurtosi
c0458	skewness_b1	1.9666998002785707e-15	psych::skew
c0458	kurtosis_b2	-1.9120000000000001	psych::kurtosi
c0458	variance	3.0250000000000079	stats::var
c0458	q1	91.200000000000003	stats::quantile
c0458	q3	93.400000000000006	stats::quantile
c0458	iqr	2.2000000000000028	stats::IQR
c0458	ci_low	90.140432522374681	stats::t.test
c0458	ci_high	94.459567477625313	stats::t.test
c0460	n	50	base::length
c0460	mean	3.2799999999999998	psych::describe
c0460	sd	1.7732709313351886	psych::describe
c0460	median	3	psych::describe
c0460	min	1	psych::describe
c0460	max	7	psych::describe
c0460	range	6	psych::describe
c0460	sem	0.25077838008561931	psych::describe
c0460	skewness	0.33349731858606274	psych::skew
c0460	kurtosis	-0.92696615643459701	psych::kurtosi
c0460	skewness_b1	0.31375427732576794	psych::skew
c0460	kurtosis_b2	-1.0354787984071063	psych::kurtosi
c0460	variance	3.1444897959183673	stats::var
c0460	q1	2	stats::quantile
c0460	q3	5	stats::quantile
c0460	iqr	3	stats::IQR
c0460	ci_low	2.7760419773725551	stats::t.test
c0460	ci_high	3.7839580226274445	stats::t.test
c0461	n	50	base::length
c0461	mean	8.2799999999999994	psych::describe
c0461	sd	5.4919978893228398	psych::describe
c0461	median	7.9000000000000004	psych::describe
c0461	min	1	psych::describe
c0461	max	19	psych::describe
c0461	range	18	psych::describe
c0461	sem	0.77668578996047721	psych::describe
c0461	skewness	0.30002796553120226	psych::skew
c0461	kurtosis	-1.2329616662556686	psych::kurtosi
c0461	skewness_b1	0.28226630997175511	psych::skew
c0461	kurtosis_b2	-1.3007805053691497	psych::kurtosi
c0461	variance	30.162040816326531	stats::var
c0461	q1	3.2250000000000001	stats::quantile
c0461	q3	12.149999999999999	stats::quantile
c0461	iqr	8.9249999999999989	stats::IQR
c0461	ci_low	6.7191914694652635	stats::t.test
c0461	ci_high	9.8408085305347353	stats::t.test
c0462	n	45	base::length
c0462	skewness	-0.42230817014113459	psych::skew
c0462	kurtosis	-0.2855629514765563	psych::kurtosi
c0462	skewness_b1	-0.39457138662075392	psych::skew
c0462	kurtosis_b2	-0.50016075551404215	psych::kurtosi
c0462	mean	88.951820183319271	psych::describe
c0462	sd	5.4387513398193805	psych::describe
c0462	median	90.091886470048735	psych::describe
c0462	w_statistic	0.96366825207644613	stats::shapiro.test
c0462	p	0.16841880655049254	stats::shapiro.test
c0463	n	45	base::length
c0463	skewness	0.34249086317559285	psych::skew
c0463	kurtosis	-0.54835037966120348	psych::kurtosi
c0463	skewness_b1	0.3199964015448008	psych::skew
c0463	kurtosis_b2	-0.72433832065912895	psych::kurtosi
c0463	mean	5.4485270685188905	psych::describe
c0463	sd	0.70799057973451529	psych::describe
c0463	median	5.3679079289379894	psych::describe
c0463	w_statistic	0.97636448890646144	stats::shapiro.test
c0463	p	0.48036597484324162	stats::shapiro.test
c0464	n	45	base::length
c0464	skewness	-0.26905394016754192	psych::skew
c0464	kurtosis	-0.55545470851191281	psych::kurtosi
c0464	skewness_b1	-0.25138274310962438	psych::skew
c0464	kurtosis_b2	-0.73039885085550793	psych::kurtosi
c0464	mean	88.705211642940128	psych::describe
c0464	sd	4.9360722797212153	psych::describe
c0464	median	88.831894181532064	psych::describe
c0464	w_statistic	0.97700920482628051	stats::shapiro.test
c0464	p	0.50374140775535758	stats::shapiro.test
c0465	n	45	base::length
c0465	skewness	0.42123806587523133	psych::skew
c0465	kurtosis	-0.78199298087324465	psych::kurtosi
c0465	skewness_b1	0.39357156574614199	psych::skew
c0465	kurtosis_b2	-0.92365314258842224	psych::kurtosi
c0465	mean	5.481634452200578	psych::describe
c0465	sd	0.69093181478177801	psych::describe
c0465	median	5.2390480332275216	psych::describe
c0465	w_statistic	0.95386848891326059	stats::shapiro.test
c0465	p	0.071250261442970864	stats::shapiro.test
c0466	n	45	base::length
c0466	skewness	-0.040562622533115975	psych::skew
c0466	kurtosis	0.14039336149465242	psych::kurtosi
c0466	skewness_b1	-0.037898509546990332	psych::skew
c0466	kurtosis_b2	-0.13678778231013311	psych::kurtosi
c0466	mean	88.327191024789698	psych::describe
c0466	sd	5.1949753436336916	psych::describe
c0466	median	88.966695278194621	psych::describe
c0466	w_statistic	0.99395840759630905	stats::shapiro.test
c0466	p	0.99775656190588213	stats::shapiro.test
c0467	n	45	base::length
c0467	skewness	0.46040294722991149	psych::skew
c0467	kurtosis	-0.4495261411271132	psych::kurtosi
c0467	skewness_b1	0.43016413637481116	psych::skew
c0467	kurtosis_b2	-0.6400337657383246	psych::kurtosi
c0467	mean	5.4700740614819798	psych::describe
c0467	sd	0.56435354175130992	psych::describe
c0467	median	5.3208465216916609	psych::describe
c0467	w_statistic	0.95935275768885986	stats::shapiro.test
c0467	p	0.11539888219187149	stats::shapiro.test
c0468	n	40	base::length
c0468	skewness	-0.29047083688220116	psych::skew
c0468	kurtosis	0.6132407744365711	psych::kurtosi
c0468	skewness_b1	-0.26904861266213886	psych::skew
c0468	kurtosis_b2	0.22535738758315516	psych::kurtosi
c0468	mean	128.79381732267308	psych::describe
c0468	sd	21.448286733260179	psych::describe
c0468	median	128.2459923633117	psych::describe
c0468	w_statistic	0.9832627185526871	stats::shapiro.test
c0468	p	0.80767797464398561	stats::shapiro.test
c0469	n	40	base::length
c0469	skewness	0.7853474367412735	psych::skew
c0469	kurtosis	-0.28003894337551349	psych::kurtosi
c0469	skewness_b1	0.7274280632816047	psych::skew
c0469	kurtosis_b2	-0.52132096678434348	psych::kurtosi
c0469	mean	1.4703434634800669	psych::describe
c0469	sd	0.92625394732990574	psych::describe
c0469	median	1.1891909784883135	psych::describe
c0469	w_statistic	0.9011116261533364	stats::shapiro.test
c0469	p	0.0020598398981544024	stats::shapiro.test
c0470	n	48	base::length
c0470	skewness	0.22977700022324057	psych::skew
c0470	kurtosis	-0.56517292559615262	psych::kurtosi
c0470	skewness_b1	0.21561539691087081	psych::skew
c0470	kurtosis_b2	-0.72814514182300227	psych::kurtosi
c0470	mean	92.197362312578164	psych::describe
c0470	sd	6.2070419332571269	psych::describe
c0470	median	92.020760637004344	psych::describe
c0470	w_statistic	0.97423595315181599	stats::shapiro.test
c0470	p	0.36684483641953114	stats::shapiro.test
c0471	n	30	base::length
c0471	skewness	0.53794656864263601	psych::skew
c0471	kurtosis	-0.21399578468970137	psych::kurtosi
c0471	skewness_b1	0.48534734859757833	psych::skew
c0471	kurtosis_b2	-0.54568614994756315	psych::kurtosi
c0471	mean	152.08158962934505	psych::describe
c0471	sd	43.966798803800948	psych::describe
c0471	median	146.68312810237848	psych::describe
c0471	w_statistic	0.96280729372345419	stats::shapiro.test
c0471	p	0.36466092036453479	stats::shapiro.test
c0472	n	30	base::length
c0472	skewness	0.48790227503893946	psych::skew
c0472	kurtosis	-0.88033637765819428	psych::kurtosi
c0472	skewness_b1	0.44019627481290985	psych::skew
c0472	kurtosis_b2	-1.0693008868737721	psych::kurtosi
c0472	mean	325.14277269871354	psych::describe
c0472	sd	90.338402896494856	psych::describe
c0472	median	295.37891836179728	psych::describe
c0472	w_statistic	0.9374414897041885	stats::shapiro.test
c0472	p	0.077626765845801013	stats::shapiro.test
c0473	n	30	base::length
c0473	skewness	-0.080655352653737022	psych::skew
c0473	kurtosis	-1.5057194323747298	psych::kurtosi
c0473	skewness_b1	-0.072769051505371635	psych::skew
c0473	kurtosis_b2	-1.5607309259994109	psych::kurtosi
c0473	mean	42.899999999999999	psych::describe
c0473	sd	13.64159460797292	psych::describe
c0473	median	46	psych::describe
c0473	w_statistic	0.91347171412184824	stats::shapiro.test
c0473	p	0.018222836976394617	stats::shapiro.test
c0474	n	25	base::length
c0474	skewness	0.082915227741184191	psych::skew
c0474	kurtosis	-0.45158542591551676	psych::kurtosi
c0474	skewness_b1	0.073230729141013889	psych::skew
c0474	kurtosis_b2	-0.78535713306572541	psych::kurtosi
c0474	mean	12.316351446257157	psych::describe
c0474	sd	5.4536014897988547	psych::describe
c0474	median	12.007938621719109	psych::describe
c0474	w_statistic	0.97944572866392188	stats::shapiro.test
c0474	p	0.87390169092661019	stats::shapiro.test
c0475	n	25	base::length
c0475	skewness	-0.48513830175706624	psych::skew
c0475	kurtosis	-0.30377329491830452	psych::kurtosi
c0475	skewness_b1	-0.42847414811184081	psych::skew
c0475	kurtosis_b2	-0.67489371652233165	psych::kurtosi
c0475	mean	79.354746627007017	psych::describe
c0475	sd	15.888951567380591	psych::describe
c0475	median	79.481432359793715	psych::describe
c0475	w_statistic	0.93609657205288588	stats::shapiro.test
c0475	p	0.12024501568981956	stats::shapiro.test
c0476	n	25	base::length
c0476	skewness	0.20748380341588485	psych::skew
c0476	kurtosis	-0.36841365645028734	psych::kurtosi
c0476	skewness_b1	0.18324969517690951	psych::skew
c0476	kurtosis_b2	-0.72320095039583343	psych::kurtosi
c0476	mean	10.279999999999999	psych::describe
c0476	sd	5.4659552382604328	psych::describe
c0476	median	11	psych::describe
c0476	w_statistic	0.98107311063018887	stats::shapiro.test
c0476	p	0.90551797868887862	stats::shapiro.test
c0477	n	25	base::length
c0477	skewness	3.9821505794444743e-16	psych::skew
c0477	kurtosis	-1.2053457286260656	psych::kurtosi
c0477	skewness_b1	3.5170353917653609e-16	psych::skew
c0477	kurtosis_b2	-1.3486596017498413	psych::kurtosi
c0477	mean	8.9499999999999993	psych::describe
c0477	sd	4.4107822435481889	psych::describe
c0477	median	8.9499999999999993	psych::describe
c0477	w_statistic	0.95731879705195411	stats::shapiro.test
c0477	p	0.36366587765539832	stats::shapiro.test
c0478	n	25	base::length
c0478	skewness	-0.068014079708986874	psych::skew
c0478	kurtosis	-1.0958471564244001	psych::kurtosi
c0478	skewness_b1	-0.060070035198977197	psych::skew
c0478	kurtosis_b2	-1.2668287918534107	psych::kurtosi
c0478	mean	83.224999999999994	psych::describe
c0478	sd	18.624329070689591	psych::describe
c0478	median	82.609999999999999	psych::describe
c0478	w_statistic	0.96272682882560279	stats::shapiro.test
c0478	p	0.47141506044397036	stats::shapiro.test
c0479	n	40	base::length
c0479	skewness	-0.17244944259029785	psych::skew
c0479	kurtosis	-0.69487430533192374	psych::kurtosi
c0479	skewness_b1	-0.15973129619926343	psych::skew
c0479	kurtosis_b2	-0.86807526918552869	psych::kurtosi
c0479	mean	185.67052075563788	psych::describe
c0479	sd	26.714648514367326	psych::describe
c0479	median	188.20821983550061	psych::describe
c0479	w_statistic	0.97186425862077819	stats::shapiro.test
c0479	p	0.41150437585896715	stats::shapiro.test
c0480	n	40	base::length
c0480	skewness	0.91250913022873115	psych::skew
c0480	kurtosis	0.4512875366214919	psych::kurtosi
c0480	skewness_b1	0.84521158187436218	psych::skew
c0480	kurtosis_b2	0.089983243644859545	psych::kurtosi
c0480	mean	2.2135410942452771	psych::describe
c0480	sd	1.0983865823336167	psych::describe
c0480	median	2.0150060161697678	psych::describe
c0480	w_statistic	0.92790698941298388	stats::shapiro.test
c0480	p	0.013770089389147561	stats::shapiro.test
c0481	n	40	base::length
c0481	skewness	0.333026956701373	psych::skew
c0481	kurtosis	0.30562156957905451	psych::kurtosi
c0481	skewness_b1	0.30846621864464674	psych::skew
c0481	kurtosis_b2	-0.031776628867409951	psych::kurtosi
c0481	mean	1.189425350463762	psych::describe
c0481	sd	0.5219768541959805	psych::describe
c0481	median	1.2134480152712586	psych::describe
c0481	w_statistic	0.9773869996252319	stats::shapiro.test
c0481	p	0.59335172645633749	stats::shapiro.test
c0482	n	20	base::length
c0482	skewness	0.26863132717661958	psych::skew
c0482	kurtosis	-1.0466612373257269	psych::kurtosi
c0482	skewness_b1	0.22967978473600981	psych::skew
c0482	kurtosis_b2	-1.2747962421204486	psych::kurtosi
c0482	mean	2.6955921930380291	psych::describe
c0482	sd	0.82260671247261807	psych::describe
c0482	median	2.6830411098185585	psych::describe
c0482	w_statistic	0.95142406262525481	stats::shapiro.test
c0482	p	0.38922519719470716	stats::shapiro.test
c0483	n	20	base::length
c0483	skewness	-0.23256131590908219	psych::skew
c0483	kurtosis	-1.2325087890648301	psych::kurtosi
c0483	skewness_b1	-0.19883992510226531	psych::skew
c0483	kurtosis_b2	-1.4034292975741578	psych::kurtosi
c0483	mean	1.9671256945495916	psych::describe
c0483	sd	0.91747418330479447	psych::describe
c0483	median	2.2803311366839587	psych::describe
c0483	w_statistic	0.93099917015933686	stats::shapiro.test
c0483	p	0.16140528672728463	stats::shapiro.test
c0484	n	20	base::length
c0484	skewness	-0.24267860899207511	psych::skew
c0484	kurtosis	1.1401035165044968	psych::kurtosi
c0484	skewness_b1	-0.20749021068822429	psych::skew
c0484	kurtosis_b2	0.23875736249489954	psych::kurtosi
c0484	mean	17.760917585388263	psych::describe
c0484	sd	4.0883562770579305	psych::describe
c0484	median	17.43443154557982	psych::describe
c0484	w_statistic	0.95395391246793848	stats::shapiro.test
c0484	p	0.43111023028071105	stats::shapiro.test
c0485	n	20	base::length
c0485	skewness	-0.89251015317125248	psych::skew
c0485	kurtosis	2.0324887753317675	psych::kurtosi
c0485	skewness_b1	-0.76309618096142107	psych::skew
c0485	kurtosis_b2	0.85641544521177426	psych::kurtosi
c0485	mean	20.854932330675442	psych::describe
c0485	sd	4.3585907095740231	psych::describe
c0485	median	21.288777851910179	psych::describe
c0485	w_statistic	0.95066538481120144	stats::shapiro.test
c0485	p	0.37730297464425144	stats::shapiro.test
c0486	n	20	base::length
c0486	skewness	-0.035251324102720555	psych::skew
c0486	kurtosis	-1.2082355326924934	psych::kurtosi
c0486	skewness_b1	-0.030139882107826064	psych::skew
c0486	kurtosis_b2	-1.3866287365564476	psych::kurtosi
c0486	mean	72.464569999999995	psych::describe
c0486	sd	2.7435289036874426	psych::describe
c0486	median	72.991500000000002	psych::describe
c0486	w_statistic	0.94644167727356976	stats::shapiro.test
c0486	p	0.31628193887577694	stats::shapiro.test
c0487	n	20	base::length
c0487	skewness	-0.10457021668878666	psych::skew
c0487	kurtosis	-0.13344698261159715	psych::kurtosi
c0487	skewness_b1	-0.089407535268912583	psych::skew
c0487	kurtosis_b2	-0.64272151867902716	psych::kurtosi
c0487	mean	83.354605000000006	psych::describe
c0487	sd	3.674522263752908	psych::describe
c0487	median	83.470550000000003	psych::describe
c0487	w_statistic	0.97104805885916312	stats::shapiro.test
c0487	p	0.7768428708310039	stats::shapiro.test
c0488	n	20	base::length
c0488	skewness	-0.67889169014408091	psych::skew
c0488	kurtosis	-0.31735039729258219	psych::kurtosi
c0488	skewness_b1	-0.58045239507318913	psych::skew
c0488	kurtosis_b2	-0.7700089535546506	psych::kurtosi
c0488	mean	94.129405000000006	psych::describe
c0488	sd	2.7484903702281436	psych::describe
c0488	median	94.7059	psych::describe
c0488	w_statistic	0.90746650846886445	stats::shapiro.test
c0488	p	0.05704194315302015	stats::shapiro.test
c0489	n	4	base::length
c0489	skewness	-0.4300084345722448	psych::skew
c0489	kurtosis	-0.94293341347651172	psych::kurtosi
c0489	skewness_b1	-0.1612531629645918	psych::skew
c0489	kurtosis_b2	-2.0582200060107385	psych::kurtosi
c0489	mean	66.075000000000003	psych::describe
c0489	sd	4.7119528860123339	psych::describe
c0489	median	66.5	psych::describe
c0489	w_statistic	0.98259155808534626	stats::shapiro.test
c0489	p	0.91704742960775376	stats::shapiro.test
c0490	n	4	base::length
c0490	skewness	-0.4300084345722448	psych::skew
c0490	kurtosis	-0.94293341347651172	psych::kurtosi
c0490	skewness_b1	-0.1612531629645918	psych::skew
c0490	kurtosis_b2	-2.0582200060107385	psych::kurtosi
c0490	mean	76.075000000000003	psych::describe
c0490	sd	4.7119528860123339	psych::describe
c0490	median	76.5	psych::describe
c0490	w_statistic	0.98259155808534626	stats::shapiro.test
c0490	p	0.91704742960775376	stats::shapiro.test
c0491	n	4	base::length
c0491	skewness	-0.4300084345722448	psych::skew
c0491	kurtosis	-0.94293341347651172	psych::kurtosi
c0491	skewness_b1	-0.1612531629645918	psych::skew
c0491	kurtosis_b2	-2.0582200060107385	psych::kurtosi
c0491	mean	86.075000000000003	psych::describe
c0491	sd	4.7119528860123339	psych::describe
c0491	median	86.5	psych::describe
c0491	w_statistic	0.98259155808534593	stats::shapiro.test
c0491	p	0.91704742960775198	stats::shapiro.test
c0492	refused	1	r::refuseCell
c0492	refuse_reason	Need at least 3 non-missing values (found 2).	r::refuseCell
c0493	refused	1	r::refuseCell
c0493	refuse_reason	Need at least 3 non-missing values (found 2).	r::refuseCell
c0494	refused	1	r::refuseCell
c0494	refuse_reason	Need at least 3 non-missing values (found 2).	r::refuseCell
c0495	n	6	base::length
c0495	skewness_undefined	1	psych::skew
c0495	kurtosis_undefined	1	psych::kurtosi
c0495	skewness_b1_undefined	1	psych::skew
c0495	kurtosis_b2_undefined	1	psych::kurtosi
c0495	mean	80	psych::describe
c0495	sd	0	psych::describe
c0495	median	80	psych::describe
c0495	w_statistic_undefined	1	stats::shapiro.test
c0495	p_undefined	1	stats::shapiro.test
c0496	n	6	base::length
c0496	skewness_undefined	1	psych::skew
c0496	kurtosis_undefined	1	psych::kurtosi
c0496	skewness_b1_undefined	1	psych::skew
c0496	kurtosis_b2_undefined	1	psych::kurtosi
c0496	mean	80	psych::describe
c0496	sd	0	psych::describe
c0496	median	80	psych::describe
c0496	w_statistic_undefined	1	stats::shapiro.test
c0496	p_undefined	1	stats::shapiro.test
c0497	n	6	base::length
c0497	skewness_undefined	1	psych::skew
c0497	kurtosis_undefined	1	psych::kurtosi
c0497	skewness_b1_undefined	1	psych::skew
c0497	kurtosis_b2_undefined	1	psych::kurtosi
c0497	mean	80	psych::describe
c0497	sd	0	psych::describe
c0497	median	80	psych::describe
c0497	w_statistic_undefined	1	stats::shapiro.test
c0497	p_undefined	1	stats::shapiro.test
c0498	n	4	base::length
c0498	skewness	4.2580299716475607e-15	psych::skew
c0498	kurtosis	-3.2999999999999989	psych::kurtosi
c0498	skewness_b1	1.596761239367835e-15	psych::skew
c0498	kurtosis_b2	-2.2350000000000003	psych::kurtosi
c0498	mean	72.299999999999997	psych::describe
c0498	sd	2.0083160441856118	psych::describe
c0498	median	72.300000000000011	psych::describe
c0498	w_statistic	0.94970595696123039	stats::shapiro.test
c0498	p	0.71428015119475519	stats::shapiro.test
c0499	n	5	base::length
c0499	skewness	4.0972912505803568e-15	psych::skew
c0499	kurtosis	-1.2000000000000002	psych::kurtosi
c0499	skewness_b1	1.9666998002785707e-15	psych::skew
c0499	kurtosis_b2	-1.9120000000000001	psych::kurtosi
c0499	mean	82.299999999999997	psych::describe
c0499	sd	1.739252713092611	psych::describe
c0499	median	82.299999999999997	psych::describe
c0499	w_statistic	0.98676215544771939	stats::shapiro.test
c0499	p	0.9671739359680398	stats::shapiro.test
c0500	n	5	base::length
c0500	skewness	4.0972912505803568e-15	psych::skew
c0500	kurtosis	-1.2000000000000002	psych::kurtosi
c0500	skewness_b1	1.9666998002785707e-15	psych::skew
c0500	kurtosis_b2	-1.9120000000000001	psych::kurtosi
c0500	mean	92.299999999999997	psych::describe
c0500	sd	1.739252713092611	psych::describe
c0500	median	92.299999999999997	psych::describe
c0500	w_statistic	0.98676215544771939	stats::shapiro.test
c0500	p	0.9671739359680398	stats::shapiro.test
c0502	n	50	base::length
c0502	skewness	0.33349731858606274	psych::skew
c0502	kurtosis	-0.92696615643459701	psych::kurtosi
c0502	skewness_b1	0.31375427732576794	psych::skew
c0502	kurtosis_b2	-1.0354787984071063	psych::kurtosi
c0502	mean	3.2799999999999998	psych::describe
c0502	sd	1.7732709313351886	psych::describe
c0502	median	3	psych::describe
c0502	w_statistic	0.92167967677421414	stats::shapiro.test
c0502	p	0.0027131245323790357	stats::shapiro.test
c0503	n	50	base::length
c0503	skewness	0.30002796553120226	psych::skew
c0503	kurtosis	-1.2329616662556686	psych::kurtosi
c0503	skewness_b1	0.28226630997175511	psych::skew
c0503	kurtosis_b2	-1.3007805053691497	psych::kurtosi
c0503	mean	8.2799999999999994	psych::describe
c0503	sd	5.4919978893228398	psych::describe
c0503	median	7.9000000000000004	psych::describe
c0503	w_statistic	0.92325762051068683	stats::shapiro.test
c0503	p	0.0030985046648918761	stats::shapiro.test
c0504	n	25	base::sum
c0504	intercept	47.058482939453569	stats::lm
c0504	slope	2.622226543995545	stats::lm
c0504	intercept_se	3.5545796457718541	stats::lm
c0504	slope_se	0.26476288500953743	stats::lm
c0504	intercept_t	13.23883205020579	stats::lm
c0504	slope_t	9.9040563933312846	stats::lm
c0504	p	9.166854032695982e-10	stats::lm
c0504	slope_p	9.166854032695982e-10	stats::lm
c0504	intercept_p	3.0365297712142032e-12	stats::lm
c0504	df_between	1	stats::lm
c0504	df_within	23	stats::lm
c0504	r_squared	0.81005915648140037	stats::lm
c0504	adj_r_squared	0.80180085893711339	stats::lm
c0504	residual_se	7.073691661958188	stats::lm
c0504	r	0.90003286411186134	stats::cor
c0504	f	98.090333042286247	stats::lm
c0505	n	25	base::sum
c0505	intercept	-12.19794510171409	stats::lm
c0505	slope	0.30892035561774744	stats::lm
c0505	intercept_se	2.5223589917671374	stats::lm
c0505	slope_se	0.031191296106285637	stats::lm
c0505	intercept_t	-4.8359274558171998	stats::lm
c0505	slope_t	9.9040563933312846	stats::lm
c0505	p	9.166854032695982e-10	stats::lm
c0505	slope_p	9.166854032695982e-10	stats::lm
c0505	intercept_p	7.009869300369671e-05	stats::lm
c0505	df_between	1	stats::lm
c0505	df_within	23	stats::lm
c0505	r_squared	0.81005915648140048	stats::lm
c0505	adj_r_squared	0.8018008589371135	stats::lm
c0505	residual_se	2.42791950258255	stats::lm
c0505	r	0.90003286411186134	stats::cor
c0505	f	98.090333042286247	stats::lm
c0506	n	25	base::sum
c0506	intercept	55.976291925555358	stats::lm
c0506	slope	2.2741687452773984	stats::lm
c0506	intercept_se	4.3761079375138898	stats::lm
c0506	slope_se	0.37753135589737519	stats::lm
c0506	intercept_t	12.791341695597216	stats::lm
c0506	slope_t	6.0237877192261307	stats::lm
c0506	p	3.8321982741035292e-06	stats::lm
c0506	slope_p	3.8321982741035292e-06	stats::lm
c0506	intercept_p	6.1150497306236529e-12	stats::lm
c0506	df_between	1	stats::lm
c0506	df_within	23	stats::lm
c0506	r_squared	0.61205018337814188	stats::lm
c0506	adj_r_squared	0.59518280004675672	stats::lm
c0506	residual_se	10.109384610184829	stats::lm
c0506	r	0.78233636204521517	stats::cor
c0506	f	36.286018486299547	stats::lm
c0507	n	25	base::sum
c0507	intercept	120.45766705217166	stats::lm
c0507	slope	-4.1600745309689025	stats::lm
c0507	intercept_se	1.4985821191745177	stats::lm
c0507	slope_se	0.15078133155500587	stats::lm
c0507	intercept_t	80.38109190741234	stats::lm
c0507	slope_t	-27.590116681329906	stats::lm
c0507	p	3.9460844976747538e-19	stats::lm
c0507	slope_p	3.9460844976747538e-19	stats::lm
c0507	intercept_p	1.0981204915691459e-29	stats::lm
c0507	df_between	1	stats::lm
c0507	df_within	23	stats::lm
c0507	r_squared	0.97067129099097804	stats::lm
c0507	adj_r_squared	0.96939612972971623	stats::lm
c0507	residual_se	3.2581330303953431	stats::lm
c0507	r	-0.98522651760444302	stats::cor
c0507	f	761.21453848939882	stats::lm
c0508	n	25	base::sum
c0508	intercept	28.368911269820227	stats::lm
c0508	slope	-0.23333026458179906	stats::lm
c0508	intercept_se	0.72055585195279548	stats::lm
c0508	slope_se	0.0084570234797046936	stats::lm
c0508	intercept_t	39.370870686757968	stats::lm
c0508	slope_t	-27.590116681329896	stats::lm
c0508	p	3.9460844976748106e-19	stats::lm
c0508	slope_p	3.9460844976748106e-19	stats::lm
c0508	intercept_p	1.3079163523078967e-22	stats::lm
c0508	df_between	1	stats::lm
c0508	df_within	23	stats::lm
c0508	r_squared	0.97067129099097804	stats::lm
c0508	adj_r_squared	0.96939612972971623	stats::lm
c0508	residual_se	0.77162056485579122	stats::lm
c0508	r	-0.98522651760444302	stats::cor
c0508	f	761.21453848939882	stats::lm
c0509	n	30	base::sum
c0509	intercept	22.645755949425922	stats::lm
c0509	slope	1.9890442852848709	stats::lm
c0509	intercept_se	15.395128639557061	stats::lm
c0509	slope_se	0.097372302390179119	stats::lm
c0509	intercept_t	1.4709689330713818	stats::lm
c0509	slope_t	20.427208112165211	stats::lm
c0509	p	2.3285947014999683e-18	stats::lm
c0509	slope_p	2.3285947014999683e-18	stats::lm
c0509	intercept_p	0.15244950570620547	stats::lm
c0509	df_between	1	stats::lm
c0509	df_within	28	stats::lm
c0509	r_squared	0.93711692292775739	stats::lm
c0509	adj_r_squared	0.9348710987466059	stats::lm
c0509	residual_se	23.05468984994117	stats::lm
c0509	r	0.96804799619014614	stats::cor
c0509	f	417.27083125770827	stats::lm
c0510	n	30	base::sum
c0510	intercept	-1.1059471780514791	stats::lm
c0510	slope	0.47113929531918092	stats::lm
c0510	intercept_se	7.7739636855945102	stats::lm
c0510	slope_se	0.023064301921837217	stats::lm
c0510	intercept_t	-0.14226297198954593	stats::lm
c0510	slope_t	20.427208112165214	stats::lm
c0510	p	2.3285947014999517e-18	stats::lm
c0510	slope_p	2.3285947014999517e-18	stats::lm
c0510	intercept_p	0.88789103834701844	stats::lm
c0510	df_between	1	stats::lm
c0510	df_within	28	stats::lm
c0510	r_squared	0.93711692292775739	stats::lm
c0510	adj_r_squared	0.9348710987466059	stats::lm
c0510	residual_se	11.220487385389948	stats::lm
c0510	r	0.96804799619014614	stats::cor
c0510	f	417.27083125770821	stats::lm
c0511	n	40	base::sum
c0511	intercept	1.2446059537542642	stats::lm
c0511	slope	-0.024928655462489503	stats::lm
c0511	intercept_se	0.18976528014853242	stats::lm
c0511	slope_se	0.076984957505214058	stats::lm
c0511	intercept_t	6.5586600076688981	stats::lm
c0511	slope_t	-0.3238120312114367	stats::lm
c0511	p	0.74785588180541407	stats::lm
c0511	slope_p	0.74785588180541407	stats::lm
c0511	intercept_p	9.7851512566292888e-08	stats::lm
c0511	df_between	1	stats::lm
c0511	df_within	38	stats::lm
c0511	r_squared	0.0027517289771033732	stats::lm
c0511	adj_r_squared	-0.023491646576130787	stats::lm
c0511	residual_se	0.52807231180707215	stats::lm
c0511	r	-0.052456924968047582	stats::cor
c0511	f	0.10485423155727625	stats::lm
c0512	n	20	base::sum
c0512	intercept	44.242534593990896	stats::lm
c0512	slope	0.68843119342333903	stats::lm
c0512	intercept_se	12.439210590975776	stats::lm
c0512	slope_se	0.17154244899496363	stats::lm
c0512	intercept_t	3.5566995405711155	stats::lm
c0512	slope_t	4.0131827279879335	stats::lm
c0512	p	0.00081553122196993406	stats::lm
c0512	slope_p	0.00081553122196993406	stats::lm
c0512	intercept_p	0.0022541217639157748	stats::lm
c0512	df_between	1	stats::lm
c0512	df_within	18	stats::lm
c0512	r_squared	0.47222798581530068	stats::lm
c0512	adj_r_squared	0.44290731836059516	stats::lm
c0512	residual_se	2.0514358762008249	stats::lm
c0512	r	0.68718846455343119	stats::cor
c0512	f	16.105635608220624	stats::lm
c0513	refused	1	r::refuseCell
c0513	refuse_reason	Need at least 3 non-missing paired observations (found 2).	r::refuseCell
c0514	overall_intercept	4.2264582625847762	stats::lm
c0514	overall_slope	0.014079648457836432	stats::lm
c0514	overall_intercept_se	1.4533915859885698	stats::lm
c0514	overall_slope_se	0.016426876578744292	stats::lm
c0514	overall_intercept_t	2.9079969247998765	stats::lm
c0514	overall_slope_t	0.85711050365197983	stats::lm
c0514	overall_slope_p	0.39613568008082922	stats::lm
c0514	overall_intercept_p	0.0057337419145939697	stats::lm
c0514	overall_r_squared	0.016797633228189199	stats::lm
c0514	overall_adj_r_squared	-0.0060675380920856004	stats::lm
c0514	overall_residual_se	0.56606307082074547	stats::lm
c0514	n	45	base::sum
c0514	grp_soprano_slope	-0.017069367118662981	stats::lm
c0514	grp_soprano_intercept	7.2762754759780099	stats::lm
c0514	grp_soprano_slope_se	0.046551523911861716	stats::lm
c0514	grp_soprano_slope_t	-0.36667687079334399	stats::lm
c0514	grp_soprano_p	0.71975907912072201	stats::lm
c0514	grp_soprano_r_squared	0.010236584542406994	stats::lm
c0514	grp_soprano_n	15	base::sum
c0514	grp_mezzo_slope	-0.044670504773438646	stats::lm
c0514	grp_mezzo_intercept	9.3607890469273354	stats::lm
c0514	grp_mezzo_slope_se	0.041214432852289151	stats::lm
c0514	grp_mezzo_slope_t	-1.0838558650930832	stats::lm
c0514	grp_mezzo_p	0.29812157962624025	stats::lm
c0514	grp_mezzo_r_squared	0.082875822993803	stats::lm
c0514	grp_mezzo_n	15	base::sum
c0514	grp_alto_slope	0.014449700923655943	stats::lm
c0514	grp_alto_intercept	4.0252525239083585	stats::lm
c0514	grp_alto_slope_se	0.019903146542197516	stats::lm
c0514	grp_alto_slope_t	0.72600083072395172	stats::lm
c0514	grp_alto_p	0.48070559604355434	stats::lm
c0514	grp_alto_r_squared	0.038964603970015083	stats::lm
c0514	grp_alto_n	15	base::sum
c0514	pg_total	3	base::length
c0514	pg_run	3	base::length
c0514	pg_skipped	0	base::length
c0515	overall_intercept	4.2264582625847762	stats::lm
c0515	overall_slope	0.014079648457836432	stats::lm
c0515	overall_intercept_se	1.4533915859885698	stats::lm
c0515	overall_slope_se	0.016426876578744292	stats::lm
c0515	overall_intercept_t	2.9079969247998765	stats::lm
c0515	overall_slope_t	0.85711050365197983	stats::lm
c0515	overall_slope_p	0.39613568008082922	stats::lm
c0515	overall_intercept_p	0.0057337419145939697	stats::lm
c0515	overall_r_squared	0.016797633228189199	stats::lm
c0515	overall_adj_r_squared	-0.0060675380920856004	stats::lm
c0515	overall_residual_se	0.56606307082074547	stats::lm
c0515	n	45	base::sum
c0515	grp_alto_slope	0.014449700923655943	stats::lm
c0515	grp_alto_intercept	4.0252525239083585	stats::lm
c0515	grp_alto_slope_se	0.019903146542197516	stats::lm
c0515	grp_alto_slope_t	0.72600083072395172	stats::lm
c0515	grp_alto_p	0.48070559604355434	stats::lm
c0515	grp_alto_r_squared	0.038964603970015083	stats::lm
c0515	grp_alto_n	15	base::sum
c0515	grp_mezzo_slope	-0.044670504773438646	stats::lm
c0515	grp_mezzo_intercept	9.3607890469273354	stats::lm
c0515	grp_mezzo_slope_se	0.041214432852289151	stats::lm
c0515	grp_mezzo_slope_t	-1.0838558650930832	stats::lm
c0515	grp_mezzo_p	0.29812157962624025	stats::lm
c0515	grp_mezzo_r_squared	0.082875822993803	stats::lm
c0515	grp_mezzo_n	15	base::sum
c0515	grp_soprano_slope	-0.017069367118662981	stats::lm
c0515	grp_soprano_intercept	7.2762754759780099	stats::lm
c0515	grp_soprano_slope_se	0.046551523911861716	stats::lm
c0515	grp_soprano_slope_t	-0.36667687079334399	stats::lm
c0515	grp_soprano_p	0.71975907912072201	stats::lm
c0515	grp_soprano_r_squared	0.010236584542406994	stats::lm
c0515	grp_soprano_n	15	base::sum
c0515	pg_total	3	base::length
c0515	pg_run	3	base::length
c0515	pg_skipped	0	base::length
c0516	overall_intercept	2.575561605018629	stats::lm
c0516	overall_slope	0.032297995224599307	stats::lm
c0516	overall_intercept_se	1.7137385921943491	stats::lm
c0516	overall_slope_se	0.019230803740830523	stats::lm
c0516	overall_intercept_t	1.5028905906359746	stats::lm
c0516	overall_slope_t	1.6794927377905033	stats::lm
c0516	overall_slope_p	0.10030896494616308	stats::lm
c0516	overall_intercept_p	0.14017654291170553	stats::lm
c0516	overall_r_squared	0.06155942862888146	stats::lm
c0516	overall_adj_r_squared	0.039735229294669328	stats::lm
c0516	overall_residual_se	0.69378191893718377	stats::lm
c0516	n	45	base::sum
c0516	grp_soprano_slope	0.014997473599550391	stats::lm
c0516	grp_soprano_intercept	4.3202143445733032	stats::lm
c0516	grp_soprano_slope_se	0.062392583376193411	stats::lm
c0516	grp_soprano_slope_t	0.24037269797154842	stats::lm
c0516	grp_soprano_p	0.81379032706508847	stats::lm
c0516	grp_soprano_r_squared	0.0044248745349407034	stats::lm
c0516	grp_soprano_n	15	base::sum
c0516	grp_mezzo_slope	-0.0624233598239953	stats::lm
c0516	grp_mezzo_intercept	11.006227710233187	stats::lm
c0516	grp_mezzo_slope_se	0.05997973910944477	stats::lm
c0516	grp_mezzo_slope_t	-1.0407407693136455	stats::lm
c0516	grp_mezzo_p	0.31696548481548753	stats::lm
c0516	grp_mezzo_r_squared	0.076910493339276756	stats::lm
c0516	grp_mezzo_n	15	base::sum
c0516	grp_alto_slope	0.035929924174300271	stats::lm
c0516	grp_alto_intercept	2.0338014081201763	stats::lm
c0516	grp_alto_slope_se	0.020165680262675241	stats::lm
c0516	grp_alto_slope_t	1.7817362819544029	stats::lm
c0516	grp_alto_p	0.09815274835443541	stats::lm
c0516	grp_alto_r_squared	0.19626990984199125	stats::lm
c0516	grp_alto_n	15	base::sum
c0516	pg_total	3	base::length
c0516	pg_run	3	base::length
c0516	pg_skipped	0	base::length
c0517	overall_intercept	2.575561605018629	stats::lm
c0517	overall_slope	0.032297995224599307	stats::lm
c0517	overall_intercept_se	1.7137385921943491	stats::lm
c0517	overall_slope_se	0.019230803740830523	stats::lm
c0517	overall_intercept_t	1.5028905906359746	stats::lm
c0517	overall_slope_t	1.6794927377905033	stats::lm
c0517	overall_slope_p	0.10030896494616308	stats::lm
c0517	overall_intercept_p	0.14017654291170553	stats::lm
c0517	overall_r_squared	0.06155942862888146	stats::lm
c0517	overall_adj_r_squared	0.039735229294669328	stats::lm
c0517	overall_residual_se	0.69378191893718377	stats::lm
c0517	n	45	base::sum
c0517	grp_alto_slope	0.035929924174300271	stats::lm
c0517	grp_alto_intercept	2.0338014081201763	stats::lm
c0517	grp_alto_slope_se	0.020165680262675241	stats::lm
c0517	grp_alto_slope_t	1.7817362819544029	stats::lm
c0517	grp_alto_p	0.09815274835443541	stats::lm
c0517	grp_alto_r_squared	0.19626990984199125	stats::lm
c0517	grp_alto_n	15	base::sum
c0517	grp_mezzo_slope	-0.0624233598239953	stats::lm
c0517	grp_mezzo_intercept	11.006227710233187	stats::lm
c0517	grp_mezzo_slope_se	0.05997973910944477	stats::lm
c0517	grp_mezzo_slope_t	-1.0407407693136455	stats::lm
c0517	grp_mezzo_p	0.31696548481548753	stats::lm
c0517	grp_mezzo_r_squared	0.076910493339276756	stats::lm
c0517	grp_mezzo_n	15	base::sum
c0517	grp_soprano_slope	0.014997473599550391	stats::lm
c0517	grp_soprano_intercept	4.3202143445733032	stats::lm
c0517	grp_soprano_slope_se	0.062392583376193411	stats::lm
c0517	grp_soprano_slope_t	0.24037269797154842	stats::lm
c0517	grp_soprano_p	0.81379032706508847	stats::lm
c0517	grp_soprano_r_squared	0.0044248745349407034	stats::lm
c0517	grp_soprano_n	15	base::sum
c0517	pg_total	3	base::length
c0517	pg_run	3	base::length
c0517	pg_skipped	0	base::length
c0518	overall_intercept	4.8339563862928445	stats::lm
c0518	overall_slope	1.0506230529595004	stats::lm
c0518	overall_intercept_se	1.5644286962888621	stats::lm
c0518	overall_slope_se	0.42052103878245567	stats::lm
c0518	overall_intercept_t	3.0899179986661944	stats::lm
c0518	overall_slope_t	2.4983840428088775	stats::lm
c0518	overall_slope_p	0.015953740651329939	stats::lm
c0518	overall_intercept_p	0.0033269553079460831	stats::lm
c0518	overall_r_squared	0.11507561864019107	stats::lm
c0518	overall_adj_r_squared	0.096639694028528456	stats::lm
c0518	overall_residual_se	5.2198841386146446	stats::lm
c0518	n	50	base::sum
c0518	grp_welch_slope	1.5000000000000004	stats::lm
c0518	grp_welch_intercept	7.4999999999999982	stats::lm
c0518	grp_welch_slope_se	0.5303300858899106	stats::lm
c0518	grp_welch_slope_t	2.8284271247461912	stats::lm
c0518	grp_welch_p	0.022203904140477192	stats::lm
c0518	grp_welch_r_squared	0.49999999999999994	stats::lm
c0518	grp_welch_n	10	base::sum
c0518	grp_paired_slope	0.54285714285714204	stats::lm
c0518	grp_paired_intercept	12.766666666666671	stats::lm
c0518	grp_paired_slope_se	0.4083149378058244	stats::lm
c0518	grp_paired_slope_t	1.3295059587442761	stats::lm
c0518	grp_paired_p	0.21321204470698302	stats::lm
c0518	grp_paired_r_squared	0.15020804438280158	stats::lm
c0518	grp_paired_n	12	base::sum
c0518	grp_corr_slope	1.3535714285714284	stats::lm
c0518	grp_corr_intercept	0.15714285714285864	stats::lm
c0518	grp_corr_slope_se	0.26916940459002198	stats::lm
c0518	grp_corr_slope_t	5.0286971902809077	stats::lm
c0518	grp_corr_p	0.0002948163211683965	stats::lm
c0518	grp_corr_r_squared	0.67817888236293933	stats::lm
c0518	grp_corr_n	14	base::sum
c0518	grp_perfect_slope	1.7377739072730911e-16	stats::lm
c0518	grp_perfect_intercept	2.9999999999999991	stats::lm
c0518	grp_perfect_slope_se	0.35355339059327373	stats::lm
c0518	grp_perfect_slope_t	4.9151668560073814e-16	stats::lm
c0518	grp_perfect_p	0.99999999999999956	stats::lm
c0518	grp_perfect_r_squared	9.8607613152626481e-33	stats::lm
c0518	grp_perfect_n	10	base::sum
c0518	grp_mwu_slope	2	stats::lm
c0518	grp_mwu_intercept	-0.5	stats::lm
c0518	grp_mwu_slope_se	0.70710678118654746	stats::lm
c0518	grp_mwu_slope_t	2.8284271247461903	stats::lm
c0518	grp_mwu_p	0.1055728090000841	stats::lm
c0518	grp_mwu_r_squared	0.80000000000000004	stats::lm
c0518	grp_mwu_n	4	base::sum
c0518	pg_total	5	base::length
c0518	pg_run	5	base::length
c0518	pg_skipped	0	base::length
c0519	overall_intercept	4.8339563862928445	stats::lm
c0519	overall_slope	1.0506230529595004	stats::lm
c0519	overall_intercept_se	1.5644286962888621	stats::lm
c0519	overall_slope_se	0.42052103878245567	stats::lm
c0519	overall_intercept_t	3.0899179986661944	stats::lm
c0519	overall_slope_t	2.4983840428088775	stats::lm
c0519	overall_slope_p	0.015953740651329939	stats::lm
c0519	overall_intercept_p	0.0033269553079460831	stats::lm
c0519	overall_r_squared	0.11507561864019107	stats::lm
c0519	overall_adj_r_squared	0.096639694028528456	stats::lm
c0519	overall_residual_se	5.2198841386146446	stats::lm
c0519	n	50	base::sum
c0519	grp_corr_slope	1.3535714285714284	stats::lm
c0519	grp_corr_intercept	0.15714285714285864	stats::lm
c0519	grp_corr_slope_se	0.26916940459002198	stats::lm
c0519	grp_corr_slope_t	5.0286971902809077	stats::lm
c0519	grp_corr_p	0.0002948163211683965	stats::lm
c0519	grp_corr_r_squared	0.67817888236293933	stats::lm
c0519	grp_corr_n	14	base::sum
c0519	grp_mwu_slope	2	stats::lm
c0519	grp_mwu_intercept	-0.5	stats::lm
c0519	grp_mwu_slope_se	0.70710678118654746	stats::lm
c0519	grp_mwu_slope_t	2.8284271247461903	stats::lm
c0519	grp_mwu_p	0.1055728090000841	stats::lm
c0519	grp_mwu_r_squared	0.80000000000000004	stats::lm
c0519	grp_mwu_n	4	base::sum
c0519	grp_paired_slope	0.54285714285714204	stats::lm
c0519	grp_paired_intercept	12.766666666666671	stats::lm
c0519	grp_paired_slope_se	0.4083149378058244	stats::lm
c0519	grp_paired_slope_t	1.3295059587442761	stats::lm
c0519	grp_paired_p	0.21321204470698302	stats::lm
c0519	grp_paired_r_squared	0.15020804438280158	stats::lm
c0519	grp_paired_n	12	base::sum
c0519	grp_perfect_slope	1.7377739072730911e-16	stats::lm
c0519	grp_perfect_intercept	2.9999999999999991	stats::lm
c0519	grp_perfect_slope_se	0.35355339059327373	stats::lm
c0519	grp_perfect_slope_t	4.9151668560073814e-16	stats::lm
c0519	grp_perfect_p	0.99999999999999956	stats::lm
c0519	grp_perfect_r_squared	9.8607613152626481e-33	stats::lm
c0519	grp_perfect_n	10	base::sum
c0519	grp_welch_slope	1.5000000000000004	stats::lm
c0519	grp_welch_intercept	7.4999999999999982	stats::lm
c0519	grp_welch_slope_se	0.5303300858899106	stats::lm
c0519	grp_welch_slope_t	2.8284271247461912	stats::lm
c0519	grp_welch_p	0.022203904140477192	stats::lm
c0519	grp_welch_r_squared	0.49999999999999994	stats::lm
c0519	grp_welch_n	10	base::sum
c0519	pg_total	5	base::length
c0519	pg_run	5	base::length
c0519	pg_skipped	0	base::length
c0520	f	583.12323594924749	afex::aov_ez
c0520	df_between	2	afex::aov_ez
c0520	df_within	38	afex::aov_ez
c0520	p	3.0359601434797673e-29	afex::aov_ez
c0520	ss_between	4693.695019456326	afex::aov_ez
c0520	ss_within	152.93543435033354	afex::aov_ez
c0520	partial_eta_squared	0.96844499785821003	effectsize::eta_squared
c0520	n	20	base::sum
c0520	n_excluded	0	base::sum
c0520	mean_spl_soft	72.464569999999995	stats::mean
c0520	mean_spl_medium	83.354605000000006	stats::mean
c0520	mean_spl_loud	94.129405000000006	stats::mean
c0520	gg_epsilon	0.84856445127522506	afex::aov_ez
c0520	gg_p	3.7280265430983043e-25	afex::aov_ez
c0521	f	583.12323594924749	afex::aov_ez
c0521	df_between	2	afex::aov_ez
c0521	df_within	38	afex::aov_ez
c0521	p	3.0359601434797673e-29	afex::aov_ez
c0521	ss_between	4693.695019456326	afex::aov_ez
c0521	ss_within	152.93543435033354	afex::aov_ez
c0521	partial_eta_squared	0.96844499785821003	effectsize::eta_squared
c0521	n	20	base::sum
c0521	n_excluded	0	base::sum
c0521	mean_spl_soft	72.464569999999995	stats::mean
c0521	mean_spl_medium	83.354605000000006	stats::mean
c0521	mean_spl_loud	94.129405000000006	stats::mean
c0521	gg_epsilon	0.84856445127522506	afex::aov_ez
c0521	gg_p	3.7280265430983043e-25	afex::aov_ez
c0521	posthoc_spl_soft__spl_medium_diff	-10.890035000000001	rstatix::t_test
c0521	posthoc_spl_soft__spl_medium_ci_low	-12.663299864140416	rstatix::t_test
c0521	posthoc_spl_soft__spl_medium_ci_high	-9.1167701358595838	rstatix::t_test
c0521	posthoc_spl_soft__spl_medium_p	1.5384454826386038e-12	stats::t.test
c0521	posthoc_spl_soft__spl_medium_padj	4.6153364479158114e-12	stats::p.adjust
c0521	posthoc_spl_soft__spl_loud_diff	-21.664835	rstatix::t_test
c0521	posthoc_spl_soft__spl_loud_ci_low	-22.939779333765557	rstatix::t_test
c0521	posthoc_spl_soft__spl_loud_ci_high	-20.389890666234447	rstatix::t_test
c0521	posthoc_spl_soft__spl_loud_p	1.0687107473120892e-20	stats::t.test
c0521	posthoc_spl_soft__spl_loud_padj	3.2061322419362676e-20	stats::p.adjust
c0521	posthoc_spl_medium__spl_loud_diff	-10.774799999999999	rstatix::t_test
c0521	posthoc_spl_medium__spl_loud_ci_low	-12.659039199675476	rstatix::t_test
c0521	posthoc_spl_medium__spl_loud_ci_high	-8.890560800324522	rstatix::t_test
c0521	posthoc_spl_medium__spl_loud_p	5.431213120434682e-12	stats::t.test
c0521	posthoc_spl_medium__spl_loud_padj	1.6293639361304045e-11	stats::p.adjust
c0522	f	583.12323594924749	afex::aov_ez
c0522	df_between	2	afex::aov_ez
c0522	df_within	38	afex::aov_ez
c0522	p	3.0359601434797673e-29	afex::aov_ez
c0522	ss_between	4693.695019456326	afex::aov_ez
c0522	ss_within	152.93543435033354	afex::aov_ez
c0522	partial_eta_squared	0.96844499785821003	effectsize::eta_squared
c0522	n	20	base::sum
c0522	n_excluded	0	base::sum
c0522	mean_spl_soft	72.464569999999995	stats::mean
c0522	mean_spl_medium	83.354605000000006	stats::mean
c0522	mean_spl_loud	94.129405000000006	stats::mean
c0522	gg_epsilon	0.84856445127522506	afex::aov_ez
c0522	gg_p	3.7280265430983043e-25	afex::aov_ez
c0522	posthoc_spl_soft__spl_medium_diff	-10.890035000000001	rstatix::t_test
c0522	posthoc_spl_soft__spl_medium_p	1.5384454826386038e-12	stats::t.test
c0522	posthoc_spl_soft__spl_medium_padj	3.0768909652772076e-12	stats::p.adjust
c0522	posthoc_spl_soft__spl_loud_diff	-21.664835	rstatix::t_test
c0522	posthoc_spl_soft__spl_loud_p	1.0687107473120892e-20	stats::t.test
c0522	posthoc_spl_soft__spl_loud_padj	3.2061322419362676e-20	stats::p.adjust
c0522	posthoc_spl_medium__spl_loud_diff	-10.774799999999999	rstatix::t_test
c0522	posthoc_spl_medium__spl_loud_p	5.431213120434682e-12	stats::t.test
c0522	posthoc_spl_medium__spl_loud_padj	5.431213120434682e-12	stats::p.adjust
c0523	f	583.12323594924749	afex::aov_ez
c0523	df_between	2	afex::aov_ez
c0523	df_within	38	afex::aov_ez
c0523	p	3.0359601434797673e-29	afex::aov_ez
c0523	ss_between	4693.695019456326	afex::aov_ez
c0523	ss_within	152.93543435033354	afex::aov_ez
c0523	partial_eta_squared	0.96844499785821003	effectsize::eta_squared
c0523	n	20	base::sum
c0523	n_excluded	0	base::sum
c0523	mean_spl_soft	72.464569999999995	stats::mean
c0523	mean_spl_medium	83.354605000000006	stats::mean
c0523	mean_spl_loud	94.129405000000006	stats::mean
c0523	gg_epsilon	0.84856445127522506	afex::aov_ez
c0523	gg_p	3.7280265430983043e-25	afex::aov_ez
c0523	posthoc_spl_soft__spl_medium_diff	-10.890035000000001	rstatix::t_test
c0523	posthoc_spl_soft__spl_medium_p	1.5384454826386038e-12	stats::t.test
c0523	posthoc_spl_soft__spl_medium_padj	2.3076682239579057e-12	stats::p.adjust
c0523	posthoc_spl_soft__spl_loud_diff	-21.664835	rstatix::t_test
c0523	posthoc_spl_soft__spl_loud_p	1.0687107473120892e-20	stats::t.test
c0523	posthoc_spl_soft__spl_loud_padj	3.2061322419362676e-20	stats::p.adjust
c0523	posthoc_spl_medium__spl_loud_diff	-10.774799999999999	rstatix::t_test
c0523	posthoc_spl_medium__spl_loud_p	5.431213120434682e-12	stats::t.test
c0523	posthoc_spl_medium__spl_loud_padj	5.431213120434682e-12	stats::p.adjust
c0524	f	583.12323594924749	afex::aov_ez
c0524	df_between	2	afex::aov_ez
c0524	df_within	38	afex::aov_ez
c0524	p	3.0359601434797673e-29	afex::aov_ez
c0524	ss_between	4693.695019456326	afex::aov_ez
c0524	ss_within	152.93543435033354	afex::aov_ez
c0524	partial_eta_squared	0.96844499785821003	effectsize::eta_squared
c0524	n	20	base::sum
c0524	n_excluded	0	base::sum
c0524	mean_spl_loud	94.129405000000006	stats::mean
c0524	mean_spl_medium	83.354605000000006	stats::mean
c0524	mean_spl_soft	72.464569999999995	stats::mean
c0524	gg_epsilon	0.84856445127522506	afex::aov_ez
c0524	gg_p	3.7280265430983043e-25	afex::aov_ez
c0525	f	583.12323594924749	afex::aov_ez
c0525	df_between	2	afex::aov_ez
c0525	df_within	38	afex::aov_ez
c0525	p	3.0359601434797673e-29	afex::aov_ez
c0525	ss_between	4693.695019456326	afex::aov_ez
c0525	ss_within	152.93543435033354	afex::aov_ez
c0525	partial_eta_squared	0.96844499785821003	effectsize::eta_squared
c0525	n	20	base::sum
c0525	n_excluded	0	base::sum
c0525	mean_spl_loud	94.129405000000006	stats::mean
c0525	mean_spl_medium	83.354605000000006	stats::mean
c0525	mean_spl_soft	72.464569999999995	stats::mean
c0525	gg_epsilon	0.84856445127522506	afex::aov_ez
c0525	gg_p	3.7280265430983043e-25	afex::aov_ez
c0525	posthoc_spl_loud__spl_medium_diff	10.774799999999999	rstatix::t_test
c0525	posthoc_spl_loud__spl_medium_ci_low	8.890560800324522	rstatix::t_test
c0525	posthoc_spl_loud__spl_medium_ci_high	12.659039199675476	rstatix::t_test
c0525	posthoc_spl_loud__spl_medium_p	5.431213120434682e-12	stats::t.test
c0525	posthoc_spl_loud__spl_medium_padj	1.6293639361304045e-11	stats::p.adjust
c0525	posthoc_spl_loud__spl_soft_diff	21.664835	rstatix::t_test
c0525	posthoc_spl_loud__spl_soft_ci_low	20.389890666234447	rstatix::t_test
c0525	posthoc_spl_loud__spl_soft_ci_high	22.939779333765557	rstatix::t_test
c0525	posthoc_spl_loud__spl_soft_p	1.0687107473120892e-20	stats::t.test
c0525	posthoc_spl_loud__spl_soft_padj	3.2061322419362676e-20	stats::p.adjust
c0525	posthoc_spl_medium__spl_soft_diff	10.890035000000001	rstatix::t_test
c0525	posthoc_spl_medium__spl_soft_ci_low	9.1167701358595838	rstatix::t_test
c0525	posthoc_spl_medium__spl_soft_ci_high	12.663299864140416	rstatix::t_test
c0525	posthoc_spl_medium__spl_soft_p	1.5384454826386038e-12	stats::t.test
c0525	posthoc_spl_medium__spl_soft_padj	4.6153364479158114e-12	stats::p.adjust
c0526	f	583.12323594924749	afex::aov_ez
c0526	df_between	2	afex::aov_ez
c0526	df_within	38	afex::aov_ez
c0526	p	3.0359601434797673e-29	afex::aov_ez
c0526	ss_between	4693.695019456326	afex::aov_ez
c0526	ss_within	152.93543435033354	afex::aov_ez
c0526	partial_eta_squared	0.96844499785821003	effectsize::eta_squared
c0526	n	20	base::sum
c0526	n_excluded	0	base::sum
c0526	mean_spl_loud	94.129405000000006	stats::mean
c0526	mean_spl_medium	83.354605000000006	stats::mean
c0526	mean_spl_soft	72.464569999999995	stats::mean
c0526	gg_epsilon	0.84856445127522506	afex::aov_ez
c0526	gg_p	3.7280265430983043e-25	afex::aov_ez
c0526	posthoc_spl_loud__spl_medium_diff	10.774799999999999	rstatix::t_test
c0526	posthoc_spl_loud__spl_medium_p	5.431213120434682e-12	stats::t.test
c0526	posthoc_spl_loud__spl_medium_padj	5.431213120434682e-12	stats::p.adjust
c0526	posthoc_spl_loud__spl_soft_diff	21.664835	rstatix::t_test
c0526	posthoc_spl_loud__spl_soft_p	1.0687107473120892e-20	stats::t.test
c0526	posthoc_spl_loud__spl_soft_padj	3.2061322419362676e-20	stats::p.adjust
c0526	posthoc_spl_medium__spl_soft_diff	10.890035000000001	rstatix::t_test
c0526	posthoc_spl_medium__spl_soft_p	1.5384454826386038e-12	stats::t.test
c0526	posthoc_spl_medium__spl_soft_padj	3.0768909652772076e-12	stats::p.adjust
c0527	f	583.12323594924749	afex::aov_ez
c0527	df_between	2	afex::aov_ez
c0527	df_within	38	afex::aov_ez
c0527	p	3.0359601434797673e-29	afex::aov_ez
c0527	ss_between	4693.695019456326	afex::aov_ez
c0527	ss_within	152.93543435033354	afex::aov_ez
c0527	partial_eta_squared	0.96844499785821003	effectsize::eta_squared
c0527	n	20	base::sum
c0527	n_excluded	0	base::sum
c0527	mean_spl_loud	94.129405000000006	stats::mean
c0527	mean_spl_medium	83.354605000000006	stats::mean
c0527	mean_spl_soft	72.464569999999995	stats::mean
c0527	gg_epsilon	0.84856445127522506	afex::aov_ez
c0527	gg_p	3.7280265430983043e-25	afex::aov_ez
c0527	posthoc_spl_loud__spl_medium_diff	10.774799999999999	rstatix::t_test
c0527	posthoc_spl_loud__spl_medium_p	5.431213120434682e-12	stats::t.test
c0527	posthoc_spl_loud__spl_medium_padj	5.431213120434682e-12	stats::p.adjust
c0527	posthoc_spl_loud__spl_soft_diff	21.664835	rstatix::t_test
c0527	posthoc_spl_loud__spl_soft_p	1.0687107473120892e-20	stats::t.test
c0527	posthoc_spl_loud__spl_soft_padj	3.2061322419362676e-20	stats::p.adjust
c0527	posthoc_spl_medium__spl_soft_diff	10.890035000000001	rstatix::t_test
c0527	posthoc_spl_medium__spl_soft_p	1.5384454826386038e-12	stats::t.test
c0527	posthoc_spl_medium__spl_soft_padj	2.3076682239579057e-12	stats::p.adjust
c0528	refused	1	r::refuseCell
c0528	refuse_reason	Zero subject-by-condition residual variance on the 4 complete case(s) (error SS=0); the F-ratio is undefined or degenerate.	r::refuseCell
c0529	refused	1	r::refuseCell
c0529	refuse_reason	Zero subject-by-condition residual variance on the 4 complete case(s) (error SS=0); the F-ratio is undefined or degenerate.	r::refuseCell
c0530	refused	1	r::refuseCell
c0530	refuse_reason	Zero subject-by-condition residual variance on the 4 complete case(s) (error SS=0); the F-ratio is undefined or degenerate.	r::refuseCell
c0531	refused	1	r::refuseCell
c0531	refuse_reason	Zero subject-by-condition residual variance on the 4 complete case(s) (error SS=0); the F-ratio is undefined or degenerate.	r::refuseCell
c0532	f	110.99999999999987	afex::aov_ez
c0532	df_between	2	afex::aov_ez
c0532	df_within	2	afex::aov_ez
c0532	p	0.0089285714285714402	afex::aov_ez
c0532	ss_between	110.99999999999994	afex::aov_ez
c0532	ss_within	1.0000000000000007	afex::aov_ez
c0532	partial_eta_squared	0.9910714285714286	effectsize::eta_squared
c0532	n	2	base::sum
c0532	n_excluded	0	base::sum
c0532	mean_soft	11	stats::mean
c0532	mean_medium	15.5	stats::mean
c0532	mean_loud	21.5	stats::mean
c0532	gg_epsilon_undefined	1	afex::aov_ez
c0532	gg_p_undefined	1	afex::aov_ez
c0533	f	110.99999999999987	afex::aov_ez
c0533	df_between	2	afex::aov_ez
c0533	df_within	2	afex::aov_ez
c0533	p	0.0089285714285714402	afex::aov_ez
c0533	ss_between	110.99999999999994	afex::aov_ez
c0533	ss_within	1.0000000000000007	afex::aov_ez
c0533	partial_eta_squared	0.9910714285714286	effectsize::eta_squared
c0533	n	2	base::sum
c0533	n_excluded	0	base::sum
c0533	mean_soft	11	stats::mean
c0533	mean_medium	15.5	stats::mean
c0533	mean_loud	21.5	stats::mean
c0533	gg_epsilon_undefined	1	afex::aov_ez
c0533	gg_p_undefined	1	afex::aov_ez
c0533	posthoc_soft__medium_diff	-4.5	rstatix::t_test
c0533	posthoc_soft__medium_ci_low	-23.594229648512872	rstatix::t_test
c0533	posthoc_soft__medium_ci_high	14.594229648512872	rstatix::t_test
c0533	posthoc_soft__medium_p	0.070446574954554544	stats::t.test
c0533	posthoc_soft__medium_padj	0.21133972486366365	stats::p.adjust
c0533	posthoc_soft__loud_diff	-10.5	rstatix::t_test
c0533	posthoc_soft__loud_ci_low	-29.594229648512872	rstatix::t_test
c0533	posthoc_soft__loud_ci_high	8.5942296485128722	rstatix::t_test
c0533	posthoc_soft__loud_p	0.030292344376736283	stats::t.test
c0533	posthoc_soft__loud_padj	0.090877033130208854	stats::p.adjust
c0533	posthoc_medium__loud_diff	-6	rstatix::t_test
c0533	posthoc_medium__loud_ci_low	-44.188459297025744	rstatix::t_test
c0533	posthoc_medium__loud_ci_high	32.188459297025744	rstatix::t_test
c0533	posthoc_medium__loud_p	0.10513691342250685	stats::t.test
c0533	posthoc_medium__loud_padj	0.31541074026752053	stats::p.adjust
c0534	f	110.99999999999987	afex::aov_ez
c0534	df_between	2	afex::aov_ez
c0534	df_within	2	afex::aov_ez
c0534	p	0.0089285714285714402	afex::aov_ez
c0534	ss_between	110.99999999999994	afex::aov_ez
c0534	ss_within	1.0000000000000007	afex::aov_ez
c0534	partial_eta_squared	0.9910714285714286	effectsize::eta_squared
c0534	n	2	base::sum
c0534	n_excluded	0	base::sum
c0534	mean_soft	11	stats::mean
c0534	mean_medium	15.5	stats::mean
c0534	mean_loud	21.5	stats::mean
c0534	gg_epsilon_undefined	1	afex::aov_ez
c0534	gg_p_undefined	1	afex::aov_ez
c0534	posthoc_soft__medium_diff	-4.5	rstatix::t_test
c0534	posthoc_soft__medium_p	0.070446574954554544	stats::t.test
c0534	posthoc_soft__medium_padj	0.14089314990910909	stats::p.adjust
c0534	posthoc_soft__loud_diff	-10.5	rstatix::t_test
c0534	posthoc_soft__loud_p	0.030292344376736283	stats::t.test
c0534	posthoc_soft__loud_padj	0.090877033130208854	stats::p.adjust
c0534	posthoc_medium__loud_diff	-6	rstatix::t_test
c0534	posthoc_medium__loud_p	0.10513691342250685	stats::t.test
c0534	posthoc_medium__loud_padj	0.14089314990910909	stats::p.adjust
c0535	f	110.99999999999987	afex::aov_ez
c0535	df_between	2	afex::aov_ez
c0535	df_within	2	afex::aov_ez
c0535	p	0.0089285714285714402	afex::aov_ez
c0535	ss_between	110.99999999999994	afex::aov_ez
c0535	ss_within	1.0000000000000007	afex::aov_ez
c0535	partial_eta_squared	0.9910714285714286	effectsize::eta_squared
c0535	n	2	base::sum
c0535	n_excluded	0	base::sum
c0535	mean_soft	11	stats::mean
c0535	mean_medium	15.5	stats::mean
c0535	mean_loud	21.5	stats::mean
c0535	gg_epsilon_undefined	1	afex::aov_ez
c0535	gg_p_undefined	1	afex::aov_ez
c0535	posthoc_soft__medium_diff	-4.5	rstatix::t_test
c0535	posthoc_soft__medium_p	0.070446574954554544	stats::t.test
c0535	posthoc_soft__medium_padj	0.10513691342250685	stats::p.adjust
c0535	posthoc_soft__loud_diff	-10.5	rstatix::t_test
c0535	posthoc_soft__loud_p	0.030292344376736283	stats::t.test
c0535	posthoc_soft__loud_padj	0.090877033130208854	stats::p.adjust
c0535	posthoc_medium__loud_diff	-6	rstatix::t_test
c0535	posthoc_medium__loud_p	0.10513691342250685	stats::t.test
c0535	posthoc_medium__loud_padj	0.10513691342250685	stats::p.adjust
c0536	f	59.690578930041688	afex::aov_ez
c0536	df_between	1	afex::aov_ez
c0536	df_within	19	afex::aov_ez
c0536	p	2.801437932051326e-07	afex::aov_ez
c0536	ss_between	5.3066343942000405	afex::aov_ez
c0536	ss_within	1.6891451766277976	afex::aov_ez
c0536	partial_eta_squared	0.75854797031177545	effectsize::eta_squared
c0536	n	20	base::sum
c0536	n_excluded	0	base::sum
c0536	mean_jitter_pre	2.6955921930380291	stats::mean
c0536	mean_jitter_post	1.9671256945495916	stats::mean
c0536	gg_epsilon_undefined	1	afex::aov_ez
c0536	gg_p_undefined	1	afex::aov_ez
c0537	f	59.690578930041688	afex::aov_ez
c0537	df_between	1	afex::aov_ez
c0537	df_within	19	afex::aov_ez
c0537	p	2.801437932051326e-07	afex::aov_ez
c0537	ss_between	5.3066343942000405	afex::aov_ez
c0537	ss_within	1.6891451766277976	afex::aov_ez
c0537	partial_eta_squared	0.75854797031177545	effectsize::eta_squared
c0537	n	20	base::sum
c0537	n_excluded	0	base::sum
c0537	mean_jitter_pre	2.6955921930380291	stats::mean
c0537	mean_jitter_post	1.9671256945495916	stats::mean
c0537	gg_epsilon_undefined	1	afex::aov_ez
c0537	gg_p_undefined	1	afex::aov_ez
c0537	posthoc_jitter_pre__jitter_post_diff	0.72846649848843759	rstatix::t_test
c0537	posthoc_jitter_pre__jitter_post_ci_low	0.53111932626840808	rstatix::t_test
c0537	posthoc_jitter_pre__jitter_post_ci_high	0.92581367070846721	rstatix::t_test
c0537	posthoc_jitter_pre__jitter_post_p	2.8014379320513355e-07	stats::t.test
c0537	posthoc_jitter_pre__jitter_post_padj	2.8014379320513355e-07	stats::p.adjust
c0538	f	59.690578930041688	afex::aov_ez
c0538	df_between	1	afex::aov_ez
c0538	df_within	19	afex::aov_ez
c0538	p	2.801437932051326e-07	afex::aov_ez
c0538	ss_between	5.3066343942000405	afex::aov_ez
c0538	ss_within	1.6891451766277976	afex::aov_ez
c0538	partial_eta_squared	0.75854797031177545	effectsize::eta_squared
c0538	n	20	base::sum
c0538	n_excluded	0	base::sum
c0538	mean_jitter_pre	2.6955921930380291	stats::mean
c0538	mean_jitter_post	1.9671256945495916	stats::mean
c0538	gg_epsilon_undefined	1	afex::aov_ez
c0538	gg_p_undefined	1	afex::aov_ez
c0538	posthoc_jitter_pre__jitter_post_diff	0.72846649848843759	rstatix::t_test
c0538	posthoc_jitter_pre__jitter_post_p	2.8014379320513355e-07	stats::t.test
c0538	posthoc_jitter_pre__jitter_post_padj	2.8014379320513355e-07	stats::p.adjust
c0539	f	59.690578930041688	afex::aov_ez
c0539	df_between	1	afex::aov_ez
c0539	df_within	19	afex::aov_ez
c0539	p	2.801437932051326e-07	afex::aov_ez
c0539	ss_between	5.3066343942000405	afex::aov_ez
c0539	ss_within	1.6891451766277976	afex::aov_ez
c0539	partial_eta_squared	0.75854797031177545	effectsize::eta_squared
c0539	n	20	base::sum
c0539	n_excluded	0	base::sum
c0539	mean_jitter_pre	2.6955921930380291	stats::mean
c0539	mean_jitter_post	1.9671256945495916	stats::mean
c0539	gg_epsilon_undefined	1	afex::aov_ez
c0539	gg_p_undefined	1	afex::aov_ez
c0539	posthoc_jitter_pre__jitter_post_diff	0.72846649848843759	rstatix::t_test
c0539	posthoc_jitter_pre__jitter_post_p	2.8014379320513355e-07	stats::t.test
c0539	posthoc_jitter_pre__jitter_post_padj	2.8014379320513355e-07	stats::p.adjust
c0540	chi_square	40	stats::friedman.test
c0540	df	2	stats::friedman.test
c0540	p	2.0611536224385579e-09	stats::friedman.test
c0540	n	20	base::sum
c0540	n_excluded	0	base::sum
c0540	kendalls_w	1	rstatix::friedman_effsize
c0540	kendalls_w	1	effectsize::kendalls_w
c0541	chi_square	40	stats::friedman.test
c0541	df	2	stats::friedman.test
c0541	p	2.0611536224385579e-09	stats::friedman.test
c0541	n	20	base::sum
c0541	n_excluded	0	base::sum
c0541	kendalls_w	1	rstatix::friedman_effsize
c0541	kendalls_w	1	effectsize::kendalls_w
c0541	posthoc_spl_soft__spl_medium_diff	-10.530375000000006	stats::median
c0541	posthoc_spl_soft__spl_medium_diff_wilcoxest	-10.530375000000006	rstatix::wilcox_test
c0541	posthoc_spl_soft__spl_medium_p	1.9073486328125e-06	stats::wilcox.test
c0541	posthoc_spl_soft__spl_medium_padj	5.7220458984375e-06	stats::p.adjust
c0541	posthoc_spl_soft__spl_loud_diff	-21.549325	stats::median
c0541	posthoc_spl_soft__spl_loud_diff_wilcoxest	-21.549325	rstatix::wilcox_test
c0541	posthoc_spl_soft__spl_loud_p	1.9073486328125e-06	stats::wilcox.test
c0541	posthoc_spl_soft__spl_loud_padj	5.7220458984375e-06	stats::p.adjust
c0541	posthoc_spl_medium__spl_loud_diff	-11.216649999999998	stats::median
c0541	posthoc_spl_medium__spl_loud_diff_wilcoxest	-11.216649999999998	rstatix::wilcox_test
c0541	posthoc_spl_medium__spl_loud_p	1.9073486328125e-06	stats::wilcox.test
c0541	posthoc_spl_medium__spl_loud_padj	5.7220458984375e-06	stats::p.adjust
c0542	chi_square	40	stats::friedman.test
c0542	df	2	stats::friedman.test
c0542	p	2.0611536224385579e-09	stats::friedman.test
c0542	n	20	base::sum
c0542	n_excluded	0	base::sum
c0542	kendalls_w	1	rstatix::friedman_effsize
c0542	kendalls_w	1	effectsize::kendalls_w
c0542	posthoc_spl_soft__spl_medium_diff	-10.530375000000006	stats::median
c0542	posthoc_spl_soft__spl_medium_diff_wilcoxest	-10.530375000000006	rstatix::wilcox_test
c0542	posthoc_spl_soft__spl_medium_p	1.9073486328125e-06	stats::wilcox.test
c0542	posthoc_spl_soft__spl_medium_padj	5.7220458984375e-06	stats::p.adjust
c0542	posthoc_spl_soft__spl_loud_diff	-21.549325	stats::median
c0542	posthoc_spl_soft__spl_loud_diff_wilcoxest	-21.549325	rstatix::wilcox_test
c0542	posthoc_spl_soft__spl_loud_p	1.9073486328125e-06	stats::wilcox.test
c0542	posthoc_spl_soft__spl_loud_padj	5.7220458984375e-06	stats::p.adjust
c0542	posthoc_spl_medium__spl_loud_diff	-11.216649999999998	stats::median
c0542	posthoc_spl_medium__spl_loud_diff_wilcoxest	-11.216649999999998	rstatix::wilcox_test
c0542	posthoc_spl_medium__spl_loud_p	1.9073486328125e-06	stats::wilcox.test
c0542	posthoc_spl_medium__spl_loud_padj	5.7220458984375e-06	stats::p.adjust
c0543	chi_square	40	stats::friedman.test
c0543	df	2	stats::friedman.test
c0543	p	2.0611536224385579e-09	stats::friedman.test
c0543	n	20	base::sum
c0543	n_excluded	0	base::sum
c0543	kendalls_w	1	rstatix::friedman_effsize
c0543	kendalls_w	1	effectsize::kendalls_w
c0543	posthoc_spl_soft__spl_medium_diff	-10.530375000000006	stats::median
c0543	posthoc_spl_soft__spl_medium_diff_wilcoxest	-10.530375000000006	rstatix::wilcox_test
c0543	posthoc_spl_soft__spl_medium_p	1.9073486328125e-06	stats::wilcox.test
c0543	posthoc_spl_soft__spl_medium_padj	1.9073486328125e-06	stats::p.adjust
c0543	posthoc_spl_soft__spl_loud_diff	-21.549325	stats::median
c0543	posthoc_spl_soft__spl_loud_diff_wilcoxest	-21.549325	rstatix::wilcox_test
c0543	posthoc_spl_soft__spl_loud_p	1.9073486328125e-06	stats::wilcox.test
c0543	posthoc_spl_soft__spl_loud_padj	1.9073486328125e-06	stats::p.adjust
c0543	posthoc_spl_medium__spl_loud_diff	-11.216649999999998	stats::median
c0543	posthoc_spl_medium__spl_loud_diff_wilcoxest	-11.216649999999998	rstatix::wilcox_test
c0543	posthoc_spl_medium__spl_loud_p	1.9073486328125e-06	stats::wilcox.test
c0543	posthoc_spl_medium__spl_loud_padj	1.9073486328125e-06	stats::p.adjust
c0544	chi_square	40	stats::friedman.test
c0544	df	2	stats::friedman.test
c0544	p	2.0611536224385579e-09	stats::friedman.test
c0544	n	20	base::sum
c0544	n_excluded	0	base::sum
c0544	kendalls_w	1	rstatix::friedman_effsize
c0544	kendalls_w	1	effectsize::kendalls_w
c0545	chi_square	40	stats::friedman.test
c0545	df	2	stats::friedman.test
c0545	p	2.0611536224385579e-09	stats::friedman.test
c0545	n	20	base::sum
c0545	n_excluded	0	base::sum
c0545	kendalls_w	1	rstatix::friedman_effsize
c0545	kendalls_w	1	effectsize::kendalls_w
c0545	posthoc_spl_loud__spl_medium_diff	11.216649999999998	stats::median
c0545	posthoc_spl_loud__spl_medium_diff_wilcoxest	11.216649999999998	rstatix::wilcox_test
c0545	posthoc_spl_loud__spl_medium_p	1.9073486328125e-06	stats::wilcox.test
c0545	posthoc_spl_loud__spl_medium_padj	5.7220458984375e-06	stats::p.adjust
c0545	posthoc_spl_loud__spl_soft_diff	21.549325	stats::median
c0545	posthoc_spl_loud__spl_soft_diff_wilcoxest	21.549325	rstatix::wilcox_test
c0545	posthoc_spl_loud__spl_soft_p	1.9073486328125e-06	stats::wilcox.test
c0545	posthoc_spl_loud__spl_soft_padj	5.7220458984375e-06	stats::p.adjust
c0545	posthoc_spl_medium__spl_soft_diff	10.530375000000006	stats::median
c0545	posthoc_spl_medium__spl_soft_diff_wilcoxest	10.530375000000006	rstatix::wilcox_test
c0545	posthoc_spl_medium__spl_soft_p	1.9073486328125e-06	stats::wilcox.test
c0545	posthoc_spl_medium__spl_soft_padj	5.7220458984375e-06	stats::p.adjust
c0546	chi_square	40	stats::friedman.test
c0546	df	2	stats::friedman.test
c0546	p	2.0611536224385579e-09	stats::friedman.test
c0546	n	20	base::sum
c0546	n_excluded	0	base::sum
c0546	kendalls_w	1	rstatix::friedman_effsize
c0546	kendalls_w	1	effectsize::kendalls_w
c0546	posthoc_spl_loud__spl_medium_diff	11.216649999999998	stats::median
c0546	posthoc_spl_loud__spl_medium_diff_wilcoxest	11.216649999999998	rstatix::wilcox_test
c0546	posthoc_spl_loud__spl_medium_p	1.9073486328125e-06	stats::wilcox.test
c0546	posthoc_spl_loud__spl_medium_padj	5.7220458984375e-06	stats::p.adjust
c0546	posthoc_spl_loud__spl_soft_diff	21.549325	stats::median
c0546	posthoc_spl_loud__spl_soft_diff_wilcoxest	21.549325	rstatix::wilcox_test
c0546	posthoc_spl_loud__spl_soft_p	1.9073486328125e-06	stats::wilcox.test
c0546	posthoc_spl_loud__spl_soft_padj	5.7220458984375e-06	stats::p.adjust
c0546	posthoc_spl_medium__spl_soft_diff	10.530375000000006	stats::median
c0546	posthoc_spl_medium__spl_soft_diff_wilcoxest	10.530375000000006	rstatix::wilcox_test
c0546	posthoc_spl_medium__spl_soft_p	1.9073486328125e-06	stats::wilcox.test
c0546	posthoc_spl_medium__spl_soft_padj	5.7220458984375e-06	stats::p.adjust
c0547	chi_square	40	stats::friedman.test
c0547	df	2	stats::friedman.test
c0547	p	2.0611536224385579e-09	stats::friedman.test
c0547	n	20	base::sum
c0547	n_excluded	0	base::sum
c0547	kendalls_w	1	rstatix::friedman_effsize
c0547	kendalls_w	1	effectsize::kendalls_w
c0547	posthoc_spl_loud__spl_medium_diff	11.216649999999998	stats::median
c0547	posthoc_spl_loud__spl_medium_diff_wilcoxest	11.216649999999998	rstatix::wilcox_test
c0547	posthoc_spl_loud__spl_medium_p	1.9073486328125e-06	stats::wilcox.test
c0547	posthoc_spl_loud__spl_medium_padj	1.9073486328125e-06	stats::p.adjust
c0547	posthoc_spl_loud__spl_soft_diff	21.549325	stats::median
c0547	posthoc_spl_loud__spl_soft_diff_wilcoxest	21.549325	rstatix::wilcox_test
c0547	posthoc_spl_loud__spl_soft_p	1.9073486328125e-06	stats::wilcox.test
c0547	posthoc_spl_loud__spl_soft_padj	1.9073486328125e-06	stats::p.adjust
c0547	posthoc_spl_medium__spl_soft_diff	10.530375000000006	stats::median
c0547	posthoc_spl_medium__spl_soft_diff_wilcoxest	10.530375000000006	rstatix::wilcox_test
c0547	posthoc_spl_medium__spl_soft_p	1.9073486328125e-06	stats::wilcox.test
c0547	posthoc_spl_medium__spl_soft_padj	1.9073486328125e-06	stats::p.adjust
c0548	chi_square	8	stats::friedman.test
c0548	df	2	stats::friedman.test
c0548	p	0.018315638888734179	stats::friedman.test
c0548	n	4	base::sum
c0548	n_excluded	0	base::sum
c0548	kendalls_w	1	rstatix::friedman_effsize
c0548	kendalls_w	1	effectsize::kendalls_w
c0549	chi_square	8	stats::friedman.test
c0549	df	2	stats::friedman.test
c0549	p	0.018315638888734179	stats::friedman.test
c0549	n	4	base::sum
c0549	n_excluded	0	base::sum
c0549	kendalls_w	1	rstatix::friedman_effsize
c0549	kendalls_w	1	effectsize::kendalls_w
c0549	posthoc_soft__medium_diff	-10	stats::median
c0549	posthoc_soft__medium_diff_wilcoxest	-10	rstatix::wilcox_test
c0549	posthoc_soft__medium_p	0.071860638225851606	stats::wilcox.test
c0549	posthoc_soft__medium_padj	0.21558191467755483	stats::p.adjust
c0549	posthoc_soft__loud_diff	-20	stats::median
c0549	posthoc_soft__loud_diff_wilcoxest	-20	rstatix::wilcox_test
c0549	posthoc_soft__loud_p	0.071860638225851606	stats::wilcox.test
c0549	posthoc_soft__loud_padj	0.21558191467755483	stats::p.adjust
c0549	posthoc_medium__loud_diff	-10	stats::median
c0549	posthoc_medium__loud_diff_wilcoxest	-10	rstatix::wilcox_test
c0549	posthoc_medium__loud_p	0.071860638225851606	stats::wilcox.test
c0549	posthoc_medium__loud_padj	0.21558191467755483	stats::p.adjust
c0550	chi_square	8	stats::friedman.test
c0550	df	2	stats::friedman.test
c0550	p	0.018315638888734179	stats::friedman.test
c0550	n	4	base::sum
c0550	n_excluded	0	base::sum
c0550	kendalls_w	1	rstatix::friedman_effsize
c0550	kendalls_w	1	effectsize::kendalls_w
c0550	posthoc_soft__medium_diff	-10	stats::median
c0550	posthoc_soft__medium_diff_wilcoxest	-10	rstatix::wilcox_test
c0550	posthoc_soft__medium_p	0.071860638225851606	stats::wilcox.test
c0550	posthoc_soft__medium_padj	0.21558191467755483	stats::p.adjust
c0550	posthoc_soft__loud_diff	-20	stats::median
c0550	posthoc_soft__loud_diff_wilcoxest	-20	rstatix::wilcox_test
c0550	posthoc_soft__loud_p	0.071860638225851606	stats::wilcox.test
c0550	posthoc_soft__loud_padj	0.21558191467755483	stats::p.adjust
c0550	posthoc_medium__loud_diff	-10	stats::median
c0550	posthoc_medium__loud_diff_wilcoxest	-10	rstatix::wilcox_test
c0550	posthoc_medium__loud_p	0.071860638225851606	stats::wilcox.test
c0550	posthoc_medium__loud_padj	0.21558191467755483	stats::p.adjust
c0551	chi_square	8	stats::friedman.test
c0551	df	2	stats::friedman.test
c0551	p	0.018315638888734179	stats::friedman.test
c0551	n	4	base::sum
c0551	n_excluded	0	base::sum
c0551	kendalls_w	1	rstatix::friedman_effsize
c0551	kendalls_w	1	effectsize::kendalls_w
c0551	posthoc_soft__medium_diff	-10	stats::median
c0551	posthoc_soft__medium_diff_wilcoxest	-10	rstatix::wilcox_test
c0551	posthoc_soft__medium_p	0.071860638225851606	stats::wilcox.test
c0551	posthoc_soft__medium_padj	0.071860638225851606	stats::p.adjust
c0551	posthoc_soft__loud_diff	-20	stats::median
c0551	posthoc_soft__loud_diff_wilcoxest	-20	rstatix::wilcox_test
c0551	posthoc_soft__loud_p	0.071860638225851606	stats::wilcox.test
c0551	posthoc_soft__loud_padj	0.071860638225851606	stats::p.adjust
c0551	posthoc_medium__loud_diff	-10	stats::median
c0551	posthoc_medium__loud_diff_wilcoxest	-10	rstatix::wilcox_test
c0551	posthoc_medium__loud_p	0.071860638225851606	stats::wilcox.test
c0551	posthoc_medium__loud_padj	0.071860638225851606	stats::p.adjust
c0552	chi_square	4	stats::friedman.test
c0552	df	2	stats::friedman.test
c0552	p	0.1353352832366127	stats::friedman.test
c0552	n	2	base::sum
c0552	n_excluded	0	base::sum
c0552	kendalls_w	1	rstatix::friedman_effsize
c0552	kendalls_w	1	effectsize::kendalls_w
c0553	chi_square	4	stats::friedman.test
c0553	df	2	stats::friedman.test
c0553	p	0.1353352832366127	stats::friedman.test
c0553	n	2	base::sum
c0553	n_excluded	0	base::sum
c0553	kendalls_w	1	rstatix::friedman_effsize
c0553	kendalls_w	1	effectsize::kendalls_w
c0553	posthoc_soft__medium_diff	-4.5	stats::median
c0553	posthoc_soft__medium_diff_wilcoxest	-4.5	rstatix::wilcox_test
c0553	posthoc_soft__medium_p	0.5	stats::wilcox.test
c0553	posthoc_soft__medium_padj	1	stats::p.adjust
c0553	posthoc_soft__loud_diff	-10.5	stats::median
c0553	posthoc_soft__loud_diff_wilcoxest	-10.5	rstatix::wilcox_test
c0553	posthoc_soft__loud_p	0.5	stats::wilcox.test
c0553	posthoc_soft__loud_padj	1	stats::p.adjust
c0553	posthoc_medium__loud_diff	-6	stats::median
c0553	posthoc_medium__loud_diff_wilcoxest	-6	rstatix::wilcox_test
c0553	posthoc_medium__loud_p	0.5	stats::wilcox.test
c0553	posthoc_medium__loud_padj	1	stats::p.adjust
c0554	chi_square	4	stats::friedman.test
c0554	df	2	stats::friedman.test
c0554	p	0.1353352832366127	stats::friedman.test
c0554	n	2	base::sum
c0554	n_excluded	0	base::sum
c0554	kendalls_w	1	rstatix::friedman_effsize
c0554	kendalls_w	1	effectsize::kendalls_w
c0554	posthoc_soft__medium_diff	-4.5	stats::median
c0554	posthoc_soft__medium_diff_wilcoxest	-4.5	rstatix::wilcox_test
c0554	posthoc_soft__medium_p	0.5	stats::wilcox.test
c0554	posthoc_soft__medium_padj	1	stats::p.adjust
c0554	posthoc_soft__loud_diff	-10.5	stats::median
c0554	posthoc_soft__loud_diff_wilcoxest	-10.5	rstatix::wilcox_test
c0554	posthoc_soft__loud_p	0.5	stats::wilcox.test
c0554	posthoc_soft__loud_padj	1	stats::p.adjust
c0554	posthoc_medium__loud_diff	-6	stats::median
c0554	posthoc_medium__loud_diff_wilcoxest	-6	rstatix::wilcox_test
c0554	posthoc_medium__loud_p	0.5	stats::wilcox.test
c0554	posthoc_medium__loud_padj	1	stats::p.adjust
c0555	chi_square	4	stats::friedman.test
c0555	df	2	stats::friedman.test
c0555	p	0.1353352832366127	stats::friedman.test
c0555	n	2	base::sum
c0555	n_excluded	0	base::sum
c0555	kendalls_w	1	rstatix::friedman_effsize
c0555	kendalls_w	1	effectsize::kendalls_w
c0555	posthoc_soft__medium_diff	-4.5	stats::median
c0555	posthoc_soft__medium_diff_wilcoxest	-4.5	rstatix::wilcox_test
c0555	posthoc_soft__medium_p	0.5	stats::wilcox.test
c0555	posthoc_soft__medium_padj	0.5	stats::p.adjust
c0555	posthoc_soft__loud_diff	-10.5	stats::median
c0555	posthoc_soft__loud_diff_wilcoxest	-10.5	rstatix::wilcox_test
c0555	posthoc_soft__loud_p	0.5	stats::wilcox.test
c0555	posthoc_soft__loud_padj	0.5	stats::p.adjust
c0555	posthoc_medium__loud_diff	-6	stats::median
c0555	posthoc_medium__loud_diff_wilcoxest	-6	rstatix::wilcox_test
c0555	posthoc_medium__loud_p	0.5	stats::wilcox.test
c0555	posthoc_medium__loud_padj	0.5	stats::p.adjust
c0556	chi_square	12.800000000000001	stats::friedman.test
c0556	df	1	stats::friedman.test
c0556	p	0.0003466193511346668	stats::friedman.test
c0556	n	20	base::sum
c0556	n_excluded	0	base::sum
c0556	kendalls_w	0.64000000000000001	rstatix::friedman_effsize
c0556	kendalls_w	0.64000000000000001	effectsize::kendalls_w
c0557	chi_square	12.800000000000001	stats::friedman.test
c0557	df	1	stats::friedman.test
c0557	p	0.0003466193511346668	stats::friedman.test
c0557	n	20	base::sum
c0557	n_excluded	0	base::sum
c0557	kendalls_w	0.64000000000000001	rstatix::friedman_effsize
c0557	kendalls_w	0.64000000000000001	effectsize::kendalls_w
c0557	posthoc_jitter_pre__jitter_post_diff	0.75629427990220888	stats::median
c0557	posthoc_jitter_pre__jitter_post_diff_wilcoxest	0.75629427990220888	rstatix::wilcox_test
c0557	posthoc_jitter_pre__jitter_post_p	9.5367431640625e-06	stats::wilcox.test
c0557	posthoc_jitter_pre__jitter_post_padj	9.5367431640625e-06	stats::p.adjust
c0558	chi_square	12.800000000000001	stats::friedman.test
c0558	df	1	stats::friedman.test
c0558	p	0.0003466193511346668	stats::friedman.test
c0558	n	20	base::sum
c0558	n_excluded	0	base::sum
c0558	kendalls_w	0.64000000000000001	rstatix::friedman_effsize
c0558	kendalls_w	0.64000000000000001	effectsize::kendalls_w
c0558	posthoc_jitter_pre__jitter_post_diff	0.75629427990220888	stats::median
c0558	posthoc_jitter_pre__jitter_post_diff_wilcoxest	0.75629427990220888	rstatix::wilcox_test
c0558	posthoc_jitter_pre__jitter_post_p	9.5367431640625e-06	stats::wilcox.test
c0558	posthoc_jitter_pre__jitter_post_padj	9.5367431640625e-06	stats::p.adjust
c0559	chi_square	12.800000000000001	stats::friedman.test
c0559	df	1	stats::friedman.test
c0559	p	0.0003466193511346668	stats::friedman.test
c0559	n	20	base::sum
c0559	n_excluded	0	base::sum
c0559	kendalls_w	0.64000000000000001	rstatix::friedman_effsize
c0559	kendalls_w	0.64000000000000001	effectsize::kendalls_w
c0559	posthoc_jitter_pre__jitter_post_diff	0.75629427990220888	stats::median
c0559	posthoc_jitter_pre__jitter_post_diff_wilcoxest	0.75629427990220888	rstatix::wilcox_test
c0559	posthoc_jitter_pre__jitter_post_p	9.5367431640625e-06	stats::wilcox.test
c0559	posthoc_jitter_pre__jitter_post_padj	9.5367431640625e-06	stats::p.adjust
c0560	refused	1	r::refuseCell
c0560	refuse_reason	Zero subject-by-condition residual variance on the 6 complete case(s) (error SS=0); the F-ratio is undefined or degenerate.	r::refuseCell
c0561	chi_square_undefined	1	stats::friedman.test
c0561	df	2	stats::friedman.test
c0561	p_undefined	1	stats::friedman.test
c0561	n	6	base::sum
c0561	n_excluded	0	base::sum
c0561	kendalls_w_undefined	1	rstatix::friedman_effsize
c0561	kendalls_w_undefined	1	effectsize::kendalls_w
c0561	posthoc_spl_soft__spl_medium_diff	0	stats::median
c0561	posthoc_spl_soft__spl_medium_diff_wilcoxest_undefined	1	rstatix::wilcox_test
c0561	posthoc_spl_soft__spl_medium_p_undefined	1	stats::wilcox.test
c0561	posthoc_spl_soft__spl_medium_padj_undefined	1	stats::p.adjust
c0561	posthoc_spl_soft__spl_loud_diff	0	stats::median
c0561	posthoc_spl_soft__spl_loud_diff_wilcoxest_undefined	1	rstatix::wilcox_test
c0561	posthoc_spl_soft__spl_loud_p_undefined	1	stats::wilcox.test
c0561	posthoc_spl_soft__spl_loud_padj_undefined	1	stats::p.adjust
c0561	posthoc_spl_medium__spl_loud_diff	0	stats::median
c0561	posthoc_spl_medium__spl_loud_diff_wilcoxest_undefined	1	rstatix::wilcox_test
c0561	posthoc_spl_medium__spl_loud_p_undefined	1	stats::wilcox.test
c0561	posthoc_spl_medium__spl_loud_padj_undefined	1	stats::p.adjust
c0562	refused	1	r::refuseCell
c0562	refuse_reason	Zero subject-by-condition residual variance on the 4 complete case(s) (error SS=0); the F-ratio is undefined or degenerate.	r::refuseCell
c0563	chi_square	8	stats::friedman.test
c0563	df	2	stats::friedman.test
c0563	p	0.018315638888734179	stats::friedman.test
c0563	n	4	base::sum
c0563	n_excluded	1	base::sum
c0563	kendalls_w	1	rstatix::friedman_effsize
c0563	kendalls_w	1	effectsize::kendalls_w
c0563	posthoc_spl_soft__spl_medium_diff	-10	stats::median
c0563	posthoc_spl_soft__spl_medium_diff_wilcoxest	-10	rstatix::wilcox_test
c0563	posthoc_spl_soft__spl_medium_p	0.071860638225851606	stats::wilcox.test
c0563	posthoc_spl_soft__spl_medium_padj	0.21558191467755483	stats::p.adjust
c0563	posthoc_spl_soft__spl_loud_diff	-20	stats::median
c0563	posthoc_spl_soft__spl_loud_diff_wilcoxest	-20	rstatix::wilcox_test
c0563	posthoc_spl_soft__spl_loud_p	0.071860638225851606	stats::wilcox.test
c0563	posthoc_spl_soft__spl_loud_padj	0.21558191467755483	stats::p.adjust
c0563	posthoc_spl_medium__spl_loud_diff	-10	stats::median
c0563	posthoc_spl_medium__spl_loud_diff_wilcoxest	-10	rstatix::wilcox_test
c0563	posthoc_spl_medium__spl_loud_p	0.071860638225851606	stats::wilcox.test
c0563	posthoc_spl_medium__spl_loud_padj	0.21558191467755483	stats::p.adjust
c0566	alpha	0.84933973589435774	psych::alpha
c0566	alpha_ci_low	0.75181998366022051	psych::alpha.ci
c0566	alpha_ci_high	0.91762538883330214	psych::alpha.ci
c0566	n	24	base::nrow
c0566	k	5	base::ncol
c0566	n_excluded	0	base::sum
c0566	alpha_if_deleted_item1	0.86498450641876934	psych::alpha
c0566	alpha_if_deleted_item2	0.80904425666550905	psych::alpha
c0566	alpha_if_deleted_item3	0.76390266950153551	psych::alpha
c0566	alpha_if_deleted_item4	0.82816346627277204	psych::alpha
c0566	alpha_if_deleted_item5	0.81488343368843597	psych::alpha
c0567	alpha	0.84933973589435774	psych::alpha
c0567	alpha_ci_low	0.72717213029110828	psych::alpha.ci
c0567	alpha_ci_high	0.92696961460719796	psych::alpha.ci
c0567	n	24	base::nrow
c0567	k	5	base::ncol
c0567	n_excluded	0	base::sum
c0567	alpha_if_deleted_item1	0.86498450641876934	psych::alpha
c0567	alpha_if_deleted_item2	0.80904425666550905	psych::alpha
c0567	alpha_if_deleted_item3	0.76390266950153551	psych::alpha
c0567	alpha_if_deleted_item4	0.82816346627277204	psych::alpha
c0567	alpha_if_deleted_item5	0.81488343368843597	psych::alpha
c0568	alpha	0.84933973589435774	psych::alpha
c0568	alpha_ci_low	0.67293820444778918	psych::alpha.ci
c0568	alpha_ci_high	0.94284774691670725	psych::alpha.ci
c0568	n	24	base::nrow
c0568	k	5	base::ncol
c0568	n_excluded	0	base::sum
c0568	alpha_if_deleted_item1	0.86498450641876934	psych::alpha
c0568	alpha_if_deleted_item2	0.80904425666550905	psych::alpha
c0568	alpha_if_deleted_item3	0.76390266950153551	psych::alpha
c0568	alpha_if_deleted_item4	0.82816346627277204	psych::alpha
c0568	alpha_if_deleted_item5	0.81488343368843597	psych::alpha
c0569	alpha	0.28685258964143423	psych::alpha
c0569	alpha_ci_low	-1.0095998172175396	psych::alpha.ci
c0569	alpha_ci_high	0.74692512183579951	psych::alpha.ci
c0569	n	12	base::nrow
c0569	k	2	base::ncol
c0569	n_excluded	0	base::sum
c0570	alpha	0.28685258964143423	psych::alpha
c0570	alpha_ci_low	-1.4772594826468515	psych::alpha.ci
c0570	alpha_ci_high	0.79470086502293558	psych::alpha.ci
c0570	n	12	base::nrow
c0570	k	2	base::ncol
c0570	n_excluded	0	base::sum
c0571	alpha	0.28685258964143423	psych::alpha
c0571	alpha_ci_low	-2.7937068016869251	psych::alpha.ci
c0571	alpha_ci_high	0.86594134563193403	psych::alpha.ci
c0571	n	12	base::nrow
c0571	k	2	base::ncol
c0571	n_excluded	0	base::sum
c0572	alpha	0.84342938223095398	psych::alpha
c0572	alpha_ci_low	0.73333517356136602	psych::alpha.ci
c0572	alpha_ci_high	0.91852446384956377	psych::alpha.ci
c0572	n	21	base::nrow
c0572	k	5	base::ncol
c0572	n_excluded	3	base::sum
c0572	alpha_if_deleted_item1	0.86276780544296461	psych::alpha
c0572	alpha_if_deleted_item2	0.8106435643564357	psych::alpha
c0572	alpha_if_deleted_item3	0.75	psych::alpha
c0572	alpha_if_deleted_item4	0.81346616283064233	psych::alpha
c0572	alpha_if_deleted_item5	0.8049414824447334	psych::alpha
c0573	alpha	0.84342938223095398	psych::alpha
c0573	alpha_ci_low	0.70497912303186572	psych::alpha.ci
c0573	alpha_ci_high	0.92851405450420899	psych::alpha.ci
c0573	n	21	base::nrow
c0573	k	5	base::ncol
c0573	n_excluded	3	base::sum
c0573	alpha_if_deleted_item1	0.86276780544296461	psych::alpha
c0573	alpha_if_deleted_item2	0.8106435643564357	psych::alpha
c0573	alpha_if_deleted_item3	0.75	psych::alpha
c0573	alpha_if_deleted_item4	0.81346616283064233	psych::alpha
c0573	alpha_if_deleted_item5	0.8049414824447334	psych::alpha
c0574	alpha	0.84342938223095398	psych::alpha
c0574	alpha_ci_low	0.64204539124091209	psych::alpha.ci
c0574	alpha_ci_high	0.94528272942781832	psych::alpha.ci
c0574	n	21	base::nrow
c0574	k	5	base::ncol
c0574	n_excluded	3	base::sum
c0574	alpha_if_deleted_item1	0.86276780544296461	psych::alpha
c0574	alpha_if_deleted_item2	0.8106435643564357	psych::alpha
c0574	alpha_if_deleted_item3	0.75	psych::alpha
c0574	alpha_if_deleted_item4	0.81346616283064233	psych::alpha
c0574	alpha_if_deleted_item5	0.8049414824447334	psych::alpha
c0575	alpha	-0.14101139205334817	psych::alpha
c0575	alpha_ci_low	-0.87956809716670015	psych::alpha.ci
c0575	alpha_ci_high	0.37614360153210968	psych::alpha.ci
c0575	n	24	base::nrow
c0575	k	5	base::ncol
c0575	n_excluded	0	base::sum
c0575	alpha_if_deleted_item1	-0.54588513913558323	psych::alpha
c0575	alpha_if_deleted_item2	-0.66108909437839447	psych::alpha
c0575	alpha_if_deleted_item3	0.76390266950153551	psych::alpha
c0575	alpha_if_deleted_item4	-1.7293532338308464	psych::alpha
c0575	alpha_if_deleted_item5	-1.043170559094126	psych::alpha
c0576	alpha	-0.14101139205334817	psych::alpha
c0576	alpha_ci_low	-1.066236304943752	psych::alpha.ci
c0576	alpha_ci_high	0.44691121979711945	psych::alpha.ci
c0576	n	24	base::nrow
c0576	k	5	base::ncol
c0576	n_excluded	0	base::sum
c0576	alpha_if_deleted_item1	-0.54588513913558323	psych::alpha
c0576	alpha_if_deleted_item2	-0.66108909437839447	psych::alpha
c0576	alpha_if_deleted_item3	0.76390266950153551	psych::alpha
c0576	alpha_if_deleted_item4	-1.7293532338308464	psych::alpha
c0576	alpha_if_deleted_item5	-1.043170559094126	psych::alpha
c0577	alpha	-0.14101139205334817	psych::alpha
c0577	alpha_ci_low	-1.4769718601370743	psych::alpha.ci
c0577	alpha_ci_high	0.56716276692687029	psych::alpha.ci
c0577	n	24	base::nrow
c0577	k	5	base::ncol
c0577	n_excluded	0	base::sum
c0577	alpha_if_deleted_item1	-0.54588513913558323	psych::alpha
c0577	alpha_if_deleted_item2	-0.66108909437839447	psych::alpha
c0577	alpha_if_deleted_item3	0.76390266950153551	psych::alpha
c0577	alpha_if_deleted_item4	-1.7293532338308464	psych::alpha
c0577	alpha_if_deleted_item5	-1.043170559094126	psych::alpha
c0578	alpha	0.80982669616519176	psych::alpha
c0578	alpha_ci_low	0.67194551784291068	psych::alpha.ci
c0578	alpha_ci_high	0.9029284427158657	psych::alpha.ci
c0578	n	20	base::nrow
c0578	k	5	base::ncol
c0578	n_excluded	0	base::sum
c0578	alpha_if_deleted_item1	0.78137900746596389	psych::alpha
c0578	alpha_if_deleted_item2	0.74410879269178865	psych::alpha
c0578	alpha_if_deleted_item3	0.76551226551226548	psych::alpha
c0578	alpha_if_deleted_item4	0.80987139381299955	psych::alpha
c0578	alpha_if_deleted_item5	0.75887303329674349	psych::alpha
c0579	alpha	0.80982669616519176	psych::alpha
c0579	alpha_ci_low	0.63617476067495127	psych::alpha.ci
c0579	alpha_ci_high	0.91517709506831879	psych::alpha.ci
c0579	n	20	base::nrow
c0579	k	5	base::ncol
c0579	n_excluded	0	base::sum
c0579	alpha_if_deleted_item1	0.78137900746596389	psych::alpha
c0579	alpha_if_deleted_item2	0.74410879269178865	psych::alpha
c0579	alpha_if_deleted_item3	0.76551226551226548	psych::alpha
c0579	alpha_if_deleted_item4	0.80987139381299955	psych::alpha
c0579	alpha_if_deleted_item5	0.75887303329674349	psych::alpha
c0580	alpha	0.80982669616519176	psych::alpha
c0580	alpha_ci_low	0.55651967594894058	psych::alpha.ci
c0580	alpha_ci_high	0.93563920418556346	psych::alpha.ci
c0580	n	20	base::nrow
c0580	k	5	base::ncol
c0580	n_excluded	0	base::sum
c0580	alpha_if_deleted_item1	0.78137900746596389	psych::alpha
c0580	alpha_if_deleted_item2	0.74410879269178865	psych::alpha
c0580	alpha_if_deleted_item3	0.76551226551226548	psych::alpha
c0580	alpha_if_deleted_item4	0.80987139381299955	psych::alpha
c0580	alpha_if_deleted_item5	0.75887303329674349	psych::alpha
c0581	alpha	0.88094644045242854	psych::alpha
c0581	alpha_ci_low	0.78865900829668079	psych::alpha.ci
c0581	alpha_ci_high	0.94185084458110047	psych::alpha.ci
c0581	n	18	base::nrow
c0581	k	5	base::ncol
c0581	n_excluded	2	base::sum
c0581	alpha_if_deleted_item1	0.84688928917832895	psych::alpha
c0581	alpha_if_deleted_item2	0.85563786008230436	psych::alpha
c0581	alpha_if_deleted_item3	0.84924816861585906	psych::alpha
c0581	alpha_if_deleted_item4	0.87790332705586938	psych::alpha
c0581	alpha_if_deleted_item5	0.84537452250456735	psych::alpha
c0582	alpha	0.88094644045242854	psych::alpha
c0582	alpha_ci_low	0.76432360922107867	psych::alpha.ci
c0582	alpha_ci_high	0.94966270056776914	psych::alpha.ci
c0582	n	18	base::nrow
c0582	k	5	base::ncol
c0582	n_excluded	2	base::sum
c0582	alpha_if_deleted_item1	0.84688928917832895	psych::alpha
c0582	alpha_if_deleted_item2	0.85563786008230436	psych::alpha
c0582	alpha_if_deleted_item3	0.84924816861585906	psych::alpha
c0582	alpha_if_deleted_item4	0.87790332705586938	psych::alpha
c0582	alpha_if_deleted_item5	0.84537452250456735	psych::alpha
c0583	alpha	0.88094644045242854	psych::alpha
c0583	alpha_ci_low	0.70972182706053888	psych::alpha.ci
c0583	alpha_ci_high	0.96256885112435953	psych::alpha.ci
c0583	n	18	base::nrow
c0583	k	5	base::ncol
c0583	n_excluded	2	base::sum
c0583	alpha_if_deleted_item1	0.84688928917832895	psych::alpha
c0583	alpha_if_deleted_item2	0.85563786008230436	psych::alpha
c0583	alpha_if_deleted_item3	0.84924816861585906	psych::alpha
c0583	alpha_if_deleted_item4	0.87790332705586938	psych::alpha
c0583	alpha_if_deleted_item5	0.84537452250456735	psych::alpha
c0584	alpha	0.89922480620155032	psych::alpha
c0584	alpha_ci_low	0.48168769730851646	psych::alpha.ci
c0584	alpha_ci_high	0.99478646543059734	psych::alpha.ci
c0584	n	3	base::nrow
c0584	k	4	base::ncol
c0584	n_excluded	0	base::sum
c0584	alpha_if_deleted_item1	0.84000000000000008	psych::alpha
c0584	alpha_if_deleted_item2	0.91071428571428581	psych::alpha
c0584	alpha_if_deleted_item3	0.84375	psych::alpha
c0584	alpha_if_deleted_item4	0.87096774193548376	psych::alpha
c0585	alpha	0.89922480620155032	psych::alpha
c0585	alpha_ci_low	0.26838663689315967	psych::alpha.ci
c0585	alpha_ci_high	0.99743779663864074	psych::alpha.ci
c0585	n	3	base::nrow
c0585	k	4	base::ncol
c0585	n_excluded	0	base::sum
c0585	alpha_if_deleted_item1	0.84000000000000008	psych::alpha
c0585	alpha_if_deleted_item2	0.91071428571428581	psych::alpha
c0585	alpha_if_deleted_item3	0.84375	psych::alpha
c0585	alpha_if_deleted_item4	0.87096774193548376	psych::alpha
c0586	alpha	0.89922480620155032	psych::alpha
c0586	alpha_ci_low	-0.46568514403568706	psych::alpha.ci
c0586	alpha_ci_high	0.99949443788538495	psych::alpha.ci
c0586	n	3	base::nrow
c0586	k	4	base::ncol
c0586	n_excluded	0	base::sum
c0586	alpha_if_deleted_item1	0.84000000000000008	psych::alpha
c0586	alpha_if_deleted_item2	0.91071428571428581	psych::alpha
c0586	alpha_if_deleted_item3	0.84375	psych::alpha
c0586	alpha_if_deleted_item4	0.87096774193548376	psych::alpha
c0587	refused	1	r::refuseCell
c0587	refuse_reason	Alpha needs at least 3 complete respondents; 2 arrived and 2 remained after listwise deletion.	r::refuseCell
c0588	alpha	0.84933973589435774	psych::alpha
c0588	n	24	base::nrow
c0588	k	5	base::ncol
c0588	delta_max	0.023774484010184782	psych::alpha
c0588	delta_max_row	16	psych::alpha
c0588	n_excluded	0	base::nrow
c0588	delta_row_1	-0.0018711634817523137	psych::alpha
c0588	delta_row_2	0.012390002886620177	psych::alpha
c0588	delta_row_3	0.0033751179877103965	psych::alpha
c0588	delta_row_4	-0.012829880929686843	psych::alpha
c0588	delta_row_5	-0.012829880929686843	psych::alpha
c0588	delta_row_6	0.0071572500400027828	psych::alpha
c0588	delta_row_7	0.002236073304960895	psych::alpha
c0588	delta_row_8	-0.010086968366682436	psych::alpha
c0588	delta_row_9	0.00011358622507029459	psych::alpha
c0588	delta_row_10	0.004365545195931797	psych::alpha
c0588	delta_row_11	0.00095462911825805463	psych::alpha
c0588	delta_row_12	0.010469803967432245	psych::alpha
c0588	delta_row_13	-0.0057219643851900148	psych::alpha
c0588	delta_row_14	-0.00057954567696638648	psych::alpha
c0588	delta_row_15	-0.015841124232318871	psych::alpha
c0588	delta_row_16	-0.023774484010184782	psych::alpha
c0588	delta_row_17	0.005043000806880138	psych::alpha
c0588	delta_row_18	0.0071340011414401383	psych::alpha
c0588	delta_row_19	-0.021620775355377875	psych::alpha
c0588	delta_row_20	0.013076960001819016	psych::alpha
c0588	delta_row_21	0.0051598435841957446	psych::alpha
c0588	delta_row_22	0.010459856496946585	psych::alpha
c0588	delta_row_23	0.0033008092504462905	psych::alpha
c0588	delta_row_24	0.0082038006093260174	psych::alpha
c0589	alpha	0.28685258964143423	psych::alpha
c0589	n	12	base::nrow
c0589	k	2	base::ncol
c0589	delta_max	0.20405650126765651	psych::alpha
c0589	delta_max_row	10	psych::alpha
c0589	n_excluded	0	base::nrow
c0589	delta_row_1	-0.046111848900693309	psych::alpha
c0589	delta_row_2	-0.093304202544660209	psych::alpha
c0589	delta_row_3	-0.093304202544660209	psych::alpha
c0589	delta_row_4	-0.0323071350959796	psych::alpha
c0589	delta_row_5	-0.0323071350959796	psych::alpha
c0589	delta_row_6	0.15759185480301019	psych::alpha
c0589	delta_row_7	-0.0323071350959796	psych::alpha
c0589	delta_row_8	-0.15202112896727726	psych::alpha
c0589	delta_row_9	-0.046111848900693309	psych::alpha
c0589	delta_row_10	0.20405650126765651	psych::alpha
c0589	delta_row_11	-0.046111848900693309	psych::alpha
c0589	delta_row_12	0.15759185480301019	psych::alpha
c0590	alpha	0.84342938223095398	psych::alpha
c0590	n	21	base::nrow
c0590	k	5	base::ncol
c0590	delta_max	0.025540859441278041	psych::alpha
c0590	delta_max_row	16	psych::alpha
c0590	n_excluded	3	base::nrow
c0590	delta_row_1	-9.4872288607827926e-05	psych::alpha
c0590	delta_row_3	0.003525454916400439	psych::alpha
c0590	delta_row_4	-0.021800168747807991	psych::alpha
c0590	delta_row_5	-0.021800168747807991	psych::alpha
c0590	delta_row_6	0.0072169704929611056	psych::alpha
c0590	delta_row_8	-0.00851296885709385	psych::alpha
c0590	delta_row_9	0.001122453000895085	psych::alpha
c0590	delta_row_10	0.0044250511497951894	psych::alpha
c0590	delta_row_11	0.0022730685802301309	psych::alpha
c0590	delta_row_12	0.01090500115488191	psych::alpha
c0590	delta_row_13	-0.010717939444884417	psych::alpha
c0590	delta_row_14	0.0012201070912372103	psych::alpha
c0590	delta_row_15	-0.016960409139246124	psych::alpha
c0590	delta_row_16	-0.025540859441278041	psych::alpha
c0590	delta_row_17	0.0050919382642318212	psych::alpha
c0590	delta_row_18	0.009963556787844885	psych::alpha
c0590	delta_row_20	0.016582608176719971	psych::alpha
c0590	delta_row_21	0.0083138003717384557	psych::alpha
c0590	delta_row_22	0.012246105234227089	psych::alpha
c0590	delta_row_23	0.0014615613442001685	psych::alpha
c0590	delta_row_24	0.0077940711393138518	psych::alpha
c0591	alpha	-0.14101139205334817	psych::alpha
c0591	n	24	base::nrow
c0591	k	5	base::ncol
c0591	delta_max	0.12296376322615488	psych::alpha
c0591	delta_max_row	19	psych::alpha
c0591	n_excluded	0	base::nrow
c0591	delta_row_1	0.021649939212106117	psych::alpha
c0591	delta_row_2	0.01571483214824726	psych::alpha
c0591	delta_row_3	0.05292170073127489	psych::alpha
c0591	delta_row_4	-0.041817216194074414	psych::alpha
c0591	delta_row_5	-0.041817216194074414	psych::alpha
c0591	delta_row_6	0.027902343329450352	psych::alpha
c0591	delta_row_7	0.034427865371213506	psych::alpha
c0591	delta_row_8	-0.081376174084217823	psych::alpha
c0591	delta_row_9	-0.0039798206004304504	psych::alpha
c0591	delta_row_10	0.011266433571734957	psych::alpha
c0591	delta_row_11	-0.0010507051932834299	psych::alpha
c0591	delta_row_12	0.034830958544267709	psych::alpha
c0591	delta_row_13	-0.094169020317785845	psych::alpha
c0591	delta_row_14	-0.027055834837408088	psych::alpha
c0591	delta_row_15	0.0021225031644592218	psych::alpha
c0591	delta_row_16	-0.024332523290567232	psych::alpha
c0591	delta_row_17	0.019201647273765776	psych::alpha
c0591	delta_row_18	-0.021053433877023797	psych::alpha
c0591	delta_row_19	-0.12296376322615488	psych::alpha
c0591	delta_row_20	0.10910883984917158	psych::alpha
c0591	delta_row_21	0.01359487184245195	psych::alpha
c0591	delta_row_22	0.058354779524345812	psych::alpha
c0591	delta_row_23	0.0075594347579743815	psych::alpha
c0591	delta_row_24	0.00088683689320578907	psych::alpha
c0592	alpha	0.80982669616519176	psych::alpha
c0592	n	20	base::nrow
c0592	k	5	base::ncol
c0592	delta_max	0.084486192033565999	psych::alpha
c0592	delta_max_row	14	psych::alpha
c0592	n_excluded	0	base::nrow
c0592	delta_row_1	-0.00045169616519180611	psych::alpha
c0592	delta_row_2	0.0030148338894531168	psych::alpha
c0592	delta_row_3	-0.032980243298330714	psych::alpha
c0592	delta_row_4	-0.022996339022334666	psych::alpha
c0592	delta_row_5	0.0073316889279758657	psych::alpha
c0592	delta_row_6	-0.029146951639644314	psych::alpha
c0592	delta_row_7	0.0072939264029014961	psych::alpha
c0592	delta_row_8	0.0028234239308850828	psych::alpha
c0592	delta_row_9	0.0018871403127956876	psych::alpha
c0592	delta_row_10	0.0039349497975410541	psych::alpha
c0592	delta_row_11	-0.035820073648635486	psych::alpha
c0592	delta_row_12	0.0044785341236449616	psych::alpha
c0592	delta_row_13	-0.0082641961651918061	psych::alpha
c0592	delta_row_14	0.084486192033565999	psych::alpha
c0592	delta_row_15	-0.0095283159435378684	psych::alpha
c0592	delta_row_16	0.0039906340455809763	psych::alpha
c0592	delta_row_17	-0.0049560413551674731	psych::alpha
c0592	delta_row_18	-0.0056833815134704757	psych::alpha
c0592	delta_row_19	0.0028234239308850828	psych::alpha
c0592	delta_row_20	0.0058347824340299059	psych::alpha
c0593	alpha	0.88094644045242854	psych::alpha
c0593	n	18	base::nrow
c0593	k	5	base::ncol
c0593	delta_max	0.032736650650017518	psych::alpha
c0593	delta_max_row	17	psych::alpha
c0593	n_excluded	2	base::nrow
c0593	delta_row_1	-0.021800354223880936	psych::alpha
c0593	delta_row_2	0.0026820380441381353	psych::alpha
c0593	delta_row_4	-0.00099687003778536898	psych::alpha
c0593	delta_row_6	-0.0019307512480952749	psych::alpha
c0593	delta_row_7	-0.0054451992838204788	psych::alpha
c0593	delta_row_8	0.0020044088428370355	psych::alpha
c0593	delta_row_9	-0.0026311621558278153	psych::alpha
c0593	delta_row_10	0.012068200577735499	psych::alpha
c0593	delta_row_11	-0.0040319839712927852	psych::alpha
c0593	delta_row_12	-0.0087394627966073113	psych::alpha
c0593	delta_row_13	0.0044890492476075128	psych::alpha
c0593	delta_row_14	-0.021800354223880936	psych::alpha
c0593	delta_row_15	0.013059276896151051	psych::alpha
c0593	delta_row_16	0.0090305180729171042	psych::alpha
c0593	delta_row_17	0.032736650650017518	psych::alpha
c0593	delta_row_18	-0.0087394627966073113	psych::alpha
c0593	delta_row_19	-0.016630417013349996	psych::alpha
c0593	delta_row_20	0.0055893115729326315	psych::alpha
c0594	alpha	0.89922480620155032	psych::alpha
c0594	n	3	base::nrow
c0594	k	4	base::ncol
c0594	delta_max	3.8992248062015502	psych::alpha
c0594	delta_max_row	1	psych::alpha
c0594	n_excluded	0	base::nrow
c0594	delta_row_1	-3.8992248062015502	psych::alpha
c0594	delta_row_2	0.06373815676141259	psych::alpha
c0594	delta_row_3	0.025945261825660482	psych::alpha
c0595	refused	1	r::refuseCell
c0595	refuse_reason	Respondent influence needs at least 3 complete respondents (leave-one-out on fewer would rest on a single row); 2 arrived and 2 remained after listwise deletion.	r::refuseCell
c0596	chi_square	5.8333333333333339	stats::chisq.test
c0596	df	1	stats::chisq.test
c0596	p	0.015725299754505352	stats::chisq.test
c0596	n	70	base::sum
c0596	min_expected	15	stats::chisq.test
c0596	n_cells_below5	0	stats::chisq.test
c0596	cramers_v	0.28867513459481292	rstatix::cramer_v
c0596	cramers_v_yates	0.25980762113533157	rstatix::cramer_v
c0596	cramers_v	0.28867513459481292	effectsize::cramers_v
c0596	cramers_v_bias_corrected	0.26429706993546226	effectsize::cramers_v
c0597	chi_square	4.7249999999999996	stats::chisq.test
c0597	df	1	stats::chisq.test
c0597	p	0.029727183306054644	stats::chisq.test
c0597	n	70	base::sum
c0597	min_expected	15	stats::chisq.test
c0597	n_cells_below5	0	stats::chisq.test
c0597	cramers_v	0.28867513459481292	rstatix::cramer_v
c0597	cramers_v_yates	0.25980762113533157	rstatix::cramer_v
c0597	cramers_v	0.28867513459481292	effectsize::cramers_v
c0597	cramers_v_bias_corrected	0.26429706993546226	effectsize::cramers_v
c0598	chi_square	1.6666666666666665	stats::chisq.test
c0598	df	1	stats::chisq.test
c0598	p	0.19670560245894694	stats::chisq.test
c0598	n	10	base::sum
c0598	min_expected	2	stats::chisq.test
c0598	n_cells_below5	4	stats::chisq.test
c0598	cramers_v	0.40824829046386302	rstatix::cramer_v
c0598	cramers_v_yates	0.20412414523193151	rstatix::cramer_v
c0598	cramers_v	0.40824829046386302	effectsize::cramers_v
c0598	cramers_v_bias_corrected	0.25	effectsize::cramers_v
c0599	chi_square	0.41666666666666663	stats::chisq.test
c0599	df	1	stats::chisq.test
c0599	p	0.5186050164287257	stats::chisq.test
c0599	n	10	base::sum
c0599	min_expected	2	stats::chisq.test
c0599	n_cells_below5	4	stats::chisq.test
c0599	cramers_v	0.40824829046386302	rstatix::cramer_v
c0599	cramers_v_yates	0.20412414523193151	rstatix::cramer_v
c0599	cramers_v	0.40824829046386302	effectsize::cramers_v
c0599	cramers_v_bias_corrected	0.25	effectsize::cramers_v
c0600	chi_square	10.687023279834737	stats::chisq.test
c0600	df	6	stats::chisq.test
c0600	p	0.098544528361379988	stats::chisq.test
c0600	n	120	base::sum
c0600	min_expected	9.3333333333333339	stats::chisq.test
c0600	n_cells_below5	0	stats::chisq.test
c0600	cramers_v	0.21101958123827769	rstatix::cramer_v
c0600	cramers_v_yates	0.21101958123827769	rstatix::cramer_v
c0600	cramers_v	0.21101958123827766	effectsize::cramers_v
c0600	cramers_v_bias_corrected	0.14017639608451432	effectsize::cramers_v
c0601	chi_square	10.687023279834737	stats::chisq.test
c0601	df	6	stats::chisq.test
c0601	p	0.098544528361379988	stats::chisq.test
c0601	n	120	base::sum
c0601	min_expected	9.3333333333333339	stats::chisq.test
c0601	n_cells_below5	0	stats::chisq.test
c0601	cramers_v	0.21101958123827769	rstatix::cramer_v
c0601	cramers_v_yates	0.21101958123827769	rstatix::cramer_v
c0601	cramers_v	0.21101958123827766	effectsize::cramers_v
c0601	cramers_v_bias_corrected	0.14017639608451432	effectsize::cramers_v
c0602	chi_square	9.4358974358974361	stats::chisq.test
c0602	df	1	stats::chisq.test
c0602	p	0.0021277894149469073	stats::chisq.test
c0602	n	23	base::sum
c0602	min_expected	3.4782608695652173	stats::chisq.test
c0602	n_cells_below5	2	stats::chisq.test
c0602	cramers_v	0.64051261522034852	rstatix::cramer_v
c0602	cramers_v_yates	0.54843892678242345	rstatix::cramer_v
c0602	cramers_v	0.64051261522034852	effectsize::cramers_v
c0602	cramers_v_bias_corrected	0.61820173258684907	effectsize::cramers_v
c0603	chi_square	6.9180608974358977	stats::chisq.test
c0603	df	1	stats::chisq.test
c0603	p	0.0085329454352547317	stats::chisq.test
c0603	n	23	base::sum
c0603	min_expected	3.4782608695652173	stats::chisq.test
c0603	n_cells_below5	2	stats::chisq.test
c0603	cramers_v	0.64051261522034852	rstatix::cramer_v
c0603	cramers_v_yates	0.54843892678242345	rstatix::cramer_v
c0603	cramers_v	0.64051261522034852	effectsize::cramers_v
c0603	cramers_v_bias_corrected	0.61820173258684907	effectsize::cramers_v
c0604	prop_hat	0.5	stats::prop.test
c0604	ci_low	0.32740376788515602	stats::prop.test
c0604	ci_high	0.67259623211484398	stats::prop.test
c0604	n	20	base::identity
c0605	prop_hat	0.5	stats::prop.test
c0605	ci_low	0.2992980081982124	stats::prop.test
c0605	ci_high	0.70070199180178772	stats::prop.test
c0605	n	20	base::identity
c0606	prop_hat	0.5	stats::prop.test
c0606	ci_low	0.2504477003217796	stats::prop.test
c0606	ci_high	0.74955229967822046	stats::prop.test
c0606	n	20	base::identity
c0607	prop_hat	0.02	stats::prop.test
c0607	ci_low	0.0044745641065098516	stats::prop.test
c0607	ci_high	0.084805294248309418	stats::prop.test
c0607	n	50	base::identity
c0608	prop_hat	0.02	stats::prop.test
c0608	ci_low	0.0035392592716462297	stats::prop.test
c0608	ci_high	0.10495443589637811	stats::prop.test
c0608	n	50	base::identity
c0609	prop_hat	0.02	stats::prop.test
c0609	ci_low	0.0023524806148333358	stats::prop.test
c0609	ci_high	0.15011352743408948	stats::prop.test
c0609	n	50	base::identity
c0610	prop_hat	0.97999999999999998	stats::prop.test
c0610	ci_low	0.91519470575169048	stats::prop.test
c0610	ci_high	0.99552543589348996	stats::prop.test
c0610	n	50	base::identity
c0611	prop_hat	0.97999999999999998	stats::prop.test
c0611	ci_low	0.89504556410362202	stats::prop.test
c0611	ci_high	0.99646074072835389	stats::prop.test
c0611	n	50	base::identity
c0612	prop_hat	0.97999999999999998	stats::prop.test
c0612	ci_low	0.84988647256591054	stats::prop.test
c0612	ci_high	0.99764751938516671	stats::prop.test
c0612	n	50	base::identity
c0613	prop_hat	0.59999999999999998	stats::prop.test
c0613	ci_low	0.27248317186619292	stats::prop.test
c0613	ci_high	0.85729352798078684	stats::prop.test
c0613	n	5	base::identity
c0614	prop_hat	0.59999999999999998	stats::prop.test
c0614	ci_low	0.23072428127601299	stats::prop.test
c0614	ci_high	0.88237922576735195	stats::prop.test
c0614	n	5	base::identity
c0615	prop_hat	0.59999999999999998	stats::prop.test
c0615	ci_low	0.16865619801943221	stats::prop.test
c0615	ci_high	0.91729213777516583	stats::prop.test
c0615	n	5	base::identity
c0616	prop_hat	0.69999999999999996	stats::prop.test
c0616	ci_low	0.67565022113373652	stats::prop.test
c0616	ci_high	0.72327048157035922	stats::prop.test
c0616	n	1000	base::identity
c0617	prop_hat	0.69999999999999996	stats::prop.test
c0617	ci_low	0.67087613908278276	stats::prop.test
c0617	ci_high	0.72759315752299503	stats::prop.test
c0617	n	1000	base::identity
c0618	prop_hat	0.69999999999999996	stats::prop.test
c0618	ci_low	0.66145432595890197	stats::prop.test
c0618	ci_high	0.73590920807973514	stats::prop.test
c0618	n	1000	base::identity
c0619	prop_hat	0	stats::prop.test
c0619	ci_low	0	stats::prop.test
c0619	ci_high	0.21294197008340682	stats::prop.test
c0619	n	10	base::identity
c0620	prop_hat	0	stats::prop.test
c0620	ci_low	0	stats::prop.test
c0620	ci_high	0.27753279986288915	stats::prop.test
c0620	n	10	base::identity
c0621	prop_hat	0	stats::prop.test
c0621	ci_low	0	stats::prop.test
c0621	ci_high	0.39885409330490795	stats::prop.test
c0621	n	10	base::identity
c0622	prop_hat	1	stats::prop.test
c0622	ci_low	0.78705802991659313	stats::prop.test
c0622	ci_high	1	stats::prop.test
c0622	n	10	base::identity
c0623	prop_hat	1	stats::prop.test
c0623	ci_low	0.72246720013711085	stats::prop.test
c0623	ci_high	1	stats::prop.test
c0623	n	10	base::identity
c0624	prop_hat	1	stats::prop.test
c0624	ci_low	0.60114590669509194	stats::prop.test
c0624	ci_high	1	stats::prop.test
c0624	n	10	base::identity
c0625	prop_hat	0	stats::prop.test
c0625	ci_low	0	stats::prop.test
c0625	ci_high	0.35111650076510104	stats::prop.test
c0625	n	5	base::identity
c0626	prop_hat	0	stats::prop.test
c0626	ci_low	0	stats::prop.test
c0626	ci_high	0.43448246478317465	stats::prop.test
c0626	n	5	base::identity
c0627	prop_hat	0	stats::prop.test
c0627	ci_low	0	stats::prop.test
c0627	ci_high	0.57025832102700902	stats::prop.test
c0627	n	5	base::identity
c0628	prop_hat	1	stats::prop.test
c0628	ci_low	0.64888349923489896	stats::prop.test
c0628	ci_high	1	stats::prop.test
c0628	n	5	base::identity
c0629	prop_hat	1	stats::prop.test
c0629	ci_low	0.56551753521682535	stats::prop.test
c0629	ci_high	1	stats::prop.test
c0629	n	5	base::identity
c0630	prop_hat	1	stats::prop.test
c0630	ci_low	0.42974167897299087	stats::prop.test
c0630	ci_high	1	stats::prop.test
c0630	n	5	base::identity
c0631	f	3.1016722186311365	stats::aov
c0631	df_between	1	stats::aov
c0631	df_within	14	stats::aov
c0631	p	0.10002684121653538	stats::aov
c0631	ss_between	13.401392227959342	stats::aov
c0631	ss_within	60.48978678805495	stats::aov
c0631	ss_total	73.891179016014291	stats::aov
c0631	ms_between	13.401392227959342	stats::aov
c0631	ms_within	4.320699056289639	stats::aov
c0631	n	16	base::length
c0631	eta_squared	0.18136660432843932	rstatix::eta_squared
c0631	eta_squared	0.18136660432843932	effectsize::eta_squared
c0631	posthoc_g1__g2_cohens_d	-0.88057825016166758	effectsize::cohens_d
c0631	posthoc_g1__g2_cohens_d	-0.88057825016166758	rstatix::cohens_d
c0631	posthoc_g1__g2_diff	-1.8303956012266411	stats::TukeyHSD
c0631	posthoc_g1__g2_ci_low	-4.0595036109681795	stats::TukeyHSD
c0631	posthoc_g1__g2_ci_high	0.3987124085148972	stats::TukeyHSD
c0631	posthoc_g1__g2_padj	0.10002684121606087	stats::TukeyHSD
c0632	h	2.481617647058826	stats::kruskal.test
c0632	df	1	stats::kruskal.test
c0632	p	0.11518373151505119	stats::kruskal.test
c0632	n	16	base::length
c0632	eta_squared	0.10582983193277329	rstatix::kruskal_effsize
c0632	eta_squared	0.10582983193277329	effectsize::rank_eta_squared
c0632	epsilon_squared	0.1654411764705884	effectsize::rank_epsilon_squared
c0633	f	4.1305674601178115	stats::aov
c0633	df_between	1	stats::aov
c0633	df_within	4	stats::aov
c0633	p	0.11190925075245541	stats::aov
c0633	ss_between	8.5282090734306912	stats::aov
c0633	ss_within	8.2586319248130149	stats::aov
c0633	ss_total	16.786840998243704	stats::aov
c0633	ms_between	8.5282090734306912	stats::aov
c0633	ms_within	2.0646579812032537	stats::aov
c0633	n	6	base::length
c0633	eta_squared	0.50802941865732454	rstatix::eta_squared
c0633	eta_squared	0.50802941865732454	effectsize::eta_squared
c0633	posthoc_g1__g2_cohens_d	-1.659431119413683	effectsize::cohens_d
c0633	posthoc_g1__g2_cohens_d	-1.659431119413683	rstatix::cohens_d
c0633	posthoc_g1__g2_diff	-2.3844229313652523	stats::TukeyHSD
c0633	posthoc_g1__g2_ci_low	-5.6418102749916716	stats::TukeyHSD
c0633	posthoc_g1__g2_ci_high	0.8729644122611675	stats::TukeyHSD
c0633	posthoc_g1__g2_padj	0.1119096996475798	stats::TukeyHSD
c0634	h	3.8571428571428577	stats::kruskal.test
c0634	df	1	stats::kruskal.test
c0634	p	0.04953461343562679	stats::kruskal.test
c0634	n	6	base::length
c0634	eta_squared	0.71428571428571441	rstatix::kruskal_effsize
c0634	eta_squared	0.71428571428571441	effectsize::rank_eta_squared
c0634	epsilon_squared	0.77142857142857157	effectsize::rank_epsilon_squared
c0635	f	6.2697599477715142	stats::aov
c0635	df_between	1	stats::aov
c0635	df_within	33	stats::aov
c0635	p	0.017403570753358997	stats::aov
c0635	ss_between	31.456519011958015	stats::aov
c0635	ss_within	165.56696524937578	stats::aov
c0635	ss_total	197.02348426133381	stats::aov
c0635	ms_between	31.456519011958015	stats::aov
c0635	ms_within	5.0171807651325997	stats::aov
c0635	n	35	base::length
c0635	eta_squared	0.1596587286530462	rstatix::eta_squared
c0635	eta_squared	0.1596587286530462	effectsize::eta_squared
c0635	posthoc_g1__g2_cohens_d	-1.2095222146836972	effectsize::cohens_d
c0635	posthoc_g1__g2_cohens_d	-1.209522214683697	rstatix::cohens_d
c0635	posthoc_g1__g2_diff	-2.7092165723920161	stats::TukeyHSD
c0635	posthoc_g1__g2_ci_low	-4.9105165369800083	stats::TukeyHSD
c0635	posthoc_g1__g2_ci_high	-0.50791660780402426	stats::TukeyHSD
c0635	posthoc_g1__g2_padj	0.017403570753415143	stats::TukeyHSD
c0636	h	6.0088888888889045	stats::kruskal.test
c0636	df	1	stats::kruskal.test
c0636	p	0.014233987672982056	stats::kruskal.test
c0636	n	35	base::length
c0636	eta_squared	0.15178451178451224	rstatix::kruskal_effsize
c0636	eta_squared	0.15178451178451224	effectsize::rank_eta_squared
c0636	epsilon_squared	0.1767320261437913	effectsize::rank_epsilon_squared
c0637	f	0.53349687532345702	stats::aov
c0637	df_between	1	stats::aov
c0637	df_within	22	stats::aov
c0637	p	0.47284757471323913	stats::aov
c0637	ss_between	81.140356848077658	stats::aov
c0637	ss_within	3346.0136942234512	stats::aov
c0637	ss_total	3427.154051071529	stats::aov
c0637	ms_between	81.140356848077658	stats::aov
c0637	ms_within	152.09153155561143	stats::aov
c0637	n	24	base::length
c0637	eta_squared	0.023675725000662996	rstatix::eta_squared
c0637	eta_squared	0.023675725000662996	effectsize::eta_squared
c0637	posthoc_g1__g2_cohens_d	0.29818810487214747	effectsize::cohens_d
c0637	posthoc_g1__g2_cohens_d	0.29818810487214747	rstatix::cohens_d
c0637	posthoc_g1__g2_diff	3.677416594297271	stats::TukeyHSD
c0637	posthoc_g1__g2_ci_low	-6.7639906369649738	stats::TukeyHSD
c0637	posthoc_g1__g2_ci_high	14.118823825559517	stats::TukeyHSD
c0637	posthoc_g1__g2_padj	0.47284757471325223	stats::TukeyHSD
c0638	h	0.013333333333335418	stats::kruskal.test
c0638	df	1	stats::kruskal.test
c0638	p	0.90807255525596797	stats::kruskal.test
c0638	n	24	base::length
c0638	eta_squared	-0.044848484848484756	rstatix::kruskal_effsize
c0638	eta_squared	0	effectsize::rank_eta_squared
c0638	epsilon_squared	0.00057971014492762686	effectsize::rank_epsilon_squared
c0639	f	1.4355212355212363	stats::aov
c0639	df_between	1	stats::aov
c0639	df_within	22	stats::aov
c0639	p	0.24361420831006442	stats::aov
c0639	ss_between	7.0416666666666705	stats::aov
c0639	ss_within	107.91666666666667	stats::aov
c0639	ss_total	114.95833333333334	stats::aov
c0639	ms_between	7.0416666666666705	stats::aov
c0639	ms_within	4.9053030303030303	stats::aov
c0639	n	24	base::length
c0639	eta_squared	0.06125407756433493	rstatix::eta_squared
c0639	eta_squared	0.06125407756433493	effectsize::eta_squared
c0639	posthoc_g1__g2_cohens_d	-0.4891355019353425	effectsize::cohens_d
c0639	posthoc_g1__g2_cohens_d	-0.4891355019353425	rstatix::cohens_d
c0639	posthoc_g1__g2_diff	-1.0833333333333321	stats::TukeyHSD
c0639	posthoc_g1__g2_ci_low	-2.9584981179387491	stats::TukeyHSD
c0639	posthoc_g1__g2_ci_high	0.79183145127208454	stats::TukeyHSD
c0639	posthoc_g1__g2_padj	0.24361420831008074	stats::TukeyHSD
c0640	h	1.3623574707537343	stats::kruskal.test
c0640	df	1	stats::kruskal.test
c0640	p	0.24312932886740066	stats::kruskal.test
c0640	n	24	base::length
c0640	eta_squared	0.01647079412516974	rstatix::kruskal_effsize
c0640	eta_squared	0.01647079412516974	effectsize::rank_eta_squared
c0640	epsilon_squared	0.059232933511031927	effectsize::rank_epsilon_squared
c0641	f	10.536314889512559	stats::aov
c0641	df_between	2	stats::aov
c0641	df_within	21	stats::aov
c0641	p	0.00067811941375194918	stats::aov
c0641	ss_between	61.814163962843821	stats::aov
c0641	ss_within	61.60111276248	stats::aov
c0641	ss_total	123.41527672532382	stats::aov
c0641	ms_between	30.907081981421911	stats::aov
c0641	ms_within	2.9333863220228573	stats::aov
c0641	n	24	base::length
c0641	eta_squared	0.50086314760221295	rstatix::eta_squared
c0641	eta_squared	0.50086314760221295	effectsize::eta_squared
c0641	posthoc_g1__g2_cohens_d	-1.9226966492609718	effectsize::cohens_d
c0641	posthoc_g1__g2_cohens_d	-1.9226966492609718	rstatix::cohens_d
c0641	posthoc_g1__g3_cohens_d	-2.431419937644228	effectsize::cohens_d
c0641	posthoc_g1__g3_cohens_d	-2.431419937644228	rstatix::cohens_d
c0641	posthoc_g2__g3_cohens_d	-0.24892163098638864	effectsize::cohens_d
c0641	posthoc_g2__g3_cohens_d	-0.24892163098638864	rstatix::cohens_d
c0641	posthoc_g1__g2_diff	-3.1308919821794312	stats::TukeyHSD
c0641	posthoc_g1__g2_ci_low	-5.2893988795570266	stats::TukeyHSD
c0641	posthoc_g1__g2_ci_high	-0.97238508480183539	stats::TukeyHSD
c0641	posthoc_g1__g2_padj	0.0040340528825529853	stats::TukeyHSD
c0641	posthoc_g1__g3_diff	-3.6241573088748549	stats::TukeyHSD
c0641	posthoc_g1__g3_ci_low	-5.7826642062524503	stats::TukeyHSD
c0641	posthoc_g1__g3_ci_high	-1.4656504114972591	stats::TukeyHSD
c0641	posthoc_g1__g3_padj	0.0010429439140160479	stats::TukeyHSD
c0641	posthoc_g2__g3_diff	-0.49326532669542367	stats::TukeyHSD
c0641	posthoc_g2__g3_ci_low	-2.6517722240730195	stats::TukeyHSD
c0641	posthoc_g2__g3_ci_high	1.6652415706821722	stats::TukeyHSD
c0641	posthoc_g2__g3_padj	0.83425972781415447	stats::TukeyHSD
c0642	h	12.859999999999999	stats::kruskal.test
c0642	df	2	stats::kruskal.test
c0642	p	0.0016124508344866836	stats::kruskal.test
c0642	n	24	base::length
c0642	eta_squared	0.51714285714285713	rstatix::kruskal_effsize
c0642	eta_squared	0.51714285714285713	effectsize::rank_eta_squared
c0642	epsilon_squared	0.55913043478260871	effectsize::rank_epsilon_squared
c0643	f	0.96549876328581252	stats::aov
c0643	df_between	2	stats::aov
c0643	df_within	6	stats::aov
c0643	p	0.43298246427321713	stats::aov
c0643	ss_between	6.1727645527159591	stats::aov
c0643	ss_within	19.180028356666039	stats::aov
c0643	ss_total	25.352792909381996	stats::aov
c0643	ms_between	3.0863822763579796	stats::aov
c0643	ms_within	3.1966713927776733	stats::aov
c0643	n	9	base::length
c0643	eta_squared	0.24347473569397871	rstatix::eta_squared
c0643	eta_squared	0.24347473569397871	effectsize::eta_squared
c0643	posthoc_g1__g2_cohens_d	1.2792350334706872	effectsize::cohens_d
c0643	posthoc_g1__g2_cohens_d	1.2792350334706872	rstatix::cohens_d
c0643	posthoc_g1__g3_cohens_d	0.78404366198313324	effectsize::cohens_d
c0643	posthoc_g1__g3_cohens_d	0.78404366198313336	rstatix::cohens_d
c0643	posthoc_g2__g3_cohens_d	-0.30817506721002902	effectsize::cohens_d
c0643	posthoc_g2__g3_cohens_d	-0.30817506721002902	rstatix::cohens_d
c0643	posthoc_g1__g2_diff	1.9852922746530481	stats::TukeyHSD
c0643	posthoc_g1__g2_ci_low	-2.4938779617344604	stats::TukeyHSD
c0643	posthoc_g1__g2_ci_high	6.4644625110405567	stats::TukeyHSD
c0643	posthoc_g1__g2_padj	0.41691579360736031	stats::TukeyHSD
c0643	posthoc_g1__g3_diff	1.3536769040350869	stats::TukeyHSD
c0643	posthoc_g1__g3_ci_low	-3.1254933323524217	stats::TukeyHSD
c0643	posthoc_g1__g3_ci_high	5.8328471404225954	stats::TukeyHSD
c0643	posthoc_g1__g3_padj	0.64449262750074987	stats::TukeyHSD
c0643	posthoc_g2__g3_diff	-0.63161537061796125	stats::TukeyHSD
c0643	posthoc_g2__g3_ci_low	-5.1107856070054698	stats::TukeyHSD
c0643	posthoc_g2__g3_ci_high	3.8475548657695473	stats::TukeyHSD
c0643	posthoc_g2__g3_padj	0.90355275703390625	stats::TukeyHSD
c0644	h	1.155555555555555	stats::kruskal.test
c0644	df	2	stats::kruskal.test
c0644	p	0.56114396864748972	stats::kruskal.test
c0644	n	9	base::length
c0644	eta_squared	-0.14074074074074083	rstatix::kruskal_effsize
c0644	eta_squared	0	effectsize::rank_eta_squared
c0644	epsilon_squared	0.14444444444444438	effectsize::rank_epsilon_squared
c0645	f	11.320072277715861	stats::aov
c0645	df_between	2	stats::aov
c0645	df_within	44	stats::aov
c0645	p	0.00010808574301531406	stats::aov
c0645	ss_between	73.629799078870647	stats::aov
c0645	ss_within	143.09586900111253	stats::aov
c0645	ss_total	216.72566807998317	stats::aov
c0645	ms_between	36.814899539435324	stats::aov
c0645	ms_within	3.2521788409343757	stats::aov
c0645	n	47	base::length
c0645	eta_squared	0.33973732659897665	rstatix::eta_squared
c0645	eta_squared	0.33973732659897665	effectsize::eta_squared
c0645	posthoc_g1__g2_cohens_d	-0.4831320685733223	effectsize::cohens_d
c0645	posthoc_g1__g2_cohens_d	-0.4831320685733223	rstatix::cohens_d
c0645	posthoc_g1__g3_cohens_d	-2.2962312394124216	effectsize::cohens_d
c0645	posthoc_g1__g3_cohens_d	-2.2962312394124216	rstatix::cohens_d
c0645	posthoc_g2__g3_cohens_d	-1.6361985282304523	effectsize::cohens_d
c0645	posthoc_g2__g3_cohens_d	-1.6361985282304523	rstatix::cohens_d
c0645	posthoc_g1__g2_diff	-0.83139669217998602	stats::TukeyHSD
c0645	posthoc_g1__g2_ci_low	-2.3254244371295072	stats::TukeyHSD
c0645	posthoc_g1__g2_ci_high	0.66263105276953516	stats::TukeyHSD
c0645	posthoc_g1__g2_padj	0.37586112430681617	stats::TukeyHSD
c0645	posthoc_g1__g3_diff	-4.1302319216050183	stats::TukeyHSD
c0645	posthoc_g1__g3_ci_low	-6.2431062210743224	stats::TukeyHSD
c0645	posthoc_g1__g3_ci_high	-2.0173576221357141	stats::TukeyHSD
c0645	posthoc_g1__g3_padj	6.6005237050914545e-05	stats::TukeyHSD
c0645	posthoc_g2__g3_diff	-3.2988352294250323	stats::TukeyHSD
c0645	posthoc_g2__g3_ci_low	-5.6271093095582776	stats::TukeyHSD
c0645	posthoc_g2__g3_ci_high	-0.97056114929178694	stats::TukeyHSD
c0645	posthoc_g2__g3_padj	0.0036436445157722597	stats::TukeyHSD
c0646	h	9.5632978723404563	stats::kruskal.test
c0646	df	2	stats::kruskal.test
c0646	p	0.0083821659091582231	stats::kruskal.test
c0646	n	47	base::length
c0646	eta_squared	0.1718931334622831	rstatix::kruskal_effsize
c0646	eta_squared	0.1718931334622831	effectsize::rank_eta_squared
c0646	epsilon_squared	0.20789777983348817	effectsize::rank_epsilon_squared
c0647	f	7.2699231078642619	stats::aov
c0647	df_between	2	stats::aov
c0647	df_within	40	stats::aov
c0647	p	0.0020273169233730568	stats::aov
c0647	ss_between	49.015096714654838	stats::aov
c0647	ss_within	134.8435079365079	stats::aov
c0647	ss_total	183.85860465116275	stats::aov
c0647	ms_between	24.507548357327419	stats::aov
c0647	ms_within	3.3710876984126976	stats::aov
c0647	n	43	base::length
c0647	eta_squared	0.2665912580357705	rstatix::eta_squared
c0647	eta_squared	0.2665912580357705	effectsize::eta_squared
c0647	posthoc_g1__g2_cohens_d	-0.46684662007566641	effectsize::cohens_d
c0647	posthoc_g1__g2_cohens_d	-0.46684662007566641	rstatix::cohens_d
c0647	posthoc_g1__g3_cohens_d	-1.2688569282744691	effectsize::cohens_d
c0647	posthoc_g1__g3_cohens_d	-1.2688569282744691	rstatix::cohens_d
c0647	posthoc_g2__g3_cohens_d	-0.86062769998641975	effectsize::cohens_d
c0647	posthoc_g2__g3_cohens_d	-0.86062769998641986	rstatix::cohens_d
c0647	posthoc_g1__g2_diff	-0.8626984126984123	stats::TukeyHSD
c0647	posthoc_g1__g2_ci_low	-2.7719793758343596	stats::TukeyHSD
c0647	posthoc_g1__g2_ci_high	1.046582550437535	stats::TukeyHSD
c0647	posthoc_g1__g2_padj	0.51981364729055057	stats::TukeyHSD
c0647	posthoc_g1__g3_diff	-2.387142857142857	stats::TukeyHSD
c0647	posthoc_g1__g3_ci_low	-3.9443688338993228	stats::TukeyHSD
c0647	posthoc_g1__g3_ci_high	-0.82991688038639122	stats::TukeyHSD
c0647	posthoc_g1__g3_padj	0.0016803304845498523	stats::TukeyHSD
c0647	posthoc_g2__g3_diff	-1.5244444444444447	stats::TukeyHSD
c0647	posthoc_g2__g3_ci_low	-3.3181615233754829	stats::TukeyHSD
c0647	posthoc_g2__g3_ci_high	0.26927263448659344	stats::TukeyHSD
c0647	posthoc_g2__g3_padj	0.1093723871280613	stats::TukeyHSD
c0648	h	11.496817769032845	stats::kruskal.test
c0648	df	2	stats::kruskal.test
c0648	p	0.0031878489992945478	stats::kruskal.test
c0648	n	43	base::length
c0648	eta_squared	0.23742044422582112	rstatix::kruskal_effsize
c0648	eta_squared	0.23742044422582112	effectsize::rank_eta_squared
c0648	epsilon_squared	0.27373375640554393	effectsize::rank_epsilon_squared
c0649	f	14.418803418803428	stats::aov
c0649	df_between	2	stats::aov
c0649	df_within	39	stats::aov
c0649	p	2.0515623724613779e-05	stats::aov
c0649	ss_between	80.333333333333343	stats::aov
c0649	ss_within	108.64285714285708	stats::aov
c0649	ss_total	188.97619047619042	stats::aov
c0649	ms_between	40.166666666666671	stats::aov
c0649	ms_within	2.7857142857142843	stats::aov
c0649	n	42	base::length
c0649	eta_squared	0.42509764394607552	rstatix::eta_squared
c0649	eta_squared	0.42509764394607552	effectsize::eta_squared
c0649	posthoc_g1__g2_cohens_d	-1.6509858194472646	effectsize::cohens_d
c0649	posthoc_g1__g2_cohens_d	-1.6509858194472646	rstatix::cohens_d
c0649	posthoc_g1__g3_cohens_d	-1.8995043031176606	effectsize::cohens_d
c0649	posthoc_g1__g3_cohens_d	-1.8995043031176606	rstatix::cohens_d
c0649	posthoc_g2__g3_cohens_d	-0.67211416570211668	effectsize::cohens_d
c0649	posthoc_g2__g3_cohens_d	-0.67211416570211668	rstatix::cohens_d
c0649	posthoc_g1__g2_diff	-2.071428571428573	stats::TukeyHSD
c0649	posthoc_g1__g2_ci_low	-3.608349098865407	stats::TukeyHSD
c0649	posthoc_g1__g2_ci_high	-0.5345080439917389	stats::TukeyHSD
c0649	posthoc_g1__g2_padj	0.006010084176054975	stats::TukeyHSD
c0649	posthoc_g1__g3_diff	-3.3571428571428559	stats::TukeyHSD
c0649	posthoc_g1__g3_ci_low	-4.8940633845796899	stats::TukeyHSD
c0649	posthoc_g1__g3_ci_high	-1.8202223297060218	stats::TukeyHSD
c0649	posthoc_g1__g3_padj	1.3293043486961587e-05	stats::TukeyHSD
c0649	posthoc_g2__g3_diff	-1.2857142857142829	stats::TukeyHSD
c0649	posthoc_g2__g3_ci_low	-2.822634813151117	stats::TukeyHSD
c0649	posthoc_g2__g3_ci_high	0.25120624172255113	stats::TukeyHSD
c0649	posthoc_g2__g3_padj	0.11656928668673638	stats::TukeyHSD
c0650	h	19.448717948717952	stats::kruskal.test
c0650	df	2	stats::kruskal.test
c0650	p	5.9808726811097175e-05	stats::kruskal.test
c0650	n	42	base::length
c0650	eta_squared	0.44740302432610135	rstatix::kruskal_effsize
c0650	eta_squared	0.44740302432610135	effectsize::rank_eta_squared
c0650	epsilon_squared	0.47435897435897445	effectsize::rank_epsilon_squared
c0651	f	0.15819182588042288	stats::aov
c0651	df_between	2	stats::aov
c0651	df_within	57	stats::aov
c0651	p	0.85405950066239544	stats::aov
c0651	ss_between	35.693203339896961	stats::aov
c0651	ss_within	6430.5237614237221	stats::aov
c0651	ss_total	6466.2169647636192	stats::aov
c0651	ms_between	17.84660166994848	stats::aov
c0651	ms_within	112.81620634076705	stats::aov
c0651	n	60	base::length
c0651	eta_squared	0.0055199513926612841	rstatix::eta_squared
c0651	eta_squared	0.0055199513926612841	effectsize::eta_squared
c0651	posthoc_g1__g2_cohens_d	-0.48552891393469044	effectsize::cohens_d
c0651	posthoc_g1__g2_cohens_d	-0.48552891393469044	rstatix::cohens_d
c0651	posthoc_g1__g3_cohens_d	-0.14594190910605565	effectsize::cohens_d
c0651	posthoc_g1__g3_cohens_d	-0.14594190910605565	rstatix::cohens_d
c0651	posthoc_g2__g3_cohens_d	-0.077004958561643716	effectsize::cohens_d
c0651	posthoc_g2__g3_cohens_d	-0.077004958561643716	rstatix::cohens_d
c0651	posthoc_g1__g2_diff	-0.89114245306119955	stats::TukeyHSD
c0651	posthoc_g1__g2_ci_low	-8.9738495580434616	stats::TukeyHSD
c0651	posthoc_g1__g2_ci_high	7.1915646519210625	stats::TukeyHSD
c0651	posthoc_g1__g2_padj	0.96196545110969001	stats::TukeyHSD
c0651	posthoc_g1__g3_diff	-1.8882732389906653	stats::TukeyHSD
c0651	posthoc_g1__g3_ci_low	-9.9709803439729274	stats::TukeyHSD
c0651	posthoc_g1__g3_ci_high	6.1944338659915967	stats::TukeyHSD
c0651	posthoc_g1__g3_padj	0.84063356394995703	stats::TukeyHSD
c0651	posthoc_g2__g3_diff	-0.9971307859294658	stats::TukeyHSD
c0651	posthoc_g2__g3_ci_low	-9.0798378909117279	stats::TukeyHSD
c0651	posthoc_g2__g3_ci_high	7.0855763190527963	stats::TukeyHSD
c0651	posthoc_g2__g3_padj	0.95262025946682383	stats::TukeyHSD
c0652	h	2.4652459016393493	stats::kruskal.test
c0652	df	2	stats::kruskal.test
c0652	p	0.29152691321374008	stats::kruskal.test
c0652	n	60	base::length
c0652	eta_squared	0.0081622088006903393	rstatix::kruskal_effsize
c0652	eta_squared	0.0081622088006903393	effectsize::rank_eta_squared
c0652	epsilon_squared	0.041783828841344905	effectsize::rank_epsilon_squared
c0653	f	0.1942560626231056	stats::aov
c0653	df_between	2	stats::aov
c0653	df_within	27	stats::aov
c0653	p	0.82458774661399137	stats::aov
c0653	ss_between	1.239773563684194	stats::aov
c0653	ss_within	86.15918022702607	stats::aov
c0653	ss_total	87.398953790710266	stats::aov
c0653	ms_between	0.619886781842097	stats::aov
c0653	ms_within	3.1910807491491138	stats::aov
c0653	n	30	base::length
c0653	eta_squared	0.014185222018252248	rstatix::eta_squared
c0653	eta_squared	0.014185222018252248	effectsize::eta_squared
c0653	posthoc_g1__g2_cohens_d	-0.36340229560837517	effectsize::cohens_d
c0653	posthoc_g1__g2_cohens_d	-0.36340229560837517	rstatix::cohens_d
c0653	posthoc_g1__g3_cohens_d	-0.19534703694132216	effectsize::cohens_d
c0653	posthoc_g1__g3_cohens_d	-0.19534703694132216	rstatix::cohens_d
c0653	posthoc_g2__g3_cohens_d	0.025749127795063304	effectsize::cohens_d
c0653	posthoc_g2__g3_cohens_d	0.0257491277950633	rstatix::cohens_d
c0653	posthoc_g1__g2_diff	-0.45395017285497907	stats::TukeyHSD
c0653	posthoc_g1__g2_ci_low	-2.4347180770654639	stats::TukeyHSD
c0653	posthoc_g1__g2_ci_high	1.5268177313555058	stats::TukeyHSD
c0653	posthoc_g1__g2_padj	0.83800926380446561	stats::TukeyHSD
c0653	posthoc_g1__g3_diff	-0.40421211691584347	stats::TukeyHSD
c0653	posthoc_g1__g3_ci_low	-2.3849800211263283	stats::TukeyHSD
c0653	posthoc_g1__g3_ci_high	1.5765557872946414	stats::TukeyHSD
c0653	posthoc_g1__g3_padj	0.86907055527404209	stats::TukeyHSD
c0653	posthoc_g2__g3_diff	0.049738055939135606	stats::TukeyHSD
c0653	posthoc_g2__g3_ci_low	-1.9310298482713493	stats::TukeyHSD
c0653	posthoc_g2__g3_ci_high	2.0305059601496205	stats::TukeyHSD
c0653	posthoc_g2__g3_padj	0.99786539045118083	stats::TukeyHSD
c0654	h	0.37935483870965925	stats::kruskal.test
c0654	df	2	stats::kruskal.test
c0654	p	0.82722593798491562	stats::kruskal.test
c0654	n	30	base::length
c0654	eta_squared	-0.060023894862605211	rstatix::kruskal_effsize
c0654	eta_squared	0	effectsize::rank_eta_squared
c0654	epsilon_squared	0.013081201334815835	effectsize::rank_epsilon_squared
c0655	f	0.982587548082827	stats::aov
c0655	df_between	4	stats::aov
c0655	df_within	25	stats::aov
c0655	p	0.43491292626435407	stats::aov
c0655	ss_between	15.126445118395567	stats::aov
c0655	ss_within	96.215632056842466	stats::aov
c0655	ss_total	111.34207717523803	stats::aov
c0655	ms_between	3.7816112795988919	stats::aov
c0655	ms_within	3.8486252822736988	stats::aov
c0655	n	30	base::length
c0655	eta_squared	0.13585560375875239	rstatix::eta_squared
c0655	eta_squared	0.13585560375875239	effectsize::eta_squared
c0655	posthoc_g1__g2_cohens_d	-0.74539484225133679	effectsize::cohens_d
c0655	posthoc_g1__g2_cohens_d	-0.74539484225133679	rstatix::cohens_d
c0655	posthoc_g1__g3_cohens_d	-0.29107206800532992	effectsize::cohens_d
c0655	posthoc_g1__g3_cohens_d	-0.29107206800532992	rstatix::cohens_d
c0655	posthoc_g1__g4_cohens_d	-0.83835239569474207	effectsize::cohens_d
c0655	posthoc_g1__g4_cohens_d	-0.83835239569474207	rstatix::cohens_d
c0655	posthoc_g1__g5_cohens_d	-0.91679727935410893	effectsize::cohens_d
c0655	posthoc_g1__g5_cohens_d	-0.91679727935410893	rstatix::cohens_d
c0655	posthoc_g2__g3_cohens_d	0.37260587199731221	effectsize::cohens_d
c0655	posthoc_g2__g3_cohens_d	0.37260587199731221	rstatix::cohens_d
c0655	posthoc_g2__g4_cohens_d	-0.10544800225291259	effectsize::cohens_d
c0655	posthoc_g2__g4_cohens_d	-0.10544800225291259	rstatix::cohens_d
c0655	posthoc_g2__g5_cohens_d	-0.24778388556566708	effectsize::cohens_d
c0655	posthoc_g2__g5_cohens_d	-0.24778388556566708	rstatix::cohens_d
c0655	posthoc_g3__g4_cohens_d	-0.45111132397800729	effectsize::cohens_d
c0655	posthoc_g3__g4_cohens_d	-0.45111132397800729	rstatix::cohens_d
c0655	posthoc_g3__g5_cohens_d	-0.53700025364807058	effectsize::cohens_d
c0655	posthoc_g3__g5_cohens_d	-0.53700025364807069	rstatix::cohens_d
c0655	posthoc_g4__g5_cohens_d	-0.16090993621720109	effectsize::cohens_d
c0655	posthoc_g4__g5_cohens_d	-0.16090993621720109	rstatix::cohens_d
c0655	posthoc_g1__g2_diff	-1.5704668328942795	stats::TukeyHSD
c0655	posthoc_g1__g2_ci_low	-4.8968868755643236	stats::TukeyHSD
c0655	posthoc_g1__g2_ci_high	1.7559532097757646	stats::TukeyHSD
c0655	posthoc_g1__g2_padj	0.64150586419926037	stats::TukeyHSD
c0655	posthoc_g1__g3_diff	-0.77267663347913462	stats::TukeyHSD
c0655	posthoc_g1__g3_ci_low	-4.0990966761491787	stats::TukeyHSD
c0655	posthoc_g1__g3_ci_high	2.5537434091909095	stats::TukeyHSD
c0655	posthoc_g1__g3_padj	0.95850471921541591	stats::TukeyHSD
c0655	posthoc_g1__g4_diff	-1.707348614801333	stats::TukeyHSD
c0655	posthoc_g1__g4_ci_low	-5.0337686574713771	stats::TukeyHSD
c0655	posthoc_g1__g4_ci_high	1.6190714278687111	stats::TukeyHSD
c0655	posthoc_g1__g4_padj	0.56740878340027101	stats::TukeyHSD
c0655	posthoc_g1__g5_diff	-1.9100228515453619	stats::TukeyHSD
c0655	posthoc_g1__g5_ci_low	-5.236442894215406	stats::TukeyHSD
c0655	posthoc_g1__g5_ci_high	1.4163971911246822	stats::TukeyHSD
c0655	posthoc_g1__g5_padj	0.4598879452372947	stats::TukeyHSD
c0655	posthoc_g2__g3_diff	0.79779019941514484	stats::TukeyHSD
c0655	posthoc_g2__g3_ci_low	-2.5286298432548993	stats::TukeyHSD
c0655	posthoc_g2__g3_ci_high	4.1242102420851889	stats::TukeyHSD
c0655	posthoc_g2__g3_padj	0.95357391290346805	stats::TukeyHSD
c0655	posthoc_g2__g4_diff	-0.13688178190705358	stats::TukeyHSD
c0655	posthoc_g2__g4_ci_low	-3.4633018245770977	stats::TukeyHSD
c0655	posthoc_g2__g4_ci_high	3.1895382607629905	stats::TukeyHSD
c0655	posthoc_g2__g4_padj	0.99994821637742415	stats::TukeyHSD
c0655	posthoc_g2__g5_diff	-0.33955601865108243	stats::TukeyHSD
c0655	posthoc_g2__g5_ci_low	-3.6659760613211265	stats::TukeyHSD
c0655	posthoc_g2__g5_ci_high	2.9868640240189617	stats::TukeyHSD
c0655	posthoc_g2__g5_padj	0.99811688120116748	stats::TukeyHSD
c0655	posthoc_g3__g4_diff	-0.93467198132219842	stats::TukeyHSD
c0655	posthoc_g3__g4_ci_low	-4.2610920239922425	stats::TukeyHSD
c0655	posthoc_g3__g4_ci_high	2.3917480613478457	stats::TukeyHSD
c0655	posthoc_g3__g4_padj	0.92029192114317759	stats::TukeyHSD
c0655	posthoc_g3__g5_diff	-1.1373462180662273	stats::TukeyHSD
c0655	posthoc_g3__g5_ci_low	-4.4637662607362714	stats::TukeyHSD
c0655	posthoc_g3__g5_ci_high	2.1890738246038168	stats::TukeyHSD
c0655	posthoc_g3__g5_padj	0.85098569996497342	stats::TukeyHSD
c0655	posthoc_g4__g5_diff	-0.20267423674402885	stats::TukeyHSD
c0655	posthoc_g4__g5_ci_low	-3.5290942794140729	stats::TukeyHSD
c0655	posthoc_g4__g5_ci_high	3.1237458059260153	stats::TukeyHSD
c0655	posthoc_g4__g5_padj	0.99975344024673996	stats::TukeyHSD
c0656	h	3.2043010752688161	stats::kruskal.test
c0656	df	4	stats::kruskal.test
c0656	p	0.52423652934343434	stats::kruskal.test
c0656	n	30	base::length
c0656	eta_squared	-0.031827956989247355	rstatix::kruskal_effsize
c0656	eta_squared	0	effectsize::rank_eta_squared
c0656	epsilon_squared	0.11049314052651091	effectsize::rank_epsilon_squared
c0657	f	17.106888345070701	stats::aov
c0657	df_between	4	stats::aov
c0657	df_within	60	stats::aov
c0657	p	2.0646160629508594e-09	stats::aov
c0657	ss_between	195.59611800897193	stats::aov
c0657	ss_within	171.50645464871965	stats::aov
c0657	ss_total	367.10257265769155	stats::aov
c0657	ms_between	48.899029502242982	stats::aov
c0657	ms_within	2.8584409108119941	stats::aov
c0657	n	65	base::length
c0657	eta_squared	0.53281053464955552	rstatix::eta_squared
c0657	eta_squared	0.53281053464955552	effectsize::eta_squared
c0657	posthoc_g1__g2_cohens_d	-1.009196178648152	effectsize::cohens_d
c0657	posthoc_g1__g2_cohens_d	-1.009196178648152	rstatix::cohens_d
c0657	posthoc_g1__g3_cohens_d	-0.33376508437694835	effectsize::cohens_d
c0657	posthoc_g1__g3_cohens_d	-0.33376508437694835	rstatix::cohens_d
c0657	posthoc_g1__g4_cohens_d	-1.60392408350662	effectsize::cohens_d
c0657	posthoc_g1__g4_cohens_d	-1.60392408350662	rstatix::cohens_d
c0657	posthoc_g1__g5_cohens_d	-2.0991659059515104	effectsize::cohens_d
c0657	posthoc_g1__g5_cohens_d	-2.09916590595151	rstatix::cohens_d
c0657	posthoc_g2__g3_cohens_d	1.3816380487266011	effectsize::cohens_d
c0657	posthoc_g2__g3_cohens_d	1.3816380487266011	rstatix::cohens_d
c0657	posthoc_g2__g4_cohens_d	-0.70955850896699557	effectsize::cohens_d
c0657	posthoc_g2__g4_cohens_d	-0.70955850896699557	rstatix::cohens_d
c0657	posthoc_g2__g5_cohens_d	-1.1193343312321009	effectsize::cohens_d
c0657	posthoc_g2__g5_cohens_d	-1.1193343312321007	rstatix::cohens_d
c0657	posthoc_g3__g4_cohens_d	-2.2423624149961392	effectsize::cohens_d
c0657	posthoc_g3__g4_cohens_d	-2.2423624149961392	rstatix::cohens_d
c0657	posthoc_g3__g5_cohens_d	-2.2227450247666463	effectsize::cohens_d
c0657	posthoc_g3__g5_cohens_d	-2.2227450247666467	rstatix::cohens_d
c0657	posthoc_g4__g5_cohens_d	-0.4860330953434373	effectsize::cohens_d
c0657	posthoc_g4__g5_cohens_d	-0.4860330953434373	rstatix::cohens_d
c0657	posthoc_g1__g2_diff	-2.0237133498094	stats::TukeyHSD
c0657	posthoc_g1__g2_ci_low	-4.6521406117645574	stats::TukeyHSD
c0657	posthoc_g1__g2_ci_high	0.60471391214575743	stats::TukeyHSD
c0657	posthoc_g1__g2_padj	0.20699170693201752	stats::TukeyHSD
c0657	posthoc_g1__g3_diff	-0.57359260116853683	stats::TukeyHSD
c0657	posthoc_g1__g3_ci_low	-2.3933658422883184	stats::TukeyHSD
c0657	posthoc_g1__g3_ci_high	1.2461806399512447	stats::TukeyHSD
c0657	posthoc_g1__g3_padj	0.90079898523356028	stats::TukeyHSD
c0657	posthoc_g1__g4_diff	-3.1125314083786506	stats::TukeyHSD
c0657	posthoc_g1__g4_ci_low	-5.2305784553324699	stats::TukeyHSD
c0657	posthoc_g1__g4_ci_high	-0.99448436142483132	stats::TukeyHSD
c0657	posthoc_g1__g4_padj	0.0010355203350921327	stats::TukeyHSD
c0657	posthoc_g1__g5_diff	-3.9270962402760521	stats::TukeyHSD
c0657	posthoc_g1__g5_ci_low	-5.3969659548976159	stats::TukeyHSD
c0657	posthoc_g1__g5_ci_high	-2.4572265256544883	stats::TukeyHSD
c0657	posthoc_g1__g5_padj	3.3101431595738973e-09	stats::TukeyHSD
c0657	posthoc_g2__g3_diff	1.4501207486408632	stats::TukeyHSD
c0657	posthoc_g2__g3_ci_low	-1.3262033456145597	stats::TukeyHSD
c0657	posthoc_g2__g3_ci_high	4.226444842896286	stats::TukeyHSD
c0657	posthoc_g2__g3_padj	0.5862746701504572	stats::TukeyHSD
c0657	posthoc_g2__g4_diff	-1.0888180585692506	stats::TukeyHSD
c0657	posthoc_g2__g4_ci_low	-4.0691744332931519	stats::TukeyHSD
c0657	posthoc_g2__g4_ci_high	1.8915383161546506	stats::TukeyHSD
c0657	posthoc_g2__g4_padj	0.84167083207930893	stats::TukeyHSD
c0657	posthoc_g2__g5_diff	-1.9033828904666521	stats::TukeyHSD
c0657	posthoc_g2__g5_ci_low	-4.464030817302608	stats::TukeyHSD
c0657	posthoc_g2__g5_ci_high	0.65726503636930378	stats::TukeyHSD
c0657	posthoc_g2__g5_padj	0.23761813673243082	stats::TukeyHSD
c0657	posthoc_g3__g4_diff	-2.5389388072101138	stats::TukeyHSD
c0657	posthoc_g3__g4_ci_low	-4.8379535740317419	stats::TukeyHSD
c0657	posthoc_g3__g4_ci_high	-0.23992404038848525	stats::TukeyHSD
c0657	posthoc_g3__g4_padj	0.023313744182463125	stats::TukeyHSD
c0657	posthoc_g3__g5_diff	-3.3535036391075153	stats::TukeyHSD
c0657	posthoc_g3__g5_ci_low	-5.0739287560236184	stats::TukeyHSD
c0657	posthoc_g3__g5_ci_high	-1.6330785221914121	stats::TukeyHSD
c0657	posthoc_g3__g5_padj	8.5879508048281039e-06	stats::TukeyHSD
c0657	posthoc_g4__g5_diff	-0.81456483189740148	stats::TukeyHSD
c0657	posthoc_g4__g5_ci_low	-2.847889996973068	stats::TukeyHSD
c0657	posthoc_g4__g5_ci_high	1.218760333178265	stats::TukeyHSD
c0657	posthoc_g4__g5_padj	0.7918305342132419	stats::TukeyHSD
c0658	h	36.527546312273557	stats::kruskal.test
c0658	df	4	stats::kruskal.test
c0658	p	2.2536447361298893e-07	stats::kruskal.test
c0658	n	65	base::length
c0658	eta_squared	0.5421257718712259	rstatix::kruskal_effsize
c0658	eta_squared	0.5421257718712259	effectsize::rank_eta_squared
c0658	epsilon_squared	0.57074291112927433	effectsize::rank_epsilon_squared
c0659	f	10.277066758906953	stats::aov
c0659	df_between	4	stats::aov
c0659	df_within	55	stats::aov
c0659	p	2.7541688013570727e-06	stats::aov
c0659	ss_between	180.06666666666666	stats::aov
c0659	ss_within	240.91666666666663	stats::aov
c0659	ss_total	420.98333333333329	stats::aov
c0659	ms_between	45.016666666666666	stats::aov
c0659	ms_within	4.3803030303030299	stats::aov
c0659	n	60	base::length
c0659	eta_squared	0.42772873035353737	rstatix::eta_squared
c0659	eta_squared	0.42772873035353737	effectsize::eta_squared
c0659	posthoc_g1__g2_cohens_d	-0.81229142036474389	effectsize::cohens_d
c0659	posthoc_g1__g2_cohens_d	-0.81229142036474378	rstatix::cohens_d
c0659	posthoc_g1__g3_cohens_d	-1.795929700600553	effectsize::cohens_d
c0659	posthoc_g1__g3_cohens_d	-1.795929700600553	rstatix::cohens_d
c0659	posthoc_g1__g4_cohens_d	-1.8639252429305964	effectsize::cohens_d
c0659	posthoc_g1__g4_cohens_d	-1.8639252429305968	rstatix::cohens_d
c0659	posthoc_g1__g5_cohens_d	-2.7100989375927416	effectsize::cohens_d
c0659	posthoc_g1__g5_cohens_d	-2.7100989375927416	rstatix::cohens_d
c0659	posthoc_g2__g3_cohens_d	-0.67966334108722404	effectsize::cohens_d
c0659	posthoc_g2__g3_cohens_d	-0.67966334108722404	rstatix::cohens_d
c0659	posthoc_g2__g4_cohens_d	-1.0621700090875885	effectsize::cohens_d
c0659	posthoc_g2__g4_cohens_d	-1.0621700090875885	rstatix::cohens_d
c0659	posthoc_g2__g5_cohens_d	-1.5582862608135188	effectsize::cohens_d
c0659	posthoc_g2__g5_cohens_d	-1.5582862608135186	rstatix::cohens_d
c0659	posthoc_g3__g4_cohens_d	-0.56313152736915428	effectsize::cohens_d
c0659	posthoc_g3__g4_cohens_d	-0.56313152736915428	rstatix::cohens_d
c0659	posthoc_g3__g5_cohens_d	-1.0155048005794951	effectsize::cohens_d
c0659	posthoc_g3__g5_cohens_d	-1.0155048005794951	rstatix::cohens_d
c0659	posthoc_g4__g5_cohens_d	-0.26490647141300921	effectsize::cohens_d
c0659	posthoc_g4__g5_cohens_d	-0.26490647141300921	rstatix::cohens_d
c0659	posthoc_g1__g2_diff	-1.4166666666666696	stats::TukeyHSD
c0659	posthoc_g1__g2_ci_low	-3.8264389191546759	stats::TukeyHSD
c0659	posthoc_g1__g2_ci_high	0.99310558582133668	stats::TukeyHSD
c0659	posthoc_g1__g2_padj	0.46788441993693175	stats::TukeyHSD
c0659	posthoc_g1__g3_diff	-2.75	stats::TukeyHSD
c0659	posthoc_g1__g3_ci_low	-5.1597722524880059	stats::TukeyHSD
c0659	posthoc_g1__g3_ci_high	-0.34022774751199369	stats::TukeyHSD
c0659	posthoc_g1__g3_padj	0.017683532988979622	stats::TukeyHSD
c0659	posthoc_g1__g4_diff	-4.0833333333333321	stats::TukeyHSD
c0659	posthoc_g1__g4_ci_low	-6.493105585821338	stats::TukeyHSD
c0659	posthoc_g1__g4_ci_high	-1.6735610808453258	stats::TukeyHSD
c0659	posthoc_g1__g4_padj	0.00012829372281486506	stats::TukeyHSD
c0659	posthoc_g1__g5_diff	-4.7500000000000018	stats::TukeyHSD
c0659	posthoc_g1__g5_ci_low	-7.1597722524880076	stats::TukeyHSD
c0659	posthoc_g1__g5_ci_high	-2.3402277475119955	stats::TukeyHSD
c0659	posthoc_g1__g5_padj	7.959036362303884e-06	stats::TukeyHSD
c0659	posthoc_g2__g3_diff	-1.3333333333333304	stats::TukeyHSD
c0659	posthoc_g2__g3_ci_low	-3.7431055858213367	stats::TukeyHSD
c0659	posthoc_g2__g3_ci_high	1.0764389191546759	stats::TukeyHSD
c0659	posthoc_g2__g3_padj	0.52858971687386713	stats::TukeyHSD
c0659	posthoc_g2__g4_diff	-2.6666666666666625	stats::TukeyHSD
c0659	posthoc_g2__g4_ci_low	-5.0764389191546684	stats::TukeyHSD
c0659	posthoc_g2__g4_ci_high	-0.25689441417865622	stats::TukeyHSD
c0659	posthoc_g2__g4_padj	0.023050135566599073	stats::TukeyHSD
c0659	posthoc_g2__g5_diff	-3.3333333333333321	stats::TukeyHSD
c0659	posthoc_g2__g5_ci_low	-5.743105585821338	stats::TukeyHSD
c0659	posthoc_g2__g5_ci_high	-0.92356108084532584	stats::TukeyHSD
c0659	posthoc_g2__g5_padj	0.002354228807245673	stats::TukeyHSD
c0659	posthoc_g3__g4_diff	-1.3333333333333321	stats::TukeyHSD
c0659	posthoc_g3__g4_ci_low	-3.7431055858213385	stats::TukeyHSD
c0659	posthoc_g3__g4_ci_high	1.0764389191546742	stats::TukeyHSD
c0659	posthoc_g3__g4_padj	0.52858971687386558	stats::TukeyHSD
c0659	posthoc_g3__g5_diff	-2.0000000000000018	stats::TukeyHSD
c0659	posthoc_g3__g5_ci_low	-4.4097722524880076	stats::TukeyHSD
c0659	posthoc_g3__g5_ci_high	0.40977225248800453	stats::TukeyHSD
c0659	posthoc_g3__g5_padj	0.14774630609698214	stats::TukeyHSD
c0659	posthoc_g4__g5_diff	-0.66666666666666963	stats::TukeyHSD
c0659	posthoc_g4__g5_ci_low	-3.0764389191546759	stats::TukeyHSD
c0659	posthoc_g4__g5_ci_high	1.7431055858213367	stats::TukeyHSD
c0659	posthoc_g4__g5_padj	0.93526172316496425	stats::TukeyHSD
c0660	h	25.793849524721079	stats::kruskal.test
c0660	df	4	stats::kruskal.test
c0660	p	3.482213929527164e-05	stats::kruskal.test
c0660	n	60	base::length
c0660	eta_squared	0.39625180954038325	rstatix::kruskal_effsize
c0660	eta_squared	0.39625180954038325	effectsize::rank_eta_squared
c0660	epsilon_squared	0.43718389024950982	effectsize::rank_epsilon_squared
c0661	f	2.666330873776813	stats::aov
c0661	df_between	2	stats::aov
c0661	df_within	597	stats::aov
c0661	p	0.070334495765067534	stats::aov
c0661	ss_between	21.081732030853502	stats::aov
c0661	ss_within	2360.1335727309743	stats::aov
c0661	ss_total	2381.2153047618276	stats::aov
c0661	ms_between	10.540866015426751	stats::aov
c0661	ms_within	3.9533225673885668	stats::aov
c0661	n	600	base::length
c0661	eta_squared	0.0088533497952475674	rstatix::eta_squared
c0661	eta_squared	0.0088533497952475674	effectsize::eta_squared
c0661	posthoc_g1__g2_cohens_d	-0.077861025289203967	effectsize::cohens_d
c0661	posthoc_g1__g2_cohens_d	-0.077861025289203967	rstatix::cohens_d
c0661	posthoc_g1__g3_cohens_d	-0.22114135365962431	effectsize::cohens_d
c0661	posthoc_g1__g3_cohens_d	-0.22114135365962431	rstatix::cohens_d
c0661	posthoc_g2__g3_cohens_d	-0.15006719259647414	effectsize::cohens_d
c0661	posthoc_g2__g3_cohens_d	-0.15006719259647414	rstatix::cohens_d
c0661	posthoc_g1__g2_diff	-0.14919538277126421	stats::TukeyHSD
c0661	posthoc_g1__g2_ci_low	-0.61635964916272679	stats::TukeyHSD
c0661	posthoc_g1__g2_ci_high	0.31796888362019843	stats::TukeyHSD
c0661	posthoc_g1__g2_padj	0.73352155711914324	stats::TukeyHSD
c0661	posthoc_g1__g3_diff	-0.45065426100143213	stats::TukeyHSD
c0661	posthoc_g1__g3_ci_low	-0.91781852739289471	stats::TukeyHSD
c0661	posthoc_g1__g3_ci_high	0.016510005390030502	stats::TukeyHSD
c0661	posthoc_g1__g3_padj	0.061382632535928683	stats::TukeyHSD
c0661	posthoc_g2__g3_diff	-0.30145887823016793	stats::TukeyHSD
c0661	posthoc_g2__g3_ci_low	-0.76862314462163051	stats::TukeyHSD
c0661	posthoc_g2__g3_ci_high	0.16570538816129471	stats::TukeyHSD
c0661	posthoc_g2__g3_padj	0.28401083385577397	stats::TukeyHSD
c0662	h	4.8041021630615433	stats::kruskal.test
c0662	df	2	stats::kruskal.test
c0662	p	0.090532074062800671	stats::kruskal.test
c0662	n	600	base::length
c0662	eta_squared	0.0046969885478417807	rstatix::kruskal_effsize
c0662	eta_squared	0.0046969885478417807	effectsize::rank_eta_squared
c0662	epsilon_squared	0.0080202039450109237	effectsize::rank_epsilon_squared
