analysis	quantity	plugin_value	r_value	relative_difference
c0001	cohens_d	-0.4877302019398362	-0.48773020193983618	0.00e+00
c0001	cohens_d	-0.4877302019398362	-0.48773020193983618	0.00e+00
c0001	df	31.789784909512843	31.789784909512836	2.24e-16
c0001	hedges_g	-0.47802944435466926	-0.47802944435466244	1.43e-14
c0001	mean_diff	-10.280821420414043	-10.280821420414043	0.00e+00
c0001	mean_group1	123.65340661246606	123.65340661246606	0.00e+00
c0001	mean_group2	133.9342280328801	133.9342280328801	0.00e+00
c0001	median_group1	123.09982926178384	123.09982926178384	0.00e+00
c0001	median_group2	135.4196823775431	135.4196823775431	0.00e+00
c0001	n	40	40	0.00e+00
c0001	n_group1	20	20	0.00e+00
c0001	n_group2	20	20	0.00e+00
c0001	p	0.13288837133543796	0.13288837133543871	5.64e-15
c0001	sd_group1	15.746002363591481	15.746002363591481	0.00e+00
c0001	sd_group2	25.312138796756305	25.312138796756305	0.00e+00
c0001	t	-1.5423383217837563	-1.5423383217837563	0.00e+00
c0002	cohens_d	-0.4877302019398362	-0.48773020193983618	0.00e+00
c0002	cohens_d	-0.4877302019398362	-0.48773020193983618	0.00e+00
c0002	df	31.789784909512843	31.789784909512836	2.24e-16
c0002	hedges_g	-0.47802944435466926	-0.47802944435466244	1.43e-14
c0002	mean_diff	-10.280821420414043	-10.280821420414043	0.00e+00
c0002	mean_group1	123.65340661246606	123.65340661246606	0.00e+00
c0002	mean_group2	133.9342280328801	133.9342280328801	0.00e+00
c0002	median_group1	123.09982926178384	123.09982926178384	0.00e+00
c0002	median_group2	135.4196823775431	135.4196823775431	0.00e+00
c0002	n	40	40	0.00e+00
c0002	n_group1	20	20	0.00e+00
c0002	n_group2	20	20	0.00e+00
c0002	p	0.13288837133543796	0.13288837133543871	5.64e-15
c0002	sd_group1	15.746002363591481	15.746002363591481	0.00e+00
c0002	sd_group2	25.312138796756305	25.312138796756305	0.00e+00
c0002	t	-1.5423383217837563	-1.5423383217837563	0.00e+00
c0003	cohens_d	-0.4877302019398362	-0.48773020193983618	0.00e+00
c0003	cohens_d	-0.4877302019398362	-0.48773020193983618	0.00e+00
c0003	df	38	38	0.00e+00
c0003	hedges_g	-0.47802944435466926	-0.47802944435466244	1.43e-14
c0003	mean_diff	-10.280821420414043	-10.280821420414043	0.00e+00
c0003	mean_group1	123.65340661246606	123.65340661246606	0.00e+00
c0003	mean_group2	133.9342280328801	133.9342280328801	0.00e+00
c0003	median_group1	123.09982926178384	123.09982926178384	0.00e+00
c0003	median_group2	135.4196823775431	135.4196823775431	0.00e+00
c0003	n	40	40	0.00e+00
c0003	n_group1	20	20	0.00e+00
c0003	n_group2	20	20	0.00e+00
c0003	p	0.13127893707327898	0.1312789370732792	1.69e-15
c0003	sd_group1	15.746002363591481	15.746002363591481	0.00e+00
c0003	sd_group2	25.312138796756305	25.312138796756305	0.00e+00
c0003	t	-1.542338321783756	-1.5423383217837565	2.88e-16
c0004	cohens_d	-0.4877302019398362	-0.48773020193983618	0.00e+00
c0004	cohens_d	-0.4877302019398362	-0.48773020193983618	0.00e+00
c0004	df	38	38	0.00e+00
c0004	hedges_g	-0.47802944435466926	-0.47802944435466244	1.43e-14
c0004	mean_diff	-10.280821420414043	-10.280821420414043	0.00e+00
c0004	mean_group1	123.65340661246606	123.65340661246606	0.00e+00
c0004	mean_group2	133.9342280328801	133.9342280328801	0.00e+00
c0004	median_group1	123.09982926178384	123.09982926178384	0.00e+00
c0004	median_group2	135.4196823775431	135.4196823775431	0.00e+00
c0004	n	40	40	0.00e+00
c0004	n_group1	20	20	0.00e+00
c0004	n_group2	20	20	0.00e+00
c0004	p	0.13127893707327898	0.1312789370732792	1.69e-15
c0004	sd_group1	15.746002363591481	15.746002363591481	0.00e+00
c0004	sd_group2	25.312138796756305	25.312138796756305	0.00e+00
c0004	t	-1.542338321783756	-1.5423383217837565	2.88e-16
c0005	mean_diff	-10.280821420414043	-10.280821420414043	0.00e+00
c0005	mean_group1	123.65340661246606	123.65340661246606	0.00e+00
c0005	mean_group2	133.9342280328801	133.9342280328801	0.00e+00
c0005	median_group1	123.09982926178384	123.09982926178384	0.00e+00
c0005	median_group2	135.4196823775431	135.4196823775431	0.00e+00
c0005	n	40	40	0.00e+00
c0005	n_group1	20	20	0.00e+00
c0005	n_group2	20	20	0.00e+00
c0005	p	0.0964995524361003	0.096499552436100297	0.00e+00
c0005	p_method	exact	exact	
c0005	rank_biserial	-0.31	-0.31000000000000005	1.79e-16
c0005	sd_group1	15.746002363591481	15.746002363591481	0.00e+00
c0005	sd_group2	25.312138796756305	25.312138796756305	0.00e+00
c0005	u1	138	138	0.00e+00
c0005	u2	262	262	0.00e+00
c0006	mean_diff	-10.280821420414043	-10.280821420414043	0.00e+00
c0006	mean_group1	123.65340661246606	123.65340661246606	0.00e+00
c0006	mean_group2	133.9342280328801	133.9342280328801	0.00e+00
c0006	median_group1	123.09982926178384	123.09982926178384	0.00e+00
c0006	median_group2	135.4196823775431	135.4196823775431	0.00e+00
c0006	n	40	40	0.00e+00
c0006	n_group1	20	20	0.00e+00
c0006	n_group2	20	20	0.00e+00
c0006	p	0.0964995524361003	0.096499552436100297	0.00e+00
c0006	p_method	exact	exact	
c0006	rank_biserial	-0.31	-0.31000000000000005	1.79e-16
c0006	sd_group1	15.746002363591481	15.746002363591481	0.00e+00
c0006	sd_group2	25.312138796756305	25.312138796756305	0.00e+00
c0006	u1	138	138	0.00e+00
c0006	u2	262	262	0.00e+00
c0007	cohens_d	-0.4877302019398362	-0.48773020193983618	0.00e+00
c0007	cohens_d	-0.4877302019398362	-0.48773020193983618	0.00e+00
c0007	df	31.789784909512843	31.789784909512836	2.24e-16
c0007	hedges_g	-0.47802944435466926	-0.47802944435466244	1.43e-14
c0007	mean_diff	-10.280821420414043	-10.280821420414043	0.00e+00
c0007	mean_group1	123.65340661246606	123.65340661246606	0.00e+00
c0007	mean_group2	133.9342280328801	133.9342280328801	0.00e+00
c0007	median_group1	123.09982926178384	123.09982926178384	0.00e+00
c0007	median_group2	135.4196823775431	135.4196823775431	0.00e+00
c0007	mw_p	0.0964995524361003	0.096499552436100297	0.00e+00
c0007	n	40	40	0.00e+00
c0007	n_group1	20	20	0.00e+00
c0007	n_group2	20	20	0.00e+00
c0007	p	0.13288837133543796	0.13288837133543871	5.64e-15
c0007	p_method	exact	exact	
c0007	rank_biserial	-0.31	-0.31000000000000005	1.79e-16
c0007	sd_group1	15.746002363591481	15.746002363591481	0.00e+00
c0007	sd_group2	25.312138796756305	25.312138796756305	0.00e+00
c0007	t	-1.5423383217837563	-1.5423383217837563	0.00e+00
c0007	u1	138	138	0.00e+00
c0007	u2	262	262	0.00e+00
c0008	cohens_d	-0.4877302019398362	-0.48773020193983618	0.00e+00
c0008	cohens_d	-0.4877302019398362	-0.48773020193983618	0.00e+00
c0008	df	31.789784909512843	31.789784909512836	2.24e-16
c0008	hedges_g	-0.47802944435466926	-0.47802944435466244	1.43e-14
c0008	mean_diff	-10.280821420414043	-10.280821420414043	0.00e+00
c0008	mean_group1	123.65340661246606	123.65340661246606	0.00e+00
c0008	mean_group2	133.9342280328801	133.9342280328801	0.00e+00
c0008	median_group1	123.09982926178384	123.09982926178384	0.00e+00
c0008	median_group2	135.4196823775431	135.4196823775431	0.00e+00
c0008	mw_p	0.0964995524361003	0.096499552436100297	0.00e+00
c0008	n	40	40	0.00e+00
c0008	n_group1	20	20	0.00e+00
c0008	n_group2	20	20	0.00e+00
c0008	p	0.13288837133543796	0.13288837133543871	5.64e-15
c0008	p_method	exact	exact	
c0008	rank_biserial	-0.31	-0.31000000000000005	1.79e-16
c0008	sd_group1	15.746002363591481	15.746002363591481	0.00e+00
c0008	sd_group2	25.312138796756305	25.312138796756305	0.00e+00
c0008	t	-1.5423383217837563	-1.5423383217837563	0.00e+00
c0008	u1	138	138	0.00e+00
c0008	u2	262	262	0.00e+00
c0009	cohens_d	-2.1049340330376625	-2.1049340330376625	0.00e+00
c0009	cohens_d	-2.1049340330376625	-2.1049340330376625	0.00e+00
c0009	df	24.668456862621873	24.66845686262187	1.44e-16
c0009	hedges_g	-2.063067741579696	-2.0630677415796663	1.44e-14
c0009	mean_diff	-1.3420887365527916	-1.3420887365527916	0.00e+00
c0009	mean_group1	0.7992990952036713	0.79929909520367126	0.00e+00
c0009	mean_group2	2.1413878317564627	2.1413878317564627	0.00e+00
c0009	median_group1	0.7859934519885785	0.78599345198857851	0.00e+00
c0009	median_group2	2.342522159725755	2.3425221597257551	0.00e+00
c0009	n	40	40	0.00e+00
c0009	n_group1	20	20	0.00e+00
c0009	n_group2	20	20	0.00e+00
c0009	p	6.039394008344935e-07	6.0393940083449425e-07	1.23e-15
c0009	sd_group1	0.32813464539627635	0.32813464539627635	0.00e+00
c0009	sd_group2	0.8398656625139178	0.83986566251391781	0.00e+00
c0009	t	-6.65638586880313	-6.656385868803131	1.33e-16
c0010	cohens_d	-2.1049340330376625	-2.1049340330376625	0.00e+00
c0010	cohens_d	-2.1049340330376625	-2.1049340330376625	0.00e+00
c0010	df	24.668456862621873	24.66845686262187	1.44e-16
c0010	hedges_g	-2.063067741579696	-2.0630677415796663	1.44e-14
c0010	mean_diff	-1.3420887365527916	-1.3420887365527916	0.00e+00
c0010	mean_group1	0.7992990952036713	0.79929909520367126	0.00e+00
c0010	mean_group2	2.1413878317564627	2.1413878317564627	0.00e+00
c0010	median_group1	0.7859934519885785	0.78599345198857851	0.00e+00
c0010	median_group2	2.342522159725755	2.3425221597257551	0.00e+00
c0010	n	40	40	0.00e+00
c0010	n_group1	20	20	0.00e+00
c0010	n_group2	20	20	0.00e+00
c0010	p	6.039394008344935e-07	6.0393940083449425e-07	1.23e-15
c0010	sd_group1	0.32813464539627635	0.32813464539627635	0.00e+00
c0010	sd_group2	0.8398656625139178	0.83986566251391781	0.00e+00
c0010	t	-6.65638586880313	-6.656385868803131	1.33e-16
c0011	cohens_d	-2.1049340330376625	-2.1049340330376625	0.00e+00
c0011	cohens_d	-2.1049340330376625	-2.1049340330376625	0.00e+00
c0011	df	38	38	0.00e+00
c0011	hedges_g	-2.063067741579696	-2.0630677415796663	1.44e-14
c0011	mean_diff	-1.3420887365527916	-1.3420887365527916	0.00e+00
c0011	mean_group1	0.7992990952036713	0.79929909520367126	0.00e+00
c0011	mean_group2	2.1413878317564627	2.1413878317564627	0.00e+00
c0011	median_group1	0.7859934519885785	0.78599345198857851	0.00e+00
c0011	median_group2	2.342522159725755	2.3425221597257551	0.00e+00
c0011	n	40	40	0.00e+00
c0011	n_group1	20	20	0.00e+00
c0011	n_group2	20	20	0.00e+00
c0011	p	7.2000246032637e-08	7.2000246032636922e-08	1.10e-15
c0011	sd_group1	0.32813464539627635	0.32813464539627635	0.00e+00
c0011	sd_group2	0.8398656625139178	0.83986566251391781	0.00e+00
c0011	t	-6.65638586880313	-6.6563858688031301	0.00e+00
c0012	cohens_d	-2.1049340330376625	-2.1049340330376625	0.00e+00
c0012	cohens_d	-2.1049340330376625	-2.1049340330376625	0.00e+00
c0012	df	38	38	0.00e+00
c0012	hedges_g	-2.063067741579696	-2.0630677415796663	1.44e-14
c0012	mean_diff	-1.3420887365527916	-1.3420887365527916	0.00e+00
c0012	mean_group1	0.7992990952036713	0.79929909520367126	0.00e+00
c0012	mean_group2	2.1413878317564627	2.1413878317564627	0.00e+00
c0012	median_group1	0.7859934519885785	0.78599345198857851	0.00e+00
c0012	median_group2	2.342522159725755	2.3425221597257551	0.00e+00
c0012	n	40	40	0.00e+00
c0012	n_group1	20	20	0.00e+00
c0012	n_group2	20	20	0.00e+00
c0012	p	7.2000246032637e-08	7.2000246032636922e-08	1.10e-15
c0012	sd_group1	0.32813464539627635	0.32813464539627635	0.00e+00
c0012	sd_group2	0.8398656625139178	0.83986566251391781	0.00e+00
c0012	t	-6.65638586880313	-6.6563858688031301	0.00e+00
c0013	mean_diff	-1.3420887365527916	-1.3420887365527916	0.00e+00
c0013	mean_group1	0.7992990952036713	0.79929909520367126	0.00e+00
c0013	mean_group2	2.1413878317564627	2.1413878317564627	0.00e+00
c0013	median_group1	0.7859934519885785	0.78599345198857851	0.00e+00
c0013	median_group2	2.342522159725755	2.3425221597257551	0.00e+00
c0013	n	40	40	0.00e+00
c0013	n_group1	20	20	0.00e+00
c0013	n_group2	20	20	0.00e+00
c0013	p	1.0605997934914123e-07	1.0605997934914123e-07	0.00e+00
c0013	p_method	exact	exact	
c0013	rank_biserial	-0.88	-0.87999999999999989	1.26e-16
c0013	sd_group1	0.32813464539627635	0.32813464539627635	0.00e+00
c0013	sd_group2	0.8398656625139178	0.83986566251391781	0.00e+00
c0013	u1	24	24	0.00e+00
c0013	u2	376	376	0.00e+00
c0014	mean_diff	-1.3420887365527916	-1.3420887365527916	0.00e+00
c0014	mean_group1	0.7992990952036713	0.79929909520367126	0.00e+00
c0014	mean_group2	2.1413878317564627	2.1413878317564627	0.00e+00
c0014	median_group1	0.7859934519885785	0.78599345198857851	0.00e+00
c0014	median_group2	2.342522159725755	2.3425221597257551	0.00e+00
c0014	n	40	40	0.00e+00
c0014	n_group1	20	20	0.00e+00
c0014	n_group2	20	20	0.00e+00
c0014	p	1.0605997934914123e-07	1.0605997934914123e-07	0.00e+00
c0014	p_method	exact	exact	
c0014	rank_biserial	-0.88	-0.87999999999999989	1.26e-16
c0014	sd_group1	0.32813464539627635	0.32813464539627635	0.00e+00
c0014	sd_group2	0.8398656625139178	0.83986566251391781	0.00e+00
c0014	u1	24	24	0.00e+00
c0014	u2	376	376	0.00e+00
c0015	cohens_d	-2.1049340330376625	-2.1049340330376625	0.00e+00
c0015	cohens_d	-2.1049340330376625	-2.1049340330376625	0.00e+00
c0015	df	24.668456862621873	24.66845686262187	1.44e-16
c0015	hedges_g	-2.063067741579696	-2.0630677415796663	1.44e-14
c0015	mean_diff	-1.3420887365527916	-1.3420887365527916	0.00e+00
c0015	mean_group1	0.7992990952036713	0.79929909520367126	0.00e+00
c0015	mean_group2	2.1413878317564627	2.1413878317564627	0.00e+00
c0015	median_group1	0.7859934519885785	0.78599345198857851	0.00e+00
c0015	median_group2	2.342522159725755	2.3425221597257551	0.00e+00
c0015	mw_p	1.0605997934914123e-07	1.0605997934914123e-07	0.00e+00
c0015	n	40	40	0.00e+00
c0015	n_group1	20	20	0.00e+00
c0015	n_group2	20	20	0.00e+00
c0015	p	6.039394008344935e-07	6.0393940083449425e-07	1.23e-15
c0015	p_method	exact	exact	
c0015	rank_biserial	-0.88	-0.87999999999999989	1.26e-16
c0015	sd_group1	0.32813464539627635	0.32813464539627635	0.00e+00
c0015	sd_group2	0.8398656625139178	0.83986566251391781	0.00e+00
c0015	t	-6.65638586880313	-6.656385868803131	1.33e-16
c0015	u1	24	24	0.00e+00
c0015	u2	376	376	0.00e+00
c0016	cohens_d	-2.1049340330376625	-2.1049340330376625	0.00e+00
c0016	cohens_d	-2.1049340330376625	-2.1049340330376625	0.00e+00
c0016	df	24.668456862621873	24.66845686262187	1.44e-16
c0016	hedges_g	-2.063067741579696	-2.0630677415796663	1.44e-14
c0016	mean_diff	-1.3420887365527916	-1.3420887365527916	0.00e+00
c0016	mean_group1	0.7992990952036713	0.79929909520367126	0.00e+00
c0016	mean_group2	2.1413878317564627	2.1413878317564627	0.00e+00
c0016	median_group1	0.7859934519885785	0.78599345198857851	0.00e+00
c0016	median_group2	2.342522159725755	2.3425221597257551	0.00e+00
c0016	mw_p	1.0605997934914123e-07	1.0605997934914123e-07	0.00e+00
c0016	n	40	40	0.00e+00
c0016	n_group1	20	20	0.00e+00
c0016	n_group2	20	20	0.00e+00
c0016	p	6.039394008344935e-07	6.0393940083449425e-07	1.23e-15
c0016	p_method	exact	exact	
c0016	rank_biserial	-0.88	-0.87999999999999989	1.26e-16
c0016	sd_group1	0.32813464539627635	0.32813464539627635	0.00e+00
c0016	sd_group2	0.8398656625139178	0.83986566251391781	0.00e+00
c0016	t	-6.65638586880313	-6.656385868803131	1.33e-16
c0016	u1	24	24	0.00e+00
c0016	u2	376	376	0.00e+00
c0017	cohens_d	1.1265285900537279	1.1265285900537281	1.97e-16
c0017	cohens_d	1.1265285900537279	1.1265285900537281	1.97e-16
c0017	df	44.85122186889205	44.851221868892047	0.00e+00
c0017	hedges_g	1.108044010464055	1.1080440104640632	7.41e-15
c0017	mean_diff	6.126295663050769	6.1262956630507688	0.00e+00
c0017	mean_group1	95.26051014410355	95.260510144103549	0.00e+00
c0017	mean_group2	89.13421448105278	89.13421448105278	0.00e+00
c0017	median_group1	95.27021171593253	95.270211715932533	0.00e+00
c0017	median_group2	90.33935299990364	90.339352999903639	0.00e+00
c0017	n	48	48	0.00e+00
c0017	n_group1	24	24	0.00e+00
c0017	n_group2	24	24	0.00e+00
c0017	p	0.00031662029464293086	0.00031662029464293	2.74e-15
c0017	sd_group1	5.857231403651492	5.8572314036514923	0.00e+00
c0017	sd_group2	4.9840777494869775	4.9840777494869775	0.00e+00
c0017	t	3.9024095083039763	3.9024095083039763	0.00e+00
c0018	cohens_d	-1.1265285900537279	-1.1265285900537281	1.97e-16
c0018	cohens_d	-1.1265285900537279	-1.1265285900537281	1.97e-16
c0018	df	44.85122186889205	44.851221868892047	0.00e+00
c0018	hedges_g	-1.108044010464055	-1.1080440104640632	7.41e-15
c0018	mean_diff	-6.126295663050769	-6.1262956630507688	0.00e+00
c0018	mean_group1	89.13421448105278	89.13421448105278	0.00e+00
c0018	mean_group2	95.26051014410355	95.260510144103549	0.00e+00
c0018	median_group1	90.33935299990364	90.339352999903639	0.00e+00
c0018	median_group2	95.27021171593253	95.270211715932533	0.00e+00
c0018	n	48	48	0.00e+00
c0018	n_group1	24	24	0.00e+00
c0018	n_group2	24	24	0.00e+00
c0018	p	0.00031662029464293086	0.00031662029464293	2.74e-15
c0018	sd_group1	4.9840777494869775	4.9840777494869775	0.00e+00
c0018	sd_group2	5.857231403651492	5.8572314036514923	0.00e+00
c0018	t	-3.9024095083039763	-3.9024095083039763	0.00e+00
c0019	cohens_d	1.1265285900537279	1.1265285900537281	1.97e-16
c0019	cohens_d	1.1265285900537279	1.1265285900537281	1.97e-16
c0019	df	46	46	0.00e+00
c0019	hedges_g	1.108044010464055	1.1080440104640632	7.41e-15
c0019	mean_diff	6.126295663050769	6.1262956630507688	0.00e+00
c0019	mean_group1	95.26051014410355	95.260510144103549	0.00e+00
c0019	mean_group2	89.13421448105278	89.13421448105278	0.00e+00
c0019	median_group1	95.27021171593253	95.270211715932533	0.00e+00
c0019	median_group2	90.33935299990364	90.339352999903639	0.00e+00
c0019	n	48	48	0.00e+00
c0019	n_group1	24	24	0.00e+00
c0019	n_group2	24	24	0.00e+00
c0019	p	0.0003088228165246715	0.00030882281652467133	5.27e-16
c0019	sd_group1	5.857231403651492	5.8572314036514923	0.00e+00
c0019	sd_group2	4.9840777494869775	4.9840777494869775	0.00e+00
c0019	t	3.9024095083039763	3.9024095083039763	0.00e+00
c0020	cohens_d	-1.1265285900537279	-1.1265285900537281	1.97e-16
c0020	cohens_d	-1.1265285900537279	-1.1265285900537281	1.97e-16
c0020	df	46	46	0.00e+00
c0020	hedges_g	-1.108044010464055	-1.1080440104640632	7.41e-15
c0020	mean_diff	-6.126295663050769	-6.1262956630507688	0.00e+00
c0020	mean_group1	89.13421448105278	89.13421448105278	0.00e+00
c0020	mean_group2	95.26051014410355	95.260510144103549	0.00e+00
c0020	median_group1	90.33935299990364	90.339352999903639	0.00e+00
c0020	median_group2	95.27021171593253	95.270211715932533	0.00e+00
c0020	n	48	48	0.00e+00
c0020	n_group1	24	24	0.00e+00
c0020	n_group2	24	24	0.00e+00
c0020	p	0.0003088228165246715	0.00030882281652467133	5.27e-16
c0020	sd_group1	4.9840777494869775	4.9840777494869775	0.00e+00
c0020	sd_group2	5.857231403651492	5.8572314036514923	0.00e+00
c0020	t	-3.9024095083039763	-3.9024095083039763	0.00e+00
c0021	mean_diff	6.126295663050769	6.1262956630507688	0.00e+00
c0021	mean_group1	95.26051014410355	95.260510144103549	0.00e+00
c0021	mean_group2	89.13421448105278	89.13421448105278	0.00e+00
c0021	median_group1	95.27021171593253	95.270211715932533	0.00e+00
c0021	median_group2	90.33935299990364	90.339352999903639	0.00e+00
c0021	n	48	48	0.00e+00
c0021	n_group1	24	24	0.00e+00
c0021	n_group2	24	24	0.00e+00
c0021	p	0.0027296853011788804	0.0027296853011788804	0.00e+00
c0021	p_method	exact	exact	
c0021	rank_biserial	0.4965277777777778	0.49652777777777773	1.12e-16
c0021	sd_group1	5.857231403651492	5.8572314036514923	0.00e+00
c0021	sd_group2	4.9840777494869775	4.9840777494869775	0.00e+00
c0021	u1	431	431	0.00e+00
c0021	u2	145	145	0.00e+00
c0022	mean_diff	-6.126295663050769	-6.1262956630507688	0.00e+00
c0022	mean_group1	89.13421448105278	89.13421448105278	0.00e+00
c0022	mean_group2	95.26051014410355	95.260510144103549	0.00e+00
c0022	median_group1	90.33935299990364	90.339352999903639	0.00e+00
c0022	median_group2	95.27021171593253	95.270211715932533	0.00e+00
c0022	n	48	48	0.00e+00
c0022	n_group1	24	24	0.00e+00
c0022	n_group2	24	24	0.00e+00
c0022	p	0.0027296853011788804	0.0027296853011788804	0.00e+00
c0022	p_method	exact	exact	
c0022	rank_biserial	-0.4965277777777778	-0.49652777777777773	1.12e-16
c0022	sd_group1	4.9840777494869775	4.9840777494869775	0.00e+00
c0022	sd_group2	5.857231403651492	5.8572314036514923	0.00e+00
c0022	u1	145	145	0.00e+00
c0022	u2	431	431	0.00e+00
c0023	cohens_d	1.1265285900537279	1.1265285900537281	1.97e-16
c0023	cohens_d	1.1265285900537279	1.1265285900537281	1.97e-16
c0023	df	44.85122186889205	44.851221868892047	0.00e+00
c0023	hedges_g	1.108044010464055	1.1080440104640632	7.41e-15
c0023	mean_diff	6.126295663050769	6.1262956630507688	0.00e+00
c0023	mean_group1	95.26051014410355	95.260510144103549	0.00e+00
c0023	mean_group2	89.13421448105278	89.13421448105278	0.00e+00
c0023	median_group1	95.27021171593253	95.270211715932533	0.00e+00
c0023	median_group2	90.33935299990364	90.339352999903639	0.00e+00
c0023	mw_p	0.0027296853011788804	0.0027296853011788804	0.00e+00
c0023	n	48	48	0.00e+00
c0023	n_group1	24	24	0.00e+00
c0023	n_group2	24	24	0.00e+00
c0023	p	0.00031662029464293086	0.00031662029464293	2.74e-15
c0023	p_method	exact	exact	
c0023	rank_biserial	0.4965277777777778	0.49652777777777773	1.12e-16
c0023	sd_group1	5.857231403651492	5.8572314036514923	0.00e+00
c0023	sd_group2	4.9840777494869775	4.9840777494869775	0.00e+00
c0023	t	3.9024095083039763	3.9024095083039763	0.00e+00
c0023	u1	431	431	0.00e+00
c0023	u2	145	145	0.00e+00
c0024	cohens_d	-1.1265285900537279	-1.1265285900537281	1.97e-16
c0024	cohens_d	-1.1265285900537279	-1.1265285900537281	1.97e-16
c0024	df	44.85122186889205	44.851221868892047	0.00e+00
c0024	hedges_g	-1.108044010464055	-1.1080440104640632	7.41e-15
c0024	mean_diff	-6.126295663050769	-6.1262956630507688	0.00e+00
c0024	mean_group1	89.13421448105278	89.13421448105278	0.00e+00
c0024	mean_group2	95.26051014410355	95.260510144103549	0.00e+00
c0024	median_group1	90.33935299990364	90.339352999903639	0.00e+00
c0024	median_group2	95.27021171593253	95.270211715932533	0.00e+00
c0024	mw_p	0.0027296853011788804	0.0027296853011788804	0.00e+00
c0024	n	48	48	0.00e+00
c0024	n_group1	24	24	0.00e+00
c0024	n_group2	24	24	0.00e+00
c0024	p	0.00031662029464293086	0.00031662029464293	2.74e-15
c0024	p_method	exact	exact	
c0024	rank_biserial	-0.4965277777777778	-0.49652777777777773	1.12e-16
c0024	sd_group1	4.9840777494869775	4.9840777494869775	0.00e+00
c0024	sd_group2	5.857231403651492	5.8572314036514923	0.00e+00
c0024	t	-3.9024095083039763	-3.9024095083039763	0.00e+00
c0024	u1	145	145	0.00e+00
c0024	u2	431	431	0.00e+00
c0025	cohens_d	-2.413688140590419	-2.4136881405904189	0.00e+00
c0025	cohens_d	-2.413688140590419	-2.4136881405904189	0.00e+00
c0025	df	43.829915078239196	43.829915078239189	1.62e-16
c0025	hedges_g	-2.3740832775329577	-2.3740832775329745	7.11e-15
c0025	mean_diff	-9.540102222409388	-9.5401022224093879	0.00e+00
c0025	mean_group1	87.42731120137347	87.42731120137347	0.00e+00
c0025	mean_group2	96.96741342378286	96.967413423782858	0.00e+00
c0025	median_group1	88.11273799482314	88.112737994823135	0.00e+00
c0025	median_group2	97.88766049774816	97.887660497748158	0.00e+00
c0025	n	48	48	0.00e+00
c0025	n_group1	24	24	0.00e+00
c0025	n_group2	24	24	0.00e+00
c0025	p	1.2663016289237486e-10	1.2663016289237396e-10	7.14e-15
c0025	sd_group1	3.485128329960061	3.4851283299600611	0.00e+00
c0025	sd_group2	4.370170708306684	4.3701707083066843	0.00e+00
c0025	t	-8.361260986258113	-8.3612609862581149	2.12e-16
c0026	cohens_d	2.413688140590419	2.4136881405904189	0.00e+00
c0026	cohens_d	2.413688140590419	2.4136881405904189	0.00e+00
c0026	df	43.829915078239196	43.829915078239189	1.62e-16
c0026	hedges_g	2.3740832775329577	2.3740832775329745	7.11e-15
c0026	mean_diff	9.540102222409388	9.5401022224093879	0.00e+00
c0026	mean_group1	96.96741342378286	96.967413423782858	0.00e+00
c0026	mean_group2	87.42731120137347	87.42731120137347	0.00e+00
c0026	median_group1	97.88766049774816	97.887660497748158	0.00e+00
c0026	median_group2	88.11273799482314	88.112737994823135	0.00e+00
c0026	n	48	48	0.00e+00
c0026	n_group1	24	24	0.00e+00
c0026	n_group2	24	24	0.00e+00
c0026	p	1.2663016289237486e-10	1.2663016289237396e-10	7.14e-15
c0026	sd_group1	4.370170708306684	4.3701707083066843	0.00e+00
c0026	sd_group2	3.485128329960061	3.4851283299600611	0.00e+00
c0026	t	8.361260986258113	8.3612609862581149	2.12e-16
c0027	cohens_d	-2.413688140590419	-2.4136881405904189	0.00e+00
c0027	cohens_d	-2.413688140590419	-2.4136881405904189	0.00e+00
c0027	df	46	46	0.00e+00
c0027	hedges_g	-2.3740832775329577	-2.3740832775329745	7.11e-15
c0027	mean_diff	-9.540102222409388	-9.5401022224093879	0.00e+00
c0027	mean_group1	87.42731120137347	87.42731120137347	0.00e+00
c0027	mean_group2	96.96741342378286	96.967413423782858	0.00e+00
c0027	median_group1	88.11273799482314	88.112737994823135	0.00e+00
c0027	median_group2	97.88766049774816	97.887660497748158	0.00e+00
c0027	n	48	48	0.00e+00
c0027	n_group1	24	24	0.00e+00
c0027	n_group2	24	24	0.00e+00
c0027	p	8.725917123891969e-11	8.7259171238919679e-11	1.48e-16
c0027	sd_group1	3.485128329960061	3.4851283299600611	0.00e+00
c0027	sd_group2	4.370170708306684	4.3701707083066843	0.00e+00
c0027	t	-8.361260986258113	-8.3612609862581131	0.00e+00
c0028	cohens_d	2.413688140590419	2.4136881405904189	0.00e+00
c0028	cohens_d	2.413688140590419	2.4136881405904189	0.00e+00
c0028	df	46	46	0.00e+00
c0028	hedges_g	2.3740832775329577	2.3740832775329745	7.11e-15
c0028	mean_diff	9.540102222409388	9.5401022224093879	0.00e+00
c0028	mean_group1	96.96741342378286	96.967413423782858	0.00e+00
c0028	mean_group2	87.42731120137347	87.42731120137347	0.00e+00
c0028	median_group1	97.88766049774816	97.887660497748158	0.00e+00
c0028	median_group2	88.11273799482314	88.112737994823135	0.00e+00
c0028	n	48	48	0.00e+00
c0028	n_group1	24	24	0.00e+00
c0028	n_group2	24	24	0.00e+00
c0028	p	8.725917123891969e-11	8.7259171238919679e-11	1.48e-16
c0028	sd_group1	4.370170708306684	4.3701707083066843	0.00e+00
c0028	sd_group2	3.485128329960061	3.4851283299600611	0.00e+00
c0028	t	8.361260986258113	8.3612609862581131	0.00e+00
c0029	mean_diff	-9.540102222409388	-9.5401022224093879	0.00e+00
c0029	mean_group1	87.42731120137347	87.42731120137347	0.00e+00
c0029	mean_group2	96.96741342378286	96.967413423782858	0.00e+00
c0029	median_group1	88.11273799482314	88.112737994823135	0.00e+00
c0029	median_group2	97.88766049774816	97.887660497748158	0.00e+00
c0029	n	48	48	0.00e+00
c0029	n_group1	24	24	0.00e+00
c0029	n_group2	24	24	0.00e+00
c0029	p	3.1506217019544155e-11	3.1506217019544155e-11	0.00e+00
c0029	p_method	exact	exact	
c0029	rank_biserial	-0.9513888888888888	-0.95138888888888884	0.00e+00
c0029	sd_group1	3.485128329960061	3.4851283299600611	0.00e+00
c0029	sd_group2	4.370170708306684	4.3701707083066843	0.00e+00
c0029	u1	14	14	0.00e+00
c0029	u2	562	562	0.00e+00
c0030	mean_diff	9.540102222409388	9.5401022224093879	0.00e+00
c0030	mean_group1	96.96741342378286	96.967413423782858	0.00e+00
c0030	mean_group2	87.42731120137347	87.42731120137347	0.00e+00
c0030	median_group1	97.88766049774816	97.887660497748158	0.00e+00
c0030	median_group2	88.11273799482314	88.112737994823135	0.00e+00
c0030	n	48	48	0.00e+00
c0030	n_group1	24	24	0.00e+00
c0030	n_group2	24	24	0.00e+00
c0030	p	3.1506217019544155e-11	3.1506217019544155e-11	0.00e+00
c0030	p_method	exact	exact	
c0030	rank_biserial	0.9513888888888888	0.95138888888888884	0.00e+00
c0030	sd_group1	4.370170708306684	4.3701707083066843	0.00e+00
c0030	sd_group2	3.485128329960061	3.4851283299600611	0.00e+00
c0030	u1	562	562	0.00e+00
c0030	u2	14	14	0.00e+00
c0031	cohens_d	-2.413688140590419	-2.4136881405904189	0.00e+00
c0031	cohens_d	-2.413688140590419	-2.4136881405904189	0.00e+00
c0031	df	43.829915078239196	43.829915078239189	1.62e-16
c0031	hedges_g	-2.3740832775329577	-2.3740832775329745	7.11e-15
c0031	mean_diff	-9.540102222409388	-9.5401022224093879	0.00e+00
c0031	mean_group1	87.42731120137347	87.42731120137347	0.00e+00
c0031	mean_group2	96.96741342378286	96.967413423782858	0.00e+00
c0031	median_group1	88.11273799482314	88.112737994823135	0.00e+00
c0031	median_group2	97.88766049774816	97.887660497748158	0.00e+00
c0031	mw_p	3.1506217019544155e-11	3.1506217019544155e-11	0.00e+00
c0031	n	48	48	0.00e+00
c0031	n_group1	24	24	0.00e+00
c0031	n_group2	24	24	0.00e+00
c0031	p	1.2663016289237486e-10	1.2663016289237396e-10	7.14e-15
c0031	p_method	exact	exact	
c0031	rank_biserial	-0.9513888888888888	-0.95138888888888884	0.00e+00
c0031	sd_group1	3.485128329960061	3.4851283299600611	0.00e+00
c0031	sd_group2	4.370170708306684	4.3701707083066843	0.00e+00
c0031	t	-8.361260986258113	-8.3612609862581149	2.12e-16
c0031	u1	14	14	0.00e+00
c0031	u2	562	562	0.00e+00
c0032	cohens_d	2.413688140590419	2.4136881405904189	0.00e+00
c0032	cohens_d	2.413688140590419	2.4136881405904189	0.00e+00
c0032	df	43.829915078239196	43.829915078239189	1.62e-16
c0032	hedges_g	2.3740832775329577	2.3740832775329745	7.11e-15
c0032	mean_diff	9.540102222409388	9.5401022224093879	0.00e+00
c0032	mean_group1	96.96741342378286	96.967413423782858	0.00e+00
c0032	mean_group2	87.42731120137347	87.42731120137347	0.00e+00
c0032	median_group1	97.88766049774816	97.887660497748158	0.00e+00
c0032	median_group2	88.11273799482314	88.112737994823135	0.00e+00
c0032	mw_p	3.1506217019544155e-11	3.1506217019544155e-11	0.00e+00
c0032	n	48	48	0.00e+00
c0032	n_group1	24	24	0.00e+00
c0032	n_group2	24	24	0.00e+00
c0032	p	1.2663016289237486e-10	1.2663016289237396e-10	7.14e-15
c0032	p_method	exact	exact	
c0032	rank_biserial	0.9513888888888888	0.95138888888888884	0.00e+00
c0032	sd_group1	4.370170708306684	4.3701707083066843	0.00e+00
c0032	sd_group2	3.485128329960061	3.4851283299600611	0.00e+00
c0032	t	8.361260986258113	8.3612609862581149	2.12e-16
c0032	u1	562	562	0.00e+00
c0032	u2	14	14	0.00e+00
c0033	refused	1	1	0.00e+00
c0034	refused	1	1	0.00e+00
c0035	df_between	2	2	0.00e+00
c0035	df_within	42	42	0.00e+00
c0035	eta_squared	0.46236968508324866	0.4623696850832486	1.20e-16
c0035	eta_squared	0.46236968508324866	0.4623696850832486	1.20e-16
c0035	f	18.060297415058738	18.060297415058745	3.93e-16
c0035	ms_between	300.8918604062518	300.89186040625231	1.70e-15
c0035	ms_within	16.66040450448879	16.66040450448881	1.28e-15
c0035	n	45	45	0.00e+00
c0035	p	2.1885613623027198e-06	2.1885613623027028e-06	7.74e-15
c0035	posthoc_mezzo__alto_cohens_d	0.5859358150444196	0.58593581504441961	0.00e+00
c0035	posthoc_mezzo__alto_cohens_d	0.5859358150444196	0.58593581504441961	0.00e+00
c0035	posthoc_soprano__alto_cohens_d	2.0839749765563775	2.0839749765563771	2.13e-16
c0035	posthoc_soprano__alto_cohens_d	2.0839749765563775	2.0839749765563771	2.13e-16
c0035	posthoc_soprano__mezzo_cohens_d	1.7838798367260675	1.7838798367260675	0.00e+00
c0035	posthoc_soprano__mezzo_cohens_d	1.7838798367260675	1.7838798367260675	0.00e+00
c0035	ss_between	601.7837208125036	601.78372081250461	1.70e-15
c0035	ss_total	1301.5207100010325	1301.5207100010348	1.75e-15
c0035	ss_within	699.736989188529	699.73698918853006	1.46e-15
c0036	df_between	2	2	0.00e+00
c0036	df_within	42	42	0.00e+00
c0036	eta_squared	0.4623696850832487	0.46236968508324855	3.60e-16
c0036	eta_squared	0.4623696850832487	0.46236968508324855	3.60e-16
c0036	f	18.060297415058745	18.060297415058734	5.90e-16
c0036	ms_between	300.89186040625185	300.89186040625214	9.45e-16
c0036	ms_within	16.660404504488785	16.66040450448881	1.49e-15
c0036	n	45	45	0.00e+00
c0036	p	2.188561362302704e-06	2.1885613623027147e-06	4.84e-15
c0036	posthoc_alto__mezzo_cohens_d	-0.5859358150444196	-0.58593581504441961	0.00e+00
c0036	posthoc_alto__mezzo_cohens_d	-0.5859358150444196	-0.58593581504441961	0.00e+00
c0036	posthoc_alto__soprano_cohens_d	-2.0839749765563775	-2.0839749765563771	2.13e-16
c0036	posthoc_alto__soprano_cohens_d	-2.0839749765563775	-2.0839749765563771	2.13e-16
c0036	posthoc_mezzo__soprano_cohens_d	-1.7838798367260675	-1.7838798367260675	0.00e+00
c0036	posthoc_mezzo__soprano_cohens_d	-1.7838798367260675	-1.7838798367260675	0.00e+00
c0036	ss_between	601.7837208125037	601.78372081250427	9.45e-16
c0036	ss_total	1301.5207100010325	1301.5207100010343	1.40e-15
c0036	ss_within	699.7369891885289	699.73698918852995	1.46e-15
c0037	df_between	2	2	0.00e+00
c0037	df_within	42	42	0.00e+00
c0037	eta_squared	0.46236968508324866	0.4623696850832486	1.20e-16
c0037	eta_squared	0.46236968508324866	0.4623696850832486	1.20e-16
c0037	f	18.060297415058738	18.060297415058745	3.93e-16
c0037	ms_between	300.8918604062518	300.89186040625231	1.70e-15
c0037	ms_within	16.66040450448879	16.66040450448881	1.28e-15
c0037	n	45	45	0.00e+00
c0037	p	2.1885613623027198e-06	2.1885613623027028e-06	7.74e-15
c0037	posthoc_mezzo__alto_ci_high	6.294736726135756	6.2947367261357448	1.83e-15
c0037	posthoc_mezzo__alto_ci_low	-0.9472532969859238	-0.94725329698594063	1.78e-14
c0037	posthoc_mezzo__alto_cohens_d	0.5859358150444196	0.58593581504441961	0.00e+00
c0037	posthoc_mezzo__alto_cohens_d	0.5859358150444196	0.58593581504441961	0.00e+00
c0037	posthoc_mezzo__alto_diff	2.6737417145749163	2.6737417145749021	5.31e-15
c0037	posthoc_mezzo__alto_padj	0.18396791693969028	0.18396791693969383	1.93e-14
c0037	posthoc_soprano__alto_ci_high	12.361696027222866	12.36169602722287	2.87e-16
c0037	posthoc_soprano__alto_ci_low	5.119706004101186	5.1197060041011833	5.20e-16
c0037	posthoc_soprano__alto_cohens_d	2.0839749765563775	2.0839749765563771	2.13e-16
c0037	posthoc_soprano__alto_cohens_d	2.0839749765563775	2.0839749765563771	2.13e-16
c0037	posthoc_soprano__alto_diff	8.740701015662026	8.740701015662026	0.00e+00
c0037	posthoc_soprano__alto_padj	1.84250878443315e-06	1.84250878443315e-06	0.00e+00
c0037	posthoc_soprano__mezzo_ci_high	9.68795431264795	9.6879543126479675	1.83e-15
c0037	posthoc_soprano__mezzo_ci_low	2.4459642895262697	2.4459642895262812	4.72e-15
c0037	posthoc_soprano__mezzo_cohens_d	1.7838798367260675	1.7838798367260675	0.00e+00
c0037	posthoc_soprano__mezzo_cohens_d	1.7838798367260675	1.7838798367260675	0.00e+00
c0037	posthoc_soprano__mezzo_diff	6.06695930108711	6.0669593010871239	2.34e-15
c0037	posthoc_soprano__mezzo_padj	0.0005832285208634547	0.00058322852086356569	1.90e-13
c0037	ss_between	601.7837208125036	601.78372081250461	1.70e-15
c0037	ss_total	1301.5207100010325	1301.5207100010348	1.75e-15
c0037	ss_within	699.736989188529	699.73698918853006	1.46e-15
c0038	df_between	2	2	0.00e+00
c0038	df_within	42	42	0.00e+00
c0038	eta_squared	0.4623696850832487	0.46236968508324855	3.60e-16
c0038	eta_squared	0.4623696850832487	0.46236968508324855	3.60e-16
c0038	f	18.060297415058745	18.060297415058734	5.90e-16
c0038	ms_between	300.89186040625185	300.89186040625214	9.45e-16
c0038	ms_within	16.660404504488785	16.66040450448881	1.49e-15
c0038	n	45	45	0.00e+00
c0038	p	2.188561362302704e-06	2.1885613623027147e-06	4.84e-15
c0038	posthoc_alto__mezzo_ci_high	0.9472532969859238	0.94725329698594063	1.78e-14
c0038	posthoc_alto__mezzo_ci_low	-6.294736726135756	-6.2947367261357448	1.83e-15
c0038	posthoc_alto__mezzo_cohens_d	-0.5859358150444196	-0.58593581504441961	0.00e+00
c0038	posthoc_alto__mezzo_cohens_d	-0.5859358150444196	-0.58593581504441961	0.00e+00
c0038	posthoc_alto__mezzo_diff	-2.6737417145749163	-2.6737417145749021	5.31e-15
c0038	posthoc_alto__mezzo_padj	0.18396791693969028	0.18396791693969383	1.93e-14
c0038	posthoc_alto__soprano_ci_high	-5.119706004101186	-5.1197060041011833	5.20e-16
c0038	posthoc_alto__soprano_ci_low	-12.361696027222866	-12.36169602722287	2.87e-16
c0038	posthoc_alto__soprano_cohens_d	-2.0839749765563775	-2.0839749765563771	2.13e-16
c0038	posthoc_alto__soprano_cohens_d	-2.0839749765563775	-2.0839749765563771	2.13e-16
c0038	posthoc_alto__soprano_diff	-8.740701015662026	-8.740701015662026	0.00e+00
c0038	posthoc_alto__soprano_padj	1.84250878443315e-06	1.84250878443315e-06	0.00e+00
c0038	posthoc_mezzo__soprano_ci_high	-2.4459642895262697	-2.4459642895262812	4.72e-15
c0038	posthoc_mezzo__soprano_ci_low	-9.68795431264795	-9.6879543126479675	1.83e-15
c0038	posthoc_mezzo__soprano_cohens_d	-1.7838798367260675	-1.7838798367260675	0.00e+00
c0038	posthoc_mezzo__soprano_cohens_d	-1.7838798367260675	-1.7838798367260675	0.00e+00
c0038	posthoc_mezzo__soprano_diff	-6.06695930108711	-6.0669593010871239	2.34e-15
c0038	posthoc_mezzo__soprano_padj	0.0005832285208634547	0.00058322852086356569	1.90e-13
c0038	ss_between	601.7837208125037	601.78372081250427	9.45e-16
c0038	ss_total	1301.5207100010325	1301.5207100010343	1.40e-15
c0038	ss_within	699.7369891885289	699.73698918852995	1.46e-15
c0039	df_between	2	2	0.00e+00
c0039	df_within	42	42	0.00e+00
c0039	eta_squared	0.14302772821991808	0.14302772821991819	7.76e-16
c0039	eta_squared	0.14302772821991808	0.14302772821991819	7.76e-16
c0039	f	3.5048768688621763	3.5048768688621799	1.01e-15
c0039	ms_between	1.5772403528317622	1.577240352831764	1.13e-15
c0039	ms_within	0.4500130566195319	0.45001305661953195	1.23e-16
c0039	n	45	45	0.00e+00
c0039	p	0.03911129286189213	0.039111292861891994	3.55e-15
c0039	posthoc_mezzo__alto_cohens_d	0.6333530468010096	0.63335304680100957	0.00e+00
c0039	posthoc_mezzo__alto_cohens_d	0.6333530468010096	0.63335304680100957	0.00e+00
c0039	posthoc_soprano__alto_cohens_d	1.1593536170403687	1.1593536170403687	0.00e+00
c0039	posthoc_soprano__alto_cohens_d	1.1593536170403687	1.1593536170403687	0.00e+00
c0039	posthoc_soprano__mezzo_cohens_d	0.266496933006928	0.26649693300692806	2.08e-16
c0039	posthoc_soprano__mezzo_cohens_d	0.266496933006928	0.26649693300692806	2.08e-16
c0039	ss_between	3.1544807056635245	3.154480705663528	1.13e-15
c0039	ss_total	22.055029083683863	22.05502908368387	3.22e-16
c0039	ss_within	18.90054837802034	18.900548378020343	1.88e-16
c0040	df_between	2	2	0.00e+00
c0040	df_within	42	42	0.00e+00
c0040	eta_squared	0.14302772821991808	0.14302772821991833	1.75e-15
c0040	eta_squared	0.14302772821991808	0.14302772821991833	1.75e-15
c0040	f	3.5048768688621763	3.5048768688621834	2.03e-15
c0040	ms_between	1.5772403528317622	1.5772403528317653	1.97e-15
c0040	ms_within	0.4500130566195319	0.45001305661953189	0.00e+00
c0040	n	45	45	0.00e+00
c0040	p	0.03911129286189213	0.03911129286189189	6.21e-15
c0040	posthoc_alto__mezzo_cohens_d	-0.6333530468010096	-0.63335304680100957	0.00e+00
c0040	posthoc_alto__mezzo_cohens_d	-0.6333530468010096	-0.63335304680100957	0.00e+00
c0040	posthoc_alto__soprano_cohens_d	-1.1593536170403687	-1.1593536170403687	0.00e+00
c0040	posthoc_alto__soprano_cohens_d	-1.1593536170403687	-1.1593536170403687	0.00e+00
c0040	posthoc_mezzo__soprano_cohens_d	-0.266496933006928	-0.26649693300692806	2.08e-16
c0040	posthoc_mezzo__soprano_cohens_d	-0.266496933006928	-0.26649693300692806	2.08e-16
c0040	ss_between	3.1544807056635245	3.1544807056635307	1.97e-15
c0040	ss_total	22.055029083683863	22.05502908368387	3.22e-16
c0040	ss_within	18.90054837802034	18.900548378020339	0.00e+00
c0041	df_between	2	2	0.00e+00
c0041	df_within	42	42	0.00e+00
c0041	eta_squared	0.14302772821991808	0.14302772821991819	7.76e-16
c0041	eta_squared	0.14302772821991808	0.14302772821991819	7.76e-16
c0041	f	3.5048768688621763	3.5048768688621799	1.01e-15
c0041	ms_between	1.5772403528317622	1.577240352831764	1.13e-15
c0041	ms_within	0.4500130566195319	0.45001305661953195	1.23e-16
c0041	n	45	45	0.00e+00
c0041	p	0.03911129286189213	0.039111292861891994	3.55e-15
c0041	posthoc_mezzo__alto_ci_high	1.026145341263844	1.0261453412638442	2.16e-16
c0041	posthoc_mezzo__alto_ci_low	-0.1640759329129584	-0.16407593291295863	1.35e-15
c0041	posthoc_mezzo__alto_cohens_d	0.6333530468010096	0.63335304680100957	0.00e+00
c0041	posthoc_mezzo__alto_cohens_d	0.6333530468010096	0.63335304680100957	0.00e+00
c0041	posthoc_mezzo__alto_diff	0.43103470417544276	0.43103470417544276	0.00e+00
c0041	posthoc_mezzo__alto_padj	0.19559982053316205	0.19559982053316205	0.00e+00
c0041	posthoc_soprano__alto_ci_high	1.2302765128404425	1.2302765128404436	9.02e-16
c0041	posthoc_soprano__alto_ci_low	0.040055238663640136	0.040055238663640802	1.66e-14
c0041	posthoc_soprano__alto_cohens_d	1.1593536170403687	1.1593536170403687	0.00e+00
c0041	posthoc_soprano__alto_cohens_d	1.1593536170403687	1.1593536170403687	0.00e+00
c0041	posthoc_soprano__alto_diff	0.6351658757520413	0.6351658757520422	1.40e-15
c0041	posthoc_soprano__alto_padj	0.03414776472075598	0.034147764720755758	6.50e-15
c0041	posthoc_soprano__mezzo_ci_high	0.7992418086649997	0.79924180866500083	1.39e-15
c0041	posthoc_soprano__mezzo_ci_low	-0.3909794655118026	-0.39097946551180196	1.70e-15
c0041	posthoc_soprano__mezzo_cohens_d	0.266496933006928	0.26649693300692806	2.08e-16
c0041	posthoc_soprano__mezzo_cohens_d	0.266496933006928	0.26649693300692806	2.08e-16
c0041	posthoc_soprano__mezzo_diff	0.20413117157659855	0.20413117157659944	4.35e-15
c0041	posthoc_soprano__mezzo_padj	0.6846336598599503	0.68463365985994828	2.92e-15
c0041	ss_between	3.1544807056635245	3.154480705663528	1.13e-15
c0041	ss_total	22.055029083683863	22.05502908368387	3.22e-16
c0041	ss_within	18.90054837802034	18.900548378020343	1.88e-16
c0042	df_between	2	2	0.00e+00
c0042	df_within	42	42	0.00e+00
c0042	eta_squared	0.14302772821991808	0.14302772821991833	1.75e-15
c0042	eta_squared	0.14302772821991808	0.14302772821991833	1.75e-15
c0042	f	3.5048768688621763	3.5048768688621834	2.03e-15
c0042	ms_between	1.5772403528317622	1.5772403528317653	1.97e-15
c0042	ms_within	0.4500130566195319	0.45001305661953189	0.00e+00
c0042	n	45	45	0.00e+00
c0042	p	0.03911129286189213	0.03911129286189189	6.21e-15
c0042	posthoc_alto__mezzo_ci_high	0.1640759329129584	0.16407593291295852	6.77e-16
c0042	posthoc_alto__mezzo_ci_low	-1.026145341263844	-1.0261453412638439	0.00e+00
c0042	posthoc_alto__mezzo_cohens_d	-0.6333530468010096	-0.63335304680100957	0.00e+00
c0042	posthoc_alto__mezzo_cohens_d	-0.6333530468010096	-0.63335304680100957	0.00e+00
c0042	posthoc_alto__mezzo_diff	-0.43103470417544276	-0.43103470417544276	0.00e+00
c0042	posthoc_alto__mezzo_padj	0.19559982053316205	0.19559982053316205	0.00e+00
c0042	posthoc_alto__soprano_ci_high	-0.040055238663640136	-0.040055238663641801	4.16e-14
c0042	posthoc_alto__soprano_ci_low	-1.2302765128404425	-1.2302765128404443	1.44e-15
c0042	posthoc_alto__soprano_cohens_d	-1.1593536170403687	-1.1593536170403687	0.00e+00
c0042	posthoc_alto__soprano_cohens_d	-1.1593536170403687	-1.1593536170403687	0.00e+00
c0042	posthoc_alto__soprano_diff	-0.6351658757520413	-0.63516587575204309	2.80e-15
c0042	posthoc_alto__soprano_padj	0.03414776472075598	0.034147764720755536	1.30e-14
c0042	posthoc_mezzo__soprano_ci_high	0.3909794655118026	0.39097946551180096	4.26e-15
c0042	posthoc_mezzo__soprano_ci_low	-0.7992418086649997	-0.79924180866500161	2.36e-15
c0042	posthoc_mezzo__soprano_cohens_d	-0.266496933006928	-0.26649693300692806	2.08e-16
c0042	posthoc_mezzo__soprano_cohens_d	-0.266496933006928	-0.26649693300692806	2.08e-16
c0042	posthoc_mezzo__soprano_diff	-0.20413117157659855	-0.20413117157660032	8.70e-15
c0042	posthoc_mezzo__soprano_padj	0.6846336598599503	0.68463365985994584	6.49e-15
c0042	ss_between	3.1544807056635245	3.1544807056635307	1.97e-15
c0042	ss_total	22.055029083683863	22.05502908368387	3.22e-16
c0042	ss_within	18.90054837802034	18.900548378020339	0.00e+00
c0043	df_between	2	2	0.00e+00
c0043	df_within	42	42	0.00e+00
c0043	eta_squared	0.4098046330862996	0.40980463308629977	4.06e-16
c0043	eta_squared	0.4098046330862996	0.40980463308629977	4.06e-16
c0043	f	14.58143824444943	14.581438244449433	2.44e-16
c0043	ms_between	219.66586043851675	219.66586043851686	5.18e-16
c0043	ms_within	15.06475950835198	15.064759508351983	2.36e-16
c0043	n	45	45	0.00e+00
c0043	p	1.5520714651039715e-05	1.5520714651039607e-05	6.99e-15
c0043	posthoc_mezzo__alto_cohens_d	0.9900841245897888	0.99008412458978878	0.00e+00
c0043	posthoc_mezzo__alto_cohens_d	0.9900841245897888	0.99008412458978878	0.00e+00
c0043	posthoc_soprano__alto_cohens_d	2.099855690215333	2.0998556902153331	0.00e+00
c0043	posthoc_soprano__alto_cohens_d	2.099855690215333	2.0998556902153331	0.00e+00
c0043	posthoc_soprano__mezzo_cohens_d	0.9239481535297805	0.92394815352978055	0.00e+00
c0043	posthoc_soprano__mezzo_cohens_d	0.9239481535297805	0.92394815352978055	0.00e+00
c0043	ss_between	439.3317208770335	439.33172087703372	5.18e-16
c0043	ss_total	1072.0516202278168	1072.051620227817	2.12e-16
c0043	ss_within	632.7198993507832	632.71989935078329	1.80e-16
c0044	df_between	2	2	0.00e+00
c0044	df_within	42	42	0.00e+00
c0044	eta_squared	0.4098046330862996	0.40980463308629933	6.77e-16
c0044	eta_squared	0.4098046330862996	0.40980463308629933	6.77e-16
c0044	f	14.58143824444943	14.581438244449409	1.46e-15
c0044	ms_between	219.66586043851675	219.66586043851663	5.18e-16
c0044	ms_within	15.06475950835198	15.064759508351994	9.43e-16
c0044	n	45	45	0.00e+00
c0044	p	1.5520714651039715e-05	1.5520714651039857e-05	9.17e-15
c0044	posthoc_alto__mezzo_cohens_d	-0.9900841245897888	-0.99008412458978878	0.00e+00
c0044	posthoc_alto__mezzo_cohens_d	-0.9900841245897888	-0.99008412458978878	0.00e+00
c0044	posthoc_alto__soprano_cohens_d	-2.099855690215333	-2.0998556902153331	0.00e+00
c0044	posthoc_alto__soprano_cohens_d	-2.099855690215333	-2.0998556902153331	0.00e+00
c0044	posthoc_mezzo__soprano_cohens_d	-0.9239481535297805	-0.92394815352978055	0.00e+00
c0044	posthoc_mezzo__soprano_cohens_d	-0.9239481535297805	-0.92394815352978055	0.00e+00
c0044	ss_between	439.3317208770335	439.33172087703326	5.18e-16
c0044	ss_total	1072.0516202278168	1072.051620227817	2.12e-16
c0044	ss_within	632.7198993507832	632.71989935078375	8.98e-16
c0045	df_between	2	2	0.00e+00
c0045	df_within	42	42	0.00e+00
c0045	eta_squared	0.4098046330862996	0.40980463308629977	4.06e-16
c0045	eta_squared	0.4098046330862996	0.40980463308629977	4.06e-16
c0045	f	14.58143824444943	14.581438244449433	2.44e-16
c0045	ms_between	219.66586043851675	219.66586043851686	5.18e-16
c0045	ms_within	15.06475950835198	15.064759508351983	2.36e-16
c0045	n	45	45	0.00e+00
c0045	p	1.5520714651039715e-05	1.5520714651039607e-05	6.99e-15
c0045	posthoc_mezzo__alto_ci_high	7.466813369259436	7.4668133692594507	2.02e-15
c0045	posthoc_mezzo__alto_ci_low	0.5803498225733592	0.58034982257337209	2.22e-14
c0045	posthoc_mezzo__alto_cohens_d	0.9900841245897888	0.99008412458978878	0.00e+00
c0045	posthoc_mezzo__alto_cohens_d	0.9900841245897888	0.99008412458978878	0.00e+00
c0045	posthoc_mezzo__alto_diff	4.023581595916397	4.0235815959164114	3.53e-15
c0045	posthoc_mezzo__alto_padj	0.01865530971189311	0.018655309711892665	2.38e-14
c0045	posthoc_soprano__alto_ci_high	11.09339693307036	11.093396933070377	1.44e-15
c0045	posthoc_soprano__alto_ci_low	4.206933386384284	4.2069333863842973	3.17e-15
c0045	posthoc_soprano__alto_cohens_d	2.099855690215333	2.0998556902153331	0.00e+00
c0045	posthoc_soprano__alto_cohens_d	2.099855690215333	2.0998556902153331	0.00e+00
c0045	posthoc_soprano__alto_diff	7.650165159727322	7.6501651597273366	1.86e-15
c0045	posthoc_soprano__alto_padj	8.558850681517072e-06	8.5588506815170717e-06	0.00e+00
c0045	posthoc_soprano__mezzo_ci_high	7.069815337153964	7.0698153371539645	1.26e-16
c0045	posthoc_soprano__mezzo_ci_low	0.1833517904678872	0.18335179046788586	7.27e-15
c0045	posthoc_soprano__mezzo_cohens_d	0.9239481535297805	0.92394815352978055	0.00e+00
c0045	posthoc_soprano__mezzo_cohens_d	0.9239481535297805	0.92394815352978055	0.00e+00
c0045	posthoc_soprano__mezzo_diff	3.626583563810925	3.6265835638109252	0.00e+00
c0045	posthoc_soprano__mezzo_padj	0.03703083549360531	0.037030835493605418	3.00e-15
c0045	ss_between	439.3317208770335	439.33172087703372	5.18e-16
c0045	ss_total	1072.0516202278168	1072.051620227817	2.12e-16
c0045	ss_within	632.7198993507832	632.71989935078329	1.80e-16
c0046	df_between	2	2	0.00e+00
c0046	df_within	42	42	0.00e+00
c0046	eta_squared	0.4098046330862996	0.40980463308629933	6.77e-16
c0046	eta_squared	0.4098046330862996	0.40980463308629933	6.77e-16
c0046	f	14.58143824444943	14.581438244449409	1.46e-15
c0046	ms_between	219.66586043851675	219.66586043851663	5.18e-16
c0046	ms_within	15.06475950835198	15.064759508351994	9.43e-16
c0046	n	45	45	0.00e+00
c0046	p	1.5520714651039715e-05	1.5520714651039857e-05	9.17e-15
c0046	posthoc_alto__mezzo_ci_high	-0.5803498225733592	-0.58034982257335699	3.83e-15
c0046	posthoc_alto__mezzo_ci_low	-7.466813369259436	-7.4668133692594374	2.38e-16
c0046	posthoc_alto__mezzo_cohens_d	-0.9900841245897888	-0.99008412458978878	0.00e+00
c0046	posthoc_alto__mezzo_cohens_d	-0.9900841245897888	-0.99008412458978878	0.00e+00
c0046	posthoc_alto__mezzo_diff	-4.023581595916397	-4.0235815959163972	0.00e+00
c0046	posthoc_alto__mezzo_padj	0.01865530971189311	0.018655309711893109	0.00e+00
c0046	posthoc_alto__soprano_ci_high	-4.206933386384284	-4.2069333863842822	4.22e-16
c0046	posthoc_alto__soprano_ci_low	-11.09339693307036	-11.093396933070363	1.60e-16
c0046	posthoc_alto__soprano_cohens_d	-2.099855690215333	-2.0998556902153331	0.00e+00
c0046	posthoc_alto__soprano_cohens_d	-2.099855690215333	-2.0998556902153331	0.00e+00
c0046	posthoc_alto__soprano_diff	-7.650165159727322	-7.6501651597273224	0.00e+00
c0046	posthoc_alto__soprano_padj	8.558850681517072e-06	8.5588506815170717e-06	0.00e+00
c0046	posthoc_mezzo__soprano_ci_high	-0.1833517904678872	-0.18335179046788497	1.21e-14
c0046	posthoc_mezzo__soprano_ci_low	-7.069815337153964	-7.0698153371539654	2.51e-16
c0046	posthoc_mezzo__soprano_cohens_d	-0.9239481535297805	-0.92394815352978055	0.00e+00
c0046	posthoc_mezzo__soprano_cohens_d	-0.9239481535297805	-0.92394815352978055	0.00e+00
c0046	posthoc_mezzo__soprano_diff	-3.626583563810925	-3.6265835638109252	0.00e+00
c0046	posthoc_mezzo__soprano_padj	0.03703083549360531	0.037030835493605418	3.00e-15
c0046	ss_between	439.3317208770335	439.33172087703326	5.18e-16
c0046	ss_total	1072.0516202278168	1072.051620227817	2.12e-16
c0046	ss_within	632.7198993507832	632.71989935078375	8.98e-16
c0047	df_between	2	2	0.00e+00
c0047	df_within	42	42	0.00e+00
c0047	eta_squared	0.21788369885812928	0.21788369885812928	0.00e+00
c0047	eta_squared	0.21788369885812928	0.21788369885812928	0.00e+00
c0047	f	5.850226710964229	5.8502267109642299	1.52e-16
c0047	ms_between	2.2883255079728864	2.2883255079728868	1.94e-16
c0047	ms_within	0.391151594806439	0.39115159480643902	0.00e+00
c0047	n	45	45	0.00e+00
c0047	p	0.005737174926163758	0.0057371749261637605	4.54e-16
c0047	posthoc_mezzo__alto_cohens_d	1.02902754303771	1.02902754303771	0.00e+00
c0047	posthoc_mezzo__alto_cohens_d	1.02902754303771	1.02902754303771	0.00e+00
c0047	posthoc_soprano__alto_cohens_d	1.2644075236587833	1.2644075236587835	1.76e-16
c0047	posthoc_soprano__alto_cohens_d	1.2644075236587833	1.2644075236587835	1.76e-16
c0047	posthoc_soprano__mezzo_cohens_d	0.07714998118881532	0.077149981188815317	0.00e+00
c0047	posthoc_soprano__mezzo_cohens_d	0.07714998118881532	0.077149981188815317	0.00e+00
c0047	ss_between	4.576651015945773	4.5766510159457736	1.94e-16
c0047	ss_total	21.00501799781621	21.005017997816214	1.69e-16
c0047	ss_within	16.42836698187044	16.42836698187044	0.00e+00
c0048	df_between	2	2	0.00e+00
c0048	df_within	42	42	0.00e+00
c0048	eta_squared	0.21788369885812928	0.21788369885812928	0.00e+00
c0048	eta_squared	0.21788369885812928	0.21788369885812928	0.00e+00
c0048	f	5.850226710964229	5.850226710964229	0.00e+00
c0048	ms_between	2.2883255079728864	2.2883255079728864	0.00e+00
c0048	ms_within	0.391151594806439	0.39115159480643902	0.00e+00
c0048	n	45	45	0.00e+00
c0048	p	0.005737174926163758	0.0057371749261637605	4.54e-16
c0048	posthoc_alto__mezzo_cohens_d	-1.02902754303771	-1.02902754303771	0.00e+00
c0048	posthoc_alto__mezzo_cohens_d	-1.02902754303771	-1.02902754303771	0.00e+00
c0048	posthoc_alto__soprano_cohens_d	-1.2644075236587833	-1.2644075236587835	1.76e-16
c0048	posthoc_alto__soprano_cohens_d	-1.2644075236587833	-1.2644075236587835	1.76e-16
c0048	posthoc_mezzo__soprano_cohens_d	-0.07714998118881532	-0.077149981188815317	0.00e+00
c0048	posthoc_mezzo__soprano_cohens_d	-0.07714998118881532	-0.077149981188815317	0.00e+00
c0048	ss_between	4.576651015945773	4.5766510159457727	0.00e+00
c0048	ss_total	21.00501799781621	21.005017997816211	0.00e+00
c0048	ss_within	16.42836698187044	16.42836698187044	0.00e+00
c0049	df_between	2	2	0.00e+00
c0049	df_within	42	42	0.00e+00
c0049	eta_squared	0.21788369885812928	0.21788369885812928	0.00e+00
c0049	eta_squared	0.21788369885812928	0.21788369885812928	0.00e+00
c0049	f	5.850226710964229	5.8502267109642299	1.52e-16
c0049	ms_between	2.2883255079728864	2.2883255079728868	1.94e-16
c0049	ms_within	0.391151594806439	0.39115159480643902	0.00e+00
c0049	n	45	45	0.00e+00
c0049	p	0.005737174926163758	0.0057371749261637605	4.54e-16
c0049	posthoc_mezzo__alto_ci_high	1.2033846694521724	1.2033846694521724	0.00e+00
c0049	posthoc_mezzo__alto_ci_low	0.0937303602460482	0.093730360246048194	0.00e+00
c0049	posthoc_mezzo__alto_cohens_d	1.02902754303771	1.02902754303771	0.00e+00
c0049	posthoc_mezzo__alto_cohens_d	1.02902754303771	1.02902754303771	0.00e+00
c0049	posthoc_mezzo__alto_diff	0.6485575148491103	0.64855751484911028	0.00e+00
c0049	posthoc_mezzo__alto_padj	0.01861086246292476	0.01861086246292476	0.00e+00
c0049	posthoc_soprano__alto_ci_high	1.256193387348844	1.256193387348844	0.00e+00
c0049	posthoc_soprano__alto_ci_low	0.14653907814271983	0.14653907814271983	0.00e+00
c0049	posthoc_soprano__alto_cohens_d	1.2644075236587833	1.2644075236587835	1.76e-16
c0049	posthoc_soprano__alto_cohens_d	1.2644075236587833	1.2644075236587835	1.76e-16
c0049	posthoc_soprano__alto_diff	0.7013662327457819	0.70136623274578191	0.00e+00
c0049	posthoc_soprano__alto_padj	0.010219555940402025	0.010219555940402025	0.00e+00
c0049	posthoc_soprano__mezzo_ci_high	0.6076358724997337	0.60763587249973372	0.00e+00
c0049	posthoc_soprano__mezzo_ci_low	-0.5020184367063905	-0.50201843670639046	0.00e+00
c0049	posthoc_soprano__mezzo_cohens_d	0.07714998118881532	0.077149981188815317	0.00e+00
c0049	posthoc_soprano__mezzo_cohens_d	0.07714998118881532	0.077149981188815317	0.00e+00
c0049	posthoc_soprano__mezzo_diff	0.05280871789667163	0.052808717896671631	0.00e+00
c0049	posthoc_soprano__mezzo_padj	0.970973042764276	0.97097304276427598	0.00e+00
c0049	ss_between	4.576651015945773	4.5766510159457736	1.94e-16
c0049	ss_total	21.00501799781621	21.005017997816214	1.69e-16
c0049	ss_within	16.42836698187044	16.42836698187044	0.00e+00
c0050	df_between	2	2	0.00e+00
c0050	df_within	42	42	0.00e+00
c0050	eta_squared	0.21788369885812928	0.21788369885812928	0.00e+00
c0050	eta_squared	0.21788369885812928	0.21788369885812928	0.00e+00
c0050	f	5.850226710964229	5.850226710964229	0.00e+00
c0050	ms_between	2.2883255079728864	2.2883255079728864	0.00e+00
c0050	ms_within	0.391151594806439	0.39115159480643902	0.00e+00
c0050	n	45	45	0.00e+00
c0050	p	0.005737174926163758	0.0057371749261637605	4.54e-16
c0050	posthoc_alto__mezzo_ci_high	-0.0937303602460482	-0.093730360246048194	0.00e+00
c0050	posthoc_alto__mezzo_ci_low	-1.2033846694521724	-1.2033846694521724	0.00e+00
c0050	posthoc_alto__mezzo_cohens_d	-1.02902754303771	-1.02902754303771	0.00e+00
c0050	posthoc_alto__mezzo_cohens_d	-1.02902754303771	-1.02902754303771	0.00e+00
c0050	posthoc_alto__mezzo_diff	-0.6485575148491103	-0.64855751484911028	0.00e+00
c0050	posthoc_alto__mezzo_padj	0.01861086246292476	0.01861086246292476	0.00e+00
c0050	posthoc_alto__soprano_ci_high	-0.14653907814271983	-0.14653907814271983	0.00e+00
c0050	posthoc_alto__soprano_ci_low	-1.256193387348844	-1.256193387348844	0.00e+00
c0050	posthoc_alto__soprano_cohens_d	-1.2644075236587833	-1.2644075236587835	1.76e-16
c0050	posthoc_alto__soprano_cohens_d	-1.2644075236587833	-1.2644075236587835	1.76e-16
c0050	posthoc_alto__soprano_diff	-0.7013662327457819	-0.70136623274578191	0.00e+00
c0050	posthoc_alto__soprano_padj	0.010219555940402025	0.010219555940402025	0.00e+00
c0050	posthoc_mezzo__soprano_ci_high	0.5020184367063905	0.50201843670639046	0.00e+00
c0050	posthoc_mezzo__soprano_ci_low	-0.6076358724997337	-0.60763587249973372	0.00e+00
c0050	posthoc_mezzo__soprano_cohens_d	-0.07714998118881532	-0.077149981188815317	0.00e+00
c0050	posthoc_mezzo__soprano_cohens_d	-0.07714998118881532	-0.077149981188815317	0.00e+00
c0050	posthoc_mezzo__soprano_diff	-0.05280871789667163	-0.052808717896671631	0.00e+00
c0050	posthoc_mezzo__soprano_padj	0.970973042764276	0.97097304276427598	0.00e+00
c0050	ss_between	4.576651015945773	4.5766510159457727	0.00e+00
c0050	ss_total	21.00501799781621	21.005017997816211	0.00e+00
c0050	ss_within	16.42836698187044	16.42836698187044	0.00e+00
c0051	df_between	2	2	0.00e+00
c0051	df_within	42	42	0.00e+00
c0051	eta_squared	0.4045717345561181	0.40457173455611917	2.61e-15
c0051	eta_squared	0.4045717345561181	0.40457173455611917	2.61e-15
c0051	f	14.268732135759207	14.268732135759269	4.36e-15
c0051	ms_between	240.20674576131455	240.20674576131523	2.84e-15
c0051	ms_within	16.834484204754727	16.834484204754702	1.48e-15
c0051	n	45	45	0.00e+00
c0051	p	1.8681785833304285e-05	1.8681785833303495e-05	4.23e-14
c0051	posthoc_mezzo__alto_cohens_d	0.5296260067829929	0.52962600678299288	0.00e+00
c0051	posthoc_mezzo__alto_cohens_d	0.5296260067829929	0.52962600678299288	0.00e+00
c0051	posthoc_soprano__alto_cohens_d	1.860017468818369	1.860017468818369	0.00e+00
c0051	posthoc_soprano__alto_cohens_d	1.860017468818369	1.860017468818369	0.00e+00
c0051	posthoc_soprano__mezzo_cohens_d	1.4258188182833162	1.4258188182833162	0.00e+00
c0051	posthoc_soprano__mezzo_cohens_d	1.4258188182833162	1.4258188182833162	0.00e+00
c0051	ss_between	480.4134915226291	480.41349152263047	2.84e-15
c0051	ss_total	1187.4618281223277	1187.4618281223279	1.91e-16
c0051	ss_within	707.0483365996986	707.04833659969745	1.61e-15
c0052	df_between	2	2	0.00e+00
c0052	df_within	42	42	0.00e+00
c0052	eta_squared	0.4045717345561181	0.4045717345561195	3.43e-15
c0052	eta_squared	0.4045717345561181	0.4045717345561195	3.43e-15
c0052	f	14.268732135759207	14.268732135759286	5.60e-15
c0052	ms_between	240.20674576131455	240.20674576131537	3.43e-15
c0052	ms_within	16.834484204754727	16.834484204754691	2.11e-15
c0052	n	45	45	0.00e+00
c0052	p	1.8681785833304285e-05	1.8681785833303363e-05	4.93e-14
c0052	posthoc_alto__mezzo_cohens_d	-0.5296260067829929	-0.52962600678299288	0.00e+00
c0052	posthoc_alto__mezzo_cohens_d	-0.5296260067829929	-0.52962600678299288	0.00e+00
c0052	posthoc_alto__soprano_cohens_d	-1.860017468818369	-1.860017468818369	0.00e+00
c0052	posthoc_alto__soprano_cohens_d	-1.860017468818369	-1.860017468818369	0.00e+00
c0052	posthoc_mezzo__soprano_cohens_d	-1.4258188182833162	-1.4258188182833162	0.00e+00
c0052	posthoc_mezzo__soprano_cohens_d	-1.4258188182833162	-1.4258188182833162	0.00e+00
c0052	ss_between	480.4134915226291	480.41349152263075	3.43e-15
c0052	ss_total	1187.4618281223277	1187.4618281223277	0.00e+00
c0052	ss_within	707.0483365996986	707.048336599697	2.25e-15
c0053	df_between	2	2	0.00e+00
c0053	df_within	42	42	0.00e+00
c0053	eta_squared	0.4045717345561181	0.40457173455611917	2.61e-15
c0053	eta_squared	0.4045717345561181	0.40457173455611917	2.61e-15
c0053	f	14.268732135759207	14.268732135759269	4.36e-15
c0053	ms_between	240.20674576131455	240.20674576131523	2.84e-15
c0053	ms_within	16.834484204754727	16.834484204754702	1.48e-15
c0053	n	45	45	0.00e+00
c0053	p	1.8681785833304285e-05	1.8681785833303495e-05	4.23e-14
c0053	posthoc_mezzo__alto_ci_high	5.886091731681757	5.8860917316817556	3.02e-16
c0053	posthoc_mezzo__alto_ci_low	-1.3936346926436287	-1.3936346926436269	1.27e-15
c0053	posthoc_mezzo__alto_cohens_d	0.5296260067829929	0.52962600678299288	0.00e+00
c0053	posthoc_mezzo__alto_cohens_d	0.5296260067829929	0.52962600678299288	0.00e+00
c0053	posthoc_mezzo__alto_diff	2.2462285195190645	2.2462285195190645	0.00e+00
c0053	posthoc_mezzo__alto_padj	0.30156231884951457	0.30156231884951445	3.68e-16
c0053	posthoc_soprano__alto_ci_high	11.41558539895635	11.415585398956363	1.09e-15
c0053	posthoc_soprano__alto_ci_low	4.135858974630965	4.1358589746309811	3.87e-15
c0053	posthoc_soprano__alto_cohens_d	1.860017468818369	1.860017468818369	0.00e+00
c0053	posthoc_soprano__alto_cohens_d	1.860017468818369	1.860017468818369	0.00e+00
c0053	posthoc_soprano__alto_diff	7.775722186793658	7.7757221867936721	1.83e-15
c0053	posthoc_soprano__alto_padj	1.6871231398485342e-05	1.6871231398485342e-05	0.00e+00
c0053	posthoc_soprano__mezzo_ci_high	9.169356879437286	9.1693568794372986	1.36e-15
c0053	posthoc_soprano__mezzo_ci_low	1.8896304551119	1.8896304551119161	8.46e-15
c0053	posthoc_soprano__mezzo_cohens_d	1.4258188182833162	1.4258188182833162	0.00e+00
c0053	posthoc_soprano__mezzo_cohens_d	1.4258188182833162	1.4258188182833162	0.00e+00
c0053	posthoc_soprano__mezzo_diff	5.529493667274593	5.5294936672746076	2.57e-15
c0053	posthoc_soprano__mezzo_padj	0.00181076458544005	0.001810764585439939	6.13e-14
c0053	ss_between	480.4134915226291	480.41349152263047	2.84e-15
c0053	ss_total	1187.4618281223277	1187.4618281223279	1.91e-16
c0053	ss_within	707.0483365996986	707.04833659969745	1.61e-15
c0054	df_between	2	2	0.00e+00
c0054	df_within	42	42	0.00e+00
c0054	eta_squared	0.4045717345561181	0.4045717345561195	3.43e-15
c0054	eta_squared	0.4045717345561181	0.4045717345561195	3.43e-15
c0054	f	14.268732135759207	14.268732135759286	5.60e-15
c0054	ms_between	240.20674576131455	240.20674576131537	3.43e-15
c0054	ms_within	16.834484204754727	16.834484204754691	2.11e-15
c0054	n	45	45	0.00e+00
c0054	p	1.8681785833304285e-05	1.8681785833303363e-05	4.93e-14
c0054	posthoc_alto__mezzo_ci_high	1.3936346926436287	1.3936346926436256	2.23e-15
c0054	posthoc_alto__mezzo_ci_low	-5.886091731681757	-5.8860917316817547	4.53e-16
c0054	posthoc_alto__mezzo_cohens_d	-0.5296260067829929	-0.52962600678299288	0.00e+00
c0054	posthoc_alto__mezzo_cohens_d	-0.5296260067829929	-0.52962600678299288	0.00e+00
c0054	posthoc_alto__mezzo_diff	-2.2462285195190645	-2.2462285195190645	0.00e+00
c0054	posthoc_alto__mezzo_padj	0.30156231884951457	0.30156231884951412	1.47e-15
c0054	posthoc_alto__soprano_ci_high	-4.135858974630965	-4.135858974630982	4.08e-15
c0054	posthoc_alto__soprano_ci_low	-11.41558539895635	-11.415585398956363	1.09e-15
c0054	posthoc_alto__soprano_cohens_d	-1.860017468818369	-1.860017468818369	0.00e+00
c0054	posthoc_alto__soprano_cohens_d	-1.860017468818369	-1.860017468818369	0.00e+00
c0054	posthoc_alto__soprano_diff	-7.775722186793658	-7.7757221867936721	1.83e-15
c0054	posthoc_alto__soprano_padj	1.6871231398485342e-05	1.687123139837432e-05	6.58e-12
c0054	posthoc_mezzo__soprano_ci_high	-1.8896304551119	-1.8896304551119174	9.17e-15
c0054	posthoc_mezzo__soprano_ci_low	-9.169356879437286	-9.1693568794372986	1.36e-15
c0054	posthoc_mezzo__soprano_cohens_d	-1.4258188182833162	-1.4258188182833162	0.00e+00
c0054	posthoc_mezzo__soprano_cohens_d	-1.4258188182833162	-1.4258188182833162	0.00e+00
c0054	posthoc_mezzo__soprano_diff	-5.529493667274593	-5.5294936672746076	2.57e-15
c0054	posthoc_mezzo__soprano_padj	0.00181076458544005	0.0018107645854402721	1.23e-13
c0054	ss_between	480.4134915226291	480.41349152263075	3.43e-15
c0054	ss_total	1187.4618281223277	1187.4618281223277	0.00e+00
c0054	ss_within	707.0483365996986	707.048336599697	2.25e-15
c0055	df_between	2	2	0.00e+00
c0055	df_within	42	42	0.00e+00
c0055	eta_squared	0.10348202725766513	0.10348202725766556	4.16e-15
c0055	eta_squared	0.10348202725766513	0.10348202725766556	4.16e-15
c0055	f	2.4239587364474815	2.4239587364474926	4.58e-15
c0055	ms_between	0.7250870000417213	0.72508700004172388	3.52e-15
c0055	ms_within	0.2991333924703678	0.29913339247036747	1.11e-15
c0055	n	45	45	0.00e+00
c0055	p	0.10086465526567016	0.10086465526566901	1.14e-14
c0055	posthoc_mezzo__alto_cohens_d	0.42851602861862575	0.42851602861862581	1.30e-16
c0055	posthoc_mezzo__alto_cohens_d	0.42851602861862575	0.42851602861862581	1.30e-16
c0055	posthoc_soprano__alto_cohens_d	0.8596757972777409	0.85967579727774091	0.00e+00
c0055	posthoc_soprano__alto_cohens_d	0.8596757972777409	0.85967579727774091	0.00e+00
c0055	posthoc_soprano__mezzo_cohens_d	0.36455850872861606	0.36455850872861606	0.00e+00
c0055	posthoc_soprano__mezzo_cohens_d	0.36455850872861606	0.36455850872861606	0.00e+00
c0055	ss_between	1.4501740000834427	1.4501740000834478	3.52e-15
c0055	ss_total	14.01377648383889	14.013776483838882	6.34e-16
c0055	ss_within	12.563602483755448	12.563602483755433	1.13e-15
c0056	df_between	2	2	0.00e+00
c0056	df_within	42	42	0.00e+00
c0056	eta_squared	0.10348202725766513	0.10348202725766534	2.01e-15
c0056	eta_squared	0.10348202725766513	0.10348202725766534	2.01e-15
c0056	f	2.4239587364474815	2.4239587364474873	2.38e-15
c0056	ms_between	0.7250870000417213	0.72508700004172233	1.38e-15
c0056	ms_within	0.2991333924703678	0.29913339247036752	9.28e-16
c0056	n	45	45	0.00e+00
c0056	p	0.10086465526567016	0.10086465526566951	6.47e-15
c0056	posthoc_alto__mezzo_cohens_d	-0.42851602861862575	-0.42851602861862581	1.30e-16
c0056	posthoc_alto__mezzo_cohens_d	-0.42851602861862575	-0.42851602861862581	1.30e-16
c0056	posthoc_alto__soprano_cohens_d	-0.8596757972777409	-0.85967579727774091	0.00e+00
c0056	posthoc_alto__soprano_cohens_d	-0.8596757972777409	-0.85967579727774091	0.00e+00
c0056	posthoc_mezzo__soprano_cohens_d	-0.36455850872861606	-0.36455850872861606	0.00e+00
c0056	posthoc_mezzo__soprano_cohens_d	-0.36455850872861606	-0.36455850872861606	0.00e+00
c0056	ss_between	1.4501740000834427	1.4501740000834447	1.38e-15
c0056	ss_total	14.01377648383889	14.013776483838882	6.34e-16
c0056	ss_within	12.563602483755448	12.563602483755437	8.48e-16
c0057	df_between	2	2	0.00e+00
c0057	df_within	42	42	0.00e+00
c0057	eta_squared	0.10348202725766513	0.10348202725766556	4.16e-15
c0057	eta_squared	0.10348202725766513	0.10348202725766556	4.16e-15
c0057	f	2.4239587364474815	2.4239587364474926	4.58e-15
c0057	ms_between	0.7250870000417213	0.72508700004172388	3.52e-15
c0057	ms_within	0.2991333924703678	0.29913339247036747	1.11e-15
c0057	n	45	45	0.00e+00
c0057	p	0.10086465526567016	0.10086465526566901	1.14e-14
c0057	posthoc_mezzo__alto_ci_high	0.6959710262468165	0.69597102624681628	3.19e-16
c0057	posthoc_mezzo__alto_ci_low	-0.2744218497177223	-0.2744218497177221	8.09e-16
c0057	posthoc_mezzo__alto_cohens_d	0.42851602861862575	0.42851602861862581	1.30e-16
c0057	posthoc_mezzo__alto_cohens_d	0.42851602861862575	0.42851602861862581	1.30e-16
c0057	posthoc_mezzo__alto_diff	0.2107745882645471	0.21077458826454709	0.00e+00
c0057	posthoc_mezzo__alto_padj	0.5466809650435668	0.54668096504356667	2.03e-16
c0057	posthoc_soprano__alto_ci_high	0.9247961716119041	0.92479617161190475	7.20e-16
c0057	posthoc_soprano__alto_ci_low	-0.04559670435263474	-0.045596704352633632	2.43e-14
c0057	posthoc_soprano__alto_cohens_d	0.8596757972777409	0.85967579727774091	0.00e+00
c0057	posthoc_soprano__alto_cohens_d	0.8596757972777409	0.85967579727774091	0.00e+00
c0057	posthoc_soprano__alto_diff	0.43959973362963467	0.43959973362963556	2.02e-15
c0057	posthoc_soprano__alto_padj	0.08263527929341985	0.082635279293418962	1.07e-14
c0057	posthoc_soprano__mezzo_ci_high	0.714021583347357	0.71402158334735766	9.33e-16
c0057	posthoc_soprano__mezzo_ci_low	-0.25637129261718183	-0.25637129261718072	4.33e-15
c0057	posthoc_soprano__mezzo_cohens_d	0.36455850872861606	0.36455850872861606	0.00e+00
c0057	posthoc_soprano__mezzo_cohens_d	0.36455850872861606	0.36455850872861606	0.00e+00
c0057	posthoc_soprano__mezzo_diff	0.22882514536508758	0.22882514536508847	3.88e-15
c0057	posthoc_soprano__mezzo_padj	0.4918076922536089	0.49180769225360599	5.87e-15
c0057	ss_between	1.4501740000834427	1.4501740000834478	3.52e-15
c0057	ss_total	14.01377648383889	14.013776483838882	6.34e-16
c0057	ss_within	12.563602483755448	12.563602483755433	1.13e-15
c0058	df_between	2	2	0.00e+00
c0058	df_within	42	42	0.00e+00
c0058	eta_squared	0.10348202725766513	0.10348202725766534	2.01e-15
c0058	eta_squared	0.10348202725766513	0.10348202725766534	2.01e-15
c0058	f	2.4239587364474815	2.4239587364474873	2.38e-15
c0058	ms_between	0.7250870000417213	0.72508700004172233	1.38e-15
c0058	ms_within	0.2991333924703678	0.29913339247036752	9.28e-16
c0058	n	45	45	0.00e+00
c0058	p	0.10086465526567016	0.10086465526566951	6.47e-15
c0058	posthoc_alto__mezzo_ci_high	0.2744218497177223	0.27442184971772304	2.63e-15
c0058	posthoc_alto__mezzo_ci_low	-0.6959710262468165	-0.69597102624681551	1.44e-15
c0058	posthoc_alto__mezzo_cohens_d	-0.42851602861862575	-0.42851602861862581	1.30e-16
c0058	posthoc_alto__mezzo_cohens_d	-0.42851602861862575	-0.42851602861862581	1.30e-16
c0058	posthoc_alto__mezzo_diff	-0.2107745882645471	-0.2107745882645462	4.21e-15
c0058	posthoc_alto__mezzo_padj	0.5466809650435668	0.54668096504356944	4.87e-15
c0058	posthoc_alto__soprano_ci_high	0.04559670435263474	0.045596704352634576	3.65e-15
c0058	posthoc_alto__soprano_ci_low	-0.9247961716119041	-0.92479617161190397	1.20e-16
c0058	posthoc_alto__soprano_cohens_d	-0.8596757972777409	-0.85967579727774091	0.00e+00
c0058	posthoc_alto__soprano_cohens_d	-0.8596757972777409	-0.85967579727774091	0.00e+00
c0058	posthoc_alto__soprano_diff	-0.43959973362963467	-0.43959973362963467	0.00e+00
c0058	posthoc_alto__soprano_padj	0.08263527929341985	0.08263527929341985	0.00e+00
c0058	posthoc_mezzo__soprano_ci_high	0.25637129261718183	0.25637129261718078	4.11e-15
c0058	posthoc_mezzo__soprano_ci_low	-0.714021583347357	-0.71402158334735777	1.09e-15
c0058	posthoc_mezzo__soprano_cohens_d	-0.36455850872861606	-0.36455850872861606	0.00e+00
c0058	posthoc_mezzo__soprano_cohens_d	-0.36455850872861606	-0.36455850872861606	0.00e+00
c0058	posthoc_mezzo__soprano_diff	-0.22882514536508758	-0.22882514536508847	3.88e-15
c0058	posthoc_mezzo__soprano_padj	0.4918076922536089	0.49180769225360599	5.87e-15
c0058	ss_between	1.4501740000834427	1.4501740000834447	1.38e-15
c0058	ss_total	14.01377648383889	14.013776483838882	6.34e-16
c0058	ss_within	12.563602483755448	12.563602483755437	8.48e-16
c0059	df_between	1	1	0.00e+00
c0059	df_within	38	38	0.00e+00
c0059	eta_squared	0.5383165259313226	0.5383165259313224	4.12e-16
c0059	eta_squared	0.5383165259313226	0.5383165259313224	4.12e-16
c0059	f	44.30747283440199	44.307472834401956	8.02e-16
c0059	ms_between	18.01202176781868	18.012021767818666	7.89e-16
c0059	ms_within	0.40652333828964105	0.40652333828964105	0.00e+00
c0059	n	40	40	0.00e+00
c0059	p	7.200024603263713e-08	7.2000246032637703e-08	7.90e-15
c0059	posthoc_control__patient_cohens_d	-2.1049340330376625	-2.1049340330376625	0.00e+00
c0059	posthoc_control__patient_cohens_d	-2.1049340330376625	-2.1049340330376625	0.00e+00
c0059	ss_between	18.01202176781868	18.012021767818666	7.89e-16
c0059	ss_total	33.45990862282504	33.459908622825026	4.25e-16
c0059	ss_within	15.44788685500636	15.447886855006359	0.00e+00
c0060	df_between	1	1	0.00e+00
c0060	df_within	38	38	0.00e+00
c0060	eta_squared	0.5383165259313226	0.5383165259313224	4.12e-16
c0060	eta_squared	0.5383165259313226	0.5383165259313224	4.12e-16
c0060	f	44.30747283440199	44.307472834401956	8.02e-16
c0060	ms_between	18.01202176781868	18.012021767818666	7.89e-16
c0060	ms_within	0.40652333828964105	0.40652333828964105	0.00e+00
c0060	n	40	40	0.00e+00
c0060	p	7.200024603263713e-08	7.2000246032637703e-08	7.90e-15
c0060	posthoc_control__patient_cohens_d	-2.1049340330376625	-2.1049340330376625	0.00e+00
c0060	posthoc_control__patient_cohens_d	-2.1049340330376625	-2.1049340330376625	0.00e+00
c0060	ss_between	18.01202176781868	18.012021767818666	7.89e-16
c0060	ss_total	33.45990862282504	33.459908622825026	4.25e-16
c0060	ss_within	15.44788685500636	15.447886855006359	0.00e+00
c0061	df_between	1	1	0.00e+00
c0061	df_within	38	38	0.00e+00
c0061	eta_squared	0.5383165259313226	0.5383165259313224	4.12e-16
c0061	eta_squared	0.5383165259313226	0.5383165259313224	4.12e-16
c0061	f	44.30747283440199	44.307472834401956	8.02e-16
c0061	ms_between	18.01202176781868	18.012021767818666	7.89e-16
c0061	ms_within	0.40652333828964105	0.40652333828964105	0.00e+00
c0061	n	40	40	0.00e+00
c0061	p	7.200024603263713e-08	7.2000246032637703e-08	7.90e-15
c0061	posthoc_control__patient_ci_high	-0.9339218034259309	-0.9339218034259551	2.59e-14
c0061	posthoc_control__patient_ci_low	-1.7502556696796523	-1.7502556696796268	1.46e-14
c0061	posthoc_control__patient_cohens_d	-2.1049340330376625	-2.1049340330376625	0.00e+00
c0061	posthoc_control__patient_cohens_d	-2.1049340330376625	-2.1049340330376625	0.00e+00
c0061	posthoc_control__patient_diff	-1.3420887365527916	-1.3420887365527909	4.96e-16
c0061	ss_between	18.01202176781868	18.012021767818666	7.89e-16
c0061	ss_total	33.45990862282504	33.459908622825026	4.25e-16
c0061	ss_within	15.44788685500636	15.447886855006359	0.00e+00
c0062	df_between	1	1	0.00e+00
c0062	df_within	38	38	0.00e+00
c0062	eta_squared	0.5383165259313226	0.5383165259313224	4.12e-16
c0062	eta_squared	0.5383165259313226	0.5383165259313224	4.12e-16
c0062	f	44.30747283440199	44.307472834401956	8.02e-16
c0062	ms_between	18.01202176781868	18.012021767818666	7.89e-16
c0062	ms_within	0.40652333828964105	0.40652333828964105	0.00e+00
c0062	n	40	40	0.00e+00
c0062	p	7.200024603263713e-08	7.2000246032637703e-08	7.90e-15
c0062	posthoc_control__patient_ci_high	-0.9339218034259309	-0.9339218034259551	2.59e-14
c0062	posthoc_control__patient_ci_low	-1.7502556696796523	-1.7502556696796268	1.46e-14
c0062	posthoc_control__patient_cohens_d	-2.1049340330376625	-2.1049340330376625	0.00e+00
c0062	posthoc_control__patient_cohens_d	-2.1049340330376625	-2.1049340330376625	0.00e+00
c0062	posthoc_control__patient_diff	-1.3420887365527916	-1.3420887365527909	4.96e-16
c0062	ss_between	18.01202176781868	18.012021767818666	7.89e-16
c0062	ss_total	33.45990862282504	33.459908622825026	4.25e-16
c0062	ss_within	15.44788685500636	15.447886855006359	0.00e+00
c0063	df_between	1	1	0.00e+00
c0063	df_within	46	46	0.00e+00
c0063	eta_squared	0.24871955644791674	0.24871955644791754	3.24e-15
c0063	eta_squared	0.24871955644791674	0.24871955644791754	3.24e-15
c0063	f	15.2287999705013	15.228799970501367	4.43e-15
c0063	ms_between	450.37798261337645	450.37798261337736	2.02e-15
c0063	ms_within	29.574095364426206	29.574095364426135	2.40e-15
c0063	n	48	48	0.00e+00
c0063	p	0.00030882281652466965	0.00030882281652466162	2.60e-14
c0063	posthoc_soprano__alto_cohens_d	1.1265285900537279	1.1265285900537281	1.97e-16
c0063	posthoc_soprano__alto_cohens_d	1.1265285900537279	1.1265285900537281	1.97e-16
c0063	ss_between	450.37798261337645	450.37798261337736	2.02e-15
c0063	ss_total	1810.7863693769818	1810.7863693769796	1.26e-15
c0063	ss_within	1360.4083867636054	1360.4083867636023	2.34e-15
c0064	df_between	1	1	0.00e+00
c0064	df_within	46	46	0.00e+00
c0064	eta_squared	0.24871955644791674	0.24871955644791757	3.35e-15
c0064	eta_squared	0.24871955644791674	0.24871955644791757	3.35e-15
c0064	f	15.2287999705013	15.22879997050137	4.67e-15
c0064	ms_between	450.37798261337645	450.37798261337753	2.40e-15
c0064	ms_within	29.574095364426206	29.574095364426142	2.16e-15
c0064	n	48	48	0.00e+00
c0064	p	0.00030882281652466965	0.0003088228165246607	2.90e-14
c0064	posthoc_alto__soprano_cohens_d	-1.1265285900537279	-1.1265285900537281	1.97e-16
c0064	posthoc_alto__soprano_cohens_d	-1.1265285900537279	-1.1265285900537281	1.97e-16
c0064	ss_between	450.37798261337645	450.37798261337753	2.40e-15
c0064	ss_total	1810.7863693769818	1810.78636937698	1.00e-15
c0064	ss_within	1360.4083867636054	1360.4083867636025	2.17e-15
c0065	df_between	1	1	0.00e+00
c0065	df_within	46	46	0.00e+00
c0065	eta_squared	0.24871955644791674	0.24871955644791754	3.24e-15
c0065	eta_squared	0.24871955644791674	0.24871955644791754	3.24e-15
c0065	f	15.2287999705013	15.228799970501367	4.43e-15
c0065	ms_between	450.37798261337645	450.37798261337736	2.02e-15
c0065	ms_within	29.574095364426206	29.574095364426135	2.40e-15
c0065	n	48	48	0.00e+00
c0065	p	0.00030882281652466965	0.00030882281652466162	2.60e-14
c0065	posthoc_soprano__alto_ci_high	9.286290418039856	9.286290418039755	1.09e-14
c0065	posthoc_soprano__alto_ci_low	2.966300908061681	2.966300908061783	3.44e-14
c0065	posthoc_soprano__alto_cohens_d	1.1265285900537279	1.1265285900537281	1.97e-16
c0065	posthoc_soprano__alto_cohens_d	1.1265285900537279	1.1265285900537281	1.97e-16
c0065	posthoc_soprano__alto_diff	6.126295663050769	6.1262956630507688	0.00e+00
c0065	posthoc_soprano__alto_padj	0.0003088228160502693	0.00030882281604305284	2.34e-11
c0065	ss_between	450.37798261337645	450.37798261337736	2.02e-15
c0065	ss_total	1810.7863693769818	1810.7863693769796	1.26e-15
c0065	ss_within	1360.4083867636054	1360.4083867636023	2.34e-15
c0066	df_between	1	1	0.00e+00
c0066	df_within	46	46	0.00e+00
c0066	eta_squared	0.24871955644791674	0.24871955644791757	3.35e-15
c0066	eta_squared	0.24871955644791674	0.24871955644791757	3.35e-15
c0066	f	15.2287999705013	15.22879997050137	4.67e-15
c0066	ms_between	450.37798261337645	450.37798261337753	2.40e-15
c0066	ms_within	29.574095364426206	29.574095364426142	2.16e-15
c0066	n	48	48	0.00e+00
c0066	p	0.00030882281652466965	0.0003088228165246607	2.90e-14
c0066	posthoc_alto__soprano_ci_high	-2.966300908061681	-2.966300908061783	3.44e-14
c0066	posthoc_alto__soprano_ci_low	-9.286290418039856	-9.286290418039755	1.09e-14
c0066	posthoc_alto__soprano_cohens_d	-1.1265285900537279	-1.1265285900537281	1.97e-16
c0066	posthoc_alto__soprano_cohens_d	-1.1265285900537279	-1.1265285900537281	1.97e-16
c0066	posthoc_alto__soprano_diff	-6.126295663050769	-6.1262956630507688	0.00e+00
c0066	posthoc_alto__soprano_padj	0.0003088228160502693	0.00030882281604305284	2.34e-11
c0066	ss_between	450.37798261337645	450.37798261337753	2.40e-15
c0066	ss_total	1810.7863693769818	1810.78636937698	1.00e-15
c0066	ss_within	1360.4083867636054	1360.4083867636025	2.17e-15
c0067	df_between	4	4	0.00e+00
c0067	df_within	45	45	0.00e+00
c0067	eta_squared	0.7733634395880494	0.77336343958804965	2.87e-16
c0067	eta_squared	0.7733634395880494	0.77336343958804965	2.87e-16
c0067	f	38.388946070974654	38.388946070974704	1.30e-15
c0067	ms_between	285.74619047619046	285.74619047619063	5.97e-16
c0067	ms_within	7.443449735449735	7.4434497354497307	5.97e-16
c0067	n	50	50	0.00e+00
c0067	p	5.751195695646285e-14	5.7511956956461221e-14	0.00e+00
c0067	posthoc_corr__mwu_cohens_d	0.9827358526596335	0.98273585265963326	2.26e-16
c0067	posthoc_corr__mwu_cohens_d	0.9827358526596335	0.98273585265963326	2.26e-16
c0067	posthoc_corr__perfect_cohens_d	0.9215557470842439	0.92155574708424393	0.00e+00
c0067	posthoc_corr__perfect_cohens_d	0.9215557470842439	0.9215557470842437	2.41e-16
c0067	posthoc_paired__corr_cohens_d	3.0043639277189063	3.0043639277189058	1.48e-16
c0067	posthoc_paired__corr_cohens_d	3.0043639277189063	3.0043639277189058	1.48e-16
c0067	posthoc_paired__mwu_cohens_d	5.303958509195748	5.3039585091957484	0.00e+00
c0067	posthoc_paired__mwu_cohens_d	5.303958509195748	5.3039585091957484	0.00e+00
c0067	posthoc_paired__perfect_cohens_d	5.540916385036406	5.5409163850364056	0.00e+00
c0067	posthoc_paired__perfect_cohens_d	5.540916385036406	5.5409163850364056	0.00e+00
c0067	posthoc_perfect__mwu_cohens_d	0.3464101615137754	0.34641016151377541	0.00e+00
c0067	posthoc_perfect__mwu_cohens_d	0.3464101615137754	0.34641016151377541	0.00e+00
c0067	posthoc_welch__corr_cohens_d	1.9411425885796207	1.9411425885796207	0.00e+00
c0067	posthoc_welch__corr_cohens_d	1.9411425885796207	1.9411425885796207	0.00e+00
c0067	posthoc_welch__mwu_cohens_d	3.3763886032268258	3.3763886032268267	2.63e-16
c0067	posthoc_welch__mwu_cohens_d	3.3763886032268258	3.3763886032268267	2.63e-16
c0067	posthoc_welch__paired_cohens_d	-0.9467621366623015	-0.94676213666230169	2.35e-16
c0067	posthoc_welch__paired_cohens_d	-0.9467621366623015	-0.94676213666230169	2.35e-16
c0067	posthoc_welch__perfect_cohens_d	3.640679257301507	3.6406792573015077	1.22e-16
c0067	posthoc_welch__perfect_cohens_d	3.640679257301507	3.6406792573015077	1.22e-16
c0067	ss_between	1142.9847619047619	1142.9847619047625	5.97e-16
c0067	ss_total	1477.94	1477.9400000000005	3.08e-16
c0067	ss_within	334.9552380952381	334.95523809523786	6.79e-16
c0068	df_between	4	4	0.00e+00
c0068	df_within	45	45	0.00e+00
c0068	eta_squared	0.7733634395880497	0.77336343958804954	1.44e-16
c0068	eta_squared	0.7733634395880497	0.77336343958804954	1.44e-16
c0068	f	38.38894607097467	38.388946070974669	0.00e+00
c0068	ms_between	285.7461904761905	285.74619047619029	7.96e-16
c0068	ms_within	7.443449735449735	7.443449735449728	9.55e-16
c0068	n	50	50	0.00e+00
c0068	p	5.751195695646243e-14	5.7511956956462445e-14	0.00e+00
c0068	posthoc_corr__mwu_cohens_d	0.9827358526596335	0.98273585265963326	2.26e-16
c0068	posthoc_corr__mwu_cohens_d	0.9827358526596335	0.98273585265963326	2.26e-16
c0068	posthoc_corr__paired_cohens_d	-3.0043639277189063	-3.0043639277189058	1.48e-16
c0068	posthoc_corr__paired_cohens_d	-3.0043639277189063	-3.0043639277189058	1.48e-16
c0068	posthoc_corr__perfect_cohens_d	0.9215557470842439	0.92155574708424393	0.00e+00
c0068	posthoc_corr__perfect_cohens_d	0.9215557470842439	0.9215557470842437	2.41e-16
c0068	posthoc_corr__welch_cohens_d	-1.9411425885796207	-1.9411425885796207	0.00e+00
c0068	posthoc_corr__welch_cohens_d	-1.9411425885796207	-1.9411425885796207	0.00e+00
c0068	posthoc_mwu__paired_cohens_d	-5.303958509195748	-5.3039585091957484	0.00e+00
c0068	posthoc_mwu__paired_cohens_d	-5.303958509195748	-5.3039585091957484	0.00e+00
c0068	posthoc_mwu__perfect_cohens_d	-0.3464101615137754	-0.34641016151377541	0.00e+00
c0068	posthoc_mwu__perfect_cohens_d	-0.3464101615137754	-0.34641016151377541	0.00e+00
c0068	posthoc_mwu__welch_cohens_d	-3.3763886032268258	-3.3763886032268267	2.63e-16
c0068	posthoc_mwu__welch_cohens_d	-3.3763886032268258	-3.3763886032268267	2.63e-16
c0068	posthoc_paired__perfect_cohens_d	5.540916385036406	5.5409163850364056	0.00e+00
c0068	posthoc_paired__perfect_cohens_d	5.540916385036406	5.5409163850364056	0.00e+00
c0068	posthoc_paired__welch_cohens_d	0.9467621366623015	0.94676213666230169	2.35e-16
c0068	posthoc_paired__welch_cohens_d	0.9467621366623015	0.94676213666230169	2.35e-16
c0068	posthoc_perfect__welch_cohens_d	-3.640679257301507	-3.6406792573015077	1.22e-16
c0068	posthoc_perfect__welch_cohens_d	-3.640679257301507	-3.6406792573015077	1.22e-16
c0068	ss_between	1142.984761904762	1142.9847619047612	7.96e-16
c0068	ss_total	1477.94	1477.9399999999989	7.69e-16
c0068	ss_within	334.9552380952381	334.95523809523775	1.02e-15
c0069	df_between	4	4	0.00e+00
c0069	df_within	45	45	0.00e+00
c0069	eta_squared	0.7733634395880494	0.77336343958804965	2.87e-16
c0069	eta_squared	0.7733634395880494	0.77336343958804965	2.87e-16
c0069	f	38.388946070974654	38.388946070974704	1.30e-15
c0069	ms_between	285.74619047619046	285.74619047619063	5.97e-16
c0069	ms_within	7.443449735449735	7.4434497354497307	5.97e-16
c0069	n	50	50	0.00e+00
c0069	p	5.751195695646285e-14	5.7511956956461221e-14	0.00e+00
c0069	posthoc_corr__mwu_ci_high	7.466534871235747	7.466534871235651	1.28e-14
c0069	posthoc_corr__mwu_ci_low	-1.3236777283786045	-1.3236777283785193	6.44e-14
c0069	posthoc_corr__mwu_cohens_d	0.9827358526596335	0.98273585265963326	2.26e-16
c0069	posthoc_corr__mwu_cohens_d	0.9827358526596335	0.98273585265963326	2.26e-16
c0069	posthoc_corr__mwu_diff	3.071428571428571	3.0714285714285658	1.74e-15
c0069	posthoc_corr__mwu_padj	0.28939640770042363	0.28939640770042008	1.23e-14
c0069	posthoc_corr__perfect_ci_high	5.781160388811843	5.7811603888117755	1.17e-14
c0069	posthoc_corr__perfect_ci_low	-0.6383032459547007	-0.63830324595463672	1.00e-13
c0069	posthoc_corr__perfect_cohens_d	0.9215557470842439	0.92155574708424393	0.00e+00
c0069	posthoc_corr__perfect_cohens_d	0.9215557470842439	0.9215557470842437	2.41e-16
c0069	posthoc_corr__perfect_diff	2.571428571428571	2.5714285714285694	6.91e-16
c0069	posthoc_corr__perfect_padj	0.17153412235591714	0.1715341223559117	3.17e-14
c0069	posthoc_paired__corr_ci_high	12.144952544687428	12.144952544687374	4.39e-15
c0069	posthoc_paired__corr_ci_low	6.045523645788761	6.0455236457888333	1.19e-14
c0069	posthoc_paired__corr_cohens_d	3.0043639277189063	3.0043639277189058	1.48e-16
c0069	posthoc_paired__corr_cohens_d	3.0043639277189063	3.0043639277189058	1.48e-16
c0069	posthoc_paired__corr_diff	9.095238095238095	9.0952380952381038	9.77e-16
c0069	posthoc_paired__mwu_ci_high	16.64242384583192	16.642423845831836	5.12e-15
c0069	posthoc_paired__mwu_ci_low	7.6909094875014095	7.6909094875015036	1.22e-14
c0069	posthoc_paired__mwu_cohens_d	5.303958509195748	5.3039585091957484	0.00e+00
c0069	posthoc_paired__mwu_cohens_d	5.303958509195748	5.3039585091957484	0.00e+00
c0069	posthoc_paired__mwu_diff	12.166666666666666	12.16666666666667	2.92e-16
c0069	posthoc_paired__perfect_ci_high	14.98597702873996	14.985977028739899	4.03e-15
c0069	posthoc_paired__perfect_ci_low	8.347356304593372	8.3473563045934469	8.94e-15
c0069	posthoc_paired__perfect_cohens_d	5.540916385036406	5.5409163850364056	0.00e+00
c0069	posthoc_paired__perfect_cohens_d	5.540916385036406	5.5409163850364056	0.00e+00
c0069	posthoc_paired__perfect_diff	11.666666666666666	11.666666666666673	6.09e-16
c0069	posthoc_perfect__mwu_ci_high	5.08628634552966	5.0862863455295635	1.90e-14
c0069	posthoc_perfect__mwu_ci_low	-4.08628634552966	-4.0862863455295706	2.20e-14
c0069	posthoc_perfect__mwu_cohens_d	0.3464101615137754	0.34641016151377541	0.00e+00
c0069	posthoc_perfect__mwu_cohens_d	0.3464101615137754	0.34641016151377541	0.00e+00
c0069	posthoc_perfect__mwu_diff	0.5	0.49999999999999645	7.11e-15
c0069	posthoc_perfect__mwu_padj	0.9979241604008411	0.99792416040084109	0.00e+00
c0069	posthoc_welch__corr_ci_high	9.6383032459547	9.6383032459546385	6.45e-15
c0069	posthoc_welch__corr_ci_low	3.218839611188157	3.2188396111882263	2.15e-14
c0069	posthoc_welch__corr_cohens_d	1.9411425885796207	1.9411425885796207	0.00e+00
c0069	posthoc_welch__corr_cohens_d	1.9411425885796207	1.9411425885796207	0.00e+00
c0069	posthoc_welch__corr_diff	6.428571428571429	6.4285714285714324	5.53e-16
c0069	posthoc_welch__corr_padj	8.643305496658371e-06	8.6433054893308991e-06	8.48e-10
c0069	posthoc_welch__mwu_ci_high	14.086286345529661	14.086286345529565	6.81e-15
c0069	posthoc_welch__mwu_ci_low	4.91371365447034	4.9137136544704312	1.86e-14
c0069	posthoc_welch__mwu_cohens_d	3.3763886032268258	3.3763886032268267	2.63e-16
c0069	posthoc_welch__mwu_cohens_d	3.3763886032268258	3.3763886032268267	2.63e-16
c0069	posthoc_welch__mwu_diff	9.5	9.4999999999999982	1.87e-16
c0069	posthoc_welch__paired_ci_high	0.6526436954066273	0.65264369540655442	1.12e-13
c0069	posthoc_welch__paired_ci_low	-5.98597702873996	-5.9859770287398977	1.04e-14
c0069	posthoc_welch__paired_cohens_d	-0.9467621366623015	-0.94676213666230169	2.35e-16
c0069	posthoc_welch__paired_cohens_d	-0.9467621366623015	-0.94676213666230169	2.35e-16
c0069	posthoc_welch__paired_diff	-2.666666666666666	-2.6666666666666714	2.00e-15
c0069	posthoc_welch__paired_padj	0.16942189167054234	0.1694218916705349	4.39e-14
c0069	posthoc_welch__perfect_ci_high	12.466906603315065	12.466906603314996	5.56e-15
c0069	posthoc_welch__perfect_ci_low	5.533093396684935	5.5330933966850075	1.32e-14
c0069	posthoc_welch__perfect_cohens_d	3.640679257301507	3.6406792573015077	1.22e-16
c0069	posthoc_welch__perfect_cohens_d	3.640679257301507	3.6406792573015077	1.22e-16
c0069	posthoc_welch__perfect_diff	9	9.0000000000000018	1.97e-16
c0069	ss_between	1142.9847619047619	1142.9847619047625	5.97e-16
c0069	ss_total	1477.94	1477.9400000000005	3.08e-16
c0069	ss_within	334.9552380952381	334.95523809523786	6.79e-16
c0070	df_between	4	4	0.00e+00
c0070	df_within	45	45	0.00e+00
c0070	eta_squared	0.7733634395880497	0.77336343958804954	1.44e-16
c0070	eta_squared	0.7733634395880497	0.77336343958804954	1.44e-16
c0070	f	38.38894607097467	38.388946070974669	0.00e+00
c0070	ms_between	285.7461904761905	285.74619047619029	7.96e-16
c0070	ms_within	7.443449735449735	7.443449735449728	9.55e-16
c0070	n	50	50	0.00e+00
c0070	p	5.751195695646243e-14	5.7511956956462445e-14	0.00e+00
c0070	posthoc_corr__mwu_ci_high	7.466534871235747	7.4665348712356554	1.23e-14
c0070	posthoc_corr__mwu_ci_low	-1.3236777283786045	-1.3236777283785131	6.91e-14
c0070	posthoc_corr__mwu_cohens_d	0.9827358526596335	0.98273585265963326	2.26e-16
c0070	posthoc_corr__mwu_cohens_d	0.9827358526596335	0.98273585265963326	2.26e-16
c0070	posthoc_corr__mwu_diff	3.071428571428571	3.0714285714285712	0.00e+00
c0070	posthoc_corr__mwu_padj	0.28939640770042363	0.28939640770041819	1.88e-14
c0070	posthoc_corr__paired_ci_high	-6.045523645788761	-6.0455236457888137	8.67e-15
c0070	posthoc_corr__paired_ci_low	-12.144952544687428	-12.144952544687355	6.00e-15
c0070	posthoc_corr__paired_cohens_d	-3.0043639277189063	-3.0043639277189058	1.48e-16
c0070	posthoc_corr__paired_cohens_d	-3.0043639277189063	-3.0043639277189058	1.48e-16
c0070	posthoc_corr__paired_diff	-9.095238095238095	-9.0952380952380842	1.17e-15
c0070	posthoc_corr__perfect_ci_high	5.781160388811843	5.7811603888117764	1.15e-14
c0070	posthoc_corr__perfect_ci_low	-0.6383032459547007	-0.63830324595463406	1.04e-13
c0070	posthoc_corr__perfect_cohens_d	0.9215557470842439	0.92155574708424393	0.00e+00
c0070	posthoc_corr__perfect_cohens_d	0.9215557470842439	0.9215557470842437	2.41e-16
c0070	posthoc_corr__perfect_diff	2.571428571428571	2.5714285714285712	0.00e+00
c0070	posthoc_corr__perfect_padj	0.17153412235591714	0.1715341223559107	3.75e-14
c0070	posthoc_corr__welch_ci_high	-3.218839611188157	-3.2188396111882298	2.26e-14
c0070	posthoc_corr__welch_ci_low	-9.6383032459547	-9.6383032459546403	6.27e-15
c0070	posthoc_corr__welch_cohens_d	-1.9411425885796207	-1.9411425885796207	0.00e+00
c0070	posthoc_corr__welch_cohens_d	-1.9411425885796207	-1.9411425885796207	0.00e+00
c0070	posthoc_corr__welch_diff	-6.428571428571429	-6.428571428571435	9.67e-16
c0070	posthoc_corr__welch_padj	8.643305496658371e-06	8.6433054893308991e-06	8.48e-10
c0070	posthoc_mwu__paired_ci_high	-7.6909094875014095	-7.6909094875014921	1.07e-14
c0070	posthoc_mwu__paired_ci_low	-16.64242384583192	-16.642423845831821	5.98e-15
c0070	posthoc_mwu__paired_cohens_d	-5.303958509195748	-5.3039585091957484	0.00e+00
c0070	posthoc_mwu__paired_cohens_d	-5.303958509195748	-5.3039585091957484	0.00e+00
c0070	posthoc_mwu__paired_diff	-12.166666666666666	-12.166666666666657	7.30e-16
c0070	posthoc_mwu__perfect_ci_high	4.08628634552966	4.0862863455295662	2.30e-14
c0070	posthoc_mwu__perfect_ci_low	-5.08628634552966	-5.0862863455295662	1.85e-14
c0070	posthoc_mwu__perfect_cohens_d	-0.3464101615137754	-0.34641016151377541	0.00e+00
c0070	posthoc_mwu__perfect_cohens_d	-0.3464101615137754	-0.34641016151377541	0.00e+00
c0070	posthoc_mwu__perfect_diff	-0.5	-0.5	0.00e+00
c0070	posthoc_mwu__perfect_padj	0.9979241604008411	0.99792416040084098	1.11e-16
c0070	posthoc_mwu__welch_ci_high	-4.91371365447034	-4.913713654470441	2.06e-14
c0070	posthoc_mwu__welch_ci_low	-14.086286345529661	-14.086286345529572	6.31e-15
c0070	posthoc_mwu__welch_cohens_d	-3.3763886032268258	-3.3763886032268267	2.63e-16
c0070	posthoc_mwu__welch_cohens_d	-3.3763886032268258	-3.3763886032268267	2.63e-16
c0070	posthoc_mwu__welch_diff	-9.5	-9.5000000000000071	7.48e-16
c0070	posthoc_paired__perfect_ci_high	14.98597702873996	14.985977028739882	5.22e-15
c0070	posthoc_paired__perfect_ci_low	8.347356304593372	8.3473563045934327	7.24e-15
c0070	posthoc_paired__perfect_cohens_d	5.540916385036406	5.5409163850364056	0.00e+00
c0070	posthoc_paired__perfect_cohens_d	5.540916385036406	5.5409163850364056	0.00e+00
c0070	posthoc_paired__perfect_diff	11.666666666666666	11.666666666666657	7.61e-16
c0070	posthoc_paired__welch_ci_high	5.98597702873996	5.9859770287398746	1.42e-14
c0070	posthoc_paired__welch_ci_low	-0.6526436954066273	-0.65264369540657485	8.03e-14
c0070	posthoc_paired__welch_cohens_d	0.9467621366623015	0.94676213666230169	2.35e-16
c0070	posthoc_paired__welch_cohens_d	0.9467621366623015	0.94676213666230169	2.35e-16
c0070	posthoc_paired__welch_diff	2.666666666666666	2.6666666666666501	6.00e-15
c0070	posthoc_paired__welch_padj	0.16942189167054234	0.16942189167054078	9.17e-15
c0070	posthoc_perfect__welch_ci_high	-5.533093396684935	-5.5330933966850129	1.41e-14
c0070	posthoc_perfect__welch_ci_low	-12.466906603315065	-12.466906603315001	5.13e-15
c0070	posthoc_perfect__welch_cohens_d	-3.640679257301507	-3.6406792573015077	1.22e-16
c0070	posthoc_perfect__welch_cohens_d	-3.640679257301507	-3.6406792573015077	1.22e-16
c0070	posthoc_perfect__welch_diff	-9	-9.0000000000000071	7.89e-16
c0070	ss_between	1142.984761904762	1142.9847619047612	7.96e-16
c0070	ss_total	1477.94	1477.9399999999989	7.69e-16
c0070	ss_within	334.9552380952381	334.95523809523775	1.02e-15
c0071	df_between	3	3	0.00e+00
c0071	df_within	46	46	0.00e+00
c0071	eta_squared	0.48993384069232887	0.48993384069232915	5.67e-16
c0071	eta_squared	0.48993384069232887	0.48993384069232915	5.67e-16
c0071	f	14.728126446993498	14.728126446993512	9.65e-16
c0071	ms_between	241.36427350427354	241.36427350427371	7.07e-16
c0071	ms_within	16.38798216276477	16.387982162764768	2.17e-16
c0071	n	50	50	0.00e+00
c0071	p	7.411648143237402e-07	7.411648143237354e-07	6.43e-15
c0071	posthoc_a__b_cohens_d	-0.5394390836538024	-0.53943908365380244	0.00e+00
c0071	posthoc_a__b_cohens_d	-0.5394390836538024	-0.53943908365380244	0.00e+00
c0071	posthoc_a__x_cohens_d	2.0610761375286857	2.0610761375286857	0.00e+00
c0071	posthoc_a__x_cohens_d	2.0610761375286857	2.0610761375286857	0.00e+00
c0071	posthoc_a__y_cohens_d	1.268115831078051	1.2681158310780509	0.00e+00
c0071	posthoc_a__y_cohens_d	1.268115831078051	1.2681158310780509	0.00e+00
c0071	posthoc_b__x_cohens_d	2.3059576224150797	2.3059576224150793	1.93e-16
c0071	posthoc_b__x_cohens_d	2.3059576224150797	2.3059576224150797	0.00e+00
c0071	posthoc_b__y_cohens_d	1.6467342426622067	1.6467342426622067	0.00e+00
c0071	posthoc_b__y_cohens_d	1.6467342426622067	1.6467342426622067	0.00e+00
c0071	posthoc_x__y_cohens_d	-0.6243480233815981	-0.62434802338159812	0.00e+00
c0071	posthoc_x__y_cohens_d	-0.6243480233815981	-0.62434802338159801	1.78e-16
c0071	ss_between	724.0928205128206	724.09282051282116	7.85e-16
c0071	ss_total	1477.94	1477.9400000000005	3.08e-16
c0071	ss_within	753.8471794871795	753.84717948717935	1.51e-16
c0072	df_between	3	3	0.00e+00
c0072	df_within	46	46	0.00e+00
c0072	eta_squared	0.48993384069232887	0.48993384069232915	5.67e-16
c0072	eta_squared	0.48993384069232887	0.48993384069232915	5.67e-16
c0072	f	14.728126446993498	14.728126446993512	9.65e-16
c0072	ms_between	241.36427350427354	241.36427350427371	7.07e-16
c0072	ms_within	16.38798216276477	16.387982162764768	2.17e-16
c0072	n	50	50	0.00e+00
c0072	p	7.411648143237402e-07	7.411648143237354e-07	6.43e-15
c0072	posthoc_a__b_cohens_d	-0.5394390836538024	-0.53943908365380244	0.00e+00
c0072	posthoc_a__b_cohens_d	-0.5394390836538024	-0.53943908365380244	0.00e+00
c0072	posthoc_a__x_cohens_d	2.0610761375286857	2.0610761375286857	0.00e+00
c0072	posthoc_a__x_cohens_d	2.0610761375286857	2.0610761375286857	0.00e+00
c0072	posthoc_a__y_cohens_d	1.268115831078051	1.2681158310780509	0.00e+00
c0072	posthoc_a__y_cohens_d	1.268115831078051	1.2681158310780509	0.00e+00
c0072	posthoc_b__x_cohens_d	2.3059576224150797	2.3059576224150793	1.93e-16
c0072	posthoc_b__x_cohens_d	2.3059576224150797	2.3059576224150797	0.00e+00
c0072	posthoc_b__y_cohens_d	1.6467342426622067	1.6467342426622067	0.00e+00
c0072	posthoc_b__y_cohens_d	1.6467342426622067	1.6467342426622067	0.00e+00
c0072	posthoc_x__y_cohens_d	-0.6243480233815981	-0.62434802338159812	0.00e+00
c0072	posthoc_x__y_cohens_d	-0.6243480233815981	-0.62434802338159801	1.78e-16
c0072	ss_between	724.0928205128206	724.09282051282116	7.85e-16
c0072	ss_total	1477.94	1477.9400000000005	3.08e-16
c0072	ss_within	753.8471794871795	753.84717948717935	1.51e-16
c0073	df_between	3	3	0.00e+00
c0073	df_within	46	46	0.00e+00
c0073	eta_squared	0.48993384069232887	0.48993384069232915	5.67e-16
c0073	eta_squared	0.48993384069232887	0.48993384069232915	5.67e-16
c0073	f	14.728126446993498	14.728126446993512	9.65e-16
c0073	ms_between	241.36427350427354	241.36427350427371	7.07e-16
c0073	ms_within	16.38798216276477	16.387982162764768	2.17e-16
c0073	n	50	50	0.00e+00
c0073	p	7.411648143237402e-07	7.411648143237354e-07	6.43e-15
c0073	posthoc_a__b_ci_high	1.6169903851666678	1.616990385166571	5.99e-14
c0073	posthoc_a__b_ci_low	-6.847759615935898	-6.8477596159358152	1.21e-14
c0073	posthoc_a__b_cohens_d	-0.5394390836538024	-0.53943908365380244	0.00e+00
c0073	posthoc_a__b_cohens_d	-0.5394390836538024	-0.53943908365380244	0.00e+00
c0073	posthoc_a__b_diff	-2.615384615384615	-2.6153846153846221	2.72e-15
c0073	posthoc_a__b_padj	0.3630686497403307	0.36306864974032405	1.83e-14
c0073	posthoc_a__x_ci_high	11.197854774647759	11.19785477464767	7.93e-15
c0073	posthoc_a__x_ci_low	2.5585554817624967	2.55855548176259	3.64e-14
c0073	posthoc_a__x_cohens_d	2.0610761375286857	2.0610761375286857	0.00e+00
c0073	posthoc_a__x_cohens_d	2.0610761375286857	2.0610761375286857	0.00e+00
c0073	posthoc_a__x_diff	6.878205128205128	6.8782051282051295	2.58e-16
c0073	posthoc_a__x_padj	0.0005912277749730022	0.00059122777496578571	1.22e-11
c0073	posthoc_a__y_ci_high	9.364521441314427	9.3645214413143307	1.02e-14
c0073	posthoc_a__y_ci_low	0.7252221484291637	0.7252221484292507	1.20e-13
c0073	posthoc_a__y_cohens_d	1.268115831078051	1.2681158310780509	0.00e+00
c0073	posthoc_a__y_cohens_d	1.268115831078051	1.2681158310780509	0.00e+00
c0073	posthoc_a__y_diff	5.044871794871795	5.0448717948717903	8.80e-16
c0073	posthoc_a__y_padj	0.016221804936653816	0.016221804936646822	4.31e-13
c0073	posthoc_b__x_ci_high	13.813239390032374	13.81323939003229	6.04e-15
c0073	posthoc_b__x_ci_low	5.173940097147112	5.173940097147212	1.94e-14
c0073	posthoc_b__x_cohens_d	2.3059576224150797	2.3059576224150793	1.93e-16
c0073	posthoc_b__x_cohens_d	2.3059576224150797	2.3059576224150797	0.00e+00
c0073	posthoc_b__x_diff	9.493589743589743	9.4935897435897516	9.36e-16
c0073	posthoc_b__y_ci_high	11.97990605669904	11.979906056698951	7.41e-15
c0073	posthoc_b__y_ci_low	3.3406067638137786	3.3406067638138728	2.82e-14
c0073	posthoc_b__y_cohens_d	1.6467342426622067	1.6467342426622067	0.00e+00
c0073	posthoc_b__y_cohens_d	1.6467342426622067	1.6467342426622067	0.00e+00
c0073	posthoc_b__y_diff	7.66025641025641	7.6602564102564124	3.48e-16
c0073	posthoc_b__y_padj	0.00012525090394055471	0.00012525090393333826	5.76e-11
c0073	posthoc_x__y_ci_high	2.5718622344856965	2.5718622344855975	3.85e-14
c0073	posthoc_x__y_ci_low	-6.238528901152364	-6.238528901152276	1.41e-14
c0073	posthoc_x__y_cohens_d	-0.6243480233815981	-0.62434802338159812	0.00e+00
c0073	posthoc_x__y_cohens_d	-0.6243480233815981	-0.62434802338159801	1.78e-16
c0073	posthoc_x__y_diff	-1.8333333333333335	-1.8333333333333393	3.15e-15
c0073	posthoc_x__y_padj	0.685689777853447	0.68568977785344265	6.31e-15
c0073	ss_between	724.0928205128206	724.09282051282116	7.85e-16
c0073	ss_total	1477.94	1477.9400000000005	3.08e-16
c0073	ss_within	753.8471794871795	753.84717948717935	1.51e-16
c0074	df_between	3	3	0.00e+00
c0074	df_within	46	46	0.00e+00
c0074	eta_squared	0.48993384069232887	0.48993384069232915	5.67e-16
c0074	eta_squared	0.48993384069232887	0.48993384069232915	5.67e-16
c0074	f	14.728126446993498	14.728126446993512	9.65e-16
c0074	ms_between	241.36427350427354	241.36427350427371	7.07e-16
c0074	ms_within	16.38798216276477	16.387982162764768	2.17e-16
c0074	n	50	50	0.00e+00
c0074	p	7.411648143237402e-07	7.411648143237354e-07	6.43e-15
c0074	posthoc_a__b_ci_high	1.6169903851666678	1.616990385166571	5.99e-14
c0074	posthoc_a__b_ci_low	-6.847759615935898	-6.8477596159358152	1.21e-14
c0074	posthoc_a__b_cohens_d	-0.5394390836538024	-0.53943908365380244	0.00e+00
c0074	posthoc_a__b_cohens_d	-0.5394390836538024	-0.53943908365380244	0.00e+00
c0074	posthoc_a__b_diff	-2.615384615384615	-2.6153846153846221	2.72e-15
c0074	posthoc_a__b_padj	0.3630686497403307	0.36306864974032405	1.83e-14
c0074	posthoc_a__x_ci_high	11.197854774647759	11.19785477464767	7.93e-15
c0074	posthoc_a__x_ci_low	2.5585554817624967	2.55855548176259	3.64e-14
c0074	posthoc_a__x_cohens_d	2.0610761375286857	2.0610761375286857	0.00e+00
c0074	posthoc_a__x_cohens_d	2.0610761375286857	2.0610761375286857	0.00e+00
c0074	posthoc_a__x_diff	6.878205128205128	6.8782051282051295	2.58e-16
c0074	posthoc_a__x_padj	0.0005912277749730022	0.00059122777496578571	1.22e-11
c0074	posthoc_a__y_ci_high	9.364521441314427	9.3645214413143307	1.02e-14
c0074	posthoc_a__y_ci_low	0.7252221484291637	0.7252221484292507	1.20e-13
c0074	posthoc_a__y_cohens_d	1.268115831078051	1.2681158310780509	0.00e+00
c0074	posthoc_a__y_cohens_d	1.268115831078051	1.2681158310780509	0.00e+00
c0074	posthoc_a__y_diff	5.044871794871795	5.0448717948717903	8.80e-16
c0074	posthoc_a__y_padj	0.016221804936653816	0.016221804936646822	4.31e-13
c0074	posthoc_b__x_ci_high	13.813239390032374	13.81323939003229	6.04e-15
c0074	posthoc_b__x_ci_low	5.173940097147112	5.173940097147212	1.94e-14
c0074	posthoc_b__x_cohens_d	2.3059576224150797	2.3059576224150793	1.93e-16
c0074	posthoc_b__x_cohens_d	2.3059576224150797	2.3059576224150797	0.00e+00
c0074	posthoc_b__x_diff	9.493589743589743	9.4935897435897516	9.36e-16
c0074	posthoc_b__y_ci_high	11.97990605669904	11.979906056698951	7.41e-15
c0074	posthoc_b__y_ci_low	3.3406067638137786	3.3406067638138728	2.82e-14
c0074	posthoc_b__y_cohens_d	1.6467342426622067	1.6467342426622067	0.00e+00
c0074	posthoc_b__y_cohens_d	1.6467342426622067	1.6467342426622067	0.00e+00
c0074	posthoc_b__y_diff	7.66025641025641	7.6602564102564124	3.48e-16
c0074	posthoc_b__y_padj	0.00012525090394055471	0.00012525090393333826	5.76e-11
c0074	posthoc_x__y_ci_high	2.5718622344856965	2.5718622344855975	3.85e-14
c0074	posthoc_x__y_ci_low	-6.238528901152364	-6.238528901152276	1.41e-14
c0074	posthoc_x__y_cohens_d	-0.6243480233815981	-0.62434802338159812	0.00e+00
c0074	posthoc_x__y_cohens_d	-0.6243480233815981	-0.62434802338159801	1.78e-16
c0074	posthoc_x__y_diff	-1.8333333333333335	-1.8333333333333393	3.15e-15
c0074	posthoc_x__y_padj	0.685689777853447	0.68568977785344265	6.31e-15
c0074	ss_between	724.0928205128206	724.09282051282116	7.85e-16
c0074	ss_total	1477.94	1477.9400000000005	3.08e-16
c0074	ss_within	753.8471794871795	753.84717948717935	1.51e-16
c0076	df	2	2	0.00e+00
c0076	epsilon_squared	0.5173825208607813	0.51738252086078129	0.00e+00
c0076	h	22.764830917874377	22.764830917874377	0.00e+00
c0076	n	45	45	0.00e+00
c0076	p	1.139409340804031e-05	1.1394093408040315e-05	4.46e-16
c0077	df	2	2	0.00e+00
c0077	epsilon_squared	0.5173825208607813	0.51738252086078129	0.00e+00
c0077	h	22.764830917874377	22.764830917874377	0.00e+00
c0077	n	45	45	0.00e+00
c0077	p	1.139409340804031e-05	1.1394093408040315e-05	4.46e-16
c0077	posthoc_mezzo__alto_p	0.33051987187550125	0.3305198718755013	1.68e-16
c0077	posthoc_mezzo__alto_padj	0.9915596156265037	0.99155961562650385	1.12e-16
c0077	posthoc_mezzo__alto_rank_biserial	0.30666666666666664	0.30666666666666664	0.00e+00
c0077	posthoc_mezzo__alto_z	0.9730672655996826	0.9730672655996826	0.00e+00
c0077	posthoc_soprano__alto_p	5.850722969678109e-06	5.8507229696781197e-06	1.88e-15
c0077	posthoc_soprano__alto_padj	1.7552168909034326e-05	1.755216890903436e-05	1.93e-15
c0077	posthoc_soprano__alto_rank_biserial	0.8666666666666667	0.8666666666666667	0.00e+00
c0077	posthoc_soprano__alto_z	4.531713265507092	4.5317132655070917	0.00e+00
c0077	posthoc_soprano__mezzo_p	0.00037277155710772344	0.00037277155710772327	4.36e-16
c0077	posthoc_soprano__mezzo_padj	0.0011183146713231703	0.0011183146713231698	3.88e-16
c0077	posthoc_soprano__mezzo_rank_biserial	0.8577777777777778	0.85777777777777775	0.00e+00
c0077	posthoc_soprano__mezzo_z	3.5586459999074087	3.5586459999074087	0.00e+00
c0078	df	2	2	0.00e+00
c0078	epsilon_squared	0.5173825208607813	0.51738252086078129	0.00e+00
c0078	h	22.764830917874377	22.764830917874377	0.00e+00
c0078	n	45	45	0.00e+00
c0078	p	1.139409340804031e-05	1.1394093408040315e-05	4.46e-16
c0078	posthoc_mezzo__alto_p	0.33051987187550125	0.3305198718755013	1.68e-16
c0078	posthoc_mezzo__alto_padj	0.33051987187550125	0.3305198718755013	1.68e-16
c0078	posthoc_mezzo__alto_rank_biserial	0.30666666666666664	0.30666666666666664	0.00e+00
c0078	posthoc_mezzo__alto_z	0.9730672655996826	0.9730672655996826	0.00e+00
c0078	posthoc_soprano__alto_p	5.850722969678109e-06	5.8507229696781197e-06	1.88e-15
c0078	posthoc_soprano__alto_padj	1.7552168909034326e-05	1.755216890903436e-05	1.93e-15
c0078	posthoc_soprano__alto_rank_biserial	0.8666666666666667	0.8666666666666667	0.00e+00
c0078	posthoc_soprano__alto_z	4.531713265507092	4.5317132655070917	0.00e+00
c0078	posthoc_soprano__mezzo_p	0.00037277155710772344	0.00037277155710772327	4.36e-16
c0078	posthoc_soprano__mezzo_padj	0.0007455431142154469	0.00074554311421544655	4.36e-16
c0078	posthoc_soprano__mezzo_rank_biserial	0.8577777777777778	0.85777777777777775	0.00e+00
c0078	posthoc_soprano__mezzo_z	3.5586459999074087	3.5586459999074087	0.00e+00
c0079	df	2	2	0.00e+00
c0079	epsilon_squared	0.5173825208607813	0.51738252086078129	0.00e+00
c0079	h	22.764830917874377	22.764830917874377	0.00e+00
c0079	n	45	45	0.00e+00
c0079	p	1.139409340804031e-05	1.1394093408040315e-05	4.46e-16
c0079	posthoc_mezzo__alto_p	0.33051987187550125	0.3305198718755013	1.68e-16
c0079	posthoc_mezzo__alto_padj	0.33051987187550125	0.3305198718755013	1.68e-16
c0079	posthoc_mezzo__alto_rank_biserial	0.30666666666666664	0.30666666666666664	0.00e+00
c0079	posthoc_mezzo__alto_z	0.9730672655996826	0.9730672655996826	0.00e+00
c0079	posthoc_soprano__alto_p	5.850722969678109e-06	5.8507229696781197e-06	1.88e-15
c0079	posthoc_soprano__alto_padj	1.7552168909034326e-05	1.755216890903436e-05	1.93e-15
c0079	posthoc_soprano__alto_rank_biserial	0.8666666666666667	0.8666666666666667	0.00e+00
c0079	posthoc_soprano__alto_z	4.531713265507092	4.5317132655070917	0.00e+00
c0079	posthoc_soprano__mezzo_p	0.00037277155710772344	0.00037277155710772327	4.36e-16
c0079	posthoc_soprano__mezzo_padj	0.0005591573356615851	0.00055915733566158491	3.88e-16
c0079	posthoc_soprano__mezzo_rank_biserial	0.8577777777777778	0.85777777777777775	0.00e+00
c0079	posthoc_soprano__mezzo_z	3.5586459999074087	3.5586459999074087	0.00e+00
c0080	df	2	2	0.00e+00
c0080	epsilon_squared	0.517382520860782	0.51738252086078129	1.29e-15
c0080	h	22.764830917874406	22.764830917874377	1.25e-15
c0080	n	45	45	0.00e+00
c0080	p	1.1394093408040152e-05	1.1394093408040315e-05	1.43e-14
c0081	df	2	2	0.00e+00
c0081	epsilon_squared	0.517382520860782	0.51738252086078129	1.29e-15
c0081	h	22.764830917874406	22.764830917874377	1.25e-15
c0081	n	45	45	0.00e+00
c0081	p	1.1394093408040152e-05	1.1394093408040315e-05	1.43e-14
c0081	posthoc_alto__mezzo_p	0.33051987187550125	0.3305198718755013	1.68e-16
c0081	posthoc_alto__mezzo_padj	0.9915596156265037	0.99155961562650385	1.12e-16
c0081	posthoc_alto__mezzo_rank_biserial	-0.30666666666666664	-0.30666666666666664	0.00e+00
c0081	posthoc_alto__mezzo_z	-0.9730672655996826	-0.9730672655996826	0.00e+00
c0081	posthoc_alto__soprano_p	5.850722969678109e-06	5.8507229696781197e-06	1.88e-15
c0081	posthoc_alto__soprano_padj	1.7552168909034326e-05	1.755216890903436e-05	1.93e-15
c0081	posthoc_alto__soprano_rank_biserial	-0.8666666666666667	-0.8666666666666667	0.00e+00
c0081	posthoc_alto__soprano_z	-4.531713265507092	-4.5317132655070917	0.00e+00
c0081	posthoc_mezzo__soprano_p	0.00037277155710772344	0.00037277155710772327	4.36e-16
c0081	posthoc_mezzo__soprano_padj	0.0011183146713231703	0.0011183146713231698	3.88e-16
c0081	posthoc_mezzo__soprano_rank_biserial	-0.8577777777777778	-0.85777777777777775	0.00e+00
c0081	posthoc_mezzo__soprano_z	-3.5586459999074087	-3.5586459999074087	0.00e+00
c0082	df	2	2	0.00e+00
c0082	epsilon_squared	0.517382520860782	0.51738252086078129	1.29e-15
c0082	h	22.764830917874406	22.764830917874377	1.25e-15
c0082	n	45	45	0.00e+00
c0082	p	1.1394093408040152e-05	1.1394093408040315e-05	1.43e-14
c0082	posthoc_alto__mezzo_p	0.33051987187550125	0.3305198718755013	1.68e-16
c0082	posthoc_alto__mezzo_padj	0.33051987187550125	0.3305198718755013	1.68e-16
c0082	posthoc_alto__mezzo_rank_biserial	-0.30666666666666664	-0.30666666666666664	0.00e+00
c0082	posthoc_alto__mezzo_z	-0.9730672655996826	-0.9730672655996826	0.00e+00
c0082	posthoc_alto__soprano_p	5.850722969678109e-06	5.8507229696781197e-06	1.88e-15
c0082	posthoc_alto__soprano_padj	1.7552168909034326e-05	1.755216890903436e-05	1.93e-15
c0082	posthoc_alto__soprano_rank_biserial	-0.8666666666666667	-0.8666666666666667	0.00e+00
c0082	posthoc_alto__soprano_z	-4.531713265507092	-4.5317132655070917	0.00e+00
c0082	posthoc_mezzo__soprano_p	0.00037277155710772344	0.00037277155710772327	4.36e-16
c0082	posthoc_mezzo__soprano_padj	0.0007455431142154469	0.00074554311421544655	4.36e-16
c0082	posthoc_mezzo__soprano_rank_biserial	-0.8577777777777778	-0.85777777777777775	0.00e+00
c0082	posthoc_mezzo__soprano_z	-3.5586459999074087	-3.5586459999074087	0.00e+00
c0083	df	2	2	0.00e+00
c0083	epsilon_squared	0.517382520860782	0.51738252086078129	1.29e-15
c0083	h	22.764830917874406	22.764830917874377	1.25e-15
c0083	n	45	45	0.00e+00
c0083	p	1.1394093408040152e-05	1.1394093408040315e-05	1.43e-14
c0083	posthoc_alto__mezzo_p	0.33051987187550125	0.3305198718755013	1.68e-16
c0083	posthoc_alto__mezzo_padj	0.33051987187550125	0.3305198718755013	1.68e-16
c0083	posthoc_alto__mezzo_rank_biserial	-0.30666666666666664	-0.30666666666666664	0.00e+00
c0083	posthoc_alto__mezzo_z	-0.9730672655996826	-0.9730672655996826	0.00e+00
c0083	posthoc_alto__soprano_p	5.850722969678109e-06	5.8507229696781197e-06	1.88e-15
c0083	posthoc_alto__soprano_padj	1.7552168909034326e-05	1.755216890903436e-05	1.93e-15
c0083	posthoc_alto__soprano_rank_biserial	-0.8666666666666667	-0.8666666666666667	0.00e+00
c0083	posthoc_alto__soprano_z	-4.531713265507092	-4.5317132655070917	0.00e+00
c0083	posthoc_mezzo__soprano_p	0.00037277155710772344	0.00037277155710772327	4.36e-16
c0083	posthoc_mezzo__soprano_padj	0.0005591573356615851	0.00055915733566158491	3.88e-16
c0083	posthoc_mezzo__soprano_rank_biserial	-0.8577777777777778	-0.85777777777777775	0.00e+00
c0083	posthoc_mezzo__soprano_z	-3.5586459999074087	-3.5586459999074087	0.00e+00
c0084	df	2	2	0.00e+00
c0084	epsilon_squared	0.13651295564338994	0.13651295564338994	0.00e+00
c0084	h	6.0065700483091575	6.0065700483091575	0.00e+00
c0084	n	45	45	0.00e+00
c0084	p	0.049623784987451965	0.049623784987451965	0.00e+00
c0085	df	2	2	0.00e+00
c0085	epsilon_squared	0.13651295564338994	0.13651295564338994	0.00e+00
c0085	h	6.0065700483091575	6.0065700483091575	0.00e+00
c0085	n	45	45	0.00e+00
c0085	p	0.049623784987451965	0.049623784987451965	0.00e+00
c0085	posthoc_mezzo__alto_p	0.17753194641931314	0.17753194641931319	3.13e-16
c0085	posthoc_mezzo__alto_padj	0.5325958392579394	0.53259583925793952	2.08e-16
c0085	posthoc_mezzo__alto_rank_biserial	0.19111111111111112	0.19111111111111106	2.90e-16
c0085	posthoc_mezzo__alto_z	1.3483932109024166	1.3483932109024166	0.00e+00
c0085	posthoc_soprano__alto_p	0.01442231386091318	0.014422313860913191	7.22e-16
c0085	posthoc_soprano__alto_padj	0.04326694158273954	0.043266941582739568	6.41e-16
c0085	posthoc_soprano__alto_rank_biserial	0.6177777777777778	0.61777777777777776	0.00e+00
c0085	posthoc_soprano__alto_z	2.446569124936344	2.4465691249363442	0.00e+00
c0085	posthoc_soprano__mezzo_p	0.2721276815255443	0.27212768152554417	4.08e-16
c0085	posthoc_soprano__mezzo_padj	0.8163830445766329	0.81638304457663247	5.44e-16
c0085	posthoc_soprano__mezzo_rank_biserial	0.13777777777777778	0.13777777777777778	0.00e+00
c0085	posthoc_soprano__mezzo_z	1.0981759140339278	1.0981759140339278	0.00e+00
c0086	df	2	2	0.00e+00
c0086	epsilon_squared	0.13651295564338994	0.13651295564338994	0.00e+00
c0086	h	6.0065700483091575	6.0065700483091575	0.00e+00
c0086	n	45	45	0.00e+00
c0086	p	0.049623784987451965	0.049623784987451965	0.00e+00
c0086	posthoc_mezzo__alto_p	0.17753194641931314	0.17753194641931319	3.13e-16
c0086	posthoc_mezzo__alto_padj	0.35506389283862627	0.35506389283862638	3.13e-16
c0086	posthoc_mezzo__alto_rank_biserial	0.19111111111111112	0.19111111111111106	2.90e-16
c0086	posthoc_mezzo__alto_z	1.3483932109024166	1.3483932109024166	0.00e+00
c0086	posthoc_soprano__alto_p	0.01442231386091318	0.014422313860913191	7.22e-16
c0086	posthoc_soprano__alto_padj	0.04326694158273954	0.043266941582739568	6.41e-16
c0086	posthoc_soprano__alto_rank_biserial	0.6177777777777778	0.61777777777777776	0.00e+00
c0086	posthoc_soprano__alto_z	2.446569124936344	2.4465691249363442	0.00e+00
c0086	posthoc_soprano__mezzo_p	0.2721276815255443	0.27212768152554417	4.08e-16
c0086	posthoc_soprano__mezzo_padj	0.35506389283862627	0.35506389283862638	3.13e-16
c0086	posthoc_soprano__mezzo_rank_biserial	0.13777777777777778	0.13777777777777778	0.00e+00
c0086	posthoc_soprano__mezzo_z	1.0981759140339278	1.0981759140339278	0.00e+00
c0087	df	2	2	0.00e+00
c0087	epsilon_squared	0.13651295564338994	0.13651295564338994	0.00e+00
c0087	h	6.0065700483091575	6.0065700483091575	0.00e+00
c0087	n	45	45	0.00e+00
c0087	p	0.049623784987451965	0.049623784987451965	0.00e+00
c0087	posthoc_mezzo__alto_p	0.17753194641931314	0.17753194641931319	3.13e-16
c0087	posthoc_mezzo__alto_padj	0.2662979196289697	0.26629791962896976	2.08e-16
c0087	posthoc_mezzo__alto_rank_biserial	0.19111111111111112	0.19111111111111106	2.90e-16
c0087	posthoc_mezzo__alto_z	1.3483932109024166	1.3483932109024166	0.00e+00
c0087	posthoc_soprano__alto_p	0.01442231386091318	0.014422313860913191	7.22e-16
c0087	posthoc_soprano__alto_padj	0.04326694158273954	0.043266941582739568	6.41e-16
c0087	posthoc_soprano__alto_rank_biserial	0.6177777777777778	0.61777777777777776	0.00e+00
c0087	posthoc_soprano__alto_z	2.446569124936344	2.4465691249363442	0.00e+00
c0087	posthoc_soprano__mezzo_p	0.2721276815255443	0.27212768152554417	4.08e-16
c0087	posthoc_soprano__mezzo_padj	0.2721276815255443	0.27212768152554417	4.08e-16
c0087	posthoc_soprano__mezzo_rank_biserial	0.13777777777777778	0.13777777777777778	0.00e+00
c0087	posthoc_soprano__mezzo_z	1.0981759140339278	1.0981759140339278	0.00e+00
c0088	df	2	2	0.00e+00
c0088	epsilon_squared	0.13651295564338994	0.13651295564338994	0.00e+00
c0088	h	6.0065700483091575	6.0065700483091575	0.00e+00
c0088	n	45	45	0.00e+00
c0088	p	0.049623784987451965	0.049623784987451965	0.00e+00
c0089	df	2	2	0.00e+00
c0089	epsilon_squared	0.13651295564338994	0.13651295564338994	0.00e+00
c0089	h	6.0065700483091575	6.0065700483091575	0.00e+00
c0089	n	45	45	0.00e+00
c0089	p	0.049623784987451965	0.049623784987451965	0.00e+00
c0089	posthoc_alto__mezzo_p	0.17753194641931314	0.17753194641931319	3.13e-16
c0089	posthoc_alto__mezzo_padj	0.5325958392579394	0.53259583925793952	2.08e-16
c0089	posthoc_alto__mezzo_rank_biserial	-0.19111111111111112	-0.19111111111111106	2.90e-16
c0089	posthoc_alto__mezzo_z	-1.3483932109024166	-1.3483932109024166	0.00e+00
c0089	posthoc_alto__soprano_p	0.01442231386091318	0.014422313860913191	7.22e-16
c0089	posthoc_alto__soprano_padj	0.04326694158273954	0.043266941582739568	6.41e-16
c0089	posthoc_alto__soprano_rank_biserial	-0.6177777777777778	-0.61777777777777776	0.00e+00
c0089	posthoc_alto__soprano_z	-2.446569124936344	-2.4465691249363442	0.00e+00
c0089	posthoc_mezzo__soprano_p	0.2721276815255443	0.27212768152554417	4.08e-16
c0089	posthoc_mezzo__soprano_padj	0.8163830445766329	0.81638304457663247	5.44e-16
c0089	posthoc_mezzo__soprano_rank_biserial	-0.13777777777777778	-0.13777777777777778	0.00e+00
c0089	posthoc_mezzo__soprano_z	-1.0981759140339278	-1.0981759140339278	0.00e+00
c0090	df	2	2	0.00e+00
c0090	epsilon_squared	0.13651295564338994	0.13651295564338994	0.00e+00
c0090	h	6.0065700483091575	6.0065700483091575	0.00e+00
c0090	n	45	45	0.00e+00
c0090	p	0.049623784987451965	0.049623784987451965	0.00e+00
c0090	posthoc_alto__mezzo_p	0.17753194641931314	0.17753194641931319	3.13e-16
c0090	posthoc_alto__mezzo_padj	0.35506389283862627	0.35506389283862638	3.13e-16
c0090	posthoc_alto__mezzo_rank_biserial	-0.19111111111111112	-0.19111111111111106	2.90e-16
c0090	posthoc_alto__mezzo_z	-1.3483932109024166	-1.3483932109024166	0.00e+00
c0090	posthoc_alto__soprano_p	0.01442231386091318	0.014422313860913191	7.22e-16
c0090	posthoc_alto__soprano_padj	0.04326694158273954	0.043266941582739568	6.41e-16
c0090	posthoc_alto__soprano_rank_biserial	-0.6177777777777778	-0.61777777777777776	0.00e+00
c0090	posthoc_alto__soprano_z	-2.446569124936344	-2.4465691249363442	0.00e+00
c0090	posthoc_mezzo__soprano_p	0.2721276815255443	0.27212768152554417	4.08e-16
c0090	posthoc_mezzo__soprano_padj	0.35506389283862627	0.35506389283862638	3.13e-16
c0090	posthoc_mezzo__soprano_rank_biserial	-0.13777777777777778	-0.13777777777777778	0.00e+00
c0090	posthoc_mezzo__soprano_z	-1.0981759140339278	-1.0981759140339278	0.00e+00
c0091	df	2	2	0.00e+00
c0091	epsilon_squared	0.13651295564338994	0.13651295564338994	0.00e+00
c0091	h	6.0065700483091575	6.0065700483091575	0.00e+00
c0091	n	45	45	0.00e+00
c0091	p	0.049623784987451965	0.049623784987451965	0.00e+00
c0091	posthoc_alto__mezzo_p	0.17753194641931314	0.17753194641931319	3.13e-16
c0091	posthoc_alto__mezzo_padj	0.2662979196289697	0.26629791962896976	2.08e-16
c0091	posthoc_alto__mezzo_rank_biserial	-0.19111111111111112	-0.19111111111111106	2.90e-16
c0091	posthoc_alto__mezzo_z	-1.3483932109024166	-1.3483932109024166	0.00e+00
c0091	posthoc_alto__soprano_p	0.01442231386091318	0.014422313860913191	7.22e-16
c0091	posthoc_alto__soprano_padj	0.04326694158273954	0.043266941582739568	6.41e-16
c0091	posthoc_alto__soprano_rank_biserial	-0.6177777777777778	-0.61777777777777776	0.00e+00
c0091	posthoc_alto__soprano_z	-2.446569124936344	-2.4465691249363442	0.00e+00
c0091	posthoc_mezzo__soprano_p	0.2721276815255443	0.27212768152554417	4.08e-16
c0091	posthoc_mezzo__soprano_padj	0.2721276815255443	0.27212768152554417	4.08e-16
c0091	posthoc_mezzo__soprano_rank_biserial	-0.13777777777777778	-0.13777777777777778	0.00e+00
c0091	posthoc_mezzo__soprano_z	-1.0981759140339278	-1.0981759140339278	0.00e+00
c0092	df	2	2	0.00e+00
c0092	epsilon_squared	0.43938515590689453	0.43938515590689453	0.00e+00
c0092	h	19.33294685990336	19.332946859903359	0.00e+00
c0092	n	45	45	0.00e+00
c0092	p	6.337295087229487e-05	6.3372950872294873e-05	0.00e+00
c0093	df	2	2	0.00e+00
c0093	epsilon_squared	0.43938515590689453	0.43938515590689453	0.00e+00
c0093	h	19.33294685990336	19.332946859903359	0.00e+00
c0093	n	45	45	0.00e+00
c0093	p	6.337295087229487e-05	6.3372950872294873e-05	0.00e+00
c0093	posthoc_mezzo__alto_p	0.018119680460099603	0.018119680460099603	0.00e+00
c0093	posthoc_mezzo__alto_padj	0.05435904138029881	0.05435904138029881	0.00e+00
c0093	posthoc_mezzo__alto_rank_biserial	0.5466666666666666	0.54666666666666663	0.00e+00
c0093	posthoc_mezzo__alto_z	2.3631633593135146	2.3631633593135146	0.00e+00
c0093	posthoc_soprano__alto_p	1.1194967784010869e-05	1.1194967784010874e-05	4.54e-16
c0093	posthoc_soprano__alto_padj	3.3584903352032604e-05	3.3584903352032618e-05	4.04e-16
c0093	posthoc_soprano__alto_rank_biserial	0.8933333333333333	0.89333333333333331	0.00e+00
c0093	posthoc_soprano__alto_z	4.3927036561357085	4.3927036561357085	0.00e+00
c0093	posthoc_soprano__mezzo_p	0.042403288911672006	0.042403288911672034	6.55e-16
c0093	posthoc_soprano__mezzo_padj	0.12720986673501603	0.12720986673501611	6.55e-16
c0093	posthoc_soprano__mezzo_rank_biserial	0.47555555555555556	0.47555555555555551	1.17e-16
c0093	posthoc_soprano__mezzo_z	2.029540296822194	2.0295402968221938	0.00e+00
c0094	df	2	2	0.00e+00
c0094	epsilon_squared	0.43938515590689453	0.43938515590689453	0.00e+00
c0094	h	19.33294685990336	19.332946859903359	0.00e+00
c0094	n	45	45	0.00e+00
c0094	p	6.337295087229487e-05	6.3372950872294873e-05	0.00e+00
c0094	posthoc_mezzo__alto_p	0.018119680460099603	0.018119680460099603	0.00e+00
c0094	posthoc_mezzo__alto_padj	0.03623936092019921	0.036239360920199207	0.00e+00
c0094	posthoc_mezzo__alto_rank_biserial	0.5466666666666666	0.54666666666666663	0.00e+00
c0094	posthoc_mezzo__alto_z	2.3631633593135146	2.3631633593135146	0.00e+00
c0094	posthoc_soprano__alto_p	1.1194967784010869e-05	1.1194967784010874e-05	4.54e-16
c0094	posthoc_soprano__alto_padj	3.3584903352032604e-05	3.3584903352032618e-05	4.04e-16
c0094	posthoc_soprano__alto_rank_biserial	0.8933333333333333	0.89333333333333331	0.00e+00
c0094	posthoc_soprano__alto_z	4.3927036561357085	4.3927036561357085	0.00e+00
c0094	posthoc_soprano__mezzo_p	0.042403288911672006	0.042403288911672034	6.55e-16
c0094	posthoc_soprano__mezzo_padj	0.042403288911672006	0.042403288911672034	6.55e-16
c0094	posthoc_soprano__mezzo_rank_biserial	0.47555555555555556	0.47555555555555551	1.17e-16
c0094	posthoc_soprano__mezzo_z	2.029540296822194	2.0295402968221938	0.00e+00
c0095	df	2	2	0.00e+00
c0095	epsilon_squared	0.43938515590689453	0.43938515590689453	0.00e+00
c0095	h	19.33294685990336	19.332946859903359	0.00e+00
c0095	n	45	45	0.00e+00
c0095	p	6.337295087229487e-05	6.3372950872294873e-05	0.00e+00
c0095	posthoc_mezzo__alto_p	0.018119680460099603	0.018119680460099603	0.00e+00
c0095	posthoc_mezzo__alto_padj	0.027179520690149405	0.027179520690149405	0.00e+00
c0095	posthoc_mezzo__alto_rank_biserial	0.5466666666666666	0.54666666666666663	0.00e+00
c0095	posthoc_mezzo__alto_z	2.3631633593135146	2.3631633593135146	0.00e+00
c0095	posthoc_soprano__alto_p	1.1194967784010869e-05	1.1194967784010874e-05	4.54e-16
c0095	posthoc_soprano__alto_padj	3.3584903352032604e-05	3.3584903352032618e-05	4.04e-16
c0095	posthoc_soprano__alto_rank_biserial	0.8933333333333333	0.89333333333333331	0.00e+00
c0095	posthoc_soprano__alto_z	4.3927036561357085	4.3927036561357085	0.00e+00
c0095	posthoc_soprano__mezzo_p	0.042403288911672006	0.042403288911672034	6.55e-16
c0095	posthoc_soprano__mezzo_padj	0.042403288911672006	0.042403288911672034	6.55e-16
c0095	posthoc_soprano__mezzo_rank_biserial	0.47555555555555556	0.47555555555555551	1.17e-16
c0095	posthoc_soprano__mezzo_z	2.029540296822194	2.0295402968221938	0.00e+00
c0096	df	2	2	0.00e+00
c0096	epsilon_squared	0.43938515590689514	0.43938515590689453	1.39e-15
c0096	h	19.332946859903387	19.332946859903359	1.47e-15
c0096	n	45	45	0.00e+00
c0096	p	6.337295087229394e-05	6.3372950872294873e-05	1.48e-14
c0097	df	2	2	0.00e+00
c0097	epsilon_squared	0.43938515590689514	0.43938515590689453	1.39e-15
c0097	h	19.332946859903387	19.332946859903359	1.47e-15
c0097	n	45	45	0.00e+00
c0097	p	6.337295087229394e-05	6.3372950872294873e-05	1.48e-14
c0097	posthoc_alto__mezzo_p	0.018119680460099603	0.018119680460099603	0.00e+00
c0097	posthoc_alto__mezzo_padj	0.05435904138029881	0.05435904138029881	0.00e+00
c0097	posthoc_alto__mezzo_rank_biserial	-0.5466666666666666	-0.54666666666666663	0.00e+00
c0097	posthoc_alto__mezzo_z	-2.3631633593135146	-2.3631633593135146	0.00e+00
c0097	posthoc_alto__soprano_p	1.1194967784010869e-05	1.1194967784010874e-05	4.54e-16
c0097	posthoc_alto__soprano_padj	3.3584903352032604e-05	3.3584903352032618e-05	4.04e-16
c0097	posthoc_alto__soprano_rank_biserial	-0.8933333333333333	-0.89333333333333331	0.00e+00
c0097	posthoc_alto__soprano_z	-4.3927036561357085	-4.3927036561357085	0.00e+00
c0097	posthoc_mezzo__soprano_p	0.042403288911672006	0.042403288911672034	6.55e-16
c0097	posthoc_mezzo__soprano_padj	0.12720986673501603	0.12720986673501611	6.55e-16
c0097	posthoc_mezzo__soprano_rank_biserial	-0.47555555555555556	-0.47555555555555551	1.17e-16
c0097	posthoc_mezzo__soprano_z	-2.029540296822194	-2.0295402968221938	0.00e+00
c0098	df	2	2	0.00e+00
c0098	epsilon_squared	0.43938515590689514	0.43938515590689453	1.39e-15
c0098	h	19.332946859903387	19.332946859903359	1.47e-15
c0098	n	45	45	0.00e+00
c0098	p	6.337295087229394e-05	6.3372950872294873e-05	1.48e-14
c0098	posthoc_alto__mezzo_p	0.018119680460099603	0.018119680460099603	0.00e+00
c0098	posthoc_alto__mezzo_padj	0.03623936092019921	0.036239360920199207	0.00e+00
c0098	posthoc_alto__mezzo_rank_biserial	-0.5466666666666666	-0.54666666666666663	0.00e+00
c0098	posthoc_alto__mezzo_z	-2.3631633593135146	-2.3631633593135146	0.00e+00
c0098	posthoc_alto__soprano_p	1.1194967784010869e-05	1.1194967784010874e-05	4.54e-16
c0098	posthoc_alto__soprano_padj	3.3584903352032604e-05	3.3584903352032618e-05	4.04e-16
c0098	posthoc_alto__soprano_rank_biserial	-0.8933333333333333	-0.89333333333333331	0.00e+00
c0098	posthoc_alto__soprano_z	-4.3927036561357085	-4.3927036561357085	0.00e+00
c0098	posthoc_mezzo__soprano_p	0.042403288911672006	0.042403288911672034	6.55e-16
c0098	posthoc_mezzo__soprano_padj	0.042403288911672006	0.042403288911672034	6.55e-16
c0098	posthoc_mezzo__soprano_rank_biserial	-0.47555555555555556	-0.47555555555555551	1.17e-16
c0098	posthoc_mezzo__soprano_z	-2.029540296822194	-2.0295402968221938	0.00e+00
c0099	df	2	2	0.00e+00
c0099	epsilon_squared	0.43938515590689514	0.43938515590689453	1.39e-15
c0099	h	19.332946859903387	19.332946859903359	1.47e-15
c0099	n	45	45	0.00e+00
c0099	p	6.337295087229394e-05	6.3372950872294873e-05	1.48e-14
c0099	posthoc_alto__mezzo_p	0.018119680460099603	0.018119680460099603	0.00e+00
c0099	posthoc_alto__mezzo_padj	0.027179520690149405	0.027179520690149405	0.00e+00
c0099	posthoc_alto__mezzo_rank_biserial	-0.5466666666666666	-0.54666666666666663	0.00e+00
c0099	posthoc_alto__mezzo_z	-2.3631633593135146	-2.3631633593135146	0.00e+00
c0099	posthoc_alto__soprano_p	1.1194967784010869e-05	1.1194967784010874e-05	4.54e-16
c0099	posthoc_alto__soprano_padj	3.3584903352032604e-05	3.3584903352032618e-05	4.04e-16
c0099	posthoc_alto__soprano_rank_biserial	-0.8933333333333333	-0.89333333333333331	0.00e+00
c0099	posthoc_alto__soprano_z	-4.3927036561357085	-4.3927036561357085	0.00e+00
c0099	posthoc_mezzo__soprano_p	0.042403288911672006	0.042403288911672034	6.55e-16
c0099	posthoc_mezzo__soprano_padj	0.042403288911672006	0.042403288911672034	6.55e-16
c0099	posthoc_mezzo__soprano_rank_biserial	-0.47555555555555556	-0.47555555555555551	1.17e-16
c0099	posthoc_mezzo__soprano_z	-2.029540296822194	-2.0295402968221938	0.00e+00
c0100	df	2	2	0.00e+00
c0100	epsilon_squared	0.22519104084321515	0.22519104084321515	0.00e+00
c0100	h	9.908405797101466	9.9084057971014659	0.00e+00
c0100	n	45	45	0.00e+00
c0100	p	0.007053700554304141	0.0070537005543041412	0.00e+00
c0101	df	2	2	0.00e+00
c0101	epsilon_squared	0.22519104084321515	0.22519104084321515	0.00e+00
c0101	h	9.908405797101466	9.9084057971014659	0.00e+00
c0101	n	45	45	0.00e+00
c0101	p	0.007053700554304141	0.0070537005543041412	0.00e+00
c0101	posthoc_mezzo__alto_p	0.010963004173648082	0.010963004173648089	6.33e-16
c0101	posthoc_mezzo__alto_padj	0.03288901252094425	0.032889012520944269	6.33e-16
c0101	posthoc_mezzo__alto_rank_biserial	0.52	0.52000000000000002	0.00e+00
c0101	posthoc_mezzo__alto_z	2.5438758514963125	2.5438758514963125	0.00e+00
c0101	posthoc_soprano__alto_p	0.004008412900089743	0.0040084129000897478	1.30e-15
c0101	posthoc_soprano__alto_padj	0.012025238700269229	0.012025238700269242	1.15e-15
c0101	posthoc_soprano__alto_rank_biserial	0.6355555555555555	0.63555555555555565	1.75e-16
c0101	posthoc_soprano__alto_z	2.877498913987632	2.8774989139876319	0.00e+00
c0101	posthoc_soprano__mezzo_p	0.7386640130762098	0.73866401307620977	0.00e+00
c0101	posthoc_soprano__mezzo_padj	1	1	0.00e+00
c0101	posthoc_soprano__mezzo_rank_biserial	0.04888888888888889	0.048888888888888926	7.10e-16
c0101	posthoc_soprano__mezzo_z	0.33362306249131923	0.33362306249131923	0.00e+00
c0102	df	2	2	0.00e+00
c0102	epsilon_squared	0.22519104084321515	0.22519104084321515	0.00e+00
c0102	h	9.908405797101466	9.9084057971014659	0.00e+00
c0102	n	45	45	0.00e+00
c0102	p	0.007053700554304141	0.0070537005543041412	0.00e+00
c0102	posthoc_mezzo__alto_p	0.010963004173648082	0.010963004173648089	6.33e-16
c0102	posthoc_mezzo__alto_padj	0.021926008347296164	0.021926008347296178	6.33e-16
c0102	posthoc_mezzo__alto_rank_biserial	0.52	0.52000000000000002	0.00e+00
c0102	posthoc_mezzo__alto_z	2.5438758514963125	2.5438758514963125	0.00e+00
c0102	posthoc_soprano__alto_p	0.004008412900089743	0.0040084129000897478	1.30e-15
c0102	posthoc_soprano__alto_padj	0.012025238700269229	0.012025238700269242	1.15e-15
c0102	posthoc_soprano__alto_rank_biserial	0.6355555555555555	0.63555555555555565	1.75e-16
c0102	posthoc_soprano__alto_z	2.877498913987632	2.8774989139876319	0.00e+00
c0102	posthoc_soprano__mezzo_p	0.7386640130762098	0.73866401307620977	0.00e+00
c0102	posthoc_soprano__mezzo_padj	0.7386640130762098	0.73866401307620977	0.00e+00
c0102	posthoc_soprano__mezzo_rank_biserial	0.04888888888888889	0.048888888888888926	7.10e-16
c0102	posthoc_soprano__mezzo_z	0.33362306249131923	0.33362306249131923	0.00e+00
c0103	df	2	2	0.00e+00
c0103	epsilon_squared	0.22519104084321515	0.22519104084321515	0.00e+00
c0103	h	9.908405797101466	9.9084057971014659	0.00e+00
c0103	n	45	45	0.00e+00
c0103	p	0.007053700554304141	0.0070537005543041412	0.00e+00
c0103	posthoc_mezzo__alto_p	0.010963004173648082	0.010963004173648089	6.33e-16
c0103	posthoc_mezzo__alto_padj	0.016444506260472124	0.016444506260472135	6.33e-16
c0103	posthoc_mezzo__alto_rank_biserial	0.52	0.52000000000000002	0.00e+00
c0103	posthoc_mezzo__alto_z	2.5438758514963125	2.5438758514963125	0.00e+00
c0103	posthoc_soprano__alto_p	0.004008412900089743	0.0040084129000897478	1.30e-15
c0103	posthoc_soprano__alto_padj	0.012025238700269229	0.012025238700269242	1.15e-15
c0103	posthoc_soprano__alto_rank_biserial	0.6355555555555555	0.63555555555555565	1.75e-16
c0103	posthoc_soprano__alto_z	2.877498913987632	2.8774989139876319	0.00e+00
c0103	posthoc_soprano__mezzo_p	0.7386640130762098	0.73866401307620977	0.00e+00
c0103	posthoc_soprano__mezzo_padj	0.7386640130762098	0.73866401307620977	0.00e+00
c0103	posthoc_soprano__mezzo_rank_biserial	0.04888888888888889	0.048888888888888926	7.10e-16
c0103	posthoc_soprano__mezzo_z	0.33362306249131923	0.33362306249131923	0.00e+00
c0104	df	2	2	0.00e+00
c0104	epsilon_squared	0.22519104084321448	0.22519104084321515	2.96e-15
c0104	h	9.908405797101437	9.9084057971014659	2.87e-15
c0104	n	45	45	0.00e+00
c0104	p	0.0070537005543042436	0.0070537005543041412	1.45e-14
c0105	df	2	2	0.00e+00
c0105	epsilon_squared	0.22519104084321448	0.22519104084321515	2.96e-15
c0105	h	9.908405797101437	9.9084057971014659	2.87e-15
c0105	n	45	45	0.00e+00
c0105	p	0.0070537005543042436	0.0070537005543041412	1.45e-14
c0105	posthoc_alto__mezzo_p	0.010963004173648082	0.010963004173648089	6.33e-16
c0105	posthoc_alto__mezzo_padj	0.03288901252094425	0.032889012520944269	6.33e-16
c0105	posthoc_alto__mezzo_rank_biserial	-0.52	-0.52000000000000002	0.00e+00
c0105	posthoc_alto__mezzo_z	-2.5438758514963125	-2.5438758514963125	0.00e+00
c0105	posthoc_alto__soprano_p	0.004008412900089743	0.0040084129000897478	1.30e-15
c0105	posthoc_alto__soprano_padj	0.012025238700269229	0.012025238700269242	1.15e-15
c0105	posthoc_alto__soprano_rank_biserial	-0.6355555555555555	-0.63555555555555565	1.75e-16
c0105	posthoc_alto__soprano_z	-2.877498913987632	-2.8774989139876319	0.00e+00
c0105	posthoc_mezzo__soprano_p	0.7386640130762098	0.73866401307620977	0.00e+00
c0105	posthoc_mezzo__soprano_padj	1	1	0.00e+00
c0105	posthoc_mezzo__soprano_rank_biserial	-0.04888888888888889	-0.048888888888888926	7.10e-16
c0105	posthoc_mezzo__soprano_z	-0.33362306249131923	-0.33362306249131923	0.00e+00
c0106	df	2	2	0.00e+00
c0106	epsilon_squared	0.22519104084321448	0.22519104084321515	2.96e-15
c0106	h	9.908405797101437	9.9084057971014659	2.87e-15
c0106	n	45	45	0.00e+00
c0106	p	0.0070537005543042436	0.0070537005543041412	1.45e-14
c0106	posthoc_alto__mezzo_p	0.010963004173648082	0.010963004173648089	6.33e-16
c0106	posthoc_alto__mezzo_padj	0.021926008347296164	0.021926008347296178	6.33e-16
c0106	posthoc_alto__mezzo_rank_biserial	-0.52	-0.52000000000000002	0.00e+00
c0106	posthoc_alto__mezzo_z	-2.5438758514963125	-2.5438758514963125	0.00e+00
c0106	posthoc_alto__soprano_p	0.004008412900089743	0.0040084129000897478	1.30e-15
c0106	posthoc_alto__soprano_padj	0.012025238700269229	0.012025238700269242	1.15e-15
c0106	posthoc_alto__soprano_rank_biserial	-0.6355555555555555	-0.63555555555555565	1.75e-16
c0106	posthoc_alto__soprano_z	-2.877498913987632	-2.8774989139876319	0.00e+00
c0106	posthoc_mezzo__soprano_p	0.7386640130762098	0.73866401307620977	0.00e+00
c0106	posthoc_mezzo__soprano_padj	0.7386640130762098	0.73866401307620977	0.00e+00
c0106	posthoc_mezzo__soprano_rank_biserial	-0.04888888888888889	-0.048888888888888926	7.10e-16
c0106	posthoc_mezzo__soprano_z	-0.33362306249131923	-0.33362306249131923	0.00e+00
c0107	df	2	2	0.00e+00
c0107	epsilon_squared	0.22519104084321448	0.22519104084321515	2.96e-15
c0107	h	9.908405797101437	9.9084057971014659	2.87e-15
c0107	n	45	45	0.00e+00
c0107	p	0.0070537005543042436	0.0070537005543041412	1.45e-14
c0107	posthoc_alto__mezzo_p	0.010963004173648082	0.010963004173648089	6.33e-16
c0107	posthoc_alto__mezzo_padj	0.016444506260472124	0.016444506260472135	6.33e-16
c0107	posthoc_alto__mezzo_rank_biserial	-0.52	-0.52000000000000002	0.00e+00
c0107	posthoc_alto__mezzo_z	-2.5438758514963125	-2.5438758514963125	0.00e+00
c0107	posthoc_alto__soprano_p	0.004008412900089743	0.0040084129000897478	1.30e-15
c0107	posthoc_alto__soprano_padj	0.012025238700269229	0.012025238700269242	1.15e-15
c0107	posthoc_alto__soprano_rank_biserial	-0.6355555555555555	-0.63555555555555565	1.75e-16
c0107	posthoc_alto__soprano_z	-2.877498913987632	-2.8774989139876319	0.00e+00
c0107	posthoc_mezzo__soprano_p	0.7386640130762098	0.73866401307620977	0.00e+00
c0107	posthoc_mezzo__soprano_padj	0.7386640130762098	0.73866401307620977	0.00e+00
c0107	posthoc_mezzo__soprano_rank_biserial	-0.04888888888888889	-0.048888888888888926	7.10e-16
c0107	posthoc_mezzo__soprano_z	-0.33362306249131923	-0.33362306249131923	0.00e+00
c0108	df	2	2	0.00e+00
c0108	epsilon_squared	0.42313570487483526	0.42313570487483465	1.44e-15
c0108	h	18.617971014492753	18.617971014492724	1.53e-15
c0108	n	45	45	0.00e+00
c0108	p	9.060641812012781e-05	9.0606418120129089e-05	1.41e-14
c0109	df	2	2	0.00e+00
c0109	epsilon_squared	0.42313570487483526	0.42313570487483465	1.44e-15
c0109	h	18.617971014492753	18.617971014492724	1.53e-15
c0109	n	45	45	0.00e+00
c0109	p	9.060641812012781e-05	9.0606418120129089e-05	1.41e-14
c0109	posthoc_mezzo__alto_p	0.2601749009835481	0.26017490098354817	2.13e-16
c0109	posthoc_mezzo__alto_padj	0.7805247029506444	0.78052470295064458	2.84e-16
c0109	posthoc_mezzo__alto_rank_biserial	0.25333333333333335	0.25333333333333335	0.00e+00
c0109	posthoc_mezzo__alto_z	1.125977835908204	1.125977835908204	0.00e+00
c0109	posthoc_soprano__alto_p	3.0421456547338738e-05	3.0421456547338799e-05	2.00e-15
c0109	posthoc_soprano__alto_padj	9.126436964201621e-05	9.1264369642016403e-05	2.08e-15
c0109	posthoc_soprano__alto_rank_biserial	0.8755555555555555	0.87555555555555564	1.27e-16
c0109	posthoc_soprano__alto_z	4.170288281141495	4.1702882811414952	0.00e+00
c0109	posthoc_soprano__mezzo_p	0.002332143454641627	0.0023321434546416287	7.44e-16
c0109	posthoc_soprano__mezzo_padj	0.006996430363924881	0.0069964303639248864	7.44e-16
c0109	posthoc_soprano__mezzo_rank_biserial	0.6622222222222223	0.66222222222222227	0.00e+00
c0109	posthoc_soprano__mezzo_z	3.0443104452332914	3.0443104452332914	0.00e+00
c0110	df	2	2	0.00e+00
c0110	epsilon_squared	0.42313570487483526	0.42313570487483465	1.44e-15
c0110	h	18.617971014492753	18.617971014492724	1.53e-15
c0110	n	45	45	0.00e+00
c0110	p	9.060641812012781e-05	9.0606418120129089e-05	1.41e-14
c0110	posthoc_mezzo__alto_p	0.2601749009835481	0.26017490098354817	2.13e-16
c0110	posthoc_mezzo__alto_padj	0.2601749009835481	0.26017490098354817	2.13e-16
c0110	posthoc_mezzo__alto_rank_biserial	0.25333333333333335	0.25333333333333335	0.00e+00
c0110	posthoc_mezzo__alto_z	1.125977835908204	1.125977835908204	0.00e+00
c0110	posthoc_soprano__alto_p	3.0421456547338738e-05	3.0421456547338799e-05	2.00e-15
c0110	posthoc_soprano__alto_padj	9.126436964201621e-05	9.1264369642016403e-05	2.08e-15
c0110	posthoc_soprano__alto_rank_biserial	0.8755555555555555	0.87555555555555564	1.27e-16
c0110	posthoc_soprano__alto_z	4.170288281141495	4.1702882811414952	0.00e+00
c0110	posthoc_soprano__mezzo_p	0.002332143454641627	0.0023321434546416287	7.44e-16
c0110	posthoc_soprano__mezzo_padj	0.004664286909283254	0.0046642869092832573	7.44e-16
c0110	posthoc_soprano__mezzo_rank_biserial	0.6622222222222223	0.66222222222222227	0.00e+00
c0110	posthoc_soprano__mezzo_z	3.0443104452332914	3.0443104452332914	0.00e+00
c0111	df	2	2	0.00e+00
c0111	epsilon_squared	0.42313570487483526	0.42313570487483465	1.44e-15
c0111	h	18.617971014492753	18.617971014492724	1.53e-15
c0111	n	45	45	0.00e+00
c0111	p	9.060641812012781e-05	9.0606418120129089e-05	1.41e-14
c0111	posthoc_mezzo__alto_p	0.2601749009835481	0.26017490098354817	2.13e-16
c0111	posthoc_mezzo__alto_padj	0.2601749009835481	0.26017490098354817	2.13e-16
c0111	posthoc_mezzo__alto_rank_biserial	0.25333333333333335	0.25333333333333335	0.00e+00
c0111	posthoc_mezzo__alto_z	1.125977835908204	1.125977835908204	0.00e+00
c0111	posthoc_soprano__alto_p	3.0421456547338738e-05	3.0421456547338799e-05	2.00e-15
c0111	posthoc_soprano__alto_padj	9.126436964201621e-05	9.1264369642016403e-05	2.08e-15
c0111	posthoc_soprano__alto_rank_biserial	0.8755555555555555	0.87555555555555564	1.27e-16
c0111	posthoc_soprano__alto_z	4.170288281141495	4.1702882811414952	0.00e+00
c0111	posthoc_soprano__mezzo_p	0.002332143454641627	0.0023321434546416287	7.44e-16
c0111	posthoc_soprano__mezzo_padj	0.0034982151819624406	0.0034982151819624432	7.44e-16
c0111	posthoc_soprano__mezzo_rank_biserial	0.6622222222222223	0.66222222222222227	0.00e+00
c0111	posthoc_soprano__mezzo_z	3.0443104452332914	3.0443104452332914	0.00e+00
c0112	df	2	2	0.00e+00
c0112	epsilon_squared	0.42313570487483526	0.42313570487483465	1.44e-15
c0112	h	18.617971014492753	18.617971014492724	1.53e-15
c0112	n	45	45	0.00e+00
c0112	p	9.060641812012781e-05	9.0606418120129089e-05	1.41e-14
c0113	df	2	2	0.00e+00
c0113	epsilon_squared	0.42313570487483526	0.42313570487483465	1.44e-15
c0113	h	18.617971014492753	18.617971014492724	1.53e-15
c0113	n	45	45	0.00e+00
c0113	p	9.060641812012781e-05	9.0606418120129089e-05	1.41e-14
c0113	posthoc_alto__mezzo_p	0.2601749009835481	0.26017490098354817	2.13e-16
c0113	posthoc_alto__mezzo_padj	0.7805247029506444	0.78052470295064458	2.84e-16
c0113	posthoc_alto__mezzo_rank_biserial	-0.25333333333333335	-0.25333333333333335	0.00e+00
c0113	posthoc_alto__mezzo_z	-1.125977835908204	-1.125977835908204	0.00e+00
c0113	posthoc_alto__soprano_p	3.0421456547338738e-05	3.0421456547338799e-05	2.00e-15
c0113	posthoc_alto__soprano_padj	9.126436964201621e-05	9.1264369642016403e-05	2.08e-15
c0113	posthoc_alto__soprano_rank_biserial	-0.8755555555555555	-0.87555555555555564	1.27e-16
c0113	posthoc_alto__soprano_z	-4.170288281141495	-4.1702882811414952	0.00e+00
c0113	posthoc_mezzo__soprano_p	0.002332143454641627	0.0023321434546416287	7.44e-16
c0113	posthoc_mezzo__soprano_padj	0.006996430363924881	0.0069964303639248864	7.44e-16
c0113	posthoc_mezzo__soprano_rank_biserial	-0.6622222222222223	-0.66222222222222227	0.00e+00
c0113	posthoc_mezzo__soprano_z	-3.0443104452332914	-3.0443104452332914	0.00e+00
c0114	df	2	2	0.00e+00
c0114	epsilon_squared	0.42313570487483526	0.42313570487483465	1.44e-15
c0114	h	18.617971014492753	18.617971014492724	1.53e-15
c0114	n	45	45	0.00e+00
c0114	p	9.060641812012781e-05	9.0606418120129089e-05	1.41e-14
c0114	posthoc_alto__mezzo_p	0.2601749009835481	0.26017490098354817	2.13e-16
c0114	posthoc_alto__mezzo_padj	0.2601749009835481	0.26017490098354817	2.13e-16
c0114	posthoc_alto__mezzo_rank_biserial	-0.25333333333333335	-0.25333333333333335	0.00e+00
c0114	posthoc_alto__mezzo_z	-1.125977835908204	-1.125977835908204	0.00e+00
c0114	posthoc_alto__soprano_p	3.0421456547338738e-05	3.0421456547338799e-05	2.00e-15
c0114	posthoc_alto__soprano_padj	9.126436964201621e-05	9.1264369642016403e-05	2.08e-15
c0114	posthoc_alto__soprano_rank_biserial	-0.8755555555555555	-0.87555555555555564	1.27e-16
c0114	posthoc_alto__soprano_z	-4.170288281141495	-4.1702882811414952	0.00e+00
c0114	posthoc_mezzo__soprano_p	0.002332143454641627	0.0023321434546416287	7.44e-16
c0114	posthoc_mezzo__soprano_padj	0.004664286909283254	0.0046642869092832573	7.44e-16
c0114	posthoc_mezzo__soprano_rank_biserial	-0.6622222222222223	-0.66222222222222227	0.00e+00
c0114	posthoc_mezzo__soprano_z	-3.0443104452332914	-3.0443104452332914	0.00e+00
c0115	df	2	2	0.00e+00
c0115	epsilon_squared	0.42313570487483526	0.42313570487483465	1.44e-15
c0115	h	18.617971014492753	18.617971014492724	1.53e-15
c0115	n	45	45	0.00e+00
c0115	p	9.060641812012781e-05	9.0606418120129089e-05	1.41e-14
c0115	posthoc_alto__mezzo_p	0.2601749009835481	0.26017490098354817	2.13e-16
c0115	posthoc_alto__mezzo_padj	0.2601749009835481	0.26017490098354817	2.13e-16
c0115	posthoc_alto__mezzo_rank_biserial	-0.25333333333333335	-0.25333333333333335	0.00e+00
c0115	posthoc_alto__mezzo_z	-1.125977835908204	-1.125977835908204	0.00e+00
c0115	posthoc_alto__soprano_p	3.0421456547338738e-05	3.0421456547338799e-05	2.00e-15
c0115	posthoc_alto__soprano_padj	9.126436964201621e-05	9.1264369642016403e-05	2.08e-15
c0115	posthoc_alto__soprano_rank_biserial	-0.8755555555555555	-0.87555555555555564	1.27e-16
c0115	posthoc_alto__soprano_z	-4.170288281141495	-4.1702882811414952	0.00e+00
c0115	posthoc_mezzo__soprano_p	0.002332143454641627	0.0023321434546416287	7.44e-16
c0115	posthoc_mezzo__soprano_padj	0.0034982151819624406	0.0034982151819624432	7.44e-16
c0115	posthoc_mezzo__soprano_rank_biserial	-0.6622222222222223	-0.66222222222222227	0.00e+00
c0115	posthoc_mezzo__soprano_z	-3.0443104452332914	-3.0443104452332914	0.00e+00
c0116	df	2	2	0.00e+00
c0116	epsilon_squared	0.07019762845849829	0.070197628458497655	9.09e-15
c0116	h	3.088695652173925	3.0886956521738966	9.20e-15
c0116	n	45	45	0.00e+00
c0116	p	0.21345103303458712	0.2134510330345902	1.44e-14
c0117	df	2	2	0.00e+00
c0117	epsilon_squared	0.07019762845849829	0.070197628458497655	9.09e-15
c0117	h	3.088695652173925	3.0886956521738966	9.20e-15
c0117	n	45	45	0.00e+00
c0117	p	0.21345103303458712	0.2134510330345902	1.44e-14
c0117	posthoc_mezzo__alto_p	0.31689005482296173	0.31689005482296179	1.75e-16
c0117	posthoc_mezzo__alto_padj	0.9506701644688852	0.9506701644688853	1.17e-16
c0117	posthoc_mezzo__alto_rank_biserial	0.21777777777777776	0.21777777777777779	1.27e-16
c0117	posthoc_mezzo__alto_z	1.0008691874739584	1.0008691874739584	0.00e+00
c0117	posthoc_soprano__alto_p	0.07985619377351641	0.079856193773516479	8.69e-16
c0117	posthoc_soprano__alto_padj	0.23956858132054923	0.23956858132054942	8.11e-16
c0117	posthoc_soprano__alto_rank_biserial	0.3688888888888889	0.36888888888888888	0.00e+00
c0117	posthoc_soprano__alto_z	1.751521078079428	1.7515210780794279	0.00e+00
c0117	posthoc_soprano__mezzo_p	0.45286218341877005	0.45286218341877005	0.00e+00
c0117	posthoc_soprano__mezzo_padj	1	1	0.00e+00
c0117	posthoc_soprano__mezzo_rank_biserial	0.16444444444444445	0.16444444444444439	3.38e-16
c0117	posthoc_soprano__mezzo_z	0.7506518906054696	0.75065189060546955	0.00e+00
c0118	df	2	2	0.00e+00
c0118	epsilon_squared	0.07019762845849829	0.070197628458497655	9.09e-15
c0118	h	3.088695652173925	3.0886956521738966	9.20e-15
c0118	n	45	45	0.00e+00
c0118	p	0.21345103303458712	0.2134510330345902	1.44e-14
c0118	posthoc_mezzo__alto_p	0.31689005482296173	0.31689005482296179	1.75e-16
c0118	posthoc_mezzo__alto_padj	0.6337801096459235	0.63378010964592357	1.75e-16
c0118	posthoc_mezzo__alto_rank_biserial	0.21777777777777776	0.21777777777777779	1.27e-16
c0118	posthoc_mezzo__alto_z	1.0008691874739584	1.0008691874739584	0.00e+00
c0118	posthoc_soprano__alto_p	0.07985619377351641	0.079856193773516479	8.69e-16
c0118	posthoc_soprano__alto_padj	0.23956858132054923	0.23956858132054942	8.11e-16
c0118	posthoc_soprano__alto_rank_biserial	0.3688888888888889	0.36888888888888888	0.00e+00
c0118	posthoc_soprano__alto_z	1.751521078079428	1.7515210780794279	0.00e+00
c0118	posthoc_soprano__mezzo_p	0.45286218341877005	0.45286218341877005	0.00e+00
c0118	posthoc_soprano__mezzo_padj	0.6337801096459235	0.63378010964592357	1.75e-16
c0118	posthoc_soprano__mezzo_rank_biserial	0.16444444444444445	0.16444444444444439	3.38e-16
c0118	posthoc_soprano__mezzo_z	0.7506518906054696	0.75065189060546955	0.00e+00
c0119	df	2	2	0.00e+00
c0119	epsilon_squared	0.07019762845849829	0.070197628458497655	9.09e-15
c0119	h	3.088695652173925	3.0886956521738966	9.20e-15
c0119	n	45	45	0.00e+00
c0119	p	0.21345103303458712	0.2134510330345902	1.44e-14
c0119	posthoc_mezzo__alto_p	0.31689005482296173	0.31689005482296179	1.75e-16
c0119	posthoc_mezzo__alto_padj	0.45286218341877005	0.45286218341877005	0.00e+00
c0119	posthoc_mezzo__alto_rank_biserial	0.21777777777777776	0.21777777777777779	1.27e-16
c0119	posthoc_mezzo__alto_z	1.0008691874739584	1.0008691874739584	0.00e+00
c0119	posthoc_soprano__alto_p	0.07985619377351641	0.079856193773516479	8.69e-16
c0119	posthoc_soprano__alto_padj	0.23956858132054923	0.23956858132054942	8.11e-16
c0119	posthoc_soprano__alto_rank_biserial	0.3688888888888889	0.36888888888888888	0.00e+00
c0119	posthoc_soprano__alto_z	1.751521078079428	1.7515210780794279	0.00e+00
c0119	posthoc_soprano__mezzo_p	0.45286218341877005	0.45286218341877005	0.00e+00
c0119	posthoc_soprano__mezzo_padj	0.45286218341877005	0.45286218341877005	0.00e+00
c0119	posthoc_soprano__mezzo_rank_biserial	0.16444444444444445	0.16444444444444439	3.38e-16
c0119	posthoc_soprano__mezzo_z	0.7506518906054696	0.75065189060546955	0.00e+00
c0120	df	2	2	0.00e+00
c0120	epsilon_squared	0.07019762845849765	0.070197628458497655	0.00e+00
c0120	h	3.0886956521738966	3.0886956521738966	0.00e+00
c0120	n	45	45	0.00e+00
c0120	p	0.2134510330345902	0.2134510330345902	0.00e+00
c0121	df	2	2	0.00e+00
c0121	epsilon_squared	0.07019762845849765	0.070197628458497655	0.00e+00
c0121	h	3.0886956521738966	3.0886956521738966	0.00e+00
c0121	n	45	45	0.00e+00
c0121	p	0.2134510330345902	0.2134510330345902	0.00e+00
c0121	posthoc_alto__mezzo_p	0.31689005482296173	0.31689005482296179	1.75e-16
c0121	posthoc_alto__mezzo_padj	0.9506701644688852	0.9506701644688853	1.17e-16
c0121	posthoc_alto__mezzo_rank_biserial	-0.21777777777777776	-0.21777777777777779	1.27e-16
c0121	posthoc_alto__mezzo_z	-1.0008691874739584	-1.0008691874739584	0.00e+00
c0121	posthoc_alto__soprano_p	0.07985619377351641	0.079856193773516479	8.69e-16
c0121	posthoc_alto__soprano_padj	0.23956858132054923	0.23956858132054942	8.11e-16
c0121	posthoc_alto__soprano_rank_biserial	-0.3688888888888889	-0.36888888888888888	0.00e+00
c0121	posthoc_alto__soprano_z	-1.751521078079428	-1.7515210780794279	0.00e+00
c0121	posthoc_mezzo__soprano_p	0.45286218341877005	0.45286218341877005	0.00e+00
c0121	posthoc_mezzo__soprano_padj	1	1	0.00e+00
c0121	posthoc_mezzo__soprano_rank_biserial	-0.16444444444444445	-0.16444444444444439	3.38e-16
c0121	posthoc_mezzo__soprano_z	-0.7506518906054696	-0.75065189060546955	0.00e+00
c0122	df	2	2	0.00e+00
c0122	epsilon_squared	0.07019762845849765	0.070197628458497655	0.00e+00
c0122	h	3.0886956521738966	3.0886956521738966	0.00e+00
c0122	n	45	45	0.00e+00
c0122	p	0.2134510330345902	0.2134510330345902	0.00e+00
c0122	posthoc_alto__mezzo_p	0.31689005482296173	0.31689005482296179	1.75e-16
c0122	posthoc_alto__mezzo_padj	0.6337801096459235	0.63378010964592357	1.75e-16
c0122	posthoc_alto__mezzo_rank_biserial	-0.21777777777777776	-0.21777777777777779	1.27e-16
c0122	posthoc_alto__mezzo_z	-1.0008691874739584	-1.0008691874739584	0.00e+00
c0122	posthoc_alto__soprano_p	0.07985619377351641	0.079856193773516479	8.69e-16
c0122	posthoc_alto__soprano_padj	0.23956858132054923	0.23956858132054942	8.11e-16
c0122	posthoc_alto__soprano_rank_biserial	-0.3688888888888889	-0.36888888888888888	0.00e+00
c0122	posthoc_alto__soprano_z	-1.751521078079428	-1.7515210780794279	0.00e+00
c0122	posthoc_mezzo__soprano_p	0.45286218341877005	0.45286218341877005	0.00e+00
c0122	posthoc_mezzo__soprano_padj	0.6337801096459235	0.63378010964592357	1.75e-16
c0122	posthoc_mezzo__soprano_rank_biserial	-0.16444444444444445	-0.16444444444444439	3.38e-16
c0122	posthoc_mezzo__soprano_z	-0.7506518906054696	-0.75065189060546955	0.00e+00
c0123	df	2	2	0.00e+00
c0123	epsilon_squared	0.07019762845849765	0.070197628458497655	0.00e+00
c0123	h	3.0886956521738966	3.0886956521738966	0.00e+00
c0123	n	45	45	0.00e+00
c0123	p	0.2134510330345902	0.2134510330345902	0.00e+00
c0123	posthoc_alto__mezzo_p	0.31689005482296173	0.31689005482296179	1.75e-16
c0123	posthoc_alto__mezzo_padj	0.45286218341877005	0.45286218341877005	0.00e+00
c0123	posthoc_alto__mezzo_rank_biserial	-0.21777777777777776	-0.21777777777777779	1.27e-16
c0123	posthoc_alto__mezzo_z	-1.0008691874739584	-1.0008691874739584	0.00e+00
c0123	posthoc_alto__soprano_p	0.07985619377351641	0.079856193773516479	8.69e-16
c0123	posthoc_alto__soprano_padj	0.23956858132054923	0.23956858132054942	8.11e-16
c0123	posthoc_alto__soprano_rank_biserial	-0.3688888888888889	-0.36888888888888888	0.00e+00
c0123	posthoc_alto__soprano_z	-1.751521078079428	-1.7515210780794279	0.00e+00
c0123	posthoc_mezzo__soprano_p	0.45286218341877005	0.45286218341877005	0.00e+00
c0123	posthoc_mezzo__soprano_padj	0.45286218341877005	0.45286218341877005	0.00e+00
c0123	posthoc_mezzo__soprano_rank_biserial	-0.16444444444444445	-0.16444444444444439	3.38e-16
c0123	posthoc_mezzo__soprano_z	-0.7506518906054696	-0.75065189060546955	0.00e+00
c0124	df	1	1	0.00e+00
c0124	epsilon_squared	0.5811632270168854	0.58116322701688539	0.00e+00
c0124	h	22.66536585365853	22.665365853658528	0.00e+00
c0124	n	40	40	0.00e+00
c0124	p	1.928120924930415e-06	1.9281209249304156e-06	2.20e-16
c0125	df	1	1	0.00e+00
c0125	epsilon_squared	0.5811632270168854	0.58116322701688539	0.00e+00
c0125	h	22.66536585365853	22.665365853658528	0.00e+00
c0125	n	40	40	0.00e+00
c0125	p	1.928120924930415e-06	1.9281209249304156e-06	2.20e-16
c0125	posthoc_control__patient_p	1.928120924930393e-06	1.9281209249303974e-06	2.20e-15
c0125	posthoc_control__patient_padj	1.928120924930393e-06	1.9281209249303974e-06	2.20e-15
c0125	posthoc_control__patient_rank_biserial	-0.88	-0.87999999999999989	1.26e-16
c0125	posthoc_control__patient_z	-4.7608156710440435	-4.7608156710440435	0.00e+00
c0126	df	1	1	0.00e+00
c0126	epsilon_squared	0.5811632270168854	0.58116322701688539	0.00e+00
c0126	h	22.66536585365853	22.665365853658528	0.00e+00
c0126	n	40	40	0.00e+00
c0126	p	1.928120924930415e-06	1.9281209249304156e-06	2.20e-16
c0126	posthoc_control__patient_p	1.928120924930393e-06	1.9281209249303974e-06	2.20e-15
c0126	posthoc_control__patient_padj	1.928120924930393e-06	1.9281209249303974e-06	2.20e-15
c0126	posthoc_control__patient_rank_biserial	-0.88	-0.87999999999999989	1.26e-16
c0126	posthoc_control__patient_z	-4.7608156710440435	-4.7608156710440435	0.00e+00
c0127	df	1	1	0.00e+00
c0127	epsilon_squared	0.5811632270168854	0.58116322701688539	0.00e+00
c0127	h	22.66536585365853	22.665365853658528	0.00e+00
c0127	n	40	40	0.00e+00
c0127	p	1.928120924930415e-06	1.9281209249304156e-06	2.20e-16
c0127	posthoc_control__patient_p	1.928120924930393e-06	1.9281209249303974e-06	2.20e-15
c0127	posthoc_control__patient_padj	1.928120924930393e-06	1.9281209249303974e-06	2.20e-15
c0127	posthoc_control__patient_rank_biserial	-0.88	-0.87999999999999989	1.26e-16
c0127	posthoc_control__patient_z	-4.7608156710440435	-4.7608156710440435	0.00e+00
c0128	df	1	1	0.00e+00
c0128	epsilon_squared	0.5811632270168854	0.58116322701688539	0.00e+00
c0128	h	22.66536585365853	22.665365853658528	0.00e+00
c0128	n	40	40	0.00e+00
c0128	p	1.928120924930415e-06	1.9281209249304156e-06	2.20e-16
c0129	df	1	1	0.00e+00
c0129	epsilon_squared	0.5811632270168854	0.58116322701688539	0.00e+00
c0129	h	22.66536585365853	22.665365853658528	0.00e+00
c0129	n	40	40	0.00e+00
c0129	p	1.928120924930415e-06	1.9281209249304156e-06	2.20e-16
c0129	posthoc_control__patient_p	1.928120924930393e-06	1.9281209249303974e-06	2.20e-15
c0129	posthoc_control__patient_padj	1.928120924930393e-06	1.9281209249303974e-06	2.20e-15
c0129	posthoc_control__patient_rank_biserial	-0.88	-0.87999999999999989	1.26e-16
c0129	posthoc_control__patient_z	-4.7608156710440435	-4.7608156710440435	0.00e+00
c0130	df	1	1	0.00e+00
c0130	epsilon_squared	0.5811632270168854	0.58116322701688539	0.00e+00
c0130	h	22.66536585365853	22.665365853658528	0.00e+00
c0130	n	40	40	0.00e+00
c0130	p	1.928120924930415e-06	1.9281209249304156e-06	2.20e-16
c0130	posthoc_control__patient_p	1.928120924930393e-06	1.9281209249303974e-06	2.20e-15
c0130	posthoc_control__patient_padj	1.928120924930393e-06	1.9281209249303974e-06	2.20e-15
c0130	posthoc_control__patient_rank_biserial	-0.88	-0.87999999999999989	1.26e-16
c0130	posthoc_control__patient_z	-4.7608156710440435	-4.7608156710440435	0.00e+00
c0131	df	1	1	0.00e+00
c0131	epsilon_squared	0.5811632270168854	0.58116322701688539	0.00e+00
c0131	h	22.66536585365853	22.665365853658528	0.00e+00
c0131	n	40	40	0.00e+00
c0131	p	1.928120924930415e-06	1.9281209249304156e-06	2.20e-16
c0131	posthoc_control__patient_p	1.928120924930393e-06	1.9281209249303974e-06	2.20e-15
c0131	posthoc_control__patient_padj	1.928120924930393e-06	1.9281209249303974e-06	2.20e-15
c0131	posthoc_control__patient_rank_biserial	-0.88	-0.87999999999999989	1.26e-16
c0131	posthoc_control__patient_z	-4.7608156710440435	-4.7608156710440435	0.00e+00
c0132	df	1	1	0.00e+00
c0132	epsilon_squared	0.1849851642784773	0.1849851642784773	0.00e+00
c0132	h	8.694302721088434	8.6943027210884338	0.00e+00
c0132	n	48	48	0.00e+00
c0132	p	0.003192062050495155	0.0031920620504951513	1.09e-15
c0133	df	1	1	0.00e+00
c0133	epsilon_squared	0.1849851642784773	0.1849851642784773	0.00e+00
c0133	h	8.694302721088434	8.6943027210884338	0.00e+00
c0133	n	48	48	0.00e+00
c0133	p	0.003192062050495155	0.0031920620504951513	1.09e-15
c0133	posthoc_soprano__alto_p	0.0031920620504951626	0.0031920620504951604	6.79e-16
c0133	posthoc_soprano__alto_padj	0.0031920620504951626	0.0031920620504951604	6.79e-16
c0133	posthoc_soprano__alto_rank_biserial	0.4965277777777778	0.49652777777777773	1.12e-16
c0133	posthoc_soprano__alto_z	2.9486103033613023	2.9486103033613023	0.00e+00
c0134	df	1	1	0.00e+00
c0134	epsilon_squared	0.1849851642784773	0.1849851642784773	0.00e+00
c0134	h	8.694302721088434	8.6943027210884338	0.00e+00
c0134	n	48	48	0.00e+00
c0134	p	0.003192062050495155	0.0031920620504951513	1.09e-15
c0134	posthoc_soprano__alto_p	0.0031920620504951626	0.0031920620504951604	6.79e-16
c0134	posthoc_soprano__alto_padj	0.0031920620504951626	0.0031920620504951604	6.79e-16
c0134	posthoc_soprano__alto_rank_biserial	0.4965277777777778	0.49652777777777773	1.12e-16
c0134	posthoc_soprano__alto_z	2.9486103033613023	2.9486103033613023	0.00e+00
c0135	df	1	1	0.00e+00
c0135	epsilon_squared	0.1849851642784773	0.1849851642784773	0.00e+00
c0135	h	8.694302721088434	8.6943027210884338	0.00e+00
c0135	n	48	48	0.00e+00
c0135	p	0.003192062050495155	0.0031920620504951513	1.09e-15
c0135	posthoc_soprano__alto_p	0.0031920620504951626	0.0031920620504951604	6.79e-16
c0135	posthoc_soprano__alto_padj	0.0031920620504951626	0.0031920620504951604	6.79e-16
c0135	posthoc_soprano__alto_rank_biserial	0.4965277777777778	0.49652777777777773	1.12e-16
c0135	posthoc_soprano__alto_z	2.9486103033613023	2.9486103033613023	0.00e+00
c0136	df	1	1	0.00e+00
c0136	epsilon_squared	0.1849851642784773	0.1849851642784773	0.00e+00
c0136	h	8.694302721088434	8.6943027210884338	0.00e+00
c0136	n	48	48	0.00e+00
c0136	p	0.003192062050495155	0.0031920620504951513	1.09e-15
c0137	df	1	1	0.00e+00
c0137	epsilon_squared	0.1849851642784773	0.1849851642784773	0.00e+00
c0137	h	8.694302721088434	8.6943027210884338	0.00e+00
c0137	n	48	48	0.00e+00
c0137	p	0.003192062050495155	0.0031920620504951513	1.09e-15
c0137	posthoc_alto__soprano_p	0.0031920620504951626	0.0031920620504951604	6.79e-16
c0137	posthoc_alto__soprano_padj	0.0031920620504951626	0.0031920620504951604	6.79e-16
c0137	posthoc_alto__soprano_rank_biserial	-0.4965277777777778	-0.49652777777777773	1.12e-16
c0137	posthoc_alto__soprano_z	-2.9486103033613023	-2.9486103033613023	0.00e+00
c0138	df	1	1	0.00e+00
c0138	epsilon_squared	0.1849851642784773	0.1849851642784773	0.00e+00
c0138	h	8.694302721088434	8.6943027210884338	0.00e+00
c0138	n	48	48	0.00e+00
c0138	p	0.003192062050495155	0.0031920620504951513	1.09e-15
c0138	posthoc_alto__soprano_p	0.0031920620504951626	0.0031920620504951604	6.79e-16
c0138	posthoc_alto__soprano_padj	0.0031920620504951626	0.0031920620504951604	6.79e-16
c0138	posthoc_alto__soprano_rank_biserial	-0.4965277777777778	-0.49652777777777773	1.12e-16
c0138	posthoc_alto__soprano_z	-2.9486103033613023	-2.9486103033613023	0.00e+00
c0139	df	1	1	0.00e+00
c0139	epsilon_squared	0.1849851642784773	0.1849851642784773	0.00e+00
c0139	h	8.694302721088434	8.6943027210884338	0.00e+00
c0139	n	48	48	0.00e+00
c0139	p	0.003192062050495155	0.0031920620504951513	1.09e-15
c0139	posthoc_alto__soprano_p	0.0031920620504951626	0.0031920620504951604	6.79e-16
c0139	posthoc_alto__soprano_padj	0.0031920620504951626	0.0031920620504951604	6.79e-16
c0139	posthoc_alto__soprano_rank_biserial	-0.4965277777777778	-0.49652777777777773	1.12e-16
c0139	posthoc_alto__soprano_z	-2.9486103033613023	-2.9486103033613023	0.00e+00
c0140	df	4	4	0.00e+00
c0140	epsilon_squared	0.7346150361695578	0.73461503616955892	1.51e-15
c0140	h	35.99613677230833	35.99613677230839	1.58e-15
c0140	n	50	50	0.00e+00
c0140	p	2.898996303708729e-07	2.8989963037086576e-07	2.47e-14
c0141	df	4	4	0.00e+00
c0141	epsilon_squared	0.7346150361695578	0.73461503616955892	1.51e-15
c0141	h	35.99613677230833	35.99613677230839	1.58e-15
c0141	n	50	50	0.00e+00
c0141	p	2.898996303708729e-07	2.8989963037086576e-07	2.47e-14
c0141	posthoc_corr__mwu_p	0.22393061304446665	0.22393061304446663	1.24e-16
c0141	posthoc_corr__mwu_padj	1	1	0.00e+00
c0141	posthoc_corr__mwu_rank_biserial	0.6071428571428571	0.60714285714285721	1.83e-16
c0141	posthoc_corr__mwu_z	1.2161425788773854	1.2161425788773854	0.00e+00
c0141	posthoc_corr__perfect_p	0.20219402066542563	0.20219402066542563	0.00e+00
c0141	posthoc_corr__perfect_padj	1	1	0.00e+00
c0141	posthoc_corr__perfect_rank_biserial	0.4714285714285714	0.47142857142857147	1.18e-16
c0141	posthoc_corr__perfect_z	1.2753255989088381	1.2753255989088381	0.00e+00
c0141	posthoc_paired__corr_p	8.478213817365165e-05	8.4782138173651817e-05	1.92e-15
c0141	posthoc_paired__corr_padj	0.0008478213817365165	0.00084782138173651817	1.92e-15
c0141	posthoc_paired__corr_rank_biserial	0.9523809523809523	0.95238095238095233	0.00e+00
c0141	posthoc_paired__corr_z	3.930463856803697	3.9304638568036969	0.00e+00
c0141	posthoc_paired__mwu_p	0.00010777421099225035	0.00010777421099225054	1.76e-15
c0141	posthoc_paired__mwu_padj	0.0010777421099225034	0.0010777421099225054	1.81e-15
c0141	posthoc_paired__mwu_rank_biserial	1	1	0.00e+00
c0141	posthoc_paired__mwu_z	3.872387985590581	3.8723879855905809	0.00e+00
c0141	posthoc_paired__perfect_p	1.2696047946140147e-06	1.2696047946140164e-06	1.33e-15
c0141	posthoc_paired__perfect_padj	1.2696047946140148e-05	1.2696047946140165e-05	1.33e-15
c0141	posthoc_paired__perfect_rank_biserial	1	1	0.00e+00
c0141	posthoc_paired__perfect_z	4.844453761602964	4.8444537616029644	0.00e+00
c0141	posthoc_perfect__mwu_p	0.7849258603601411	0.78492586036014123	1.41e-16
c0141	posthoc_perfect__mwu_padj	1	1	0.00e+00
c0141	posthoc_perfect__mwu_rank_biserial	0.2	0.19999999999999996	2.78e-16
c0141	posthoc_perfect__mwu_z	0.2729054976618821	0.2729054976618821	0.00e+00
c0141	posthoc_welch__corr_p	0.008900831432503555	0.0089008314325035587	3.90e-16
c0141	posthoc_welch__corr_padj	0.08900831432503556	0.089008314325035587	3.12e-16
c0141	posthoc_welch__corr_rank_biserial	0.8142857142857143	0.81428571428571428	0.00e+00
c0141	posthoc_welch__corr_z	2.61583977397008	2.6158397739700798	0.00e+00
c0141	posthoc_welch__mwu_p	0.0027340834091246096	0.002734083409124614	1.59e-15
c0141	posthoc_welch__mwu_padj	0.027340834091246095	0.02734083409124614	1.65e-15
c0141	posthoc_welch__mwu_rank_biserial	1	1	0.00e+00
c0141	posthoc_welch__mwu_z	2.9961539743304506	2.9961539743304506	0.00e+00
c0141	posthoc_welch__paired_p	0.27936573408149806	0.27936573408149812	1.99e-16
c0141	posthoc_welch__paired_padj	1	1	0.00e+00
c0141	posthoc_welch__paired_rank_biserial	-0.525	-0.52499999999999991	2.11e-16
c0141	posthoc_welch__paired_z	-1.0817452644595082	-1.0817452644595082	0.00e+00
c0141	posthoc_welch__perfect_p	0.0003151482193808732	0.00031514821938087361	1.38e-15
c0141	posthoc_welch__perfect_padj	0.003151482193808732	0.0031514821938087361	1.38e-15
c0141	posthoc_welch__perfect_rank_biserial	1	1	0.00e+00
c0141	posthoc_welch__perfect_z	3.602519113750257	3.6025191137502568	0.00e+00
c0142	df	4	4	0.00e+00
c0142	epsilon_squared	0.7346150361695578	0.73461503616955892	1.51e-15
c0142	h	35.99613677230833	35.99613677230839	1.58e-15
c0142	n	50	50	0.00e+00
c0142	p	2.898996303708729e-07	2.8989963037086576e-07	2.47e-14
c0142	posthoc_corr__mwu_p	0.22393061304446665	0.22393061304446663	1.24e-16
c0142	posthoc_corr__mwu_padj	0.8087760826617025	0.80877608266170253	0.00e+00
c0142	posthoc_corr__mwu_rank_biserial	0.6071428571428571	0.60714285714285721	1.83e-16
c0142	posthoc_corr__mwu_z	1.2161425788773854	1.2161425788773854	0.00e+00
c0142	posthoc_corr__perfect_p	0.20219402066542563	0.20219402066542563	0.00e+00
c0142	posthoc_corr__perfect_padj	0.8087760826617025	0.80877608266170253	0.00e+00
c0142	posthoc_corr__perfect_rank_biserial	0.4714285714285714	0.47142857142857147	1.18e-16
c0142	posthoc_corr__perfect_z	1.2753255989088381	1.2753255989088381	0.00e+00
c0142	posthoc_paired__corr_p	8.478213817365165e-05	8.4782138173651817e-05	1.92e-15
c0142	posthoc_paired__corr_padj	0.0007630392435628648	0.00076303924356286635	1.99e-15
c0142	posthoc_paired__corr_rank_biserial	0.9523809523809523	0.95238095238095233	0.00e+00
c0142	posthoc_paired__corr_z	3.930463856803697	3.9304638568036969	0.00e+00
c0142	posthoc_paired__mwu_p	0.00010777421099225035	0.00010777421099225054	1.76e-15
c0142	posthoc_paired__mwu_padj	0.0008621936879380028	0.00086219368793800434	1.76e-15
c0142	posthoc_paired__mwu_rank_biserial	1	1	0.00e+00
c0142	posthoc_paired__mwu_z	3.872387985590581	3.8723879855905809	0.00e+00
c0142	posthoc_paired__perfect_p	1.2696047946140147e-06	1.2696047946140164e-06	1.33e-15
c0142	posthoc_paired__perfect_padj	1.2696047946140148e-05	1.2696047946140165e-05	1.33e-15
c0142	posthoc_paired__perfect_rank_biserial	1	1	0.00e+00
c0142	posthoc_paired__perfect_z	4.844453761602964	4.8444537616029644	0.00e+00
c0142	posthoc_perfect__mwu_p	0.7849258603601411	0.78492586036014123	1.41e-16
c0142	posthoc_perfect__mwu_padj	0.8087760826617025	0.80877608266170253	0.00e+00
c0142	posthoc_perfect__mwu_rank_biserial	0.2	0.19999999999999996	2.78e-16
c0142	posthoc_perfect__mwu_z	0.2729054976618821	0.2729054976618821	0.00e+00
c0142	posthoc_welch__corr_p	0.008900831432503555	0.0089008314325035587	3.90e-16
c0142	posthoc_welch__corr_padj	0.04450415716251778	0.044504157162517793	3.12e-16
c0142	posthoc_welch__corr_rank_biserial	0.8142857142857143	0.81428571428571428	0.00e+00
c0142	posthoc_welch__corr_z	2.61583977397008	2.6158397739700798	0.00e+00
c0142	posthoc_welch__mwu_p	0.0027340834091246096	0.002734083409124614	1.59e-15
c0142	posthoc_welch__mwu_padj	0.01640450045474766	0.016404500454747683	1.48e-15
c0142	posthoc_welch__mwu_rank_biserial	1	1	0.00e+00
c0142	posthoc_welch__mwu_z	2.9961539743304506	2.9961539743304506	0.00e+00
c0142	posthoc_welch__paired_p	0.27936573408149806	0.27936573408149812	1.99e-16
c0142	posthoc_welch__paired_padj	0.8087760826617025	0.80877608266170253	0.00e+00
c0142	posthoc_welch__paired_rank_biserial	-0.525	-0.52499999999999991	2.11e-16
c0142	posthoc_welch__paired_z	-1.0817452644595082	-1.0817452644595082	0.00e+00
c0142	posthoc_welch__perfect_p	0.0003151482193808732	0.00031514821938087361	1.38e-15
c0142	posthoc_welch__perfect_padj	0.0022060375356661123	0.0022060375356661153	1.38e-15
c0142	posthoc_welch__perfect_rank_biserial	1	1	0.00e+00
c0142	posthoc_welch__perfect_z	3.602519113750257	3.6025191137502568	0.00e+00
c0143	df	4	4	0.00e+00
c0143	epsilon_squared	0.7346150361695578	0.73461503616955892	1.51e-15
c0143	h	35.99613677230833	35.99613677230839	1.58e-15
c0143	n	50	50	0.00e+00
c0143	p	2.898996303708729e-07	2.8989963037086576e-07	2.47e-14
c0143	posthoc_corr__mwu_p	0.22393061304446665	0.22393061304446663	1.24e-16
c0143	posthoc_corr__mwu_padj	0.27991326630558333	0.27991326630558327	1.98e-16
c0143	posthoc_corr__mwu_rank_biserial	0.6071428571428571	0.60714285714285721	1.83e-16
c0143	posthoc_corr__mwu_z	1.2161425788773854	1.2161425788773854	0.00e+00
c0143	posthoc_corr__perfect_p	0.20219402066542563	0.20219402066542563	0.00e+00
c0143	posthoc_corr__perfect_padj	0.27991326630558333	0.27991326630558327	1.98e-16
c0143	posthoc_corr__perfect_rank_biserial	0.4714285714285714	0.47142857142857147	1.18e-16
c0143	posthoc_corr__perfect_z	1.2753255989088381	1.2753255989088381	0.00e+00
c0143	posthoc_paired__corr_p	8.478213817365165e-05	8.4782138173651817e-05	1.92e-15
c0143	posthoc_paired__corr_padj	0.0003592473699741678	0.00035924736997416847	1.81e-15
c0143	posthoc_paired__corr_rank_biserial	0.9523809523809523	0.95238095238095233	0.00e+00
c0143	posthoc_paired__corr_z	3.930463856803697	3.9304638568036969	0.00e+00
c0143	posthoc_paired__mwu_p	0.00010777421099225035	0.00010777421099225054	1.76e-15
c0143	posthoc_paired__mwu_padj	0.0003592473699741678	0.00035924736997416847	1.81e-15
c0143	posthoc_paired__mwu_rank_biserial	1	1	0.00e+00
c0143	posthoc_paired__mwu_z	3.872387985590581	3.8723879855905809	0.00e+00
c0143	posthoc_paired__perfect_p	1.2696047946140147e-06	1.2696047946140164e-06	1.33e-15
c0143	posthoc_paired__perfect_padj	1.2696047946140148e-05	1.2696047946140165e-05	1.33e-15
c0143	posthoc_paired__perfect_rank_biserial	1	1	0.00e+00
c0143	posthoc_paired__perfect_z	4.844453761602964	4.8444537616029644	0.00e+00
c0143	posthoc_perfect__mwu_p	0.7849258603601411	0.78492586036014123	1.41e-16
c0143	posthoc_perfect__mwu_padj	0.7849258603601411	0.78492586036014123	1.41e-16
c0143	posthoc_perfect__mwu_rank_biserial	0.2	0.19999999999999996	2.78e-16
c0143	posthoc_perfect__mwu_z	0.2729054976618821	0.2729054976618821	0.00e+00
c0143	posthoc_welch__corr_p	0.008900831432503555	0.0089008314325035587	3.90e-16
c0143	posthoc_welch__corr_padj	0.014834719054172593	0.014834719054172598	3.51e-16
c0143	posthoc_welch__corr_rank_biserial	0.8142857142857143	0.81428571428571428	0.00e+00
c0143	posthoc_welch__corr_z	2.61583977397008	2.6158397739700798	0.00e+00
c0143	posthoc_welch__mwu_p	0.0027340834091246096	0.002734083409124614	1.59e-15
c0143	posthoc_welch__mwu_padj	0.005468166818249219	0.0054681668182492279	1.59e-15
c0143	posthoc_welch__mwu_rank_biserial	1	1	0.00e+00
c0143	posthoc_welch__mwu_z	2.9961539743304506	2.9961539743304506	0.00e+00
c0143	posthoc_welch__paired_p	0.27936573408149806	0.27936573408149812	1.99e-16
c0143	posthoc_welch__paired_padj	0.31040637120166453	0.31040637120166459	1.79e-16
c0143	posthoc_welch__paired_rank_biserial	-0.525	-0.52499999999999991	2.11e-16
c0143	posthoc_welch__paired_z	-1.0817452644595082	-1.0817452644595082	0.00e+00
c0143	posthoc_welch__perfect_p	0.0003151482193808732	0.00031514821938087361	1.38e-15
c0143	posthoc_welch__perfect_padj	0.000787870548452183	0.00078787054845218404	1.38e-15
c0143	posthoc_welch__perfect_rank_biserial	1	1	0.00e+00
c0143	posthoc_welch__perfect_z	3.602519113750257	3.6025191137502568	0.00e+00
c0144	df	4	4	0.00e+00
c0144	epsilon_squared	0.7346150361695584	0.73461503616955892	7.56e-16
c0144	h	35.99613677230836	35.99613677230839	7.90e-16
c0144	n	50	50	0.00e+00
c0144	p	2.898996303708696e-07	2.8989963037086576e-07	1.33e-14
c0145	df	4	4	0.00e+00
c0145	epsilon_squared	0.7346150361695584	0.73461503616955892	7.56e-16
c0145	h	35.99613677230836	35.99613677230839	7.90e-16
c0145	n	50	50	0.00e+00
c0145	p	2.898996303708696e-07	2.8989963037086576e-07	1.33e-14
c0145	posthoc_corr__mwu_p	0.22393061304446665	0.22393061304446663	1.24e-16
c0145	posthoc_corr__mwu_padj	1	1	0.00e+00
c0145	posthoc_corr__mwu_rank_biserial	0.6071428571428571	0.60714285714285721	1.83e-16
c0145	posthoc_corr__mwu_z	1.2161425788773854	1.2161425788773854	0.00e+00
c0145	posthoc_corr__paired_p	8.478213817365165e-05	8.4782138173651817e-05	1.92e-15
c0145	posthoc_corr__paired_padj	0.0008478213817365165	0.00084782138173651817	1.92e-15
c0145	posthoc_corr__paired_rank_biserial	-0.9523809523809523	-0.95238095238095233	0.00e+00
c0145	posthoc_corr__paired_z	-3.930463856803697	-3.9304638568036969	0.00e+00
c0145	posthoc_corr__perfect_p	0.20219402066542563	0.20219402066542563	0.00e+00
c0145	posthoc_corr__perfect_padj	1	1	0.00e+00
c0145	posthoc_corr__perfect_rank_biserial	0.4714285714285714	0.47142857142857147	1.18e-16
c0145	posthoc_corr__perfect_z	1.2753255989088381	1.2753255989088381	0.00e+00
c0145	posthoc_corr__welch_p	0.008900831432503555	0.0089008314325035587	3.90e-16
c0145	posthoc_corr__welch_padj	0.08900831432503556	0.089008314325035587	3.12e-16
c0145	posthoc_corr__welch_rank_biserial	-0.8142857142857143	-0.81428571428571428	0.00e+00
c0145	posthoc_corr__welch_z	-2.61583977397008	-2.6158397739700798	0.00e+00
c0145	posthoc_mwu__paired_p	0.00010777421099225035	0.00010777421099225054	1.76e-15
c0145	posthoc_mwu__paired_padj	0.0010777421099225034	0.0010777421099225054	1.81e-15
c0145	posthoc_mwu__paired_rank_biserial	-1	-1	0.00e+00
c0145	posthoc_mwu__paired_z	-3.872387985590581	-3.8723879855905809	0.00e+00
c0145	posthoc_mwu__perfect_p	0.7849258603601411	0.78492586036014123	1.41e-16
c0145	posthoc_mwu__perfect_padj	1	1	0.00e+00
c0145	posthoc_mwu__perfect_rank_biserial	-0.2	-0.19999999999999996	2.78e-16
c0145	posthoc_mwu__perfect_z	-0.2729054976618821	-0.2729054976618821	0.00e+00
c0145	posthoc_mwu__welch_p	0.0027340834091246096	0.002734083409124614	1.59e-15
c0145	posthoc_mwu__welch_padj	0.027340834091246095	0.02734083409124614	1.65e-15
c0145	posthoc_mwu__welch_rank_biserial	-1	-1	0.00e+00
c0145	posthoc_mwu__welch_z	-2.9961539743304506	-2.9961539743304506	0.00e+00
c0145	posthoc_paired__perfect_p	1.2696047946140147e-06	1.2696047946140164e-06	1.33e-15
c0145	posthoc_paired__perfect_padj	1.2696047946140148e-05	1.2696047946140165e-05	1.33e-15
c0145	posthoc_paired__perfect_rank_biserial	1	1	0.00e+00
c0145	posthoc_paired__perfect_z	4.844453761602964	4.8444537616029644	0.00e+00
c0145	posthoc_paired__welch_p	0.27936573408149806	0.27936573408149812	1.99e-16
c0145	posthoc_paired__welch_padj	1	1	0.00e+00
c0145	posthoc_paired__welch_rank_biserial	0.525	0.52499999999999991	2.11e-16
c0145	posthoc_paired__welch_z	1.0817452644595082	1.0817452644595082	0.00e+00
c0145	posthoc_perfect__welch_p	0.0003151482193808732	0.00031514821938087361	1.38e-15
c0145	posthoc_perfect__welch_padj	0.003151482193808732	0.0031514821938087361	1.38e-15
c0145	posthoc_perfect__welch_rank_biserial	-1	-1	0.00e+00
c0145	posthoc_perfect__welch_z	-3.602519113750257	-3.6025191137502568	0.00e+00
c0146	df	4	4	0.00e+00
c0146	epsilon_squared	0.7346150361695584	0.73461503616955892	7.56e-16
c0146	h	35.99613677230836	35.99613677230839	7.90e-16
c0146	n	50	50	0.00e+00
c0146	p	2.898996303708696e-07	2.8989963037086576e-07	1.33e-14
c0146	posthoc_corr__mwu_p	0.22393061304446665	0.22393061304446663	1.24e-16
c0146	posthoc_corr__mwu_padj	0.8087760826617025	0.80877608266170253	0.00e+00
c0146	posthoc_corr__mwu_rank_biserial	0.6071428571428571	0.60714285714285721	1.83e-16
c0146	posthoc_corr__mwu_z	1.2161425788773854	1.2161425788773854	0.00e+00
c0146	posthoc_corr__paired_p	8.478213817365165e-05	8.4782138173651817e-05	1.92e-15
c0146	posthoc_corr__paired_padj	0.0007630392435628648	0.00076303924356286635	1.99e-15
c0146	posthoc_corr__paired_rank_biserial	-0.9523809523809523	-0.95238095238095233	0.00e+00
c0146	posthoc_corr__paired_z	-3.930463856803697	-3.9304638568036969	0.00e+00
c0146	posthoc_corr__perfect_p	0.20219402066542563	0.20219402066542563	0.00e+00
c0146	posthoc_corr__perfect_padj	0.8087760826617025	0.80877608266170253	0.00e+00
c0146	posthoc_corr__perfect_rank_biserial	0.4714285714285714	0.47142857142857147	1.18e-16
c0146	posthoc_corr__perfect_z	1.2753255989088381	1.2753255989088381	0.00e+00
c0146	posthoc_corr__welch_p	0.008900831432503555	0.0089008314325035587	3.90e-16
c0146	posthoc_corr__welch_padj	0.04450415716251778	0.044504157162517793	3.12e-16
c0146	posthoc_corr__welch_rank_biserial	-0.8142857142857143	-0.81428571428571428	0.00e+00
c0146	posthoc_corr__welch_z	-2.61583977397008	-2.6158397739700798	0.00e+00
c0146	posthoc_mwu__paired_p	0.00010777421099225035	0.00010777421099225054	1.76e-15
c0146	posthoc_mwu__paired_padj	0.0008621936879380028	0.00086219368793800434	1.76e-15
c0146	posthoc_mwu__paired_rank_biserial	-1	-1	0.00e+00
c0146	posthoc_mwu__paired_z	-3.872387985590581	-3.8723879855905809	0.00e+00
c0146	posthoc_mwu__perfect_p	0.7849258603601411	0.78492586036014123	1.41e-16
c0146	posthoc_mwu__perfect_padj	0.8087760826617025	0.80877608266170253	0.00e+00
c0146	posthoc_mwu__perfect_rank_biserial	-0.2	-0.19999999999999996	2.78e-16
c0146	posthoc_mwu__perfect_z	-0.2729054976618821	-0.2729054976618821	0.00e+00
c0146	posthoc_mwu__welch_p	0.0027340834091246096	0.002734083409124614	1.59e-15
c0146	posthoc_mwu__welch_padj	0.01640450045474766	0.016404500454747683	1.48e-15
c0146	posthoc_mwu__welch_rank_biserial	-1	-1	0.00e+00
c0146	posthoc_mwu__welch_z	-2.9961539743304506	-2.9961539743304506	0.00e+00
c0146	posthoc_paired__perfect_p	1.2696047946140147e-06	1.2696047946140164e-06	1.33e-15
c0146	posthoc_paired__perfect_padj	1.2696047946140148e-05	1.2696047946140165e-05	1.33e-15
c0146	posthoc_paired__perfect_rank_biserial	1	1	0.00e+00
c0146	posthoc_paired__perfect_z	4.844453761602964	4.8444537616029644	0.00e+00
c0146	posthoc_paired__welch_p	0.27936573408149806	0.27936573408149812	1.99e-16
c0146	posthoc_paired__welch_padj	0.8087760826617025	0.80877608266170253	0.00e+00
c0146	posthoc_paired__welch_rank_biserial	0.525	0.52499999999999991	2.11e-16
c0146	posthoc_paired__welch_z	1.0817452644595082	1.0817452644595082	0.00e+00
c0146	posthoc_perfect__welch_p	0.0003151482193808732	0.00031514821938087361	1.38e-15
c0146	posthoc_perfect__welch_padj	0.0022060375356661123	0.0022060375356661153	1.38e-15
c0146	posthoc_perfect__welch_rank_biserial	-1	-1	0.00e+00
c0146	posthoc_perfect__welch_z	-3.602519113750257	-3.6025191137502568	0.00e+00
c0147	df	4	4	0.00e+00
c0147	epsilon_squared	0.7346150361695584	0.73461503616955892	7.56e-16
c0147	h	35.99613677230836	35.99613677230839	7.90e-16
c0147	n	50	50	0.00e+00
c0147	p	2.898996303708696e-07	2.8989963037086576e-07	1.33e-14
c0147	posthoc_corr__mwu_p	0.22393061304446665	0.22393061304446663	1.24e-16
c0147	posthoc_corr__mwu_padj	0.27991326630558333	0.27991326630558327	1.98e-16
c0147	posthoc_corr__mwu_rank_biserial	0.6071428571428571	0.60714285714285721	1.83e-16
c0147	posthoc_corr__mwu_z	1.2161425788773854	1.2161425788773854	0.00e+00
c0147	posthoc_corr__paired_p	8.478213817365165e-05	8.4782138173651817e-05	1.92e-15
c0147	posthoc_corr__paired_padj	0.0003592473699741678	0.00035924736997416847	1.81e-15
c0147	posthoc_corr__paired_rank_biserial	-0.9523809523809523	-0.95238095238095233	0.00e+00
c0147	posthoc_corr__paired_z	-3.930463856803697	-3.9304638568036969	0.00e+00
c0147	posthoc_corr__perfect_p	0.20219402066542563	0.20219402066542563	0.00e+00
c0147	posthoc_corr__perfect_padj	0.27991326630558333	0.27991326630558327	1.98e-16
c0147	posthoc_corr__perfect_rank_biserial	0.4714285714285714	0.47142857142857147	1.18e-16
c0147	posthoc_corr__perfect_z	1.2753255989088381	1.2753255989088381	0.00e+00
c0147	posthoc_corr__welch_p	0.008900831432503555	0.0089008314325035587	3.90e-16
c0147	posthoc_corr__welch_padj	0.014834719054172593	0.014834719054172598	3.51e-16
c0147	posthoc_corr__welch_rank_biserial	-0.8142857142857143	-0.81428571428571428	0.00e+00
c0147	posthoc_corr__welch_z	-2.61583977397008	-2.6158397739700798	0.00e+00
c0147	posthoc_mwu__paired_p	0.00010777421099225035	0.00010777421099225054	1.76e-15
c0147	posthoc_mwu__paired_padj	0.0003592473699741678	0.00035924736997416847	1.81e-15
c0147	posthoc_mwu__paired_rank_biserial	-1	-1	0.00e+00
c0147	posthoc_mwu__paired_z	-3.872387985590581	-3.8723879855905809	0.00e+00
c0147	posthoc_mwu__perfect_p	0.7849258603601411	0.78492586036014123	1.41e-16
c0147	posthoc_mwu__perfect_padj	0.7849258603601411	0.78492586036014123	1.41e-16
c0147	posthoc_mwu__perfect_rank_biserial	-0.2	-0.19999999999999996	2.78e-16
c0147	posthoc_mwu__perfect_z	-0.2729054976618821	-0.2729054976618821	0.00e+00
c0147	posthoc_mwu__welch_p	0.0027340834091246096	0.002734083409124614	1.59e-15
c0147	posthoc_mwu__welch_padj	0.005468166818249219	0.0054681668182492279	1.59e-15
c0147	posthoc_mwu__welch_rank_biserial	-1	-1	0.00e+00
c0147	posthoc_mwu__welch_z	-2.9961539743304506	-2.9961539743304506	0.00e+00
c0147	posthoc_paired__perfect_p	1.2696047946140147e-06	1.2696047946140164e-06	1.33e-15
c0147	posthoc_paired__perfect_padj	1.2696047946140148e-05	1.2696047946140165e-05	1.33e-15
c0147	posthoc_paired__perfect_rank_biserial	1	1	0.00e+00
c0147	posthoc_paired__perfect_z	4.844453761602964	4.8444537616029644	0.00e+00
c0147	posthoc_paired__welch_p	0.27936573408149806	0.27936573408149812	1.99e-16
c0147	posthoc_paired__welch_padj	0.31040637120166453	0.31040637120166459	1.79e-16
c0147	posthoc_paired__welch_rank_biserial	0.525	0.52499999999999991	2.11e-16
c0147	posthoc_paired__welch_z	1.0817452644595082	1.0817452644595082	0.00e+00
c0147	posthoc_perfect__welch_p	0.0003151482193808732	0.00031514821938087361	1.38e-15
c0147	posthoc_perfect__welch_padj	0.000787870548452183	0.00078787054845218404	1.38e-15
c0147	posthoc_perfect__welch_rank_biserial	-1	-1	0.00e+00
c0147	posthoc_perfect__welch_z	-3.602519113750257	-3.6025191137502568	0.00e+00
c0148	df	3	3	0.00e+00
c0148	epsilon_squared	0.4312328489671716	0.43123284896717107	1.29e-15
c0148	h	21.13040959939141	21.130409599391381	1.35e-15
c0148	n	50	50	0.00e+00
c0148	p	9.89108532446764e-05	9.8910853244677874e-05	1.49e-14
c0149	df	3	3	0.00e+00
c0149	epsilon_squared	0.4312328489671716	0.43123284896717107	1.29e-15
c0149	h	21.13040959939141	21.130409599391381	1.35e-15
c0149	n	50	50	0.00e+00
c0149	p	9.89108532446764e-05	9.8910853244677874e-05	1.49e-14
c0149	posthoc_a__b_p	0.2932767544258882	0.2932767544258883	3.79e-16
c0149	posthoc_a__b_padj	1	1	0.00e+00
c0149	posthoc_a__b_rank_biserial	-0.41420118343195267	-0.41420118343195261	1.34e-16
c0149	posthoc_a__b_z	-1.0509604508182437	-1.0509604508182437	0.00e+00
c0149	posthoc_a__x_p	0.002510508650630224	0.002510508650630227	1.21e-15
c0149	posthoc_a__x_padj	0.015063051903781344	0.015063051903781363	1.27e-15
c0149	posthoc_a__x_rank_biserial	0.7948717948717948	0.79487179487179493	1.40e-16
c0149	posthoc_a__x_z	3.0220719536024148	3.0220719536024148	0.00e+00
c0149	posthoc_a__y_p	0.030466932896690963	0.030466932896690977	4.56e-16
c0149	posthoc_a__y_padj	0.18280159738014579	0.18280159738014587	4.56e-16
c0149	posthoc_a__y_rank_biserial	0.6025641025641025	0.60256410256410264	1.84e-16
c0149	posthoc_a__y_z	2.1639663388190575	2.1639663388190575	0.00e+00
c0149	posthoc_b__x_p	5.0825387456918405e-05	5.0825387456918439e-05	6.67e-16
c0149	posthoc_b__x_padj	0.0003049523247415104	0.00030495232474151064	7.11e-16
c0149	posthoc_b__x_rank_biserial	0.7948717948717948	0.79487179487179493	1.40e-16
c0149	posthoc_b__x_z	4.051798691342444	4.0517986913424444	0.00e+00
c0149	posthoc_b__y_p	0.0014046537129777429	0.0014046537129777433	3.09e-16
c0149	posthoc_b__y_padj	0.008427922277866456	0.0084279222778664599	4.12e-16
c0149	posthoc_b__y_rank_biserial	0.7051282051282052	0.70512820512820507	1.57e-16
c0149	posthoc_b__y_z	3.193693076559087	3.1936930765590872	0.00e+00
c0149	posthoc_x__y_p	0.4001004859287519	0.40010048592875197	1.39e-16
c0149	posthoc_x__y_padj	1	1	0.00e+00
c0149	posthoc_x__y_rank_biserial	-0.2638888888888889	-0.26388888888888884	2.10e-16
c0149	posthoc_x__y_z	-0.841441783558437	-0.84144178355843702	0.00e+00
c0150	df	3	3	0.00e+00
c0150	epsilon_squared	0.4312328489671716	0.43123284896717107	1.29e-15
c0150	h	21.13040959939141	21.130409599391381	1.35e-15
c0150	n	50	50	0.00e+00
c0150	p	9.89108532446764e-05	9.8910853244677874e-05	1.49e-14
c0150	posthoc_a__b_p	0.2932767544258882	0.2932767544258883	3.79e-16
c0150	posthoc_a__b_padj	0.5865535088517764	0.58655350885177659	3.79e-16
c0150	posthoc_a__b_rank_biserial	-0.41420118343195267	-0.41420118343195261	1.34e-16
c0150	posthoc_a__b_z	-1.0509604508182437	-1.0509604508182437	0.00e+00
c0150	posthoc_a__x_p	0.002510508650630224	0.002510508650630227	1.21e-15
c0150	posthoc_a__x_padj	0.010042034602520896	0.010042034602520908	1.21e-15
c0150	posthoc_a__x_rank_biserial	0.7948717948717948	0.79487179487179493	1.40e-16
c0150	posthoc_a__x_z	3.0220719536024148	3.0220719536024148	0.00e+00
c0150	posthoc_a__y_p	0.030466932896690963	0.030466932896690977	4.56e-16
c0150	posthoc_a__y_padj	0.09140079869007289	0.091400798690072935	4.56e-16
c0150	posthoc_a__y_rank_biserial	0.6025641025641025	0.60256410256410264	1.84e-16
c0150	posthoc_a__y_z	2.1639663388190575	2.1639663388190575	0.00e+00
c0150	posthoc_b__x_p	5.0825387456918405e-05	5.0825387456918439e-05	6.67e-16
c0150	posthoc_b__x_padj	0.0003049523247415104	0.00030495232474151064	7.11e-16
c0150	posthoc_b__x_rank_biserial	0.7948717948717948	0.79487179487179493	1.40e-16
c0150	posthoc_b__x_z	4.051798691342444	4.0517986913424444	0.00e+00
c0150	posthoc_b__y_p	0.0014046537129777429	0.0014046537129777433	3.09e-16
c0150	posthoc_b__y_padj	0.007023268564888715	0.0070232685648887166	2.47e-16
c0150	posthoc_b__y_rank_biserial	0.7051282051282052	0.70512820512820507	1.57e-16
c0150	posthoc_b__y_z	3.193693076559087	3.1936930765590872	0.00e+00
c0150	posthoc_x__y_p	0.4001004859287519	0.40010048592875197	1.39e-16
c0150	posthoc_x__y_padj	0.5865535088517764	0.58655350885177659	3.79e-16
c0150	posthoc_x__y_rank_biserial	-0.2638888888888889	-0.26388888888888884	2.10e-16
c0150	posthoc_x__y_z	-0.841441783558437	-0.84144178355843702	0.00e+00
c0151	df	3	3	0.00e+00
c0151	epsilon_squared	0.4312328489671716	0.43123284896717107	1.29e-15
c0151	h	21.13040959939141	21.130409599391381	1.35e-15
c0151	n	50	50	0.00e+00
c0151	p	9.89108532446764e-05	9.8910853244677874e-05	1.49e-14
c0151	posthoc_a__b_p	0.2932767544258882	0.2932767544258883	3.79e-16
c0151	posthoc_a__b_padj	0.35193210531106583	0.35193210531106595	3.15e-16
c0151	posthoc_a__b_rank_biserial	-0.41420118343195267	-0.41420118343195261	1.34e-16
c0151	posthoc_a__b_z	-1.0509604508182437	-1.0509604508182437	0.00e+00
c0151	posthoc_a__x_p	0.002510508650630224	0.002510508650630227	1.21e-15
c0151	posthoc_a__x_padj	0.005021017301260448	0.0050210173012604541	1.21e-15
c0151	posthoc_a__x_rank_biserial	0.7948717948717948	0.79487179487179493	1.40e-16
c0151	posthoc_a__x_z	3.0220719536024148	3.0220719536024148	0.00e+00
c0151	posthoc_a__y_p	0.030466932896690963	0.030466932896690977	4.56e-16
c0151	posthoc_a__y_padj	0.045700399345036447	0.045700399345036467	4.56e-16
c0151	posthoc_a__y_rank_biserial	0.6025641025641025	0.60256410256410264	1.84e-16
c0151	posthoc_a__y_z	2.1639663388190575	2.1639663388190575	0.00e+00
c0151	posthoc_b__x_p	5.0825387456918405e-05	5.0825387456918439e-05	6.67e-16
c0151	posthoc_b__x_padj	0.0003049523247415104	0.00030495232474151064	7.11e-16
c0151	posthoc_b__x_rank_biserial	0.7948717948717948	0.79487179487179493	1.40e-16
c0151	posthoc_b__x_z	4.051798691342444	4.0517986913424444	0.00e+00
c0151	posthoc_b__y_p	0.0014046537129777429	0.0014046537129777433	3.09e-16
c0151	posthoc_b__y_padj	0.004213961138933228	0.0042139611389332299	4.12e-16
c0151	posthoc_b__y_rank_biserial	0.7051282051282052	0.70512820512820507	1.57e-16
c0151	posthoc_b__y_z	3.193693076559087	3.1936930765590872	0.00e+00
c0151	posthoc_x__y_p	0.4001004859287519	0.40010048592875197	1.39e-16
c0151	posthoc_x__y_padj	0.40010048592875186	0.40010048592875197	2.77e-16
c0151	posthoc_x__y_rank_biserial	-0.2638888888888889	-0.26388888888888884	2.10e-16
c0151	posthoc_x__y_z	-0.841441783558437	-0.84144178355843702	0.00e+00
c0152	df	3	3	0.00e+00
c0152	epsilon_squared	0.4312328489671716	0.43123284896717107	1.29e-15
c0152	h	21.13040959939141	21.130409599391381	1.35e-15
c0152	n	50	50	0.00e+00
c0152	p	9.89108532446764e-05	9.8910853244677874e-05	1.49e-14
c0153	df	3	3	0.00e+00
c0153	epsilon_squared	0.4312328489671716	0.43123284896717107	1.29e-15
c0153	h	21.13040959939141	21.130409599391381	1.35e-15
c0153	n	50	50	0.00e+00
c0153	p	9.89108532446764e-05	9.8910853244677874e-05	1.49e-14
c0153	posthoc_a__b_p	0.2932767544258882	0.2932767544258883	3.79e-16
c0153	posthoc_a__b_padj	1	1	0.00e+00
c0153	posthoc_a__b_rank_biserial	-0.41420118343195267	-0.41420118343195261	1.34e-16
c0153	posthoc_a__b_z	-1.0509604508182437	-1.0509604508182437	0.00e+00
c0153	posthoc_a__x_p	0.002510508650630224	0.002510508650630227	1.21e-15
c0153	posthoc_a__x_padj	0.015063051903781344	0.015063051903781363	1.27e-15
c0153	posthoc_a__x_rank_biserial	0.7948717948717948	0.79487179487179493	1.40e-16
c0153	posthoc_a__x_z	3.0220719536024148	3.0220719536024148	0.00e+00
c0153	posthoc_a__y_p	0.030466932896690963	0.030466932896690977	4.56e-16
c0153	posthoc_a__y_padj	0.18280159738014579	0.18280159738014587	4.56e-16
c0153	posthoc_a__y_rank_biserial	0.6025641025641025	0.60256410256410264	1.84e-16
c0153	posthoc_a__y_z	2.1639663388190575	2.1639663388190575	0.00e+00
c0153	posthoc_b__x_p	5.0825387456918405e-05	5.0825387456918439e-05	6.67e-16
c0153	posthoc_b__x_padj	0.0003049523247415104	0.00030495232474151064	7.11e-16
c0153	posthoc_b__x_rank_biserial	0.7948717948717948	0.79487179487179493	1.40e-16
c0153	posthoc_b__x_z	4.051798691342444	4.0517986913424444	0.00e+00
c0153	posthoc_b__y_p	0.0014046537129777429	0.0014046537129777433	3.09e-16
c0153	posthoc_b__y_padj	0.008427922277866456	0.0084279222778664599	4.12e-16
c0153	posthoc_b__y_rank_biserial	0.7051282051282052	0.70512820512820507	1.57e-16
c0153	posthoc_b__y_z	3.193693076559087	3.1936930765590872	0.00e+00
c0153	posthoc_x__y_p	0.4001004859287519	0.40010048592875197	1.39e-16
c0153	posthoc_x__y_padj	1	1	0.00e+00
c0153	posthoc_x__y_rank_biserial	-0.2638888888888889	-0.26388888888888884	2.10e-16
c0153	posthoc_x__y_z	-0.841441783558437	-0.84144178355843702	0.00e+00
c0154	df	3	3	0.00e+00
c0154	epsilon_squared	0.4312328489671716	0.43123284896717107	1.29e-15
c0154	h	21.13040959939141	21.130409599391381	1.35e-15
c0154	n	50	50	0.00e+00
c0154	p	9.89108532446764e-05	9.8910853244677874e-05	1.49e-14
c0154	posthoc_a__b_p	0.2932767544258882	0.2932767544258883	3.79e-16
c0154	posthoc_a__b_padj	0.5865535088517764	0.58655350885177659	3.79e-16
c0154	posthoc_a__b_rank_biserial	-0.41420118343195267	-0.41420118343195261	1.34e-16
c0154	posthoc_a__b_z	-1.0509604508182437	-1.0509604508182437	0.00e+00
c0154	posthoc_a__x_p	0.002510508650630224	0.002510508650630227	1.21e-15
c0154	posthoc_a__x_padj	0.010042034602520896	0.010042034602520908	1.21e-15
c0154	posthoc_a__x_rank_biserial	0.7948717948717948	0.79487179487179493	1.40e-16
c0154	posthoc_a__x_z	3.0220719536024148	3.0220719536024148	0.00e+00
c0154	posthoc_a__y_p	0.030466932896690963	0.030466932896690977	4.56e-16
c0154	posthoc_a__y_padj	0.09140079869007289	0.091400798690072935	4.56e-16
c0154	posthoc_a__y_rank_biserial	0.6025641025641025	0.60256410256410264	1.84e-16
c0154	posthoc_a__y_z	2.1639663388190575	2.1639663388190575	0.00e+00
c0154	posthoc_b__x_p	5.0825387456918405e-05	5.0825387456918439e-05	6.67e-16
c0154	posthoc_b__x_padj	0.0003049523247415104	0.00030495232474151064	7.11e-16
c0154	posthoc_b__x_rank_biserial	0.7948717948717948	0.79487179487179493	1.40e-16
c0154	posthoc_b__x_z	4.051798691342444	4.0517986913424444	0.00e+00
c0154	posthoc_b__y_p	0.0014046537129777429	0.0014046537129777433	3.09e-16
c0154	posthoc_b__y_padj	0.007023268564888715	0.0070232685648887166	2.47e-16
c0154	posthoc_b__y_rank_biserial	0.7051282051282052	0.70512820512820507	1.57e-16
c0154	posthoc_b__y_z	3.193693076559087	3.1936930765590872	0.00e+00
c0154	posthoc_x__y_p	0.4001004859287519	0.40010048592875197	1.39e-16
c0154	posthoc_x__y_padj	0.5865535088517764	0.58655350885177659	3.79e-16
c0154	posthoc_x__y_rank_biserial	-0.2638888888888889	-0.26388888888888884	2.10e-16
c0154	posthoc_x__y_z	-0.841441783558437	-0.84144178355843702	0.00e+00
c0155	df	3	3	0.00e+00
c0155	epsilon_squared	0.4312328489671716	0.43123284896717107	1.29e-15
c0155	h	21.13040959939141	21.130409599391381	1.35e-15
c0155	n	50	50	0.00e+00
c0155	p	9.89108532446764e-05	9.8910853244677874e-05	1.49e-14
c0155	posthoc_a__b_p	0.2932767544258882	0.2932767544258883	3.79e-16
c0155	posthoc_a__b_padj	0.35193210531106583	0.35193210531106595	3.15e-16
c0155	posthoc_a__b_rank_biserial	-0.41420118343195267	-0.41420118343195261	1.34e-16
c0155	posthoc_a__b_z	-1.0509604508182437	-1.0509604508182437	0.00e+00
c0155	posthoc_a__x_p	0.002510508650630224	0.002510508650630227	1.21e-15
c0155	posthoc_a__x_padj	0.005021017301260448	0.0050210173012604541	1.21e-15
c0155	posthoc_a__x_rank_biserial	0.7948717948717948	0.79487179487179493	1.40e-16
c0155	posthoc_a__x_z	3.0220719536024148	3.0220719536024148	0.00e+00
c0155	posthoc_a__y_p	0.030466932896690963	0.030466932896690977	4.56e-16
c0155	posthoc_a__y_padj	0.045700399345036447	0.045700399345036467	4.56e-16
c0155	posthoc_a__y_rank_biserial	0.6025641025641025	0.60256410256410264	1.84e-16
c0155	posthoc_a__y_z	2.1639663388190575	2.1639663388190575	0.00e+00
c0155	posthoc_b__x_p	5.0825387456918405e-05	5.0825387456918439e-05	6.67e-16
c0155	posthoc_b__x_padj	0.0003049523247415104	0.00030495232474151064	7.11e-16
c0155	posthoc_b__x_rank_biserial	0.7948717948717948	0.79487179487179493	1.40e-16
c0155	posthoc_b__x_z	4.051798691342444	4.0517986913424444	0.00e+00
c0155	posthoc_b__y_p	0.0014046537129777429	0.0014046537129777433	3.09e-16
c0155	posthoc_b__y_padj	0.004213961138933228	0.0042139611389332299	4.12e-16
c0155	posthoc_b__y_rank_biserial	0.7051282051282052	0.70512820512820507	1.57e-16
c0155	posthoc_b__y_z	3.193693076559087	3.1936930765590872	0.00e+00
c0155	posthoc_x__y_p	0.4001004859287519	0.40010048592875197	1.39e-16
c0155	posthoc_x__y_padj	0.40010048592875186	0.40010048592875197	2.77e-16
c0155	posthoc_x__y_rank_biserial	-0.2638888888888889	-0.26388888888888884	2.10e-16
c0155	posthoc_x__y_z	-0.841441783558437	-0.84144178355843702	0.00e+00
c0157	k	3	3	0.00e+00
c0157	n	45	45	0.00e+00
c0157	posthoc_mezzo__alto_ci_high	6.939411808943408	6.9394118089434134	7.68e-16
c0157	posthoc_mezzo__alto_ci_low	-1.5919283797935755	-1.5919283797935799	2.79e-15
c0157	posthoc_mezzo__alto_cohens_d	0.5859358150444196	0.58593581504441961	0.00e+00
c0157	posthoc_mezzo__alto_df	25.836932652512594	25.836932652512594	0.00e+00
c0157	posthoc_mezzo__alto_diff	2.6737417145749163	2.6737417145749163	0.00e+00
c0157	posthoc_mezzo__alto_p	0.12072603934960424	0.12072603934960449	2.07e-15
c0157	posthoc_mezzo__alto_padj	0.3621781180488127	0.3621781180488135	2.15e-15
c0157	posthoc_mezzo__alto_t	1.6046513157500177	1.6046513157500175	1.38e-16
c0157	posthoc_soprano__alto_ci_high	12.710248893774212	12.710248893774216	2.80e-16
c0157	posthoc_soprano__alto_ci_low	4.77115313754984	4.7711531375498373	5.58e-16
c0157	posthoc_soprano__alto_cohens_d	2.0839749765563775	2.0839749765563771	2.13e-16
c0157	posthoc_soprano__alto_df	21.929060728962583	21.929060728962583	0.00e+00
c0157	posthoc_soprano__alto_diff	8.740701015662026	8.740701015662026	0.00e+00
c0157	posthoc_soprano__alto_p	9.806645664798047e-06	9.8066456647980642e-06	1.73e-15
c0157	posthoc_soprano__alto_padj	2.941993699439414e-05	2.9419936994394194e-05	1.84e-15
c0157	posthoc_soprano__alto_t	5.707200519681138	5.7072005196811375	1.56e-16
c0157	posthoc_soprano__mezzo_ci_high	9.245048273267255	9.2450482732672583	3.84e-16
c0157	posthoc_soprano__mezzo_ci_low	2.888870328906965	2.888870328906961	1.38e-15
c0157	posthoc_soprano__mezzo_cohens_d	1.7838798367260675	1.7838798367260675	0.00e+00
c0157	posthoc_soprano__mezzo_df	25.97323279874925	25.973232798749255	1.37e-16
c0157	posthoc_soprano__mezzo_diff	6.06695930108711	6.0669593010871097	0.00e+00
c0157	posthoc_soprano__mezzo_p	4.559529102934477e-05	4.5595291029344707e-05	1.34e-15
c0157	posthoc_soprano__mezzo_padj	0.0001367858730880343	0.00013678587308803411	1.39e-15
c0157	posthoc_soprano__mezzo_t	4.885356132267499	4.885356132267499	0.00e+00
c0158	k	3	3	0.00e+00
c0158	n	45	45	0.00e+00
c0158	posthoc_mezzo__alto_cohens_d	0.5859358150444196	0.58593581504441961	0.00e+00
c0158	posthoc_mezzo__alto_df	25.836932652512594	25.836932652512594	0.00e+00
c0158	posthoc_mezzo__alto_diff	2.6737417145749163	2.6737417145749163	0.00e+00
c0158	posthoc_mezzo__alto_p	0.12072603934960424	0.12072603934960449	2.07e-15
c0158	posthoc_mezzo__alto_padj	0.12072603934960424	0.12072603934960449	2.07e-15
c0158	posthoc_mezzo__alto_t	1.6046513157500177	1.6046513157500175	1.38e-16
c0158	posthoc_soprano__alto_cohens_d	2.0839749765563775	2.0839749765563771	2.13e-16
c0158	posthoc_soprano__alto_df	21.929060728962583	21.929060728962583	0.00e+00
c0158	posthoc_soprano__alto_diff	8.740701015662026	8.740701015662026	0.00e+00
c0158	posthoc_soprano__alto_p	9.806645664798047e-06	9.8066456647980642e-06	1.73e-15
c0158	posthoc_soprano__alto_padj	2.941993699439414e-05	2.9419936994394194e-05	1.84e-15
c0158	posthoc_soprano__alto_t	5.707200519681138	5.7072005196811375	1.56e-16
c0158	posthoc_soprano__mezzo_cohens_d	1.7838798367260675	1.7838798367260675	0.00e+00
c0158	posthoc_soprano__mezzo_df	25.97323279874925	25.973232798749255	1.37e-16
c0158	posthoc_soprano__mezzo_diff	6.06695930108711	6.0669593010871097	0.00e+00
c0158	posthoc_soprano__mezzo_p	4.559529102934477e-05	4.5595291029344707e-05	1.34e-15
c0158	posthoc_soprano__mezzo_padj	9.119058205868954e-05	9.1190582058689413e-05	1.34e-15
c0158	posthoc_soprano__mezzo_t	4.885356132267499	4.885356132267499	0.00e+00
c0159	k	3	3	0.00e+00
c0159	n	45	45	0.00e+00
c0159	posthoc_mezzo__alto_cohens_d	0.5859358150444196	0.58593581504441961	0.00e+00
c0159	posthoc_mezzo__alto_df	25.836932652512594	25.836932652512594	0.00e+00
c0159	posthoc_mezzo__alto_diff	2.6737417145749163	2.6737417145749163	0.00e+00
c0159	posthoc_mezzo__alto_p	0.12072603934960424	0.12072603934960449	2.07e-15
c0159	posthoc_mezzo__alto_padj	0.12072603934960424	0.12072603934960449	2.07e-15
c0159	posthoc_mezzo__alto_t	1.6046513157500177	1.6046513157500175	1.38e-16
c0159	posthoc_soprano__alto_cohens_d	2.0839749765563775	2.0839749765563771	2.13e-16
c0159	posthoc_soprano__alto_df	21.929060728962583	21.929060728962583	0.00e+00
c0159	posthoc_soprano__alto_diff	8.740701015662026	8.740701015662026	0.00e+00
c0159	posthoc_soprano__alto_p	9.806645664798047e-06	9.8066456647980642e-06	1.73e-15
c0159	posthoc_soprano__alto_padj	2.941993699439414e-05	2.9419936994394194e-05	1.84e-15
c0159	posthoc_soprano__alto_t	5.707200519681138	5.7072005196811375	1.56e-16
c0159	posthoc_soprano__mezzo_cohens_d	1.7838798367260675	1.7838798367260675	0.00e+00
c0159	posthoc_soprano__mezzo_df	25.97323279874925	25.973232798749255	1.37e-16
c0159	posthoc_soprano__mezzo_diff	6.06695930108711	6.0669593010871097	0.00e+00
c0159	posthoc_soprano__mezzo_p	4.559529102934477e-05	4.5595291029344707e-05	1.34e-15
c0159	posthoc_soprano__mezzo_padj	6.839293654401715e-05	6.8392936544017053e-05	1.39e-15
c0159	posthoc_soprano__mezzo_t	4.885356132267499	4.885356132267499	0.00e+00
c0160	k	3	3	0.00e+00
c0160	n	45	45	0.00e+00
c0160	posthoc_mezzo__alto_ci_high	6.916775839206518	6.9167758392065251	1.03e-15
c0160	posthoc_mezzo__alto_ci_low	-1.5692924100566854	-1.5692924100566918	4.10e-15
c0160	posthoc_mezzo__alto_cohens_d	0.5859358150444196	0.58593581504441961	0.00e+00
c0160	posthoc_mezzo__alto_df	28	28	0.00e+00
c0160	posthoc_mezzo__alto_diff	2.6737417145749163	2.6737417145749163	0.00e+00
c0160	posthoc_mezzo__alto_p	0.11979211356272457	0.11979211356272496	3.24e-15
c0160	posthoc_mezzo__alto_padj	0.3593763406881737	0.35937634068817487	3.24e-15
c0160	posthoc_mezzo__alto_t	1.6046513157500177	1.6046513157500175	1.38e-16
c0160	posthoc_soprano__alto_ci_high	12.640667572356344	12.64066757235635	4.22e-16
c0160	posthoc_soprano__alto_ci_low	4.840734458967708	4.8407344589677024	1.10e-15
c0160	posthoc_soprano__alto_cohens_d	2.0839749765563775	2.0839749765563771	2.13e-16
c0160	posthoc_soprano__alto_df	28	28	0.00e+00
c0160	posthoc_soprano__alto_diff	8.740701015662026	8.740701015662026	0.00e+00
c0160	posthoc_soprano__alto_p	4.0353608409964154e-06	4.035360840996418e-06	6.30e-16
c0160	posthoc_soprano__alto_padj	1.2106082522989246e-05	1.2106082522989255e-05	7.00e-16
c0160	posthoc_soprano__alto_t	5.707200519681138	5.7072005196811375	1.56e-16
c0160	posthoc_soprano__mezzo_ci_high	9.229328727176805	9.2293287271768101	5.77e-16
c0160	posthoc_soprano__mezzo_ci_low	2.904589874997414	2.9045898749974097	1.53e-15
c0160	posthoc_soprano__mezzo_cohens_d	1.7838798367260675	1.7838798367260675	0.00e+00
c0160	posthoc_soprano__mezzo_df	28	28	0.00e+00
c0160	posthoc_soprano__mezzo_diff	6.06695930108711	6.0669593010871097	0.00e+00
c0160	posthoc_soprano__mezzo_p	3.794414350764252e-05	3.7944143507642484e-05	8.93e-16
c0160	posthoc_soprano__mezzo_padj	0.00011383243052292755	0.00011383243052292745	8.33e-16
c0160	posthoc_soprano__mezzo_t	4.885356132267499	4.885356132267499	0.00e+00
c0161	k	3	3	0.00e+00
c0161	n	45	45	0.00e+00
c0161	posthoc_mezzo__alto_cohens_d	0.5859358150444196	0.58593581504441961	0.00e+00
c0161	posthoc_mezzo__alto_df	28	28	0.00e+00
c0161	posthoc_mezzo__alto_diff	2.6737417145749163	2.6737417145749163	0.00e+00
c0161	posthoc_mezzo__alto_p	0.11979211356272457	0.11979211356272496	3.24e-15
c0161	posthoc_mezzo__alto_padj	0.11979211356272457	0.11979211356272496	3.24e-15
c0161	posthoc_mezzo__alto_t	1.6046513157500177	1.6046513157500175	1.38e-16
c0161	posthoc_soprano__alto_cohens_d	2.0839749765563775	2.0839749765563771	2.13e-16
c0161	posthoc_soprano__alto_df	28	28	0.00e+00
c0161	posthoc_soprano__alto_diff	8.740701015662026	8.740701015662026	0.00e+00
c0161	posthoc_soprano__alto_p	4.0353608409964154e-06	4.035360840996418e-06	6.30e-16
c0161	posthoc_soprano__alto_padj	1.2106082522989246e-05	1.2106082522989255e-05	7.00e-16
c0161	posthoc_soprano__alto_t	5.707200519681138	5.7072005196811375	1.56e-16
c0161	posthoc_soprano__mezzo_cohens_d	1.7838798367260675	1.7838798367260675	0.00e+00
c0161	posthoc_soprano__mezzo_df	28	28	0.00e+00
c0161	posthoc_soprano__mezzo_diff	6.06695930108711	6.0669593010871097	0.00e+00
c0161	posthoc_soprano__mezzo_p	3.794414350764252e-05	3.7944143507642484e-05	8.93e-16
c0161	posthoc_soprano__mezzo_padj	7.588828701528504e-05	7.5888287015284968e-05	8.93e-16
c0161	posthoc_soprano__mezzo_t	4.885356132267499	4.885356132267499	0.00e+00
c0162	k	3	3	0.00e+00
c0162	n	45	45	0.00e+00
c0162	posthoc_mezzo__alto_cohens_d	0.5859358150444196	0.58593581504441961	0.00e+00
c0162	posthoc_mezzo__alto_df	28	28	0.00e+00
c0162	posthoc_mezzo__alto_diff	2.6737417145749163	2.6737417145749163	0.00e+00
c0162	posthoc_mezzo__alto_p	0.11979211356272457	0.11979211356272496	3.24e-15
c0162	posthoc_mezzo__alto_padj	0.11979211356272457	0.11979211356272496	3.24e-15
c0162	posthoc_mezzo__alto_t	1.6046513157500177	1.6046513157500175	1.38e-16
c0162	posthoc_soprano__alto_cohens_d	2.0839749765563775	2.0839749765563771	2.13e-16
c0162	posthoc_soprano__alto_df	28	28	0.00e+00
c0162	posthoc_soprano__alto_diff	8.740701015662026	8.740701015662026	0.00e+00
c0162	posthoc_soprano__alto_p	4.0353608409964154e-06	4.035360840996418e-06	6.30e-16
c0162	posthoc_soprano__alto_padj	1.2106082522989246e-05	1.2106082522989255e-05	7.00e-16
c0162	posthoc_soprano__alto_t	5.707200519681138	5.7072005196811375	1.56e-16
c0162	posthoc_soprano__mezzo_cohens_d	1.7838798367260675	1.7838798367260675	0.00e+00
c0162	posthoc_soprano__mezzo_df	28	28	0.00e+00
c0162	posthoc_soprano__mezzo_diff	6.06695930108711	6.0669593010871097	0.00e+00
c0162	posthoc_soprano__mezzo_p	3.794414350764252e-05	3.7944143507642484e-05	8.93e-16
c0162	posthoc_soprano__mezzo_padj	5.6916215261463773e-05	5.6916215261463726e-05	8.33e-16
c0162	posthoc_soprano__mezzo_t	4.885356132267499	4.885356132267499	0.00e+00
c0163	k	3	3	0.00e+00
c0163	n	45	45	0.00e+00
c0163	posthoc_mezzo__alto_ci_high	7.861025991484524	7.8610259914845244	0.00e+00
c0163	posthoc_mezzo__alto_ci_low	-1.8072110847671752	-1.8072110847671752	0.00e+00
c0163	posthoc_mezzo__alto_diff	2.906383714648129	2.9063837146481291	0.00e+00
c0163	posthoc_mezzo__alto_p	0.16068547253720922	0.16068547253720922	0.00e+00
c0163	posthoc_mezzo__alto_padj	0.48205641761162765	0.48205641761162765	0.00e+00
c0163	posthoc_mezzo__alto_rank_biserial	0.30666666666666664	0.30666666666666664	0.00e+00
c0163	posthoc_mezzo__alto_u	147	147	0.00e+00
c0163	posthoc_soprano__alto_ci_high	13.004944793208296	13.004944793208296	0.00e+00
c0163	posthoc_soprano__alto_ci_low	4.102188605132383	4.1021886051323833	0.00e+00
c0163	posthoc_soprano__alto_diff	8.933763658652666	8.9337636586526656	0.00e+00
c0163	posthoc_soprano__alto_p	8.819119851838787e-06	8.8191198518387855e-06	1.92e-16
c0163	posthoc_soprano__alto_padj	2.6457359555516363e-05	2.6457359555516356e-05	2.56e-16
c0163	posthoc_soprano__alto_rank_biserial	0.8666666666666667	0.8666666666666667	0.00e+00
c0163	posthoc_soprano__alto_u	210	210	0.00e+00
c0163	posthoc_soprano__mezzo_ci_high	8.907664475835816	8.9076644758358157	0.00e+00
c0163	posthoc_soprano__mezzo_ci_low	2.397453815657002	2.397453815657002	0.00e+00
c0163	posthoc_soprano__mezzo_diff	5.366045374070282	5.366045374070282	0.00e+00
c0163	posthoc_soprano__mezzo_p	1.1771719919194169e-05	1.1771719919194169e-05	0.00e+00
c0163	posthoc_soprano__mezzo_padj	3.5315159757582505e-05	3.5315159757582505e-05	0.00e+00
c0163	posthoc_soprano__mezzo_rank_biserial	0.8577777777777778	0.85777777777777775	0.00e+00
c0163	posthoc_soprano__mezzo_u	209	209	0.00e+00
c0164	k	3	3	0.00e+00
c0164	n	45	45	0.00e+00
c0164	posthoc_mezzo__alto_diff	2.906383714648129	2.9063837146481291	0.00e+00
c0164	posthoc_mezzo__alto_p	0.16068547253720922	0.16068547253720922	0.00e+00
c0164	posthoc_mezzo__alto_padj	0.16068547253720922	0.16068547253720922	0.00e+00
c0164	posthoc_mezzo__alto_rank_biserial	0.30666666666666664	0.30666666666666664	0.00e+00
c0164	posthoc_mezzo__alto_u	147	147	0.00e+00
c0164	posthoc_soprano__alto_diff	8.933763658652666	8.9337636586526656	0.00e+00
c0164	posthoc_soprano__alto_p	8.819119851838787e-06	8.8191198518387855e-06	1.92e-16
c0164	posthoc_soprano__alto_padj	2.6457359555516363e-05	2.6457359555516356e-05	2.56e-16
c0164	posthoc_soprano__alto_rank_biserial	0.8666666666666667	0.8666666666666667	0.00e+00
c0164	posthoc_soprano__alto_u	210	210	0.00e+00
c0164	posthoc_soprano__mezzo_diff	5.366045374070282	5.366045374070282	0.00e+00
c0164	posthoc_soprano__mezzo_p	1.1771719919194169e-05	1.1771719919194169e-05	0.00e+00
c0164	posthoc_soprano__mezzo_padj	2.6457359555516363e-05	2.6457359555516356e-05	2.56e-16
c0164	posthoc_soprano__mezzo_rank_biserial	0.8577777777777778	0.85777777777777775	0.00e+00
c0164	posthoc_soprano__mezzo_u	209	209	0.00e+00
c0165	k	3	3	0.00e+00
c0165	n	45	45	0.00e+00
c0165	posthoc_mezzo__alto_diff	2.906383714648129	2.9063837146481291	0.00e+00
c0165	posthoc_mezzo__alto_p	0.16068547253720922	0.16068547253720922	0.00e+00
c0165	posthoc_mezzo__alto_padj	0.16068547253720922	0.16068547253720922	0.00e+00
c0165	posthoc_mezzo__alto_rank_biserial	0.30666666666666664	0.30666666666666664	0.00e+00
c0165	posthoc_mezzo__alto_u	147	147	0.00e+00
c0165	posthoc_soprano__alto_diff	8.933763658652666	8.9337636586526656	0.00e+00
c0165	posthoc_soprano__alto_p	8.819119851838787e-06	8.8191198518387855e-06	1.92e-16
c0165	posthoc_soprano__alto_padj	1.7657579878791253e-05	1.7657579878791253e-05	0.00e+00
c0165	posthoc_soprano__alto_rank_biserial	0.8666666666666667	0.8666666666666667	0.00e+00
c0165	posthoc_soprano__alto_u	210	210	0.00e+00
c0165	posthoc_soprano__mezzo_diff	5.366045374070282	5.366045374070282	0.00e+00
c0165	posthoc_soprano__mezzo_p	1.1771719919194169e-05	1.1771719919194169e-05	0.00e+00
c0165	posthoc_soprano__mezzo_padj	1.7657579878791253e-05	1.7657579878791253e-05	0.00e+00
c0165	posthoc_soprano__mezzo_rank_biserial	0.8577777777777778	0.85777777777777775	0.00e+00
c0165	posthoc_soprano__mezzo_u	209	209	0.00e+00
c0166	k	3	3	0.00e+00
c0166	n	45	45	0.00e+00
c0166	posthoc_mezzo__alto_ci_high	6.455999984812437	6.4559999848124363	1.38e-16
c0166	posthoc_mezzo__alto_ci_low	-1.1085165556626047	-1.1085165556626033	1.20e-15
c0166	posthoc_mezzo__alto_diff	2.6737417145749163	2.6737417145749163	0.00e+00
c0166	posthoc_mezzo__alto_f	1.6091059090878987	1.6091059090878987	0.00e+00
c0166	posthoc_mezzo__alto_padj	0.21215537358434644	0.21215537358434722	3.66e-15
c0166	posthoc_soprano__alto_ci_high	12.522959285899546	12.522959285899546	0.00e+00
c0166	posthoc_soprano__alto_ci_low	4.958442745424505	4.9584427454245059	1.79e-16
c0166	posthoc_soprano__alto_diff	8.740701015662026	8.740701015662026	0.00e+00
c0166	posthoc_soprano__alto_f	17.19642841458566	17.196428414585661	0.00e+00
c0166	posthoc_soprano__alto_padj	3.5004777216961405e-06	3.5004777216961465e-06	1.69e-15
c0166	posthoc_soprano__mezzo_ci_high	9.84921757132463	9.8492175713246297	0.00e+00
c0166	posthoc_soprano__mezzo_ci_low	2.2847010308495888	2.2847010308495901	5.83e-16
c0166	posthoc_soprano__mezzo_diff	6.06695930108711	6.0669593010871097	0.00e+00
c0166	posthoc_soprano__mezzo_f	8.284911798914516	8.284911798914516	0.00e+00
c0166	posthoc_soprano__mezzo_padj	0.0009270066767263035	0.00092700667672630278	8.19e-16
c0167	k	3	3	0.00e+00
c0167	n	45	45	0.00e+00
c0167	posthoc_alto__mezzo_ci_high	1.5919283797935755	1.5919283797935799	2.79e-15
c0167	posthoc_alto__mezzo_ci_low	-6.939411808943408	-6.9394118089434134	7.68e-16
c0167	posthoc_alto__mezzo_cohens_d	-0.5859358150444196	-0.58593581504441961	0.00e+00
c0167	posthoc_alto__mezzo_df	25.836932652512594	25.836932652512594	0.00e+00
c0167	posthoc_alto__mezzo_diff	-2.6737417145749163	-2.6737417145749163	0.00e+00
c0167	posthoc_alto__mezzo_p	0.12072603934960424	0.12072603934960449	2.07e-15
c0167	posthoc_alto__mezzo_padj	0.3621781180488127	0.3621781180488135	2.15e-15
c0167	posthoc_alto__mezzo_t	-1.6046513157500177	-1.6046513157500175	1.38e-16
c0167	posthoc_alto__soprano_ci_high	-4.77115313754984	-4.7711531375498373	5.58e-16
c0167	posthoc_alto__soprano_ci_low	-12.710248893774212	-12.710248893774216	2.80e-16
c0167	posthoc_alto__soprano_cohens_d	-2.0839749765563775	-2.0839749765563771	2.13e-16
c0167	posthoc_alto__soprano_df	21.929060728962583	21.929060728962583	0.00e+00
c0167	posthoc_alto__soprano_diff	-8.740701015662026	-8.740701015662026	0.00e+00
c0167	posthoc_alto__soprano_p	9.806645664798047e-06	9.8066456647980642e-06	1.73e-15
c0167	posthoc_alto__soprano_padj	2.941993699439414e-05	2.9419936994394194e-05	1.84e-15
c0167	posthoc_alto__soprano_t	-5.707200519681138	-5.7072005196811375	1.56e-16
c0167	posthoc_mezzo__soprano_ci_high	-2.888870328906965	-2.888870328906961	1.38e-15
c0167	posthoc_mezzo__soprano_ci_low	-9.245048273267255	-9.2450482732672583	3.84e-16
c0167	posthoc_mezzo__soprano_cohens_d	-1.7838798367260675	-1.7838798367260675	0.00e+00
c0167	posthoc_mezzo__soprano_df	25.97323279874925	25.973232798749255	1.37e-16
c0167	posthoc_mezzo__soprano_diff	-6.06695930108711	-6.0669593010871097	0.00e+00
c0167	posthoc_mezzo__soprano_p	4.559529102934477e-05	4.5595291029344707e-05	1.34e-15
c0167	posthoc_mezzo__soprano_padj	0.0001367858730880343	0.00013678587308803411	1.39e-15
c0167	posthoc_mezzo__soprano_t	-4.885356132267499	-4.885356132267499	0.00e+00
c0168	k	3	3	0.00e+00
c0168	n	45	45	0.00e+00
c0168	posthoc_alto__mezzo_cohens_d	-0.5859358150444196	-0.58593581504441961	0.00e+00
c0168	posthoc_alto__mezzo_df	25.836932652512594	25.836932652512594	0.00e+00
c0168	posthoc_alto__mezzo_diff	-2.6737417145749163	-2.6737417145749163	0.00e+00
c0168	posthoc_alto__mezzo_p	0.12072603934960424	0.12072603934960449	2.07e-15
c0168	posthoc_alto__mezzo_padj	0.12072603934960424	0.12072603934960449	2.07e-15
c0168	posthoc_alto__mezzo_t	-1.6046513157500177	-1.6046513157500175	1.38e-16
c0168	posthoc_alto__soprano_cohens_d	-2.0839749765563775	-2.0839749765563771	2.13e-16
c0168	posthoc_alto__soprano_df	21.929060728962583	21.929060728962583	0.00e+00
c0168	posthoc_alto__soprano_diff	-8.740701015662026	-8.740701015662026	0.00e+00
c0168	posthoc_alto__soprano_p	9.806645664798047e-06	9.8066456647980642e-06	1.73e-15
c0168	posthoc_alto__soprano_padj	2.941993699439414e-05	2.9419936994394194e-05	1.84e-15
c0168	posthoc_alto__soprano_t	-5.707200519681138	-5.7072005196811375	1.56e-16
c0168	posthoc_mezzo__soprano_cohens_d	-1.7838798367260675	-1.7838798367260675	0.00e+00
c0168	posthoc_mezzo__soprano_df	25.97323279874925	25.973232798749255	1.37e-16
c0168	posthoc_mezzo__soprano_diff	-6.06695930108711	-6.0669593010871097	0.00e+00
c0168	posthoc_mezzo__soprano_p	4.559529102934477e-05	4.5595291029344707e-05	1.34e-15
c0168	posthoc_mezzo__soprano_padj	9.119058205868954e-05	9.1190582058689413e-05	1.34e-15
c0168	posthoc_mezzo__soprano_t	-4.885356132267499	-4.885356132267499	0.00e+00
c0169	k	3	3	0.00e+00
c0169	n	45	45	0.00e+00
c0169	posthoc_alto__mezzo_cohens_d	-0.5859358150444196	-0.58593581504441961	0.00e+00
c0169	posthoc_alto__mezzo_df	25.836932652512594	25.836932652512594	0.00e+00
c0169	posthoc_alto__mezzo_diff	-2.6737417145749163	-2.6737417145749163	0.00e+00
c0169	posthoc_alto__mezzo_p	0.12072603934960424	0.12072603934960449	2.07e-15
c0169	posthoc_alto__mezzo_padj	0.12072603934960424	0.12072603934960449	2.07e-15
c0169	posthoc_alto__mezzo_t	-1.6046513157500177	-1.6046513157500175	1.38e-16
c0169	posthoc_alto__soprano_cohens_d	-2.0839749765563775	-2.0839749765563771	2.13e-16
c0169	posthoc_alto__soprano_df	21.929060728962583	21.929060728962583	0.00e+00
c0169	posthoc_alto__soprano_diff	-8.740701015662026	-8.740701015662026	0.00e+00
c0169	posthoc_alto__soprano_p	9.806645664798047e-06	9.8066456647980642e-06	1.73e-15
c0169	posthoc_alto__soprano_padj	2.941993699439414e-05	2.9419936994394194e-05	1.84e-15
c0169	posthoc_alto__soprano_t	-5.707200519681138	-5.7072005196811375	1.56e-16
c0169	posthoc_mezzo__soprano_cohens_d	-1.7838798367260675	-1.7838798367260675	0.00e+00
c0169	posthoc_mezzo__soprano_df	25.97323279874925	25.973232798749255	1.37e-16
c0169	posthoc_mezzo__soprano_diff	-6.06695930108711	-6.0669593010871097	0.00e+00
c0169	posthoc_mezzo__soprano_p	4.559529102934477e-05	4.5595291029344707e-05	1.34e-15
c0169	posthoc_mezzo__soprano_padj	6.839293654401715e-05	6.8392936544017053e-05	1.39e-15
c0169	posthoc_mezzo__soprano_t	-4.885356132267499	-4.885356132267499	0.00e+00
c0170	k	3	3	0.00e+00
c0170	n	45	45	0.00e+00
c0170	posthoc_alto__mezzo_ci_high	1.5692924100566854	1.5692924100566918	4.10e-15
c0170	posthoc_alto__mezzo_ci_low	-6.916775839206518	-6.9167758392065251	1.03e-15
c0170	posthoc_alto__mezzo_cohens_d	-0.5859358150444196	-0.58593581504441961	0.00e+00
c0170	posthoc_alto__mezzo_df	28	28	0.00e+00
c0170	posthoc_alto__mezzo_diff	-2.6737417145749163	-2.6737417145749163	0.00e+00
c0170	posthoc_alto__mezzo_p	0.11979211356272457	0.11979211356272496	3.24e-15
c0170	posthoc_alto__mezzo_padj	0.3593763406881737	0.35937634068817487	3.24e-15
c0170	posthoc_alto__mezzo_t	-1.6046513157500177	-1.6046513157500175	1.38e-16
c0170	posthoc_alto__soprano_ci_high	-4.840734458967708	-4.8407344589677024	1.10e-15
c0170	posthoc_alto__soprano_ci_low	-12.640667572356344	-12.64066757235635	4.22e-16
c0170	posthoc_alto__soprano_cohens_d	-2.0839749765563775	-2.0839749765563771	2.13e-16
c0170	posthoc_alto__soprano_df	28	28	0.00e+00
c0170	posthoc_alto__soprano_diff	-8.740701015662026	-8.740701015662026	0.00e+00
c0170	posthoc_alto__soprano_p	4.0353608409964154e-06	4.035360840996418e-06	6.30e-16
c0170	posthoc_alto__soprano_padj	1.2106082522989246e-05	1.2106082522989255e-05	7.00e-16
c0170	posthoc_alto__soprano_t	-5.707200519681138	-5.7072005196811375	1.56e-16
c0170	posthoc_mezzo__soprano_ci_high	-2.904589874997414	-2.9045898749974097	1.53e-15
c0170	posthoc_mezzo__soprano_ci_low	-9.229328727176805	-9.2293287271768101	5.77e-16
c0170	posthoc_mezzo__soprano_cohens_d	-1.7838798367260675	-1.7838798367260675	0.00e+00
c0170	posthoc_mezzo__soprano_df	28	28	0.00e+00
c0170	posthoc_mezzo__soprano_diff	-6.06695930108711	-6.0669593010871097	0.00e+00
c0170	posthoc_mezzo__soprano_p	3.794414350764252e-05	3.7944143507642484e-05	8.93e-16
c0170	posthoc_mezzo__soprano_padj	0.00011383243052292755	0.00011383243052292745	8.33e-16
c0170	posthoc_mezzo__soprano_t	-4.885356132267499	-4.885356132267499	0.00e+00
c0171	k	3	3	0.00e+00
c0171	n	45	45	0.00e+00
c0171	posthoc_alto__mezzo_cohens_d	-0.5859358150444196	-0.58593581504441961	0.00e+00
c0171	posthoc_alto__mezzo_df	28	28	0.00e+00
c0171	posthoc_alto__mezzo_diff	-2.6737417145749163	-2.6737417145749163	0.00e+00
c0171	posthoc_alto__mezzo_p	0.11979211356272457	0.11979211356272496	3.24e-15
c0171	posthoc_alto__mezzo_padj	0.11979211356272457	0.11979211356272496	3.24e-15
c0171	posthoc_alto__mezzo_t	-1.6046513157500177	-1.6046513157500175	1.38e-16
c0171	posthoc_alto__soprano_cohens_d	-2.0839749765563775	-2.0839749765563771	2.13e-16
c0171	posthoc_alto__soprano_df	28	28	0.00e+00
c0171	posthoc_alto__soprano_diff	-8.740701015662026	-8.740701015662026	0.00e+00
c0171	posthoc_alto__soprano_p	4.0353608409964154e-06	4.035360840996418e-06	6.30e-16
c0171	posthoc_alto__soprano_padj	1.2106082522989246e-05	1.2106082522989255e-05	7.00e-16
c0171	posthoc_alto__soprano_t	-5.707200519681138	-5.7072005196811375	1.56e-16
c0171	posthoc_mezzo__soprano_cohens_d	-1.7838798367260675	-1.7838798367260675	0.00e+00
c0171	posthoc_mezzo__soprano_df	28	28	0.00e+00
c0171	posthoc_mezzo__soprano_diff	-6.06695930108711	-6.0669593010871097	0.00e+00
c0171	posthoc_mezzo__soprano_p	3.794414350764252e-05	3.7944143507642484e-05	8.93e-16
c0171	posthoc_mezzo__soprano_padj	7.588828701528504e-05	7.5888287015284968e-05	8.93e-16
c0171	posthoc_mezzo__soprano_t	-4.885356132267499	-4.885356132267499	0.00e+00
c0172	k	3	3	0.00e+00
c0172	n	45	45	0.00e+00
c0172	posthoc_alto__mezzo_cohens_d	-0.5859358150444196	-0.58593581504441961	0.00e+00
c0172	posthoc_alto__mezzo_df	28	28	0.00e+00
c0172	posthoc_alto__mezzo_diff	-2.6737417145749163	-2.6737417145749163	0.00e+00
c0172	posthoc_alto__mezzo_p	0.11979211356272457	0.11979211356272496	3.24e-15
c0172	posthoc_alto__mezzo_padj	0.11979211356272457	0.11979211356272496	3.24e-15
c0172	posthoc_alto__mezzo_t	-1.6046513157500177	-1.6046513157500175	1.38e-16
c0172	posthoc_alto__soprano_cohens_d	-2.0839749765563775	-2.0839749765563771	2.13e-16
c0172	posthoc_alto__soprano_df	28	28	0.00e+00
c0172	posthoc_alto__soprano_diff	-8.740701015662026	-8.740701015662026	0.00e+00
c0172	posthoc_alto__soprano_p	4.0353608409964154e-06	4.035360840996418e-06	6.30e-16
c0172	posthoc_alto__soprano_padj	1.2106082522989246e-05	1.2106082522989255e-05	7.00e-16
c0172	posthoc_alto__soprano_t	-5.707200519681138	-5.7072005196811375	1.56e-16
c0172	posthoc_mezzo__soprano_cohens_d	-1.7838798367260675	-1.7838798367260675	0.00e+00
c0172	posthoc_mezzo__soprano_df	28	28	0.00e+00
c0172	posthoc_mezzo__soprano_diff	-6.06695930108711	-6.0669593010871097	0.00e+00
c0172	posthoc_mezzo__soprano_p	3.794414350764252e-05	3.7944143507642484e-05	8.93e-16
c0172	posthoc_mezzo__soprano_padj	5.6916215261463773e-05	5.6916215261463726e-05	8.33e-16
c0172	posthoc_mezzo__soprano_t	-4.885356132267499	-4.885356132267499	0.00e+00
c0173	k	3	3	0.00e+00
c0173	n	45	45	0.00e+00
c0173	posthoc_alto__mezzo_ci_high	1.8072110847671752	1.8072110847671752	0.00e+00
c0173	posthoc_alto__mezzo_ci_low	-7.861025991484524	-7.8610259914845244	0.00e+00
c0173	posthoc_alto__mezzo_diff	-2.906383714648129	-2.9063837146481291	0.00e+00
c0173	posthoc_alto__mezzo_p	0.16068547253720922	0.16068547253720922	0.00e+00
c0173	posthoc_alto__mezzo_padj	0.48205641761162765	0.48205641761162765	0.00e+00
c0173	posthoc_alto__mezzo_rank_biserial	-0.30666666666666664	-0.30666666666666664	0.00e+00
c0173	posthoc_alto__mezzo_u	78	78	0.00e+00
c0173	posthoc_alto__soprano_ci_high	-4.102188605132383	-4.1021886051323833	0.00e+00
c0173	posthoc_alto__soprano_ci_low	-13.004944793208296	-13.004944793208296	0.00e+00
c0173	posthoc_alto__soprano_diff	-8.933763658652666	-8.9337636586526656	0.00e+00
c0173	posthoc_alto__soprano_p	8.819119851838787e-06	8.8191198518387855e-06	1.92e-16
c0173	posthoc_alto__soprano_padj	2.6457359555516363e-05	2.6457359555516356e-05	2.56e-16
c0173	posthoc_alto__soprano_rank_biserial	-0.8666666666666667	-0.8666666666666667	0.00e+00
c0173	posthoc_alto__soprano_u	15	15	0.00e+00
c0173	posthoc_mezzo__soprano_ci_high	-2.397453815657002	-2.397453815657002	0.00e+00
c0173	posthoc_mezzo__soprano_ci_low	-8.907664475835816	-8.9076644758358157	0.00e+00
c0173	posthoc_mezzo__soprano_diff	-5.366045374070282	-5.366045374070282	0.00e+00
c0173	posthoc_mezzo__soprano_p	1.1771719919194169e-05	1.1771719919194169e-05	0.00e+00
c0173	posthoc_mezzo__soprano_padj	3.5315159757582505e-05	3.5315159757582505e-05	0.00e+00
c0173	posthoc_mezzo__soprano_rank_biserial	-0.8577777777777778	-0.85777777777777775	0.00e+00
c0173	posthoc_mezzo__soprano_u	16	16	0.00e+00
c0174	k	3	3	0.00e+00
c0174	n	45	45	0.00e+00
c0174	posthoc_alto__mezzo_diff	-2.906383714648129	-2.9063837146481291	0.00e+00
c0174	posthoc_alto__mezzo_p	0.16068547253720922	0.16068547253720922	0.00e+00
c0174	posthoc_alto__mezzo_padj	0.16068547253720922	0.16068547253720922	0.00e+00
c0174	posthoc_alto__mezzo_rank_biserial	-0.30666666666666664	-0.30666666666666664	0.00e+00
c0174	posthoc_alto__mezzo_u	78	78	0.00e+00
c0174	posthoc_alto__soprano_diff	-8.933763658652666	-8.9337636586526656	0.00e+00
c0174	posthoc_alto__soprano_p	8.819119851838787e-06	8.8191198518387855e-06	1.92e-16
c0174	posthoc_alto__soprano_padj	2.6457359555516363e-05	2.6457359555516356e-05	2.56e-16
c0174	posthoc_alto__soprano_rank_biserial	-0.8666666666666667	-0.8666666666666667	0.00e+00
c0174	posthoc_alto__soprano_u	15	15	0.00e+00
c0174	posthoc_mezzo__soprano_diff	-5.366045374070282	-5.366045374070282	0.00e+00
c0174	posthoc_mezzo__soprano_p	1.1771719919194169e-05	1.1771719919194169e-05	0.00e+00
c0174	posthoc_mezzo__soprano_padj	2.6457359555516363e-05	2.6457359555516356e-05	2.56e-16
c0174	posthoc_mezzo__soprano_rank_biserial	-0.8577777777777778	-0.85777777777777775	0.00e+00
c0174	posthoc_mezzo__soprano_u	16	16	0.00e+00
c0175	k	3	3	0.00e+00
c0175	n	45	45	0.00e+00
c0175	posthoc_alto__mezzo_diff	-2.906383714648129	-2.9063837146481291	0.00e+00
c0175	posthoc_alto__mezzo_p	0.16068547253720922	0.16068547253720922	0.00e+00
c0175	posthoc_alto__mezzo_padj	0.16068547253720922	0.16068547253720922	0.00e+00
c0175	posthoc_alto__mezzo_rank_biserial	-0.30666666666666664	-0.30666666666666664	0.00e+00
c0175	posthoc_alto__mezzo_u	78	78	0.00e+00
c0175	posthoc_alto__soprano_diff	-8.933763658652666	-8.9337636586526656	0.00e+00
c0175	posthoc_alto__soprano_p	8.819119851838787e-06	8.8191198518387855e-06	1.92e-16
c0175	posthoc_alto__soprano_padj	1.7657579878791253e-05	1.7657579878791253e-05	0.00e+00
c0175	posthoc_alto__soprano_rank_biserial	-0.8666666666666667	-0.8666666666666667	0.00e+00
c0175	posthoc_alto__soprano_u	15	15	0.00e+00
c0175	posthoc_mezzo__soprano_diff	-5.366045374070282	-5.366045374070282	0.00e+00
c0175	posthoc_mezzo__soprano_p	1.1771719919194169e-05	1.1771719919194169e-05	0.00e+00
c0175	posthoc_mezzo__soprano_padj	1.7657579878791253e-05	1.7657579878791253e-05	0.00e+00
c0175	posthoc_mezzo__soprano_rank_biserial	-0.8577777777777778	-0.85777777777777775	0.00e+00
c0175	posthoc_mezzo__soprano_u	16	16	0.00e+00
c0176	k	3	3	0.00e+00
c0176	n	45	45	0.00e+00
c0176	posthoc_alto__mezzo_ci_high	1.108516555662606	1.1085165556626033	2.40e-15
c0176	posthoc_alto__mezzo_ci_low	-6.455999984812438	-6.4559999848124363	2.75e-16
c0176	posthoc_alto__mezzo_diff	-2.6737417145749163	-2.6737417145749163	0.00e+00
c0176	posthoc_alto__mezzo_f	1.6091059090878976	1.6091059090878987	6.90e-16
c0176	posthoc_alto__mezzo_padj	0.2121553735843471	0.21215537358434722	5.23e-16
c0176	posthoc_alto__soprano_ci_high	-4.958442745424504	-4.9584427454245059	3.58e-16
c0176	posthoc_alto__soprano_ci_low	-12.522959285899548	-12.522959285899546	1.42e-16
c0176	posthoc_alto__soprano_diff	-8.740701015662026	-8.740701015662026	0.00e+00
c0176	posthoc_alto__soprano_f	17.19642841458565	17.196428414585661	6.20e-16
c0176	posthoc_alto__soprano_padj	3.5004777216961736e-06	3.5004777216961465e-06	7.74e-15
c0176	posthoc_mezzo__soprano_ci_high	-2.2847010308495874	-2.2847010308495901	1.17e-15
c0176	posthoc_mezzo__soprano_ci_low	-9.849217571324631	-9.8492175713246297	1.80e-16
c0176	posthoc_mezzo__soprano_diff	-6.06695930108711	-6.0669593010871097	0.00e+00
c0176	posthoc_mezzo__soprano_f	8.284911798914512	8.284911798914516	4.29e-16
c0176	posthoc_mezzo__soprano_padj	0.0009270066767263067	0.00092700667672630278	4.21e-15
c0177	k	3	3	0.00e+00
c0177	n	45	45	0.00e+00
c0177	posthoc_mezzo__alto_ci_high	1.079554792678862	1.0795547926788629	8.23e-16
c0177	posthoc_mezzo__alto_ci_low	-0.2174853843279766	-0.21748538432797726	3.06e-15
c0177	posthoc_mezzo__alto_cohens_d	0.6333530468010096	0.63335304680100957	0.00e+00
c0177	posthoc_mezzo__alto_df	20.24839592226488	20.24839592226488	0.00e+00
c0177	posthoc_mezzo__alto_diff	0.43103470417544276	0.43103470417544276	0.00e+00
c0177	posthoc_mezzo__alto_p	0.09802660636810974	0.098026606368109573	1.70e-15
c0177	posthoc_mezzo__alto_padj	0.29407981910432923	0.29407981910432873	1.70e-15
c0177	posthoc_mezzo__alto_t	1.7345087529876906	1.7345087529876906	0.00e+00
c0177	posthoc_soprano__alto_ci_high	1.1501174986868252	1.1501174986868257	3.86e-16
c0177	posthoc_soprano__alto_ci_low	0.1202142528172574	0.12021425281725689	4.16e-15
c0177	posthoc_soprano__alto_cohens_d	1.1593536170403687	1.1593536170403687	0.00e+00
c0177	posthoc_soprano__alto_df	23.942494338470148	23.942494338470151	1.48e-16
c0177	posthoc_soprano__alto_diff	0.6351658757520413	0.63516587575204131	0.00e+00
c0177	posthoc_soprano__alto_p	0.004087695039543535	0.0040876950395435331	4.24e-16
c0177	posthoc_soprano__alto_padj	0.012263085118630605	0.012263085118630598	5.66e-16
c0177	posthoc_soprano__alto_t	3.1750206408910784	3.1750206408910784	0.00e+00
c0177	posthoc_soprano__mezzo_ci_high	0.9198696044165215	0.91986960441652244	9.66e-16
c0177	posthoc_soprano__mezzo_ci_low	-0.5116072612633245	-0.51160726126332523	1.52e-15
c0177	posthoc_soprano__mezzo_cohens_d	0.266496933006928	0.26649693300692806	2.08e-16
c0177	posthoc_soprano__mezzo_df	25.99358523541743	25.993585235417431	0.00e+00
c0177	posthoc_soprano__mezzo_diff	0.20413117157659855	0.20413117157659855	0.00e+00
c0177	posthoc_soprano__mezzo_p	0.47201938223798734	0.47201938223798756	4.70e-16
c0177	posthoc_soprano__mezzo_padj	1	1	0.00e+00
c0177	posthoc_soprano__mezzo_t	0.7298319085691878	0.72983190856918778	0.00e+00
c0178	k	3	3	0.00e+00
c0178	n	45	45	0.00e+00
c0178	posthoc_mezzo__alto_cohens_d	0.6333530468010096	0.63335304680100957	0.00e+00
c0178	posthoc_mezzo__alto_df	20.24839592226488	20.24839592226488	0.00e+00
c0178	posthoc_mezzo__alto_diff	0.43103470417544276	0.43103470417544276	0.00e+00
c0178	posthoc_mezzo__alto_p	0.09802660636810974	0.098026606368109573	1.70e-15
c0178	posthoc_mezzo__alto_padj	0.19605321273621948	0.19605321273621915	1.70e-15
c0178	posthoc_mezzo__alto_t	1.7345087529876906	1.7345087529876906	0.00e+00
c0178	posthoc_soprano__alto_cohens_d	1.1593536170403687	1.1593536170403687	0.00e+00
c0178	posthoc_soprano__alto_df	23.942494338470148	23.942494338470151	1.48e-16
c0178	posthoc_soprano__alto_diff	0.6351658757520413	0.63516587575204131	0.00e+00
c0178	posthoc_soprano__alto_p	0.004087695039543535	0.0040876950395435331	4.24e-16
c0178	posthoc_soprano__alto_padj	0.012263085118630605	0.012263085118630598	5.66e-16
c0178	posthoc_soprano__alto_t	3.1750206408910784	3.1750206408910784	0.00e+00
c0178	posthoc_soprano__mezzo_cohens_d	0.266496933006928	0.26649693300692806	2.08e-16
c0178	posthoc_soprano__mezzo_df	25.99358523541743	25.993585235417431	0.00e+00
c0178	posthoc_soprano__mezzo_diff	0.20413117157659855	0.20413117157659855	0.00e+00
c0178	posthoc_soprano__mezzo_p	0.47201938223798734	0.47201938223798756	4.70e-16
c0178	posthoc_soprano__mezzo_padj	0.47201938223798734	0.47201938223798756	4.70e-16
c0178	posthoc_soprano__mezzo_t	0.7298319085691878	0.72983190856918778	0.00e+00
c0179	k	3	3	0.00e+00
c0179	n	45	45	0.00e+00
c0179	posthoc_mezzo__alto_cohens_d	0.6333530468010096	0.63335304680100957	0.00e+00
c0179	posthoc_mezzo__alto_df	20.24839592226488	20.24839592226488	0.00e+00
c0179	posthoc_mezzo__alto_diff	0.43103470417544276	0.43103470417544276	0.00e+00
c0179	posthoc_mezzo__alto_p	0.09802660636810974	0.098026606368109573	1.70e-15
c0179	posthoc_mezzo__alto_padj	0.14703990955216462	0.14703990955216437	1.70e-15
c0179	posthoc_mezzo__alto_t	1.7345087529876906	1.7345087529876906	0.00e+00
c0179	posthoc_soprano__alto_cohens_d	1.1593536170403687	1.1593536170403687	0.00e+00
c0179	posthoc_soprano__alto_df	23.942494338470148	23.942494338470151	1.48e-16
c0179	posthoc_soprano__alto_diff	0.6351658757520413	0.63516587575204131	0.00e+00
c0179	posthoc_soprano__alto_p	0.004087695039543535	0.0040876950395435331	4.24e-16
c0179	posthoc_soprano__alto_padj	0.012263085118630605	0.012263085118630598	5.66e-16
c0179	posthoc_soprano__alto_t	3.1750206408910784	3.1750206408910784	0.00e+00
c0179	posthoc_soprano__mezzo_cohens_d	0.266496933006928	0.26649693300692806	2.08e-16
c0179	posthoc_soprano__mezzo_df	25.99358523541743	25.993585235417431	0.00e+00
c0179	posthoc_soprano__mezzo_diff	0.20413117157659855	0.20413117157659855	0.00e+00
c0179	posthoc_soprano__mezzo_p	0.47201938223798734	0.47201938223798756	4.70e-16
c0179	posthoc_soprano__mezzo_padj	0.4720193822379873	0.47201938223798756	5.88e-16
c0179	posthoc_soprano__mezzo_t	0.7298319085691878	0.72983190856918778	0.00e+00
c0180	k	3	3	0.00e+00
c0180	n	45	45	0.00e+00
c0180	posthoc_mezzo__alto_ci_high	1.063844934797555	1.0638449347975558	8.35e-16
c0180	posthoc_mezzo__alto_ci_low	-0.2017755264466694	-0.20177552644667024	4.13e-15
c0180	posthoc_mezzo__alto_cohens_d	0.6333530468010096	0.63335304680100957	0.00e+00
c0180	posthoc_mezzo__alto_df	28	28	0.00e+00
c0180	posthoc_mezzo__alto_diff	0.43103470417544276	0.43103470417544276	0.00e+00
c0180	posthoc_mezzo__alto_p	0.09382572474108868	0.093825724741088648	2.96e-16
c0180	posthoc_mezzo__alto_padj	0.281477174223266	0.28147717422326596	1.97e-16
c0180	posthoc_mezzo__alto_t	1.7345087529876906	1.7345087529876906	0.00e+00
c0180	posthoc_soprano__alto_ci_high	1.1445886468888955	1.1445886468888964	7.76e-16
c0180	posthoc_soprano__alto_ci_low	0.125743104615187	0.12574310461518629	5.74e-15
c0180	posthoc_soprano__alto_cohens_d	1.1593536170403687	1.1593536170403687	0.00e+00
c0180	posthoc_soprano__alto_df	28	28	0.00e+00
c0180	posthoc_soprano__alto_diff	0.6351658757520413	0.63516587575204131	0.00e+00
c0180	posthoc_soprano__alto_p	0.0036270190088237447	0.0036270190088237247	5.50e-15
c0180	posthoc_soprano__alto_padj	0.010881057026471234	0.010881057026471174	5.58e-15
c0180	posthoc_soprano__alto_t	3.1750206408910784	3.1750206408910784	0.00e+00
c0180	posthoc_soprano__mezzo_ci_high	0.9163676786434223	0.91636767864342328	1.09e-15
c0180	posthoc_soprano__mezzo_ci_low	-0.5081053354902252	-0.50810533549022618	1.97e-15
c0180	posthoc_soprano__mezzo_cohens_d	0.266496933006928	0.26649693300692806	2.08e-16
c0180	posthoc_soprano__mezzo_df	28	28	0.00e+00
c0180	posthoc_soprano__mezzo_diff	0.20413117157659855	0.20413117157659855	0.00e+00
c0180	posthoc_soprano__mezzo_p	0.4715551179750763	0.47155511797507677	9.42e-16
c0180	posthoc_soprano__mezzo_padj	1	1	0.00e+00
c0180	posthoc_soprano__mezzo_t	0.7298319085691878	0.72983190856918778	0.00e+00
c0181	k	3	3	0.00e+00
c0181	n	45	45	0.00e+00
c0181	posthoc_mezzo__alto_cohens_d	0.6333530468010096	0.63335304680100957	0.00e+00
c0181	posthoc_mezzo__alto_df	28	28	0.00e+00
c0181	posthoc_mezzo__alto_diff	0.43103470417544276	0.43103470417544276	0.00e+00
c0181	posthoc_mezzo__alto_p	0.09382572474108868	0.093825724741088648	2.96e-16
c0181	posthoc_mezzo__alto_padj	0.18765144948217735	0.1876514494821773	2.96e-16
c0181	posthoc_mezzo__alto_t	1.7345087529876906	1.7345087529876906	0.00e+00
c0181	posthoc_soprano__alto_cohens_d	1.1593536170403687	1.1593536170403687	0.00e+00
c0181	posthoc_soprano__alto_df	28	28	0.00e+00
c0181	posthoc_soprano__alto_diff	0.6351658757520413	0.63516587575204131	0.00e+00
c0181	posthoc_soprano__alto_p	0.0036270190088237447	0.0036270190088237247	5.50e-15
c0181	posthoc_soprano__alto_padj	0.010881057026471234	0.010881057026471174	5.58e-15
c0181	posthoc_soprano__alto_t	3.1750206408910784	3.1750206408910784	0.00e+00
c0181	posthoc_soprano__mezzo_cohens_d	0.266496933006928	0.26649693300692806	2.08e-16
c0181	posthoc_soprano__mezzo_df	28	28	0.00e+00
c0181	posthoc_soprano__mezzo_diff	0.20413117157659855	0.20413117157659855	0.00e+00
c0181	posthoc_soprano__mezzo_p	0.4715551179750763	0.47155511797507677	9.42e-16
c0181	posthoc_soprano__mezzo_padj	0.4715551179750763	0.47155511797507677	9.42e-16
c0181	posthoc_soprano__mezzo_t	0.7298319085691878	0.72983190856918778	0.00e+00
c0182	k	3	3	0.00e+00
c0182	n	45	45	0.00e+00
c0182	posthoc_mezzo__alto_cohens_d	0.6333530468010096	0.63335304680100957	0.00e+00
c0182	posthoc_mezzo__alto_df	28	28	0.00e+00
c0182	posthoc_mezzo__alto_diff	0.43103470417544276	0.43103470417544276	0.00e+00
c0182	posthoc_mezzo__alto_p	0.09382572474108868	0.093825724741088648	2.96e-16
c0182	posthoc_mezzo__alto_padj	0.140738587111633	0.14073858711163298	1.97e-16
c0182	posthoc_mezzo__alto_t	1.7345087529876906	1.7345087529876906	0.00e+00
c0182	posthoc_soprano__alto_cohens_d	1.1593536170403687	1.1593536170403687	0.00e+00
c0182	posthoc_soprano__alto_df	28	28	0.00e+00
c0182	posthoc_soprano__alto_diff	0.6351658757520413	0.63516587575204131	0.00e+00
c0182	posthoc_soprano__alto_p	0.0036270190088237447	0.0036270190088237247	5.50e-15
c0182	posthoc_soprano__alto_padj	0.010881057026471234	0.010881057026471174	5.58e-15
c0182	posthoc_soprano__alto_t	3.1750206408910784	3.1750206408910784	0.00e+00
c0182	posthoc_soprano__mezzo_cohens_d	0.266496933006928	0.26649693300692806	2.08e-16
c0182	posthoc_soprano__mezzo_df	28	28	0.00e+00
c0182	posthoc_soprano__mezzo_diff	0.20413117157659855	0.20413117157659855	0.00e+00
c0182	posthoc_soprano__mezzo_p	0.4715551179750763	0.47155511797507677	9.42e-16
c0182	posthoc_soprano__mezzo_padj	0.4715551179750763	0.47155511797507677	9.42e-16
c0182	posthoc_soprano__mezzo_t	0.7298319085691878	0.72983190856918778	0.00e+00
c0183	k	3	3	0.00e+00
c0183	n	45	45	0.00e+00
c0183	posthoc_mezzo__alto_ci_high	1.2650189545933266	1.2650189545933266	0.00e+00
c0183	posthoc_mezzo__alto_ci_low	-0.31319067702920744	-0.31319067702920744	0.00e+00
c0183	posthoc_mezzo__alto_diff	0.3089329621019008	0.3089329621019008	0.00e+00
c0183	posthoc_mezzo__alto_p	0.3892332987273133	0.38923329872731333	0.00e+00
c0183	posthoc_mezzo__alto_padj	1	1	0.00e+00
c0183	posthoc_mezzo__alto_rank_biserial	0.19111111111111112	0.19111111111111106	2.90e-16
c0183	posthoc_mezzo__alto_u	134	134	0.00e+00
c0183	posthoc_soprano__alto_ci_high	1.060523273060494	1.0605232730604941	0.00e+00
c0183	posthoc_soprano__alto_ci_low	0.19609184422222814	0.19609184422222814	0.00e+00
c0183	posthoc_soprano__alto_diff	0.681522727637093	0.68152272763709298	0.00e+00
c0183	posthoc_soprano__alto_p	0.0031553753566972965	0.003155375356697296	1.37e-16
c0183	posthoc_soprano__alto_padj	0.009466126070091889	0.0094661260700918889	0.00e+00
c0183	posthoc_soprano__alto_rank_biserial	0.6177777777777778	0.61777777777777776	0.00e+00
c0183	posthoc_soprano__alto_u	182	182	0.00e+00
c0183	posthoc_soprano__mezzo_ci_high	1.0441721752403428	1.0441721752403428	0.00e+00
c0183	posthoc_soprano__mezzo_ci_low	-0.5896619372592742	-0.58966193725927418	0.00e+00
c0183	posthoc_soprano__mezzo_diff	0.3180176267923125	0.31801762679231249	0.00e+00
c0183	posthoc_soprano__mezzo_p	0.5392985395846969	0.53929853958469687	0.00e+00
c0183	posthoc_soprano__mezzo_padj	1	1	0.00e+00
c0183	posthoc_soprano__mezzo_rank_biserial	0.13777777777777778	0.13777777777777778	0.00e+00
c0183	posthoc_soprano__mezzo_u	128	128	0.00e+00
c0184	k	3	3	0.00e+00
c0184	n	45	45	0.00e+00
c0184	posthoc_mezzo__alto_diff	0.3089329621019008	0.3089329621019008	0.00e+00
c0184	posthoc_mezzo__alto_p	0.3892332987273133	0.38923329872731333	0.00e+00
c0184	posthoc_mezzo__alto_padj	0.7784665974546267	0.77846659745462665	0.00e+00
c0184	posthoc_mezzo__alto_rank_biserial	0.19111111111111112	0.19111111111111106	2.90e-16
c0184	posthoc_mezzo__alto_u	134	134	0.00e+00
c0184	posthoc_soprano__alto_diff	0.681522727637093	0.68152272763709298	0.00e+00
c0184	posthoc_soprano__alto_p	0.0031553753566972965	0.003155375356697296	1.37e-16
c0184	posthoc_soprano__alto_padj	0.009466126070091889	0.0094661260700918889	0.00e+00
c0184	posthoc_soprano__alto_rank_biserial	0.6177777777777778	0.61777777777777776	0.00e+00
c0184	posthoc_soprano__alto_u	182	182	0.00e+00
c0184	posthoc_soprano__mezzo_diff	0.3180176267923125	0.31801762679231249	0.00e+00
c0184	posthoc_soprano__mezzo_p	0.5392985395846969	0.53929853958469687	0.00e+00
c0184	posthoc_soprano__mezzo_padj	0.7784665974546267	0.77846659745462665	0.00e+00
c0184	posthoc_soprano__mezzo_rank_biserial	0.13777777777777778	0.13777777777777778	0.00e+00
c0184	posthoc_soprano__mezzo_u	128	128	0.00e+00
c0185	k	3	3	0.00e+00
c0185	n	45	45	0.00e+00
c0185	posthoc_mezzo__alto_diff	0.3089329621019008	0.3089329621019008	0.00e+00
c0185	posthoc_mezzo__alto_p	0.3892332987273133	0.38923329872731333	0.00e+00
c0185	posthoc_mezzo__alto_padj	0.5392985395846969	0.53929853958469687	0.00e+00
c0185	posthoc_mezzo__alto_rank_biserial	0.19111111111111112	0.19111111111111106	2.90e-16
c0185	posthoc_mezzo__alto_u	134	134	0.00e+00
c0185	posthoc_soprano__alto_diff	0.681522727637093	0.68152272763709298	0.00e+00
c0185	posthoc_soprano__alto_p	0.0031553753566972965	0.003155375356697296	1.37e-16
c0185	posthoc_soprano__alto_padj	0.009466126070091889	0.0094661260700918889	0.00e+00
c0185	posthoc_soprano__alto_rank_biserial	0.6177777777777778	0.61777777777777776	0.00e+00
c0185	posthoc_soprano__alto_u	182	182	0.00e+00
c0185	posthoc_soprano__mezzo_diff	0.3180176267923125	0.31801762679231249	0.00e+00
c0185	posthoc_soprano__mezzo_p	0.5392985395846969	0.53929853958469687	0.00e+00
c0185	posthoc_soprano__mezzo_padj	0.5392985395846969	0.53929853958469687	0.00e+00
c0185	posthoc_soprano__mezzo_rank_biserial	0.13777777777777778	0.13777777777777778	0.00e+00
c0185	posthoc_soprano__mezzo_u	128	128	0.00e+00
c0186	k	3	3	0.00e+00
c0186	n	45	45	0.00e+00
c0186	posthoc_mezzo__alto_ci_high	1.0526489625899236	1.0526489625899234	2.11e-16
c0186	posthoc_mezzo__alto_ci_low	-0.19057955423903805	-0.19057955423903772	1.75e-15
c0186	posthoc_mezzo__alto_diff	0.43103470417544276	0.43103470417544276	0.00e+00
c0186	posthoc_mezzo__alto_f	1.5482127140870676	1.5482127140870685	5.74e-16
c0186	posthoc_mezzo__alto_padj	0.2245177092153593	0.2245177092153601	3.59e-15
c0186	posthoc_soprano__alto_ci_high	1.2567801341665221	1.2567801341665219	1.77e-16
c0186	posthoc_soprano__alto_ci_low	0.013551617337560495	0.013551617337560828	2.46e-14
c0186	posthoc_soprano__alto_diff	0.6351658757520413	0.63516587575204131	0.00e+00
c0186	posthoc_soprano__alto_f	3.3618665374159318	3.3618665374159331	3.96e-16
c0186	posthoc_soprano__alto_padj	0.04422658810919561	0.044226588109195553	1.26e-15
c0186	posthoc_soprano__mezzo_ci_high	0.8257454299910794	0.82574542999107903	4.03e-16
c0186	posthoc_soprano__mezzo_ci_low	-0.41748308683788227	-0.41748308683788193	7.98e-16
c0186	posthoc_soprano__mezzo_diff	0.20413117157659855	0.20413117157659855	0.00e+00
c0186	posthoc_soprano__mezzo_f	0.3472360517902537	0.34723605179025385	4.80e-16
c0186	posthoc_soprano__mezzo_padj	0.7086478740307294	0.7086478740307296	3.13e-16
c0187	k	3	3	0.00e+00
c0187	n	45	45	0.00e+00
c0187	posthoc_alto__mezzo_ci_high	0.2174853843279766	0.21748538432797726	3.06e-15
c0187	posthoc_alto__mezzo_ci_low	-1.079554792678862	-1.0795547926788629	8.23e-16
c0187	posthoc_alto__mezzo_cohens_d	-0.6333530468010096	-0.63335304680100957	0.00e+00
c0187	posthoc_alto__mezzo_df	20.24839592226488	20.24839592226488	0.00e+00
c0187	posthoc_alto__mezzo_diff	-0.43103470417544276	-0.43103470417544276	0.00e+00
c0187	posthoc_alto__mezzo_p	0.09802660636810974	0.098026606368109573	1.70e-15
c0187	posthoc_alto__mezzo_padj	0.29407981910432923	0.29407981910432873	1.70e-15
c0187	posthoc_alto__mezzo_t	-1.7345087529876906	-1.7345087529876906	0.00e+00
c0187	posthoc_alto__soprano_ci_high	-0.1202142528172574	-0.12021425281725689	4.16e-15
c0187	posthoc_alto__soprano_ci_low	-1.1501174986868252	-1.1501174986868257	3.86e-16
c0187	posthoc_alto__soprano_cohens_d	-1.1593536170403687	-1.1593536170403687	0.00e+00
c0187	posthoc_alto__soprano_df	23.942494338470148	23.942494338470151	1.48e-16
c0187	posthoc_alto__soprano_diff	-0.6351658757520413	-0.63516587575204131	0.00e+00
c0187	posthoc_alto__soprano_p	0.004087695039543535	0.0040876950395435331	4.24e-16
c0187	posthoc_alto__soprano_padj	0.012263085118630605	0.012263085118630598	5.66e-16
c0187	posthoc_alto__soprano_t	-3.1750206408910784	-3.1750206408910784	0.00e+00
c0187	posthoc_mezzo__soprano_ci_high	0.5116072612633245	0.51160726126332523	1.52e-15
c0187	posthoc_mezzo__soprano_ci_low	-0.9198696044165215	-0.91986960441652244	9.66e-16
c0187	posthoc_mezzo__soprano_cohens_d	-0.266496933006928	-0.26649693300692806	2.08e-16
c0187	posthoc_mezzo__soprano_df	25.99358523541743	25.993585235417431	0.00e+00
c0187	posthoc_mezzo__soprano_diff	-0.20413117157659855	-0.20413117157659855	0.00e+00
c0187	posthoc_mezzo__soprano_p	0.47201938223798734	0.47201938223798756	4.70e-16
c0187	posthoc_mezzo__soprano_padj	1	1	0.00e+00
c0187	posthoc_mezzo__soprano_t	-0.7298319085691878	-0.72983190856918778	0.00e+00
c0188	k	3	3	0.00e+00
c0188	n	45	45	0.00e+00
c0188	posthoc_alto__mezzo_cohens_d	-0.6333530468010096	-0.63335304680100957	0.00e+00
c0188	posthoc_alto__mezzo_df	20.24839592226488	20.24839592226488	0.00e+00
c0188	posthoc_alto__mezzo_diff	-0.43103470417544276	-0.43103470417544276	0.00e+00
c0188	posthoc_alto__mezzo_p	0.09802660636810974	0.098026606368109573	1.70e-15
c0188	posthoc_alto__mezzo_padj	0.19605321273621948	0.19605321273621915	1.70e-15
c0188	posthoc_alto__mezzo_t	-1.7345087529876906	-1.7345087529876906	0.00e+00
c0188	posthoc_alto__soprano_cohens_d	-1.1593536170403687	-1.1593536170403687	0.00e+00
c0188	posthoc_alto__soprano_df	23.942494338470148	23.942494338470151	1.48e-16
c0188	posthoc_alto__soprano_diff	-0.6351658757520413	-0.63516587575204131	0.00e+00
c0188	posthoc_alto__soprano_p	0.004087695039543535	0.0040876950395435331	4.24e-16
c0188	posthoc_alto__soprano_padj	0.012263085118630605	0.012263085118630598	5.66e-16
c0188	posthoc_alto__soprano_t	-3.1750206408910784	-3.1750206408910784	0.00e+00
c0188	posthoc_mezzo__soprano_cohens_d	-0.266496933006928	-0.26649693300692806	2.08e-16
c0188	posthoc_mezzo__soprano_df	25.99358523541743	25.993585235417431	0.00e+00
c0188	posthoc_mezzo__soprano_diff	-0.20413117157659855	-0.20413117157659855	0.00e+00
c0188	posthoc_mezzo__soprano_p	0.47201938223798734	0.47201938223798756	4.70e-16
c0188	posthoc_mezzo__soprano_padj	0.47201938223798734	0.47201938223798756	4.70e-16
c0188	posthoc_mezzo__soprano_t	-0.7298319085691878	-0.72983190856918778	0.00e+00
c0189	k	3	3	0.00e+00
c0189	n	45	45	0.00e+00
c0189	posthoc_alto__mezzo_cohens_d	-0.6333530468010096	-0.63335304680100957	0.00e+00
c0189	posthoc_alto__mezzo_df	20.24839592226488	20.24839592226488	0.00e+00
c0189	posthoc_alto__mezzo_diff	-0.43103470417544276	-0.43103470417544276	0.00e+00
c0189	posthoc_alto__mezzo_p	0.09802660636810974	0.098026606368109573	1.70e-15
c0189	posthoc_alto__mezzo_padj	0.14703990955216462	0.14703990955216437	1.70e-15
c0189	posthoc_alto__mezzo_t	-1.7345087529876906	-1.7345087529876906	0.00e+00
c0189	posthoc_alto__soprano_cohens_d	-1.1593536170403687	-1.1593536170403687	0.00e+00
c0189	posthoc_alto__soprano_df	23.942494338470148	23.942494338470151	1.48e-16
c0189	posthoc_alto__soprano_diff	-0.6351658757520413	-0.63516587575204131	0.00e+00
c0189	posthoc_alto__soprano_p	0.004087695039543535	0.0040876950395435331	4.24e-16
c0189	posthoc_alto__soprano_padj	0.012263085118630605	0.012263085118630598	5.66e-16
c0189	posthoc_alto__soprano_t	-3.1750206408910784	-3.1750206408910784	0.00e+00
c0189	posthoc_mezzo__soprano_cohens_d	-0.266496933006928	-0.26649693300692806	2.08e-16
c0189	posthoc_mezzo__soprano_df	25.99358523541743	25.993585235417431	0.00e+00
c0189	posthoc_mezzo__soprano_diff	-0.20413117157659855	-0.20413117157659855	0.00e+00
c0189	posthoc_mezzo__soprano_p	0.47201938223798734	0.47201938223798756	4.70e-16
c0189	posthoc_mezzo__soprano_padj	0.4720193822379873	0.47201938223798756	5.88e-16
c0189	posthoc_mezzo__soprano_t	-0.7298319085691878	-0.72983190856918778	0.00e+00
c0190	k	3	3	0.00e+00
c0190	n	45	45	0.00e+00
c0190	posthoc_alto__mezzo_ci_high	0.2017755264466694	0.20177552644667024	4.13e-15
c0190	posthoc_alto__mezzo_ci_low	-1.063844934797555	-1.0638449347975558	8.35e-16
c0190	posthoc_alto__mezzo_cohens_d	-0.6333530468010096	-0.63335304680100957	0.00e+00
c0190	posthoc_alto__mezzo_df	28	28	0.00e+00
c0190	posthoc_alto__mezzo_diff	-0.43103470417544276	-0.43103470417544276	0.00e+00
c0190	posthoc_alto__mezzo_p	0.09382572474108868	0.093825724741088648	2.96e-16
c0190	posthoc_alto__mezzo_padj	0.281477174223266	0.28147717422326596	1.97e-16
c0190	posthoc_alto__mezzo_t	-1.7345087529876906	-1.7345087529876906	0.00e+00
c0190	posthoc_alto__soprano_ci_high	-0.125743104615187	-0.12574310461518629	5.74e-15
c0190	posthoc_alto__soprano_ci_low	-1.1445886468888955	-1.1445886468888964	7.76e-16
c0190	posthoc_alto__soprano_cohens_d	-1.1593536170403687	-1.1593536170403687	0.00e+00
c0190	posthoc_alto__soprano_df	28	28	0.00e+00
c0190	posthoc_alto__soprano_diff	-0.6351658757520413	-0.63516587575204131	0.00e+00
c0190	posthoc_alto__soprano_p	0.0036270190088237447	0.0036270190088237247	5.50e-15
c0190	posthoc_alto__soprano_padj	0.010881057026471234	0.010881057026471174	5.58e-15
c0190	posthoc_alto__soprano_t	-3.1750206408910784	-3.1750206408910784	0.00e+00
c0190	posthoc_mezzo__soprano_ci_high	0.5081053354902252	0.50810533549022618	1.97e-15
c0190	posthoc_mezzo__soprano_ci_low	-0.9163676786434223	-0.91636767864342328	1.09e-15
c0190	posthoc_mezzo__soprano_cohens_d	-0.266496933006928	-0.26649693300692806	2.08e-16
c0190	posthoc_mezzo__soprano_df	28	28	0.00e+00
c0190	posthoc_mezzo__soprano_diff	-0.20413117157659855	-0.20413117157659855	0.00e+00
c0190	posthoc_mezzo__soprano_p	0.4715551179750763	0.47155511797507677	9.42e-16
c0190	posthoc_mezzo__soprano_padj	1	1	0.00e+00
c0190	posthoc_mezzo__soprano_t	-0.7298319085691878	-0.72983190856918778	0.00e+00
c0191	k	3	3	0.00e+00
c0191	n	45	45	0.00e+00
c0191	posthoc_alto__mezzo_cohens_d	-0.6333530468010096	-0.63335304680100957	0.00e+00
c0191	posthoc_alto__mezzo_df	28	28	0.00e+00
c0191	posthoc_alto__mezzo_diff	-0.43103470417544276	-0.43103470417544276	0.00e+00
c0191	posthoc_alto__mezzo_p	0.09382572474108868	0.093825724741088648	2.96e-16
c0191	posthoc_alto__mezzo_padj	0.18765144948217735	0.1876514494821773	2.96e-16
c0191	posthoc_alto__mezzo_t	-1.7345087529876906	-1.7345087529876906	0.00e+00
c0191	posthoc_alto__soprano_cohens_d	-1.1593536170403687	-1.1593536170403687	0.00e+00
c0191	posthoc_alto__soprano_df	28	28	0.00e+00
c0191	posthoc_alto__soprano_diff	-0.6351658757520413	-0.63516587575204131	0.00e+00
c0191	posthoc_alto__soprano_p	0.0036270190088237447	0.0036270190088237247	5.50e-15
c0191	posthoc_alto__soprano_padj	0.010881057026471234	0.010881057026471174	5.58e-15
c0191	posthoc_alto__soprano_t	-3.1750206408910784	-3.1750206408910784	0.00e+00
c0191	posthoc_mezzo__soprano_cohens_d	-0.266496933006928	-0.26649693300692806	2.08e-16
c0191	posthoc_mezzo__soprano_df	28	28	0.00e+00
c0191	posthoc_mezzo__soprano_diff	-0.20413117157659855	-0.20413117157659855	0.00e+00
c0191	posthoc_mezzo__soprano_p	0.4715551179750763	0.47155511797507677	9.42e-16
c0191	posthoc_mezzo__soprano_padj	0.4715551179750763	0.47155511797507677	9.42e-16
c0191	posthoc_mezzo__soprano_t	-0.7298319085691878	-0.72983190856918778	0.00e+00
c0192	k	3	3	0.00e+00
c0192	n	45	45	0.00e+00
c0192	posthoc_alto__mezzo_cohens_d	-0.6333530468010096	-0.63335304680100957	0.00e+00
c0192	posthoc_alto__mezzo_df	28	28	0.00e+00
c0192	posthoc_alto__mezzo_diff	-0.43103470417544276	-0.43103470417544276	0.00e+00
c0192	posthoc_alto__mezzo_p	0.09382572474108868	0.093825724741088648	2.96e-16
c0192	posthoc_alto__mezzo_padj	0.140738587111633	0.14073858711163298	1.97e-16
c0192	posthoc_alto__mezzo_t	-1.7345087529876906	-1.7345087529876906	0.00e+00
c0192	posthoc_alto__soprano_cohens_d	-1.1593536170403687	-1.1593536170403687	0.00e+00
c0192	posthoc_alto__soprano_df	28	28	0.00e+00
c0192	posthoc_alto__soprano_diff	-0.6351658757520413	-0.63516587575204131	0.00e+00
c0192	posthoc_alto__soprano_p	0.0036270190088237447	0.0036270190088237247	5.50e-15
c0192	posthoc_alto__soprano_padj	0.010881057026471234	0.010881057026471174	5.58e-15
c0192	posthoc_alto__soprano_t	-3.1750206408910784	-3.1750206408910784	0.00e+00
c0192	posthoc_mezzo__soprano_cohens_d	-0.266496933006928	-0.26649693300692806	2.08e-16
c0192	posthoc_mezzo__soprano_df	28	28	0.00e+00
c0192	posthoc_mezzo__soprano_diff	-0.20413117157659855	-0.20413117157659855	0.00e+00
c0192	posthoc_mezzo__soprano_p	0.4715551179750763	0.47155511797507677	9.42e-16
c0192	posthoc_mezzo__soprano_padj	0.4715551179750763	0.47155511797507677	9.42e-16
c0192	posthoc_mezzo__soprano_t	-0.7298319085691878	-0.72983190856918778	0.00e+00
c0193	k	3	3	0.00e+00
c0193	n	45	45	0.00e+00
c0193	posthoc_alto__mezzo_ci_high	0.31319067702920744	0.31319067702920744	0.00e+00
c0193	posthoc_alto__mezzo_ci_low	-1.2650189545933266	-1.2650189545933266	0.00e+00
c0193	posthoc_alto__mezzo_diff	-0.3089329621019008	-0.3089329621019008	0.00e+00
c0193	posthoc_alto__mezzo_p	0.3892332987273133	0.38923329872731333	0.00e+00
c0193	posthoc_alto__mezzo_padj	1	1	0.00e+00
c0193	posthoc_alto__mezzo_rank_biserial	-0.19111111111111112	-0.19111111111111106	2.90e-16
c0193	posthoc_alto__mezzo_u	91	91	0.00e+00
c0193	posthoc_alto__soprano_ci_high	-0.19609184422222814	-0.19609184422222814	0.00e+00
c0193	posthoc_alto__soprano_ci_low	-1.060523273060494	-1.0605232730604941	0.00e+00
c0193	posthoc_alto__soprano_diff	-0.681522727637093	-0.68152272763709298	0.00e+00
c0193	posthoc_alto__soprano_p	0.0031553753566972965	0.003155375356697296	1.37e-16
c0193	posthoc_alto__soprano_padj	0.009466126070091889	0.0094661260700918889	0.00e+00
c0193	posthoc_alto__soprano_rank_biserial	-0.6177777777777778	-0.61777777777777776	0.00e+00
c0193	posthoc_alto__soprano_u	43	43	0.00e+00
c0193	posthoc_mezzo__soprano_ci_high	0.5896619372592742	0.58966193725927418	0.00e+00
c0193	posthoc_mezzo__soprano_ci_low	-1.0441721752403428	-1.0441721752403428	0.00e+00
c0193	posthoc_mezzo__soprano_diff	-0.3180176267923125	-0.31801762679231249	0.00e+00
c0193	posthoc_mezzo__soprano_p	0.5392985395846969	0.53929853958469687	0.00e+00
c0193	posthoc_mezzo__soprano_padj	1	1	0.00e+00
c0193	posthoc_mezzo__soprano_rank_biserial	-0.13777777777777778	-0.13777777777777778	0.00e+00
c0193	posthoc_mezzo__soprano_u	97	97	0.00e+00
c0194	k	3	3	0.00e+00
c0194	n	45	45	0.00e+00
c0194	posthoc_alto__mezzo_diff	-0.3089329621019008	-0.3089329621019008	0.00e+00
c0194	posthoc_alto__mezzo_p	0.3892332987273133	0.38923329872731333	0.00e+00
c0194	posthoc_alto__mezzo_padj	0.7784665974546267	0.77846659745462665	0.00e+00
c0194	posthoc_alto__mezzo_rank_biserial	-0.19111111111111112	-0.19111111111111106	2.90e-16
c0194	posthoc_alto__mezzo_u	91	91	0.00e+00
c0194	posthoc_alto__soprano_diff	-0.681522727637093	-0.68152272763709298	0.00e+00
c0194	posthoc_alto__soprano_p	0.0031553753566972965	0.003155375356697296	1.37e-16
c0194	posthoc_alto__soprano_padj	0.009466126070091889	0.0094661260700918889	0.00e+00
c0194	posthoc_alto__soprano_rank_biserial	-0.6177777777777778	-0.61777777777777776	0.00e+00
c0194	posthoc_alto__soprano_u	43	43	0.00e+00
c0194	posthoc_mezzo__soprano_diff	-0.3180176267923125	-0.31801762679231249	0.00e+00
c0194	posthoc_mezzo__soprano_p	0.5392985395846969	0.53929853958469687	0.00e+00
c0194	posthoc_mezzo__soprano_padj	0.7784665974546267	0.77846659745462665	0.00e+00
c0194	posthoc_mezzo__soprano_rank_biserial	-0.13777777777777778	-0.13777777777777778	0.00e+00
c0194	posthoc_mezzo__soprano_u	97	97	0.00e+00
c0195	k	3	3	0.00e+00
c0195	n	45	45	0.00e+00
c0195	posthoc_alto__mezzo_diff	-0.3089329621019008	-0.3089329621019008	0.00e+00
c0195	posthoc_alto__mezzo_p	0.3892332987273133	0.38923329872731333	0.00e+00
c0195	posthoc_alto__mezzo_padj	0.5392985395846969	0.53929853958469687	0.00e+00
c0195	posthoc_alto__mezzo_rank_biserial	-0.19111111111111112	-0.19111111111111106	2.90e-16
c0195	posthoc_alto__mezzo_u	91	91	0.00e+00
c0195	posthoc_alto__soprano_diff	-0.681522727637093	-0.68152272763709298	0.00e+00
c0195	posthoc_alto__soprano_p	0.0031553753566972965	0.003155375356697296	1.37e-16
c0195	posthoc_alto__soprano_padj	0.009466126070091889	0.0094661260700918889	0.00e+00
c0195	posthoc_alto__soprano_rank_biserial	-0.6177777777777778	-0.61777777777777776	0.00e+00
c0195	posthoc_alto__soprano_u	43	43	0.00e+00
c0195	posthoc_mezzo__soprano_diff	-0.3180176267923125	-0.31801762679231249	0.00e+00
c0195	posthoc_mezzo__soprano_p	0.5392985395846969	0.53929853958469687	0.00e+00
c0195	posthoc_mezzo__soprano_padj	0.5392985395846969	0.53929853958469687	0.00e+00
c0195	posthoc_mezzo__soprano_rank_biserial	-0.13777777777777778	-0.13777777777777778	0.00e+00
c0195	posthoc_mezzo__soprano_u	97	97	0.00e+00
c0196	k	3	3	0.00e+00
c0196	n	45	45	0.00e+00
c0196	posthoc_alto__mezzo_ci_high	0.19057955423903794	0.19057955423903772	1.17e-15
c0196	posthoc_alto__mezzo_ci_low	-1.0526489625899234	-1.0526489625899234	0.00e+00
c0196	posthoc_alto__mezzo_diff	-0.43103470417544276	-0.43103470417544276	0.00e+00
c0196	posthoc_alto__mezzo_f	1.5482127140870685	1.5482127140870685	0.00e+00
c0196	posthoc_alto__mezzo_padj	0.22451770921535985	0.2245177092153601	1.11e-15
c0196	posthoc_alto__soprano_ci_high	-0.013551617337560606	-0.013551617337560828	1.64e-14
c0196	posthoc_alto__soprano_ci_low	-1.256780134166522	-1.2567801341665219	0.00e+00
c0196	posthoc_alto__soprano_diff	-0.6351658757520413	-0.63516587575204131	0.00e+00
c0196	posthoc_alto__soprano_f	3.361866537415933	3.3618665374159331	0.00e+00
c0196	posthoc_alto__soprano_padj	0.04422658810919559	0.044226588109195553	7.84e-16
c0196	posthoc_mezzo__soprano_ci_high	0.41748308683788216	0.41748308683788193	5.32e-16
c0196	posthoc_mezzo__soprano_ci_low	-0.8257454299910792	-0.82574542999107903	2.69e-16
c0196	posthoc_mezzo__soprano_diff	-0.20413117157659855	-0.20413117157659855	0.00e+00
c0196	posthoc_mezzo__soprano_f	0.34723605179025385	0.34723605179025385	0.00e+00
c0196	posthoc_mezzo__soprano_padj	0.7086478740307294	0.7086478740307296	3.13e-16
c0197	k	3	3	0.00e+00
c0197	n	45	45	0.00e+00
c0197	posthoc_mezzo__alto_ci_high	7.806331821643658	7.8063318216436635	6.83e-16
c0197	posthoc_mezzo__alto_ci_low	0.2408313701891367	0.24083137018913126	2.26e-14
c0197	posthoc_mezzo__alto_cohens_d	0.9900841245897888	0.99008412458978878	0.00e+00
c0197	posthoc_mezzo__alto_df	27.540361656672317	27.540361656672331	5.16e-16
c0197	posthoc_mezzo__alto_diff	4.023581595916397	4.0235815959163972	0.00e+00
c0197	posthoc_mezzo__alto_p	0.011401850853692285	0.011401850853692228	5.02e-15
c0197	posthoc_mezzo__alto_padj	0.03420555256107685	0.034205552561076685	4.87e-15
c0197	posthoc_mezzo__alto_t	2.711457044327913	2.7114570443279131	0.00e+00
c0197	posthoc_soprano__alto_ci_high	11.039236340607069	11.03923634060707	1.61e-16
c0197	posthoc_soprano__alto_ci_low	4.261093978847576	4.2610939788475735	6.25e-16
c0197	posthoc_soprano__alto_cohens_d	2.099855690215333	2.0998556902153331	0.00e+00
c0197	posthoc_soprano__alto_df	27.80596726697814	27.805967266978147	2.56e-16
c0197	posthoc_soprano__alto_diff	7.650165159727322	7.6501651597273224	0.00e+00
c0197	posthoc_soprano__alto_p	3.677868834391612e-06	3.6778688343916005e-06	3.11e-15
c0197	posthoc_soprano__alto_padj	1.1033606503174835e-05	1.1033606503174801e-05	3.07e-15
c0197	posthoc_soprano__alto_t	5.75069164518259	5.7506916451825898	0.00e+00
c0197	posthoc_soprano__mezzo_ci_high	7.2865607266138115	7.2865607266138159	6.09e-16
c0197	posthoc_soprano__mezzo_ci_low	-0.03339359899196115	-0.033393598991964833	1.10e-13
c0197	posthoc_soprano__mezzo_cohens_d	0.9239481535297805	0.92394815352978055	0.00e+00
c0197	posthoc_soprano__mezzo_df	26.812472236579378	26.812472236579382	1.33e-16
c0197	posthoc_soprano__mezzo_diff	3.626583563810925	3.6265835638109252	0.00e+00
c0197	posthoc_soprano__mezzo_p	0.01758137532061923	0.017581375320619232	1.97e-16
c0197	posthoc_soprano__mezzo_padj	0.05274412596185769	0.052744125961857694	1.32e-16
c0197	posthoc_soprano__mezzo_t	2.5303362282675366	2.5303362282675366	0.00e+00
c0198	k	3	3	0.00e+00
c0198	n	45	45	0.00e+00
c0198	posthoc_mezzo__alto_cohens_d	0.9900841245897888	0.99008412458978878	0.00e+00
c0198	posthoc_mezzo__alto_df	27.540361656672317	27.540361656672331	5.16e-16
c0198	posthoc_mezzo__alto_diff	4.023581595916397	4.0235815959163972	0.00e+00
c0198	posthoc_mezzo__alto_p	0.011401850853692285	0.011401850853692228	5.02e-15
c0198	posthoc_mezzo__alto_padj	0.02280370170738457	0.022803701707384456	5.02e-15
c0198	posthoc_mezzo__alto_t	2.711457044327913	2.7114570443279131	0.00e+00
c0198	posthoc_soprano__alto_cohens_d	2.099855690215333	2.0998556902153331	0.00e+00
c0198	posthoc_soprano__alto_df	27.80596726697814	27.805967266978147	2.56e-16
c0198	posthoc_soprano__alto_diff	7.650165159727322	7.6501651597273224	0.00e+00
c0198	posthoc_soprano__alto_p	3.677868834391612e-06	3.6778688343916005e-06	3.11e-15
c0198	posthoc_soprano__alto_padj	1.1033606503174835e-05	1.1033606503174801e-05	3.07e-15
c0198	posthoc_soprano__alto_t	5.75069164518259	5.7506916451825898	0.00e+00
c0198	posthoc_soprano__mezzo_cohens_d	0.9239481535297805	0.92394815352978055	0.00e+00
c0198	posthoc_soprano__mezzo_df	26.812472236579378	26.812472236579382	1.33e-16
c0198	posthoc_soprano__mezzo_diff	3.626583563810925	3.6265835638109252	0.00e+00
c0198	posthoc_soprano__mezzo_p	0.01758137532061923	0.017581375320619232	1.97e-16
c0198	posthoc_soprano__mezzo_padj	0.02280370170738457	0.022803701707384456	5.02e-15
c0198	posthoc_soprano__mezzo_t	2.5303362282675366	2.5303362282675366	0.00e+00
c0199	k	3	3	0.00e+00
c0199	n	45	45	0.00e+00
c0199	posthoc_mezzo__alto_cohens_d	0.9900841245897888	0.99008412458978878	0.00e+00
c0199	posthoc_mezzo__alto_df	27.540361656672317	27.540361656672331	5.16e-16
c0199	posthoc_mezzo__alto_diff	4.023581595916397	4.0235815959163972	0.00e+00
c0199	posthoc_mezzo__alto_p	0.011401850853692285	0.011401850853692228	5.02e-15
c0199	posthoc_mezzo__alto_padj	0.017102776280538426	0.017102776280538343	4.87e-15
c0199	posthoc_mezzo__alto_t	2.711457044327913	2.7114570443279131	0.00e+00
c0199	posthoc_soprano__alto_cohens_d	2.099855690215333	2.0998556902153331	0.00e+00
c0199	posthoc_soprano__alto_df	27.80596726697814	27.805967266978147	2.56e-16
c0199	posthoc_soprano__alto_diff	7.650165159727322	7.6501651597273224	0.00e+00
c0199	posthoc_soprano__alto_p	3.677868834391612e-06	3.6778688343916005e-06	3.11e-15
c0199	posthoc_soprano__alto_padj	1.1033606503174835e-05	1.1033606503174801e-05	3.07e-15
c0199	posthoc_soprano__alto_t	5.75069164518259	5.7506916451825898	0.00e+00
c0199	posthoc_soprano__mezzo_cohens_d	0.9239481535297805	0.92394815352978055	0.00e+00
c0199	posthoc_soprano__mezzo_df	26.812472236579378	26.812472236579382	1.33e-16
c0199	posthoc_soprano__mezzo_diff	3.626583563810925	3.6265835638109252	0.00e+00
c0199	posthoc_soprano__mezzo_p	0.01758137532061923	0.017581375320619232	1.97e-16
c0199	posthoc_soprano__mezzo_padj	0.01758137532061923	0.017581375320619232	1.97e-16
c0199	posthoc_soprano__mezzo_t	2.5303362282675366	2.5303362282675366	0.00e+00
c0200	k	3	3	0.00e+00
c0200	n	45	45	0.00e+00
c0200	posthoc_mezzo__alto_ci_high	7.8023287556598415	7.8023287556598477	7.97e-16
c0200	posthoc_mezzo__alto_ci_low	0.24483443617295242	0.24483443617294684	2.28e-14
c0200	posthoc_mezzo__alto_cohens_d	0.9900841245897888	0.99008412458978878	0.00e+00
c0200	posthoc_mezzo__alto_df	28	28	0.00e+00
c0200	posthoc_mezzo__alto_diff	4.023581595916397	4.0235815959163972	0.00e+00
c0200	posthoc_mezzo__alto_p	0.011316303292357425	0.011316303292357397	2.45e-15
c0200	posthoc_mezzo__alto_padj	0.033948909877072275	0.033948909877072192	2.45e-15
c0200	posthoc_mezzo__alto_t	2.711457044327913	2.7114570443279131	0.00e+00
c0200	posthoc_soprano__alto_ci_high	11.037736730199438	11.037736730199445	6.44e-16
c0200	posthoc_soprano__alto_ci_low	4.262593589255206	4.2625935892552009	1.25e-15
c0200	posthoc_soprano__alto_cohens_d	2.099855690215333	2.0998556902153331	0.00e+00
c0200	posthoc_soprano__alto_df	28	28	0.00e+00
c0200	posthoc_soprano__alto_diff	7.650165159727322	7.6501651597273224	0.00e+00
c0200	posthoc_soprano__alto_p	3.5868698199094366e-06	3.5868698199094371e-06	1.18e-16
c0200	posthoc_soprano__alto_padj	1.0760609459728309e-05	1.0760609459728311e-05	1.57e-16
c0200	posthoc_soprano__alto_t	5.750691645182591	5.7506916451825898	1.54e-16
c0200	posthoc_soprano__mezzo_ci_high	7.276283876197702	7.2762838761977084	8.54e-16
c0200	posthoc_soprano__mezzo_ci_low	-0.02311674857585233	-0.023116748575857153	2.09e-13
c0200	posthoc_soprano__mezzo_cohens_d	0.9239481535297805	0.92394815352978055	0.00e+00
c0200	posthoc_soprano__mezzo_df	28	28	0.00e+00
c0200	posthoc_soprano__mezzo_diff	3.626583563810925	3.6265835638109252	0.00e+00
c0200	posthoc_soprano__mezzo_p	0.01729970425615411	0.0172997042561541	6.02e-16
c0200	posthoc_soprano__mezzo_padj	0.05189911276846233	0.051899112768462305	5.35e-16
c0200	posthoc_soprano__mezzo_t	2.5303362282675366	2.5303362282675366	0.00e+00
c0201	k	3	3	0.00e+00
c0201	n	45	45	0.00e+00
c0201	posthoc_mezzo__alto_cohens_d	0.9900841245897888	0.99008412458978878	0.00e+00
c0201	posthoc_mezzo__alto_df	28	28	0.00e+00
c0201	posthoc_mezzo__alto_diff	4.023581595916397	4.0235815959163972	0.00e+00
c0201	posthoc_mezzo__alto_p	0.011316303292357425	0.011316303292357397	2.45e-15
c0201	posthoc_mezzo__alto_padj	0.02263260658471485	0.022632606584714794	2.45e-15
c0201	posthoc_mezzo__alto_t	2.711457044327913	2.7114570443279131	0.00e+00
c0201	posthoc_soprano__alto_cohens_d	2.099855690215333	2.0998556902153331	0.00e+00
c0201	posthoc_soprano__alto_df	28	28	0.00e+00
c0201	posthoc_soprano__alto_diff	7.650165159727322	7.6501651597273224	0.00e+00
c0201	posthoc_soprano__alto_p	3.5868698199094366e-06	3.5868698199094371e-06	1.18e-16
c0201	posthoc_soprano__alto_padj	1.0760609459728309e-05	1.0760609459728311e-05	1.57e-16
c0201	posthoc_soprano__alto_t	5.750691645182591	5.7506916451825898	1.54e-16
c0201	posthoc_soprano__mezzo_cohens_d	0.9239481535297805	0.92394815352978055	0.00e+00
c0201	posthoc_soprano__mezzo_df	28	28	0.00e+00
c0201	posthoc_soprano__mezzo_diff	3.626583563810925	3.6265835638109252	0.00e+00
c0201	posthoc_soprano__mezzo_p	0.01729970425615411	0.0172997042561541	6.02e-16
c0201	posthoc_soprano__mezzo_padj	0.02263260658471485	0.022632606584714794	2.45e-15
c0201	posthoc_soprano__mezzo_t	2.5303362282675366	2.5303362282675366	0.00e+00
c0202	k	3	3	0.00e+00
c0202	n	45	45	0.00e+00
c0202	posthoc_mezzo__alto_cohens_d	0.9900841245897888	0.99008412458978878	0.00e+00
c0202	posthoc_mezzo__alto_df	28	28	0.00e+00
c0202	posthoc_mezzo__alto_diff	4.023581595916397	4.0235815959163972	0.00e+00
c0202	posthoc_mezzo__alto_p	0.011316303292357425	0.011316303292357397	2.45e-15
c0202	posthoc_mezzo__alto_padj	0.016974454938536138	0.016974454938536096	2.45e-15
c0202	posthoc_mezzo__alto_t	2.711457044327913	2.7114570443279131	0.00e+00
c0202	posthoc_soprano__alto_cohens_d	2.099855690215333	2.0998556902153331	0.00e+00
c0202	posthoc_soprano__alto_df	28	28	0.00e+00
c0202	posthoc_soprano__alto_diff	7.650165159727322	7.6501651597273224	0.00e+00
c0202	posthoc_soprano__alto_p	3.5868698199094366e-06	3.5868698199094371e-06	1.18e-16
c0202	posthoc_soprano__alto_padj	1.0760609459728309e-05	1.0760609459728311e-05	1.57e-16
c0202	posthoc_soprano__alto_t	5.750691645182591	5.7506916451825898	1.54e-16
c0202	posthoc_soprano__mezzo_cohens_d	0.9239481535297805	0.92394815352978055	0.00e+00
c0202	posthoc_soprano__mezzo_df	28	28	0.00e+00
c0202	posthoc_soprano__mezzo_diff	3.626583563810925	3.6265835638109252	0.00e+00
c0202	posthoc_soprano__mezzo_p	0.01729970425615411	0.0172997042561541	6.02e-16
c0202	posthoc_soprano__mezzo_padj	0.01729970425615411	0.0172997042561541	6.02e-16
c0202	posthoc_soprano__mezzo_t	2.5303362282675366	2.5303362282675366	0.00e+00
c0203	k	3	3	0.00e+00
c0203	n	45	45	0.00e+00
c0203	posthoc_mezzo__alto_ci_high	7.932918350488663	7.9329183504886629	0.00e+00
c0203	posthoc_mezzo__alto_ci_low	0.537935145986836	0.53793514598683601	0.00e+00
c0203	posthoc_mezzo__alto_diff	4.075923327015673	4.0759233270156727	0.00e+00
c0203	posthoc_mezzo__alto_p	0.009874822650594207	0.0098748226505942071	0.00e+00
c0203	posthoc_mezzo__alto_padj	0.02962446795178262	0.02962446795178262	0.00e+00
c0203	posthoc_mezzo__alto_rank_biserial	0.5466666666666666	0.54666666666666663	0.00e+00
c0203	posthoc_mezzo__alto_u	174	174	0.00e+00
c0203	posthoc_soprano__alto_ci_high	11.356401046182839	11.356401046182839	0.00e+00
c0203	posthoc_soprano__alto_ci_low	3.7979889569752743	3.7979889569752743	0.00e+00
c0203	posthoc_soprano__alto_diff	7.8105556900550255	7.8105556900550255	0.00e+00
c0203	posthoc_soprano__alto_p	3.5070184206142543e-06	3.5070184206142538e-06	1.21e-16
c0203	posthoc_soprano__alto_padj	1.0521055261842763e-05	1.0521055261842762e-05	1.61e-16
c0203	posthoc_soprano__alto_rank_biserial	0.8933333333333333	0.89333333333333331	0.00e+00
c0203	posthoc_soprano__alto_u	213	213	0.00e+00
c0203	posthoc_soprano__mezzo_ci_high	7.182775837040907	7.1827758370409072	0.00e+00
c0203	posthoc_soprano__mezzo_ci_low	-0.36138795696048476	-0.36138795696048476	0.00e+00
c0203	posthoc_soprano__mezzo_diff	3.654045969107557	3.6540459691075569	0.00e+00
c0203	posthoc_soprano__mezzo_p	0.02635404434005907	0.026354044340059071	0.00e+00
c0203	posthoc_soprano__mezzo_padj	0.07906213302017721	0.079062133020177214	0.00e+00
c0203	posthoc_soprano__mezzo_rank_biserial	0.47555555555555556	0.47555555555555551	1.17e-16
c0203	posthoc_soprano__mezzo_u	166	166	0.00e+00
c0204	k	3	3	0.00e+00
c0204	n	45	45	0.00e+00
c0204	posthoc_mezzo__alto_diff	4.075923327015673	4.0759233270156727	0.00e+00
c0204	posthoc_mezzo__alto_p	0.009874822650594207	0.0098748226505942071	0.00e+00
c0204	posthoc_mezzo__alto_padj	0.019749645301188414	0.019749645301188414	0.00e+00
c0204	posthoc_mezzo__alto_rank_biserial	0.5466666666666666	0.54666666666666663	0.00e+00
c0204	posthoc_mezzo__alto_u	174	174	0.00e+00
c0204	posthoc_soprano__alto_diff	7.8105556900550255	7.8105556900550255	0.00e+00
c0204	posthoc_soprano__alto_p	3.5070184206142543e-06	3.5070184206142538e-06	1.21e-16
c0204	posthoc_soprano__alto_padj	1.0521055261842763e-05	1.0521055261842762e-05	1.61e-16
c0204	posthoc_soprano__alto_rank_biserial	0.8933333333333333	0.89333333333333331	0.00e+00
c0204	posthoc_soprano__alto_u	213	213	0.00e+00
c0204	posthoc_soprano__mezzo_diff	3.654045969107557	3.6540459691075569	0.00e+00
c0204	posthoc_soprano__mezzo_p	0.02635404434005907	0.026354044340059071	0.00e+00
c0204	posthoc_soprano__mezzo_padj	0.02635404434005907	0.026354044340059071	0.00e+00
c0204	posthoc_soprano__mezzo_rank_biserial	0.47555555555555556	0.47555555555555551	1.17e-16
c0204	posthoc_soprano__mezzo_u	166	166	0.00e+00
c0205	k	3	3	0.00e+00
c0205	n	45	45	0.00e+00
c0205	posthoc_mezzo__alto_diff	4.075923327015673	4.0759233270156727	0.00e+00
c0205	posthoc_mezzo__alto_p	0.009874822650594207	0.0098748226505942071	0.00e+00
c0205	posthoc_mezzo__alto_padj	0.01481223397589131	0.01481223397589131	0.00e+00
c0205	posthoc_mezzo__alto_rank_biserial	0.5466666666666666	0.54666666666666663	0.00e+00
c0205	posthoc_mezzo__alto_u	174	174	0.00e+00
c0205	posthoc_soprano__alto_diff	7.8105556900550255	7.8105556900550255	0.00e+00
c0205	posthoc_soprano__alto_p	3.5070184206142543e-06	3.5070184206142538e-06	1.21e-16
c0205	posthoc_soprano__alto_padj	1.0521055261842763e-05	1.0521055261842762e-05	1.61e-16
c0205	posthoc_soprano__alto_rank_biserial	0.8933333333333333	0.89333333333333331	0.00e+00
c0205	posthoc_soprano__alto_u	213	213	0.00e+00
c0205	posthoc_soprano__mezzo_diff	3.654045969107557	3.6540459691075569	0.00e+00
c0205	posthoc_soprano__mezzo_p	0.02635404434005907	0.026354044340059071	0.00e+00
c0205	posthoc_soprano__mezzo_padj	0.02635404434005907	0.026354044340059071	0.00e+00
c0205	posthoc_soprano__mezzo_rank_biserial	0.47555555555555556	0.47555555555555551	1.17e-16
c0205	posthoc_soprano__mezzo_u	166	166	0.00e+00
c0206	k	3	3	0.00e+00
c0206	n	45	45	0.00e+00
c0206	posthoc_mezzo__alto_ci_high	7.620159831868627	7.6201598318686266	1.17e-16
c0206	posthoc_mezzo__alto_ci_low	0.42700335996416694	0.42700335996416827	3.12e-15
c0206	posthoc_mezzo__alto_diff	4.023581595916397	4.0235815959163972	0.00e+00
c0206	posthoc_mezzo__alto_f	4.029903908361869	4.0299039083618693	0.00e+00
c0206	posthoc_mezzo__alto_padj	0.025058920633293635	0.02505892063329361	9.69e-16
c0206	posthoc_soprano__alto_ci_high	11.246743395679552	11.246743395679552	0.00e+00
c0206	posthoc_soprano__alto_ci_low	4.053586923775092	4.053586923775093	2.19e-16
c0206	posthoc_soprano__alto_diff	7.650165159727322	7.6501651597273224	0.00e+00
c0206	posthoc_soprano__alto_f	14.568360750795387	14.568360750795387	0.00e+00
c0206	posthoc_soprano__alto_padj	1.5640993493265218e-05	1.5640993493265194e-05	1.52e-15
c0206	posthoc_soprano__mezzo_ci_high	7.223161799763155	7.2231617997631545	1.23e-16
c0206	posthoc_soprano__mezzo_ci_low	0.03000532785869492	0.030005327858696251	4.44e-14
c0206	posthoc_soprano__mezzo_diff	3.626583563810925	3.6265835638109252	0.00e+00
c0206	posthoc_soprano__mezzo_f	3.273892707516826	3.273892707516826	0.00e+00
c0206	posthoc_soprano__mezzo_padj	0.04771744719124382	0.047717447191243836	2.91e-16
c0207	k	3	3	0.00e+00
c0207	n	45	45	0.00e+00
c0207	posthoc_alto__mezzo_ci_high	-0.2408313701891367	-0.24083137018913126	2.26e-14
c0207	posthoc_alto__mezzo_ci_low	-7.806331821643658	-7.8063318216436635	6.83e-16
c0207	posthoc_alto__mezzo_cohens_d	-0.9900841245897888	-0.99008412458978878	0.00e+00
c0207	posthoc_alto__mezzo_df	27.540361656672317	27.540361656672331	5.16e-16
c0207	posthoc_alto__mezzo_diff	-4.023581595916397	-4.0235815959163972	0.00e+00
c0207	posthoc_alto__mezzo_p	0.011401850853692285	0.011401850853692228	5.02e-15
c0207	posthoc_alto__mezzo_padj	0.03420555256107685	0.034205552561076685	4.87e-15
c0207	posthoc_alto__mezzo_t	-2.711457044327913	-2.7114570443279131	0.00e+00
c0207	posthoc_alto__soprano_ci_high	-4.261093978847576	-4.2610939788475735	6.25e-16
c0207	posthoc_alto__soprano_ci_low	-11.039236340607069	-11.03923634060707	1.61e-16
c0207	posthoc_alto__soprano_cohens_d	-2.099855690215333	-2.0998556902153331	0.00e+00
c0207	posthoc_alto__soprano_df	27.80596726697814	27.805967266978147	2.56e-16
c0207	posthoc_alto__soprano_diff	-7.650165159727322	-7.6501651597273224	0.00e+00
c0207	posthoc_alto__soprano_p	3.677868834391612e-06	3.6778688343916005e-06	3.11e-15
c0207	posthoc_alto__soprano_padj	1.1033606503174835e-05	1.1033606503174801e-05	3.07e-15
c0207	posthoc_alto__soprano_t	-5.75069164518259	-5.7506916451825898	0.00e+00
c0207	posthoc_mezzo__soprano_ci_high	0.03339359899196115	0.033393598991964833	1.10e-13
c0207	posthoc_mezzo__soprano_ci_low	-7.2865607266138115	-7.2865607266138159	6.09e-16
c0207	posthoc_mezzo__soprano_cohens_d	-0.9239481535297805	-0.92394815352978055	0.00e+00
c0207	posthoc_mezzo__soprano_df	26.812472236579378	26.812472236579382	1.33e-16
c0207	posthoc_mezzo__soprano_diff	-3.626583563810925	-3.6265835638109252	0.00e+00
c0207	posthoc_mezzo__soprano_p	0.01758137532061923	0.017581375320619232	1.97e-16
c0207	posthoc_mezzo__soprano_padj	0.05274412596185769	0.052744125961857694	1.32e-16
c0207	posthoc_mezzo__soprano_t	-2.5303362282675366	-2.5303362282675366	0.00e+00
c0208	k	3	3	0.00e+00
c0208	n	45	45	0.00e+00
c0208	posthoc_alto__mezzo_cohens_d	-0.9900841245897888	-0.99008412458978878	0.00e+00
c0208	posthoc_alto__mezzo_df	27.540361656672317	27.540361656672331	5.16e-16
c0208	posthoc_alto__mezzo_diff	-4.023581595916397	-4.0235815959163972	0.00e+00
c0208	posthoc_alto__mezzo_p	0.011401850853692285	0.011401850853692228	5.02e-15
c0208	posthoc_alto__mezzo_padj	0.02280370170738457	0.022803701707384456	5.02e-15
c0208	posthoc_alto__mezzo_t	-2.711457044327913	-2.7114570443279131	0.00e+00
c0208	posthoc_alto__soprano_cohens_d	-2.099855690215333	-2.0998556902153331	0.00e+00
c0208	posthoc_alto__soprano_df	27.80596726697814	27.805967266978147	2.56e-16
c0208	posthoc_alto__soprano_diff	-7.650165159727322	-7.6501651597273224	0.00e+00
c0208	posthoc_alto__soprano_p	3.677868834391612e-06	3.6778688343916005e-06	3.11e-15
c0208	posthoc_alto__soprano_padj	1.1033606503174835e-05	1.1033606503174801e-05	3.07e-15
c0208	posthoc_alto__soprano_t	-5.75069164518259	-5.7506916451825898	0.00e+00
c0208	posthoc_mezzo__soprano_cohens_d	-0.9239481535297805	-0.92394815352978055	0.00e+00
c0208	posthoc_mezzo__soprano_df	26.812472236579378	26.812472236579382	1.33e-16
c0208	posthoc_mezzo__soprano_diff	-3.626583563810925	-3.6265835638109252	0.00e+00
c0208	posthoc_mezzo__soprano_p	0.01758137532061923	0.017581375320619232	1.97e-16
c0208	posthoc_mezzo__soprano_padj	0.02280370170738457	0.022803701707384456	5.02e-15
c0208	posthoc_mezzo__soprano_t	-2.5303362282675366	-2.5303362282675366	0.00e+00
c0209	k	3	3	0.00e+00
c0209	n	45	45	0.00e+00
c0209	posthoc_alto__mezzo_cohens_d	-0.9900841245897888	-0.99008412458978878	0.00e+00
c0209	posthoc_alto__mezzo_df	27.540361656672317	27.540361656672331	5.16e-16
c0209	posthoc_alto__mezzo_diff	-4.023581595916397	-4.0235815959163972	0.00e+00
c0209	posthoc_alto__mezzo_p	0.011401850853692285	0.011401850853692228	5.02e-15
c0209	posthoc_alto__mezzo_padj	0.017102776280538426	0.017102776280538343	4.87e-15
c0209	posthoc_alto__mezzo_t	-2.711457044327913	-2.7114570443279131	0.00e+00
c0209	posthoc_alto__soprano_cohens_d	-2.099855690215333	-2.0998556902153331	0.00e+00
c0209	posthoc_alto__soprano_df	27.80596726697814	27.805967266978147	2.56e-16
c0209	posthoc_alto__soprano_diff	-7.650165159727322	-7.6501651597273224	0.00e+00
c0209	posthoc_alto__soprano_p	3.677868834391612e-06	3.6778688343916005e-06	3.11e-15
c0209	posthoc_alto__soprano_padj	1.1033606503174835e-05	1.1033606503174801e-05	3.07e-15
c0209	posthoc_alto__soprano_t	-5.75069164518259	-5.7506916451825898	0.00e+00
c0209	posthoc_mezzo__soprano_cohens_d	-0.9239481535297805	-0.92394815352978055	0.00e+00
c0209	posthoc_mezzo__soprano_df	26.812472236579378	26.812472236579382	1.33e-16
c0209	posthoc_mezzo__soprano_diff	-3.626583563810925	-3.6265835638109252	0.00e+00
c0209	posthoc_mezzo__soprano_p	0.01758137532061923	0.017581375320619232	1.97e-16
c0209	posthoc_mezzo__soprano_padj	0.01758137532061923	0.017581375320619232	1.97e-16
c0209	posthoc_mezzo__soprano_t	-2.5303362282675366	-2.5303362282675366	0.00e+00
c0210	k	3	3	0.00e+00
c0210	n	45	45	0.00e+00
c0210	posthoc_alto__mezzo_ci_high	-0.24483443617295242	-0.24483443617294684	2.28e-14
c0210	posthoc_alto__mezzo_ci_low	-7.8023287556598415	-7.8023287556598477	7.97e-16
c0210	posthoc_alto__mezzo_cohens_d	-0.9900841245897888	-0.99008412458978878	0.00e+00
c0210	posthoc_alto__mezzo_df	28	28	0.00e+00
c0210	posthoc_alto__mezzo_diff	-4.023581595916397	-4.0235815959163972	0.00e+00
c0210	posthoc_alto__mezzo_p	0.011316303292357425	0.011316303292357397	2.45e-15
c0210	posthoc_alto__mezzo_padj	0.033948909877072275	0.033948909877072192	2.45e-15
c0210	posthoc_alto__mezzo_t	-2.711457044327913	-2.7114570443279131	0.00e+00
c0210	posthoc_alto__soprano_ci_high	-4.262593589255206	-4.2625935892552009	1.25e-15
c0210	posthoc_alto__soprano_ci_low	-11.037736730199438	-11.037736730199445	6.44e-16
c0210	posthoc_alto__soprano_cohens_d	-2.099855690215333	-2.0998556902153331	0.00e+00
c0210	posthoc_alto__soprano_df	28	28	0.00e+00
c0210	posthoc_alto__soprano_diff	-7.650165159727322	-7.6501651597273224	0.00e+00
c0210	posthoc_alto__soprano_p	3.5868698199094366e-06	3.5868698199094371e-06	1.18e-16
c0210	posthoc_alto__soprano_padj	1.0760609459728309e-05	1.0760609459728311e-05	1.57e-16
c0210	posthoc_alto__soprano_t	-5.750691645182591	-5.7506916451825898	1.54e-16
c0210	posthoc_mezzo__soprano_ci_high	0.02311674857585233	0.023116748575857153	2.09e-13
c0210	posthoc_mezzo__soprano_ci_low	-7.276283876197702	-7.2762838761977084	8.54e-16
c0210	posthoc_mezzo__soprano_cohens_d	-0.9239481535297805	-0.92394815352978055	0.00e+00
c0210	posthoc_mezzo__soprano_df	28	28	0.00e+00
c0210	posthoc_mezzo__soprano_diff	-3.626583563810925	-3.6265835638109252	0.00e+00
c0210	posthoc_mezzo__soprano_p	0.01729970425615411	0.0172997042561541	6.02e-16
c0210	posthoc_mezzo__soprano_padj	0.05189911276846233	0.051899112768462305	5.35e-16
c0210	posthoc_mezzo__soprano_t	-2.5303362282675366	-2.5303362282675366	0.00e+00
c0211	k	3	3	0.00e+00
c0211	n	45	45	0.00e+00
c0211	posthoc_alto__mezzo_cohens_d	-0.9900841245897888	-0.99008412458978878	0.00e+00
c0211	posthoc_alto__mezzo_df	28	28	0.00e+00
c0211	posthoc_alto__mezzo_diff	-4.023581595916397	-4.0235815959163972	0.00e+00
c0211	posthoc_alto__mezzo_p	0.011316303292357425	0.011316303292357397	2.45e-15
c0211	posthoc_alto__mezzo_padj	0.02263260658471485	0.022632606584714794	2.45e-15
c0211	posthoc_alto__mezzo_t	-2.711457044327913	-2.7114570443279131	0.00e+00
c0211	posthoc_alto__soprano_cohens_d	-2.099855690215333	-2.0998556902153331	0.00e+00
c0211	posthoc_alto__soprano_df	28	28	0.00e+00
c0211	posthoc_alto__soprano_diff	-7.650165159727322	-7.6501651597273224	0.00e+00
c0211	posthoc_alto__soprano_p	3.5868698199094366e-06	3.5868698199094371e-06	1.18e-16
c0211	posthoc_alto__soprano_padj	1.0760609459728309e-05	1.0760609459728311e-05	1.57e-16
c0211	posthoc_alto__soprano_t	-5.750691645182591	-5.7506916451825898	1.54e-16
c0211	posthoc_mezzo__soprano_cohens_d	-0.9239481535297805	-0.92394815352978055	0.00e+00
c0211	posthoc_mezzo__soprano_df	28	28	0.00e+00
c0211	posthoc_mezzo__soprano_diff	-3.626583563810925	-3.6265835638109252	0.00e+00
c0211	posthoc_mezzo__soprano_p	0.01729970425615411	0.0172997042561541	6.02e-16
c0211	posthoc_mezzo__soprano_padj	0.02263260658471485	0.022632606584714794	2.45e-15
c0211	posthoc_mezzo__soprano_t	-2.5303362282675366	-2.5303362282675366	0.00e+00
c0212	k	3	3	0.00e+00
c0212	n	45	45	0.00e+00
c0212	posthoc_alto__mezzo_cohens_d	-0.9900841245897888	-0.99008412458978878	0.00e+00
c0212	posthoc_alto__mezzo_df	28	28	0.00e+00
c0212	posthoc_alto__mezzo_diff	-4.023581595916397	-4.0235815959163972	0.00e+00
c0212	posthoc_alto__mezzo_p	0.011316303292357425	0.011316303292357397	2.45e-15
c0212	posthoc_alto__mezzo_padj	0.016974454938536138	0.016974454938536096	2.45e-15
c0212	posthoc_alto__mezzo_t	-2.711457044327913	-2.7114570443279131	0.00e+00
c0212	posthoc_alto__soprano_cohens_d	-2.099855690215333	-2.0998556902153331	0.00e+00
c0212	posthoc_alto__soprano_df	28	28	0.00e+00
c0212	posthoc_alto__soprano_diff	-7.650165159727322	-7.6501651597273224	0.00e+00
c0212	posthoc_alto__soprano_p	3.5868698199094366e-06	3.5868698199094371e-06	1.18e-16
c0212	posthoc_alto__soprano_padj	1.0760609459728309e-05	1.0760609459728311e-05	1.57e-16
c0212	posthoc_alto__soprano_t	-5.750691645182591	-5.7506916451825898	1.54e-16
c0212	posthoc_mezzo__soprano_cohens_d	-0.9239481535297805	-0.92394815352978055	0.00e+00
c0212	posthoc_mezzo__soprano_df	28	28	0.00e+00
c0212	posthoc_mezzo__soprano_diff	-3.626583563810925	-3.6265835638109252	0.00e+00
c0212	posthoc_mezzo__soprano_p	0.01729970425615411	0.0172997042561541	6.02e-16
c0212	posthoc_mezzo__soprano_padj	0.01729970425615411	0.0172997042561541	6.02e-16
c0212	posthoc_mezzo__soprano_t	-2.5303362282675366	-2.5303362282675366	0.00e+00
c0213	k	3	3	0.00e+00
c0213	n	45	45	0.00e+00
c0213	posthoc_alto__mezzo_ci_high	-0.537935145986836	-0.53793514598683601	0.00e+00
c0213	posthoc_alto__mezzo_ci_low	-7.932918350488663	-7.9329183504886629	0.00e+00
c0213	posthoc_alto__mezzo_diff	-4.075923327015673	-4.0759233270156727	0.00e+00
c0213	posthoc_alto__mezzo_p	0.009874822650594207	0.0098748226505942071	0.00e+00
c0213	posthoc_alto__mezzo_padj	0.02962446795178262	0.02962446795178262	0.00e+00
c0213	posthoc_alto__mezzo_rank_biserial	-0.5466666666666666	-0.54666666666666663	0.00e+00
c0213	posthoc_alto__mezzo_u	51	51	0.00e+00
c0213	posthoc_alto__soprano_ci_high	-3.7979889569752743	-3.7979889569752743	0.00e+00
c0213	posthoc_alto__soprano_ci_low	-11.356401046182839	-11.356401046182839	0.00e+00
c0213	posthoc_alto__soprano_diff	-7.8105556900550255	-7.8105556900550255	0.00e+00
c0213	posthoc_alto__soprano_p	3.5070184206142543e-06	3.5070184206142538e-06	1.21e-16
c0213	posthoc_alto__soprano_padj	1.0521055261842763e-05	1.0521055261842762e-05	1.61e-16
c0213	posthoc_alto__soprano_rank_biserial	-0.8933333333333333	-0.89333333333333331	0.00e+00
c0213	posthoc_alto__soprano_u	12	12	0.00e+00
c0213	posthoc_mezzo__soprano_ci_high	0.36138795696048476	0.36138795696048476	0.00e+00
c0213	posthoc_mezzo__soprano_ci_low	-7.182775837040907	-7.1827758370409072	0.00e+00
c0213	posthoc_mezzo__soprano_diff	-3.654045969107557	-3.6540459691075569	0.00e+00
c0213	posthoc_mezzo__soprano_p	0.02635404434005907	0.026354044340059071	0.00e+00
c0213	posthoc_mezzo__soprano_padj	0.07906213302017721	0.079062133020177214	0.00e+00
c0213	posthoc_mezzo__soprano_rank_biserial	-0.47555555555555556	-0.47555555555555551	1.17e-16
c0213	posthoc_mezzo__soprano_u	59	59	0.00e+00
c0214	k	3	3	0.00e+00
c0214	n	45	45	0.00e+00
c0214	posthoc_alto__mezzo_diff	-4.075923327015673	-4.0759233270156727	0.00e+00
c0214	posthoc_alto__mezzo_p	0.009874822650594207	0.0098748226505942071	0.00e+00
c0214	posthoc_alto__mezzo_padj	0.019749645301188414	0.019749645301188414	0.00e+00
c0214	posthoc_alto__mezzo_rank_biserial	-0.5466666666666666	-0.54666666666666663	0.00e+00
c0214	posthoc_alto__mezzo_u	51	51	0.00e+00
c0214	posthoc_alto__soprano_diff	-7.8105556900550255	-7.8105556900550255	0.00e+00
c0214	posthoc_alto__soprano_p	3.5070184206142543e-06	3.5070184206142538e-06	1.21e-16
c0214	posthoc_alto__soprano_padj	1.0521055261842763e-05	1.0521055261842762e-05	1.61e-16
c0214	posthoc_alto__soprano_rank_biserial	-0.8933333333333333	-0.89333333333333331	0.00e+00
c0214	posthoc_alto__soprano_u	12	12	0.00e+00
c0214	posthoc_mezzo__soprano_diff	-3.654045969107557	-3.6540459691075569	0.00e+00
c0214	posthoc_mezzo__soprano_p	0.02635404434005907	0.026354044340059071	0.00e+00
c0214	posthoc_mezzo__soprano_padj	0.02635404434005907	0.026354044340059071	0.00e+00
c0214	posthoc_mezzo__soprano_rank_biserial	-0.47555555555555556	-0.47555555555555551	1.17e-16
c0214	posthoc_mezzo__soprano_u	59	59	0.00e+00
c0215	k	3	3	0.00e+00
c0215	n	45	45	0.00e+00
c0215	posthoc_alto__mezzo_diff	-4.075923327015673	-4.0759233270156727	0.00e+00
c0215	posthoc_alto__mezzo_p	0.009874822650594207	0.0098748226505942071	0.00e+00
c0215	posthoc_alto__mezzo_padj	0.01481223397589131	0.01481223397589131	0.00e+00
c0215	posthoc_alto__mezzo_rank_biserial	-0.5466666666666666	-0.54666666666666663	0.00e+00
c0215	posthoc_alto__mezzo_u	51	51	0.00e+00
c0215	posthoc_alto__soprano_diff	-7.8105556900550255	-7.8105556900550255	0.00e+00
c0215	posthoc_alto__soprano_p	3.5070184206142543e-06	3.5070184206142538e-06	1.21e-16
c0215	posthoc_alto__soprano_padj	1.0521055261842763e-05	1.0521055261842762e-05	1.61e-16
c0215	posthoc_alto__soprano_rank_biserial	-0.8933333333333333	-0.89333333333333331	0.00e+00
c0215	posthoc_alto__soprano_u	12	12	0.00e+00
c0215	posthoc_mezzo__soprano_diff	-3.654045969107557	-3.6540459691075569	0.00e+00
c0215	posthoc_mezzo__soprano_p	0.02635404434005907	0.026354044340059071	0.00e+00
c0215	posthoc_mezzo__soprano_padj	0.02635404434005907	0.026354044340059071	0.00e+00
c0215	posthoc_mezzo__soprano_rank_biserial	-0.47555555555555556	-0.47555555555555551	1.17e-16
c0215	posthoc_mezzo__soprano_u	59	59	0.00e+00
c0216	k	3	3	0.00e+00
c0216	n	45	45	0.00e+00
c0216	posthoc_alto__mezzo_ci_high	-0.42700335996416694	-0.42700335996416827	3.12e-15
c0216	posthoc_alto__mezzo_ci_low	-7.620159831868627	-7.6201598318686266	1.17e-16
c0216	posthoc_alto__mezzo_diff	-4.023581595916397	-4.0235815959163972	0.00e+00
c0216	posthoc_alto__mezzo_f	4.029903908361869	4.0299039083618693	0.00e+00
c0216	posthoc_alto__mezzo_padj	0.025058920633293635	0.02505892063329361	9.69e-16
c0216	posthoc_alto__soprano_ci_high	-4.053586923775092	-4.053586923775093	2.19e-16
c0216	posthoc_alto__soprano_ci_low	-11.246743395679552	-11.246743395679552	0.00e+00
c0216	posthoc_alto__soprano_diff	-7.650165159727322	-7.6501651597273224	0.00e+00
c0216	posthoc_alto__soprano_f	14.568360750795387	14.568360750795387	0.00e+00
c0216	posthoc_alto__soprano_padj	1.5640993493265218e-05	1.5640993493265194e-05	1.52e-15
c0216	posthoc_mezzo__soprano_ci_high	-0.03000532785869492	-0.030005327858696251	4.44e-14
c0216	posthoc_mezzo__soprano_ci_low	-7.223161799763155	-7.2231617997631545	1.23e-16
c0216	posthoc_mezzo__soprano_diff	-3.626583563810925	-3.6265835638109252	0.00e+00
c0216	posthoc_mezzo__soprano_f	3.273892707516826	3.273892707516826	0.00e+00
c0216	posthoc_mezzo__soprano_padj	0.04771744719124382	0.047717447191243836	2.91e-16
c0217	k	3	3	0.00e+00
c0217	n	45	45	0.00e+00
c0217	posthoc_mezzo__alto_ci_high	1.240750572706634	1.2407505727066346	5.37e-16
c0217	posthoc_mezzo__alto_ci_low	0.056364456991586764	0.056364456991586084	1.21e-14
c0217	posthoc_mezzo__alto_cohens_d	1.02902754303771	1.02902754303771	0.00e+00
c0217	posthoc_mezzo__alto_df	24.056053913639918	24.056053913639921	1.48e-16
c0217	posthoc_mezzo__alto_diff	0.6485575148491103	0.64855751484911028	0.00e+00
c0217	posthoc_mezzo__alto_p	0.009507243196895533	0.0095072431968955488	1.64e-15
c0217	posthoc_mezzo__alto_padj	0.0285217295906866	0.028521729590686648	1.70e-15
c0217	posthoc_mezzo__alto_t	2.8181079880793596	2.8181079880793596	0.00e+00
c0217	posthoc_soprano__alto_ci_high	1.218908543189229	1.2189085431892295	3.64e-16
c0217	posthoc_soprano__alto_ci_low	0.1838239223023348	0.18382392230233416	3.47e-15
c0217	posthoc_soprano__alto_cohens_d	1.2644075236587833	1.2644075236587835	1.76e-16
c0217	posthoc_soprano__alto_df	26.573053729206976	26.573053729206979	1.34e-16
c0217	posthoc_soprano__alto_diff	0.7013662327457819	0.70136623274578191	0.00e+00
c0217	posthoc_soprano__alto_p	0.0018253387494040925	0.001825338749404094	8.32e-16
c0217	posthoc_soprano__alto_padj	0.005476016248212277	0.0054760162482122825	9.50e-16
c0217	posthoc_soprano__alto_t	3.462722612935813	3.4627226129358131	0.00e+00
c0217	posthoc_soprano__mezzo_ci_high	0.690754372312712	0.69075437231271242	6.43e-16
c0217	posthoc_soprano__mezzo_ci_low	-0.5851369365193687	-0.58513693651936927	9.49e-16
c0217	posthoc_soprano__mezzo_cohens_d	0.07714998118881532	0.077149981188815317	0.00e+00
c0217	posthoc_soprano__mezzo_df	27.013429401787366	27.013429401787366	0.00e+00
c0217	posthoc_soprano__mezzo_diff	0.05280871789667163	0.052808717896671631	0.00e+00
c0217	posthoc_soprano__mezzo_p	0.834251606184198	0.83425160618419814	1.33e-16
c0217	posthoc_soprano__mezzo_padj	1	1	0.00e+00
c0217	posthoc_soprano__mezzo_t	0.21128392504106688	0.21128392504106688	0.00e+00
c0218	k	3	3	0.00e+00
c0218	n	45	45	0.00e+00
c0218	posthoc_mezzo__alto_cohens_d	1.02902754303771	1.02902754303771	0.00e+00
c0218	posthoc_mezzo__alto_df	24.056053913639918	24.056053913639921	1.48e-16
c0218	posthoc_mezzo__alto_diff	0.6485575148491103	0.64855751484911028	0.00e+00
c0218	posthoc_mezzo__alto_p	0.009507243196895533	0.0095072431968955488	1.64e-15
c0218	posthoc_mezzo__alto_padj	0.019014486393791066	0.019014486393791098	1.64e-15
c0218	posthoc_mezzo__alto_t	2.8181079880793596	2.8181079880793596	0.00e+00
c0218	posthoc_soprano__alto_cohens_d	1.2644075236587833	1.2644075236587835	1.76e-16
c0218	posthoc_soprano__alto_df	26.573053729206976	26.573053729206979	1.34e-16
c0218	posthoc_soprano__alto_diff	0.7013662327457819	0.70136623274578191	0.00e+00
c0218	posthoc_soprano__alto_p	0.0018253387494040925	0.001825338749404094	8.32e-16
c0218	posthoc_soprano__alto_padj	0.005476016248212277	0.0054760162482122825	9.50e-16
c0218	posthoc_soprano__alto_t	3.462722612935813	3.4627226129358131	0.00e+00
c0218	posthoc_soprano__mezzo_cohens_d	0.07714998118881532	0.077149981188815317	0.00e+00
c0218	posthoc_soprano__mezzo_df	27.013429401787366	27.013429401787366	0.00e+00
c0218	posthoc_soprano__mezzo_diff	0.05280871789667163	0.052808717896671631	0.00e+00
c0218	posthoc_soprano__mezzo_p	0.834251606184198	0.83425160618419814	1.33e-16
c0218	posthoc_soprano__mezzo_padj	0.834251606184198	0.83425160618419814	1.33e-16
c0218	posthoc_soprano__mezzo_t	0.21128392504106688	0.21128392504106688	0.00e+00
c0219	k	3	3	0.00e+00
c0219	n	45	45	0.00e+00
c0219	posthoc_mezzo__alto_cohens_d	1.02902754303771	1.02902754303771	0.00e+00
c0219	posthoc_mezzo__alto_df	24.056053913639918	24.056053913639921	1.48e-16
c0219	posthoc_mezzo__alto_diff	0.6485575148491103	0.64855751484911028	0.00e+00
c0219	posthoc_mezzo__alto_p	0.009507243196895533	0.0095072431968955488	1.64e-15
c0219	posthoc_mezzo__alto_padj	0.0142608647953433	0.014260864795343324	1.70e-15
c0219	posthoc_mezzo__alto_t	2.8181079880793596	2.8181079880793596	0.00e+00
c0219	posthoc_soprano__alto_cohens_d	1.2644075236587833	1.2644075236587835	1.76e-16
c0219	posthoc_soprano__alto_df	26.573053729206976	26.573053729206979	1.34e-16
c0219	posthoc_soprano__alto_diff	0.7013662327457819	0.70136623274578191	0.00e+00
c0219	posthoc_soprano__alto_p	0.0018253387494040925	0.001825338749404094	8.32e-16
c0219	posthoc_soprano__alto_padj	0.005476016248212277	0.0054760162482122825	9.50e-16
c0219	posthoc_soprano__alto_t	3.462722612935813	3.4627226129358131	0.00e+00
c0219	posthoc_soprano__mezzo_cohens_d	0.07714998118881532	0.077149981188815317	0.00e+00
c0219	posthoc_soprano__mezzo_df	27.013429401787366	27.013429401787366	0.00e+00
c0219	posthoc_soprano__mezzo_diff	0.05280871789667163	0.052808717896671631	0.00e+00
c0219	posthoc_soprano__mezzo_p	0.834251606184198	0.83425160618419814	1.33e-16
c0219	posthoc_soprano__mezzo_padj	0.834251606184198	0.83425160618419814	1.33e-16
c0219	posthoc_soprano__mezzo_t	0.21128392504106688	0.21128392504106688	0.00e+00
c0220	k	3	3	0.00e+00
c0220	n	45	45	0.00e+00
c0220	posthoc_mezzo__alto_ci_high	1.2345993427429138	1.2345993427429147	7.19e-16
c0220	posthoc_mezzo__alto_ci_low	0.06251568695530674	0.062515686955305891	1.35e-14
c0220	posthoc_mezzo__alto_cohens_d	1.02902754303771	1.02902754303771	0.00e+00
c0220	posthoc_mezzo__alto_df	28	28	0.00e+00
c0220	posthoc_mezzo__alto_diff	0.6485575148491103	0.64855751484911028	0.00e+00
c0220	posthoc_mezzo__alto_p	0.008763853293898644	0.0087638532938986522	9.90e-16
c0220	posthoc_mezzo__alto_padj	0.02629155988169593	0.026291559881695958	1.06e-15
c0220	posthoc_mezzo__alto_t	2.8181079880793596	2.8181079880793596	0.00e+00
c0220	posthoc_soprano__alto_ci_high	1.2171467094861403	1.2171467094861412	7.30e-16
c0220	posthoc_soprano__alto_ci_low	0.18558575600542349	0.18558575600542268	4.34e-15
c0220	posthoc_soprano__alto_cohens_d	1.2644075236587833	1.2644075236587835	1.76e-16
c0220	posthoc_soprano__alto_df	28	28	0.00e+00
c0220	posthoc_soprano__alto_diff	0.7013662327457819	0.70136623274578191	0.00e+00
c0220	posthoc_soprano__alto_p	0.0017367000532322143	0.00173670005323221	2.50e-15
c0220	posthoc_soprano__alto_padj	0.005210100159696643	0.0052101001596966297	2.50e-15
c0220	posthoc_soprano__alto_t	3.462722612935813	3.4627226129358131	0.00e+00
c0220	posthoc_soprano__mezzo_ci_high	0.6892772213919501	0.68927722139195091	1.13e-15
c0220	posthoc_soprano__mezzo_ci_low	-0.5836597855986069	-0.58365978559860776	1.52e-15
c0220	posthoc_soprano__mezzo_cohens_d	0.07714998118881532	0.077149981188815317	0.00e+00
c0220	posthoc_soprano__mezzo_df	28	28	0.00e+00
c0220	posthoc_soprano__mezzo_diff	0.05280871789667163	0.052808717896671631	0.00e+00
c0220	posthoc_soprano__mezzo_p	0.8341960087585518	0.8341960087585516	2.66e-16
c0220	posthoc_soprano__mezzo_padj	1	1	0.00e+00
c0220	posthoc_soprano__mezzo_t	0.21128392504106688	0.21128392504106688	0.00e+00
c0221	k	3	3	0.00e+00
c0221	n	45	45	0.00e+00
c0221	posthoc_mezzo__alto_cohens_d	1.02902754303771	1.02902754303771	0.00e+00
c0221	posthoc_mezzo__alto_df	28	28	0.00e+00
c0221	posthoc_mezzo__alto_diff	0.6485575148491103	0.64855751484911028	0.00e+00
c0221	posthoc_mezzo__alto_p	0.008763853293898644	0.0087638532938986522	9.90e-16
c0221	posthoc_mezzo__alto_padj	0.017527706587797287	0.017527706587797304	9.90e-16
c0221	posthoc_mezzo__alto_t	2.8181079880793596	2.8181079880793596	0.00e+00
c0221	posthoc_soprano__alto_cohens_d	1.2644075236587833	1.2644075236587835	1.76e-16
c0221	posthoc_soprano__alto_df	28	28	0.00e+00
c0221	posthoc_soprano__alto_diff	0.7013662327457819	0.70136623274578191	0.00e+00
c0221	posthoc_soprano__alto_p	0.0017367000532322143	0.00173670005323221	2.50e-15
c0221	posthoc_soprano__alto_padj	0.005210100159696643	0.0052101001596966297	2.50e-15
c0221	posthoc_soprano__alto_t	3.462722612935813	3.4627226129358131	0.00e+00
c0221	posthoc_soprano__mezzo_cohens_d	0.07714998118881532	0.077149981188815317	0.00e+00
c0221	posthoc_soprano__mezzo_df	28	28	0.00e+00
c0221	posthoc_soprano__mezzo_diff	0.05280871789667163	0.052808717896671631	0.00e+00
c0221	posthoc_soprano__mezzo_p	0.8341960087585518	0.8341960087585516	2.66e-16
c0221	posthoc_soprano__mezzo_padj	0.8341960087585518	0.8341960087585516	2.66e-16
c0221	posthoc_soprano__mezzo_t	0.21128392504106688	0.21128392504106688	0.00e+00
c0222	k	3	3	0.00e+00
c0222	n	45	45	0.00e+00
c0222	posthoc_mezzo__alto_cohens_d	1.02902754303771	1.02902754303771	0.00e+00
c0222	posthoc_mezzo__alto_df	28	28	0.00e+00
c0222	posthoc_mezzo__alto_diff	0.6485575148491103	0.64855751484911028	0.00e+00
c0222	posthoc_mezzo__alto_p	0.008763853293898644	0.0087638532938986522	9.90e-16
c0222	posthoc_mezzo__alto_padj	0.013145779940847965	0.013145779940847979	1.06e-15
c0222	posthoc_mezzo__alto_t	2.8181079880793596	2.8181079880793596	0.00e+00
c0222	posthoc_soprano__alto_cohens_d	1.2644075236587833	1.2644075236587835	1.76e-16
c0222	posthoc_soprano__alto_df	28	28	0.00e+00
c0222	posthoc_soprano__alto_diff	0.7013662327457819	0.70136623274578191	0.00e+00
c0222	posthoc_soprano__alto_p	0.0017367000532322143	0.00173670005323221	2.50e-15
c0222	posthoc_soprano__alto_padj	0.005210100159696643	0.0052101001596966297	2.50e-15
c0222	posthoc_soprano__alto_t	3.462722612935813	3.4627226129358131	0.00e+00
c0222	posthoc_soprano__mezzo_cohens_d	0.07714998118881532	0.077149981188815317	0.00e+00
c0222	posthoc_soprano__mezzo_df	28	28	0.00e+00
c0222	posthoc_soprano__mezzo_diff	0.05280871789667163	0.052808717896671631	0.00e+00
c0222	posthoc_soprano__mezzo_p	0.8341960087585518	0.8341960087585516	2.66e-16
c0222	posthoc_soprano__mezzo_padj	0.8341960087585519	0.8341960087585516	3.99e-16
c0222	posthoc_soprano__mezzo_t	0.21128392504106688	0.21128392504106688	0.00e+00
c0223	k	3	3	0.00e+00
c0223	n	45	45	0.00e+00
c0223	posthoc_mezzo__alto_ci_high	1.2993311118721005	1.2993311118721005	0.00e+00
c0223	posthoc_mezzo__alto_ci_low	0.039118708040519756	0.039118708040519756	0.00e+00
c0223	posthoc_mezzo__alto_diff	0.6339604142901214	0.6339604142901214	0.00e+00
c0223	posthoc_mezzo__alto_p	0.014519172302393695	0.014519172302393695	0.00e+00
c0223	posthoc_mezzo__alto_padj	0.043557516907181085	0.043557516907181085	0.00e+00
c0223	posthoc_mezzo__alto_rank_biserial	0.52	0.52000000000000002	0.00e+00
c0223	posthoc_mezzo__alto_u	171	171	0.00e+00
c0223	posthoc_soprano__alto_ci_high	1.3144326334743717	1.3144326334743717	0.00e+00
c0223	posthoc_soprano__alto_ci_low	0.12470287209869113	0.12470287209869113	0.00e+00
c0223	posthoc_soprano__alto_diff	0.6876951563292977	0.68769515632929767	0.00e+00
c0223	posthoc_soprano__alto_p	0.0023064577102573586	0.0023064577102573582	1.88e-16
c0223	posthoc_soprano__alto_padj	0.006919373130772076	0.006919373130772075	1.25e-16
c0223	posthoc_soprano__alto_rank_biserial	0.6355555555555555	0.63555555555555565	1.75e-16
c0223	posthoc_soprano__alto_u	184	184	0.00e+00
c0223	posthoc_soprano__mezzo_ci_high	0.6966499363637935	0.69664993636379346	0.00e+00
c0223	posthoc_soprano__mezzo_ci_low	-0.6246708451203684	-0.62467084512036841	0.00e+00
c0223	posthoc_soprano__mezzo_diff	0.08780456749121157	0.087804567491211571	0.00e+00
c0223	posthoc_soprano__mezzo_p	0.8381347767808562	0.83813477678085624	0.00e+00
c0223	posthoc_soprano__mezzo_padj	1	1	0.00e+00
c0223	posthoc_soprano__mezzo_rank_biserial	0.04888888888888889	0.048888888888888926	7.10e-16
c0223	posthoc_soprano__mezzo_u	118	118	0.00e+00
c0224	k	3	3	0.00e+00
c0224	n	45	45	0.00e+00
c0224	posthoc_mezzo__alto_diff	0.6339604142901214	0.6339604142901214	0.00e+00
c0224	posthoc_mezzo__alto_p	0.014519172302393695	0.014519172302393695	0.00e+00
c0224	posthoc_mezzo__alto_padj	0.02903834460478739	0.029038344604787391	0.00e+00
c0224	posthoc_mezzo__alto_rank_biserial	0.52	0.52000000000000002	0.00e+00
c0224	posthoc_mezzo__alto_u	171	171	0.00e+00
c0224	posthoc_soprano__alto_diff	0.6876951563292977	0.68769515632929767	0.00e+00
c0224	posthoc_soprano__alto_p	0.0023064577102573586	0.0023064577102573582	1.88e-16
c0224	posthoc_soprano__alto_padj	0.006919373130772076	0.006919373130772075	1.25e-16
c0224	posthoc_soprano__alto_rank_biserial	0.6355555555555555	0.63555555555555565	1.75e-16
c0224	posthoc_soprano__alto_u	184	184	0.00e+00
c0224	posthoc_soprano__mezzo_diff	0.08780456749121157	0.087804567491211571	0.00e+00
c0224	posthoc_soprano__mezzo_p	0.8381347767808562	0.83813477678085624	0.00e+00
c0224	posthoc_soprano__mezzo_padj	0.8381347767808562	0.83813477678085624	0.00e+00
c0224	posthoc_soprano__mezzo_rank_biserial	0.04888888888888889	0.048888888888888926	7.10e-16
c0224	posthoc_soprano__mezzo_u	118	118	0.00e+00
c0225	k	3	3	0.00e+00
c0225	n	45	45	0.00e+00
c0225	posthoc_mezzo__alto_diff	0.6339604142901214	0.6339604142901214	0.00e+00
c0225	posthoc_mezzo__alto_p	0.014519172302393695	0.014519172302393695	0.00e+00
c0225	posthoc_mezzo__alto_padj	0.021778758453590542	0.021778758453590542	0.00e+00
c0225	posthoc_mezzo__alto_rank_biserial	0.52	0.52000000000000002	0.00e+00
c0225	posthoc_mezzo__alto_u	171	171	0.00e+00
c0225	posthoc_soprano__alto_diff	0.6876951563292977	0.68769515632929767	0.00e+00
c0225	posthoc_soprano__alto_p	0.0023064577102573586	0.0023064577102573582	1.88e-16
c0225	posthoc_soprano__alto_padj	0.006919373130772076	0.006919373130772075	1.25e-16
c0225	posthoc_soprano__alto_rank_biserial	0.6355555555555555	0.63555555555555565	1.75e-16
c0225	posthoc_soprano__alto_u	184	184	0.00e+00
c0225	posthoc_soprano__mezzo_diff	0.08780456749121157	0.087804567491211571	0.00e+00
c0225	posthoc_soprano__mezzo_p	0.8381347767808562	0.83813477678085624	0.00e+00
c0225	posthoc_soprano__mezzo_padj	0.8381347767808562	0.83813477678085624	0.00e+00
c0225	posthoc_soprano__mezzo_rank_biserial	0.04888888888888889	0.048888888888888926	7.10e-16
c0225	posthoc_soprano__mezzo_u	118	118	0.00e+00
c0226	k	3	3	0.00e+00
c0226	n	45	45	0.00e+00
c0226	posthoc_mezzo__alto_ci_high	1.2280942409008868	1.2280942409008864	3.62e-16
c0226	posthoc_mezzo__alto_ci_low	0.06902078879733387	0.069020788797334198	4.83e-15
c0226	posthoc_mezzo__alto_diff	0.6485575148491103	0.64855751484911028	0.00e+00
c0226	posthoc_mezzo__alto_f	4.032581507261275	4.032581507261277	4.41e-16
c0226	posthoc_mezzo__alto_padj	0.02500269206022842	0.025002692060228371	1.94e-15
c0226	posthoc_soprano__alto_ci_high	1.2809029587975584	1.280902958797558	3.47e-16
c0226	posthoc_soprano__alto_ci_low	0.1218295066940055	0.12182950669400583	2.73e-15
c0226	posthoc_soprano__alto_diff	0.7013662327457819	0.70136623274578191	0.00e+00
c0226	posthoc_soprano__alto_f	4.716022499020811	4.7160224990208128	3.77e-16
c0226	posthoc_soprano__alto_padj	0.014201213324415627	0.014201213324415596	2.20e-15
c0226	posthoc_soprano__mezzo_ci_high	0.632345443948448	0.63234544394844772	5.27e-16
c0226	posthoc_soprano__mezzo_ci_low	-0.5267280081551048	-0.52672800815510445	6.32e-16
c0226	posthoc_soprano__mezzo_diff	0.05280871789667163	0.052808717896671631	0.00e+00
c0226	posthoc_soprano__mezzo_f	0.026736060164252888	0.026736060164252895	2.60e-16
c0226	posthoc_soprano__mezzo_padj	0.9736347407738664	0.97363474077386636	0.00e+00
c0227	k	3	3	0.00e+00
c0227	n	45	45	0.00e+00
c0227	posthoc_alto__mezzo_ci_high	-0.056364456991586764	-0.056364456991586084	1.21e-14
c0227	posthoc_alto__mezzo_ci_low	-1.240750572706634	-1.2407505727066346	5.37e-16
c0227	posthoc_alto__mezzo_cohens_d	-1.02902754303771	-1.02902754303771	0.00e+00
c0227	posthoc_alto__mezzo_df	24.056053913639918	24.056053913639921	1.48e-16
c0227	posthoc_alto__mezzo_diff	-0.6485575148491103	-0.64855751484911028	0.00e+00
c0227	posthoc_alto__mezzo_p	0.009507243196895533	0.0095072431968955488	1.64e-15
c0227	posthoc_alto__mezzo_padj	0.0285217295906866	0.028521729590686648	1.70e-15
c0227	posthoc_alto__mezzo_t	-2.8181079880793596	-2.8181079880793596	0.00e+00
c0227	posthoc_alto__soprano_ci_high	-0.1838239223023348	-0.18382392230233416	3.47e-15
c0227	posthoc_alto__soprano_ci_low	-1.218908543189229	-1.2189085431892295	3.64e-16
c0227	posthoc_alto__soprano_cohens_d	-1.2644075236587833	-1.2644075236587835	1.76e-16
c0227	posthoc_alto__soprano_df	26.573053729206976	26.573053729206979	1.34e-16
c0227	posthoc_alto__soprano_diff	-0.7013662327457819	-0.70136623274578191	0.00e+00
c0227	posthoc_alto__soprano_p	0.0018253387494040925	0.001825338749404094	8.32e-16
c0227	posthoc_alto__soprano_padj	0.005476016248212277	0.0054760162482122825	9.50e-16
c0227	posthoc_alto__soprano_t	-3.462722612935813	-3.4627226129358131	0.00e+00
c0227	posthoc_mezzo__soprano_ci_high	0.5851369365193687	0.58513693651936927	9.49e-16
c0227	posthoc_mezzo__soprano_ci_low	-0.690754372312712	-0.69075437231271242	6.43e-16
c0227	posthoc_mezzo__soprano_cohens_d	-0.07714998118881532	-0.077149981188815317	0.00e+00
c0227	posthoc_mezzo__soprano_df	27.013429401787366	27.013429401787366	0.00e+00
c0227	posthoc_mezzo__soprano_diff	-0.05280871789667163	-0.052808717896671631	0.00e+00
c0227	posthoc_mezzo__soprano_p	0.834251606184198	0.83425160618419814	1.33e-16
c0227	posthoc_mezzo__soprano_padj	1	1	0.00e+00
c0227	posthoc_mezzo__soprano_t	-0.21128392504106688	-0.21128392504106688	0.00e+00
c0228	k	3	3	0.00e+00
c0228	n	45	45	0.00e+00
c0228	posthoc_alto__mezzo_cohens_d	-1.02902754303771	-1.02902754303771	0.00e+00
c0228	posthoc_alto__mezzo_df	24.056053913639918	24.056053913639921	1.48e-16
c0228	posthoc_alto__mezzo_diff	-0.6485575148491103	-0.64855751484911028	0.00e+00
c0228	posthoc_alto__mezzo_p	0.009507243196895533	0.0095072431968955488	1.64e-15
c0228	posthoc_alto__mezzo_padj	0.019014486393791066	0.019014486393791098	1.64e-15
c0228	posthoc_alto__mezzo_t	-2.8181079880793596	-2.8181079880793596	0.00e+00
c0228	posthoc_alto__soprano_cohens_d	-1.2644075236587833	-1.2644075236587835	1.76e-16
c0228	posthoc_alto__soprano_df	26.573053729206976	26.573053729206979	1.34e-16
c0228	posthoc_alto__soprano_diff	-0.7013662327457819	-0.70136623274578191	0.00e+00
c0228	posthoc_alto__soprano_p	0.0018253387494040925	0.001825338749404094	8.32e-16
c0228	posthoc_alto__soprano_padj	0.005476016248212277	0.0054760162482122825	9.50e-16
c0228	posthoc_alto__soprano_t	-3.462722612935813	-3.4627226129358131	0.00e+00
c0228	posthoc_mezzo__soprano_cohens_d	-0.07714998118881532	-0.077149981188815317	0.00e+00
c0228	posthoc_mezzo__soprano_df	27.013429401787366	27.013429401787366	0.00e+00
c0228	posthoc_mezzo__soprano_diff	-0.05280871789667163	-0.052808717896671631	0.00e+00
c0228	posthoc_mezzo__soprano_p	0.834251606184198	0.83425160618419814	1.33e-16
c0228	posthoc_mezzo__soprano_padj	0.834251606184198	0.83425160618419814	1.33e-16
c0228	posthoc_mezzo__soprano_t	-0.21128392504106688	-0.21128392504106688	0.00e+00
c0229	k	3	3	0.00e+00
c0229	n	45	45	0.00e+00
c0229	posthoc_alto__mezzo_cohens_d	-1.02902754303771	-1.02902754303771	0.00e+00
c0229	posthoc_alto__mezzo_df	24.056053913639918	24.056053913639921	1.48e-16
c0229	posthoc_alto__mezzo_diff	-0.6485575148491103	-0.64855751484911028	0.00e+00
c0229	posthoc_alto__mezzo_p	0.009507243196895533	0.0095072431968955488	1.64e-15
c0229	posthoc_alto__mezzo_padj	0.0142608647953433	0.014260864795343324	1.70e-15
c0229	posthoc_alto__mezzo_t	-2.8181079880793596	-2.8181079880793596	0.00e+00
c0229	posthoc_alto__soprano_cohens_d	-1.2644075236587833	-1.2644075236587835	1.76e-16
c0229	posthoc_alto__soprano_df	26.573053729206976	26.573053729206979	1.34e-16
c0229	posthoc_alto__soprano_diff	-0.7013662327457819	-0.70136623274578191	0.00e+00
c0229	posthoc_alto__soprano_p	0.0018253387494040925	0.001825338749404094	8.32e-16
c0229	posthoc_alto__soprano_padj	0.005476016248212277	0.0054760162482122825	9.50e-16
c0229	posthoc_alto__soprano_t	-3.462722612935813	-3.4627226129358131	0.00e+00
c0229	posthoc_mezzo__soprano_cohens_d	-0.07714998118881532	-0.077149981188815317	0.00e+00
c0229	posthoc_mezzo__soprano_df	27.013429401787366	27.013429401787366	0.00e+00
c0229	posthoc_mezzo__soprano_diff	-0.05280871789667163	-0.052808717896671631	0.00e+00
c0229	posthoc_mezzo__soprano_p	0.834251606184198	0.83425160618419814	1.33e-16
c0229	posthoc_mezzo__soprano_padj	0.834251606184198	0.83425160618419814	1.33e-16
c0229	posthoc_mezzo__soprano_t	-0.21128392504106688	-0.21128392504106688	0.00e+00
c0230	k	3	3	0.00e+00
c0230	n	45	45	0.00e+00
c0230	posthoc_alto__mezzo_ci_high	-0.06251568695530674	-0.062515686955305891	1.35e-14
c0230	posthoc_alto__mezzo_ci_low	-1.2345993427429138	-1.2345993427429147	7.19e-16
c0230	posthoc_alto__mezzo_cohens_d	-1.02902754303771	-1.02902754303771	0.00e+00
c0230	posthoc_alto__mezzo_df	28	28	0.00e+00
c0230	posthoc_alto__mezzo_diff	-0.6485575148491103	-0.64855751484911028	0.00e+00
c0230	posthoc_alto__mezzo_p	0.008763853293898644	0.0087638532938986522	9.90e-16
c0230	posthoc_alto__mezzo_padj	0.02629155988169593	0.026291559881695958	1.06e-15
c0230	posthoc_alto__mezzo_t	-2.8181079880793596	-2.8181079880793596	0.00e+00
c0230	posthoc_alto__soprano_ci_high	-0.18558575600542349	-0.18558575600542268	4.34e-15
c0230	posthoc_alto__soprano_ci_low	-1.2171467094861403	-1.2171467094861412	7.30e-16
c0230	posthoc_alto__soprano_cohens_d	-1.2644075236587833	-1.2644075236587835	1.76e-16
c0230	posthoc_alto__soprano_df	28	28	0.00e+00
c0230	posthoc_alto__soprano_diff	-0.7013662327457819	-0.70136623274578191	0.00e+00
c0230	posthoc_alto__soprano_p	0.0017367000532322143	0.00173670005323221	2.50e-15
c0230	posthoc_alto__soprano_padj	0.005210100159696643	0.0052101001596966297	2.50e-15
c0230	posthoc_alto__soprano_t	-3.462722612935813	-3.4627226129358131	0.00e+00
c0230	posthoc_mezzo__soprano_ci_high	0.5836597855986069	0.58365978559860776	1.52e-15
c0230	posthoc_mezzo__soprano_ci_low	-0.6892772213919501	-0.68927722139195091	1.13e-15
c0230	posthoc_mezzo__soprano_cohens_d	-0.07714998118881532	-0.077149981188815317	0.00e+00
c0230	posthoc_mezzo__soprano_df	28	28	0.00e+00
c0230	posthoc_mezzo__soprano_diff	-0.05280871789667163	-0.052808717896671631	0.00e+00
c0230	posthoc_mezzo__soprano_p	0.8341960087585518	0.8341960087585516	2.66e-16
c0230	posthoc_mezzo__soprano_padj	1	1	0.00e+00
c0230	posthoc_mezzo__soprano_t	-0.21128392504106688	-0.21128392504106688	0.00e+00
c0231	k	3	3	0.00e+00
c0231	n	45	45	0.00e+00
c0231	posthoc_alto__mezzo_cohens_d	-1.02902754303771	-1.02902754303771	0.00e+00
c0231	posthoc_alto__mezzo_df	28	28	0.00e+00
c0231	posthoc_alto__mezzo_diff	-0.6485575148491103	-0.64855751484911028	0.00e+00
c0231	posthoc_alto__mezzo_p	0.008763853293898644	0.0087638532938986522	9.90e-16
c0231	posthoc_alto__mezzo_padj	0.017527706587797287	0.017527706587797304	9.90e-16
c0231	posthoc_alto__mezzo_t	-2.8181079880793596	-2.8181079880793596	0.00e+00
c0231	posthoc_alto__soprano_cohens_d	-1.2644075236587833	-1.2644075236587835	1.76e-16
c0231	posthoc_alto__soprano_df	28	28	0.00e+00
c0231	posthoc_alto__soprano_diff	-0.7013662327457819	-0.70136623274578191	0.00e+00
c0231	posthoc_alto__soprano_p	0.0017367000532322143	0.00173670005323221	2.50e-15
c0231	posthoc_alto__soprano_padj	0.005210100159696643	0.0052101001596966297	2.50e-15
c0231	posthoc_alto__soprano_t	-3.462722612935813	-3.4627226129358131	0.00e+00
c0231	posthoc_mezzo__soprano_cohens_d	-0.07714998118881532	-0.077149981188815317	0.00e+00
c0231	posthoc_mezzo__soprano_df	28	28	0.00e+00
c0231	posthoc_mezzo__soprano_diff	-0.05280871789667163	-0.052808717896671631	0.00e+00
c0231	posthoc_mezzo__soprano_p	0.8341960087585518	0.8341960087585516	2.66e-16
c0231	posthoc_mezzo__soprano_padj	0.8341960087585518	0.8341960087585516	2.66e-16
c0231	posthoc_mezzo__soprano_t	-0.21128392504106688	-0.21128392504106688	0.00e+00
c0232	k	3	3	0.00e+00
c0232	n	45	45	0.00e+00
c0232	posthoc_alto__mezzo_cohens_d	-1.02902754303771	-1.02902754303771	0.00e+00
c0232	posthoc_alto__mezzo_df	28	28	0.00e+00
c0232	posthoc_alto__mezzo_diff	-0.6485575148491103	-0.64855751484911028	0.00e+00
c0232	posthoc_alto__mezzo_p	0.008763853293898644	0.0087638532938986522	9.90e-16
c0232	posthoc_alto__mezzo_padj	0.013145779940847965	0.013145779940847979	1.06e-15
c0232	posthoc_alto__mezzo_t	-2.8181079880793596	-2.8181079880793596	0.00e+00
c0232	posthoc_alto__soprano_cohens_d	-1.2644075236587833	-1.2644075236587835	1.76e-16
c0232	posthoc_alto__soprano_df	28	28	0.00e+00
c0232	posthoc_alto__soprano_diff	-0.7013662327457819	-0.70136623274578191	0.00e+00
c0232	posthoc_alto__soprano_p	0.0017367000532322143	0.00173670005323221	2.50e-15
c0232	posthoc_alto__soprano_padj	0.005210100159696643	0.0052101001596966297	2.50e-15
c0232	posthoc_alto__soprano_t	-3.462722612935813	-3.4627226129358131	0.00e+00
c0232	posthoc_mezzo__soprano_cohens_d	-0.07714998118881532	-0.077149981188815317	0.00e+00
c0232	posthoc_mezzo__soprano_df	28	28	0.00e+00
c0232	posthoc_mezzo__soprano_diff	-0.05280871789667163	-0.052808717896671631	0.00e+00
c0232	posthoc_mezzo__soprano_p	0.8341960087585518	0.8341960087585516	2.66e-16
c0232	posthoc_mezzo__soprano_padj	0.8341960087585519	0.8341960087585516	3.99e-16
c0232	posthoc_mezzo__soprano_t	-0.21128392504106688	-0.21128392504106688	0.00e+00
c0233	k	3	3	0.00e+00
c0233	n	45	45	0.00e+00
c0233	posthoc_alto__mezzo_ci_high	-0.039118708040519756	-0.039118708040519756	0.00e+00
c0233	posthoc_alto__mezzo_ci_low	-1.2993311118721005	-1.2993311118721005	0.00e+00
c0233	posthoc_alto__mezzo_diff	-0.6339604142901214	-0.6339604142901214	0.00e+00
c0233	posthoc_alto__mezzo_p	0.014519172302393695	0.014519172302393695	0.00e+00
c0233	posthoc_alto__mezzo_padj	0.043557516907181085	0.043557516907181085	0.00e+00
c0233	posthoc_alto__mezzo_rank_biserial	-0.52	-0.52000000000000002	0.00e+00
c0233	posthoc_alto__mezzo_u	54	54	0.00e+00
c0233	posthoc_alto__soprano_ci_high	-0.12470287209869113	-0.12470287209869113	0.00e+00
c0233	posthoc_alto__soprano_ci_low	-1.3144326334743717	-1.3144326334743717	0.00e+00
c0233	posthoc_alto__soprano_diff	-0.6876951563292977	-0.68769515632929767	0.00e+00
c0233	posthoc_alto__soprano_p	0.0023064577102573586	0.0023064577102573582	1.88e-16
c0233	posthoc_alto__soprano_padj	0.006919373130772076	0.006919373130772075	1.25e-16
c0233	posthoc_alto__soprano_rank_biserial	-0.6355555555555555	-0.63555555555555565	1.75e-16
c0233	posthoc_alto__soprano_u	41	41	0.00e+00
c0233	posthoc_mezzo__soprano_ci_high	0.6246708451203684	0.62467084512036841	0.00e+00
c0233	posthoc_mezzo__soprano_ci_low	-0.6966499363637935	-0.69664993636379346	0.00e+00
c0233	posthoc_mezzo__soprano_diff	-0.08780456749121157	-0.087804567491211571	0.00e+00
c0233	posthoc_mezzo__soprano_p	0.8381347767808562	0.83813477678085624	0.00e+00
c0233	posthoc_mezzo__soprano_padj	1	1	0.00e+00
c0233	posthoc_mezzo__soprano_rank_biserial	-0.04888888888888889	-0.048888888888888926	7.10e-16
c0233	posthoc_mezzo__soprano_u	107	107	0.00e+00
c0234	k	3	3	0.00e+00
c0234	n	45	45	0.00e+00
c0234	posthoc_alto__mezzo_diff	-0.6339604142901214	-0.6339604142901214	0.00e+00
c0234	posthoc_alto__mezzo_p	0.014519172302393695	0.014519172302393695	0.00e+00
c0234	posthoc_alto__mezzo_padj	0.02903834460478739	0.029038344604787391	0.00e+00
c0234	posthoc_alto__mezzo_rank_biserial	-0.52	-0.52000000000000002	0.00e+00
c0234	posthoc_alto__mezzo_u	54	54	0.00e+00
c0234	posthoc_alto__soprano_diff	-0.6876951563292977	-0.68769515632929767	0.00e+00
c0234	posthoc_alto__soprano_p	0.0023064577102573586	0.0023064577102573582	1.88e-16
c0234	posthoc_alto__soprano_padj	0.006919373130772076	0.006919373130772075	1.25e-16
c0234	posthoc_alto__soprano_rank_biserial	-0.6355555555555555	-0.63555555555555565	1.75e-16
c0234	posthoc_alto__soprano_u	41	41	0.00e+00
c0234	posthoc_mezzo__soprano_diff	-0.08780456749121157	-0.087804567491211571	0.00e+00
c0234	posthoc_mezzo__soprano_p	0.8381347767808562	0.83813477678085624	0.00e+00
c0234	posthoc_mezzo__soprano_padj	0.8381347767808562	0.83813477678085624	0.00e+00
c0234	posthoc_mezzo__soprano_rank_biserial	-0.04888888888888889	-0.048888888888888926	7.10e-16
c0234	posthoc_mezzo__soprano_u	107	107	0.00e+00
c0235	k	3	3	0.00e+00
c0235	n	45	45	0.00e+00
c0235	posthoc_alto__mezzo_diff	-0.6339604142901214	-0.6339604142901214	0.00e+00
c0235	posthoc_alto__mezzo_p	0.014519172302393695	0.014519172302393695	0.00e+00
c0235	posthoc_alto__mezzo_padj	0.021778758453590542	0.021778758453590542	0.00e+00
c0235	posthoc_alto__mezzo_rank_biserial	-0.52	-0.52000000000000002	0.00e+00
c0235	posthoc_alto__mezzo_u	54	54	0.00e+00
c0235	posthoc_alto__soprano_diff	-0.6876951563292977	-0.68769515632929767	0.00e+00
c0235	posthoc_alto__soprano_p	0.0023064577102573586	0.0023064577102573582	1.88e-16
c0235	posthoc_alto__soprano_padj	0.006919373130772076	0.006919373130772075	1.25e-16
c0235	posthoc_alto__soprano_rank_biserial	-0.6355555555555555	-0.63555555555555565	1.75e-16
c0235	posthoc_alto__soprano_u	41	41	0.00e+00
c0235	posthoc_mezzo__soprano_diff	-0.08780456749121157	-0.087804567491211571	0.00e+00
c0235	posthoc_mezzo__soprano_p	0.8381347767808562	0.83813477678085624	0.00e+00
c0235	posthoc_mezzo__soprano_padj	0.8381347767808562	0.83813477678085624	0.00e+00
c0235	posthoc_mezzo__soprano_rank_biserial	-0.04888888888888889	-0.048888888888888926	7.10e-16
c0235	posthoc_mezzo__soprano_u	107	107	0.00e+00
c0236	k	3	3	0.00e+00
c0236	n	45	45	0.00e+00
c0236	posthoc_alto__mezzo_ci_high	-0.06902078879733398	-0.069020788797334198	3.22e-15
c0236	posthoc_alto__mezzo_ci_low	-1.2280942409008866	-1.2280942409008864	1.81e-16
c0236	posthoc_alto__mezzo_diff	-0.6485575148491103	-0.64855751484911028	0.00e+00
c0236	posthoc_alto__mezzo_f	4.032581507261277	4.032581507261277	0.00e+00
c0236	posthoc_alto__mezzo_padj	0.025002692060228416	0.025002692060228371	1.80e-15
c0236	posthoc_alto__soprano_ci_high	-0.12182950669400561	-0.12182950669400583	1.82e-15
c0236	posthoc_alto__soprano_ci_low	-1.2809029587975582	-1.280902958797558	1.73e-16
c0236	posthoc_alto__soprano_diff	-0.7013662327457819	-0.70136623274578191	0.00e+00
c0236	posthoc_alto__soprano_f	4.716022499020813	4.7160224990208128	0.00e+00
c0236	posthoc_alto__soprano_padj	0.014201213324415601	0.014201213324415596	3.66e-16
c0236	posthoc_mezzo__soprano_ci_high	0.5267280081551047	0.52672800815510445	4.22e-16
c0236	posthoc_mezzo__soprano_ci_low	-0.6323454439484479	-0.63234544394844772	3.51e-16
c0236	posthoc_mezzo__soprano_diff	-0.05280871789667163	-0.052808717896671631	0.00e+00
c0236	posthoc_mezzo__soprano_f	0.026736060164252895	0.026736060164252895	0.00e+00
c0236	posthoc_mezzo__soprano_padj	0.9736347407738664	0.97363474077386636	0.00e+00
c0237	k	3	3	0.00e+00
c0237	n	45	45	0.00e+00
c0237	posthoc_mezzo__alto_ci_high	6.19441148162856	6.1944114816285651	8.60e-16
c0237	posthoc_mezzo__alto_ci_low	-1.7019544425904312	-1.7019544425904354	2.48e-15
c0237	posthoc_mezzo__alto_cohens_d	0.5296260067829929	0.52962600678299288	0.00e+00
c0237	posthoc_mezzo__alto_df	27.49553958311246	27.495539583112453	2.58e-16
c0237	posthoc_mezzo__alto_diff	2.2462285195190645	2.2462285195190645	0.00e+00
c0237	posthoc_mezzo__alto_p	0.15824877070568677	0.15824877070568671	3.51e-16
c0237	posthoc_mezzo__alto_padj	0.4747463121170603	0.47474631211706014	3.51e-16
c0237	posthoc_mezzo__alto_t	1.4504405547821464	1.4504405547821466	1.53e-16
c0237	posthoc_soprano__alto_ci_high	11.66989190096332	11.669891900963323	3.04e-16
c0237	posthoc_soprano__alto_ci_low	3.8815524726239965	3.8815524726239912	1.37e-15
c0237	posthoc_soprano__alto_cohens_d	1.860017468818369	1.860017468818369	0.00e+00
c0237	posthoc_soprano__alto_df	27.22548691954591	27.225486919545911	0.00e+00
c0237	posthoc_soprano__alto_diff	7.775722186793658	7.7757221867936579	0.00e+00
c0237	posthoc_soprano__alto_p	2.314009322615364e-05	2.3140093226153602e-05	1.61e-15
c0237	posthoc_soprano__alto_padj	6.942027967846091e-05	6.9420279678460807e-05	1.56e-15
c0237	posthoc_soprano__alto_t	5.093867625127412	5.0938676251274124	0.00e+00
c0237	posthoc_soprano__mezzo_ci_high	9.135777963411634	9.1357779634116376	3.89e-16
c0237	posthoc_soprano__mezzo_ci_low	1.923209371137553	1.92320937113755	1.62e-15
c0237	posthoc_soprano__mezzo_cohens_d	1.4258188182833162	1.4258188182833162	0.00e+00
c0237	posthoc_soprano__mezzo_df	27.96768626451982	27.967686264519802	6.35e-16
c0237	posthoc_soprano__mezzo_diff	5.529493667274593	5.5294936672745933	0.00e+00
c0237	posthoc_soprano__mezzo_p	0.000542965913034526	0.00054296591303452523	1.40e-15
c0237	posthoc_soprano__mezzo_padj	0.001628897739103578	0.0016288977391035757	1.46e-15
c0237	posthoc_soprano__mezzo_t	3.9047656484456583	3.9047656484456592	2.27e-16
c0238	k	3	3	0.00e+00
c0238	n	45	45	0.00e+00
c0238	posthoc_mezzo__alto_cohens_d	0.5296260067829929	0.52962600678299288	0.00e+00
c0238	posthoc_mezzo__alto_df	27.49553958311246	27.495539583112453	2.58e-16
c0238	posthoc_mezzo__alto_diff	2.2462285195190645	2.2462285195190645	0.00e+00
c0238	posthoc_mezzo__alto_p	0.15824877070568677	0.15824877070568671	3.51e-16
c0238	posthoc_mezzo__alto_padj	0.15824877070568677	0.15824877070568671	3.51e-16
c0238	posthoc_mezzo__alto_t	1.4504405547821464	1.4504405547821466	1.53e-16
c0238	posthoc_soprano__alto_cohens_d	1.860017468818369	1.860017468818369	0.00e+00
c0238	posthoc_soprano__alto_df	27.22548691954591	27.225486919545911	0.00e+00
c0238	posthoc_soprano__alto_diff	7.775722186793658	7.7757221867936579	0.00e+00
c0238	posthoc_soprano__alto_p	2.314009322615364e-05	2.3140093226153602e-05	1.61e-15
c0238	posthoc_soprano__alto_padj	6.942027967846091e-05	6.9420279678460807e-05	1.56e-15
c0238	posthoc_soprano__alto_t	5.093867625127412	5.0938676251274124	0.00e+00
c0238	posthoc_soprano__mezzo_cohens_d	1.4258188182833162	1.4258188182833162	0.00e+00
c0238	posthoc_soprano__mezzo_df	27.96768626451982	27.967686264519802	6.35e-16
c0238	posthoc_soprano__mezzo_diff	5.529493667274593	5.5294936672745933	0.00e+00
c0238	posthoc_soprano__mezzo_p	0.000542965913034526	0.00054296591303452523	1.40e-15
c0238	posthoc_soprano__mezzo_padj	0.001085931826069052	0.0010859318260690505	1.40e-15
c0238	posthoc_soprano__mezzo_t	3.9047656484456583	3.9047656484456592	2.27e-16
c0239	k	3	3	0.00e+00
c0239	n	45	45	0.00e+00
c0239	posthoc_mezzo__alto_cohens_d	0.5296260067829929	0.52962600678299288	0.00e+00
c0239	posthoc_mezzo__alto_df	27.49553958311246	27.495539583112453	2.58e-16
c0239	posthoc_mezzo__alto_diff	2.2462285195190645	2.2462285195190645	0.00e+00
c0239	posthoc_mezzo__alto_p	0.15824877070568677	0.15824877070568671	3.51e-16
c0239	posthoc_mezzo__alto_padj	0.15824877070568677	0.15824877070568671	3.51e-16
c0239	posthoc_mezzo__alto_t	1.4504405547821464	1.4504405547821466	1.53e-16
c0239	posthoc_soprano__alto_cohens_d	1.860017468818369	1.860017468818369	0.00e+00
c0239	posthoc_soprano__alto_df	27.22548691954591	27.225486919545911	0.00e+00
c0239	posthoc_soprano__alto_diff	7.775722186793658	7.7757221867936579	0.00e+00
c0239	posthoc_soprano__alto_p	2.314009322615364e-05	2.3140093226153602e-05	1.61e-15
c0239	posthoc_soprano__alto_padj	6.942027967846091e-05	6.9420279678460807e-05	1.56e-15
c0239	posthoc_soprano__alto_t	5.093867625127412	5.0938676251274124	0.00e+00
c0239	posthoc_soprano__mezzo_cohens_d	1.4258188182833162	1.4258188182833162	0.00e+00
c0239	posthoc_soprano__mezzo_df	27.96768626451982	27.967686264519802	6.35e-16
c0239	posthoc_soprano__mezzo_diff	5.529493667274593	5.5294936672745933	0.00e+00
c0239	posthoc_soprano__mezzo_p	0.000542965913034526	0.00054296591303452523	1.40e-15
c0239	posthoc_soprano__mezzo_padj	0.000814448869551789	0.00081444886955178784	1.46e-15
c0239	posthoc_soprano__mezzo_t	3.9047656484456583	3.9047656484456592	2.27e-16
c0240	k	3	3	0.00e+00
c0240	n	45	45	0.00e+00
c0240	posthoc_mezzo__alto_ci_high	6.189818478110631	6.1898184781106371	1.00e-15
c0240	posthoc_mezzo__alto_ci_low	-1.6973614390725018	-1.6973614390725074	3.27e-15
c0240	posthoc_mezzo__alto_cohens_d	0.5296260067829929	0.52962600678299288	0.00e+00
c0240	posthoc_mezzo__alto_df	28	28	0.00e+00
c0240	posthoc_mezzo__alto_diff	2.2462285195190645	2.2462285195190645	0.00e+00
c0240	posthoc_mezzo__alto_p	0.15804664546921743	0.15804664546921748	3.51e-16
c0240	posthoc_mezzo__alto_padj	0.4741399364076523	0.47413993640765245	3.51e-16
c0240	posthoc_mezzo__alto_t	1.4504405547821466	1.4504405547821466	0.00e+00
c0240	posthoc_soprano__alto_ci_high	11.662867984026054	11.662867984026059	4.57e-16
c0240	posthoc_soprano__alto_ci_low	3.8885763895612624	3.8885763895612566	1.48e-15
c0240	posthoc_soprano__alto_cohens_d	1.860017468818369	1.860017468818369	0.00e+00
c0240	posthoc_soprano__alto_df	28	28	0.00e+00
c0240	posthoc_soprano__alto_diff	7.775722186793658	7.7757221867936579	0.00e+00
c0240	posthoc_soprano__alto_p	2.1455994989241474e-05	2.1455994989241484e-05	4.74e-16
c0240	posthoc_soprano__alto_padj	6.436798496772442e-05	6.436798496772445e-05	4.21e-16
c0240	posthoc_soprano__alto_t	5.093867625127413	5.0938676251274133	0.00e+00
c0240	posthoc_soprano__mezzo_ci_high	9.135513744024736	9.1355137440247418	5.83e-16
c0240	posthoc_soprano__mezzo_ci_low	1.9234735905244502	1.923473590524446	2.19e-15
c0240	posthoc_soprano__mezzo_cohens_d	1.4258188182833162	1.4258188182833162	0.00e+00
c0240	posthoc_soprano__mezzo_df	28	28	0.00e+00
c0240	posthoc_soprano__mezzo_diff	5.529493667274593	5.5294936672745933	0.00e+00
c0240	posthoc_soprano__mezzo_p	0.0005421383003126159	0.0005421383003126137	4.00e-15
c0240	posthoc_soprano__mezzo_padj	0.0016264149009378476	0.0016264149009378411	4.00e-15
c0240	posthoc_soprano__mezzo_t	3.9047656484456583	3.9047656484456592	2.27e-16
c0241	k	3	3	0.00e+00
c0241	n	45	45	0.00e+00
c0241	posthoc_mezzo__alto_cohens_d	0.5296260067829929	0.52962600678299288	0.00e+00
c0241	posthoc_mezzo__alto_df	28	28	0.00e+00
c0241	posthoc_mezzo__alto_diff	2.2462285195190645	2.2462285195190645	0.00e+00
c0241	posthoc_mezzo__alto_p	0.15804664546921743	0.15804664546921748	3.51e-16
c0241	posthoc_mezzo__alto_padj	0.15804664546921743	0.15804664546921748	3.51e-16
c0241	posthoc_mezzo__alto_t	1.4504405547821466	1.4504405547821466	0.00e+00
c0241	posthoc_soprano__alto_cohens_d	1.860017468818369	1.860017468818369	0.00e+00
c0241	posthoc_soprano__alto_df	28	28	0.00e+00
c0241	posthoc_soprano__alto_diff	7.775722186793658	7.7757221867936579	0.00e+00
c0241	posthoc_soprano__alto_p	2.1455994989241474e-05	2.1455994989241484e-05	4.74e-16
c0241	posthoc_soprano__alto_padj	6.436798496772442e-05	6.436798496772445e-05	4.21e-16
c0241	posthoc_soprano__alto_t	5.093867625127413	5.0938676251274133	0.00e+00
c0241	posthoc_soprano__mezzo_cohens_d	1.4258188182833162	1.4258188182833162	0.00e+00
c0241	posthoc_soprano__mezzo_df	28	28	0.00e+00
c0241	posthoc_soprano__mezzo_diff	5.529493667274593	5.5294936672745933	0.00e+00
c0241	posthoc_soprano__mezzo_p	0.0005421383003126159	0.0005421383003126137	4.00e-15
c0241	posthoc_soprano__mezzo_padj	0.0010842766006252317	0.0010842766006252274	4.00e-15
c0241	posthoc_soprano__mezzo_t	3.9047656484456583	3.9047656484456592	2.27e-16
c0242	k	3	3	0.00e+00
c0242	n	45	45	0.00e+00
c0242	posthoc_mezzo__alto_cohens_d	0.5296260067829929	0.52962600678299288	0.00e+00
c0242	posthoc_mezzo__alto_df	28	28	0.00e+00
c0242	posthoc_mezzo__alto_diff	2.2462285195190645	2.2462285195190645	0.00e+00
c0242	posthoc_mezzo__alto_p	0.15804664546921743	0.15804664546921748	3.51e-16
c0242	posthoc_mezzo__alto_padj	0.15804664546921743	0.15804664546921748	3.51e-16
c0242	posthoc_mezzo__alto_t	1.4504405547821466	1.4504405547821466	0.00e+00
c0242	posthoc_soprano__alto_cohens_d	1.860017468818369	1.860017468818369	0.00e+00
c0242	posthoc_soprano__alto_df	28	28	0.00e+00
c0242	posthoc_soprano__alto_diff	7.775722186793658	7.7757221867936579	0.00e+00
c0242	posthoc_soprano__alto_p	2.1455994989241474e-05	2.1455994989241484e-05	4.74e-16
c0242	posthoc_soprano__alto_padj	6.436798496772442e-05	6.436798496772445e-05	4.21e-16
c0242	posthoc_soprano__alto_t	5.093867625127413	5.0938676251274133	0.00e+00
c0242	posthoc_soprano__mezzo_cohens_d	1.4258188182833162	1.4258188182833162	0.00e+00
c0242	posthoc_soprano__mezzo_df	28	28	0.00e+00
c0242	posthoc_soprano__mezzo_diff	5.529493667274593	5.5294936672745933	0.00e+00
c0242	posthoc_soprano__mezzo_p	0.0005421383003126159	0.0005421383003126137	4.00e-15
c0242	posthoc_soprano__mezzo_padj	0.0008132074504689238	0.00081320745046892056	4.00e-15
c0242	posthoc_soprano__mezzo_t	3.9047656484456583	3.9047656484456592	2.27e-16
c0243	k	3	3	0.00e+00
c0243	n	45	45	0.00e+00
c0243	posthoc_mezzo__alto_ci_high	6.092189059040251	6.0921890590402512	0.00e+00
c0243	posthoc_mezzo__alto_ci_low	-2.040862140124915	-2.040862140124915	0.00e+00
c0243	posthoc_mezzo__alto_diff	2.083831229085064	2.0838312290850638	0.00e+00
c0243	posthoc_mezzo__alto_p	0.24955619455494132	0.2495561945549413	1.11e-16
c0243	posthoc_mezzo__alto_padj	0.7486685836648239	0.74866858366482392	0.00e+00
c0243	posthoc_mezzo__alto_rank_biserial	0.25333333333333335	0.25333333333333335	0.00e+00
c0243	posthoc_mezzo__alto_u	141	141	0.00e+00
c0243	posthoc_soprano__alto_ci_high	11.6276318134084	11.627631813408399	0.00e+00
c0243	posthoc_soprano__alto_ci_low	3.4878186948280074	3.4878186948280074	0.00e+00
c0243	posthoc_soprano__alto_diff	7.5002058865546815	7.5002058865546815	0.00e+00
c0243	posthoc_soprano__alto_p	6.549872638500152e-06	6.5498726385001507e-06	1.29e-16
c0243	posthoc_soprano__alto_padj	1.9649617915500456e-05	1.9649617915500452e-05	1.72e-16
c0243	posthoc_soprano__alto_rank_biserial	0.8755555555555555	0.87555555555555564	1.27e-16
c0243	posthoc_soprano__alto_u	211	211	0.00e+00
c0243	posthoc_soprano__mezzo_ci_high	9.207953651516874	9.2079536515168741	0.00e+00
c0243	posthoc_soprano__mezzo_ci_low	1.6762032227066612	1.6762032227066612	0.00e+00
c0243	posthoc_soprano__mezzo_diff	5.532710196724409	5.532710196724409	0.00e+00
c0243	posthoc_soprano__mezzo_p	0.0014081194696769263	0.0014081194696769263	0.00e+00
c0243	posthoc_soprano__mezzo_padj	0.004224358409030779	0.004224358409030779	0.00e+00
c0243	posthoc_soprano__mezzo_rank_biserial	0.6622222222222223	0.66222222222222227	0.00e+00
c0243	posthoc_soprano__mezzo_u	187	187	0.00e+00
c0244	k	3	3	0.00e+00
c0244	n	45	45	0.00e+00
c0244	posthoc_mezzo__alto_diff	2.083831229085064	2.0838312290850638	0.00e+00
c0244	posthoc_mezzo__alto_p	0.24955619455494132	0.2495561945549413	1.11e-16
c0244	posthoc_mezzo__alto_padj	0.24955619455494132	0.2495561945549413	1.11e-16
c0244	posthoc_mezzo__alto_rank_biserial	0.25333333333333335	0.25333333333333335	0.00e+00
c0244	posthoc_mezzo__alto_u	141	141	0.00e+00
c0244	posthoc_soprano__alto_diff	7.5002058865546815	7.5002058865546815	0.00e+00
c0244	posthoc_soprano__alto_p	6.549872638500152e-06	6.5498726385001507e-06	1.29e-16
c0244	posthoc_soprano__alto_padj	1.9649617915500456e-05	1.9649617915500452e-05	1.72e-16
c0244	posthoc_soprano__alto_rank_biserial	0.8755555555555555	0.87555555555555564	1.27e-16
c0244	posthoc_soprano__alto_u	211	211	0.00e+00
c0244	posthoc_soprano__mezzo_diff	5.532710196724409	5.532710196724409	0.00e+00
c0244	posthoc_soprano__mezzo_p	0.0014081194696769263	0.0014081194696769263	0.00e+00
c0244	posthoc_soprano__mezzo_padj	0.0028162389393538525	0.0028162389393538525	0.00e+00
c0244	posthoc_soprano__mezzo_rank_biserial	0.6622222222222223	0.66222222222222227	0.00e+00
c0244	posthoc_soprano__mezzo_u	187	187	0.00e+00
c0245	k	3	3	0.00e+00
c0245	n	45	45	0.00e+00
c0245	posthoc_mezzo__alto_diff	2.083831229085064	2.0838312290850638	0.00e+00
c0245	posthoc_mezzo__alto_p	0.24955619455494132	0.2495561945549413	1.11e-16
c0245	posthoc_mezzo__alto_padj	0.2495561945549413	0.2495561945549413	0.00e+00
c0245	posthoc_mezzo__alto_rank_biserial	0.25333333333333335	0.25333333333333335	0.00e+00
c0245	posthoc_mezzo__alto_u	141	141	0.00e+00
c0245	posthoc_soprano__alto_diff	7.5002058865546815	7.5002058865546815	0.00e+00
c0245	posthoc_soprano__alto_p	6.549872638500152e-06	6.5498726385001507e-06	1.29e-16
c0245	posthoc_soprano__alto_padj	1.9649617915500456e-05	1.9649617915500452e-05	1.72e-16
c0245	posthoc_soprano__alto_rank_biserial	0.8755555555555555	0.87555555555555564	1.27e-16
c0245	posthoc_soprano__alto_u	211	211	0.00e+00
c0245	posthoc_soprano__mezzo_diff	5.532710196724409	5.532710196724409	0.00e+00
c0245	posthoc_soprano__mezzo_p	0.0014081194696769263	0.0014081194696769263	0.00e+00
c0245	posthoc_soprano__mezzo_padj	0.0021121792045153895	0.0021121792045153895	0.00e+00
c0245	posthoc_soprano__mezzo_rank_biserial	0.6622222222222223	0.66222222222222227	0.00e+00
c0245	posthoc_soprano__mezzo_u	187	187	0.00e+00
c0246	k	3	3	0.00e+00
c0246	n	45	45	0.00e+00
c0246	posthoc_mezzo__alto_ci_high	6.048195297374799	6.0481952973747983	1.47e-16
c0246	posthoc_mezzo__alto_ci_low	-1.5557382583366701	-1.5557382583366688	8.56e-16
c0246	posthoc_mezzo__alto_diff	2.2462285195190645	2.2462285195190645	0.00e+00
c0246	posthoc_mezzo__alto_f	1.1239301648329714	1.1239301648329714	0.00e+00
c0246	posthoc_mezzo__alto_padj	0.3345779623527113	0.33457796235271164	9.95e-16
c0246	posthoc_soprano__alto_ci_high	11.577688964649393	11.577688964649392	1.53e-16
c0246	posthoc_soprano__alto_ci_low	3.9737554089379232	3.9737554089379246	3.35e-16
c0246	posthoc_soprano__alto_diff	7.775722186793658	7.7757221867936579	0.00e+00
c0246	posthoc_soprano__alto_f	13.46830443187524	13.468304431875239	0.00e+00
c0246	posthoc_soprano__alto_padj	3.0254283194211437e-05	3.0254283194211352e-05	2.80e-15
c0246	posthoc_soprano__mezzo_ci_high	9.331460445130329	9.3314604451303271	1.90e-16
c0246	posthoc_soprano__mezzo_ci_low	1.7275268894188587	1.72752688941886	7.71e-16
c0246	posthoc_soprano__mezzo_diff	5.529493667274593	5.5294936672745933	0.00e+00
c0246	posthoc_soprano__mezzo_f	6.810863606930593	6.8108636069305932	0.00e+00
c0246	posthoc_soprano__mezzo_padj	0.002742213162118068	0.0027422131621180662	6.33e-16
c0247	k	3	3	0.00e+00
c0247	n	45	45	0.00e+00
c0247	posthoc_alto__mezzo_ci_high	1.7019544425904312	1.7019544425904354	2.48e-15
c0247	posthoc_alto__mezzo_ci_low	-6.19441148162856	-6.1944114816285651	8.60e-16
c0247	posthoc_alto__mezzo_cohens_d	-0.5296260067829929	-0.52962600678299288	0.00e+00
c0247	posthoc_alto__mezzo_df	27.49553958311246	27.495539583112453	2.58e-16
c0247	posthoc_alto__mezzo_diff	-2.2462285195190645	-2.2462285195190645	0.00e+00
c0247	posthoc_alto__mezzo_p	0.15824877070568677	0.15824877070568671	3.51e-16
c0247	posthoc_alto__mezzo_padj	0.4747463121170603	0.47474631211706014	3.51e-16
c0247	posthoc_alto__mezzo_t	-1.4504405547821464	-1.4504405547821466	1.53e-16
c0247	posthoc_alto__soprano_ci_high	-3.8815524726239965	-3.8815524726239912	1.37e-15
c0247	posthoc_alto__soprano_ci_low	-11.66989190096332	-11.669891900963323	3.04e-16
c0247	posthoc_alto__soprano_cohens_d	-1.860017468818369	-1.860017468818369	0.00e+00
c0247	posthoc_alto__soprano_df	27.22548691954591	27.225486919545911	0.00e+00
c0247	posthoc_alto__soprano_diff	-7.775722186793658	-7.7757221867936579	0.00e+00
c0247	posthoc_alto__soprano_p	2.314009322615364e-05	2.3140093226153602e-05	1.61e-15
c0247	posthoc_alto__soprano_padj	6.942027967846091e-05	6.9420279678460807e-05	1.56e-15
c0247	posthoc_alto__soprano_t	-5.093867625127412	-5.0938676251274124	0.00e+00
c0247	posthoc_mezzo__soprano_ci_high	-1.923209371137553	-1.92320937113755	1.62e-15
c0247	posthoc_mezzo__soprano_ci_low	-9.135777963411634	-9.1357779634116376	3.89e-16
c0247	posthoc_mezzo__soprano_cohens_d	-1.4258188182833162	-1.4258188182833162	0.00e+00
c0247	posthoc_mezzo__soprano_df	27.96768626451982	27.967686264519802	6.35e-16
c0247	posthoc_mezzo__soprano_diff	-5.529493667274593	-5.5294936672745933	0.00e+00
c0247	posthoc_mezzo__soprano_p	0.000542965913034526	0.00054296591303452523	1.40e-15
c0247	posthoc_mezzo__soprano_padj	0.001628897739103578	0.0016288977391035757	1.46e-15
c0247	posthoc_mezzo__soprano_t	-3.9047656484456583	-3.9047656484456592	2.27e-16
c0248	k	3	3	0.00e+00
c0248	n	45	45	0.00e+00
c0248	posthoc_alto__mezzo_cohens_d	-0.5296260067829929	-0.52962600678299288	0.00e+00
c0248	posthoc_alto__mezzo_df	27.49553958311246	27.495539583112453	2.58e-16
c0248	posthoc_alto__mezzo_diff	-2.2462285195190645	-2.2462285195190645	0.00e+00
c0248	posthoc_alto__mezzo_p	0.15824877070568677	0.15824877070568671	3.51e-16
c0248	posthoc_alto__mezzo_padj	0.15824877070568677	0.15824877070568671	3.51e-16
c0248	posthoc_alto__mezzo_t	-1.4504405547821464	-1.4504405547821466	1.53e-16
c0248	posthoc_alto__soprano_cohens_d	-1.860017468818369	-1.860017468818369	0.00e+00
c0248	posthoc_alto__soprano_df	27.22548691954591	27.225486919545911	0.00e+00
c0248	posthoc_alto__soprano_diff	-7.775722186793658	-7.7757221867936579	0.00e+00
c0248	posthoc_alto__soprano_p	2.314009322615364e-05	2.3140093226153602e-05	1.61e-15
c0248	posthoc_alto__soprano_padj	6.942027967846091e-05	6.9420279678460807e-05	1.56e-15
c0248	posthoc_alto__soprano_t	-5.093867625127412	-5.0938676251274124	0.00e+00
c0248	posthoc_mezzo__soprano_cohens_d	-1.4258188182833162	-1.4258188182833162	0.00e+00
c0248	posthoc_mezzo__soprano_df	27.96768626451982	27.967686264519802	6.35e-16
c0248	posthoc_mezzo__soprano_diff	-5.529493667274593	-5.5294936672745933	0.00e+00
c0248	posthoc_mezzo__soprano_p	0.000542965913034526	0.00054296591303452523	1.40e-15
c0248	posthoc_mezzo__soprano_padj	0.001085931826069052	0.0010859318260690505	1.40e-15
c0248	posthoc_mezzo__soprano_t	-3.9047656484456583	-3.9047656484456592	2.27e-16
c0249	k	3	3	0.00e+00
c0249	n	45	45	0.00e+00
c0249	posthoc_alto__mezzo_cohens_d	-0.5296260067829929	-0.52962600678299288	0.00e+00
c0249	posthoc_alto__mezzo_df	27.49553958311246	27.495539583112453	2.58e-16
c0249	posthoc_alto__mezzo_diff	-2.2462285195190645	-2.2462285195190645	0.00e+00
c0249	posthoc_alto__mezzo_p	0.15824877070568677	0.15824877070568671	3.51e-16
c0249	posthoc_alto__mezzo_padj	0.15824877070568677	0.15824877070568671	3.51e-16
c0249	posthoc_alto__mezzo_t	-1.4504405547821464	-1.4504405547821466	1.53e-16
c0249	posthoc_alto__soprano_cohens_d	-1.860017468818369	-1.860017468818369	0.00e+00
c0249	posthoc_alto__soprano_df	27.22548691954591	27.225486919545911	0.00e+00
c0249	posthoc_alto__soprano_diff	-7.775722186793658	-7.7757221867936579	0.00e+00
c0249	posthoc_alto__soprano_p	2.314009322615364e-05	2.3140093226153602e-05	1.61e-15
c0249	posthoc_alto__soprano_padj	6.942027967846091e-05	6.9420279678460807e-05	1.56e-15
c0249	posthoc_alto__soprano_t	-5.093867625127412	-5.0938676251274124	0.00e+00
c0249	posthoc_mezzo__soprano_cohens_d	-1.4258188182833162	-1.4258188182833162	0.00e+00
c0249	posthoc_mezzo__soprano_df	27.96768626451982	27.967686264519802	6.35e-16
c0249	posthoc_mezzo__soprano_diff	-5.529493667274593	-5.5294936672745933	0.00e+00
c0249	posthoc_mezzo__soprano_p	0.000542965913034526	0.00054296591303452523	1.40e-15
c0249	posthoc_mezzo__soprano_padj	0.000814448869551789	0.00081444886955178784	1.46e-15
c0249	posthoc_mezzo__soprano_t	-3.9047656484456583	-3.9047656484456592	2.27e-16
c0250	k	3	3	0.00e+00
c0250	n	45	45	0.00e+00
c0250	posthoc_alto__mezzo_ci_high	1.6973614390725018	1.6973614390725074	3.27e-15
c0250	posthoc_alto__mezzo_ci_low	-6.189818478110631	-6.1898184781106371	1.00e-15
c0250	posthoc_alto__mezzo_cohens_d	-0.5296260067829929	-0.52962600678299288	0.00e+00
c0250	posthoc_alto__mezzo_df	28	28	0.00e+00
c0250	posthoc_alto__mezzo_diff	-2.2462285195190645	-2.2462285195190645	0.00e+00
c0250	posthoc_alto__mezzo_p	0.15804664546921743	0.15804664546921748	3.51e-16
c0250	posthoc_alto__mezzo_padj	0.4741399364076523	0.47413993640765245	3.51e-16
c0250	posthoc_alto__mezzo_t	-1.4504405547821466	-1.4504405547821466	0.00e+00
c0250	posthoc_alto__soprano_ci_high	-3.8885763895612624	-3.8885763895612566	1.48e-15
c0250	posthoc_alto__soprano_ci_low	-11.662867984026054	-11.662867984026059	4.57e-16
c0250	posthoc_alto__soprano_cohens_d	-1.860017468818369	-1.860017468818369	0.00e+00
c0250	posthoc_alto__soprano_df	28	28	0.00e+00
c0250	posthoc_alto__soprano_diff	-7.775722186793658	-7.7757221867936579	0.00e+00
c0250	posthoc_alto__soprano_p	2.1455994989241474e-05	2.1455994989241484e-05	4.74e-16
c0250	posthoc_alto__soprano_padj	6.436798496772442e-05	6.436798496772445e-05	4.21e-16
c0250	posthoc_alto__soprano_t	-5.093867625127413	-5.0938676251274133	0.00e+00
c0250	posthoc_mezzo__soprano_ci_high	-1.9234735905244502	-1.923473590524446	2.19e-15
c0250	posthoc_mezzo__soprano_ci_low	-9.135513744024736	-9.1355137440247418	5.83e-16
c0250	posthoc_mezzo__soprano_cohens_d	-1.4258188182833162	-1.4258188182833162	0.00e+00
c0250	posthoc_mezzo__soprano_df	28	28	0.00e+00
c0250	posthoc_mezzo__soprano_diff	-5.529493667274593	-5.5294936672745933	0.00e+00
c0250	posthoc_mezzo__soprano_p	0.0005421383003126159	0.0005421383003126137	4.00e-15
c0250	posthoc_mezzo__soprano_padj	0.0016264149009378476	0.0016264149009378411	4.00e-15
c0250	posthoc_mezzo__soprano_t	-3.9047656484456583	-3.9047656484456592	2.27e-16
c0251	k	3	3	0.00e+00
c0251	n	45	45	0.00e+00
c0251	posthoc_alto__mezzo_cohens_d	-0.5296260067829929	-0.52962600678299288	0.00e+00
c0251	posthoc_alto__mezzo_df	28	28	0.00e+00
c0251	posthoc_alto__mezzo_diff	-2.2462285195190645	-2.2462285195190645	0.00e+00
c0251	posthoc_alto__mezzo_p	0.15804664546921743	0.15804664546921748	3.51e-16
c0251	posthoc_alto__mezzo_padj	0.15804664546921743	0.15804664546921748	3.51e-16
c0251	posthoc_alto__mezzo_t	-1.4504405547821466	-1.4504405547821466	0.00e+00
c0251	posthoc_alto__soprano_cohens_d	-1.860017468818369	-1.860017468818369	0.00e+00
c0251	posthoc_alto__soprano_df	28	28	0.00e+00
c0251	posthoc_alto__soprano_diff	-7.775722186793658	-7.7757221867936579	0.00e+00
c0251	posthoc_alto__soprano_p	2.1455994989241474e-05	2.1455994989241484e-05	4.74e-16
c0251	posthoc_alto__soprano_padj	6.436798496772442e-05	6.436798496772445e-05	4.21e-16
c0251	posthoc_alto__soprano_t	-5.093867625127413	-5.0938676251274133	0.00e+00
c0251	posthoc_mezzo__soprano_cohens_d	-1.4258188182833162	-1.4258188182833162	0.00e+00
c0251	posthoc_mezzo__soprano_df	28	28	0.00e+00
c0251	posthoc_mezzo__soprano_diff	-5.529493667274593	-5.5294936672745933	0.00e+00
c0251	posthoc_mezzo__soprano_p	0.0005421383003126159	0.0005421383003126137	4.00e-15
c0251	posthoc_mezzo__soprano_padj	0.0010842766006252317	0.0010842766006252274	4.00e-15
c0251	posthoc_mezzo__soprano_t	-3.9047656484456583	-3.9047656484456592	2.27e-16
c0252	k	3	3	0.00e+00
c0252	n	45	45	0.00e+00
c0252	posthoc_alto__mezzo_cohens_d	-0.5296260067829929	-0.52962600678299288	0.00e+00
c0252	posthoc_alto__mezzo_df	28	28	0.00e+00
c0252	posthoc_alto__mezzo_diff	-2.2462285195190645	-2.2462285195190645	0.00e+00
c0252	posthoc_alto__mezzo_p	0.15804664546921743	0.15804664546921748	3.51e-16
c0252	posthoc_alto__mezzo_padj	0.15804664546921743	0.15804664546921748	3.51e-16
c0252	posthoc_alto__mezzo_t	-1.4504405547821466	-1.4504405547821466	0.00e+00
c0252	posthoc_alto__soprano_cohens_d	-1.860017468818369	-1.860017468818369	0.00e+00
c0252	posthoc_alto__soprano_df	28	28	0.00e+00
c0252	posthoc_alto__soprano_diff	-7.775722186793658	-7.7757221867936579	0.00e+00
c0252	posthoc_alto__soprano_p	2.1455994989241474e-05	2.1455994989241484e-05	4.74e-16
c0252	posthoc_alto__soprano_padj	6.436798496772442e-05	6.436798496772445e-05	4.21e-16
c0252	posthoc_alto__soprano_t	-5.093867625127413	-5.0938676251274133	0.00e+00
c0252	posthoc_mezzo__soprano_cohens_d	-1.4258188182833162	-1.4258188182833162	0.00e+00
c0252	posthoc_mezzo__soprano_df	28	28	0.00e+00
c0252	posthoc_mezzo__soprano_diff	-5.529493667274593	-5.5294936672745933	0.00e+00
c0252	posthoc_mezzo__soprano_p	0.0005421383003126159	0.0005421383003126137	4.00e-15
c0252	posthoc_mezzo__soprano_padj	0.0008132074504689238	0.00081320745046892056	4.00e-15
c0252	posthoc_mezzo__soprano_t	-3.9047656484456583	-3.9047656484456592	2.27e-16
c0253	k	3	3	0.00e+00
c0253	n	45	45	0.00e+00
c0253	posthoc_alto__mezzo_ci_high	2.040862140124915	2.040862140124915	0.00e+00
c0253	posthoc_alto__mezzo_ci_low	-6.092189059040251	-6.0921890590402512	0.00e+00
c0253	posthoc_alto__mezzo_diff	-2.083831229085064	-2.0838312290850638	0.00e+00
c0253	posthoc_alto__mezzo_p	0.24955619455494132	0.2495561945549413	1.11e-16
c0253	posthoc_alto__mezzo_padj	0.7486685836648239	0.74866858366482392	0.00e+00
c0253	posthoc_alto__mezzo_rank_biserial	-0.25333333333333335	-0.25333333333333335	0.00e+00
c0253	posthoc_alto__mezzo_u	84	84	0.00e+00
c0253	posthoc_alto__soprano_ci_high	-3.4878186948280074	-3.4878186948280074	0.00e+00
c0253	posthoc_alto__soprano_ci_low	-11.6276318134084	-11.627631813408399	0.00e+00
c0253	posthoc_alto__soprano_diff	-7.5002058865546815	-7.5002058865546815	0.00e+00
c0253	posthoc_alto__soprano_p	6.549872638500152e-06	6.5498726385001507e-06	1.29e-16
c0253	posthoc_alto__soprano_padj	1.9649617915500456e-05	1.9649617915500452e-05	1.72e-16
c0253	posthoc_alto__soprano_rank_biserial	-0.8755555555555555	-0.87555555555555564	1.27e-16
c0253	posthoc_alto__soprano_u	14	14	0.00e+00
c0253	posthoc_mezzo__soprano_ci_high	-1.6762032227066612	-1.6762032227066612	0.00e+00
c0253	posthoc_mezzo__soprano_ci_low	-9.207953651516874	-9.2079536515168741	0.00e+00
c0253	posthoc_mezzo__soprano_diff	-5.532710196724409	-5.532710196724409	0.00e+00
c0253	posthoc_mezzo__soprano_p	0.0014081194696769263	0.0014081194696769263	0.00e+00
c0253	posthoc_mezzo__soprano_padj	0.004224358409030779	0.004224358409030779	0.00e+00
c0253	posthoc_mezzo__soprano_rank_biserial	-0.6622222222222223	-0.66222222222222227	0.00e+00
c0253	posthoc_mezzo__soprano_u	38	38	0.00e+00
c0254	k	3	3	0.00e+00
c0254	n	45	45	0.00e+00
c0254	posthoc_alto__mezzo_diff	-2.083831229085064	-2.0838312290850638	0.00e+00
c0254	posthoc_alto__mezzo_p	0.24955619455494132	0.2495561945549413	1.11e-16
c0254	posthoc_alto__mezzo_padj	0.24955619455494132	0.2495561945549413	1.11e-16
c0254	posthoc_alto__mezzo_rank_biserial	-0.25333333333333335	-0.25333333333333335	0.00e+00
c0254	posthoc_alto__mezzo_u	84	84	0.00e+00
c0254	posthoc_alto__soprano_diff	-7.5002058865546815	-7.5002058865546815	0.00e+00
c0254	posthoc_alto__soprano_p	6.549872638500152e-06	6.5498726385001507e-06	1.29e-16
c0254	posthoc_alto__soprano_padj	1.9649617915500456e-05	1.9649617915500452e-05	1.72e-16
c0254	posthoc_alto__soprano_rank_biserial	-0.8755555555555555	-0.87555555555555564	1.27e-16
c0254	posthoc_alto__soprano_u	14	14	0.00e+00
c0254	posthoc_mezzo__soprano_diff	-5.532710196724409	-5.532710196724409	0.00e+00
c0254	posthoc_mezzo__soprano_p	0.0014081194696769263	0.0014081194696769263	0.00e+00
c0254	posthoc_mezzo__soprano_padj	0.0028162389393538525	0.0028162389393538525	0.00e+00
c0254	posthoc_mezzo__soprano_rank_biserial	-0.6622222222222223	-0.66222222222222227	0.00e+00
c0254	posthoc_mezzo__soprano_u	38	38	0.00e+00
c0255	k	3	3	0.00e+00
c0255	n	45	45	0.00e+00
c0255	posthoc_alto__mezzo_diff	-2.083831229085064	-2.0838312290850638	0.00e+00
c0255	posthoc_alto__mezzo_p	0.24955619455494132	0.2495561945549413	1.11e-16
c0255	posthoc_alto__mezzo_padj	0.2495561945549413	0.2495561945549413	0.00e+00
c0255	posthoc_alto__mezzo_rank_biserial	-0.25333333333333335	-0.25333333333333335	0.00e+00
c0255	posthoc_alto__mezzo_u	84	84	0.00e+00
c0255	posthoc_alto__soprano_diff	-7.5002058865546815	-7.5002058865546815	0.00e+00
c0255	posthoc_alto__soprano_p	6.549872638500152e-06	6.5498726385001507e-06	1.29e-16
c0255	posthoc_alto__soprano_padj	1.9649617915500456e-05	1.9649617915500452e-05	1.72e-16
c0255	posthoc_alto__soprano_rank_biserial	-0.8755555555555555	-0.87555555555555564	1.27e-16
c0255	posthoc_alto__soprano_u	14	14	0.00e+00
c0255	posthoc_mezzo__soprano_diff	-5.532710196724409	-5.532710196724409	0.00e+00
c0255	posthoc_mezzo__soprano_p	0.0014081194696769263	0.0014081194696769263	0.00e+00
c0255	posthoc_mezzo__soprano_padj	0.0021121792045153895	0.0021121792045153895	0.00e+00
c0255	posthoc_mezzo__soprano_rank_biserial	-0.6622222222222223	-0.66222222222222227	0.00e+00
c0255	posthoc_mezzo__soprano_u	38	38	0.00e+00
c0256	k	3	3	0.00e+00
c0256	n	45	45	0.00e+00
c0256	posthoc_alto__mezzo_ci_high	1.5557382583366706	1.5557382583366688	1.14e-15
c0256	posthoc_alto__mezzo_ci_low	-6.0481952973748	-6.0481952973747983	2.94e-16
c0256	posthoc_alto__mezzo_diff	-2.2462285195190645	-2.2462285195190645	0.00e+00
c0256	posthoc_alto__mezzo_f	1.123930164832971	1.1239301648329714	3.95e-16
c0256	posthoc_alto__mezzo_padj	0.33457796235271164	0.33457796235271164	0.00e+00
c0256	posthoc_alto__soprano_ci_high	-3.973755408937923	-3.9737554089379246	4.47e-16
c0256	posthoc_alto__soprano_ci_low	-11.577688964649393	-11.577688964649392	1.53e-16
c0256	posthoc_alto__soprano_diff	-7.775722186793658	-7.7757221867936579	0.00e+00
c0256	posthoc_alto__soprano_f	13.468304431875236	13.468304431875239	2.64e-16
c0256	posthoc_alto__soprano_padj	3.0254283194211498e-05	3.0254283194211352e-05	4.82e-15
c0256	posthoc_mezzo__soprano_ci_high	-1.7275268894188582	-1.72752688941886	1.03e-15
c0256	posthoc_mezzo__soprano_ci_low	-9.331460445130329	-9.3314604451303271	1.90e-16
c0256	posthoc_mezzo__soprano_diff	-5.529493667274593	-5.5294936672745933	0.00e+00
c0256	posthoc_mezzo__soprano_f	6.8108636069305915	6.8108636069305932	2.61e-16
c0256	posthoc_mezzo__soprano_padj	0.00274221316211807	0.0027422131621180662	1.42e-15
c0257	k	3	3	0.00e+00
c0257	n	45	45	0.00e+00
c0257	posthoc_mezzo__alto_ci_high	0.6769865652895141	0.67698656528951473	9.84e-16
c0257	posthoc_mezzo__alto_ci_low	-0.2554373887604199	-0.25543738876042055	2.61e-15
c0257	posthoc_mezzo__alto_cohens_d	0.42851602861862575	0.42851602861862581	1.30e-16
c0257	posthoc_mezzo__alto_df	21.539933222594218	21.539933222594218	0.00e+00
c0257	posthoc_mezzo__alto_diff	0.2107745882645471	0.21077458826454709	0.00e+00
c0257	posthoc_mezzo__alto_p	0.25339310660281344	0.25339310660281439	3.72e-15
c0257	posthoc_mezzo__alto_padj	0.7601793198084403	0.76017931980844322	3.80e-15
c0257	posthoc_mezzo__alto_t	1.1735394756347532	1.1735394756347532	0.00e+00
c0257	posthoc_soprano__alto_ci_high	0.9254744224738309	0.92547442247383138	4.80e-16
c0257	posthoc_soprano__alto_ci_low	-0.04627495521456165	-0.046274955214562132	1.03e-14
c0257	posthoc_soprano__alto_cohens_d	0.8596757972777409	0.85967579727774091	0.00e+00
c0257	posthoc_soprano__alto_df	20.925307030787383	20.925307030787383	0.00e+00
c0257	posthoc_soprano__alto_diff	0.43959973362963467	0.43959973362963467	0.00e+00
c0257	posthoc_soprano__alto_p	0.028405121363428022	0.028405121363428012	3.66e-16
c0257	posthoc_soprano__alto_padj	0.08521536409028407	0.085215364090284032	4.89e-16
c0257	posthoc_soprano__alto_t	2.354319131551285	2.3543191315512848	0.00e+00
c0257	posthoc_soprano__mezzo_ci_high	0.812554350614926	0.81255435061492653	6.83e-16
c0257	posthoc_soprano__mezzo_ci_low	-0.3549040598847508	-0.35490405988475138	1.56e-15
c0257	posthoc_soprano__mezzo_cohens_d	0.36455850872861606	0.36455850872861606	0.00e+00
c0257	posthoc_soprano__mezzo_df	27.93124386694754	27.93124386694754	0.00e+00
c0257	posthoc_soprano__mezzo_diff	0.22882514536508758	0.22882514536508758	0.00e+00
c0257	posthoc_soprano__mezzo_p	0.32666419055905493	0.32666419055905482	3.40e-16
c0257	posthoc_soprano__mezzo_padj	0.9799925716771648	0.97999257167716447	3.40e-16
c0257	posthoc_soprano__mezzo_t	0.9983845938055349	0.99838459380553524	3.34e-16
c0258	k	3	3	0.00e+00
c0258	n	45	45	0.00e+00
c0258	posthoc_mezzo__alto_cohens_d	0.42851602861862575	0.42851602861862581	1.30e-16
c0258	posthoc_mezzo__alto_df	21.539933222594218	21.539933222594218	0.00e+00
c0258	posthoc_mezzo__alto_diff	0.2107745882645471	0.21077458826454709	0.00e+00
c0258	posthoc_mezzo__alto_p	0.25339310660281344	0.25339310660281439	3.72e-15
c0258	posthoc_mezzo__alto_padj	0.5067862132056269	0.50678621320562878	3.72e-15
c0258	posthoc_mezzo__alto_t	1.1735394756347532	1.1735394756347532	0.00e+00
c0258	posthoc_soprano__alto_cohens_d	0.8596757972777409	0.85967579727774091	0.00e+00
c0258	posthoc_soprano__alto_df	20.925307030787383	20.925307030787383	0.00e+00
c0258	posthoc_soprano__alto_diff	0.43959973362963467	0.43959973362963467	0.00e+00
c0258	posthoc_soprano__alto_p	0.028405121363428022	0.028405121363428012	3.66e-16
c0258	posthoc_soprano__alto_padj	0.08521536409028407	0.085215364090284032	4.89e-16
c0258	posthoc_soprano__alto_t	2.354319131551285	2.3543191315512848	0.00e+00
c0258	posthoc_soprano__mezzo_cohens_d	0.36455850872861606	0.36455850872861606	0.00e+00
c0258	posthoc_soprano__mezzo_df	27.93124386694754	27.93124386694754	0.00e+00
c0258	posthoc_soprano__mezzo_diff	0.22882514536508758	0.22882514536508758	0.00e+00
c0258	posthoc_soprano__mezzo_p	0.32666419055905493	0.32666419055905482	3.40e-16
c0258	posthoc_soprano__mezzo_padj	0.5067862132056269	0.50678621320562878	3.72e-15
c0258	posthoc_soprano__mezzo_t	0.9983845938055349	0.99838459380553524	3.34e-16
c0259	k	3	3	0.00e+00
c0259	n	45	45	0.00e+00
c0259	posthoc_mezzo__alto_cohens_d	0.42851602861862575	0.42851602861862581	1.30e-16
c0259	posthoc_mezzo__alto_df	21.539933222594218	21.539933222594218	0.00e+00
c0259	posthoc_mezzo__alto_diff	0.2107745882645471	0.21077458826454709	0.00e+00
c0259	posthoc_mezzo__alto_p	0.25339310660281344	0.25339310660281439	3.72e-15
c0259	posthoc_mezzo__alto_padj	0.32666419055905493	0.32666419055905482	3.40e-16
c0259	posthoc_mezzo__alto_t	1.1735394756347532	1.1735394756347532	0.00e+00
c0259	posthoc_soprano__alto_cohens_d	0.8596757972777409	0.85967579727774091	0.00e+00
c0259	posthoc_soprano__alto_df	20.925307030787383	20.925307030787383	0.00e+00
c0259	posthoc_soprano__alto_diff	0.43959973362963467	0.43959973362963467	0.00e+00
c0259	posthoc_soprano__alto_p	0.028405121363428022	0.028405121363428012	3.66e-16
c0259	posthoc_soprano__alto_padj	0.08521536409028407	0.085215364090284032	4.89e-16
c0259	posthoc_soprano__alto_t	2.354319131551285	2.3543191315512848	0.00e+00
c0259	posthoc_soprano__mezzo_cohens_d	0.36455850872861606	0.36455850872861606	0.00e+00
c0259	posthoc_soprano__mezzo_df	27.93124386694754	27.93124386694754	0.00e+00
c0259	posthoc_soprano__mezzo_diff	0.22882514536508758	0.22882514536508758	0.00e+00
c0259	posthoc_soprano__mezzo_p	0.32666419055905493	0.32666419055905482	3.40e-16
c0259	posthoc_soprano__mezzo_padj	0.32666419055905493	0.32666419055905482	3.40e-16
c0259	posthoc_soprano__mezzo_t	0.9983845938055349	0.99838459380553524	3.34e-16
c0260	k	3	3	0.00e+00
c0260	n	45	45	0.00e+00
c0260	posthoc_mezzo__alto_ci_high	0.6681347112133051	0.66813471121330581	9.97e-16
c0260	posthoc_mezzo__alto_ci_low	-0.24658553468421096	-0.2465855346842116	2.59e-15
c0260	posthoc_mezzo__alto_cohens_d	0.42851602861862575	0.42851602861862581	1.30e-16
c0260	posthoc_mezzo__alto_df	28	28	0.00e+00
c0260	posthoc_mezzo__alto_diff	0.2107745882645471	0.21077458826454709	0.00e+00
c0260	posthoc_mezzo__alto_p	0.2504657417867121	0.25046574178671249	1.55e-15
c0260	posthoc_mezzo__alto_padj	0.7513972253601363	0.75139722536013753	1.63e-15
c0260	posthoc_mezzo__alto_t	1.1735394756347532	1.1735394756347532	0.00e+00
c0260	posthoc_soprano__alto_ci_high	0.9150770886871886	0.91507708868718929	7.28e-16
c0260	posthoc_soprano__alto_ci_low	-0.03587762142791928	-0.03587762142791992	1.78e-14
c0260	posthoc_soprano__alto_cohens_d	0.8596757972777409	0.85967579727774091	0.00e+00
c0260	posthoc_soprano__alto_df	28	28	0.00e+00
c0260	posthoc_soprano__alto_diff	0.43959973362963467	0.43959973362963467	0.00e+00
c0260	posthoc_soprano__alto_p	0.02580286757883662	0.025802867578836649	1.08e-15
c0260	posthoc_soprano__alto_padj	0.07740860273650986	0.077408602736509943	1.08e-15
c0260	posthoc_soprano__alto_t	2.354319131551285	2.3543191315512848	0.00e+00
c0260	posthoc_soprano__mezzo_ci_high	0.8124632327165913	0.81246323271659204	9.57e-16
c0260	posthoc_soprano__mezzo_ci_low	-0.3548129419864161	-0.35481294198641689	2.19e-15
c0260	posthoc_soprano__mezzo_cohens_d	0.36455850872861606	0.36455850872861606	0.00e+00
c0260	posthoc_soprano__mezzo_df	28	28	0.00e+00
c0260	posthoc_soprano__mezzo_diff	0.22882514536508758	0.22882514536508758	0.00e+00
c0260	posthoc_soprano__mezzo_p	0.32664333475701635	0.32664333475701635	0.00e+00
c0260	posthoc_soprano__mezzo_padj	0.979930004271049	0.97993000427104904	0.00e+00
c0260	posthoc_soprano__mezzo_t	0.998384593805535	0.99838459380553524	2.22e-16
c0261	k	3	3	0.00e+00
c0261	n	45	45	0.00e+00
c0261	posthoc_mezzo__alto_cohens_d	0.42851602861862575	0.42851602861862581	1.30e-16
c0261	posthoc_mezzo__alto_df	28	28	0.00e+00
c0261	posthoc_mezzo__alto_diff	0.2107745882645471	0.21077458826454709	0.00e+00
c0261	posthoc_mezzo__alto_p	0.2504657417867121	0.25046574178671249	1.55e-15
c0261	posthoc_mezzo__alto_padj	0.5009314835734242	0.50093148357342498	1.55e-15
c0261	posthoc_mezzo__alto_t	1.1735394756347532	1.1735394756347532	0.00e+00
c0261	posthoc_soprano__alto_cohens_d	0.8596757972777409	0.85967579727774091	0.00e+00
c0261	posthoc_soprano__alto_df	28	28	0.00e+00
c0261	posthoc_soprano__alto_diff	0.43959973362963467	0.43959973362963467	0.00e+00
c0261	posthoc_soprano__alto_p	0.02580286757883662	0.025802867578836649	1.08e-15
c0261	posthoc_soprano__alto_padj	0.07740860273650986	0.077408602736509943	1.08e-15
c0261	posthoc_soprano__alto_t	2.354319131551285	2.3543191315512848	0.00e+00
c0261	posthoc_soprano__mezzo_cohens_d	0.36455850872861606	0.36455850872861606	0.00e+00
c0261	posthoc_soprano__mezzo_df	28	28	0.00e+00
c0261	posthoc_soprano__mezzo_diff	0.22882514536508758	0.22882514536508758	0.00e+00
c0261	posthoc_soprano__mezzo_p	0.32664333475701635	0.32664333475701635	0.00e+00
c0261	posthoc_soprano__mezzo_padj	0.5009314835734242	0.50093148357342498	1.55e-15
c0261	posthoc_soprano__mezzo_t	0.998384593805535	0.99838459380553524	2.22e-16
c0262	k	3	3	0.00e+00
c0262	n	45	45	0.00e+00
c0262	posthoc_mezzo__alto_cohens_d	0.42851602861862575	0.42851602861862581	1.30e-16
c0262	posthoc_mezzo__alto_df	28	28	0.00e+00
c0262	posthoc_mezzo__alto_diff	0.2107745882645471	0.21077458826454709	0.00e+00
c0262	posthoc_mezzo__alto_p	0.2504657417867121	0.25046574178671249	1.55e-15
c0262	posthoc_mezzo__alto_padj	0.32664333475701635	0.32664333475701635	0.00e+00
c0262	posthoc_mezzo__alto_t	1.1735394756347532	1.1735394756347532	0.00e+00
c0262	posthoc_soprano__alto_cohens_d	0.8596757972777409	0.85967579727774091	0.00e+00
c0262	posthoc_soprano__alto_df	28	28	0.00e+00
c0262	posthoc_soprano__alto_diff	0.43959973362963467	0.43959973362963467	0.00e+00
c0262	posthoc_soprano__alto_p	0.02580286757883662	0.025802867578836649	1.08e-15
c0262	posthoc_soprano__alto_padj	0.07740860273650986	0.077408602736509943	1.08e-15
c0262	posthoc_soprano__alto_t	2.354319131551285	2.3543191315512848	0.00e+00
c0262	posthoc_soprano__mezzo_cohens_d	0.36455850872861606	0.36455850872861606	0.00e+00
c0262	posthoc_soprano__mezzo_df	28	28	0.00e+00
c0262	posthoc_soprano__mezzo_diff	0.22882514536508758	0.22882514536508758	0.00e+00
c0262	posthoc_soprano__mezzo_p	0.32664333475701635	0.32664333475701635	0.00e+00
c0262	posthoc_soprano__mezzo_padj	0.32664333475701635	0.32664333475701635	0.00e+00
c0262	posthoc_soprano__mezzo_t	0.998384593805535	0.99838459380553524	2.22e-16
c0263	k	3	3	0.00e+00
c0263	n	45	45	0.00e+00
c0263	posthoc_mezzo__alto_ci_high	0.7509407197126441	0.75094071971264409	0.00e+00
c0263	posthoc_mezzo__alto_ci_low	-0.29858057633956037	-0.29858057633956037	0.00e+00
c0263	posthoc_mezzo__alto_diff	0.1451033608490775	0.14510336084907749	0.00e+00
c0263	posthoc_mezzo__alto_p	0.3245481748289942	0.32454817482899417	0.00e+00
c0263	posthoc_mezzo__alto_padj	0.9736445244869825	0.97364452448698247	0.00e+00
c0263	posthoc_mezzo__alto_rank_biserial	0.21777777777777776	0.21777777777777779	1.27e-16
c0263	posthoc_mezzo__alto_u	137	137	0.00e+00
c0263	posthoc_soprano__alto_ci_high	0.9696773486342156	0.96967734863421562	0.00e+00
c0263	posthoc_soprano__alto_ci_low	-0.1782147699979717	-0.1782147699979717	0.00e+00
c0263	posthoc_soprano__alto_diff	0.45879306239219364	0.45879306239219364	0.00e+00
c0263	posthoc_soprano__alto_p	0.08919477309848688	0.089194773098486876	0.00e+00
c0263	posthoc_soprano__alto_padj	0.2675843192954606	0.26758431929546062	0.00e+00
c0263	posthoc_soprano__alto_rank_biserial	0.3688888888888889	0.36888888888888888	0.00e+00
c0263	posthoc_soprano__alto_u	154	154	0.00e+00
c0263	posthoc_soprano__mezzo_ci_high	0.8430261417041427	0.8430261417041427	0.00e+00
c0263	posthoc_soprano__mezzo_ci_low	-0.3567648002708985	-0.35676480027089852	0.00e+00
c0263	posthoc_soprano__mezzo_diff	0.22321279533746807	0.22321279533746807	0.00e+00
c0263	posthoc_soprano__mezzo_p	0.46095874921156554	0.46095874921156554	0.00e+00
c0263	posthoc_soprano__mezzo_padj	1	1	0.00e+00
c0263	posthoc_soprano__mezzo_rank_biserial	0.16444444444444445	0.16444444444444439	3.38e-16
c0263	posthoc_soprano__mezzo_u	131	131	0.00e+00
c0264	k	3	3	0.00e+00
c0264	n	45	45	0.00e+00
c0264	posthoc_mezzo__alto_diff	0.1451033608490775	0.14510336084907749	0.00e+00
c0264	posthoc_mezzo__alto_p	0.3245481748289942	0.32454817482899417	0.00e+00
c0264	posthoc_mezzo__alto_padj	0.6490963496579883	0.64909634965798835	0.00e+00
c0264	posthoc_mezzo__alto_rank_biserial	0.21777777777777776	0.21777777777777779	1.27e-16
c0264	posthoc_mezzo__alto_u	137	137	0.00e+00
c0264	posthoc_soprano__alto_diff	0.45879306239219364	0.45879306239219364	0.00e+00
c0264	posthoc_soprano__alto_p	0.08919477309848688	0.089194773098486876	0.00e+00
c0264	posthoc_soprano__alto_padj	0.2675843192954606	0.26758431929546062	0.00e+00
c0264	posthoc_soprano__alto_rank_biserial	0.3688888888888889	0.36888888888888888	0.00e+00
c0264	posthoc_soprano__alto_u	154	154	0.00e+00
c0264	posthoc_soprano__mezzo_diff	0.22321279533746807	0.22321279533746807	0.00e+00
c0264	posthoc_soprano__mezzo_p	0.46095874921156554	0.46095874921156554	0.00e+00
c0264	posthoc_soprano__mezzo_padj	0.6490963496579883	0.64909634965798835	0.00e+00
c0264	posthoc_soprano__mezzo_rank_biserial	0.16444444444444445	0.16444444444444439	3.38e-16
c0264	posthoc_soprano__mezzo_u	131	131	0.00e+00
c0265	k	3	3	0.00e+00
c0265	n	45	45	0.00e+00
c0265	posthoc_mezzo__alto_diff	0.1451033608490775	0.14510336084907749	0.00e+00
c0265	posthoc_mezzo__alto_p	0.3245481748289942	0.32454817482899417	0.00e+00
c0265	posthoc_mezzo__alto_padj	0.4609587492115656	0.46095874921156554	1.20e-16
c0265	posthoc_mezzo__alto_rank_biserial	0.21777777777777776	0.21777777777777779	1.27e-16
c0265	posthoc_mezzo__alto_u	137	137	0.00e+00
c0265	posthoc_soprano__alto_diff	0.45879306239219364	0.45879306239219364	0.00e+00
c0265	posthoc_soprano__alto_p	0.08919477309848688	0.089194773098486876	0.00e+00
c0265	posthoc_soprano__alto_padj	0.2675843192954606	0.26758431929546062	0.00e+00
c0265	posthoc_soprano__alto_rank_biserial	0.3688888888888889	0.36888888888888888	0.00e+00
c0265	posthoc_soprano__alto_u	154	154	0.00e+00
c0265	posthoc_soprano__mezzo_diff	0.22321279533746807	0.22321279533746807	0.00e+00
c0265	posthoc_soprano__mezzo_p	0.46095874921156554	0.46095874921156554	0.00e+00
c0265	posthoc_soprano__mezzo_padj	0.4609587492115656	0.46095874921156554	1.20e-16
c0265	posthoc_soprano__mezzo_rank_biserial	0.16444444444444445	0.16444444444444439	3.38e-16
c0265	posthoc_soprano__mezzo_u	131	131	0.00e+00
c0266	k	3	3	0.00e+00
c0266	n	45	45	0.00e+00
c0266	posthoc_mezzo__alto_ci_high	0.7175795505440127	0.71757955054401257	1.55e-16
c0266	posthoc_mezzo__alto_ci_low	-0.2960303740149185	-0.29603037401491838	3.75e-16
c0266	posthoc_mezzo__alto_diff	0.2107745882645471	0.21077458826454709	0.00e+00
c0266	posthoc_mezzo__alto_f	0.5569328956958166	0.55693289569581639	3.99e-16
c0266	posthoc_mezzo__alto_padj	0.5771368746206458	0.577136874620646	3.85e-16
c0266	posthoc_soprano__alto_ci_high	0.9464046959091003	0.94640469590910015	1.17e-16
c0266	posthoc_soprano__alto_ci_low	-0.06720522864983092	-0.067205228649830806	1.65e-15
c0266	posthoc_soprano__alto_diff	0.43959973362963467	0.43959973362963467	0.00e+00
c0266	posthoc_soprano__alto_f	2.4225972091997674	2.4225972091997665	3.67e-16
c0266	posthoc_soprano__alto_padj	0.100987852812504	0.10098785281250394	5.50e-16
c0266	posthoc_soprano__mezzo_ci_high	0.7356301076445532	0.73563010764455306	1.51e-16
c0266	posthoc_soprano__mezzo_ci_low	-0.277979816914378	-0.2779798169143779	3.99e-16
c0266	posthoc_soprano__mezzo_diff	0.22882514536508758	0.22882514536508758	0.00e+00
c0266	posthoc_soprano__mezzo_f	0.6564079997756396	0.65640799977563957	0.00e+00
c0266	posthoc_soprano__mezzo_padj	0.5239505112259181	0.52395051122591818	2.12e-16
c0267	k	3	3	0.00e+00
c0267	n	45	45	0.00e+00
c0267	posthoc_alto__mezzo_ci_high	0.2554373887604199	0.25543738876042055	2.61e-15
c0267	posthoc_alto__mezzo_ci_low	-0.6769865652895141	-0.67698656528951473	9.84e-16
c0267	posthoc_alto__mezzo_cohens_d	-0.42851602861862575	-0.42851602861862581	1.30e-16
c0267	posthoc_alto__mezzo_df	21.539933222594218	21.539933222594218	0.00e+00
c0267	posthoc_alto__mezzo_diff	-0.2107745882645471	-0.21077458826454709	0.00e+00
c0267	posthoc_alto__mezzo_p	0.25339310660281344	0.25339310660281439	3.72e-15
c0267	posthoc_alto__mezzo_padj	0.7601793198084403	0.76017931980844322	3.80e-15
c0267	posthoc_alto__mezzo_t	-1.1735394756347532	-1.1735394756347532	0.00e+00
c0267	posthoc_alto__soprano_ci_high	0.04627495521456165	0.046274955214562132	1.03e-14
c0267	posthoc_alto__soprano_ci_low	-0.9254744224738309	-0.92547442247383138	4.80e-16
c0267	posthoc_alto__soprano_cohens_d	-0.8596757972777409	-0.85967579727774091	0.00e+00
c0267	posthoc_alto__soprano_df	20.925307030787383	20.925307030787383	0.00e+00
c0267	posthoc_alto__soprano_diff	-0.43959973362963467	-0.43959973362963467	0.00e+00
c0267	posthoc_alto__soprano_p	0.028405121363428022	0.028405121363428012	3.66e-16
c0267	posthoc_alto__soprano_padj	0.08521536409028407	0.085215364090284032	4.89e-16
c0267	posthoc_alto__soprano_t	-2.354319131551285	-2.3543191315512848	0.00e+00
c0267	posthoc_mezzo__soprano_ci_high	0.3549040598847508	0.35490405988475138	1.56e-15
c0267	posthoc_mezzo__soprano_ci_low	-0.812554350614926	-0.81255435061492653	6.83e-16
c0267	posthoc_mezzo__soprano_cohens_d	-0.36455850872861606	-0.36455850872861606	0.00e+00
c0267	posthoc_mezzo__soprano_df	27.93124386694754	27.93124386694754	0.00e+00
c0267	posthoc_mezzo__soprano_diff	-0.22882514536508758	-0.22882514536508758	0.00e+00
c0267	posthoc_mezzo__soprano_p	0.32666419055905493	0.32666419055905482	3.40e-16
c0267	posthoc_mezzo__soprano_padj	0.9799925716771648	0.97999257167716447	3.40e-16
c0267	posthoc_mezzo__soprano_t	-0.9983845938055349	-0.99838459380553524	3.34e-16
c0268	k	3	3	0.00e+00
c0268	n	45	45	0.00e+00
c0268	posthoc_alto__mezzo_cohens_d	-0.42851602861862575	-0.42851602861862581	1.30e-16
c0268	posthoc_alto__mezzo_df	21.539933222594218	21.539933222594218	0.00e+00
c0268	posthoc_alto__mezzo_diff	-0.2107745882645471	-0.21077458826454709	0.00e+00
c0268	posthoc_alto__mezzo_p	0.25339310660281344	0.25339310660281439	3.72e-15
c0268	posthoc_alto__mezzo_padj	0.5067862132056269	0.50678621320562878	3.72e-15
c0268	posthoc_alto__mezzo_t	-1.1735394756347532	-1.1735394756347532	0.00e+00
c0268	posthoc_alto__soprano_cohens_d	-0.8596757972777409	-0.85967579727774091	0.00e+00
c0268	posthoc_alto__soprano_df	20.925307030787383	20.925307030787383	0.00e+00
c0268	posthoc_alto__soprano_diff	-0.43959973362963467	-0.43959973362963467	0.00e+00
c0268	posthoc_alto__soprano_p	0.028405121363428022	0.028405121363428012	3.66e-16
c0268	posthoc_alto__soprano_padj	0.08521536409028407	0.085215364090284032	4.89e-16
c0268	posthoc_alto__soprano_t	-2.354319131551285	-2.3543191315512848	0.00e+00
c0268	posthoc_mezzo__soprano_cohens_d	-0.36455850872861606	-0.36455850872861606	0.00e+00
c0268	posthoc_mezzo__soprano_df	27.93124386694754	27.93124386694754	0.00e+00
c0268	posthoc_mezzo__soprano_diff	-0.22882514536508758	-0.22882514536508758	0.00e+00
c0268	posthoc_mezzo__soprano_p	0.32666419055905493	0.32666419055905482	3.40e-16
c0268	posthoc_mezzo__soprano_padj	0.5067862132056269	0.50678621320562878	3.72e-15
c0268	posthoc_mezzo__soprano_t	-0.9983845938055349	-0.99838459380553524	3.34e-16
c0269	k	3	3	0.00e+00
c0269	n	45	45	0.00e+00
c0269	posthoc_alto__mezzo_cohens_d	-0.42851602861862575	-0.42851602861862581	1.30e-16
c0269	posthoc_alto__mezzo_df	21.539933222594218	21.539933222594218	0.00e+00
c0269	posthoc_alto__mezzo_diff	-0.2107745882645471	-0.21077458826454709	0.00e+00
c0269	posthoc_alto__mezzo_p	0.25339310660281344	0.25339310660281439	3.72e-15
c0269	posthoc_alto__mezzo_padj	0.32666419055905493	0.32666419055905482	3.40e-16
c0269	posthoc_alto__mezzo_t	-1.1735394756347532	-1.1735394756347532	0.00e+00
c0269	posthoc_alto__soprano_cohens_d	-0.8596757972777409	-0.85967579727774091	0.00e+00
c0269	posthoc_alto__soprano_df	20.925307030787383	20.925307030787383	0.00e+00
c0269	posthoc_alto__soprano_diff	-0.43959973362963467	-0.43959973362963467	0.00e+00
c0269	posthoc_alto__soprano_p	0.028405121363428022	0.028405121363428012	3.66e-16
c0269	posthoc_alto__soprano_padj	0.08521536409028407	0.085215364090284032	4.89e-16
c0269	posthoc_alto__soprano_t	-2.354319131551285	-2.3543191315512848	0.00e+00
c0269	posthoc_mezzo__soprano_cohens_d	-0.36455850872861606	-0.36455850872861606	0.00e+00
c0269	posthoc_mezzo__soprano_df	27.93124386694754	27.93124386694754	0.00e+00
c0269	posthoc_mezzo__soprano_diff	-0.22882514536508758	-0.22882514536508758	0.00e+00
c0269	posthoc_mezzo__soprano_p	0.32666419055905493	0.32666419055905482	3.40e-16
c0269	posthoc_mezzo__soprano_padj	0.32666419055905493	0.32666419055905482	3.40e-16
c0269	posthoc_mezzo__soprano_t	-0.9983845938055349	-0.99838459380553524	3.34e-16
c0270	k	3	3	0.00e+00
c0270	n	45	45	0.00e+00
c0270	posthoc_alto__mezzo_ci_high	0.24658553468421096	0.2465855346842116	2.59e-15
c0270	posthoc_alto__mezzo_ci_low	-0.6681347112133051	-0.66813471121330581	9.97e-16
c0270	posthoc_alto__mezzo_cohens_d	-0.42851602861862575	-0.42851602861862581	1.30e-16
c0270	posthoc_alto__mezzo_df	28	28	0.00e+00
c0270	posthoc_alto__mezzo_diff	-0.2107745882645471	-0.21077458826454709	0.00e+00
c0270	posthoc_alto__mezzo_p	0.2504657417867121	0.25046574178671249	1.55e-15
c0270	posthoc_alto__mezzo_padj	0.7513972253601363	0.75139722536013753	1.63e-15
c0270	posthoc_alto__mezzo_t	-1.1735394756347532	-1.1735394756347532	0.00e+00
c0270	posthoc_alto__soprano_ci_high	0.03587762142791928	0.03587762142791992	1.78e-14
c0270	posthoc_alto__soprano_ci_low	-0.9150770886871886	-0.91507708868718929	7.28e-16
c0270	posthoc_alto__soprano_cohens_d	-0.8596757972777409	-0.85967579727774091	0.00e+00
c0270	posthoc_alto__soprano_df	28	28	0.00e+00
c0270	posthoc_alto__soprano_diff	-0.43959973362963467	-0.43959973362963467	0.00e+00
c0270	posthoc_alto__soprano_p	0.02580286757883662	0.025802867578836649	1.08e-15
c0270	posthoc_alto__soprano_padj	0.07740860273650986	0.077408602736509943	1.08e-15
c0270	posthoc_alto__soprano_t	-2.354319131551285	-2.3543191315512848	0.00e+00
c0270	posthoc_mezzo__soprano_ci_high	0.3548129419864161	0.35481294198641689	2.19e-15
c0270	posthoc_mezzo__soprano_ci_low	-0.8124632327165913	-0.81246323271659204	9.57e-16
c0270	posthoc_mezzo__soprano_cohens_d	-0.36455850872861606	-0.36455850872861606	0.00e+00
c0270	posthoc_mezzo__soprano_df	28	28	0.00e+00
c0270	posthoc_mezzo__soprano_diff	-0.22882514536508758	-0.22882514536508758	0.00e+00
c0270	posthoc_mezzo__soprano_p	0.32664333475701635	0.32664333475701635	0.00e+00
c0270	posthoc_mezzo__soprano_padj	0.979930004271049	0.97993000427104904	0.00e+00
c0270	posthoc_mezzo__soprano_t	-0.998384593805535	-0.99838459380553524	2.22e-16
c0271	k	3	3	0.00e+00
c0271	n	45	45	0.00e+00
c0271	posthoc_alto__mezzo_cohens_d	-0.42851602861862575	-0.42851602861862581	1.30e-16
c0271	posthoc_alto__mezzo_df	28	28	0.00e+00
c0271	posthoc_alto__mezzo_diff	-0.2107745882645471	-0.21077458826454709	0.00e+00
c0271	posthoc_alto__mezzo_p	0.2504657417867121	0.25046574178671249	1.55e-15
c0271	posthoc_alto__mezzo_padj	0.5009314835734242	0.50093148357342498	1.55e-15
c0271	posthoc_alto__mezzo_t	-1.1735394756347532	-1.1735394756347532	0.00e+00
c0271	posthoc_alto__soprano_cohens_d	-0.8596757972777409	-0.85967579727774091	0.00e+00
c0271	posthoc_alto__soprano_df	28	28	0.00e+00
c0271	posthoc_alto__soprano_diff	-0.43959973362963467	-0.43959973362963467	0.00e+00
c0271	posthoc_alto__soprano_p	0.02580286757883662	0.025802867578836649	1.08e-15
c0271	posthoc_alto__soprano_padj	0.07740860273650986	0.077408602736509943	1.08e-15
c0271	posthoc_alto__soprano_t	-2.354319131551285	-2.3543191315512848	0.00e+00
c0271	posthoc_mezzo__soprano_cohens_d	-0.36455850872861606	-0.36455850872861606	0.00e+00
c0271	posthoc_mezzo__soprano_df	28	28	0.00e+00
c0271	posthoc_mezzo__soprano_diff	-0.22882514536508758	-0.22882514536508758	0.00e+00
c0271	posthoc_mezzo__soprano_p	0.32664333475701635	0.32664333475701635	0.00e+00
c0271	posthoc_mezzo__soprano_padj	0.5009314835734242	0.50093148357342498	1.55e-15
c0271	posthoc_mezzo__soprano_t	-0.998384593805535	-0.99838459380553524	2.22e-16
c0272	k	3	3	0.00e+00
c0272	n	45	45	0.00e+00
c0272	posthoc_alto__mezzo_cohens_d	-0.42851602861862575	-0.42851602861862581	1.30e-16
c0272	posthoc_alto__mezzo_df	28	28	0.00e+00
c0272	posthoc_alto__mezzo_diff	-0.2107745882645471	-0.21077458826454709	0.00e+00
c0272	posthoc_alto__mezzo_p	0.2504657417867121	0.25046574178671249	1.55e-15
c0272	posthoc_alto__mezzo_padj	0.32664333475701635	0.32664333475701635	0.00e+00
c0272	posthoc_alto__mezzo_t	-1.1735394756347532	-1.1735394756347532	0.00e+00
c0272	posthoc_alto__soprano_cohens_d	-0.8596757972777409	-0.85967579727774091	0.00e+00
c0272	posthoc_alto__soprano_df	28	28	0.00e+00
c0272	posthoc_alto__soprano_diff	-0.43959973362963467	-0.43959973362963467	0.00e+00
c0272	posthoc_alto__soprano_p	0.02580286757883662	0.025802867578836649	1.08e-15
c0272	posthoc_alto__soprano_padj	0.07740860273650986	0.077408602736509943	1.08e-15
c0272	posthoc_alto__soprano_t	-2.354319131551285	-2.3543191315512848	0.00e+00
c0272	posthoc_mezzo__soprano_cohens_d	-0.36455850872861606	-0.36455850872861606	0.00e+00
c0272	posthoc_mezzo__soprano_df	28	28	0.00e+00
c0272	posthoc_mezzo__soprano_diff	-0.22882514536508758	-0.22882514536508758	0.00e+00
c0272	posthoc_mezzo__soprano_p	0.32664333475701635	0.32664333475701635	0.00e+00
c0272	posthoc_mezzo__soprano_padj	0.32664333475701635	0.32664333475701635	0.00e+00
c0272	posthoc_mezzo__soprano_t	-0.998384593805535	-0.99838459380553524	2.22e-16
c0273	k	3	3	0.00e+00
c0273	n	45	45	0.00e+00
c0273	posthoc_alto__mezzo_ci_high	0.29858057633956037	0.29858057633956037	0.00e+00
c0273	posthoc_alto__mezzo_ci_low	-0.7509407197126441	-0.75094071971264409	0.00e+00
c0273	posthoc_alto__mezzo_diff	-0.1451033608490775	-0.14510336084907749	0.00e+00
c0273	posthoc_alto__mezzo_p	0.3245481748289942	0.32454817482899417	0.00e+00
c0273	posthoc_alto__mezzo_padj	0.9736445244869825	0.97364452448698247	0.00e+00
c0273	posthoc_alto__mezzo_rank_biserial	-0.21777777777777776	-0.21777777777777779	1.27e-16
c0273	posthoc_alto__mezzo_u	88	88	0.00e+00
c0273	posthoc_alto__soprano_ci_high	0.1782147699979717	0.1782147699979717	0.00e+00
c0273	posthoc_alto__soprano_ci_low	-0.9696773486342156	-0.96967734863421562	0.00e+00
c0273	posthoc_alto__soprano_diff	-0.45879306239219364	-0.45879306239219364	0.00e+00
c0273	posthoc_alto__soprano_p	0.08919477309848688	0.089194773098486876	0.00e+00
c0273	posthoc_alto__soprano_padj	0.2675843192954606	0.26758431929546062	0.00e+00
c0273	posthoc_alto__soprano_rank_biserial	-0.3688888888888889	-0.36888888888888888	0.00e+00
c0273	posthoc_alto__soprano_u	71	71	0.00e+00
c0273	posthoc_mezzo__soprano_ci_high	0.3567648002708985	0.35676480027089852	0.00e+00
c0273	posthoc_mezzo__soprano_ci_low	-0.8430261417041427	-0.8430261417041427	0.00e+00
c0273	posthoc_mezzo__soprano_diff	-0.22321279533746807	-0.22321279533746807	0.00e+00
c0273	posthoc_mezzo__soprano_p	0.46095874921156554	0.46095874921156554	0.00e+00
c0273	posthoc_mezzo__soprano_padj	1	1	0.00e+00
c0273	posthoc_mezzo__soprano_rank_biserial	-0.16444444444444445	-0.16444444444444439	3.38e-16
c0273	posthoc_mezzo__soprano_u	94	94	0.00e+00
c0274	k	3	3	0.00e+00
c0274	n	45	45	0.00e+00
c0274	posthoc_alto__mezzo_diff	-0.1451033608490775	-0.14510336084907749	0.00e+00
c0274	posthoc_alto__mezzo_p	0.3245481748289942	0.32454817482899417	0.00e+00
c0274	posthoc_alto__mezzo_padj	0.6490963496579883	0.64909634965798835	0.00e+00
c0274	posthoc_alto__mezzo_rank_biserial	-0.21777777777777776	-0.21777777777777779	1.27e-16
c0274	posthoc_alto__mezzo_u	88	88	0.00e+00
c0274	posthoc_alto__soprano_diff	-0.45879306239219364	-0.45879306239219364	0.00e+00
c0274	posthoc_alto__soprano_p	0.08919477309848688	0.089194773098486876	0.00e+00
c0274	posthoc_alto__soprano_padj	0.2675843192954606	0.26758431929546062	0.00e+00
c0274	posthoc_alto__soprano_rank_biserial	-0.3688888888888889	-0.36888888888888888	0.00e+00
c0274	posthoc_alto__soprano_u	71	71	0.00e+00
c0274	posthoc_mezzo__soprano_diff	-0.22321279533746807	-0.22321279533746807	0.00e+00
c0274	posthoc_mezzo__soprano_p	0.46095874921156554	0.46095874921156554	0.00e+00
c0274	posthoc_mezzo__soprano_padj	0.6490963496579883	0.64909634965798835	0.00e+00
c0274	posthoc_mezzo__soprano_rank_biserial	-0.16444444444444445	-0.16444444444444439	3.38e-16
c0274	posthoc_mezzo__soprano_u	94	94	0.00e+00
c0275	k	3	3	0.00e+00
c0275	n	45	45	0.00e+00
c0275	posthoc_alto__mezzo_diff	-0.1451033608490775	-0.14510336084907749	0.00e+00
c0275	posthoc_alto__mezzo_p	0.3245481748289942	0.32454817482899417	0.00e+00
c0275	posthoc_alto__mezzo_padj	0.4609587492115656	0.46095874921156554	1.20e-16
c0275	posthoc_alto__mezzo_rank_biserial	-0.21777777777777776	-0.21777777777777779	1.27e-16
c0275	posthoc_alto__mezzo_u	88	88	0.00e+00
c0275	posthoc_alto__soprano_diff	-0.45879306239219364	-0.45879306239219364	0.00e+00
c0275	posthoc_alto__soprano_p	0.08919477309848688	0.089194773098486876	0.00e+00
c0275	posthoc_alto__soprano_padj	0.2675843192954606	0.26758431929546062	0.00e+00
c0275	posthoc_alto__soprano_rank_biserial	-0.3688888888888889	-0.36888888888888888	0.00e+00
c0275	posthoc_alto__soprano_u	71	71	0.00e+00
c0275	posthoc_mezzo__soprano_diff	-0.22321279533746807	-0.22321279533746807	0.00e+00
c0275	posthoc_mezzo__soprano_p	0.46095874921156554	0.46095874921156554	0.00e+00
c0275	posthoc_mezzo__soprano_padj	0.4609587492115656	0.46095874921156554	1.20e-16
c0275	posthoc_mezzo__soprano_rank_biserial	-0.16444444444444445	-0.16444444444444439	3.38e-16
c0275	posthoc_mezzo__soprano_u	94	94	0.00e+00
c0276	k	3	3	0.00e+00
c0276	n	45	45	0.00e+00
c0276	posthoc_alto__mezzo_ci_high	0.2960303740149187	0.29603037401491838	1.13e-15
c0276	posthoc_alto__mezzo_ci_low	-0.7175795505440129	-0.71757955054401257	4.64e-16
c0276	posthoc_alto__mezzo_diff	-0.2107745882645471	-0.21077458826454709	0.00e+00
c0276	posthoc_alto__mezzo_f	0.5569328956958164	0.55693289569581639	0.00e+00
c0276	posthoc_alto__mezzo_padj	0.577136874620646	0.577136874620646	0.00e+00
c0276	posthoc_alto__soprano_ci_high	0.06720522864983114	0.067205228649830806	4.96e-15
c0276	posthoc_alto__soprano_ci_low	-0.9464046959091005	-0.94640469590910015	3.52e-16
c0276	posthoc_alto__soprano_diff	-0.43959973362963467	-0.43959973362963467	0.00e+00
c0276	posthoc_alto__soprano_f	2.4225972091997665	2.4225972091997665	0.00e+00
c0276	posthoc_alto__soprano_padj	0.100987852812504	0.10098785281250394	5.50e-16
c0276	posthoc_mezzo__soprano_ci_high	0.27797981691437823	0.2779798169143779	1.20e-15
c0276	posthoc_mezzo__soprano_ci_low	-0.7356301076445534	-0.73563010764455306	4.53e-16
c0276	posthoc_mezzo__soprano_diff	-0.22882514536508758	-0.22882514536508758	0.00e+00
c0276	posthoc_mezzo__soprano_f	0.6564079997756394	0.65640799977563957	3.38e-16
c0276	posthoc_mezzo__soprano_padj	0.5239505112259183	0.52395051122591818	2.12e-16
c0277	k	2	2	0.00e+00
c0277	n	40	40	0.00e+00
c0277	posthoc_control__patient_ci_high	-0.9265526720468424	-0.92655267204684255	1.20e-16
c0277	posthoc_control__patient_ci_low	-1.7576248010587407	-1.7576248010587405	1.26e-16
c0277	posthoc_control__patient_cohens_d	-2.1049340330376625	-2.1049340330376625	0.00e+00
c0277	posthoc_control__patient_df	24.668456862621873	24.66845686262187	1.44e-16
c0277	posthoc_control__patient_diff	-1.3420887365527916	-1.3420887365527916	0.00e+00
c0277	posthoc_control__patient_p	6.039394008344935e-07	6.0393940083449425e-07	1.23e-15
c0277	posthoc_control__patient_padj	6.039394008344935e-07	6.0393940083449425e-07	1.23e-15
c0277	posthoc_control__patient_t	-6.65638586880313	-6.656385868803131	1.33e-16
c0278	k	2	2	0.00e+00
c0278	n	40	40	0.00e+00
c0278	posthoc_control__patient_cohens_d	-2.1049340330376625	-2.1049340330376625	0.00e+00
c0278	posthoc_control__patient_df	24.668456862621873	24.66845686262187	1.44e-16
c0278	posthoc_control__patient_diff	-1.3420887365527916	-1.3420887365527916	0.00e+00
c0278	posthoc_control__patient_p	6.039394008344935e-07	6.0393940083449425e-07	1.23e-15
c0278	posthoc_control__patient_padj	6.039394008344935e-07	6.0393940083449425e-07	1.23e-15
c0278	posthoc_control__patient_t	-6.65638586880313	-6.656385868803131	1.33e-16
c0279	k	2	2	0.00e+00
c0279	n	40	40	0.00e+00
c0279	posthoc_control__patient_cohens_d	-2.1049340330376625	-2.1049340330376625	0.00e+00
c0279	posthoc_control__patient_df	24.668456862621873	24.66845686262187	1.44e-16
c0279	posthoc_control__patient_diff	-1.3420887365527916	-1.3420887365527916	0.00e+00
c0279	posthoc_control__patient_p	6.039394008344935e-07	6.0393940083449425e-07	1.23e-15
c0279	posthoc_control__patient_padj	6.039394008344935e-07	6.0393940083449425e-07	1.23e-15
c0279	posthoc_control__patient_t	-6.65638586880313	-6.656385868803131	1.33e-16
c0280	k	2	2	0.00e+00
c0280	n	40	40	0.00e+00
c0280	posthoc_control__patient_ci_high	-0.9339218034332751	-0.93392180343327547	3.57e-16
c0280	posthoc_control__patient_ci_low	-1.750255669672308	-1.7502556696723077	1.27e-16
c0280	posthoc_control__patient_cohens_d	-2.1049340330376625	-2.1049340330376625	0.00e+00
c0280	posthoc_control__patient_df	38	38	0.00e+00
c0280	posthoc_control__patient_diff	-1.3420887365527916	-1.3420887365527916	0.00e+00
c0280	posthoc_control__patient_p	7.2000246032637e-08	7.2000246032636922e-08	1.10e-15
c0280	posthoc_control__patient_padj	7.2000246032637e-08	7.2000246032636922e-08	1.10e-15
c0280	posthoc_control__patient_t	-6.65638586880313	-6.6563858688031301	0.00e+00
c0281	k	2	2	0.00e+00
c0281	n	40	40	0.00e+00
c0281	posthoc_control__patient_cohens_d	-2.1049340330376625	-2.1049340330376625	0.00e+00
c0281	posthoc_control__patient_df	38	38	0.00e+00
c0281	posthoc_control__patient_diff	-1.3420887365527916	-1.3420887365527916	0.00e+00
c0281	posthoc_control__patient_p	7.2000246032637e-08	7.2000246032636922e-08	1.10e-15
c0281	posthoc_control__patient_padj	7.2000246032637e-08	7.2000246032636922e-08	1.10e-15
c0281	posthoc_control__patient_t	-6.65638586880313	-6.6563858688031301	0.00e+00
c0282	k	2	2	0.00e+00
c0282	n	40	40	0.00e+00
c0282	posthoc_control__patient_cohens_d	-2.1049340330376625	-2.1049340330376625	0.00e+00
c0282	posthoc_control__patient_df	38	38	0.00e+00
c0282	posthoc_control__patient_diff	-1.3420887365527916	-1.3420887365527916	0.00e+00
c0282	posthoc_control__patient_p	7.2000246032637e-08	7.2000246032636922e-08	1.10e-15
c0282	posthoc_control__patient_padj	7.2000246032637e-08	7.2000246032636922e-08	1.10e-15
c0282	posthoc_control__patient_t	-6.65638586880313	-6.6563858688031301	0.00e+00
c0283	k	2	2	0.00e+00
c0283	n	40	40	0.00e+00
c0283	posthoc_control__patient_ci_high	-0.8384026182617115	-0.83840261826171147	0.00e+00
c0283	posthoc_control__patient_ci_low	-1.83000147416009	-1.8300014741600901	0.00e+00
c0283	posthoc_control__patient_diff	-1.4538787204112351	-1.4538787204112351	0.00e+00
c0283	posthoc_control__patient_p	1.0605997934914123e-07	1.0605997934914123e-07	0.00e+00
c0283	posthoc_control__patient_padj	1.0605997934914123e-07	1.0605997934914123e-07	0.00e+00
c0283	posthoc_control__patient_rank_biserial	-0.88	-0.87999999999999989	1.26e-16
c0283	posthoc_control__patient_u	24	24	0.00e+00
c0284	k	2	2	0.00e+00
c0284	n	40	40	0.00e+00
c0284	posthoc_control__patient_diff	-1.4538787204112351	-1.4538787204112351	0.00e+00
c0284	posthoc_control__patient_p	1.0605997934914123e-07	1.0605997934914123e-07	0.00e+00
c0284	posthoc_control__patient_padj	1.0605997934914123e-07	1.0605997934914123e-07	0.00e+00
c0284	posthoc_control__patient_rank_biserial	-0.88	-0.87999999999999989	1.26e-16
c0284	posthoc_control__patient_u	24	24	0.00e+00
c0285	k	2	2	0.00e+00
c0285	n	40	40	0.00e+00
c0285	posthoc_control__patient_diff	-1.4538787204112351	-1.4538787204112351	0.00e+00
c0285	posthoc_control__patient_p	1.0605997934914123e-07	1.0605997934914123e-07	0.00e+00
c0285	posthoc_control__patient_padj	1.0605997934914123e-07	1.0605997934914123e-07	0.00e+00
c0285	posthoc_control__patient_rank_biserial	-0.88	-0.87999999999999989	1.26e-16
c0285	posthoc_control__patient_u	24	24	0.00e+00
c0286	k	2	2	0.00e+00
c0286	n	40	40	0.00e+00
c0286	posthoc_control__patient_ci_high	-0.9339218034332752	-0.93392180343327524	0.00e+00
c0286	posthoc_control__patient_ci_low	-1.750255669672308	-1.7502556696723079	0.00e+00
c0286	posthoc_control__patient_diff	-1.3420887365527916	-1.3420887365527916	0.00e+00
c0286	posthoc_control__patient_f	44.307472834402	44.307472834401999	0.00e+00
c0286	posthoc_control__patient_padj	7.2000246032637e-08	7.200024603263679e-08	2.94e-15
c0287	k	2	2	0.00e+00
c0287	n	40	40	0.00e+00
c0287	posthoc_control__patient_ci_high	-0.9265526720468424	-0.92655267204684255	1.20e-16
c0287	posthoc_control__patient_ci_low	-1.7576248010587407	-1.7576248010587405	1.26e-16
c0287	posthoc_control__patient_cohens_d	-2.1049340330376625	-2.1049340330376625	0.00e+00
c0287	posthoc_control__patient_df	24.668456862621873	24.66845686262187	1.44e-16
c0287	posthoc_control__patient_diff	-1.3420887365527916	-1.3420887365527916	0.00e+00
c0287	posthoc_control__patient_p	6.039394008344935e-07	6.0393940083449425e-07	1.23e-15
c0287	posthoc_control__patient_padj	6.039394008344935e-07	6.0393940083449425e-07	1.23e-15
c0287	posthoc_control__patient_t	-6.65638586880313	-6.656385868803131	1.33e-16
c0288	k	2	2	0.00e+00
c0288	n	40	40	0.00e+00
c0288	posthoc_control__patient_cohens_d	-2.1049340330376625	-2.1049340330376625	0.00e+00
c0288	posthoc_control__patient_df	24.668456862621873	24.66845686262187	1.44e-16
c0288	posthoc_control__patient_diff	-1.3420887365527916	-1.3420887365527916	0.00e+00
c0288	posthoc_control__patient_p	6.039394008344935e-07	6.0393940083449425e-07	1.23e-15
c0288	posthoc_control__patient_padj	6.039394008344935e-07	6.0393940083449425e-07	1.23e-15
c0288	posthoc_control__patient_t	-6.65638586880313	-6.656385868803131	1.33e-16
c0289	k	2	2	0.00e+00
c0289	n	40	40	0.00e+00
c0289	posthoc_control__patient_cohens_d	-2.1049340330376625	-2.1049340330376625	0.00e+00
c0289	posthoc_control__patient_df	24.668456862621873	24.66845686262187	1.44e-16
c0289	posthoc_control__patient_diff	-1.3420887365527916	-1.3420887365527916	0.00e+00
c0289	posthoc_control__patient_p	6.039394008344935e-07	6.0393940083449425e-07	1.23e-15
c0289	posthoc_control__patient_padj	6.039394008344935e-07	6.0393940083449425e-07	1.23e-15
c0289	posthoc_control__patient_t	-6.65638586880313	-6.656385868803131	1.33e-16
c0290	k	2	2	0.00e+00
c0290	n	40	40	0.00e+00
c0290	posthoc_control__patient_ci_high	-0.9339218034332751	-0.93392180343327547	3.57e-16
c0290	posthoc_control__patient_ci_low	-1.750255669672308	-1.7502556696723077	1.27e-16
c0290	posthoc_control__patient_cohens_d	-2.1049340330376625	-2.1049340330376625	0.00e+00
c0290	posthoc_control__patient_df	38	38	0.00e+00
c0290	posthoc_control__patient_diff	-1.3420887365527916	-1.3420887365527916	0.00e+00
c0290	posthoc_control__patient_p	7.2000246032637e-08	7.2000246032636922e-08	1.10e-15
c0290	posthoc_control__patient_padj	7.2000246032637e-08	7.2000246032636922e-08	1.10e-15
c0290	posthoc_control__patient_t	-6.65638586880313	-6.6563858688031301	0.00e+00
c0291	k	2	2	0.00e+00
c0291	n	40	40	0.00e+00
c0291	posthoc_control__patient_cohens_d	-2.1049340330376625	-2.1049340330376625	0.00e+00
c0291	posthoc_control__patient_df	38	38	0.00e+00
c0291	posthoc_control__patient_diff	-1.3420887365527916	-1.3420887365527916	0.00e+00
c0291	posthoc_control__patient_p	7.2000246032637e-08	7.2000246032636922e-08	1.10e-15
c0291	posthoc_control__patient_padj	7.2000246032637e-08	7.2000246032636922e-08	1.10e-15
c0291	posthoc_control__patient_t	-6.65638586880313	-6.6563858688031301	0.00e+00
c0292	k	2	2	0.00e+00
c0292	n	40	40	0.00e+00
c0292	posthoc_control__patient_cohens_d	-2.1049340330376625	-2.1049340330376625	0.00e+00
c0292	posthoc_control__patient_df	38	38	0.00e+00
c0292	posthoc_control__patient_diff	-1.3420887365527916	-1.3420887365527916	0.00e+00
c0292	posthoc_control__patient_p	7.2000246032637e-08	7.2000246032636922e-08	1.10e-15
c0292	posthoc_control__patient_padj	7.2000246032637e-08	7.2000246032636922e-08	1.10e-15
c0292	posthoc_control__patient_t	-6.65638586880313	-6.6563858688031301	0.00e+00
c0293	k	2	2	0.00e+00
c0293	n	40	40	0.00e+00
c0293	posthoc_control__patient_ci_high	-0.8384026182617115	-0.83840261826171147	0.00e+00
c0293	posthoc_control__patient_ci_low	-1.83000147416009	-1.8300014741600901	0.00e+00
c0293	posthoc_control__patient_diff	-1.4538787204112351	-1.4538787204112351	0.00e+00
c0293	posthoc_control__patient_p	1.0605997934914123e-07	1.0605997934914123e-07	0.00e+00
c0293	posthoc_control__patient_padj	1.0605997934914123e-07	1.0605997934914123e-07	0.00e+00
c0293	posthoc_control__patient_rank_biserial	-0.88	-0.87999999999999989	1.26e-16
c0293	posthoc_control__patient_u	24	24	0.00e+00
c0294	k	2	2	0.00e+00
c0294	n	40	40	0.00e+00
c0294	posthoc_control__patient_diff	-1.4538787204112351	-1.4538787204112351	0.00e+00
c0294	posthoc_control__patient_p	1.0605997934914123e-07	1.0605997934914123e-07	0.00e+00
c0294	posthoc_control__patient_padj	1.0605997934914123e-07	1.0605997934914123e-07	0.00e+00
c0294	posthoc_control__patient_rank_biserial	-0.88	-0.87999999999999989	1.26e-16
c0294	posthoc_control__patient_u	24	24	0.00e+00
c0295	k	2	2	0.00e+00
c0295	n	40	40	0.00e+00
c0295	posthoc_control__patient_diff	-1.4538787204112351	-1.4538787204112351	0.00e+00
c0295	posthoc_control__patient_p	1.0605997934914123e-07	1.0605997934914123e-07	0.00e+00
c0295	posthoc_control__patient_padj	1.0605997934914123e-07	1.0605997934914123e-07	0.00e+00
c0295	posthoc_control__patient_rank_biserial	-0.88	-0.87999999999999989	1.26e-16
c0295	posthoc_control__patient_u	24	24	0.00e+00
c0296	k	2	2	0.00e+00
c0296	n	40	40	0.00e+00
c0296	posthoc_control__patient_ci_high	-0.9339218034332752	-0.93392180343327524	0.00e+00
c0296	posthoc_control__patient_ci_low	-1.750255669672308	-1.7502556696723079	0.00e+00
c0296	posthoc_control__patient_diff	-1.3420887365527916	-1.3420887365527916	0.00e+00
c0296	posthoc_control__patient_f	44.307472834402	44.307472834401999	0.00e+00
c0296	posthoc_control__patient_padj	7.2000246032637e-08	7.200024603263679e-08	2.94e-15
c0297	k	2	2	0.00e+00
c0297	n	48	48	0.00e+00
c0297	posthoc_soprano__alto_ci_high	9.288476010979027	9.2884760109790268	0.00e+00
c0297	posthoc_soprano__alto_ci_low	2.964115315122511	2.9641153151225104	1.50e-16
c0297	posthoc_soprano__alto_cohens_d	1.1265285900537279	1.1265285900537281	1.97e-16
c0297	posthoc_soprano__alto_df	44.85122186889205	44.851221868892047	0.00e+00
c0297	posthoc_soprano__alto_diff	6.126295663050769	6.1262956630507688	0.00e+00
c0297	posthoc_soprano__alto_p	0.00031662029464293086	0.00031662029464293	2.74e-15
c0297	posthoc_soprano__alto_padj	0.00031662029464293086	0.00031662029464293	2.74e-15
c0297	posthoc_soprano__alto_t	3.9024095083039763	3.9024095083039763	0.00e+00
c0298	k	2	2	0.00e+00
c0298	n	48	48	0.00e+00
c0298	posthoc_soprano__alto_cohens_d	1.1265285900537279	1.1265285900537281	1.97e-16
c0298	posthoc_soprano__alto_df	44.85122186889205	44.851221868892047	0.00e+00
c0298	posthoc_soprano__alto_diff	6.126295663050769	6.1262956630507688	0.00e+00
c0298	posthoc_soprano__alto_p	0.00031662029464293086	0.00031662029464293	2.74e-15
c0298	posthoc_soprano__alto_padj	0.00031662029464293086	0.00031662029464293	2.74e-15
c0298	posthoc_soprano__alto_t	3.9024095083039763	3.9024095083039763	0.00e+00
c0299	k	2	2	0.00e+00
c0299	n	48	48	0.00e+00
c0299	posthoc_soprano__alto_cohens_d	1.1265285900537279	1.1265285900537281	1.97e-16
c0299	posthoc_soprano__alto_df	44.85122186889205	44.851221868892047	0.00e+00
c0299	posthoc_soprano__alto_diff	6.126295663050769	6.1262956630507688	0.00e+00
c0299	posthoc_soprano__alto_p	0.00031662029464293086	0.00031662029464293	2.74e-15
c0299	posthoc_soprano__alto_padj	0.00031662029464293086	0.00031662029464293	2.74e-15
c0299	posthoc_soprano__alto_t	3.9024095083039763	3.9024095083039763	0.00e+00
c0300	k	2	2	0.00e+00
c0300	n	48	48	0.00e+00
c0300	posthoc_soprano__alto_ci_high	9.286290417981935	9.2862904179819346	0.00e+00
c0300	posthoc_soprano__alto_ci_low	2.966300908119602	2.966300908119603	2.99e-16
c0300	posthoc_soprano__alto_cohens_d	1.1265285900537279	1.1265285900537281	1.97e-16
c0300	posthoc_soprano__alto_df	46	46	0.00e+00
c0300	posthoc_soprano__alto_diff	6.126295663050769	6.1262956630507688	0.00e+00
c0300	posthoc_soprano__alto_p	0.0003088228165246715	0.00030882281652467133	5.27e-16
c0300	posthoc_soprano__alto_padj	0.0003088228165246715	0.00030882281652467133	5.27e-16
c0300	posthoc_soprano__alto_t	3.9024095083039763	3.9024095083039763	0.00e+00
c0301	k	2	2	0.00e+00
c0301	n	48	48	0.00e+00
c0301	posthoc_soprano__alto_cohens_d	1.1265285900537279	1.1265285900537281	1.97e-16
c0301	posthoc_soprano__alto_df	46	46	0.00e+00
c0301	posthoc_soprano__alto_diff	6.126295663050769	6.1262956630507688	0.00e+00
c0301	posthoc_soprano__alto_p	0.0003088228165246715	0.00030882281652467133	5.27e-16
c0301	posthoc_soprano__alto_padj	0.0003088228165246715	0.00030882281652467133	5.27e-16
c0301	posthoc_soprano__alto_t	3.9024095083039763	3.9024095083039763	0.00e+00
c0302	k	2	2	0.00e+00
c0302	n	48	48	0.00e+00
c0302	posthoc_soprano__alto_cohens_d	1.1265285900537279	1.1265285900537281	1.97e-16
c0302	posthoc_soprano__alto_df	46	46	0.00e+00
c0302	posthoc_soprano__alto_diff	6.126295663050769	6.1262956630507688	0.00e+00
c0302	posthoc_soprano__alto_p	0.0003088228165246715	0.00030882281652467133	5.27e-16
c0302	posthoc_soprano__alto_padj	0.0003088228165246715	0.00030882281652467133	5.27e-16
c0302	posthoc_soprano__alto_t	3.9024095083039763	3.9024095083039763	0.00e+00
c0303	k	2	2	0.00e+00
c0303	n	48	48	0.00e+00
c0303	posthoc_soprano__alto_ci_high	8.971383597934178	8.9713835979341781	0.00e+00
c0303	posthoc_soprano__alto_ci_low	2.807291550781372	2.8072915507813718	0.00e+00
c0303	posthoc_soprano__alto_diff	6.165725480617105	6.1657254806171053	0.00e+00
c0303	posthoc_soprano__alto_p	0.0027296853011788804	0.0027296853011788804	0.00e+00
c0303	posthoc_soprano__alto_padj	0.0027296853011788804	0.0027296853011788804	0.00e+00
c0303	posthoc_soprano__alto_rank_biserial	0.4965277777777778	0.49652777777777773	1.12e-16
c0303	posthoc_soprano__alto_u	431	431	0.00e+00
c0304	k	2	2	0.00e+00
c0304	n	48	48	0.00e+00
c0304	posthoc_soprano__alto_diff	6.165725480617105	6.1657254806171053	0.00e+00
c0304	posthoc_soprano__alto_p	0.0027296853011788804	0.0027296853011788804	0.00e+00
c0304	posthoc_soprano__alto_padj	0.0027296853011788804	0.0027296853011788804	0.00e+00
c0304	posthoc_soprano__alto_rank_biserial	0.4965277777777778	0.49652777777777773	1.12e-16
c0304	posthoc_soprano__alto_u	431	431	0.00e+00
c0305	k	2	2	0.00e+00
c0305	n	48	48	0.00e+00
c0305	posthoc_soprano__alto_diff	6.165725480617105	6.1657254806171053	0.00e+00
c0305	posthoc_soprano__alto_p	0.0027296853011788804	0.0027296853011788804	0.00e+00
c0305	posthoc_soprano__alto_padj	0.0027296853011788804	0.0027296853011788804	0.00e+00
c0305	posthoc_soprano__alto_rank_biserial	0.4965277777777778	0.49652777777777773	1.12e-16
c0305	posthoc_soprano__alto_u	431	431	0.00e+00
c0306	k	2	2	0.00e+00
c0306	n	48	48	0.00e+00
c0306	posthoc_soprano__alto_ci_high	9.286290417981935	9.2862904179819363	1.91e-16
c0306	posthoc_soprano__alto_ci_low	2.9663009081196026	2.9663009081196008	5.99e-16
c0306	posthoc_soprano__alto_diff	6.126295663050769	6.1262956630507688	0.00e+00
c0306	posthoc_soprano__alto_f	15.228799970501292	15.228799970501282	7.00e-16
c0306	posthoc_soprano__alto_padj	0.000308822816524671	0.00030882281652467133	1.05e-15
c0307	k	2	2	0.00e+00
c0307	n	48	48	0.00e+00
c0307	posthoc_alto__soprano_ci_high	-2.964115315122511	-2.9641153151225104	1.50e-16
c0307	posthoc_alto__soprano_ci_low	-9.288476010979027	-9.2884760109790268	0.00e+00
c0307	posthoc_alto__soprano_cohens_d	-1.1265285900537279	-1.1265285900537281	1.97e-16
c0307	posthoc_alto__soprano_df	44.85122186889205	44.851221868892047	0.00e+00
c0307	posthoc_alto__soprano_diff	-6.126295663050769	-6.1262956630507688	0.00e+00
c0307	posthoc_alto__soprano_p	0.00031662029464293086	0.00031662029464293	2.74e-15
c0307	posthoc_alto__soprano_padj	0.00031662029464293086	0.00031662029464293	2.74e-15
c0307	posthoc_alto__soprano_t	-3.9024095083039763	-3.9024095083039763	0.00e+00
c0308	k	2	2	0.00e+00
c0308	n	48	48	0.00e+00
c0308	posthoc_alto__soprano_cohens_d	-1.1265285900537279	-1.1265285900537281	1.97e-16
c0308	posthoc_alto__soprano_df	44.85122186889205	44.851221868892047	0.00e+00
c0308	posthoc_alto__soprano_diff	-6.126295663050769	-6.1262956630507688	0.00e+00
c0308	posthoc_alto__soprano_p	0.00031662029464293086	0.00031662029464293	2.74e-15
c0308	posthoc_alto__soprano_padj	0.00031662029464293086	0.00031662029464293	2.74e-15
c0308	posthoc_alto__soprano_t	-3.9024095083039763	-3.9024095083039763	0.00e+00
c0309	k	2	2	0.00e+00
c0309	n	48	48	0.00e+00
c0309	posthoc_alto__soprano_cohens_d	-1.1265285900537279	-1.1265285900537281	1.97e-16
c0309	posthoc_alto__soprano_df	44.85122186889205	44.851221868892047	0.00e+00
c0309	posthoc_alto__soprano_diff	-6.126295663050769	-6.1262956630507688	0.00e+00
c0309	posthoc_alto__soprano_p	0.00031662029464293086	0.00031662029464293	2.74e-15
c0309	posthoc_alto__soprano_padj	0.00031662029464293086	0.00031662029464293	2.74e-15
c0309	posthoc_alto__soprano_t	-3.9024095083039763	-3.9024095083039763	0.00e+00
c0310	k	2	2	0.00e+00
c0310	n	48	48	0.00e+00
c0310	posthoc_alto__soprano_ci_high	-2.966300908119602	-2.966300908119603	2.99e-16
c0310	posthoc_alto__soprano_ci_low	-9.286290417981935	-9.2862904179819346	0.00e+00
c0310	posthoc_alto__soprano_cohens_d	-1.1265285900537279	-1.1265285900537281	1.97e-16
c0310	posthoc_alto__soprano_df	46	46	0.00e+00
c0310	posthoc_alto__soprano_diff	-6.126295663050769	-6.1262956630507688	0.00e+00
c0310	posthoc_alto__soprano_p	0.0003088228165246715	0.00030882281652467133	5.27e-16
c0310	posthoc_alto__soprano_padj	0.0003088228165246715	0.00030882281652467133	5.27e-16
c0310	posthoc_alto__soprano_t	-3.9024095083039763	-3.9024095083039763	0.00e+00
c0311	k	2	2	0.00e+00
c0311	n	48	48	0.00e+00
c0311	posthoc_alto__soprano_cohens_d	-1.1265285900537279	-1.1265285900537281	1.97e-16
c0311	posthoc_alto__soprano_df	46	46	0.00e+00
c0311	posthoc_alto__soprano_diff	-6.126295663050769	-6.1262956630507688	0.00e+00
c0311	posthoc_alto__soprano_p	0.0003088228165246715	0.00030882281652467133	5.27e-16
c0311	posthoc_alto__soprano_padj	0.0003088228165246715	0.00030882281652467133	5.27e-16
c0311	posthoc_alto__soprano_t	-3.9024095083039763	-3.9024095083039763	0.00e+00
c0312	k	2	2	0.00e+00
c0312	n	48	48	0.00e+00
c0312	posthoc_alto__soprano_cohens_d	-1.1265285900537279	-1.1265285900537281	1.97e-16
c0312	posthoc_alto__soprano_df	46	46	0.00e+00
c0312	posthoc_alto__soprano_diff	-6.126295663050769	-6.1262956630507688	0.00e+00
c0312	posthoc_alto__soprano_p	0.0003088228165246715	0.00030882281652467133	5.27e-16
c0312	posthoc_alto__soprano_padj	0.0003088228165246715	0.00030882281652467133	5.27e-16
c0312	posthoc_alto__soprano_t	-3.9024095083039763	-3.9024095083039763	0.00e+00
c0313	k	2	2	0.00e+00
c0313	n	48	48	0.00e+00
c0313	posthoc_alto__soprano_ci_high	-2.807291550781372	-2.8072915507813718	0.00e+00
c0313	posthoc_alto__soprano_ci_low	-8.971383597934178	-8.9713835979341781	0.00e+00
c0313	posthoc_alto__soprano_diff	-6.165725480617105	-6.1657254806171053	0.00e+00
c0313	posthoc_alto__soprano_p	0.0027296853011788804	0.0027296853011788804	0.00e+00
c0313	posthoc_alto__soprano_padj	0.0027296853011788804	0.0027296853011788804	0.00e+00
c0313	posthoc_alto__soprano_rank_biserial	-0.4965277777777778	-0.49652777777777773	1.12e-16
c0313	posthoc_alto__soprano_u	145	145	0.00e+00
c0314	k	2	2	0.00e+00
c0314	n	48	48	0.00e+00
c0314	posthoc_alto__soprano_diff	-6.165725480617105	-6.1657254806171053	0.00e+00
c0314	posthoc_alto__soprano_p	0.0027296853011788804	0.0027296853011788804	0.00e+00
c0314	posthoc_alto__soprano_padj	0.0027296853011788804	0.0027296853011788804	0.00e+00
c0314	posthoc_alto__soprano_rank_biserial	-0.4965277777777778	-0.49652777777777773	1.12e-16
c0314	posthoc_alto__soprano_u	145	145	0.00e+00
c0315	k	2	2	0.00e+00
c0315	n	48	48	0.00e+00
c0315	posthoc_alto__soprano_diff	-6.165725480617105	-6.1657254806171053	0.00e+00
c0315	posthoc_alto__soprano_p	0.0027296853011788804	0.0027296853011788804	0.00e+00
c0315	posthoc_alto__soprano_padj	0.0027296853011788804	0.0027296853011788804	0.00e+00
c0315	posthoc_alto__soprano_rank_biserial	-0.4965277777777778	-0.49652777777777773	1.12e-16
c0315	posthoc_alto__soprano_u	145	145	0.00e+00
c0316	k	2	2	0.00e+00
c0316	n	48	48	0.00e+00
c0316	posthoc_alto__soprano_ci_high	-2.966300908119602	-2.9663009081196008	4.49e-16
c0316	posthoc_alto__soprano_ci_low	-9.286290417981935	-9.2862904179819363	1.91e-16
c0316	posthoc_alto__soprano_diff	-6.126295663050769	-6.1262956630507688	0.00e+00
c0316	posthoc_alto__soprano_f	15.228799970501285	15.228799970501282	2.33e-16
c0316	posthoc_alto__soprano_padj	0.0003088228165246715	0.00030882281652467133	5.27e-16
c0317	k	5	5	0.00e+00
c0317	n	50	50	0.00e+00
c0317	posthoc_corr__mwu_ci_high	6.78529153724255	6.7852915372425624	1.83e-15
c0317	posthoc_corr__mwu_ci_low	-0.6424343943854081	-0.64243439438542016	1.88e-14
c0317	posthoc_corr__mwu_cohens_d	0.9827358526596335	0.98273585265963326	2.26e-16
c0317	posthoc_corr__mwu_df	14.026898610778254	14.026898610778256	1.27e-16
c0317	posthoc_corr__mwu_diff	3.071428571428571	3.0714285714285712	0.00e+00
c0317	posthoc_corr__mwu_p	0.015639701607947816	0.015639701607947799	1.11e-15
c0317	posthoc_corr__mwu_padj	0.15639701607947815	0.15639701607947798	1.06e-15
c0317	posthoc_corr__mwu_t	2.749454917621261	2.7494549176212608	0.00e+00
c0317	posthoc_corr__perfect_ci_high	5.830551399450007	5.8305513994500169	1.68e-15
c0317	posthoc_corr__perfect_ci_low	-0.6876942565928652	-0.6876942565928752	1.45e-14
c0317	posthoc_corr__perfect_cohens_d	0.9215557470842439	0.92155574708424393	0.00e+00
c0317	posthoc_corr__perfect_df	18.925999014422576	18.925999014422569	3.75e-16
c0317	posthoc_corr__perfect_diff	2.571428571428571	2.5714285714285712	0.00e+00
c0317	posthoc_corr__perfect_p	0.02153786164407209	0.021537861644072072	8.05e-16
c0317	posthoc_corr__perfect_padj	0.2153786164407209	0.2153786164407207	9.02e-16
c0317	posthoc_corr__perfect_t	2.5053113578905046	2.5053113578905046	0.00e+00
c0317	posthoc_paired__corr_ci_high	12.695840426669216	12.695840426669227	8.39e-16
c0317	posthoc_paired__corr_ci_low	5.494635763806974	5.4946357638069632	1.94e-15
c0317	posthoc_paired__corr_cohens_d	3.0043639277189063	3.0043639277189058	1.48e-16
c0317	posthoc_paired__corr_df	23.490046769286725	23.490046769286725	0.00e+00
c0317	posthoc_paired__corr_diff	9.095238095238095	9.0952380952380949	0.00e+00
c0317	posthoc_paired__corr_p	5.4209809769951396e-08	5.420980976995135e-08	8.54e-16
c0317	posthoc_paired__corr_padj	5.42098097699514e-07	5.4209809769951353e-07	7.81e-16
c0317	posthoc_paired__corr_t	7.823711198795349	7.8237111987953494	0.00e+00
c0317	posthoc_paired__mwu_ci_high	15.578298972588428	15.57829897258844	7.98e-16
c0317	posthoc_paired__mwu_ci_low	8.755034360744904	8.7550343607448919	1.42e-15
c0317	posthoc_paired__mwu_cohens_d	5.303958509195748	5.3039585091957484	0.00e+00
c0317	posthoc_paired__mwu_df	10.642769276189538	10.642769276189536	1.67e-16
c0317	posthoc_paired__mwu_diff	12.166666666666666	12.166666666666666	0.00e+00
c0317	posthoc_paired__mwu_p	1.0112453495982535e-07	1.0112453495982559e-07	2.36e-15
c0317	posthoc_paired__mwu_padj	1.0112453495982535e-06	1.011245349598256e-06	2.51e-15
c0317	posthoc_paired__mwu_t	12.569912307482092	12.569912307482092	0.00e+00
c0317	posthoc_paired__perfect_ci_high	14.414414062834304	14.414414062834313	6.16e-16
c0317	posthoc_paired__perfect_ci_low	8.918919270499028	8.9189192704990212	7.97e-16
c0317	posthoc_paired__perfect_cohens_d	5.540916385036406	5.5409163850364056	0.00e+00
c0317	posthoc_paired__perfect_df	18.31945502967194	18.319455029671932	3.88e-16
c0317	posthoc_paired__perfect_diff	11.666666666666666	11.666666666666666	0.00e+00
c0317	posthoc_paired__perfect_p	5.514634595004311e-11	5.5146345950043198e-11	1.64e-15
c0317	posthoc_paired__perfect_padj	5.514634595004311e-10	5.5146345950043201e-10	1.69e-15
c0317	posthoc_paired__perfect_t	13.5400640077266	13.540064007726601	0.00e+00
c0317	posthoc_perfect__mwu_ci_high	3.83699073995395	3.8369907399539636	3.59e-15
c0317	posthoc_perfect__mwu_ci_low	-2.83699073995395	-2.836990739953964	5.01e-15
c0317	posthoc_perfect__mwu_cohens_d	0.3464101615137754	0.34641016151377541	0.00e+00
c0317	posthoc_perfect__mwu_df	6.442489851150203	6.4424898511502029	0.00e+00
c0317	posthoc_perfect__mwu_diff	0.5	0.5	0.00e+00
c0317	posthoc_perfect__mwu_p	0.5531166300326702	0.55311663003267042	4.01e-16
c0317	posthoc_perfect__mwu_padj	1	1	0.00e+00
c0317	posthoc_perfect__mwu_t	0.6255432421712243	0.62554324217122426	0.00e+00
c0317	posthoc_welch__corr_ci_high	10.685327545723366	10.685327545723379	1.16e-15
c0317	posthoc_welch__corr_ci_low	2.1718153114194916	2.1718153114194791	5.73e-15
c0317	posthoc_welch__corr_cohens_d	1.9411425885796207	1.9411425885796207	0.00e+00
c0317	posthoc_welch__corr_df	20.415307172417684	20.41530717241768	1.74e-16
c0317	posthoc_welch__corr_diff	6.428571428571429	6.4285714285714288	0.00e+00
c0317	posthoc_welch__corr_p	0.00011611549023031874	0.00011611549023031844	2.57e-15
c0317	posthoc_welch__corr_padj	0.0011611549023031874	0.0011611549023031844	2.61e-15
c0317	posthoc_welch__corr_t	4.750506939523274	4.7505069395232749	1.87e-16
c0317	posthoc_welch__mwu_ci_high	13.589796848662747	13.589796848662761	1.05e-15
c0317	posthoc_welch__mwu_ci_low	5.410203151337252	5.4102031513372379	2.63e-15
c0317	posthoc_welch__mwu_cohens_d	3.3763886032268258	3.3763886032268267	2.63e-16
c0317	posthoc_welch__mwu_df	11.876712328767125	11.876712328767125	0.00e+00
c0317	posthoc_welch__mwu_diff	9.5	9.5	0.00e+00
c0317	posthoc_welch__mwu_p	4.112418738517862e-06	4.1124187385178546e-06	1.85e-15
c0317	posthoc_welch__mwu_padj	4.1124187385178624e-05	4.1124187385178549e-05	1.81e-15
c0317	posthoc_welch__mwu_t	7.981596478959655	7.9815964789596556	1.11e-16
c0317	posthoc_welch__paired_ci_high	1.3055223504015494	1.3055223504015618	9.52e-15
c0317	posthoc_welch__paired_ci_low	-6.6388556837348816	-6.6388556837348931	1.74e-15
c0317	posthoc_welch__paired_cohens_d	-0.9467621366623015	-0.94676213666230169	2.35e-16
c0317	posthoc_welch__paired_df	17.028808201623235	17.028808201623235	0.00e+00
c0317	posthoc_welch__paired_diff	-2.666666666666666	-2.6666666666666661	0.00e+00
c0317	posthoc_welch__paired_p	0.04507196258852341	0.0450719625885233	2.46e-15
c0317	posthoc_welch__paired_padj	0.4507196258852341	0.45071962588523301	2.46e-15
c0317	posthoc_welch__paired_t	-2.162808559208922	-2.1628085592089219	0.00e+00
c0317	posthoc_welch__perfect_ci_high	12.73919124588566	12.739191245885671	8.37e-16
c0317	posthoc_welch__perfect_ci_low	5.260808754114341	5.2608087541143274	2.53e-15
c0317	posthoc_welch__perfect_cohens_d	3.640679257301507	3.6406792573015077	1.22e-16
c0317	posthoc_welch__perfect_df	12.811764705882355	12.811764705882359	2.77e-16
c0317	posthoc_welch__perfect_diff	9	9	0.00e+00
c0317	posthoc_welch__perfect_p	2.0360745160275393e-06	2.0360745160275309e-06	4.16e-15
c0317	posthoc_welch__perfect_padj	2.0360745160275394e-05	2.0360745160275309e-05	4.16e-15
c0317	posthoc_welch__perfect_t	8.140806303599616	8.1408063035996161	0.00e+00
c0318	k	5	5	0.00e+00
c0318	n	50	50	0.00e+00
c0318	posthoc_corr__mwu_cohens_d	0.9827358526596335	0.98273585265963326	2.26e-16
c0318	posthoc_corr__mwu_df	14.026898610778254	14.026898610778256	1.27e-16
c0318	posthoc_corr__mwu_diff	3.071428571428571	3.0714285714285712	0.00e+00
c0318	posthoc_corr__mwu_p	0.015639701607947816	0.015639701607947799	1.11e-15
c0318	posthoc_corr__mwu_padj	0.06255880643179126	0.062558806431791195	1.11e-15
c0318	posthoc_corr__mwu_t	2.749454917621261	2.7494549176212608	0.00e+00
c0318	posthoc_corr__perfect_cohens_d	0.9215557470842439	0.92155574708424393	0.00e+00
c0318	posthoc_corr__perfect_df	18.925999014422576	18.925999014422569	3.75e-16
c0318	posthoc_corr__perfect_diff	2.571428571428571	2.5714285714285712	0.00e+00
c0318	posthoc_corr__perfect_p	0.02153786164407209	0.021537861644072072	8.05e-16
c0318	posthoc_corr__perfect_padj	0.06461358493221626	0.064613584932216223	6.44e-16
c0318	posthoc_corr__perfect_t	2.5053113578905046	2.5053113578905046	0.00e+00
c0318	posthoc_paired__corr_cohens_d	3.0043639277189063	3.0043639277189058	1.48e-16
c0318	posthoc_paired__corr_df	23.490046769286725	23.490046769286725	0.00e+00
c0318	posthoc_paired__corr_diff	9.095238095238095	9.0952380952380949	0.00e+00
c0318	posthoc_paired__corr_p	5.4209809769951396e-08	5.420980976995135e-08	8.54e-16
c0318	posthoc_paired__corr_padj	4.878882879295625e-07	4.8788828792956211e-07	8.68e-16
c0318	posthoc_paired__corr_t	7.823711198795349	7.8237111987953494	0.00e+00
c0318	posthoc_paired__mwu_cohens_d	5.303958509195748	5.3039585091957484	0.00e+00
c0318	posthoc_paired__mwu_df	10.642769276189538	10.642769276189536	1.67e-16
c0318	posthoc_paired__mwu_diff	12.166666666666666	12.166666666666666	0.00e+00
c0318	posthoc_paired__mwu_p	1.0112453495982535e-07	1.0112453495982559e-07	2.36e-15
c0318	posthoc_paired__mwu_padj	8.089962796786028e-07	8.0899627967860474e-07	2.36e-15
c0318	posthoc_paired__mwu_t	12.569912307482092	12.569912307482092	0.00e+00
c0318	posthoc_paired__perfect_cohens_d	5.540916385036406	5.5409163850364056	0.00e+00
c0318	posthoc_paired__perfect_df	18.31945502967194	18.319455029671932	3.88e-16
c0318	posthoc_paired__perfect_diff	11.666666666666666	11.666666666666666	0.00e+00
c0318	posthoc_paired__perfect_p	5.514634595004311e-11	5.5146345950043198e-11	1.64e-15
c0318	posthoc_paired__perfect_padj	5.514634595004311e-10	5.5146345950043201e-10	1.69e-15
c0318	posthoc_paired__perfect_t	13.5400640077266	13.540064007726601	0.00e+00
c0318	posthoc_perfect__mwu_cohens_d	0.3464101615137754	0.34641016151377541	0.00e+00
c0318	posthoc_perfect__mwu_df	6.442489851150203	6.4424898511502029	0.00e+00
c0318	posthoc_perfect__mwu_diff	0.5	0.5	0.00e+00
c0318	posthoc_perfect__mwu_p	0.5531166300326702	0.55311663003267042	4.01e-16
c0318	posthoc_perfect__mwu_padj	0.5531166300326702	0.55311663003267042	4.01e-16
c0318	posthoc_perfect__mwu_t	0.6255432421712243	0.62554324217122426	0.00e+00
c0318	posthoc_welch__corr_cohens_d	1.9411425885796207	1.9411425885796207	0.00e+00
c0318	posthoc_welch__corr_df	20.415307172417684	20.41530717241768	1.74e-16
c0318	posthoc_welch__corr_diff	6.428571428571429	6.4285714285714288	0.00e+00
c0318	posthoc_welch__corr_p	0.00011611549023031874	0.00011611549023031844	2.57e-15
c0318	posthoc_welch__corr_padj	0.0005805774511515937	0.00058057745115159219	2.61e-15
c0318	posthoc_welch__corr_t	4.750506939523274	4.7505069395232749	1.87e-16
c0318	posthoc_welch__mwu_cohens_d	3.3763886032268258	3.3763886032268267	2.63e-16
c0318	posthoc_welch__mwu_df	11.876712328767125	11.876712328767125	0.00e+00
c0318	posthoc_welch__mwu_diff	9.5	9.5	0.00e+00
c0318	posthoc_welch__mwu_p	4.112418738517862e-06	4.1124187385178546e-06	1.85e-15
c0318	posthoc_welch__mwu_padj	2.467451243110717e-05	2.4674512431107127e-05	1.79e-15
c0318	posthoc_welch__mwu_t	7.981596478959655	7.9815964789596556	1.11e-16
c0318	posthoc_welch__paired_cohens_d	-0.9467621366623015	-0.94676213666230169	2.35e-16
c0318	posthoc_welch__paired_df	17.028808201623235	17.028808201623235	0.00e+00
c0318	posthoc_welch__paired_diff	-2.666666666666666	-2.6666666666666661	0.00e+00
c0318	posthoc_welch__paired_p	0.04507196258852341	0.0450719625885233	2.46e-15
c0318	posthoc_welch__paired_padj	0.09014392517704682	0.090143925177046599	2.46e-15
c0318	posthoc_welch__paired_t	-2.162808559208922	-2.1628085592089219	0.00e+00
c0318	posthoc_welch__perfect_cohens_d	3.640679257301507	3.6406792573015077	1.22e-16
c0318	posthoc_welch__perfect_df	12.811764705882355	12.811764705882359	2.77e-16
c0318	posthoc_welch__perfect_diff	9	9	0.00e+00
c0318	posthoc_welch__perfect_p	2.0360745160275393e-06	2.0360745160275309e-06	4.16e-15
c0318	posthoc_welch__perfect_padj	1.4252521612192775e-05	1.4252521612192716e-05	4.16e-15
c0318	posthoc_welch__perfect_t	8.140806303599616	8.1408063035996161	0.00e+00
c0319	k	5	5	0.00e+00
c0319	n	50	50	0.00e+00
c0319	posthoc_corr__mwu_cohens_d	0.9827358526596335	0.98273585265963326	2.26e-16
c0319	posthoc_corr__mwu_df	14.026898610778254	14.026898610778256	1.27e-16
c0319	posthoc_corr__mwu_diff	3.071428571428571	3.0714285714285712	0.00e+00
c0319	posthoc_corr__mwu_p	0.015639701607947816	0.015639701607947799	1.11e-15
c0319	posthoc_corr__mwu_padj	0.02234243086849688	0.022342430868496854	1.09e-15
c0319	posthoc_corr__mwu_t	2.749454917621261	2.7494549176212608	0.00e+00
c0319	posthoc_corr__perfect_cohens_d	0.9215557470842439	0.92155574708424393	0.00e+00
c0319	posthoc_corr__perfect_df	18.925999014422576	18.925999014422569	3.75e-16
c0319	posthoc_corr__perfect_diff	2.571428571428571	2.5714285714285712	0.00e+00
c0319	posthoc_corr__perfect_p	0.02153786164407209	0.021537861644072072	8.05e-16
c0319	posthoc_corr__perfect_padj	0.026922327055090112	0.026922327055090088	9.02e-16
c0319	posthoc_corr__perfect_t	2.5053113578905046	2.5053113578905046	0.00e+00
c0319	posthoc_paired__corr_cohens_d	3.0043639277189063	3.0043639277189058	1.48e-16
c0319	posthoc_paired__corr_df	23.490046769286725	23.490046769286725	0.00e+00
c0319	posthoc_paired__corr_diff	9.095238095238095	9.0952380952380949	0.00e+00
c0319	posthoc_paired__corr_p	5.4209809769951396e-08	5.420980976995135e-08	8.54e-16
c0319	posthoc_paired__corr_padj	2.71049048849757e-07	2.7104904884975676e-07	7.81e-16
c0319	posthoc_paired__corr_t	7.823711198795349	7.8237111987953494	0.00e+00
c0319	posthoc_paired__mwu_cohens_d	5.303958509195748	5.3039585091957484	0.00e+00
c0319	posthoc_paired__mwu_df	10.642769276189538	10.642769276189536	1.67e-16
c0319	posthoc_paired__mwu_diff	12.166666666666666	12.166666666666666	0.00e+00
c0319	posthoc_paired__mwu_p	1.0112453495982535e-07	1.0112453495982559e-07	2.36e-15
c0319	posthoc_paired__mwu_padj	3.370817831994178e-07	3.3708178319941867e-07	2.51e-15
c0319	posthoc_paired__mwu_t	12.569912307482092	12.569912307482092	0.00e+00
c0319	posthoc_paired__perfect_cohens_d	5.540916385036406	5.5409163850364056	0.00e+00
c0319	posthoc_paired__perfect_df	18.31945502967194	18.319455029671932	3.88e-16
c0319	posthoc_paired__perfect_diff	11.666666666666666	11.666666666666666	0.00e+00
c0319	posthoc_paired__perfect_p	5.514634595004311e-11	5.5146345950043198e-11	1.64e-15
c0319	posthoc_paired__perfect_padj	5.514634595004311e-10	5.5146345950043201e-10	1.69e-15
c0319	posthoc_paired__perfect_t	13.5400640077266	13.540064007726601	0.00e+00
c0319	posthoc_perfect__mwu_cohens_d	0.3464101615137754	0.34641016151377541	0.00e+00
c0319	posthoc_perfect__mwu_df	6.442489851150203	6.4424898511502029	0.00e+00
c0319	posthoc_perfect__mwu_diff	0.5	0.5	0.00e+00
c0319	posthoc_perfect__mwu_p	0.5531166300326702	0.55311663003267042	4.01e-16
c0319	posthoc_perfect__mwu_padj	0.5531166300326702	0.55311663003267042	4.01e-16
c0319	posthoc_perfect__mwu_t	0.6255432421712243	0.62554324217122426	0.00e+00
c0319	posthoc_welch__corr_cohens_d	1.9411425885796207	1.9411425885796207	0.00e+00
c0319	posthoc_welch__corr_df	20.415307172417684	20.41530717241768	1.74e-16
c0319	posthoc_welch__corr_diff	6.428571428571429	6.4285714285714288	0.00e+00
c0319	posthoc_welch__corr_p	0.00011611549023031874	0.00011611549023031844	2.57e-15
c0319	posthoc_welch__corr_padj	0.00019352581705053124	0.00019352581705053075	2.52e-15
c0319	posthoc_welch__corr_t	4.750506939523274	4.7505069395232749	1.87e-16
c0319	posthoc_welch__mwu_cohens_d	3.3763886032268258	3.3763886032268267	2.63e-16
c0319	posthoc_welch__mwu_df	11.876712328767125	11.876712328767125	0.00e+00
c0319	posthoc_welch__mwu_diff	9.5	9.5	0.00e+00
c0319	posthoc_welch__mwu_p	4.112418738517862e-06	4.1124187385178546e-06	1.85e-15
c0319	posthoc_welch__mwu_padj	8.224837477035724e-06	8.2248374770357091e-06	1.85e-15
c0319	posthoc_welch__mwu_t	7.981596478959655	7.9815964789596556	1.11e-16
c0319	posthoc_welch__paired_cohens_d	-0.9467621366623015	-0.94676213666230169	2.35e-16
c0319	posthoc_welch__paired_df	17.028808201623235	17.028808201623235	0.00e+00
c0319	posthoc_welch__paired_diff	-2.666666666666666	-2.6666666666666661	0.00e+00
c0319	posthoc_welch__paired_p	0.04507196258852341	0.0450719625885233	2.46e-15
c0319	posthoc_welch__paired_padj	0.05007995843169268	0.050079958431692558	2.49e-15
c0319	posthoc_welch__paired_t	-2.162808559208922	-2.1628085592089219	0.00e+00
c0319	posthoc_welch__perfect_cohens_d	3.640679257301507	3.6406792573015077	1.22e-16
c0319	posthoc_welch__perfect_df	12.811764705882355	12.811764705882359	2.77e-16
c0319	posthoc_welch__perfect_diff	9	9	0.00e+00
c0319	posthoc_welch__perfect_p	2.0360745160275393e-06	2.0360745160275309e-06	4.16e-15
c0319	posthoc_welch__perfect_padj	5.0901862900688485e-06	5.0901862900688274e-06	4.16e-15
c0319	posthoc_welch__perfect_t	8.140806303599616	8.1408063035996161	0.00e+00
c0320	k	5	5	0.00e+00
c0320	n	50	50	0.00e+00
c0320	posthoc_corr__mwu_ci_high	8.833722982461694	8.8337229824617154	2.41e-15
c0320	posthoc_corr__mwu_ci_low	-2.6908658396045526	-2.6908658396045722	7.26e-15
c0320	posthoc_corr__mwu_cohens_d	0.9827358526596335	0.98273585265963326	2.26e-16
c0320	posthoc_corr__mwu_df	16	16	0.00e+00
c0320	posthoc_corr__mwu_diff	3.071428571428571	3.0714285714285712	0.00e+00
c0320	posthoc_corr__mwu_p	0.1022521458378574	0.10225214583785749	9.50e-16
c0320	posthoc_corr__mwu_padj	1	1	0.00e+00
c0320	posthoc_corr__mwu_t	1.7333831137362692	1.733383113736269	1.28e-16
c0320	posthoc_corr__perfect_ci_high	6.174603546876089	6.1746035468761011	2.01e-15
c0320	posthoc_corr__perfect_ci_low	-1.0317464040189464	-1.0317464040189583	1.16e-14
c0320	posthoc_corr__perfect_cohens_d	0.9215557470842439	0.92155574708424393	0.00e+00
c0320	posthoc_corr__perfect_df	22	22	0.00e+00
c0320	posthoc_corr__perfect_diff	2.571428571428571	2.5714285714285712	0.00e+00
c0320	posthoc_corr__perfect_p	0.03659094055381841	0.036590940553818382	7.59e-16
c0320	posthoc_corr__perfect_padj	0.3659094055381841	0.36590940553818385	6.07e-16
c0320	posthoc_corr__perfect_t	2.2257685872689748	2.2257685872689743	2.00e-16
c0320	posthoc_paired__corr_ci_high	12.775885527753054	12.775885527753067	9.73e-16
c0320	posthoc_paired__corr_ci_low	5.4145906627231355	5.4145906627231248	1.97e-15
c0320	posthoc_paired__corr_cohens_d	3.0043639277189063	3.0043639277189058	1.48e-16
c0320	posthoc_paired__corr_df	24	24	0.00e+00
c0320	posthoc_paired__corr_diff	9.095238095238095	9.0952380952380949	0.00e+00
c0320	posthoc_paired__corr_p	7.108583180103026e-08	7.1085831801030483e-08	3.17e-15
c0320	posthoc_paired__corr_padj	7.108583180103026e-07	7.1085831801030483e-07	3.13e-15
c0320	posthoc_paired__corr_t	7.636959822292356	7.6369598222923551	1.16e-16
c0320	posthoc_paired__mwu_ci_high	16.571133952154547	16.571133952154558	6.43e-16
c0320	posthoc_paired__mwu_ci_low	7.762199381178786	7.7621993811787728	1.72e-15
c0320	posthoc_paired__mwu_cohens_d	5.303958509195748	5.3039585091957484	0.00e+00
c0320	posthoc_paired__mwu_df	14	14	0.00e+00
c0320	posthoc_paired__mwu_diff	12.166666666666666	12.166666666666666	0.00e+00
c0320	posthoc_paired__mwu_p	2.643054826818037e-07	2.6430548268180391e-07	8.01e-16
c0320	posthoc_paired__mwu_padj	2.643054826818037e-06	2.643054826818039e-06	8.01e-16
c0320	posthoc_paired__mwu_t	9.186725619164315	9.1867256191643154	0.00e+00
c0320	posthoc_paired__perfect_ci_high	14.50958934014974	14.509589340149747	4.90e-16
c0320	posthoc_paired__perfect_ci_low	8.823743993183593	8.8237439931835837	1.01e-15
c0320	posthoc_paired__perfect_cohens_d	5.540916385036406	5.5409163850364056	0.00e+00
c0320	posthoc_paired__perfect_df	20	20	0.00e+00
c0320	posthoc_paired__perfect_diff	11.666666666666666	11.666666666666666	0.00e+00
c0320	posthoc_paired__perfect_p	3.542304644700696e-11	3.5423046447006903e-11	1.64e-15
c0320	posthoc_paired__perfect_padj	3.542304644700696e-10	3.5423046447006905e-10	1.61e-15
c0320	posthoc_paired__perfect_t	12.940792666314373	12.940792666314373	0.00e+00
c0320	posthoc_perfect__mwu_ci_high	3.4275916128838646	3.4275916128838735	2.59e-15
c0320	posthoc_perfect__mwu_ci_low	-2.4275916128838646	-2.4275916128838735	3.66e-15
c0320	posthoc_perfect__mwu_cohens_d	0.3464101615137754	0.34641016151377541	0.00e+00
c0320	posthoc_perfect__mwu_df	12	12	0.00e+00
c0320	posthoc_perfect__mwu_diff	0.5	0.5	0.00e+00
c0320	posthoc_perfect__mwu_p	0.5690331249007394	0.56903312490073987	7.80e-16
c0320	posthoc_perfect__mwu_padj	1	1	0.00e+00
c0320	posthoc_perfect__mwu_t	0.5855400437691199	0.58554004376911994	0.00e+00
c0320	posthoc_welch__corr_ci_high	10.705081853294395	10.705081853294409	1.33e-15
c0320	posthoc_welch__corr_ci_low	2.1520610038484618	2.152061003848448	6.40e-15
c0320	posthoc_welch__corr_cohens_d	1.9411425885796207	1.9411425885796207	0.00e+00
c0320	posthoc_welch__corr_df	22	22	0.00e+00
c0320	posthoc_welch__corr_diff	6.428571428571429	6.4285714285714288	0.00e+00
c0320	posthoc_welch__corr_p	0.00011235385191574967	0.00011235385191574934	2.89e-15
c0320	posthoc_welch__corr_padj	0.0011235385191574966	0.0011235385191574934	2.89e-15
c0320	posthoc_welch__corr_t	4.688304761530115	4.688304761530115	0.00e+00
c0320	posthoc_welch__mwu_ci_high	15.206926675273321	15.206926675273339	1.17e-15
c0320	posthoc_welch__mwu_ci_low	3.793073324726679	3.7930733247266617	4.57e-15
c0320	posthoc_welch__mwu_cohens_d	3.3763886032268258	3.3763886032268267	2.63e-16
c0320	posthoc_welch__mwu_df	12	12	0.00e+00
c0320	posthoc_welch__mwu_diff	9.5	9.5	0.00e+00
c0320	posthoc_welch__mwu_p	9.80222612673942e-05	9.8022261267394131e-05	6.91e-16
c0320	posthoc_welch__mwu_padj	0.000980222612673942	0.00098022261267394131	6.64e-16
c0320	posthoc_welch__mwu_t	5.707138387268051	5.707138387268051	0.00e+00
c0320	posthoc_welch__paired_ci_high	1.1363454161001738	1.1363454161001845	9.38e-15
c0320	posthoc_welch__paired_ci_low	-6.4696787494335055	-6.4696787494335171	1.78e-15
c0320	posthoc_welch__paired_cohens_d	-0.9467621366623015	-0.94676213666230169	2.35e-16
c0320	posthoc_welch__paired_df	20	20	0.00e+00
c0320	posthoc_welch__paired_diff	-2.666666666666666	-2.6666666666666661	0.00e+00
c0320	posthoc_welch__paired_p	0.03883446934427562	0.038834469344275598	5.36e-16
c0320	posthoc_welch__paired_padj	0.3883446934427562	0.38834469344275596	5.72e-16
c0320	posthoc_welch__paired_t	-2.2111599712911274	-2.2111599712911278	2.01e-16
c0320	posthoc_welch__perfect_ci_high	12.533945769914231	12.533945769914242	8.50e-16
c0320	posthoc_welch__perfect_ci_low	5.466054230085769	5.4660542300857573	2.11e-15
c0320	posthoc_welch__perfect_cohens_d	3.640679257301507	3.6406792573015077	1.22e-16
c0320	posthoc_welch__perfect_df	18	18	0.00e+00
c0320	posthoc_welch__perfect_diff	9	9	0.00e+00
c0320	posthoc_welch__perfect_p	1.909816797241689e-07	1.9098167972416837e-07	2.77e-15
c0320	posthoc_welch__perfect_padj	1.9098167972416887e-06	1.9098167972416837e-06	2.66e-15
c0320	posthoc_welch__perfect_t	8.140806303599616	8.1408063035996161	0.00e+00
c0321	k	5	5	0.00e+00
c0321	n	50	50	0.00e+00
c0321	posthoc_corr__mwu_cohens_d	0.9827358526596335	0.98273585265963326	2.26e-16
c0321	posthoc_corr__mwu_df	16	16	0.00e+00
c0321	posthoc_corr__mwu_diff	3.071428571428571	3.0714285714285712	0.00e+00
c0321	posthoc_corr__mwu_p	0.1022521458378574	0.10225214583785749	9.50e-16
c0321	posthoc_corr__mwu_padj	0.2045042916757148	0.20450429167571499	9.50e-16
c0321	posthoc_corr__mwu_t	1.7333831137362692	1.733383113736269	1.28e-16
c0321	posthoc_corr__perfect_cohens_d	0.9215557470842439	0.92155574708424393	0.00e+00
c0321	posthoc_corr__perfect_df	22	22	0.00e+00
c0321	posthoc_corr__perfect_diff	2.571428571428571	2.5714285714285712	0.00e+00
c0321	posthoc_corr__perfect_p	0.03659094055381841	0.036590940553818382	7.59e-16
c0321	posthoc_corr__perfect_padj	0.14636376221527364	0.14636376221527353	7.59e-16
c0321	posthoc_corr__perfect_t	2.2257685872689748	2.2257685872689743	2.00e-16
c0321	posthoc_paired__corr_cohens_d	3.0043639277189063	3.0043639277189058	1.48e-16
c0321	posthoc_paired__corr_df	24	24	0.00e+00
c0321	posthoc_paired__corr_diff	9.095238095238095	9.0952380952380949	0.00e+00
c0321	posthoc_paired__corr_p	7.108583180103026e-08	7.1085831801030483e-08	3.17e-15
c0321	posthoc_paired__corr_padj	6.397724862092723e-07	6.3977248620927435e-07	3.14e-15
c0321	posthoc_paired__corr_t	7.636959822292356	7.6369598222923551	1.16e-16
c0321	posthoc_paired__mwu_cohens_d	5.303958509195748	5.3039585091957484	0.00e+00
c0321	posthoc_paired__mwu_df	14	14	0.00e+00
c0321	posthoc_paired__mwu_diff	12.166666666666666	12.166666666666666	0.00e+00
c0321	posthoc_paired__mwu_p	2.643054826818037e-07	2.6430548268180391e-07	8.01e-16
c0321	posthoc_paired__mwu_padj	1.850138378772626e-06	1.8501383787726274e-06	8.01e-16
c0321	posthoc_paired__mwu_t	9.186725619164315	9.1867256191643154	0.00e+00
c0321	posthoc_paired__perfect_cohens_d	5.540916385036406	5.5409163850364056	0.00e+00
c0321	posthoc_paired__perfect_df	20	20	0.00e+00
c0321	posthoc_paired__perfect_diff	11.666666666666666	11.666666666666666	0.00e+00
c0321	posthoc_paired__perfect_p	3.542304644700696e-11	3.5423046447006903e-11	1.64e-15
c0321	posthoc_paired__perfect_padj	3.542304644700696e-10	3.5423046447006905e-10	1.61e-15
c0321	posthoc_paired__perfect_t	12.940792666314373	12.940792666314373	0.00e+00
c0321	posthoc_perfect__mwu_cohens_d	0.3464101615137754	0.34641016151377541	0.00e+00
c0321	posthoc_perfect__mwu_df	12	12	0.00e+00
c0321	posthoc_perfect__mwu_diff	0.5	0.5	0.00e+00
c0321	posthoc_perfect__mwu_p	0.5690331249007394	0.56903312490073987	7.80e-16
c0321	posthoc_perfect__mwu_padj	0.5690331249007394	0.56903312490073987	7.80e-16
c0321	posthoc_perfect__mwu_t	0.5855400437691199	0.58554004376911994	0.00e+00
c0321	posthoc_welch__corr_cohens_d	1.9411425885796207	1.9411425885796207	0.00e+00
c0321	posthoc_welch__corr_df	22	22	0.00e+00
c0321	posthoc_welch__corr_diff	6.428571428571429	6.4285714285714288	0.00e+00
c0321	posthoc_welch__corr_p	0.00011235385191574967	0.00011235385191574934	2.89e-15
c0321	posthoc_welch__corr_padj	0.0005881335676043652	0.00058813356760436478	7.37e-16
c0321	posthoc_welch__corr_t	4.688304761530115	4.688304761530115	0.00e+00
c0321	posthoc_welch__mwu_cohens_d	3.3763886032268258	3.3763886032268267	2.63e-16
c0321	posthoc_welch__mwu_df	12	12	0.00e+00
c0321	posthoc_welch__mwu_diff	9.5	9.5	0.00e+00
c0321	posthoc_welch__mwu_p	9.80222612673942e-05	9.8022261267394131e-05	6.91e-16
c0321	posthoc_welch__mwu_padj	0.0005881335676043652	0.00058813356760436478	7.37e-16
c0321	posthoc_welch__mwu_t	5.707138387268051	5.707138387268051	0.00e+00
c0321	posthoc_welch__paired_cohens_d	-0.9467621366623015	-0.94676213666230169	2.35e-16
c0321	posthoc_welch__paired_df	20	20	0.00e+00
c0321	posthoc_welch__paired_diff	-2.666666666666666	-2.6666666666666661	0.00e+00
c0321	posthoc_welch__paired_p	0.03883446934427562	0.038834469344275598	5.36e-16
c0321	posthoc_welch__paired_padj	0.14636376221527364	0.14636376221527353	7.59e-16
c0321	posthoc_welch__paired_t	-2.2111599712911274	-2.2111599712911278	2.01e-16
c0321	posthoc_welch__perfect_cohens_d	3.640679257301507	3.6406792573015077	1.22e-16
c0321	posthoc_welch__perfect_df	18	18	0.00e+00
c0321	posthoc_welch__perfect_diff	9	9	0.00e+00
c0321	posthoc_welch__perfect_p	1.909816797241689e-07	1.9098167972416837e-07	2.77e-15
c0321	posthoc_welch__perfect_padj	1.5278534377933512e-06	1.5278534377933469e-06	2.77e-15
c0321	posthoc_welch__perfect_t	8.140806303599616	8.1408063035996161	0.00e+00
c0322	k	5	5	0.00e+00
c0322	n	50	50	0.00e+00
c0322	posthoc_corr__mwu_cohens_d	0.9827358526596335	0.98273585265963326	2.26e-16
c0322	posthoc_corr__mwu_df	16	16	0.00e+00
c0322	posthoc_corr__mwu_diff	3.071428571428571	3.0714285714285712	0.00e+00
c0322	posthoc_corr__mwu_p	0.1022521458378574	0.10225214583785749	9.50e-16
c0322	posthoc_corr__mwu_padj	0.11361349537539711	0.11361349537539722	9.77e-16
c0322	posthoc_corr__mwu_t	1.7333831137362692	1.733383113736269	1.28e-16
c0322	posthoc_corr__perfect_cohens_d	0.9215557470842439	0.92155574708424393	0.00e+00
c0322	posthoc_corr__perfect_df	22	22	0.00e+00
c0322	posthoc_corr__perfect_diff	2.571428571428571	2.5714285714285712	0.00e+00
c0322	posthoc_corr__perfect_p	0.03659094055381841	0.036590940553818382	7.59e-16
c0322	posthoc_corr__perfect_padj	0.04854308668034452	0.048543086680344495	5.72e-16
c0322	posthoc_corr__perfect_t	2.2257685872689748	2.2257685872689743	2.00e-16
c0322	posthoc_paired__corr_cohens_d	3.0043639277189063	3.0043639277189058	1.48e-16
c0322	posthoc_paired__corr_df	24	24	0.00e+00
c0322	posthoc_paired__corr_diff	9.095238095238095	9.0952380952380949	0.00e+00
c0322	posthoc_paired__corr_p	7.108583180103026e-08	7.1085831801030483e-08	3.17e-15
c0322	posthoc_paired__corr_padj	3.554291590051513e-07	3.5542915900515242e-07	3.13e-15
c0322	posthoc_paired__corr_t	7.636959822292356	7.6369598222923551	1.16e-16
c0322	posthoc_paired__mwu_cohens_d	5.303958509195748	5.3039585091957484	0.00e+00
c0322	posthoc_paired__mwu_df	14	14	0.00e+00
c0322	posthoc_paired__mwu_diff	12.166666666666666	12.166666666666666	0.00e+00
c0322	posthoc_paired__mwu_p	2.643054826818037e-07	2.6430548268180391e-07	8.01e-16
c0322	posthoc_paired__mwu_padj	6.607637067045092e-07	6.6076370670450975e-07	8.01e-16
c0322	posthoc_paired__mwu_t	9.186725619164315	9.1867256191643154	0.00e+00
c0322	posthoc_paired__perfect_cohens_d	5.540916385036406	5.5409163850364056	0.00e+00
c0322	posthoc_paired__perfect_df	20	20	0.00e+00
c0322	posthoc_paired__perfect_diff	11.666666666666666	11.666666666666666	0.00e+00
c0322	posthoc_paired__perfect_p	3.542304644700696e-11	3.5423046447006903e-11	1.64e-15
c0322	posthoc_paired__perfect_padj	3.542304644700696e-10	3.5423046447006905e-10	1.61e-15
c0322	posthoc_paired__perfect_t	12.940792666314373	12.940792666314373	0.00e+00
c0322	posthoc_perfect__mwu_cohens_d	0.3464101615137754	0.34641016151377541	0.00e+00
c0322	posthoc_perfect__mwu_df	12	12	0.00e+00
c0322	posthoc_perfect__mwu_diff	0.5	0.5	0.00e+00
c0322	posthoc_perfect__mwu_p	0.5690331249007394	0.56903312490073987	7.80e-16
c0322	posthoc_perfect__mwu_padj	0.5690331249007394	0.56903312490073987	7.80e-16
c0322	posthoc_perfect__mwu_t	0.5855400437691199	0.58554004376911994	0.00e+00
c0322	posthoc_welch__corr_cohens_d	1.9411425885796207	1.9411425885796207	0.00e+00
c0322	posthoc_welch__corr_df	22	22	0.00e+00
c0322	posthoc_welch__corr_diff	6.428571428571429	6.4285714285714288	0.00e+00
c0322	posthoc_welch__corr_p	0.00011235385191574967	0.00011235385191574934	2.89e-15
c0322	posthoc_welch__corr_padj	0.00018725641985958277	0.00018725641985958225	2.75e-15
c0322	posthoc_welch__corr_t	4.688304761530115	4.688304761530115	0.00e+00
c0322	posthoc_welch__mwu_cohens_d	3.3763886032268258	3.3763886032268267	2.63e-16
c0322	posthoc_welch__mwu_df	12	12	0.00e+00
c0322	posthoc_welch__mwu_diff	9.5	9.5	0.00e+00
c0322	posthoc_welch__mwu_p	9.80222612673942e-05	9.8022261267394131e-05	6.91e-16
c0322	posthoc_welch__mwu_padj	0.00018725641985958277	0.00018725641985958225	2.75e-15
c0322	posthoc_welch__mwu_t	5.707138387268051	5.707138387268051	0.00e+00
c0322	posthoc_welch__paired_cohens_d	-0.9467621366623015	-0.94676213666230169	2.35e-16
c0322	posthoc_welch__paired_df	20	20	0.00e+00
c0322	posthoc_welch__paired_diff	-2.666666666666666	-2.6666666666666661	0.00e+00
c0322	posthoc_welch__paired_p	0.03883446934427562	0.038834469344275598	5.36e-16
c0322	posthoc_welch__paired_padj	0.04854308668034452	0.048543086680344495	5.72e-16
c0322	posthoc_welch__paired_t	-2.2111599712911274	-2.2111599712911278	2.01e-16
c0322	posthoc_welch__perfect_cohens_d	3.640679257301507	3.6406792573015077	1.22e-16
c0322	posthoc_welch__perfect_df	18	18	0.00e+00
c0322	posthoc_welch__perfect_diff	9	9	0.00e+00
c0322	posthoc_welch__perfect_p	1.909816797241689e-07	1.9098167972416837e-07	2.77e-15
c0322	posthoc_welch__perfect_padj	6.36605599080563e-07	6.3660559908056125e-07	2.66e-15
c0322	posthoc_welch__perfect_t	8.140806303599616	8.1408063035996161	0.00e+00
c0323	k	5	5	0.00e+00
c0323	n	50	50	0.00e+00
c0323	posthoc_corr__mwu_ci_high	10.400026370772753	10.400026370772753	0.00e+00
c0323	posthoc_corr__mwu_ci_low	-2.0000529351489345	-2.0000529351489345	0.00e+00
c0323	posthoc_corr__mwu_diff	2.6500000000000004	2.6500000000000004	0.00e+00
c0323	posthoc_corr__mwu_p	0.0791039616024859	0.07910396160248595	7.02e-16
c0323	posthoc_corr__mwu_padj	0.791039616024859	0.7910396160248595	7.02e-16
c0323	posthoc_corr__mwu_rank_biserial	0.6071428571428571	0.60714285714285721	1.83e-16
c0323	posthoc_corr__mwu_u	45	45	0.00e+00
c0323	posthoc_corr__perfect_ci_high	6.799994385568903	6.7999943855689029	0.00e+00
c0323	posthoc_corr__perfect_ci_low	-1.0000128732547524	-1.0000128732547524	0.00e+00
c0323	posthoc_corr__perfect_diff	2	2	0.00e+00
c0323	posthoc_corr__perfect_p	0.055961745324908004	0.055961745324908024	3.72e-16
c0323	posthoc_corr__perfect_padj	0.5596174532490801	0.5596174532490803	3.97e-16
c0323	posthoc_corr__perfect_rank_biserial	0.4714285714285714	0.47142857142857147	1.18e-16
c0323	posthoc_corr__perfect_u	103	103	0.00e+00
c0323	posthoc_paired__corr_ci_high	13.00002460569673	13.00002460569673	0.00e+00
c0323	posthoc_paired__corr_ci_low	5.00005781756763	5.0000578175676296	0.00e+00
c0323	posthoc_paired__corr_diff	9.399999999999999	9.3999999999999986	0.00e+00
c0323	posthoc_paired__corr_p	4.292628291154228e-05	4.2926282911542346e-05	1.58e-15
c0323	posthoc_paired__corr_padj	0.00042926282911542277	0.00042926282911542348	1.64e-15
c0323	posthoc_paired__corr_rank_biserial	0.9523809523809523	0.95238095238095233	0.00e+00
c0323	posthoc_paired__corr_u	164	164	0.00e+00
c0323	posthoc_paired__mwu_ci_high	18	18	0.00e+00
c0323	posthoc_paired__mwu_ci_low	7	7	0.00e+00
c0323	posthoc_paired__mwu_diff	12	12	0.00e+00
c0323	posthoc_paired__mwu_p	0.004288789765619495	0.0042887897656194961	2.02e-16
c0323	posthoc_paired__mwu_padj	0.042887897656194954	0.042887897656194961	1.62e-16
c0323	posthoc_paired__mwu_rank_biserial	1	1	0.00e+00
c0323	posthoc_paired__mwu_u	48	48	0.00e+00
c0323	posthoc_paired__perfect_ci_high	14.999938167740861	14.999938167740861	0.00e+00
c0323	posthoc_paired__perfect_ci_low	8.999969342579206	8.999969342579206	0.00e+00
c0323	posthoc_paired__perfect_diff	11.5	11.5	0.00e+00
c0323	posthoc_paired__perfect_p	8.417017201509565e-05	8.41701720150958e-05	1.77e-15
c0323	posthoc_paired__perfect_padj	0.0008417017201509565	0.000841701720150958	1.80e-15
c0323	posthoc_paired__perfect_rank_biserial	1	1	0.00e+00
c0323	posthoc_paired__perfect_u	120	120	0.00e+00
c0323	posthoc_perfect__mwu_ci_high	4	4	0.00e+00
c0323	posthoc_perfect__mwu_ci_low	-3	-3	0.00e+00
c0323	posthoc_perfect__mwu_diff	0.5	0.5	0.00e+00
c0323	posthoc_perfect__mwu_p	0.6139178031705241	0.61391780317052413	0.00e+00
c0323	posthoc_perfect__mwu_padj	1	1	0.00e+00
c0323	posthoc_perfect__mwu_rank_biserial	0.2	0.19999999999999996	2.78e-16
c0323	posthoc_perfect__mwu_u	24	24	0.00e+00
c0323	posthoc_welch__corr_ci_high	10.999965325789304	10.999965325789304	0.00e+00
c0323	posthoc_welch__corr_ci_low	1.800000004315398	1.8000000043153981	0.00e+00
c0323	posthoc_welch__corr_diff	6.4	6.4000000000000004	0.00e+00
c0323	posthoc_welch__corr_p	0.0009338247729674946	0.00093382477296749663	2.21e-15
c0323	posthoc_welch__corr_padj	0.009338247729674946	0.0093382477296749672	2.23e-15
c0323	posthoc_welch__corr_rank_biserial	0.8142857142857143	0.81428571428571428	0.00e+00
c0323	posthoc_welch__corr_u	127	127	0.00e+00
c0323	posthoc_welch__mwu_ci_high	17	17	0.00e+00
c0323	posthoc_welch__mwu_ci_low	4	4	0.00e+00
c0323	posthoc_welch__mwu_diff	9	9	0.00e+00
c0323	posthoc_welch__mwu_p	0.005713299834525596	0.0057132998345256055	1.67e-15
c0323	posthoc_welch__mwu_padj	0.05713299834525596	0.057132998345256057	1.70e-15
c0323	posthoc_welch__mwu_rank_biserial	1	1	0.00e+00
c0323	posthoc_welch__mwu_u	40	40	0.00e+00
c0323	posthoc_welch__paired_ci_high	1.999961355467415	1.9999613554674149	0.00e+00
c0323	posthoc_welch__paired_ci_low	-6.999958999984407	-6.9999589999844067	0.00e+00
c0323	posthoc_welch__paired_diff	-3	-3	0.00e+00
c0323	posthoc_welch__paired_p	0.03986612713918825	0.039866127139188294	1.04e-15
c0323	posthoc_welch__paired_padj	0.3986612713918825	0.39866127139188295	1.11e-15
c0323	posthoc_welch__paired_rank_biserial	-0.525	-0.52499999999999991	2.11e-16
c0323	posthoc_welch__paired_u	28.5	28.5	0.00e+00
c0323	posthoc_welch__perfect_ci_high	13.000077447537855	13.000077447537855	0.00e+00
c0323	posthoc_welch__perfect_ci_low	5.000061928497263	5.0000619284972627	0.00e+00
c0323	posthoc_welch__perfect_diff	8.5	8.5	0.00e+00
c0323	posthoc_welch__perfect_p	0.0001756155310459087	0.0001756155310459087	0.00e+00
c0323	posthoc_welch__perfect_padj	0.001756155310459087	0.001756155310459087	0.00e+00
c0323	posthoc_welch__perfect_rank_biserial	1	1	0.00e+00
c0323	posthoc_welch__perfect_u	100	100	0.00e+00
c0324	k	5	5	0.00e+00
c0324	n	50	50	0.00e+00
c0324	posthoc_corr__mwu_diff	2.6500000000000004	2.6500000000000004	0.00e+00
c0324	posthoc_corr__mwu_p	0.0791039616024859	0.07910396160248595	7.02e-16
c0324	posthoc_corr__mwu_padj	0.16788523597472402	0.16788523597472407	3.31e-16
c0324	posthoc_corr__mwu_rank_biserial	0.6071428571428571	0.60714285714285721	1.83e-16
c0324	posthoc_corr__mwu_u	45	45	0.00e+00
c0324	posthoc_corr__perfect_diff	2	2	0.00e+00
c0324	posthoc_corr__perfect_p	0.055961745324908004	0.055961745324908024	3.72e-16
c0324	posthoc_corr__perfect_padj	0.16788523597472402	0.16788523597472407	3.31e-16
c0324	posthoc_corr__perfect_rank_biserial	0.4714285714285714	0.47142857142857147	1.18e-16
c0324	posthoc_corr__perfect_u	103	103	0.00e+00
c0324	posthoc_paired__corr_diff	9.399999999999999	9.3999999999999986	0.00e+00
c0324	posthoc_paired__corr_p	4.292628291154228e-05	4.2926282911542346e-05	1.58e-15
c0324	posthoc_paired__corr_padj	0.00042926282911542277	0.00042926282911542348	1.64e-15
c0324	posthoc_paired__corr_rank_biserial	0.9523809523809523	0.95238095238095233	0.00e+00
c0324	posthoc_paired__corr_u	164	164	0.00e+00
c0324	posthoc_paired__mwu_diff	12	12	0.00e+00
c0324	posthoc_paired__mwu_p	0.004288789765619495	0.0042887897656194961	2.02e-16
c0324	posthoc_paired__mwu_padj	0.02573273859371697	0.025732738593716976	2.70e-16
c0324	posthoc_paired__mwu_rank_biserial	1	1	0.00e+00
c0324	posthoc_paired__mwu_u	48	48	0.00e+00
c0324	posthoc_paired__perfect_diff	11.5	11.5	0.00e+00
c0324	posthoc_paired__perfect_p	8.417017201509565e-05	8.41701720150958e-05	1.77e-15
c0324	posthoc_paired__perfect_padj	0.0007575315481358609	0.0007575315481358622	1.72e-15
c0324	posthoc_paired__perfect_rank_biserial	1	1	0.00e+00
c0324	posthoc_paired__perfect_u	120	120	0.00e+00
c0324	posthoc_perfect__mwu_diff	0.5	0.5	0.00e+00
c0324	posthoc_perfect__mwu_p	0.6139178031705241	0.61391780317052413	0.00e+00
c0324	posthoc_perfect__mwu_padj	0.6139178031705241	0.61391780317052413	0.00e+00
c0324	posthoc_perfect__mwu_rank_biserial	0.2	0.19999999999999996	2.78e-16
c0324	posthoc_perfect__mwu_u	24	24	0.00e+00
c0324	posthoc_welch__corr_diff	6.4	6.4000000000000004	0.00e+00
c0324	posthoc_welch__corr_p	0.0009338247729674946	0.00093382477296749663	2.21e-15
c0324	posthoc_welch__corr_padj	0.006536773410772462	0.006536773410772476	2.12e-15
c0324	posthoc_welch__corr_rank_biserial	0.8142857142857143	0.81428571428571428	0.00e+00
c0324	posthoc_welch__corr_u	127	127	0.00e+00
c0324	posthoc_welch__mwu_diff	9	9	0.00e+00
c0324	posthoc_welch__mwu_p	0.005713299834525596	0.0057132998345256055	1.67e-15
c0324	posthoc_welch__mwu_padj	0.02856649917262798	0.028566499172628029	1.70e-15
c0324	posthoc_welch__mwu_rank_biserial	1	1	0.00e+00
c0324	posthoc_welch__mwu_u	40	40	0.00e+00
c0324	posthoc_welch__paired_diff	-3	-3	0.00e+00
c0324	posthoc_welch__paired_p	0.03986612713918825	0.039866127139188294	1.04e-15
c0324	posthoc_welch__paired_padj	0.159464508556753	0.15946450855675318	1.04e-15
c0324	posthoc_welch__paired_rank_biserial	-0.525	-0.52499999999999991	2.11e-16
c0324	posthoc_welch__paired_u	28.5	28.5	0.00e+00
c0324	posthoc_welch__perfect_diff	8.5	8.5	0.00e+00
c0324	posthoc_welch__perfect_p	0.0001756155310459087	0.0001756155310459087	0.00e+00
c0324	posthoc_welch__perfect_padj	0.0014049242483672696	0.0014049242483672696	0.00e+00
c0324	posthoc_welch__perfect_rank_biserial	1	1	0.00e+00
c0324	posthoc_welch__perfect_u	100	100	0.00e+00
c0325	k	5	5	0.00e+00
c0325	n	50	50	0.00e+00
c0325	posthoc_corr__mwu_diff	2.6500000000000004	2.6500000000000004	0.00e+00
c0325	posthoc_corr__mwu_p	0.0791039616024859	0.07910396160248595	7.02e-16
c0325	posthoc_corr__mwu_padj	0.08789329066942878	0.087893290669428845	7.89e-16
c0325	posthoc_corr__mwu_rank_biserial	0.6071428571428571	0.60714285714285721	1.83e-16
c0325	posthoc_corr__mwu_u	45	45	0.00e+00
c0325	posthoc_corr__perfect_diff	2	2	0.00e+00
c0325	posthoc_corr__perfect_p	0.055961745324908004	0.055961745324908024	3.72e-16
c0325	posthoc_corr__perfect_padj	0.06995218165613501	0.069952181656135037	3.97e-16
c0325	posthoc_corr__perfect_rank_biserial	0.4714285714285714	0.47142857142857147	1.18e-16
c0325	posthoc_corr__perfect_u	103	103	0.00e+00
c0325	posthoc_paired__corr_diff	9.399999999999999	9.3999999999999986	0.00e+00
c0325	posthoc_paired__corr_p	4.292628291154228e-05	4.2926282911542346e-05	1.58e-15
c0325	posthoc_paired__corr_padj	0.00042085086007547824	0.000420850860075479	1.80e-15
c0325	posthoc_paired__corr_rank_biserial	0.9523809523809523	0.95238095238095233	0.00e+00
c0325	posthoc_paired__corr_u	164	164	0.00e+00
c0325	posthoc_paired__mwu_diff	12	12	0.00e+00
c0325	posthoc_paired__mwu_p	0.004288789765619495	0.0042887897656194961	2.02e-16
c0325	posthoc_paired__mwu_padj	0.00857757953123899	0.0085775795312389921	2.02e-16
c0325	posthoc_paired__mwu_rank_biserial	1	1	0.00e+00
c0325	posthoc_paired__mwu_u	48	48	0.00e+00
c0325	posthoc_paired__perfect_diff	11.5	11.5	0.00e+00
c0325	posthoc_paired__perfect_p	8.417017201509565e-05	8.41701720150958e-05	1.77e-15
c0325	posthoc_paired__perfect_padj	0.00042085086007547824	0.000420850860075479	1.80e-15
c0325	posthoc_paired__perfect_rank_biserial	1	1	0.00e+00
c0325	posthoc_paired__perfect_u	120	120	0.00e+00
c0325	posthoc_perfect__mwu_diff	0.5	0.5	0.00e+00
c0325	posthoc_perfect__mwu_p	0.6139178031705241	0.61391780317052413	0.00e+00
c0325	posthoc_perfect__mwu_padj	0.6139178031705241	0.61391780317052413	0.00e+00
c0325	posthoc_perfect__mwu_rank_biserial	0.2	0.19999999999999996	2.78e-16
c0325	posthoc_perfect__mwu_u	24	24	0.00e+00
c0325	posthoc_welch__corr_diff	6.4	6.4000000000000004	0.00e+00
c0325	posthoc_welch__corr_p	0.0009338247729674946	0.00093382477296749663	2.21e-15
c0325	posthoc_welch__corr_padj	0.0023345619324187366	0.0023345619324187418	2.23e-15
c0325	posthoc_welch__corr_rank_biserial	0.8142857142857143	0.81428571428571428	0.00e+00
c0325	posthoc_welch__corr_u	127	127	0.00e+00
c0325	posthoc_welch__mwu_diff	9	9	0.00e+00
c0325	posthoc_welch__mwu_p	0.005713299834525596	0.0057132998345256055	1.67e-15
c0325	posthoc_welch__mwu_padj	0.009522166390875993	0.009522166390876009	1.64e-15
c0325	posthoc_welch__mwu_rank_biserial	1	1	0.00e+00
c0325	posthoc_welch__mwu_u	40	40	0.00e+00
c0325	posthoc_welch__paired_diff	-3	-3	0.00e+00
c0325	posthoc_welch__paired_p	0.03986612713918825	0.039866127139188294	1.04e-15
c0325	posthoc_welch__paired_padj	0.05695161019884036	0.056951610198840423	1.10e-15
c0325	posthoc_welch__paired_rank_biserial	-0.525	-0.52499999999999991	2.11e-16
c0325	posthoc_welch__paired_u	28.5	28.5	0.00e+00
c0325	posthoc_welch__perfect_diff	8.5	8.5	0.00e+00
c0325	posthoc_welch__perfect_p	0.0001756155310459087	0.0001756155310459087	0.00e+00
c0325	posthoc_welch__perfect_padj	0.0005853851034863623	0.00058538510348636239	1.85e-16
c0325	posthoc_welch__perfect_rank_biserial	1	1	0.00e+00
c0325	posthoc_welch__perfect_u	100	100	0.00e+00
c0326	k	5	5	0.00e+00
c0326	n	50	50	0.00e+00
c0326	posthoc_corr__mwu_ci_high	8.039216804396748	8.039216804396748	0.00e+00
c0326	posthoc_corr__mwu_ci_low	-1.8963596615396066	-1.8963596615396057	4.68e-16
c0326	posthoc_corr__mwu_diff	3.071428571428571	3.0714285714285712	0.00e+00
c0326	posthoc_corr__mwu_f	0.9857393880632238	0.98573938806322381	0.00e+00
c0326	posthoc_corr__mwu_padj	0.42497935204685433	0.42497935204685366	1.57e-15
c0326	posthoc_corr__perfect_ci_high	6.1993881395691055	6.1993881395691037	2.87e-16
c0326	posthoc_corr__perfect_ci_low	-1.0565309967119627	-1.0565309967119618	8.41e-16
c0326	posthoc_corr__perfect_diff	2.571428571428571	2.5714285714285712	0.00e+00
c0326	posthoc_corr__perfect_f	1.2954822677088338	1.2954822677088338	0.00e+00
c0326	posthoc_corr__perfect_padj	0.28612156970413205	0.28612156970413155	1.75e-15
c0326	posthoc_paired__corr_ci_high	12.542330047610694	12.542330047610692	1.42e-16
c0326	posthoc_paired__corr_ci_low	5.648146142865496	5.6481461428654978	3.15e-16
c0326	posthoc_paired__corr_diff	9.095238095238095	9.0952380952380949	0.00e+00
c0326	posthoc_paired__corr_f	17.952702225369787	17.952702225369787	0.00e+00
c0326	posthoc_paired__corr_padj	7.0813670248780965e-09	7.0813670248781089e-09	1.75e-15
c0326	posthoc_paired__mwu_ci_high	17.225614580908353	17.225614580908353	0.00e+00
c0326	posthoc_paired__mwu_ci_low	7.107718752424979	7.1077187524249803	1.25e-16
c0326	posthoc_paired__mwu_diff	12.166666666666666	12.166666666666666	0.00e+00
c0326	posthoc_paired__mwu_f	14.91523920751316	14.91523920751316	0.00e+00
c0326	posthoc_paired__mwu_padj	7.8130278364445e-08	7.8130278364445178e-08	2.20e-15
c0326	posthoc_paired__perfect_ci_high	15.418482853456162	15.418482853456162	0.00e+00
c0326	posthoc_paired__perfect_ci_low	7.91485047987717	7.9148504798771704	0.00e+00
c0326	posthoc_paired__perfect_diff	11.666666666666666	11.666666666666666	0.00e+00
c0326	posthoc_paired__perfect_f	24.93548921571998	24.935489215719979	0.00e+00
c0326	posthoc_paired__perfect_padj	6.33164761142111e-11	6.3316476114211298e-11	3.06e-15
c0326	posthoc_perfect__mwu_ci_high	5.683879020478857	5.6838790204788552	3.13e-16
c0326	posthoc_perfect__mwu_ci_low	-4.683879020478857	-4.6838790204788552	3.79e-16
c0326	posthoc_perfect__mwu_diff	0.5	0.5	0.00e+00
c0326	posthoc_perfect__mwu_f	0.023990412364978408	0.023990412364978408	0.00e+00
c0326	posthoc_perfect__mwu_padj	0.9988387945503088	0.99883879455030877	0.00e+00
c0326	posthoc_welch__corr_ci_high	10.056530996711963	10.056530996711961	1.77e-16
c0326	posthoc_welch__corr_ci_low	2.800611860430895	2.8006118604308958	3.17e-16
c0326	posthoc_welch__corr_diff	6.428571428571429	6.4285714285714288	0.00e+00
c0326	posthoc_welch__corr_f	8.096764173180214	8.0967641731802136	0.00e+00
c0326	posthoc_welch__corr_padj	5.2476214614961237e-05	5.2476214614961304e-05	1.29e-15
c0326	posthoc_welch__mwu_ci_high	14.683879020478857	14.683879020478855	1.21e-16
c0326	posthoc_welch__mwu_ci_low	4.316120979521143	4.3161209795211448	4.12e-16
c0326	posthoc_welch__mwu_diff	9.5	9.5	0.00e+00
c0326	posthoc_welch__mwu_f	8.660538863757205	8.6605388637572052	0.00e+00
c0326	posthoc_welch__mwu_padj	2.8474750524408517e-05	2.8474750524408537e-05	7.14e-16
c0326	posthoc_welch__paired_ci_high	1.08514952012283	1.0851495201228292	8.18e-16
c0326	posthoc_welch__paired_ci_low	-6.418482853456162	-6.4184828534561618	0.00e+00
c0326	posthoc_welch__paired_diff	-2.666666666666666	-2.6666666666666661	0.00e+00
c0326	posthoc_welch__paired_f	1.3027520896376144	1.3027520896376144	0.00e+00
c0326	posthoc_welch__paired_padj	0.2834093031013125	0.28340930310131307	1.96e-15
c0326	posthoc_welch__perfect_ci_high	12.918644204237761	12.91864420423776	1.38e-16
c0326	posthoc_welch__perfect_ci_low	5.0813557957622395	5.0813557957622404	1.75e-16
c0326	posthoc_welch__perfect_diff	9	9	0.00e+00
c0326	posthoc_welch__perfect_f	13.602563810942756	13.602563810942756	0.00e+00
c0326	posthoc_welch__perfect_padj	2.3956249725057354e-07	2.3956249725057375e-07	8.84e-16
c0327	k	5	5	0.00e+00
c0327	n	50	50	0.00e+00
c0327	posthoc_corr__mwu_ci_high	6.78529153724255	6.7852915372425624	1.83e-15
c0327	posthoc_corr__mwu_ci_low	-0.6424343943854081	-0.64243439438542016	1.88e-14
c0327	posthoc_corr__mwu_cohens_d	0.9827358526596335	0.98273585265963326	2.26e-16
c0327	posthoc_corr__mwu_df	14.026898610778254	14.026898610778256	1.27e-16
c0327	posthoc_corr__mwu_diff	3.071428571428571	3.0714285714285712	0.00e+00
c0327	posthoc_corr__mwu_p	0.015639701607947816	0.015639701607947799	1.11e-15
c0327	posthoc_corr__mwu_padj	0.15639701607947815	0.15639701607947798	1.06e-15
c0327	posthoc_corr__mwu_t	2.749454917621261	2.7494549176212608	0.00e+00
c0327	posthoc_corr__paired_ci_high	-5.494635763806974	-5.4946357638069632	1.94e-15
c0327	posthoc_corr__paired_ci_low	-12.695840426669216	-12.695840426669227	8.39e-16
c0327	posthoc_corr__paired_cohens_d	-3.0043639277189063	-3.0043639277189058	1.48e-16
c0327	posthoc_corr__paired_df	23.490046769286725	23.490046769286725	0.00e+00
c0327	posthoc_corr__paired_diff	-9.095238095238095	-9.0952380952380949	0.00e+00
c0327	posthoc_corr__paired_p	5.4209809769951396e-08	5.420980976995135e-08	8.54e-16
c0327	posthoc_corr__paired_padj	5.42098097699514e-07	5.4209809769951353e-07	7.81e-16
c0327	posthoc_corr__paired_t	-7.823711198795349	-7.8237111987953494	0.00e+00
c0327	posthoc_corr__perfect_ci_high	5.830551399450007	5.8305513994500169	1.68e-15
c0327	posthoc_corr__perfect_ci_low	-0.6876942565928652	-0.6876942565928752	1.45e-14
c0327	posthoc_corr__perfect_cohens_d	0.9215557470842439	0.92155574708424393	0.00e+00
c0327	posthoc_corr__perfect_df	18.925999014422576	18.925999014422569	3.75e-16
c0327	posthoc_corr__perfect_diff	2.571428571428571	2.5714285714285712	0.00e+00
c0327	posthoc_corr__perfect_p	0.02153786164407209	0.021537861644072072	8.05e-16
c0327	posthoc_corr__perfect_padj	0.2153786164407209	0.2153786164407207	9.02e-16
c0327	posthoc_corr__perfect_t	2.5053113578905046	2.5053113578905046	0.00e+00
c0327	posthoc_corr__welch_ci_high	-2.1718153114194916	-2.1718153114194791	5.73e-15
c0327	posthoc_corr__welch_ci_low	-10.685327545723366	-10.685327545723379	1.16e-15
c0327	posthoc_corr__welch_cohens_d	-1.9411425885796207	-1.9411425885796207	0.00e+00
c0327	posthoc_corr__welch_df	20.415307172417684	20.41530717241768	1.74e-16
c0327	posthoc_corr__welch_diff	-6.428571428571429	-6.4285714285714288	0.00e+00
c0327	posthoc_corr__welch_p	0.00011611549023031874	0.00011611549023031844	2.57e-15
c0327	posthoc_corr__welch_padj	0.0011611549023031874	0.0011611549023031844	2.61e-15
c0327	posthoc_corr__welch_t	-4.750506939523274	-4.7505069395232749	1.87e-16
c0327	posthoc_mwu__paired_ci_high	-8.755034360744904	-8.7550343607448919	1.42e-15
c0327	posthoc_mwu__paired_ci_low	-15.578298972588428	-15.57829897258844	7.98e-16
c0327	posthoc_mwu__paired_cohens_d	-5.303958509195748	-5.3039585091957484	0.00e+00
c0327	posthoc_mwu__paired_df	10.642769276189538	10.642769276189536	1.67e-16
c0327	posthoc_mwu__paired_diff	-12.166666666666666	-12.166666666666666	0.00e+00
c0327	posthoc_mwu__paired_p	1.0112453495982535e-07	1.0112453495982559e-07	2.36e-15
c0327	posthoc_mwu__paired_padj	1.0112453495982535e-06	1.011245349598256e-06	2.51e-15
c0327	posthoc_mwu__paired_t	-12.569912307482092	-12.569912307482092	0.00e+00
c0327	posthoc_mwu__perfect_ci_high	2.83699073995395	2.836990739953964	5.01e-15
c0327	posthoc_mwu__perfect_ci_low	-3.83699073995395	-3.8369907399539636	3.59e-15
c0327	posthoc_mwu__perfect_cohens_d	-0.3464101615137754	-0.34641016151377541	0.00e+00
c0327	posthoc_mwu__perfect_df	6.442489851150203	6.4424898511502029	0.00e+00
c0327	posthoc_mwu__perfect_diff	-0.5	-0.5	0.00e+00
c0327	posthoc_mwu__perfect_p	0.5531166300326702	0.55311663003267042	4.01e-16
c0327	posthoc_mwu__perfect_padj	1	1	0.00e+00
c0327	posthoc_mwu__perfect_t	-0.6255432421712243	-0.62554324217122426	0.00e+00
c0327	posthoc_mwu__welch_ci_high	-5.410203151337252	-5.4102031513372379	2.63e-15
c0327	posthoc_mwu__welch_ci_low	-13.589796848662747	-13.589796848662761	1.05e-15
c0327	posthoc_mwu__welch_cohens_d	-3.3763886032268258	-3.3763886032268267	2.63e-16
c0327	posthoc_mwu__welch_df	11.876712328767125	11.876712328767125	0.00e+00
c0327	posthoc_mwu__welch_diff	-9.5	-9.5	0.00e+00
c0327	posthoc_mwu__welch_p	4.112418738517862e-06	4.1124187385178546e-06	1.85e-15
c0327	posthoc_mwu__welch_padj	4.1124187385178624e-05	4.1124187385178549e-05	1.81e-15
c0327	posthoc_mwu__welch_t	-7.981596478959655	-7.9815964789596556	1.11e-16
c0327	posthoc_paired__perfect_ci_high	14.414414062834304	14.414414062834313	6.16e-16
c0327	posthoc_paired__perfect_ci_low	8.918919270499028	8.9189192704990212	7.97e-16
c0327	posthoc_paired__perfect_cohens_d	5.540916385036406	5.5409163850364056	0.00e+00
c0327	posthoc_paired__perfect_df	18.31945502967194	18.319455029671932	3.88e-16
c0327	posthoc_paired__perfect_diff	11.666666666666666	11.666666666666666	0.00e+00
c0327	posthoc_paired__perfect_p	5.514634595004311e-11	5.5146345950043198e-11	1.64e-15
c0327	posthoc_paired__perfect_padj	5.514634595004311e-10	5.5146345950043201e-10	1.69e-15
c0327	posthoc_paired__perfect_t	13.5400640077266	13.540064007726601	0.00e+00
c0327	posthoc_paired__welch_ci_high	6.6388556837348816	6.6388556837348931	1.74e-15
c0327	posthoc_paired__welch_ci_low	-1.3055223504015494	-1.3055223504015618	9.52e-15
c0327	posthoc_paired__welch_cohens_d	0.9467621366623015	0.94676213666230169	2.35e-16
c0327	posthoc_paired__welch_df	17.028808201623235	17.028808201623235	0.00e+00
c0327	posthoc_paired__welch_diff	2.666666666666666	2.6666666666666661	0.00e+00
c0327	posthoc_paired__welch_p	0.04507196258852341	0.0450719625885233	2.46e-15
c0327	posthoc_paired__welch_padj	0.4507196258852341	0.45071962588523301	2.46e-15
c0327	posthoc_paired__welch_t	2.162808559208922	2.1628085592089219	0.00e+00
c0327	posthoc_perfect__welch_ci_high	-5.260808754114341	-5.2608087541143274	2.53e-15
c0327	posthoc_perfect__welch_ci_low	-12.73919124588566	-12.739191245885671	8.37e-16
c0327	posthoc_perfect__welch_cohens_d	-3.640679257301507	-3.6406792573015077	1.22e-16
c0327	posthoc_perfect__welch_df	12.811764705882355	12.811764705882359	2.77e-16
c0327	posthoc_perfect__welch_diff	-9	-9	0.00e+00
c0327	posthoc_perfect__welch_p	2.0360745160275393e-06	2.0360745160275309e-06	4.16e-15
c0327	posthoc_perfect__welch_padj	2.0360745160275394e-05	2.0360745160275309e-05	4.16e-15
c0327	posthoc_perfect__welch_t	-8.140806303599616	-8.1408063035996161	0.00e+00
c0328	k	5	5	0.00e+00
c0328	n	50	50	0.00e+00
c0328	posthoc_corr__mwu_cohens_d	0.9827358526596335	0.98273585265963326	2.26e-16
c0328	posthoc_corr__mwu_df	14.026898610778254	14.026898610778256	1.27e-16
c0328	posthoc_corr__mwu_diff	3.071428571428571	3.0714285714285712	0.00e+00
c0328	posthoc_corr__mwu_p	0.015639701607947816	0.015639701607947799	1.11e-15
c0328	posthoc_corr__mwu_padj	0.06255880643179126	0.062558806431791195	1.11e-15
c0328	posthoc_corr__mwu_t	2.749454917621261	2.7494549176212608	0.00e+00
c0328	posthoc_corr__paired_cohens_d	-3.0043639277189063	-3.0043639277189058	1.48e-16
c0328	posthoc_corr__paired_df	23.490046769286725	23.490046769286725	0.00e+00
c0328	posthoc_corr__paired_diff	-9.095238095238095	-9.0952380952380949	0.00e+00
c0328	posthoc_corr__paired_p	5.4209809769951396e-08	5.420980976995135e-08	8.54e-16
c0328	posthoc_corr__paired_padj	4.878882879295625e-07	4.8788828792956211e-07	8.68e-16
c0328	posthoc_corr__paired_t	-7.823711198795349	-7.8237111987953494	0.00e+00
c0328	posthoc_corr__perfect_cohens_d	0.9215557470842439	0.92155574708424393	0.00e+00
c0328	posthoc_corr__perfect_df	18.925999014422576	18.925999014422569	3.75e-16
c0328	posthoc_corr__perfect_diff	2.571428571428571	2.5714285714285712	0.00e+00
c0328	posthoc_corr__perfect_p	0.02153786164407209	0.021537861644072072	8.05e-16
c0328	posthoc_corr__perfect_padj	0.06461358493221626	0.064613584932216223	6.44e-16
c0328	posthoc_corr__perfect_t	2.5053113578905046	2.5053113578905046	0.00e+00
c0328	posthoc_corr__welch_cohens_d	-1.9411425885796207	-1.9411425885796207	0.00e+00
c0328	posthoc_corr__welch_df	20.415307172417684	20.41530717241768	1.74e-16
c0328	posthoc_corr__welch_diff	-6.428571428571429	-6.4285714285714288	0.00e+00
c0328	posthoc_corr__welch_p	0.00011611549023031874	0.00011611549023031844	2.57e-15
c0328	posthoc_corr__welch_padj	0.0005805774511515937	0.00058057745115159219	2.61e-15
c0328	posthoc_corr__welch_t	-4.750506939523274	-4.7505069395232749	1.87e-16
c0328	posthoc_mwu__paired_cohens_d	-5.303958509195748	-5.3039585091957484	0.00e+00
c0328	posthoc_mwu__paired_df	10.642769276189538	10.642769276189536	1.67e-16
c0328	posthoc_mwu__paired_diff	-12.166666666666666	-12.166666666666666	0.00e+00
c0328	posthoc_mwu__paired_p	1.0112453495982535e-07	1.0112453495982559e-07	2.36e-15
c0328	posthoc_mwu__paired_padj	8.089962796786028e-07	8.0899627967860474e-07	2.36e-15
c0328	posthoc_mwu__paired_t	-12.569912307482092	-12.569912307482092	0.00e+00
c0328	posthoc_mwu__perfect_cohens_d	-0.3464101615137754	-0.34641016151377541	0.00e+00
c0328	posthoc_mwu__perfect_df	6.442489851150203	6.4424898511502029	0.00e+00
c0328	posthoc_mwu__perfect_diff	-0.5	-0.5	0.00e+00
c0328	posthoc_mwu__perfect_p	0.5531166300326702	0.55311663003267042	4.01e-16
c0328	posthoc_mwu__perfect_padj	0.5531166300326702	0.55311663003267042	4.01e-16
c0328	posthoc_mwu__perfect_t	-0.6255432421712243	-0.62554324217122426	0.00e+00
c0328	posthoc_mwu__welch_cohens_d	-3.3763886032268258	-3.3763886032268267	2.63e-16
c0328	posthoc_mwu__welch_df	11.876712328767125	11.876712328767125	0.00e+00
c0328	posthoc_mwu__welch_diff	-9.5	-9.5	0.00e+00
c0328	posthoc_mwu__welch_p	4.112418738517862e-06	4.1124187385178546e-06	1.85e-15
c0328	posthoc_mwu__welch_padj	2.467451243110717e-05	2.4674512431107127e-05	1.79e-15
c0328	posthoc_mwu__welch_t	-7.981596478959655	-7.9815964789596556	1.11e-16
c0328	posthoc_paired__perfect_cohens_d	5.540916385036406	5.5409163850364056	0.00e+00
c0328	posthoc_paired__perfect_df	18.31945502967194	18.319455029671932	3.88e-16
c0328	posthoc_paired__perfect_diff	11.666666666666666	11.666666666666666	0.00e+00
c0328	posthoc_paired__perfect_p	5.514634595004311e-11	5.5146345950043198e-11	1.64e-15
c0328	posthoc_paired__perfect_padj	5.514634595004311e-10	5.5146345950043201e-10	1.69e-15
c0328	posthoc_paired__perfect_t	13.5400640077266	13.540064007726601	0.00e+00
c0328	posthoc_paired__welch_cohens_d	0.9467621366623015	0.94676213666230169	2.35e-16
c0328	posthoc_paired__welch_df	17.028808201623235	17.028808201623235	0.00e+00
c0328	posthoc_paired__welch_diff	2.666666666666666	2.6666666666666661	0.00e+00
c0328	posthoc_paired__welch_p	0.04507196258852341	0.0450719625885233	2.46e-15
c0328	posthoc_paired__welch_padj	0.09014392517704682	0.090143925177046599	2.46e-15
c0328	posthoc_paired__welch_t	2.162808559208922	2.1628085592089219	0.00e+00
c0328	posthoc_perfect__welch_cohens_d	-3.640679257301507	-3.6406792573015077	1.22e-16
c0328	posthoc_perfect__welch_df	12.811764705882355	12.811764705882359	2.77e-16
c0328	posthoc_perfect__welch_diff	-9	-9	0.00e+00
c0328	posthoc_perfect__welch_p	2.0360745160275393e-06	2.0360745160275309e-06	4.16e-15
c0328	posthoc_perfect__welch_padj	1.4252521612192775e-05	1.4252521612192716e-05	4.16e-15
c0328	posthoc_perfect__welch_t	-8.140806303599616	-8.1408063035996161	0.00e+00
c0329	k	5	5	0.00e+00
c0329	n	50	50	0.00e+00
c0329	posthoc_corr__mwu_cohens_d	0.9827358526596335	0.98273585265963326	2.26e-16
c0329	posthoc_corr__mwu_df	14.026898610778254	14.026898610778256	1.27e-16
c0329	posthoc_corr__mwu_diff	3.071428571428571	3.0714285714285712	0.00e+00
c0329	posthoc_corr__mwu_p	0.015639701607947816	0.015639701607947799	1.11e-15
c0329	posthoc_corr__mwu_padj	0.02234243086849688	0.022342430868496854	1.09e-15
c0329	posthoc_corr__mwu_t	2.749454917621261	2.7494549176212608	0.00e+00
c0329	posthoc_corr__paired_cohens_d	-3.0043639277189063	-3.0043639277189058	1.48e-16
c0329	posthoc_corr__paired_df	23.490046769286725	23.490046769286725	0.00e+00
c0329	posthoc_corr__paired_diff	-9.095238095238095	-9.0952380952380949	0.00e+00
c0329	posthoc_corr__paired_p	5.4209809769951396e-08	5.420980976995135e-08	8.54e-16
c0329	posthoc_corr__paired_padj	2.71049048849757e-07	2.7104904884975676e-07	7.81e-16
c0329	posthoc_corr__paired_t	-7.823711198795349	-7.8237111987953494	0.00e+00
c0329	posthoc_corr__perfect_cohens_d	0.9215557470842439	0.92155574708424393	0.00e+00
c0329	posthoc_corr__perfect_df	18.925999014422576	18.925999014422569	3.75e-16
c0329	posthoc_corr__perfect_diff	2.571428571428571	2.5714285714285712	0.00e+00
c0329	posthoc_corr__perfect_p	0.02153786164407209	0.021537861644072072	8.05e-16
c0329	posthoc_corr__perfect_padj	0.026922327055090112	0.026922327055090088	9.02e-16
c0329	posthoc_corr__perfect_t	2.5053113578905046	2.5053113578905046	0.00e+00
c0329	posthoc_corr__welch_cohens_d	-1.9411425885796207	-1.9411425885796207	0.00e+00
c0329	posthoc_corr__welch_df	20.415307172417684	20.41530717241768	1.74e-16
c0329	posthoc_corr__welch_diff	-6.428571428571429	-6.4285714285714288	0.00e+00
c0329	posthoc_corr__welch_p	0.00011611549023031874	0.00011611549023031844	2.57e-15
c0329	posthoc_corr__welch_padj	0.00019352581705053124	0.00019352581705053075	2.52e-15
c0329	posthoc_corr__welch_t	-4.750506939523274	-4.7505069395232749	1.87e-16
c0329	posthoc_mwu__paired_cohens_d	-5.303958509195748	-5.3039585091957484	0.00e+00
c0329	posthoc_mwu__paired_df	10.642769276189538	10.642769276189536	1.67e-16
c0329	posthoc_mwu__paired_diff	-12.166666666666666	-12.166666666666666	0.00e+00
c0329	posthoc_mwu__paired_p	1.0112453495982535e-07	1.0112453495982559e-07	2.36e-15
c0329	posthoc_mwu__paired_padj	3.370817831994178e-07	3.3708178319941867e-07	2.51e-15
c0329	posthoc_mwu__paired_t	-12.569912307482092	-12.569912307482092	0.00e+00
c0329	posthoc_mwu__perfect_cohens_d	-0.3464101615137754	-0.34641016151377541	0.00e+00
c0329	posthoc_mwu__perfect_df	6.442489851150203	6.4424898511502029	0.00e+00
c0329	posthoc_mwu__perfect_diff	-0.5	-0.5	0.00e+00
c0329	posthoc_mwu__perfect_p	0.5531166300326702	0.55311663003267042	4.01e-16
c0329	posthoc_mwu__perfect_padj	0.5531166300326702	0.55311663003267042	4.01e-16
c0329	posthoc_mwu__perfect_t	-0.6255432421712243	-0.62554324217122426	0.00e+00
c0329	posthoc_mwu__welch_cohens_d	-3.3763886032268258	-3.3763886032268267	2.63e-16
c0329	posthoc_mwu__welch_df	11.876712328767125	11.876712328767125	0.00e+00
c0329	posthoc_mwu__welch_diff	-9.5	-9.5	0.00e+00
c0329	posthoc_mwu__welch_p	4.112418738517862e-06	4.1124187385178546e-06	1.85e-15
c0329	posthoc_mwu__welch_padj	8.224837477035724e-06	8.2248374770357091e-06	1.85e-15
c0329	posthoc_mwu__welch_t	-7.981596478959655	-7.9815964789596556	1.11e-16
c0329	posthoc_paired__perfect_cohens_d	5.540916385036406	5.5409163850364056	0.00e+00
c0329	posthoc_paired__perfect_df	18.31945502967194	18.319455029671932	3.88e-16
c0329	posthoc_paired__perfect_diff	11.666666666666666	11.666666666666666	0.00e+00
c0329	posthoc_paired__perfect_p	5.514634595004311e-11	5.5146345950043198e-11	1.64e-15
c0329	posthoc_paired__perfect_padj	5.514634595004311e-10	5.5146345950043201e-10	1.69e-15
c0329	posthoc_paired__perfect_t	13.5400640077266	13.540064007726601	0.00e+00
c0329	posthoc_paired__welch_cohens_d	0.9467621366623015	0.94676213666230169	2.35e-16
c0329	posthoc_paired__welch_df	17.028808201623235	17.028808201623235	0.00e+00
c0329	posthoc_paired__welch_diff	2.666666666666666	2.6666666666666661	0.00e+00
c0329	posthoc_paired__welch_p	0.04507196258852341	0.0450719625885233	2.46e-15
c0329	posthoc_paired__welch_padj	0.05007995843169268	0.050079958431692558	2.49e-15
c0329	posthoc_paired__welch_t	2.162808559208922	2.1628085592089219	0.00e+00
c0329	posthoc_perfect__welch_cohens_d	-3.640679257301507	-3.6406792573015077	1.22e-16
c0329	posthoc_perfect__welch_df	12.811764705882355	12.811764705882359	2.77e-16
c0329	posthoc_perfect__welch_diff	-9	-9	0.00e+00
c0329	posthoc_perfect__welch_p	2.0360745160275393e-06	2.0360745160275309e-06	4.16e-15
c0329	posthoc_perfect__welch_padj	5.0901862900688485e-06	5.0901862900688274e-06	4.16e-15
c0329	posthoc_perfect__welch_t	-8.140806303599616	-8.1408063035996161	0.00e+00
c0330	k	5	5	0.00e+00
c0330	n	50	50	0.00e+00
c0330	posthoc_corr__mwu_ci_high	8.833722982461694	8.8337229824617154	2.41e-15
c0330	posthoc_corr__mwu_ci_low	-2.6908658396045526	-2.6908658396045722	7.26e-15
c0330	posthoc_corr__mwu_cohens_d	0.9827358526596335	0.98273585265963326	2.26e-16
c0330	posthoc_corr__mwu_df	16	16	0.00e+00
c0330	posthoc_corr__mwu_diff	3.071428571428571	3.0714285714285712	0.00e+00
c0330	posthoc_corr__mwu_p	0.1022521458378574	0.10225214583785749	9.50e-16
c0330	posthoc_corr__mwu_padj	1	1	0.00e+00
c0330	posthoc_corr__mwu_t	1.7333831137362692	1.733383113736269	1.28e-16
c0330	posthoc_corr__paired_ci_high	-5.4145906627231355	-5.4145906627231248	1.97e-15
c0330	posthoc_corr__paired_ci_low	-12.775885527753054	-12.775885527753067	9.73e-16
c0330	posthoc_corr__paired_cohens_d	-3.0043639277189063	-3.0043639277189058	1.48e-16
c0330	posthoc_corr__paired_df	24	24	0.00e+00
c0330	posthoc_corr__paired_diff	-9.095238095238095	-9.0952380952380949	0.00e+00
c0330	posthoc_corr__paired_p	7.108583180103026e-08	7.1085831801030483e-08	3.17e-15
c0330	posthoc_corr__paired_padj	7.108583180103026e-07	7.1085831801030483e-07	3.13e-15
c0330	posthoc_corr__paired_t	-7.636959822292356	-7.6369598222923551	1.16e-16
c0330	posthoc_corr__perfect_ci_high	6.174603546876089	6.1746035468761011	2.01e-15
c0330	posthoc_corr__perfect_ci_low	-1.0317464040189464	-1.0317464040189583	1.16e-14
c0330	posthoc_corr__perfect_cohens_d	0.9215557470842439	0.92155574708424393	0.00e+00
c0330	posthoc_corr__perfect_df	22	22	0.00e+00
c0330	posthoc_corr__perfect_diff	2.571428571428571	2.5714285714285712	0.00e+00
c0330	posthoc_corr__perfect_p	0.03659094055381841	0.036590940553818382	7.59e-16
c0330	posthoc_corr__perfect_padj	0.3659094055381841	0.36590940553818385	6.07e-16
c0330	posthoc_corr__perfect_t	2.2257685872689748	2.2257685872689743	2.00e-16
c0330	posthoc_corr__welch_ci_high	-2.1520610038484618	-2.152061003848448	6.40e-15
c0330	posthoc_corr__welch_ci_low	-10.705081853294395	-10.705081853294409	1.33e-15
c0330	posthoc_corr__welch_cohens_d	-1.9411425885796207	-1.9411425885796207	0.00e+00
c0330	posthoc_corr__welch_df	22	22	0.00e+00
c0330	posthoc_corr__welch_diff	-6.428571428571429	-6.4285714285714288	0.00e+00
c0330	posthoc_corr__welch_p	0.00011235385191574967	0.00011235385191574934	2.89e-15
c0330	posthoc_corr__welch_padj	0.0011235385191574966	0.0011235385191574934	2.89e-15
c0330	posthoc_corr__welch_t	-4.688304761530115	-4.688304761530115	0.00e+00
c0330	posthoc_mwu__paired_ci_high	-7.762199381178786	-7.7621993811787728	1.72e-15
c0330	posthoc_mwu__paired_ci_low	-16.571133952154547	-16.571133952154558	6.43e-16
c0330	posthoc_mwu__paired_cohens_d	-5.303958509195748	-5.3039585091957484	0.00e+00
c0330	posthoc_mwu__paired_df	14	14	0.00e+00
c0330	posthoc_mwu__paired_diff	-12.166666666666666	-12.166666666666666	0.00e+00
c0330	posthoc_mwu__paired_p	2.643054826818037e-07	2.6430548268180391e-07	8.01e-16
c0330	posthoc_mwu__paired_padj	2.643054826818037e-06	2.643054826818039e-06	8.01e-16
c0330	posthoc_mwu__paired_t	-9.186725619164315	-9.1867256191643154	0.00e+00
c0330	posthoc_mwu__perfect_ci_high	2.4275916128838646	2.4275916128838735	3.66e-15
c0330	posthoc_mwu__perfect_ci_low	-3.4275916128838646	-3.4275916128838735	2.59e-15
c0330	posthoc_mwu__perfect_cohens_d	-0.3464101615137754	-0.34641016151377541	0.00e+00
c0330	posthoc_mwu__perfect_df	12	12	0.00e+00
c0330	posthoc_mwu__perfect_diff	-0.5	-0.5	0.00e+00
c0330	posthoc_mwu__perfect_p	0.5690331249007394	0.56903312490073987	7.80e-16
c0330	posthoc_mwu__perfect_padj	1	1	0.00e+00
c0330	posthoc_mwu__perfect_t	-0.5855400437691199	-0.58554004376911994	0.00e+00
c0330	posthoc_mwu__welch_ci_high	-3.793073324726679	-3.7930733247266617	4.57e-15
c0330	posthoc_mwu__welch_ci_low	-15.206926675273321	-15.206926675273339	1.17e-15
c0330	posthoc_mwu__welch_cohens_d	-3.3763886032268258	-3.3763886032268267	2.63e-16
c0330	posthoc_mwu__welch_df	12	12	0.00e+00
c0330	posthoc_mwu__welch_diff	-9.5	-9.5	0.00e+00
c0330	posthoc_mwu__welch_p	9.80222612673942e-05	9.8022261267394131e-05	6.91e-16
c0330	posthoc_mwu__welch_padj	0.000980222612673942	0.00098022261267394131	6.64e-16
c0330	posthoc_mwu__welch_t	-5.707138387268051	-5.707138387268051	0.00e+00
c0330	posthoc_paired__perfect_ci_high	14.50958934014974	14.509589340149747	4.90e-16
c0330	posthoc_paired__perfect_ci_low	8.823743993183593	8.8237439931835837	1.01e-15
c0330	posthoc_paired__perfect_cohens_d	5.540916385036406	5.5409163850364056	0.00e+00
c0330	posthoc_paired__perfect_df	20	20	0.00e+00
c0330	posthoc_paired__perfect_diff	11.666666666666666	11.666666666666666	0.00e+00
c0330	posthoc_paired__perfect_p	3.542304644700696e-11	3.5423046447006903e-11	1.64e-15
c0330	posthoc_paired__perfect_padj	3.542304644700696e-10	3.5423046447006905e-10	1.61e-15
c0330	posthoc_paired__perfect_t	12.940792666314373	12.940792666314373	0.00e+00
c0330	posthoc_paired__welch_ci_high	6.4696787494335055	6.4696787494335171	1.78e-15
c0330	posthoc_paired__welch_ci_low	-1.1363454161001738	-1.1363454161001845	9.38e-15
c0330	posthoc_paired__welch_cohens_d	0.9467621366623015	0.94676213666230169	2.35e-16
c0330	posthoc_paired__welch_df	20	20	0.00e+00
c0330	posthoc_paired__welch_diff	2.666666666666666	2.6666666666666661	0.00e+00
c0330	posthoc_paired__welch_p	0.03883446934427562	0.038834469344275598	5.36e-16
c0330	posthoc_paired__welch_padj	0.3883446934427562	0.38834469344275596	5.72e-16
c0330	posthoc_paired__welch_t	2.2111599712911274	2.2111599712911278	2.01e-16
c0330	posthoc_perfect__welch_ci_high	-5.466054230085769	-5.4660542300857573	2.11e-15
c0330	posthoc_perfect__welch_ci_low	-12.533945769914231	-12.533945769914242	8.50e-16
c0330	posthoc_perfect__welch_cohens_d	-3.640679257301507	-3.6406792573015077	1.22e-16
c0330	posthoc_perfect__welch_df	18	18	0.00e+00
c0330	posthoc_perfect__welch_diff	-9	-9	0.00e+00
c0330	posthoc_perfect__welch_p	1.909816797241689e-07	1.9098167972416837e-07	2.77e-15
c0330	posthoc_perfect__welch_padj	1.9098167972416887e-06	1.9098167972416837e-06	2.66e-15
c0330	posthoc_perfect__welch_t	-8.140806303599616	-8.1408063035996161	0.00e+00
c0331	k	5	5	0.00e+00
c0331	n	50	50	0.00e+00
c0331	posthoc_corr__mwu_cohens_d	0.9827358526596335	0.98273585265963326	2.26e-16
c0331	posthoc_corr__mwu_df	16	16	0.00e+00
c0331	posthoc_corr__mwu_diff	3.071428571428571	3.0714285714285712	0.00e+00
c0331	posthoc_corr__mwu_p	0.1022521458378574	0.10225214583785749	9.50e-16
c0331	posthoc_corr__mwu_padj	0.2045042916757148	0.20450429167571499	9.50e-16
c0331	posthoc_corr__mwu_t	1.7333831137362692	1.733383113736269	1.28e-16
c0331	posthoc_corr__paired_cohens_d	-3.0043639277189063	-3.0043639277189058	1.48e-16
c0331	posthoc_corr__paired_df	24	24	0.00e+00
c0331	posthoc_corr__paired_diff	-9.095238095238095	-9.0952380952380949	0.00e+00
c0331	posthoc_corr__paired_p	7.108583180103026e-08	7.1085831801030483e-08	3.17e-15
c0331	posthoc_corr__paired_padj	6.397724862092723e-07	6.3977248620927435e-07	3.14e-15
c0331	posthoc_corr__paired_t	-7.636959822292356	-7.6369598222923551	1.16e-16
c0331	posthoc_corr__perfect_cohens_d	0.9215557470842439	0.92155574708424393	0.00e+00
c0331	posthoc_corr__perfect_df	22	22	0.00e+00
c0331	posthoc_corr__perfect_diff	2.571428571428571	2.5714285714285712	0.00e+00
c0331	posthoc_corr__perfect_p	0.03659094055381841	0.036590940553818382	7.59e-16
c0331	posthoc_corr__perfect_padj	0.14636376221527364	0.14636376221527353	7.59e-16
c0331	posthoc_corr__perfect_t	2.2257685872689748	2.2257685872689743	2.00e-16
c0331	posthoc_corr__welch_cohens_d	-1.9411425885796207	-1.9411425885796207	0.00e+00
c0331	posthoc_corr__welch_df	22	22	0.00e+00
c0331	posthoc_corr__welch_diff	-6.428571428571429	-6.4285714285714288	0.00e+00
c0331	posthoc_corr__welch_p	0.00011235385191574967	0.00011235385191574934	2.89e-15
c0331	posthoc_corr__welch_padj	0.0005881335676043652	0.00058813356760436478	7.37e-16
c0331	posthoc_corr__welch_t	-4.688304761530115	-4.688304761530115	0.00e+00
c0331	posthoc_mwu__paired_cohens_d	-5.303958509195748	-5.3039585091957484	0.00e+00
c0331	posthoc_mwu__paired_df	14	14	0.00e+00
c0331	posthoc_mwu__paired_diff	-12.166666666666666	-12.166666666666666	0.00e+00
c0331	posthoc_mwu__paired_p	2.643054826818037e-07	2.6430548268180391e-07	8.01e-16
c0331	posthoc_mwu__paired_padj	1.850138378772626e-06	1.8501383787726274e-06	8.01e-16
c0331	posthoc_mwu__paired_t	-9.186725619164315	-9.1867256191643154	0.00e+00
c0331	posthoc_mwu__perfect_cohens_d	-0.3464101615137754	-0.34641016151377541	0.00e+00
c0331	posthoc_mwu__perfect_df	12	12	0.00e+00
c0331	posthoc_mwu__perfect_diff	-0.5	-0.5	0.00e+00
c0331	posthoc_mwu__perfect_p	0.5690331249007394	0.56903312490073987	7.80e-16
c0331	posthoc_mwu__perfect_padj	0.5690331249007394	0.56903312490073987	7.80e-16
c0331	posthoc_mwu__perfect_t	-0.5855400437691199	-0.58554004376911994	0.00e+00
c0331	posthoc_mwu__welch_cohens_d	-3.3763886032268258	-3.3763886032268267	2.63e-16
c0331	posthoc_mwu__welch_df	12	12	0.00e+00
c0331	posthoc_mwu__welch_diff	-9.5	-9.5	0.00e+00
c0331	posthoc_mwu__welch_p	9.80222612673942e-05	9.8022261267394131e-05	6.91e-16
c0331	posthoc_mwu__welch_padj	0.0005881335676043652	0.00058813356760436478	7.37e-16
c0331	posthoc_mwu__welch_t	-5.707138387268051	-5.707138387268051	0.00e+00
c0331	posthoc_paired__perfect_cohens_d	5.540916385036406	5.5409163850364056	0.00e+00
c0331	posthoc_paired__perfect_df	20	20	0.00e+00
c0331	posthoc_paired__perfect_diff	11.666666666666666	11.666666666666666	0.00e+00
c0331	posthoc_paired__perfect_p	3.542304644700696e-11	3.5423046447006903e-11	1.64e-15
c0331	posthoc_paired__perfect_padj	3.542304644700696e-10	3.5423046447006905e-10	1.61e-15
c0331	posthoc_paired__perfect_t	12.940792666314373	12.940792666314373	0.00e+00
c0331	posthoc_paired__welch_cohens_d	0.9467621366623015	0.94676213666230169	2.35e-16
c0331	posthoc_paired__welch_df	20	20	0.00e+00
c0331	posthoc_paired__welch_diff	2.666666666666666	2.6666666666666661	0.00e+00
c0331	posthoc_paired__welch_p	0.03883446934427562	0.038834469344275598	5.36e-16
c0331	posthoc_paired__welch_padj	0.14636376221527364	0.14636376221527353	7.59e-16
c0331	posthoc_paired__welch_t	2.2111599712911274	2.2111599712911278	2.01e-16
c0331	posthoc_perfect__welch_cohens_d	-3.640679257301507	-3.6406792573015077	1.22e-16
c0331	posthoc_perfect__welch_df	18	18	0.00e+00
c0331	posthoc_perfect__welch_diff	-9	-9	0.00e+00
c0331	posthoc_perfect__welch_p	1.909816797241689e-07	1.9098167972416837e-07	2.77e-15
c0331	posthoc_perfect__welch_padj	1.5278534377933512e-06	1.5278534377933469e-06	2.77e-15
c0331	posthoc_perfect__welch_t	-8.140806303599616	-8.1408063035996161	0.00e+00
c0332	k	5	5	0.00e+00
c0332	n	50	50	0.00e+00
c0332	posthoc_corr__mwu_cohens_d	0.9827358526596335	0.98273585265963326	2.26e-16
c0332	posthoc_corr__mwu_df	16	16	0.00e+00
c0332	posthoc_corr__mwu_diff	3.071428571428571	3.0714285714285712	0.00e+00
c0332	posthoc_corr__mwu_p	0.1022521458378574	0.10225214583785749	9.50e-16
c0332	posthoc_corr__mwu_padj	0.11361349537539711	0.11361349537539722	9.77e-16
c0332	posthoc_corr__mwu_t	1.7333831137362692	1.733383113736269	1.28e-16
c0332	posthoc_corr__paired_cohens_d	-3.0043639277189063	-3.0043639277189058	1.48e-16
c0332	posthoc_corr__paired_df	24	24	0.00e+00
c0332	posthoc_corr__paired_diff	-9.095238095238095	-9.0952380952380949	0.00e+00
c0332	posthoc_corr__paired_p	7.108583180103026e-08	7.1085831801030483e-08	3.17e-15
c0332	posthoc_corr__paired_padj	3.554291590051513e-07	3.5542915900515242e-07	3.13e-15
c0332	posthoc_corr__paired_t	-7.636959822292356	-7.6369598222923551	1.16e-16
c0332	posthoc_corr__perfect_cohens_d	0.9215557470842439	0.92155574708424393	0.00e+00
c0332	posthoc_corr__perfect_df	22	22	0.00e+00
c0332	posthoc_corr__perfect_diff	2.571428571428571	2.5714285714285712	0.00e+00
c0332	posthoc_corr__perfect_p	0.03659094055381841	0.036590940553818382	7.59e-16
c0332	posthoc_corr__perfect_padj	0.04854308668034452	0.048543086680344495	5.72e-16
c0332	posthoc_corr__perfect_t	2.2257685872689748	2.2257685872689743	2.00e-16
c0332	posthoc_corr__welch_cohens_d	-1.9411425885796207	-1.9411425885796207	0.00e+00
c0332	posthoc_corr__welch_df	22	22	0.00e+00
c0332	posthoc_corr__welch_diff	-6.428571428571429	-6.4285714285714288	0.00e+00
c0332	posthoc_corr__welch_p	0.00011235385191574967	0.00011235385191574934	2.89e-15
c0332	posthoc_corr__welch_padj	0.00018725641985958277	0.00018725641985958225	2.75e-15
c0332	posthoc_corr__welch_t	-4.688304761530115	-4.688304761530115	0.00e+00
c0332	posthoc_mwu__paired_cohens_d	-5.303958509195748	-5.3039585091957484	0.00e+00
c0332	posthoc_mwu__paired_df	14	14	0.00e+00
c0332	posthoc_mwu__paired_diff	-12.166666666666666	-12.166666666666666	0.00e+00
c0332	posthoc_mwu__paired_p	2.643054826818037e-07	2.6430548268180391e-07	8.01e-16
c0332	posthoc_mwu__paired_padj	6.607637067045092e-07	6.6076370670450975e-07	8.01e-16
c0332	posthoc_mwu__paired_t	-9.186725619164315	-9.1867256191643154	0.00e+00
c0332	posthoc_mwu__perfect_cohens_d	-0.3464101615137754	-0.34641016151377541	0.00e+00
c0332	posthoc_mwu__perfect_df	12	12	0.00e+00
c0332	posthoc_mwu__perfect_diff	-0.5	-0.5	0.00e+00
c0332	posthoc_mwu__perfect_p	0.5690331249007394	0.56903312490073987	7.80e-16
c0332	posthoc_mwu__perfect_padj	0.5690331249007394	0.56903312490073987	7.80e-16
c0332	posthoc_mwu__perfect_t	-0.5855400437691199	-0.58554004376911994	0.00e+00
c0332	posthoc_mwu__welch_cohens_d	-3.3763886032268258	-3.3763886032268267	2.63e-16
c0332	posthoc_mwu__welch_df	12	12	0.00e+00
c0332	posthoc_mwu__welch_diff	-9.5	-9.5	0.00e+00
c0332	posthoc_mwu__welch_p	9.80222612673942e-05	9.8022261267394131e-05	6.91e-16
c0332	posthoc_mwu__welch_padj	0.00018725641985958277	0.00018725641985958225	2.75e-15
c0332	posthoc_mwu__welch_t	-5.707138387268051	-5.707138387268051	0.00e+00
c0332	posthoc_paired__perfect_cohens_d	5.540916385036406	5.5409163850364056	0.00e+00
c0332	posthoc_paired__perfect_df	20	20	0.00e+00
c0332	posthoc_paired__perfect_diff	11.666666666666666	11.666666666666666	0.00e+00
c0332	posthoc_paired__perfect_p	3.542304644700696e-11	3.5423046447006903e-11	1.64e-15
c0332	posthoc_paired__perfect_padj	3.542304644700696e-10	3.5423046447006905e-10	1.61e-15
c0332	posthoc_paired__perfect_t	12.940792666314373	12.940792666314373	0.00e+00
c0332	posthoc_paired__welch_cohens_d	0.9467621366623015	0.94676213666230169	2.35e-16
c0332	posthoc_paired__welch_df	20	20	0.00e+00
c0332	posthoc_paired__welch_diff	2.666666666666666	2.6666666666666661	0.00e+00
c0332	posthoc_paired__welch_p	0.03883446934427562	0.038834469344275598	5.36e-16
c0332	posthoc_paired__welch_padj	0.04854308668034452	0.048543086680344495	5.72e-16
c0332	posthoc_paired__welch_t	2.2111599712911274	2.2111599712911278	2.01e-16
c0332	posthoc_perfect__welch_cohens_d	-3.640679257301507	-3.6406792573015077	1.22e-16
c0332	posthoc_perfect__welch_df	18	18	0.00e+00
c0332	posthoc_perfect__welch_diff	-9	-9	0.00e+00
c0332	posthoc_perfect__welch_p	1.909816797241689e-07	1.9098167972416837e-07	2.77e-15
c0332	posthoc_perfect__welch_padj	6.36605599080563e-07	6.3660559908056125e-07	2.66e-15
c0332	posthoc_perfect__welch_t	-8.140806303599616	-8.1408063035996161	0.00e+00
c0333	k	5	5	0.00e+00
c0333	n	50	50	0.00e+00
c0333	posthoc_corr__mwu_ci_high	10.400026370772753	10.400026370772753	0.00e+00
c0333	posthoc_corr__mwu_ci_low	-2.0000529351489345	-2.0000529351489345	0.00e+00
c0333	posthoc_corr__mwu_diff	2.6500000000000004	2.6500000000000004	0.00e+00
c0333	posthoc_corr__mwu_p	0.0791039616024859	0.07910396160248595	7.02e-16
c0333	posthoc_corr__mwu_padj	0.791039616024859	0.7910396160248595	7.02e-16
c0333	posthoc_corr__mwu_rank_biserial	0.6071428571428571	0.60714285714285721	1.83e-16
c0333	posthoc_corr__mwu_u	45	45	0.00e+00
c0333	posthoc_corr__paired_ci_high	-5.00005781756763	-5.0000578175676296	0.00e+00
c0333	posthoc_corr__paired_ci_low	-13.00002460569673	-13.00002460569673	0.00e+00
c0333	posthoc_corr__paired_diff	-9.399999999999999	-9.3999999999999986	0.00e+00
c0333	posthoc_corr__paired_p	4.292628291154228e-05	4.2926282911542346e-05	1.58e-15
c0333	posthoc_corr__paired_padj	0.00042926282911542277	0.00042926282911542348	1.64e-15
c0333	posthoc_corr__paired_rank_biserial	-0.9523809523809523	-0.95238095238095233	0.00e+00
c0333	posthoc_corr__paired_u	4	4	0.00e+00
c0333	posthoc_corr__perfect_ci_high	6.799994385568903	6.7999943855689029	0.00e+00
c0333	posthoc_corr__perfect_ci_low	-1.0000128732547524	-1.0000128732547524	0.00e+00
c0333	posthoc_corr__perfect_diff	2	2	0.00e+00
c0333	posthoc_corr__perfect_p	0.055961745324908004	0.055961745324908024	3.72e-16
c0333	posthoc_corr__perfect_padj	0.5596174532490801	0.5596174532490803	3.97e-16
c0333	posthoc_corr__perfect_rank_biserial	0.4714285714285714	0.47142857142857147	1.18e-16
c0333	posthoc_corr__perfect_u	103	103	0.00e+00
c0333	posthoc_corr__welch_ci_high	-1.800000004315398	-1.8000000043153981	0.00e+00
c0333	posthoc_corr__welch_ci_low	-10.999965325789304	-10.999965325789304	0.00e+00
c0333	posthoc_corr__welch_diff	-6.4	-6.4000000000000004	0.00e+00
c0333	posthoc_corr__welch_p	0.0009338247729674946	0.00093382477296749663	2.21e-15
c0333	posthoc_corr__welch_padj	0.009338247729674946	0.0093382477296749672	2.23e-15
c0333	posthoc_corr__welch_rank_biserial	-0.8142857142857143	-0.81428571428571428	0.00e+00
c0333	posthoc_corr__welch_u	13	13	0.00e+00
c0333	posthoc_mwu__paired_ci_high	-7	-7	0.00e+00
c0333	posthoc_mwu__paired_ci_low	-18	-18	0.00e+00
c0333	posthoc_mwu__paired_diff	-12	-12	0.00e+00
c0333	posthoc_mwu__paired_p	0.004288789765619495	0.0042887897656194961	2.02e-16
c0333	posthoc_mwu__paired_padj	0.042887897656194954	0.042887897656194961	1.62e-16
c0333	posthoc_mwu__paired_rank_biserial	-1	-1	0.00e+00
c0333	posthoc_mwu__paired_u	0	0	0.00e+00
c0333	posthoc_mwu__perfect_ci_high	3	3	0.00e+00
c0333	posthoc_mwu__perfect_ci_low	-4	-4	0.00e+00
c0333	posthoc_mwu__perfect_diff	-0.5	-0.5	0.00e+00
c0333	posthoc_mwu__perfect_p	0.6139178031705241	0.61391780317052413	0.00e+00
c0333	posthoc_mwu__perfect_padj	1	1	0.00e+00
c0333	posthoc_mwu__perfect_rank_biserial	-0.2	-0.19999999999999996	2.78e-16
c0333	posthoc_mwu__perfect_u	16	16	0.00e+00
c0333	posthoc_mwu__welch_ci_high	-4	-4	0.00e+00
c0333	posthoc_mwu__welch_ci_low	-17	-17	0.00e+00
c0333	posthoc_mwu__welch_diff	-9	-9	0.00e+00
c0333	posthoc_mwu__welch_p	0.005713299834525596	0.0057132998345256055	1.67e-15
c0333	posthoc_mwu__welch_padj	0.05713299834525596	0.057132998345256057	1.70e-15
c0333	posthoc_mwu__welch_rank_biserial	-1	-1	0.00e+00
c0333	posthoc_mwu__welch_u	0	0	0.00e+00
c0333	posthoc_paired__perfect_ci_high	14.999938167740861	14.999938167740861	0.00e+00
c0333	posthoc_paired__perfect_ci_low	8.999969342579206	8.999969342579206	0.00e+00
c0333	posthoc_paired__perfect_diff	11.5	11.5	0.00e+00
c0333	posthoc_paired__perfect_p	8.417017201509565e-05	8.41701720150958e-05	1.77e-15
c0333	posthoc_paired__perfect_padj	0.0008417017201509565	0.000841701720150958	1.80e-15
c0333	posthoc_paired__perfect_rank_biserial	1	1	0.00e+00
c0333	posthoc_paired__perfect_u	120	120	0.00e+00
c0333	posthoc_paired__welch_ci_high	6.999958999984407	6.9999589999844067	0.00e+00
c0333	posthoc_paired__welch_ci_low	-1.999961355467415	-1.9999613554674149	0.00e+00
c0333	posthoc_paired__welch_diff	3	3	0.00e+00
c0333	posthoc_paired__welch_p	0.03986612713918825	0.039866127139188294	1.04e-15
c0333	posthoc_paired__welch_padj	0.3986612713918825	0.39866127139188295	1.11e-15
c0333	posthoc_paired__welch_rank_biserial	0.525	0.52499999999999991	2.11e-16
c0333	posthoc_paired__welch_u	91.5	91.5	0.00e+00
c0333	posthoc_perfect__welch_ci_high	-5.000061928497263	-5.0000619284972627	0.00e+00
c0333	posthoc_perfect__welch_ci_low	-13.000077447537855	-13.000077447537855	0.00e+00
c0333	posthoc_perfect__welch_diff	-8.5	-8.5	0.00e+00
c0333	posthoc_perfect__welch_p	0.0001756155310459087	0.0001756155310459087	0.00e+00
c0333	posthoc_perfect__welch_padj	0.001756155310459087	0.001756155310459087	0.00e+00
c0333	posthoc_perfect__welch_rank_biserial	-1	-1	0.00e+00
c0333	posthoc_perfect__welch_u	0	0	0.00e+00
c0334	k	5	5	0.00e+00
c0334	n	50	50	0.00e+00
c0334	posthoc_corr__mwu_diff	2.6500000000000004	2.6500000000000004	0.00e+00
c0334	posthoc_corr__mwu_p	0.0791039616024859	0.07910396160248595	7.02e-16
c0334	posthoc_corr__mwu_padj	0.16788523597472402	0.16788523597472407	3.31e-16
c0334	posthoc_corr__mwu_rank_biserial	0.6071428571428571	0.60714285714285721	1.83e-16
c0334	posthoc_corr__mwu_u	45	45	0.00e+00
c0334	posthoc_corr__paired_diff	-9.399999999999999	-9.3999999999999986	0.00e+00
c0334	posthoc_corr__paired_p	4.292628291154228e-05	4.2926282911542346e-05	1.58e-15
c0334	posthoc_corr__paired_padj	0.00042926282911542277	0.00042926282911542348	1.64e-15
c0334	posthoc_corr__paired_rank_biserial	-0.9523809523809523	-0.95238095238095233	0.00e+00
c0334	posthoc_corr__paired_u	4	4	0.00e+00
c0334	posthoc_corr__perfect_diff	2	2	0.00e+00
c0334	posthoc_corr__perfect_p	0.055961745324908004	0.055961745324908024	3.72e-16
c0334	posthoc_corr__perfect_padj	0.16788523597472402	0.16788523597472407	3.31e-16
c0334	posthoc_corr__perfect_rank_biserial	0.4714285714285714	0.47142857142857147	1.18e-16
c0334	posthoc_corr__perfect_u	103	103	0.00e+00
c0334	posthoc_corr__welch_diff	-6.4	-6.4000000000000004	0.00e+00
c0334	posthoc_corr__welch_p	0.0009338247729674946	0.00093382477296749663	2.21e-15
c0334	posthoc_corr__welch_padj	0.006536773410772462	0.006536773410772476	2.12e-15
c0334	posthoc_corr__welch_rank_biserial	-0.8142857142857143	-0.81428571428571428	0.00e+00
c0334	posthoc_corr__welch_u	13	13	0.00e+00
c0334	posthoc_mwu__paired_diff	-12	-12	0.00e+00
c0334	posthoc_mwu__paired_p	0.004288789765619495	0.0042887897656194961	2.02e-16
c0334	posthoc_mwu__paired_padj	0.02573273859371697	0.025732738593716976	2.70e-16
c0334	posthoc_mwu__paired_rank_biserial	-1	-1	0.00e+00
c0334	posthoc_mwu__paired_u	0	0	0.00e+00
c0334	posthoc_mwu__perfect_diff	-0.5	-0.5	0.00e+00
c0334	posthoc_mwu__perfect_p	0.6139178031705241	0.61391780317052413	0.00e+00
c0334	posthoc_mwu__perfect_padj	0.6139178031705241	0.61391780317052413	0.00e+00
c0334	posthoc_mwu__perfect_rank_biserial	-0.2	-0.19999999999999996	2.78e-16
c0334	posthoc_mwu__perfect_u	16	16	0.00e+00
c0334	posthoc_mwu__welch_diff	-9	-9	0.00e+00
c0334	posthoc_mwu__welch_p	0.005713299834525596	0.0057132998345256055	1.67e-15
c0334	posthoc_mwu__welch_padj	0.02856649917262798	0.028566499172628029	1.70e-15
c0334	posthoc_mwu__welch_rank_biserial	-1	-1	0.00e+00
c0334	posthoc_mwu__welch_u	0	0	0.00e+00
c0334	posthoc_paired__perfect_diff	11.5	11.5	0.00e+00
c0334	posthoc_paired__perfect_p	8.417017201509565e-05	8.41701720150958e-05	1.77e-15
c0334	posthoc_paired__perfect_padj	0.0007575315481358609	0.0007575315481358622	1.72e-15
c0334	posthoc_paired__perfect_rank_biserial	1	1	0.00e+00
c0334	posthoc_paired__perfect_u	120	120	0.00e+00
c0334	posthoc_paired__welch_diff	3	3	0.00e+00
c0334	posthoc_paired__welch_p	0.03986612713918825	0.039866127139188294	1.04e-15
c0334	posthoc_paired__welch_padj	0.159464508556753	0.15946450855675318	1.04e-15
c0334	posthoc_paired__welch_rank_biserial	0.525	0.52499999999999991	2.11e-16
c0334	posthoc_paired__welch_u	91.5	91.5	0.00e+00
c0334	posthoc_perfect__welch_diff	-8.5	-8.5	0.00e+00
c0334	posthoc_perfect__welch_p	0.0001756155310459087	0.0001756155310459087	0.00e+00
c0334	posthoc_perfect__welch_padj	0.0014049242483672696	0.0014049242483672696	0.00e+00
c0334	posthoc_perfect__welch_rank_biserial	-1	-1	0.00e+00
c0334	posthoc_perfect__welch_u	0	0	0.00e+00
c0335	k	5	5	0.00e+00
c0335	n	50	50	0.00e+00
c0335	posthoc_corr__mwu_diff	2.6500000000000004	2.6500000000000004	0.00e+00
c0335	posthoc_corr__mwu_p	0.0791039616024859	0.07910396160248595	7.02e-16
c0335	posthoc_corr__mwu_padj	0.08789329066942878	0.087893290669428845	7.89e-16
c0335	posthoc_corr__mwu_rank_biserial	0.6071428571428571	0.60714285714285721	1.83e-16
c0335	posthoc_corr__mwu_u	45	45	0.00e+00
c0335	posthoc_corr__paired_diff	-9.399999999999999	-9.3999999999999986	0.00e+00
c0335	posthoc_corr__paired_p	4.292628291154228e-05	4.2926282911542346e-05	1.58e-15
c0335	posthoc_corr__paired_padj	0.00042085086007547824	0.000420850860075479	1.80e-15
c0335	posthoc_corr__paired_rank_biserial	-0.9523809523809523	-0.95238095238095233	0.00e+00
c0335	posthoc_corr__paired_u	4	4	0.00e+00
c0335	posthoc_corr__perfect_diff	2	2	0.00e+00
c0335	posthoc_corr__perfect_p	0.055961745324908004	0.055961745324908024	3.72e-16
c0335	posthoc_corr__perfect_padj	0.06995218165613501	0.069952181656135037	3.97e-16
c0335	posthoc_corr__perfect_rank_biserial	0.4714285714285714	0.47142857142857147	1.18e-16
c0335	posthoc_corr__perfect_u	103	103	0.00e+00
c0335	posthoc_corr__welch_diff	-6.4	-6.4000000000000004	0.00e+00
c0335	posthoc_corr__welch_p	0.0009338247729674946	0.00093382477296749663	2.21e-15
c0335	posthoc_corr__welch_padj	0.0023345619324187366	0.0023345619324187418	2.23e-15
c0335	posthoc_corr__welch_rank_biserial	-0.8142857142857143	-0.81428571428571428	0.00e+00
c0335	posthoc_corr__welch_u	13	13	0.00e+00
c0335	posthoc_mwu__paired_diff	-12	-12	0.00e+00
c0335	posthoc_mwu__paired_p	0.004288789765619495	0.0042887897656194961	2.02e-16
c0335	posthoc_mwu__paired_padj	0.00857757953123899	0.0085775795312389921	2.02e-16
c0335	posthoc_mwu__paired_rank_biserial	-1	-1	0.00e+00
c0335	posthoc_mwu__paired_u	0	0	0.00e+00
c0335	posthoc_mwu__perfect_diff	-0.5	-0.5	0.00e+00
c0335	posthoc_mwu__perfect_p	0.6139178031705241	0.61391780317052413	0.00e+00
c0335	posthoc_mwu__perfect_padj	0.6139178031705241	0.61391780317052413	0.00e+00
c0335	posthoc_mwu__perfect_rank_biserial	-0.2	-0.19999999999999996	2.78e-16
c0335	posthoc_mwu__perfect_u	16	16	0.00e+00
c0335	posthoc_mwu__welch_diff	-9	-9	0.00e+00
c0335	posthoc_mwu__welch_p	0.005713299834525596	0.0057132998345256055	1.67e-15
c0335	posthoc_mwu__welch_padj	0.009522166390875993	0.009522166390876009	1.64e-15
c0335	posthoc_mwu__welch_rank_biserial	-1	-1	0.00e+00
c0335	posthoc_mwu__welch_u	0	0	0.00e+00
c0335	posthoc_paired__perfect_diff	11.5	11.5	0.00e+00
c0335	posthoc_paired__perfect_p	8.417017201509565e-05	8.41701720150958e-05	1.77e-15
c0335	posthoc_paired__perfect_padj	0.00042085086007547824	0.000420850860075479	1.80e-15
c0335	posthoc_paired__perfect_rank_biserial	1	1	0.00e+00
c0335	posthoc_paired__perfect_u	120	120	0.00e+00
c0335	posthoc_paired__welch_diff	3	3	0.00e+00
c0335	posthoc_paired__welch_p	0.03986612713918825	0.039866127139188294	1.04e-15
c0335	posthoc_paired__welch_padj	0.05695161019884036	0.056951610198840423	1.10e-15
c0335	posthoc_paired__welch_rank_biserial	0.525	0.52499999999999991	2.11e-16
c0335	posthoc_paired__welch_u	91.5	91.5	0.00e+00
c0335	posthoc_perfect__welch_diff	-8.5	-8.5	0.00e+00
c0335	posthoc_perfect__welch_p	0.0001756155310459087	0.0001756155310459087	0.00e+00
c0335	posthoc_perfect__welch_padj	0.0005853851034863623	0.00058538510348636239	1.85e-16
c0335	posthoc_perfect__welch_rank_biserial	-1	-1	0.00e+00
c0335	posthoc_perfect__welch_u	0	0	0.00e+00
c0336	k	5	5	0.00e+00
c0336	n	50	50	0.00e+00
c0336	posthoc_corr__mwu_ci_high	8.039216804396748	8.039216804396748	0.00e+00
c0336	posthoc_corr__mwu_ci_low	-1.8963596615396066	-1.8963596615396057	4.68e-16
c0336	posthoc_corr__mwu_diff	3.071428571428571	3.0714285714285712	0.00e+00
c0336	posthoc_corr__mwu_f	0.9857393880632238	0.98573938806322381	0.00e+00
c0336	posthoc_corr__mwu_padj	0.42497935204685433	0.42497935204685366	1.57e-15
c0336	posthoc_corr__paired_ci_high	-5.648146142865496	-5.6481461428654978	3.15e-16
c0336	posthoc_corr__paired_ci_low	-12.542330047610694	-12.542330047610692	1.42e-16
c0336	posthoc_corr__paired_diff	-9.095238095238095	-9.0952380952380949	0.00e+00
c0336	posthoc_corr__paired_f	17.952702225369787	17.952702225369787	0.00e+00
c0336	posthoc_corr__paired_padj	7.0813670248780965e-09	7.0813670248781089e-09	1.75e-15
c0336	posthoc_corr__perfect_ci_high	6.1993881395691055	6.1993881395691037	2.87e-16
c0336	posthoc_corr__perfect_ci_low	-1.0565309967119627	-1.0565309967119618	8.41e-16
c0336	posthoc_corr__perfect_diff	2.571428571428571	2.5714285714285712	0.00e+00
c0336	posthoc_corr__perfect_f	1.2954822677088338	1.2954822677088338	0.00e+00
c0336	posthoc_corr__perfect_padj	0.28612156970413205	0.28612156970413155	1.75e-15
c0336	posthoc_corr__welch_ci_high	-2.800611860430895	-2.8006118604308958	3.17e-16
c0336	posthoc_corr__welch_ci_low	-10.056530996711963	-10.056530996711961	1.77e-16
c0336	posthoc_corr__welch_diff	-6.428571428571429	-6.4285714285714288	0.00e+00
c0336	posthoc_corr__welch_f	8.096764173180214	8.0967641731802136	0.00e+00
c0336	posthoc_corr__welch_padj	5.2476214614961237e-05	5.2476214614961304e-05	1.29e-15
c0336	posthoc_mwu__paired_ci_high	-7.107718752424979	-7.1077187524249803	1.25e-16
c0336	posthoc_mwu__paired_ci_low	-17.225614580908353	-17.225614580908353	0.00e+00
c0336	posthoc_mwu__paired_diff	-12.166666666666666	-12.166666666666666	0.00e+00
c0336	posthoc_mwu__paired_f	14.91523920751316	14.91523920751316	0.00e+00
c0336	posthoc_mwu__paired_padj	7.8130278364445e-08	7.8130278364445178e-08	2.20e-15
c0336	posthoc_mwu__perfect_ci_high	4.683879020478857	4.6838790204788552	3.79e-16
c0336	posthoc_mwu__perfect_ci_low	-5.683879020478857	-5.6838790204788552	3.13e-16
c0336	posthoc_mwu__perfect_diff	-0.5	-0.5	0.00e+00
c0336	posthoc_mwu__perfect_f	0.023990412364978408	0.023990412364978408	0.00e+00
c0336	posthoc_mwu__perfect_padj	0.9988387945503088	0.99883879455030877	0.00e+00
c0336	posthoc_mwu__welch_ci_high	-4.316120979521143	-4.3161209795211448	4.12e-16
c0336	posthoc_mwu__welch_ci_low	-14.683879020478857	-14.683879020478855	1.21e-16
c0336	posthoc_mwu__welch_diff	-9.5	-9.5	0.00e+00
c0336	posthoc_mwu__welch_f	8.660538863757205	8.6605388637572052	0.00e+00
c0336	posthoc_mwu__welch_padj	2.8474750524408517e-05	2.8474750524408537e-05	7.14e-16
c0336	posthoc_paired__perfect_ci_high	15.418482853456162	15.418482853456162	0.00e+00
c0336	posthoc_paired__perfect_ci_low	7.91485047987717	7.9148504798771704	0.00e+00
c0336	posthoc_paired__perfect_diff	11.666666666666666	11.666666666666666	0.00e+00
c0336	posthoc_paired__perfect_f	24.93548921571998	24.935489215719979	0.00e+00
c0336	posthoc_paired__perfect_padj	6.33164761142111e-11	6.3316476114211298e-11	3.06e-15
c0336	posthoc_paired__welch_ci_high	6.418482853456162	6.4184828534561618	0.00e+00
c0336	posthoc_paired__welch_ci_low	-1.08514952012283	-1.0851495201228292	8.18e-16
c0336	posthoc_paired__welch_diff	2.666666666666666	2.6666666666666661	0.00e+00
c0336	posthoc_paired__welch_f	1.3027520896376144	1.3027520896376144	0.00e+00
c0336	posthoc_paired__welch_padj	0.2834093031013125	0.28340930310131307	1.96e-15
c0336	posthoc_perfect__welch_ci_high	-5.0813557957622395	-5.0813557957622404	1.75e-16
c0336	posthoc_perfect__welch_ci_low	-12.918644204237761	-12.91864420423776	1.38e-16
c0336	posthoc_perfect__welch_diff	-9	-9	0.00e+00
c0336	posthoc_perfect__welch_f	13.602563810942756	13.602563810942756	0.00e+00
c0336	posthoc_perfect__welch_padj	2.3956249725057354e-07	2.3956249725057375e-07	8.84e-16
c0337	k	4	4	0.00e+00
c0337	n	50	50	0.00e+00
c0337	posthoc_a__b_ci_high	2.8795758945431302	2.8795758945431311	3.08e-16
c0337	posthoc_a__b_ci_low	-8.11034512531236	-8.1103451253123602	0.00e+00
c0337	posthoc_a__b_cohens_d	-0.5394390836538024	-0.53943908365380244	0.00e+00
c0337	posthoc_a__b_df	22.723855781383676	22.72385578138368	1.56e-16
c0337	posthoc_a__b_diff	-2.615384615384615	-2.615384615384615	0.00e+00
c0337	posthoc_a__b_p	0.18244486466411425	0.18244486466411425	0.00e+00
c0337	posthoc_a__b_padj	1	1	0.00e+00
c0337	posthoc_a__b_t	-1.3753052069726748	-1.3753052069726746	1.61e-16
c0337	posthoc_a__x_ci_high	10.755348832276145	10.755348832276143	1.65e-16
c0337	posthoc_a__x_ci_low	3.0010614241341114	3.0010614241341123	2.96e-16
c0337	posthoc_a__x_cohens_d	2.0610761375286857	2.0610761375286857	0.00e+00
c0337	posthoc_a__x_df	17.058483241694532	17.058483241694532	0.00e+00
c0337	posthoc_a__x_diff	6.878205128205128	6.8782051282051277	0.00e+00
c0337	posthoc_a__x_p	5.9156948672537906e-05	5.9156948672537967e-05	1.03e-15
c0337	posthoc_a__x_padj	0.0003549416920352274	0.00035494169203522779	1.07e-15
c0337	posthoc_a__x_t	5.29146063194507	5.2914606319450694	1.68e-16
c0337	posthoc_a__y_ci_high	9.616040474031058	9.6160404740310597	1.85e-16
c0337	posthoc_a__y_ci_low	0.47370311571253154	0.47370311571253076	1.64e-15
c0337	posthoc_a__y_cohens_d	1.268115831078051	1.2681158310780509	0.00e+00
c0337	posthoc_a__y_df	22.924631760378144	22.924631760378134	4.65e-16
c0337	posthoc_a__y_diff	5.044871794871795	5.0448717948717947	0.00e+00
c0337	posthoc_a__y_p	0.0041218347403440755	0.0041218347403440755	0.00e+00
c0337	posthoc_a__y_padj	0.024731008442064453	0.024731008442064453	0.00e+00
c0337	posthoc_a__y_t	3.186339084324603	3.1863390843246031	0.00e+00
c0337	posthoc_b__x_ci_high	14.32778917579616	14.327789175796157	2.48e-16
c0337	posthoc_b__x_ci_low	4.659390311383325	4.6593903113833273	5.72e-16
c0337	posthoc_b__x_cohens_d	2.3059576224150797	2.3059576224150793	1.93e-16
c0337	posthoc_b__x_df	15.237297263135016	15.237297263135019	2.33e-16
c0337	posthoc_b__x_diff	9.493589743589743	9.4935897435897427	0.00e+00
c0337	posthoc_b__x_p	2.4992676528655546e-05	2.4992676528655461e-05	3.39e-15
c0337	posthoc_b__x_padj	0.00014995605917193328	0.00014995605917193276	3.43e-15
c0337	posthoc_b__x_t	5.949012475234343	5.9490124752343423	1.49e-16
c0337	posthoc_b__y_ci_high	12.994659397277175	12.994659397277177	1.37e-16
c0337	posthoc_b__y_ci_low	2.3258534232356434	2.3258534232356447	5.73e-16
c0337	posthoc_b__y_cohens_d	1.6467342426622067	1.6467342426622067	0.00e+00
c0337	posthoc_b__y_df	21.253551462302212	21.253551462302216	1.67e-16
c0337	posthoc_b__y_diff	7.66025641025641	7.6602564102564097	0.00e+00
c0337	posthoc_b__y_p	0.0004167917829283799	0.00041679178292837839	3.64e-15
c0337	posthoc_b__y_padj	0.0025007506975702797	0.0025007506975702701	3.82e-15
c0337	posthoc_b__y_t	4.176662309275437	4.1766623092754367	0.00e+00
c0337	posthoc_x__y_ci_high	1.7543350648476066	1.7543350648476057	5.06e-16
c0337	posthoc_x__y_ci_low	-5.421001731514274	-5.4210017315142727	1.64e-16
c0337	posthoc_x__y_cohens_d	-0.6243480233815981	-0.62434802338159812	0.00e+00
c0337	posthoc_x__y_df	16.625001112456548	16.625001112456548	0.00e+00
c0337	posthoc_x__y_diff	-1.8333333333333335	-1.8333333333333335	0.00e+00
c0337	posthoc_x__y_p	0.14498526492119668	0.14498526492119679	7.66e-16
c0337	posthoc_x__y_padj	0.8699115895271801	0.86991158952718073	7.66e-16
c0337	posthoc_x__y_t	-1.5293340792001762	-1.5293340792001764	1.45e-16
c0338	k	4	4	0.00e+00
c0338	n	50	50	0.00e+00
c0338	posthoc_a__b_cohens_d	-0.5394390836538024	-0.53943908365380244	0.00e+00
c0338	posthoc_a__b_df	22.723855781383676	22.72385578138368	1.56e-16
c0338	posthoc_a__b_diff	-2.615384615384615	-2.615384615384615	0.00e+00
c0338	posthoc_a__b_p	0.18244486466411425	0.18244486466411425	0.00e+00
c0338	posthoc_a__b_padj	0.28997052984239335	0.28997052984239358	7.66e-16
c0338	posthoc_a__b_t	-1.3753052069726748	-1.3753052069726746	1.61e-16
c0338	posthoc_a__x_cohens_d	2.0610761375286857	2.0610761375286857	0.00e+00
c0338	posthoc_a__x_df	17.058483241694532	17.058483241694532	0.00e+00
c0338	posthoc_a__x_diff	6.878205128205128	6.8782051282051277	0.00e+00
c0338	posthoc_a__x_p	5.9156948672537906e-05	5.9156948672537967e-05	1.03e-15
c0338	posthoc_a__x_padj	0.00029578474336268955	0.00029578474336268982	9.16e-16
c0338	posthoc_a__x_t	5.29146063194507	5.2914606319450694	1.68e-16
c0338	posthoc_a__y_cohens_d	1.268115831078051	1.2681158310780509	0.00e+00
c0338	posthoc_a__y_df	22.924631760378144	22.924631760378134	4.65e-16
c0338	posthoc_a__y_diff	5.044871794871795	5.0448717948717947	0.00e+00
c0338	posthoc_a__y_p	0.0041218347403440755	0.0041218347403440755	0.00e+00
c0338	posthoc_a__y_padj	0.012365504221032227	0.012365504221032227	0.00e+00
c0338	posthoc_a__y_t	3.186339084324603	3.1863390843246031	0.00e+00
c0338	posthoc_b__x_cohens_d	2.3059576224150797	2.3059576224150793	1.93e-16
c0338	posthoc_b__x_df	15.237297263135016	15.237297263135019	2.33e-16
c0338	posthoc_b__x_diff	9.493589743589743	9.4935897435897427	0.00e+00
c0338	posthoc_b__x_p	2.4992676528655546e-05	2.4992676528655461e-05	3.39e-15
c0338	posthoc_b__x_padj	0.00014995605917193328	0.00014995605917193276	3.43e-15
c0338	posthoc_b__x_t	5.949012475234343	5.9490124752343423	1.49e-16
c0338	posthoc_b__y_cohens_d	1.6467342426622067	1.6467342426622067	0.00e+00
c0338	posthoc_b__y_df	21.253551462302212	21.253551462302216	1.67e-16
c0338	posthoc_b__y_diff	7.66025641025641	7.6602564102564097	0.00e+00
c0338	posthoc_b__y_p	0.0004167917829283799	0.00041679178292837839	3.64e-15
c0338	posthoc_b__y_padj	0.0016671671317135196	0.0016671671317135136	3.64e-15
c0338	posthoc_b__y_t	4.176662309275437	4.1766623092754367	0.00e+00
c0338	posthoc_x__y_cohens_d	-0.6243480233815981	-0.62434802338159812	0.00e+00
c0338	posthoc_x__y_df	16.625001112456548	16.625001112456548	0.00e+00
c0338	posthoc_x__y_diff	-1.8333333333333335	-1.8333333333333335	0.00e+00
c0338	posthoc_x__y_p	0.14498526492119668	0.14498526492119679	7.66e-16
c0338	posthoc_x__y_padj	0.28997052984239335	0.28997052984239358	7.66e-16
c0338	posthoc_x__y_t	-1.5293340792001762	-1.5293340792001764	1.45e-16
c0339	k	4	4	0.00e+00
c0339	n	50	50	0.00e+00
c0339	posthoc_a__b_cohens_d	-0.5394390836538024	-0.53943908365380244	0.00e+00
c0339	posthoc_a__b_df	22.723855781383676	22.72385578138368	1.56e-16
c0339	posthoc_a__b_diff	-2.615384615384615	-2.615384615384615	0.00e+00
c0339	posthoc_a__b_p	0.18244486466411425	0.18244486466411425	0.00e+00
c0339	posthoc_a__b_padj	0.18244486466411425	0.18244486466411425	0.00e+00
c0339	posthoc_a__b_t	-1.3753052069726748	-1.3753052069726746	1.61e-16
c0339	posthoc_a__x_cohens_d	2.0610761375286857	2.0610761375286857	0.00e+00
c0339	posthoc_a__x_df	17.058483241694532	17.058483241694532	0.00e+00
c0339	posthoc_a__x_diff	6.878205128205128	6.8782051282051277	0.00e+00
c0339	posthoc_a__x_p	5.9156948672537906e-05	5.9156948672537967e-05	1.03e-15
c0339	posthoc_a__x_padj	0.0001774708460176137	0.0001774708460176139	1.07e-15
c0339	posthoc_a__x_t	5.29146063194507	5.2914606319450694	1.68e-16
c0339	posthoc_a__y_cohens_d	1.268115831078051	1.2681158310780509	0.00e+00
c0339	posthoc_a__y_df	22.924631760378144	22.924631760378134	4.65e-16
c0339	posthoc_a__y_diff	5.044871794871795	5.0448717948717947	0.00e+00
c0339	posthoc_a__y_p	0.0041218347403440755	0.0041218347403440755	0.00e+00
c0339	posthoc_a__y_padj	0.006182752110516113	0.0061827521105161133	0.00e+00
c0339	posthoc_a__y_t	3.186339084324603	3.1863390843246031	0.00e+00
c0339	posthoc_b__x_cohens_d	2.3059576224150797	2.3059576224150793	1.93e-16
c0339	posthoc_b__x_df	15.237297263135016	15.237297263135019	2.33e-16
c0339	posthoc_b__x_diff	9.493589743589743	9.4935897435897427	0.00e+00
c0339	posthoc_b__x_p	2.4992676528655546e-05	2.4992676528655461e-05	3.39e-15
c0339	posthoc_b__x_padj	0.00014995605917193328	0.00014995605917193276	3.43e-15
c0339	posthoc_b__x_t	5.949012475234343	5.9490124752343423	1.49e-16
c0339	posthoc_b__y_cohens_d	1.6467342426622067	1.6467342426622067	0.00e+00
c0339	posthoc_b__y_df	21.253551462302212	21.253551462302216	1.67e-16
c0339	posthoc_b__y_diff	7.66025641025641	7.6602564102564097	0.00e+00
c0339	posthoc_b__y_p	0.0004167917829283799	0.00041679178292837839	3.64e-15
c0339	posthoc_b__y_padj	0.0008335835658567599	0.00083358356585675679	3.77e-15
c0339	posthoc_b__y_t	4.176662309275437	4.1766623092754367	0.00e+00
c0339	posthoc_x__y_cohens_d	-0.6243480233815981	-0.62434802338159812	0.00e+00
c0339	posthoc_x__y_df	16.625001112456548	16.625001112456548	0.00e+00
c0339	posthoc_x__y_diff	-1.8333333333333335	-1.8333333333333335	0.00e+00
c0339	posthoc_x__y_p	0.14498526492119668	0.14498526492119679	7.66e-16
c0339	posthoc_x__y_padj	0.173982317905436	0.17398231790543614	7.98e-16
c0339	posthoc_x__y_t	-1.5293340792001762	-1.5293340792001764	1.45e-16
c0340	k	4	4	0.00e+00
c0340	n	50	50	0.00e+00
c0340	posthoc_a__b_ci_high	2.852112746270871	2.8521127462708713	1.56e-16
c0340	posthoc_a__b_ci_low	-8.0828819770401	-8.0828819770401008	0.00e+00
c0340	posthoc_a__b_cohens_d	-0.5394390836538024	-0.53943908365380244	0.00e+00
c0340	posthoc_a__b_df	24	24	0.00e+00
c0340	posthoc_a__b_diff	-2.615384615384615	-2.615384615384615	0.00e+00
c0340	posthoc_a__b_p	0.18173954905685252	0.18173954905685277	1.37e-15
c0340	posthoc_a__b_padj	1	1	0.00e+00
c0340	posthoc_a__b_t	-1.3753052069726746	-1.3753052069726746	0.00e+00
c0340	posthoc_a__x_ci_high	10.734096703914684	10.734096703914684	0.00e+00
c0340	posthoc_a__x_ci_low	3.0223135524955715	3.0223135524955715	0.00e+00
c0340	posthoc_a__x_cohens_d	2.0610761375286857	2.0610761375286857	0.00e+00
c0340	posthoc_a__x_df	23	23	0.00e+00
c0340	posthoc_a__x_diff	6.878205128205128	6.8782051282051277	0.00e+00
c0340	posthoc_a__x_p	3.229313880688248e-05	3.2293138806882476e-05	2.10e-16
c0340	posthoc_a__x_padj	0.00019375883284129488	0.00019375883284129485	1.40e-16
c0340	posthoc_a__x_t	5.148566541365337	5.1485665413653372	0.00e+00
c0340	posthoc_a__y_ci_high	9.641452976536412	9.6414529765364101	1.84e-16
c0340	posthoc_a__y_ci_low	0.44829061320717756	0.44829061320717806	1.11e-15
c0340	posthoc_a__y_cohens_d	1.268115831078051	1.2681158310780509	0.00e+00
c0340	posthoc_a__y_df	23	23	0.00e+00
c0340	posthoc_a__y_diff	5.044871794871795	5.0448717948717947	0.00e+00
c0340	posthoc_a__y_p	0.004296932400134392	0.0042969324001343847	1.61e-15
c0340	posthoc_a__y_padj	0.02578159440080635	0.02578159440080631	1.61e-15
c0340	posthoc_a__y_t	3.1677523307278994	3.1677523307278994	0.00e+00
c0340	posthoc_b__x_ci_high	14.250477055801312	14.25047705580131	1.25e-16
c0340	posthoc_b__x_ci_low	4.736702431378173	4.7367024313781734	0.00e+00
c0340	posthoc_b__x_cohens_d	2.3059576224150797	2.3059576224150793	1.93e-16
c0340	posthoc_b__x_df	23	23	0.00e+00
c0340	posthoc_b__x_diff	9.493589743589743	9.4935897435897427	0.00e+00
c0340	posthoc_b__x_p	7.226971555466076e-06	7.2269715554660484e-06	3.87e-15
c0340	posthoc_b__x_padj	4.3361829332796455e-05	4.3361829332796292e-05	3.75e-15
c0340	posthoc_b__x_t	5.760280294549481	5.7602802945494807	0.00e+00
c0340	posthoc_b__y_ci_high	13.035071348194716	13.035071348194716	0.00e+00
c0340	posthoc_b__y_ci_low	2.2854414723181025	2.2854414723181034	3.89e-16
c0340	posthoc_b__y_cohens_d	1.6467342426622067	1.6467342426622067	0.00e+00
c0340	posthoc_b__y_df	23	23	0.00e+00
c0340	posthoc_b__y_diff	7.66025641025641	7.6602564102564097	0.00e+00
c0340	posthoc_b__y_p	0.0004241970447510732	0.00042419704475107325	1.28e-16
c0340	posthoc_b__y_padj	0.0025451822685064393	0.0025451822685064393	0.00e+00
c0340	posthoc_b__y_t	4.113540819727834	4.1135408197278336	0.00e+00
c0340	posthoc_x__y_ci_high	1.6413714021997383	1.6413714021997394	6.76e-16
c0340	posthoc_x__y_ci_low	-5.308038068866406	-5.3080380688664066	1.67e-16
c0340	posthoc_x__y_cohens_d	-0.6243480233815981	-0.62434802338159812	0.00e+00
c0340	posthoc_x__y_df	22	22	0.00e+00
c0340	posthoc_x__y_diff	-1.8333333333333335	-1.8333333333333335	0.00e+00
c0340	posthoc_x__y_p	0.14043397284868142	0.14043397284868173	2.17e-15
c0340	posthoc_x__y_padj	0.8426038370920885	0.8426038370920903	2.11e-15
c0340	posthoc_x__y_t	-1.5293340792001764	-1.5293340792001764	0.00e+00
c0341	k	4	4	0.00e+00
c0341	n	50	50	0.00e+00
c0341	posthoc_a__b_cohens_d	-0.5394390836538024	-0.53943908365380244	0.00e+00
c0341	posthoc_a__b_df	24	24	0.00e+00
c0341	posthoc_a__b_diff	-2.615384615384615	-2.615384615384615	0.00e+00
c0341	posthoc_a__b_p	0.18173954905685252	0.18173954905685277	1.37e-15
c0341	posthoc_a__b_padj	0.28086794569736284	0.28086794569736345	2.17e-15
c0341	posthoc_a__b_t	-1.3753052069726746	-1.3753052069726746	0.00e+00
c0341	posthoc_a__x_cohens_d	2.0610761375286857	2.0610761375286857	0.00e+00
c0341	posthoc_a__x_df	23	23	0.00e+00
c0341	posthoc_a__x_diff	6.878205128205128	6.8782051282051277	0.00e+00
c0341	posthoc_a__x_p	3.229313880688248e-05	3.2293138806882476e-05	2.10e-16
c0341	posthoc_a__x_padj	0.00016146569403441242	0.00016146569403441237	3.36e-16
c0341	posthoc_a__x_t	5.148566541365337	5.1485665413653372	0.00e+00
c0341	posthoc_a__y_cohens_d	1.268115831078051	1.2681158310780509	0.00e+00
c0341	posthoc_a__y_df	23	23	0.00e+00
c0341	posthoc_a__y_diff	5.044871794871795	5.0448717948717947	0.00e+00
c0341	posthoc_a__y_p	0.004296932400134392	0.0042969324001343847	1.61e-15
c0341	posthoc_a__y_padj	0.012890797200403176	0.012890797200403155	1.61e-15
c0341	posthoc_a__y_t	3.1677523307278994	3.1677523307278994	0.00e+00
c0341	posthoc_b__x_cohens_d	2.3059576224150797	2.3059576224150793	1.93e-16
c0341	posthoc_b__x_df	23	23	0.00e+00
c0341	posthoc_b__x_diff	9.493589743589743	9.4935897435897427	0.00e+00
c0341	posthoc_b__x_p	7.226971555466076e-06	7.2269715554660484e-06	3.87e-15
c0341	posthoc_b__x_padj	4.3361829332796455e-05	4.3361829332796292e-05	3.75e-15
c0341	posthoc_b__x_t	5.760280294549481	5.7602802945494807	0.00e+00
c0341	posthoc_b__y_cohens_d	1.6467342426622067	1.6467342426622067	0.00e+00
c0341	posthoc_b__y_df	23	23	0.00e+00
c0341	posthoc_b__y_diff	7.66025641025641	7.6602564102564097	0.00e+00
c0341	posthoc_b__y_p	0.0004241970447510732	0.00042419704475107325	1.28e-16
c0341	posthoc_b__y_padj	0.0016967881790042928	0.001696788179004293	1.28e-16
c0341	posthoc_b__y_t	4.113540819727834	4.1135408197278336	0.00e+00
c0341	posthoc_x__y_cohens_d	-0.6243480233815981	-0.62434802338159812	0.00e+00
c0341	posthoc_x__y_df	22	22	0.00e+00
c0341	posthoc_x__y_diff	-1.8333333333333335	-1.8333333333333335	0.00e+00
c0341	posthoc_x__y_p	0.14043397284868142	0.14043397284868173	2.17e-15
c0341	posthoc_x__y_padj	0.28086794569736284	0.28086794569736345	2.17e-15
c0341	posthoc_x__y_t	-1.5293340792001764	-1.5293340792001764	0.00e+00
c0342	k	4	4	0.00e+00
c0342	n	50	50	0.00e+00
c0342	posthoc_a__b_cohens_d	-0.5394390836538024	-0.53943908365380244	0.00e+00
c0342	posthoc_a__b_df	24	24	0.00e+00
c0342	posthoc_a__b_diff	-2.615384615384615	-2.615384615384615	0.00e+00
c0342	posthoc_a__b_p	0.18173954905685252	0.18173954905685277	1.37e-15
c0342	posthoc_a__b_padj	0.18173954905685252	0.18173954905685277	1.37e-15
c0342	posthoc_a__b_t	-1.3753052069726746	-1.3753052069726746	0.00e+00
c0342	posthoc_a__x_cohens_d	2.0610761375286857	2.0610761375286857	0.00e+00
c0342	posthoc_a__x_df	23	23	0.00e+00
c0342	posthoc_a__x_diff	6.878205128205128	6.8782051282051277	0.00e+00
c0342	posthoc_a__x_p	3.229313880688248e-05	3.2293138806882476e-05	2.10e-16
c0342	posthoc_a__x_padj	9.687941642064744e-05	9.6879416420647427e-05	1.40e-16
c0342	posthoc_a__x_t	5.148566541365337	5.1485665413653372	0.00e+00
c0342	posthoc_a__y_cohens_d	1.268115831078051	1.2681158310780509	0.00e+00
c0342	posthoc_a__y_df	23	23	0.00e+00
c0342	posthoc_a__y_diff	5.044871794871795	5.0448717948717947	0.00e+00
c0342	posthoc_a__y_p	0.004296932400134392	0.0042969324001343847	1.61e-15
c0342	posthoc_a__y_padj	0.006445398600201588	0.0064453986002015774	1.61e-15
c0342	posthoc_a__y_t	3.1677523307278994	3.1677523307278994	0.00e+00
c0342	posthoc_b__x_cohens_d	2.3059576224150797	2.3059576224150793	1.93e-16
c0342	posthoc_b__x_df	23	23	0.00e+00
c0342	posthoc_b__x_diff	9.493589743589743	9.4935897435897427	0.00e+00
c0342	posthoc_b__x_p	7.226971555466076e-06	7.2269715554660484e-06	3.87e-15
c0342	posthoc_b__x_padj	4.3361829332796455e-05	4.3361829332796292e-05	3.75e-15
c0342	posthoc_b__x_t	5.760280294549481	5.7602802945494807	0.00e+00
c0342	posthoc_b__y_cohens_d	1.6467342426622067	1.6467342426622067	0.00e+00
c0342	posthoc_b__y_df	23	23	0.00e+00
c0342	posthoc_b__y_diff	7.66025641025641	7.6602564102564097	0.00e+00
c0342	posthoc_b__y_p	0.0004241970447510732	0.00042419704475107325	1.28e-16
c0342	posthoc_b__y_padj	0.0008483940895021464	0.00084839408950214651	1.28e-16
c0342	posthoc_b__y_t	4.113540819727834	4.1135408197278336	0.00e+00
c0342	posthoc_x__y_cohens_d	-0.6243480233815981	-0.62434802338159812	0.00e+00
c0342	posthoc_x__y_df	22	22	0.00e+00
c0342	posthoc_x__y_diff	-1.8333333333333335	-1.8333333333333335	0.00e+00
c0342	posthoc_x__y_p	0.14043397284868142	0.14043397284868173	2.17e-15
c0342	posthoc_x__y_padj	0.1685207674184177	0.16852076741841807	2.14e-15
c0342	posthoc_x__y_t	-1.5293340792001764	-1.5293340792001764	0.00e+00
c0343	k	4	4	0.00e+00
c0343	n	50	50	0.00e+00
c0343	posthoc_a__b_ci_high	2.0000522965327776	2.0000522965327776	0.00e+00
c0343	posthoc_a__b_ci_low	-7.999948739816282	-7.9999487398162819	0.00e+00
c0343	posthoc_a__b_diff	-3	-3	0.00e+00
c0343	posthoc_a__b_p	0.07589703921398766	0.075897039213987744	1.10e-15
c0343	posthoc_a__b_padj	0.45538223528392596	0.45538223528392646	1.10e-15
c0343	posthoc_a__b_rank_biserial	-0.41420118343195267	-0.41420118343195261	1.34e-16
c0343	posthoc_a__b_u	49.5	49.5	0.00e+00
c0343	posthoc_a__x_ci_high	10.999951443494544	10.999951443494544	0.00e+00
c0343	posthoc_a__x_ci_low	3.00004393865757	3.0000439386575701	0.00e+00
c0343	posthoc_a__x_diff	8	8	0.00e+00
c0343	posthoc_a__x_p	0.000797810196824818	0.00079781019682481917	1.49e-15
c0343	posthoc_a__x_padj	0.004786861180948908	0.0047868611809489155	1.63e-15
c0343	posthoc_a__x_rank_biserial	0.7948717948717948	0.79487179487179493	1.40e-16
c0343	posthoc_a__x_u	140	140	0.00e+00
c0343	posthoc_a__y_ci_high	9.999942782498056	9.9999427824980565	0.00e+00
c0343	posthoc_a__y_ci_low	-0.1999596961991883	-0.1999596961991883	0.00e+00
c0343	posthoc_a__y_diff	6	6	0.00e+00
c0343	posthoc_a__y_p	0.01136683442200312	0.011366834422003123	3.05e-16
c0343	posthoc_a__y_padj	0.06820100653201872	0.068201006532018743	4.07e-16
c0343	posthoc_a__y_rank_biserial	0.6025641025641025	0.60256410256410264	1.84e-16
c0343	posthoc_a__y_u	125	125	0.00e+00
c0343	posthoc_b__x_ci_high	14.000009170163944	14.000009170163944	0.00e+00
c0343	posthoc_b__x_ci_low	5.0000032842665565	5.0000032842665565	0.00e+00
c0343	posthoc_b__x_diff	11	11	0.00e+00
c0343	posthoc_b__x_p	0.0007959431067219136	0.0007959431067219154	2.32e-15
c0343	posthoc_b__x_padj	0.004775658640331481	0.0047756586403314922	2.36e-15
c0343	posthoc_b__x_rank_biserial	0.7948717948717948	0.79487179487179493	1.40e-16
c0343	posthoc_b__x_u	140	140	0.00e+00
c0343	posthoc_b__y_ci_high	13.59998210667079	13.59998210667079	0.00e+00
c0343	posthoc_b__y_ci_low	1.799985947974478	1.799985947974478	0.00e+00
c0343	posthoc_b__y_diff	9	9	0.00e+00
c0343	posthoc_b__y_p	0.0030046313169568846	0.0030046313169568733	3.75e-15
c0343	posthoc_b__y_padj	0.018027787901741307	0.018027787901741241	3.66e-15
c0343	posthoc_b__y_rank_biserial	0.7051282051282052	0.70512820512820507	1.57e-16
c0343	posthoc_b__y_u	133	133	0.00e+00
c0343	posthoc_x__y_ci_high	1.9999507934994043	1.9999507934994043	0.00e+00
c0343	posthoc_x__y_ci_low	-6.199971434776607	-6.1999714347766073	0.00e+00
c0343	posthoc_x__y_diff	-1	-1	0.00e+00
c0343	posthoc_x__y_p	0.2833732426869955	0.2833732426869956	3.92e-16
c0343	posthoc_x__y_padj	1	1	0.00e+00
c0343	posthoc_x__y_rank_biserial	-0.2638888888888889	-0.26388888888888884	2.10e-16
c0343	posthoc_x__y_u	53	53	0.00e+00
c0344	k	4	4	0.00e+00
c0344	n	50	50	0.00e+00
c0344	posthoc_a__b_diff	-3	-3	0.00e+00
c0344	posthoc_a__b_p	0.07589703921398766	0.075897039213987744	1.10e-15
c0344	posthoc_a__b_padj	0.15179407842797532	0.15179407842797549	1.10e-15
c0344	posthoc_a__b_rank_biserial	-0.41420118343195267	-0.41420118343195261	1.34e-16
c0344	posthoc_a__b_u	49.5	49.5	0.00e+00
c0344	posthoc_a__x_diff	8	8	0.00e+00
c0344	posthoc_a__x_p	0.000797810196824818	0.00079781019682481917	1.49e-15
c0344	posthoc_a__x_padj	0.004775658640331481	0.0047756586403314922	2.36e-15
c0344	posthoc_a__x_rank_biserial	0.7948717948717948	0.79487179487179493	1.40e-16
c0344	posthoc_a__x_u	140	140	0.00e+00
c0344	posthoc_a__y_diff	6	6	0.00e+00
c0344	posthoc_a__y_p	0.01136683442200312	0.011366834422003123	3.05e-16
c0344	posthoc_a__y_padj	0.03410050326600936	0.034100503266009372	4.07e-16
c0344	posthoc_a__y_rank_biserial	0.6025641025641025	0.60256410256410264	1.84e-16
c0344	posthoc_a__y_u	125	125	0.00e+00
c0344	posthoc_b__x_diff	11	11	0.00e+00
c0344	posthoc_b__x_p	0.0007959431067219136	0.0007959431067219154	2.32e-15
c0344	posthoc_b__x_padj	0.004775658640331481	0.0047756586403314922	2.36e-15
c0344	posthoc_b__x_rank_biserial	0.7948717948717948	0.79487179487179493	1.40e-16
c0344	posthoc_b__x_u	140	140	0.00e+00
c0344	posthoc_b__y_diff	9	9	0.00e+00
c0344	posthoc_b__y_p	0.0030046313169568846	0.0030046313169568733	3.75e-15
c0344	posthoc_b__y_padj	0.012018525267827538	0.012018525267827493	3.75e-15
c0344	posthoc_b__y_rank_biserial	0.7051282051282052	0.70512820512820507	1.57e-16
c0344	posthoc_b__y_u	133	133	0.00e+00
c0344	posthoc_x__y_diff	-1	-1	0.00e+00
c0344	posthoc_x__y_p	0.2833732426869955	0.2833732426869956	3.92e-16
c0344	posthoc_x__y_padj	0.2833732426869955	0.2833732426869956	3.92e-16
c0344	posthoc_x__y_rank_biserial	-0.2638888888888889	-0.26388888888888884	2.10e-16
c0344	posthoc_x__y_u	53	53	0.00e+00
c0345	k	4	4	0.00e+00
c0345	n	50	50	0.00e+00
c0345	posthoc_a__b_diff	-3	-3	0.00e+00
c0345	posthoc_a__b_p	0.07589703921398766	0.075897039213987744	1.10e-15
c0345	posthoc_a__b_padj	0.09107644705678519	0.09107644705678529	1.07e-15
c0345	posthoc_a__b_rank_biserial	-0.41420118343195267	-0.41420118343195261	1.34e-16
c0345	posthoc_a__b_u	49.5	49.5	0.00e+00
c0345	posthoc_a__x_diff	8	8	0.00e+00
c0345	posthoc_a__x_p	0.000797810196824818	0.00079781019682481917	1.49e-15
c0345	posthoc_a__x_padj	0.002393430590474454	0.0023934305904744577	1.63e-15
c0345	posthoc_a__x_rank_biserial	0.7948717948717948	0.79487179487179493	1.40e-16
c0345	posthoc_a__x_u	140	140	0.00e+00
c0345	posthoc_a__y_diff	6	6	0.00e+00
c0345	posthoc_a__y_p	0.01136683442200312	0.011366834422003123	3.05e-16
c0345	posthoc_a__y_padj	0.01705025163300468	0.017050251633004686	4.07e-16
c0345	posthoc_a__y_rank_biserial	0.6025641025641025	0.60256410256410264	1.84e-16
c0345	posthoc_a__y_u	125	125	0.00e+00
c0345	posthoc_b__x_diff	11	11	0.00e+00
c0345	posthoc_b__x_p	0.0007959431067219136	0.0007959431067219154	2.32e-15
c0345	posthoc_b__x_padj	0.002393430590474454	0.0023934305904744577	1.63e-15
c0345	posthoc_b__x_rank_biserial	0.7948717948717948	0.79487179487179493	1.40e-16
c0345	posthoc_b__x_u	140	140	0.00e+00
c0345	posthoc_b__y_diff	9	9	0.00e+00
c0345	posthoc_b__y_p	0.0030046313169568846	0.0030046313169568733	3.75e-15
c0345	posthoc_b__y_padj	0.006009262633913769	0.0060092626339137466	3.75e-15
c0345	posthoc_b__y_rank_biserial	0.7051282051282052	0.70512820512820507	1.57e-16
c0345	posthoc_b__y_u	133	133	0.00e+00
c0345	posthoc_x__y_diff	-1	-1	0.00e+00
c0345	posthoc_x__y_p	0.2833732426869955	0.2833732426869956	3.92e-16
c0345	posthoc_x__y_padj	0.2833732426869955	0.2833732426869956	3.92e-16
c0345	posthoc_x__y_rank_biserial	-0.2638888888888889	-0.26388888888888884	2.10e-16
c0345	posthoc_x__y_u	53	53	0.00e+00
c0346	k	4	4	0.00e+00
c0346	n	50	50	0.00e+00
c0346	posthoc_a__b_ci_high	1.9922273788429115	1.9922273788429141	1.34e-15
c0346	posthoc_a__b_ci_low	-7.222996609612141	-7.2229966096121441	3.69e-16
c0346	posthoc_a__b_diff	-2.615384615384615	-2.615384615384615	0.00e+00
c0346	posthoc_a__b_f	0.9043525110850187	0.90435251108501868	0.00e+00
c0346	posthoc_a__b_padj	0.4463244109370824	0.44632441093708153	1.99e-15
c0346	posthoc_a__x_ci_high	11.580829427615573	11.580829427615576	3.07e-16
c0346	posthoc_a__x_ci_low	2.1755808287946827	2.1755808287946792	1.63e-15
c0346	posthoc_a__x_diff	6.878205128205128	6.8782051282051277	0.00e+00
c0346	posthoc_a__x_f	6.004655549221476	6.0046555492214759	0.00e+00
c0346	posthoc_a__x_padj	0.0015332096600119097	0.0015332096600119112	9.90e-16
c0346	posthoc_a__y_ci_high	9.74749609428224	9.7474960942822442	3.64e-16
c0346	posthoc_a__y_ci_low	0.3422474954613497	0.34224749546134614	1.04e-14
c0346	posthoc_a__y_diff	5.044871794871795	5.0448717948717947	0.00e+00
c0346	posthoc_a__y_f	3.2302647660796833	3.2302647660796833	0.00e+00
c0346	posthoc_a__y_padj	0.030829001222084665	0.030829001222084682	5.63e-16
c0346	posthoc_b__x_ci_high	14.196214043000188	14.196214043000191	2.50e-16
c0346	posthoc_b__x_ci_low	4.790965444179298	4.7909654441792942	7.42e-16
c0346	posthoc_b__x_diff	9.493589743589743	9.4935897435897427	0.00e+00
c0346	posthoc_b__x_f	11.439282168777096	11.439282168777096	0.00e+00
c0346	posthoc_b__x_padj	1.0001674247325875e-05	1.000167424732588e-05	5.08e-16
c0346	posthoc_b__y_ci_high	12.362880709666854	12.362880709666857	2.87e-16
c0346	posthoc_b__y_ci_low	2.9576321108459647	2.9576321108459611	1.20e-15
c0346	posthoc_b__y_diff	7.66025641025641	7.6602564102564097	0.00e+00
c0346	posthoc_b__y_f	7.447739300127935	7.4477393001279353	0.00e+00
c0346	posthoc_b__y_padj	0.0003635269104390348	0.00036352691043903458	5.96e-16
c0346	posthoc_x__y_ci_high	2.9624212802245586	2.9624212802245613	8.99e-16
c0346	posthoc_x__y_ci_low	-6.629087946891225	-6.6290879468912287	5.36e-16
c0346	posthoc_x__y_diff	-1.8333333333333335	-1.8333333333333335	0.00e+00
c0346	posthoc_x__y_f	0.41019218567956606	0.41019218567956606	0.00e+00
c0346	posthoc_x__y_padj	0.746426776421093	0.74642677642109279	2.97e-16
c0347	k	4	4	0.00e+00
c0347	n	50	50	0.00e+00
c0347	posthoc_a__b_ci_high	2.8795758945431302	2.8795758945431311	3.08e-16
c0347	posthoc_a__b_ci_low	-8.11034512531236	-8.1103451253123602	0.00e+00
c0347	posthoc_a__b_cohens_d	-0.5394390836538024	-0.53943908365380244	0.00e+00
c0347	posthoc_a__b_df	22.723855781383676	22.72385578138368	1.56e-16
c0347	posthoc_a__b_diff	-2.615384615384615	-2.615384615384615	0.00e+00
c0347	posthoc_a__b_p	0.18244486466411425	0.18244486466411425	0.00e+00
c0347	posthoc_a__b_padj	1	1	0.00e+00
c0347	posthoc_a__b_t	-1.3753052069726748	-1.3753052069726746	1.61e-16
c0347	posthoc_a__x_ci_high	10.755348832276145	10.755348832276143	1.65e-16
c0347	posthoc_a__x_ci_low	3.0010614241341114	3.0010614241341123	2.96e-16
c0347	posthoc_a__x_cohens_d	2.0610761375286857	2.0610761375286857	0.00e+00
c0347	posthoc_a__x_df	17.058483241694532	17.058483241694532	0.00e+00
c0347	posthoc_a__x_diff	6.878205128205128	6.8782051282051277	0.00e+00
c0347	posthoc_a__x_p	5.9156948672537906e-05	5.9156948672537967e-05	1.03e-15
c0347	posthoc_a__x_padj	0.0003549416920352274	0.00035494169203522779	1.07e-15
c0347	posthoc_a__x_t	5.29146063194507	5.2914606319450694	1.68e-16
c0347	posthoc_a__y_ci_high	9.616040474031058	9.6160404740310597	1.85e-16
c0347	posthoc_a__y_ci_low	0.47370311571253154	0.47370311571253076	1.64e-15
c0347	posthoc_a__y_cohens_d	1.268115831078051	1.2681158310780509	0.00e+00
c0347	posthoc_a__y_df	22.924631760378144	22.924631760378134	4.65e-16
c0347	posthoc_a__y_diff	5.044871794871795	5.0448717948717947	0.00e+00
c0347	posthoc_a__y_p	0.0041218347403440755	0.0041218347403440755	0.00e+00
c0347	posthoc_a__y_padj	0.024731008442064453	0.024731008442064453	0.00e+00
c0347	posthoc_a__y_t	3.186339084324603	3.1863390843246031	0.00e+00
c0347	posthoc_b__x_ci_high	14.32778917579616	14.327789175796157	2.48e-16
c0347	posthoc_b__x_ci_low	4.659390311383325	4.6593903113833273	5.72e-16
c0347	posthoc_b__x_cohens_d	2.3059576224150797	2.3059576224150793	1.93e-16
c0347	posthoc_b__x_df	15.237297263135016	15.237297263135019	2.33e-16
c0347	posthoc_b__x_diff	9.493589743589743	9.4935897435897427	0.00e+00
c0347	posthoc_b__x_p	2.4992676528655546e-05	2.4992676528655461e-05	3.39e-15
c0347	posthoc_b__x_padj	0.00014995605917193328	0.00014995605917193276	3.43e-15
c0347	posthoc_b__x_t	5.949012475234343	5.9490124752343423	1.49e-16
c0347	posthoc_b__y_ci_high	12.994659397277175	12.994659397277177	1.37e-16
c0347	posthoc_b__y_ci_low	2.3258534232356434	2.3258534232356447	5.73e-16
c0347	posthoc_b__y_cohens_d	1.6467342426622067	1.6467342426622067	0.00e+00
c0347	posthoc_b__y_df	21.253551462302212	21.253551462302216	1.67e-16
c0347	posthoc_b__y_diff	7.66025641025641	7.6602564102564097	0.00e+00
c0347	posthoc_b__y_p	0.0004167917829283799	0.00041679178292837839	3.64e-15
c0347	posthoc_b__y_padj	0.0025007506975702797	0.0025007506975702701	3.82e-15
c0347	posthoc_b__y_t	4.176662309275437	4.1766623092754367	0.00e+00
c0347	posthoc_x__y_ci_high	1.7543350648476066	1.7543350648476057	5.06e-16
c0347	posthoc_x__y_ci_low	-5.421001731514274	-5.4210017315142727	1.64e-16
c0347	posthoc_x__y_cohens_d	-0.6243480233815981	-0.62434802338159812	0.00e+00
c0347	posthoc_x__y_df	16.625001112456548	16.625001112456548	0.00e+00
c0347	posthoc_x__y_diff	-1.8333333333333335	-1.8333333333333335	0.00e+00
c0347	posthoc_x__y_p	0.14498526492119668	0.14498526492119679	7.66e-16
c0347	posthoc_x__y_padj	0.8699115895271801	0.86991158952718073	7.66e-16
c0347	posthoc_x__y_t	-1.5293340792001762	-1.5293340792001764	1.45e-16
c0348	k	4	4	0.00e+00
c0348	n	50	50	0.00e+00
c0348	posthoc_a__b_cohens_d	-0.5394390836538024	-0.53943908365380244	0.00e+00
c0348	posthoc_a__b_df	22.723855781383676	22.72385578138368	1.56e-16
c0348	posthoc_a__b_diff	-2.615384615384615	-2.615384615384615	0.00e+00
c0348	posthoc_a__b_p	0.18244486466411425	0.18244486466411425	0.00e+00
c0348	posthoc_a__b_padj	0.28997052984239335	0.28997052984239358	7.66e-16
c0348	posthoc_a__b_t	-1.3753052069726748	-1.3753052069726746	1.61e-16
c0348	posthoc_a__x_cohens_d	2.0610761375286857	2.0610761375286857	0.00e+00
c0348	posthoc_a__x_df	17.058483241694532	17.058483241694532	0.00e+00
c0348	posthoc_a__x_diff	6.878205128205128	6.8782051282051277	0.00e+00
c0348	posthoc_a__x_p	5.9156948672537906e-05	5.9156948672537967e-05	1.03e-15
c0348	posthoc_a__x_padj	0.00029578474336268955	0.00029578474336268982	9.16e-16
c0348	posthoc_a__x_t	5.29146063194507	5.2914606319450694	1.68e-16
c0348	posthoc_a__y_cohens_d	1.268115831078051	1.2681158310780509	0.00e+00
c0348	posthoc_a__y_df	22.924631760378144	22.924631760378134	4.65e-16
c0348	posthoc_a__y_diff	5.044871794871795	5.0448717948717947	0.00e+00
c0348	posthoc_a__y_p	0.0041218347403440755	0.0041218347403440755	0.00e+00
c0348	posthoc_a__y_padj	0.012365504221032227	0.012365504221032227	0.00e+00
c0348	posthoc_a__y_t	3.186339084324603	3.1863390843246031	0.00e+00
c0348	posthoc_b__x_cohens_d	2.3059576224150797	2.3059576224150793	1.93e-16
c0348	posthoc_b__x_df	15.237297263135016	15.237297263135019	2.33e-16
c0348	posthoc_b__x_diff	9.493589743589743	9.4935897435897427	0.00e+00
c0348	posthoc_b__x_p	2.4992676528655546e-05	2.4992676528655461e-05	3.39e-15
c0348	posthoc_b__x_padj	0.00014995605917193328	0.00014995605917193276	3.43e-15
c0348	posthoc_b__x_t	5.949012475234343	5.9490124752343423	1.49e-16
c0348	posthoc_b__y_cohens_d	1.6467342426622067	1.6467342426622067	0.00e+00
c0348	posthoc_b__y_df	21.253551462302212	21.253551462302216	1.67e-16
c0348	posthoc_b__y_diff	7.66025641025641	7.6602564102564097	0.00e+00
c0348	posthoc_b__y_p	0.0004167917829283799	0.00041679178292837839	3.64e-15
c0348	posthoc_b__y_padj	0.0016671671317135196	0.0016671671317135136	3.64e-15
c0348	posthoc_b__y_t	4.176662309275437	4.1766623092754367	0.00e+00
c0348	posthoc_x__y_cohens_d	-0.6243480233815981	-0.62434802338159812	0.00e+00
c0348	posthoc_x__y_df	16.625001112456548	16.625001112456548	0.00e+00
c0348	posthoc_x__y_diff	-1.8333333333333335	-1.8333333333333335	0.00e+00
c0348	posthoc_x__y_p	0.14498526492119668	0.14498526492119679	7.66e-16
c0348	posthoc_x__y_padj	0.28997052984239335	0.28997052984239358	7.66e-16
c0348	posthoc_x__y_t	-1.5293340792001762	-1.5293340792001764	1.45e-16
c0349	k	4	4	0.00e+00
c0349	n	50	50	0.00e+00
c0349	posthoc_a__b_cohens_d	-0.5394390836538024	-0.53943908365380244	0.00e+00
c0349	posthoc_a__b_df	22.723855781383676	22.72385578138368	1.56e-16
c0349	posthoc_a__b_diff	-2.615384615384615	-2.615384615384615	0.00e+00
c0349	posthoc_a__b_p	0.18244486466411425	0.18244486466411425	0.00e+00
c0349	posthoc_a__b_padj	0.18244486466411425	0.18244486466411425	0.00e+00
c0349	posthoc_a__b_t	-1.3753052069726748	-1.3753052069726746	1.61e-16
c0349	posthoc_a__x_cohens_d	2.0610761375286857	2.0610761375286857	0.00e+00
c0349	posthoc_a__x_df	17.058483241694532	17.058483241694532	0.00e+00
c0349	posthoc_a__x_diff	6.878205128205128	6.8782051282051277	0.00e+00
c0349	posthoc_a__x_p	5.9156948672537906e-05	5.9156948672537967e-05	1.03e-15
c0349	posthoc_a__x_padj	0.0001774708460176137	0.0001774708460176139	1.07e-15
c0349	posthoc_a__x_t	5.29146063194507	5.2914606319450694	1.68e-16
c0349	posthoc_a__y_cohens_d	1.268115831078051	1.2681158310780509	0.00e+00
c0349	posthoc_a__y_df	22.924631760378144	22.924631760378134	4.65e-16
c0349	posthoc_a__y_diff	5.044871794871795	5.0448717948717947	0.00e+00
c0349	posthoc_a__y_p	0.0041218347403440755	0.0041218347403440755	0.00e+00
c0349	posthoc_a__y_padj	0.006182752110516113	0.0061827521105161133	0.00e+00
c0349	posthoc_a__y_t	3.186339084324603	3.1863390843246031	0.00e+00
c0349	posthoc_b__x_cohens_d	2.3059576224150797	2.3059576224150793	1.93e-16
c0349	posthoc_b__x_df	15.237297263135016	15.237297263135019	2.33e-16
c0349	posthoc_b__x_diff	9.493589743589743	9.4935897435897427	0.00e+00
c0349	posthoc_b__x_p	2.4992676528655546e-05	2.4992676528655461e-05	3.39e-15
c0349	posthoc_b__x_padj	0.00014995605917193328	0.00014995605917193276	3.43e-15
c0349	posthoc_b__x_t	5.949012475234343	5.9490124752343423	1.49e-16
c0349	posthoc_b__y_cohens_d	1.6467342426622067	1.6467342426622067	0.00e+00
c0349	posthoc_b__y_df	21.253551462302212	21.253551462302216	1.67e-16
c0349	posthoc_b__y_diff	7.66025641025641	7.6602564102564097	0.00e+00
c0349	posthoc_b__y_p	0.0004167917829283799	0.00041679178292837839	3.64e-15
c0349	posthoc_b__y_padj	0.0008335835658567599	0.00083358356585675679	3.77e-15
c0349	posthoc_b__y_t	4.176662309275437	4.1766623092754367	0.00e+00
c0349	posthoc_x__y_cohens_d	-0.6243480233815981	-0.62434802338159812	0.00e+00
c0349	posthoc_x__y_df	16.625001112456548	16.625001112456548	0.00e+00
c0349	posthoc_x__y_diff	-1.8333333333333335	-1.8333333333333335	0.00e+00
c0349	posthoc_x__y_p	0.14498526492119668	0.14498526492119679	7.66e-16
c0349	posthoc_x__y_padj	0.173982317905436	0.17398231790543614	7.98e-16
c0349	posthoc_x__y_t	-1.5293340792001762	-1.5293340792001764	1.45e-16
c0350	k	4	4	0.00e+00
c0350	n	50	50	0.00e+00
c0350	posthoc_a__b_ci_high	2.852112746270871	2.8521127462708713	1.56e-16
c0350	posthoc_a__b_ci_low	-8.0828819770401	-8.0828819770401008	0.00e+00
c0350	posthoc_a__b_cohens_d	-0.5394390836538024	-0.53943908365380244	0.00e+00
c0350	posthoc_a__b_df	24	24	0.00e+00
c0350	posthoc_a__b_diff	-2.615384615384615	-2.615384615384615	0.00e+00
c0350	posthoc_a__b_p	0.18173954905685252	0.18173954905685277	1.37e-15
c0350	posthoc_a__b_padj	1	1	0.00e+00
c0350	posthoc_a__b_t	-1.3753052069726746	-1.3753052069726746	0.00e+00
c0350	posthoc_a__x_ci_high	10.734096703914684	10.734096703914684	0.00e+00
c0350	posthoc_a__x_ci_low	3.0223135524955715	3.0223135524955715	0.00e+00
c0350	posthoc_a__x_cohens_d	2.0610761375286857	2.0610761375286857	0.00e+00
c0350	posthoc_a__x_df	23	23	0.00e+00
c0350	posthoc_a__x_diff	6.878205128205128	6.8782051282051277	0.00e+00
c0350	posthoc_a__x_p	3.229313880688248e-05	3.2293138806882476e-05	2.10e-16
c0350	posthoc_a__x_padj	0.00019375883284129488	0.00019375883284129485	1.40e-16
c0350	posthoc_a__x_t	5.148566541365337	5.1485665413653372	0.00e+00
c0350	posthoc_a__y_ci_high	9.641452976536412	9.6414529765364101	1.84e-16
c0350	posthoc_a__y_ci_low	0.44829061320717756	0.44829061320717806	1.11e-15
c0350	posthoc_a__y_cohens_d	1.268115831078051	1.2681158310780509	0.00e+00
c0350	posthoc_a__y_df	23	23	0.00e+00
c0350	posthoc_a__y_diff	5.044871794871795	5.0448717948717947	0.00e+00
c0350	posthoc_a__y_p	0.004296932400134392	0.0042969324001343847	1.61e-15
c0350	posthoc_a__y_padj	0.02578159440080635	0.02578159440080631	1.61e-15
c0350	posthoc_a__y_t	3.1677523307278994	3.1677523307278994	0.00e+00
c0350	posthoc_b__x_ci_high	14.250477055801312	14.25047705580131	1.25e-16
c0350	posthoc_b__x_ci_low	4.736702431378173	4.7367024313781734	0.00e+00
c0350	posthoc_b__x_cohens_d	2.3059576224150797	2.3059576224150793	1.93e-16
c0350	posthoc_b__x_df	23	23	0.00e+00
c0350	posthoc_b__x_diff	9.493589743589743	9.4935897435897427	0.00e+00
c0350	posthoc_b__x_p	7.226971555466076e-06	7.2269715554660484e-06	3.87e-15
c0350	posthoc_b__x_padj	4.3361829332796455e-05	4.3361829332796292e-05	3.75e-15
c0350	posthoc_b__x_t	5.760280294549481	5.7602802945494807	0.00e+00
c0350	posthoc_b__y_ci_high	13.035071348194716	13.035071348194716	0.00e+00
c0350	posthoc_b__y_ci_low	2.2854414723181025	2.2854414723181034	3.89e-16
c0350	posthoc_b__y_cohens_d	1.6467342426622067	1.6467342426622067	0.00e+00
c0350	posthoc_b__y_df	23	23	0.00e+00
c0350	posthoc_b__y_diff	7.66025641025641	7.6602564102564097	0.00e+00
c0350	posthoc_b__y_p	0.0004241970447510732	0.00042419704475107325	1.28e-16
c0350	posthoc_b__y_padj	0.0025451822685064393	0.0025451822685064393	0.00e+00
c0350	posthoc_b__y_t	4.113540819727834	4.1135408197278336	0.00e+00
c0350	posthoc_x__y_ci_high	1.6413714021997383	1.6413714021997394	6.76e-16
c0350	posthoc_x__y_ci_low	-5.308038068866406	-5.3080380688664066	1.67e-16
c0350	posthoc_x__y_cohens_d	-0.6243480233815981	-0.62434802338159812	0.00e+00
c0350	posthoc_x__y_df	22	22	0.00e+00
c0350	posthoc_x__y_diff	-1.8333333333333335	-1.8333333333333335	0.00e+00
c0350	posthoc_x__y_p	0.14043397284868142	0.14043397284868173	2.17e-15
c0350	posthoc_x__y_padj	0.8426038370920885	0.8426038370920903	2.11e-15
c0350	posthoc_x__y_t	-1.5293340792001764	-1.5293340792001764	0.00e+00
c0351	k	4	4	0.00e+00
c0351	n	50	50	0.00e+00
c0351	posthoc_a__b_cohens_d	-0.5394390836538024	-0.53943908365380244	0.00e+00
c0351	posthoc_a__b_df	24	24	0.00e+00
c0351	posthoc_a__b_diff	-2.615384615384615	-2.615384615384615	0.00e+00
c0351	posthoc_a__b_p	0.18173954905685252	0.18173954905685277	1.37e-15
c0351	posthoc_a__b_padj	0.28086794569736284	0.28086794569736345	2.17e-15
c0351	posthoc_a__b_t	-1.3753052069726746	-1.3753052069726746	0.00e+00
c0351	posthoc_a__x_cohens_d	2.0610761375286857	2.0610761375286857	0.00e+00
c0351	posthoc_a__x_df	23	23	0.00e+00
c0351	posthoc_a__x_diff	6.878205128205128	6.8782051282051277	0.00e+00
c0351	posthoc_a__x_p	3.229313880688248e-05	3.2293138806882476e-05	2.10e-16
c0351	posthoc_a__x_padj	0.00016146569403441242	0.00016146569403441237	3.36e-16
c0351	posthoc_a__x_t	5.148566541365337	5.1485665413653372	0.00e+00
c0351	posthoc_a__y_cohens_d	1.268115831078051	1.2681158310780509	0.00e+00
c0351	posthoc_a__y_df	23	23	0.00e+00
c0351	posthoc_a__y_diff	5.044871794871795	5.0448717948717947	0.00e+00
c0351	posthoc_a__y_p	0.004296932400134392	0.0042969324001343847	1.61e-15
c0351	posthoc_a__y_padj	0.012890797200403176	0.012890797200403155	1.61e-15
c0351	posthoc_a__y_t	3.1677523307278994	3.1677523307278994	0.00e+00
c0351	posthoc_b__x_cohens_d	2.3059576224150797	2.3059576224150793	1.93e-16
c0351	posthoc_b__x_df	23	23	0.00e+00
c0351	posthoc_b__x_diff	9.493589743589743	9.4935897435897427	0.00e+00
c0351	posthoc_b__x_p	7.226971555466076e-06	7.2269715554660484e-06	3.87e-15
c0351	posthoc_b__x_padj	4.3361829332796455e-05	4.3361829332796292e-05	3.75e-15
c0351	posthoc_b__x_t	5.760280294549481	5.7602802945494807	0.00e+00
c0351	posthoc_b__y_cohens_d	1.6467342426622067	1.6467342426622067	0.00e+00
c0351	posthoc_b__y_df	23	23	0.00e+00
c0351	posthoc_b__y_diff	7.66025641025641	7.6602564102564097	0.00e+00
c0351	posthoc_b__y_p	0.0004241970447510732	0.00042419704475107325	1.28e-16
c0351	posthoc_b__y_padj	0.0016967881790042928	0.001696788179004293	1.28e-16
c0351	posthoc_b__y_t	4.113540819727834	4.1135408197278336	0.00e+00
c0351	posthoc_x__y_cohens_d	-0.6243480233815981	-0.62434802338159812	0.00e+00
c0351	posthoc_x__y_df	22	22	0.00e+00
c0351	posthoc_x__y_diff	-1.8333333333333335	-1.8333333333333335	0.00e+00
c0351	posthoc_x__y_p	0.14043397284868142	0.14043397284868173	2.17e-15
c0351	posthoc_x__y_padj	0.28086794569736284	0.28086794569736345	2.17e-15
c0351	posthoc_x__y_t	-1.5293340792001764	-1.5293340792001764	0.00e+00
c0352	k	4	4	0.00e+00
c0352	n	50	50	0.00e+00
c0352	posthoc_a__b_cohens_d	-0.5394390836538024	-0.53943908365380244	0.00e+00
c0352	posthoc_a__b_df	24	24	0.00e+00
c0352	posthoc_a__b_diff	-2.615384615384615	-2.615384615384615	0.00e+00
c0352	posthoc_a__b_p	0.18173954905685252	0.18173954905685277	1.37e-15
c0352	posthoc_a__b_padj	0.18173954905685252	0.18173954905685277	1.37e-15
c0352	posthoc_a__b_t	-1.3753052069726746	-1.3753052069726746	0.00e+00
c0352	posthoc_a__x_cohens_d	2.0610761375286857	2.0610761375286857	0.00e+00
c0352	posthoc_a__x_df	23	23	0.00e+00
c0352	posthoc_a__x_diff	6.878205128205128	6.8782051282051277	0.00e+00
c0352	posthoc_a__x_p	3.229313880688248e-05	3.2293138806882476e-05	2.10e-16
c0352	posthoc_a__x_padj	9.687941642064744e-05	9.6879416420647427e-05	1.40e-16
c0352	posthoc_a__x_t	5.148566541365337	5.1485665413653372	0.00e+00
c0352	posthoc_a__y_cohens_d	1.268115831078051	1.2681158310780509	0.00e+00
c0352	posthoc_a__y_df	23	23	0.00e+00
c0352	posthoc_a__y_diff	5.044871794871795	5.0448717948717947	0.00e+00
c0352	posthoc_a__y_p	0.004296932400134392	0.0042969324001343847	1.61e-15
c0352	posthoc_a__y_padj	0.006445398600201588	0.0064453986002015774	1.61e-15
c0352	posthoc_a__y_t	3.1677523307278994	3.1677523307278994	0.00e+00
c0352	posthoc_b__x_cohens_d	2.3059576224150797	2.3059576224150793	1.93e-16
c0352	posthoc_b__x_df	23	23	0.00e+00
c0352	posthoc_b__x_diff	9.493589743589743	9.4935897435897427	0.00e+00
c0352	posthoc_b__x_p	7.226971555466076e-06	7.2269715554660484e-06	3.87e-15
c0352	posthoc_b__x_padj	4.3361829332796455e-05	4.3361829332796292e-05	3.75e-15
c0352	posthoc_b__x_t	5.760280294549481	5.7602802945494807	0.00e+00
c0352	posthoc_b__y_cohens_d	1.6467342426622067	1.6467342426622067	0.00e+00
c0352	posthoc_b__y_df	23	23	0.00e+00
c0352	posthoc_b__y_diff	7.66025641025641	7.6602564102564097	0.00e+00
c0352	posthoc_b__y_p	0.0004241970447510732	0.00042419704475107325	1.28e-16
c0352	posthoc_b__y_padj	0.0008483940895021464	0.00084839408950214651	1.28e-16
c0352	posthoc_b__y_t	4.113540819727834	4.1135408197278336	0.00e+00
c0352	posthoc_x__y_cohens_d	-0.6243480233815981	-0.62434802338159812	0.00e+00
c0352	posthoc_x__y_df	22	22	0.00e+00
c0352	posthoc_x__y_diff	-1.8333333333333335	-1.8333333333333335	0.00e+00
c0352	posthoc_x__y_p	0.14043397284868142	0.14043397284868173	2.17e-15
c0352	posthoc_x__y_padj	0.1685207674184177	0.16852076741841807	2.14e-15
c0352	posthoc_x__y_t	-1.5293340792001764	-1.5293340792001764	0.00e+00
c0353	k	4	4	0.00e+00
c0353	n	50	50	0.00e+00
c0353	posthoc_a__b_ci_high	2.0000522965327776	2.0000522965327776	0.00e+00
c0353	posthoc_a__b_ci_low	-7.999948739816282	-7.9999487398162819	0.00e+00
c0353	posthoc_a__b_diff	-3	-3	0.00e+00
c0353	posthoc_a__b_p	0.07589703921398766	0.075897039213987744	1.10e-15
c0353	posthoc_a__b_padj	0.45538223528392596	0.45538223528392646	1.10e-15
c0353	posthoc_a__b_rank_biserial	-0.41420118343195267	-0.41420118343195261	1.34e-16
c0353	posthoc_a__b_u	49.5	49.5	0.00e+00
c0353	posthoc_a__x_ci_high	10.999951443494544	10.999951443494544	0.00e+00
c0353	posthoc_a__x_ci_low	3.00004393865757	3.0000439386575701	0.00e+00
c0353	posthoc_a__x_diff	8	8	0.00e+00
c0353	posthoc_a__x_p	0.000797810196824818	0.00079781019682481917	1.49e-15
c0353	posthoc_a__x_padj	0.004786861180948908	0.0047868611809489155	1.63e-15
c0353	posthoc_a__x_rank_biserial	0.7948717948717948	0.79487179487179493	1.40e-16
c0353	posthoc_a__x_u	140	140	0.00e+00
c0353	posthoc_a__y_ci_high	9.999942782498056	9.9999427824980565	0.00e+00
c0353	posthoc_a__y_ci_low	-0.1999596961991883	-0.1999596961991883	0.00e+00
c0353	posthoc_a__y_diff	6	6	0.00e+00
c0353	posthoc_a__y_p	0.01136683442200312	0.011366834422003123	3.05e-16
c0353	posthoc_a__y_padj	0.06820100653201872	0.068201006532018743	4.07e-16
c0353	posthoc_a__y_rank_biserial	0.6025641025641025	0.60256410256410264	1.84e-16
c0353	posthoc_a__y_u	125	125	0.00e+00
c0353	posthoc_b__x_ci_high	14.000009170163944	14.000009170163944	0.00e+00
c0353	posthoc_b__x_ci_low	5.0000032842665565	5.0000032842665565	0.00e+00
c0353	posthoc_b__x_diff	11	11	0.00e+00
c0353	posthoc_b__x_p	0.0007959431067219136	0.0007959431067219154	2.32e-15
c0353	posthoc_b__x_padj	0.004775658640331481	0.0047756586403314922	2.36e-15
c0353	posthoc_b__x_rank_biserial	0.7948717948717948	0.79487179487179493	1.40e-16
c0353	posthoc_b__x_u	140	140	0.00e+00
c0353	posthoc_b__y_ci_high	13.59998210667079	13.59998210667079	0.00e+00
c0353	posthoc_b__y_ci_low	1.799985947974478	1.799985947974478	0.00e+00
c0353	posthoc_b__y_diff	9	9	0.00e+00
c0353	posthoc_b__y_p	0.0030046313169568846	0.0030046313169568733	3.75e-15
c0353	posthoc_b__y_padj	0.018027787901741307	0.018027787901741241	3.66e-15
c0353	posthoc_b__y_rank_biserial	0.7051282051282052	0.70512820512820507	1.57e-16
c0353	posthoc_b__y_u	133	133	0.00e+00
c0353	posthoc_x__y_ci_high	1.9999507934994043	1.9999507934994043	0.00e+00
c0353	posthoc_x__y_ci_low	-6.199971434776607	-6.1999714347766073	0.00e+00
c0353	posthoc_x__y_diff	-1	-1	0.00e+00
c0353	posthoc_x__y_p	0.2833732426869955	0.2833732426869956	3.92e-16
c0353	posthoc_x__y_padj	1	1	0.00e+00
c0353	posthoc_x__y_rank_biserial	-0.2638888888888889	-0.26388888888888884	2.10e-16
c0353	posthoc_x__y_u	53	53	0.00e+00
c0354	k	4	4	0.00e+00
c0354	n	50	50	0.00e+00
c0354	posthoc_a__b_diff	-3	-3	0.00e+00
c0354	posthoc_a__b_p	0.07589703921398766	0.075897039213987744	1.10e-15
c0354	posthoc_a__b_padj	0.15179407842797532	0.15179407842797549	1.10e-15
c0354	posthoc_a__b_rank_biserial	-0.41420118343195267	-0.41420118343195261	1.34e-16
c0354	posthoc_a__b_u	49.5	49.5	0.00e+00
c0354	posthoc_a__x_diff	8	8	0.00e+00
c0354	posthoc_a__x_p	0.000797810196824818	0.00079781019682481917	1.49e-15
c0354	posthoc_a__x_padj	0.004775658640331481	0.0047756586403314922	2.36e-15
c0354	posthoc_a__x_rank_biserial	0.7948717948717948	0.79487179487179493	1.40e-16
c0354	posthoc_a__x_u	140	140	0.00e+00
c0354	posthoc_a__y_diff	6	6	0.00e+00
c0354	posthoc_a__y_p	0.01136683442200312	0.011366834422003123	3.05e-16
c0354	posthoc_a__y_padj	0.03410050326600936	0.034100503266009372	4.07e-16
c0354	posthoc_a__y_rank_biserial	0.6025641025641025	0.60256410256410264	1.84e-16
c0354	posthoc_a__y_u	125	125	0.00e+00
c0354	posthoc_b__x_diff	11	11	0.00e+00
c0354	posthoc_b__x_p	0.0007959431067219136	0.0007959431067219154	2.32e-15
c0354	posthoc_b__x_padj	0.004775658640331481	0.0047756586403314922	2.36e-15
c0354	posthoc_b__x_rank_biserial	0.7948717948717948	0.79487179487179493	1.40e-16
c0354	posthoc_b__x_u	140	140	0.00e+00
c0354	posthoc_b__y_diff	9	9	0.00e+00
c0354	posthoc_b__y_p	0.0030046313169568846	0.0030046313169568733	3.75e-15
c0354	posthoc_b__y_padj	0.012018525267827538	0.012018525267827493	3.75e-15
c0354	posthoc_b__y_rank_biserial	0.7051282051282052	0.70512820512820507	1.57e-16
c0354	posthoc_b__y_u	133	133	0.00e+00
c0354	posthoc_x__y_diff	-1	-1	0.00e+00
c0354	posthoc_x__y_p	0.2833732426869955	0.2833732426869956	3.92e-16
c0354	posthoc_x__y_padj	0.2833732426869955	0.2833732426869956	3.92e-16
c0354	posthoc_x__y_rank_biserial	-0.2638888888888889	-0.26388888888888884	2.10e-16
c0354	posthoc_x__y_u	53	53	0.00e+00
c0355	k	4	4	0.00e+00
c0355	n	50	50	0.00e+00
c0355	posthoc_a__b_diff	-3	-3	0.00e+00
c0355	posthoc_a__b_p	0.07589703921398766	0.075897039213987744	1.10e-15
c0355	posthoc_a__b_padj	0.09107644705678519	0.09107644705678529	1.07e-15
c0355	posthoc_a__b_rank_biserial	-0.41420118343195267	-0.41420118343195261	1.34e-16
c0355	posthoc_a__b_u	49.5	49.5	0.00e+00
c0355	posthoc_a__x_diff	8	8	0.00e+00
c0355	posthoc_a__x_p	0.000797810196824818	0.00079781019682481917	1.49e-15
c0355	posthoc_a__x_padj	0.002393430590474454	0.0023934305904744577	1.63e-15
c0355	posthoc_a__x_rank_biserial	0.7948717948717948	0.79487179487179493	1.40e-16
c0355	posthoc_a__x_u	140	140	0.00e+00
c0355	posthoc_a__y_diff	6	6	0.00e+00
c0355	posthoc_a__y_p	0.01136683442200312	0.011366834422003123	3.05e-16
c0355	posthoc_a__y_padj	0.01705025163300468	0.017050251633004686	4.07e-16
c0355	posthoc_a__y_rank_biserial	0.6025641025641025	0.60256410256410264	1.84e-16
c0355	posthoc_a__y_u	125	125	0.00e+00
c0355	posthoc_b__x_diff	11	11	0.00e+00
c0355	posthoc_b__x_p	0.0007959431067219136	0.0007959431067219154	2.32e-15
c0355	posthoc_b__x_padj	0.002393430590474454	0.0023934305904744577	1.63e-15
c0355	posthoc_b__x_rank_biserial	0.7948717948717948	0.79487179487179493	1.40e-16
c0355	posthoc_b__x_u	140	140	0.00e+00
c0355	posthoc_b__y_diff	9	9	0.00e+00
c0355	posthoc_b__y_p	0.0030046313169568846	0.0030046313169568733	3.75e-15
c0355	posthoc_b__y_padj	0.006009262633913769	0.0060092626339137466	3.75e-15
c0355	posthoc_b__y_rank_biserial	0.7051282051282052	0.70512820512820507	1.57e-16
c0355	posthoc_b__y_u	133	133	0.00e+00
c0355	posthoc_x__y_diff	-1	-1	0.00e+00
c0355	posthoc_x__y_p	0.2833732426869955	0.2833732426869956	3.92e-16
c0355	posthoc_x__y_padj	0.2833732426869955	0.2833732426869956	3.92e-16
c0355	posthoc_x__y_rank_biserial	-0.2638888888888889	-0.26388888888888884	2.10e-16
c0355	posthoc_x__y_u	53	53	0.00e+00
c0356	k	4	4	0.00e+00
c0356	n	50	50	0.00e+00
c0356	posthoc_a__b_ci_high	1.9922273788429115	1.9922273788429141	1.34e-15
c0356	posthoc_a__b_ci_low	-7.222996609612141	-7.2229966096121441	3.69e-16
c0356	posthoc_a__b_diff	-2.615384615384615	-2.615384615384615	0.00e+00
c0356	posthoc_a__b_f	0.9043525110850187	0.90435251108501868	0.00e+00
c0356	posthoc_a__b_padj	0.4463244109370824	0.44632441093708153	1.99e-15
c0356	posthoc_a__x_ci_high	11.580829427615573	11.580829427615576	3.07e-16
c0356	posthoc_a__x_ci_low	2.1755808287946827	2.1755808287946792	1.63e-15
c0356	posthoc_a__x_diff	6.878205128205128	6.8782051282051277	0.00e+00
c0356	posthoc_a__x_f	6.004655549221476	6.0046555492214759	0.00e+00
c0356	posthoc_a__x_padj	0.0015332096600119097	0.0015332096600119112	9.90e-16
c0356	posthoc_a__y_ci_high	9.74749609428224	9.7474960942822442	3.64e-16
c0356	posthoc_a__y_ci_low	0.3422474954613497	0.34224749546134614	1.04e-14
c0356	posthoc_a__y_diff	5.044871794871795	5.0448717948717947	0.00e+00
c0356	posthoc_a__y_f	3.2302647660796833	3.2302647660796833	0.00e+00
c0356	posthoc_a__y_padj	0.030829001222084665	0.030829001222084682	5.63e-16
c0356	posthoc_b__x_ci_high	14.196214043000188	14.196214043000191	2.50e-16
c0356	posthoc_b__x_ci_low	4.790965444179298	4.7909654441792942	7.42e-16
c0356	posthoc_b__x_diff	9.493589743589743	9.4935897435897427	0.00e+00
c0356	posthoc_b__x_f	11.439282168777096	11.439282168777096	0.00e+00
c0356	posthoc_b__x_padj	1.0001674247325875e-05	1.000167424732588e-05	5.08e-16
c0356	posthoc_b__y_ci_high	12.362880709666854	12.362880709666857	2.87e-16
c0356	posthoc_b__y_ci_low	2.9576321108459647	2.9576321108459611	1.20e-15
c0356	posthoc_b__y_diff	7.66025641025641	7.6602564102564097	0.00e+00
c0356	posthoc_b__y_f	7.447739300127935	7.4477393001279353	0.00e+00
c0356	posthoc_b__y_padj	0.0003635269104390348	0.00036352691043903458	5.96e-16
c0356	posthoc_x__y_ci_high	2.9624212802245586	2.9624212802245613	8.99e-16
c0356	posthoc_x__y_ci_low	-6.629087946891225	-6.6290879468912287	5.36e-16
c0356	posthoc_x__y_diff	-1.8333333333333335	-1.8333333333333335	0.00e+00
c0356	posthoc_x__y_f	0.41019218567956606	0.41019218567956606	0.00e+00
c0356	posthoc_x__y_padj	0.746426776421093	0.74642677642109279	2.97e-16
c0357	df_total	47	47	0.00e+00
c0357	df_within	44	44	0.00e+00
c0357	factor1_name	voice_type	voice_type	
c0357	factor2_name	task	task	
c0357	ms_within	5.759454242386699	5.7594542423866883	1.85e-15
c0357	n	48	48	0.00e+00
c0357	ss_total	1810.786369376982	1810.7863693769805	8.79e-16
c0357	ss_within	253.41598666501474	253.41598666501429	1.79e-15
c0357	task_df	1	1	0.00e+00
c0357	task_p	1.4765255472878e-17	1.4765254267501451e-17	0.00e+00
c0357	task_partial_eta_squared	0.8116676430671356	0.81166764376251055	8.57e-10
c0357	voice_type__task_df	1	1	0.00e+00
c0357	voice_type_df	1	1	0.00e+00
c0357	voice_type_f	78.19803127967292	78.198031212544791	8.58e-10
c0357	voice_type_ms	450.377983	450.37798261337775	8.58e-10
c0357	voice_type_partial_eta_squared	0.63992873257264	0.63992873237483894	3.09e-10
c0357	voice_type_ss	450.377983	450.37798261337775	8.58e-10
c0358	df_total	47	47	0.00e+00
c0358	df_within	44	44	0.00e+00
c0358	factor1_name	task	task	
c0358	factor2_name	voice_type	voice_type	
c0358	ms_within	5.759454242386699	5.7594542423866866	2.16e-15
c0358	n	48	48	0.00e+00
c0358	ss_total	1810.786369376982	1810.7863693769807	7.53e-16
c0358	ss_within	253.41598666501474	253.4159866650142	2.13e-15
c0358	task__voice_type_df	1	1	0.00e+00
c0358	task_df	1	1	0.00e+00
c0358	task_p	1.4765255472878e-17	1.4765254267501347e-17	0.00e+00
c0358	task_partial_eta_squared	0.8116676430671356	0.81166764376251055	8.57e-10
c0358	voice_type_df	1	1	0.00e+00
c0358	voice_type_f	78.19803127967292	78.198031212544862	8.58e-10
c0358	voice_type_ms	450.377983	450.37798261337798	8.58e-10
c0358	voice_type_partial_eta_squared	0.63992873257264	0.63992873237483916	3.09e-10
c0358	voice_type_ss	450.377983	450.37798261337798	8.58e-10
c0359	refused	1	1	0.00e+00
c0360	cohens_dz	1.7275789262728587	1.7275789262728587	0.00e+00
c0360	cohens_dz	1.7275789262728587	1.7275789262728587	0.00e+00
c0360	df	19	19	0.00e+00
c0360	mean_diff	0.7284664984884375	0.72846649848843747	0.00e+00
c0360	mean_group1	2.695592193038029	2.6955921930380291	0.00e+00
c0360	mean_group2	1.9671256945495916	1.9671256945495916	0.00e+00
c0360	median_group1	2.6830411098185585	2.6830411098185585	0.00e+00
c0360	median_group2	2.2803311366839587	2.2803311366839587	0.00e+00
c0360	n	20	20	0.00e+00
c0360	p	2.801437932051329e-07	2.8014379320513355e-07	2.27e-15
c0360	sd_group1	0.8226067124726181	0.82260671247261807	0.00e+00
c0360	sd_group2	0.9174741833047945	0.91747418330479447	0.00e+00
c0360	t	7.72596783128442	7.7259678312844189	1.15e-16
c0361	mean_diff	0.7284664984884375	0.72846649848843747	0.00e+00
c0361	mean_group1	2.695592193038029	2.6955921930380291	0.00e+00
c0361	mean_group2	1.9671256945495916	1.9671256945495916	0.00e+00
c0361	median_group1	2.6830411098185585	2.6830411098185585	0.00e+00
c0361	median_group2	2.2803311366839587	2.2803311366839587	0.00e+00
c0361	n	20	20	0.00e+00
c0361	p	9.5367431640625e-06	9.5367431640625e-06	0.00e+00
c0361	p_method	exact	exact	
c0361	rank_biserial	0.9714285714285714	0.97142857142857153	1.14e-16
c0361	sd_group1	0.8226067124726181	0.82260671247261807	0.00e+00
c0361	sd_group2	0.9174741833047945	0.91747418330479447	0.00e+00
c0361	w_statistic	207	207	0.00e+00
c0362	cohens_dz	1.7275789262728587	1.7275789262728587	0.00e+00
c0362	cohens_dz	1.7275789262728587	1.7275789262728587	0.00e+00
c0362	df	19	19	0.00e+00
c0362	mean_diff	0.7284664984884375	0.72846649848843747	0.00e+00
c0362	mean_group1	2.695592193038029	2.6955921930380291	0.00e+00
c0362	mean_group2	1.9671256945495916	1.9671256945495916	0.00e+00
c0362	median_group1	2.6830411098185585	2.6830411098185585	0.00e+00
c0362	median_group2	2.2803311366839587	2.2803311366839587	0.00e+00
c0362	n	20	20	0.00e+00
c0362	p	2.801437932051329e-07	2.8014379320513355e-07	2.27e-15
c0362	p_method	exact	exact	
c0362	rank_biserial	0.9714285714285714	0.97142857142857153	1.14e-16
c0362	sd_group1	0.8226067124726181	0.82260671247261807	0.00e+00
c0362	sd_group2	0.9174741833047945	0.91747418330479447	0.00e+00
c0362	t	7.72596783128442	7.7259678312844189	1.15e-16
c0362	w_statistic	207	207	0.00e+00
c0362	wilcoxon_p	9.5367431640625e-06	9.5367431640625e-06	0.00e+00
c0363	cohens_dz	-2.3887261977798464	-2.3887261977798464	0.00e+00
c0363	cohens_dz	-2.3887261977798464	-2.3887261977798464	0.00e+00
c0363	df	19	19	0.00e+00
c0363	mean_diff	-3.094014745287179	-3.0940147452871791	0.00e+00
c0363	mean_group1	17.760917585388263	17.760917585388263	0.00e+00
c0363	mean_group2	20.854932330675442	20.854932330675442	0.00e+00
c0363	median_group1	17.43443154557982	17.43443154557982	0.00e+00
c0363	median_group2	21.28877785191018	21.288777851910179	0.00e+00
c0363	n	20	20	0.00e+00
c0363	p	1.7978277880875428e-09	1.797827788087545e-09	1.27e-15
c0363	sd_group1	4.0883562770579305	4.0883562770579305	0.00e+00
c0363	sd_group2	4.358590709574023	4.3585907095740231	0.00e+00
c0363	t	-10.682708315740689	-10.682708315740689	0.00e+00
c0364	mean_diff	-3.094014745287179	-3.0940147452871791	0.00e+00
c0364	mean_group1	17.760917585388263	17.760917585388263	0.00e+00
c0364	mean_group2	20.854932330675442	20.854932330675442	0.00e+00
c0364	median_group1	17.43443154557982	17.43443154557982	0.00e+00
c0364	median_group2	21.28877785191018	21.288777851910179	0.00e+00
c0364	n	20	20	0.00e+00
c0364	p	1.9073486328125e-06	1.9073486328125e-06	0.00e+00
c0364	p_method	exact	exact	
c0364	rank_biserial	-1	-1	0.00e+00
c0364	sd_group1	4.0883562770579305	4.0883562770579305	0.00e+00
c0364	sd_group2	4.358590709574023	4.3585907095740231	0.00e+00
c0364	w_statistic	0	0	0.00e+00
c0365	cohens_dz	-2.3887261977798464	-2.3887261977798464	0.00e+00
c0365	cohens_dz	-2.3887261977798464	-2.3887261977798464	0.00e+00
c0365	df	19	19	0.00e+00
c0365	mean_diff	-3.094014745287179	-3.0940147452871791	0.00e+00
c0365	mean_group1	17.760917585388263	17.760917585388263	0.00e+00
c0365	mean_group2	20.854932330675442	20.854932330675442	0.00e+00
c0365	median_group1	17.43443154557982	17.43443154557982	0.00e+00
c0365	median_group2	21.28877785191018	21.288777851910179	0.00e+00
c0365	n	20	20	0.00e+00
c0365	p	1.7978277880875428e-09	1.797827788087545e-09	1.27e-15
c0365	p_method	exact	exact	
c0365	rank_biserial	-1	-1	0.00e+00
c0365	sd_group1	4.0883562770579305	4.0883562770579305	0.00e+00
c0365	sd_group2	4.358590709574023	4.3585907095740231	0.00e+00
c0365	t	-10.682708315740689	-10.682708315740689	0.00e+00
c0365	w_statistic	0	0	0.00e+00
c0365	wilcoxon_p	1.9073486328125e-06	1.9073486328125e-06	0.00e+00
c0366	cohens_dz	-3.604852497285613	-3.6048524972856129	0.00e+00
c0366	cohens_dz	-3.604852497285613	-3.6048524972856129	0.00e+00
c0366	df	19	19	0.00e+00
c0366	mean_diff	-10.890035000000012	-10.890035000000012	0.00e+00
c0366	mean_group1	72.46457	72.464569999999995	0.00e+00
c0366	mean_group2	83.354605	83.354605000000006	0.00e+00
c0366	median_group1	72.9915	72.991500000000002	0.00e+00
c0366	median_group2	83.47055	83.470550000000003	0.00e+00
c0366	n	20	20	0.00e+00
c0366	p	1.538445482638607e-12	1.5384454826386038e-12	2.10e-15
c0366	sd_group1	2.7435289036874426	2.7435289036874426	0.00e+00
c0366	sd_group2	3.674522263752908	3.674522263752908	0.00e+00
c0366	t	-16.121390465581012	-16.121390465581012	0.00e+00
c0367	mean_diff	-10.890035000000012	-10.890035000000012	0.00e+00
c0367	mean_group1	72.46457	72.464569999999995	0.00e+00
c0367	mean_group2	83.354605	83.354605000000006	0.00e+00
c0367	median_group1	72.9915	72.991500000000002	0.00e+00
c0367	median_group2	83.47055	83.470550000000003	0.00e+00
c0367	n	20	20	0.00e+00
c0367	p	1.9073486328125e-06	1.9073486328125e-06	0.00e+00
c0367	p_method	exact	exact	
c0367	rank_biserial	-1	-1	0.00e+00
c0367	sd_group1	2.7435289036874426	2.7435289036874426	0.00e+00
c0367	sd_group2	3.674522263752908	3.674522263752908	0.00e+00
c0367	w_statistic	0	0	0.00e+00
c0368	cohens_dz	-3.604852497285613	-3.6048524972856129	0.00e+00
c0368	cohens_dz	-3.604852497285613	-3.6048524972856129	0.00e+00
c0368	df	19	19	0.00e+00
c0368	mean_diff	-10.890035000000012	-10.890035000000012	0.00e+00
c0368	mean_group1	72.46457	72.464569999999995	0.00e+00
c0368	mean_group2	83.354605	83.354605000000006	0.00e+00
c0368	median_group1	72.9915	72.991500000000002	0.00e+00
c0368	median_group2	83.47055	83.470550000000003	0.00e+00
c0368	n	20	20	0.00e+00
c0368	p	1.538445482638607e-12	1.5384454826386038e-12	2.10e-15
c0368	p_method	exact	exact	
c0368	rank_biserial	-1	-1	0.00e+00
c0368	sd_group1	2.7435289036874426	2.7435289036874426	0.00e+00
c0368	sd_group2	3.674522263752908	3.674522263752908	0.00e+00
c0368	t	-16.121390465581012	-16.121390465581012	0.00e+00
c0368	w_statistic	0	0	0.00e+00
c0368	wilcoxon_p	1.9073486328125e-06	1.9073486328125e-06	0.00e+00
c0369	cohens_dz	-3.356641930769559	-3.356641930769559	0.00e+00
c0369	cohens_dz	-3.356641930769559	-3.356641930769559	0.00e+00
c0369	df	19	19	0.00e+00
c0369	mean_diff	-10.774799999999999	-10.774799999999999	0.00e+00
c0369	mean_group1	83.354605	83.354605000000006	0.00e+00
c0369	mean_group2	94.129405	94.129405000000006	0.00e+00
c0369	median_group1	83.47055	83.470550000000003	0.00e+00
c0369	median_group2	94.7059	94.7059	0.00e+00
c0369	n	20	20	0.00e+00
c0369	p	5.431213120434684e-12	5.431213120434682e-12	4.46e-16
c0369	sd_group1	3.674522263752908	3.674522263752908	0.00e+00
c0369	sd_group2	2.7484903702281436	2.7484903702281436	0.00e+00
c0369	t	-15.011359066653755	-15.011359066653755	0.00e+00
c0370	mean_diff	-10.774799999999999	-10.774799999999999	0.00e+00
c0370	mean_group1	83.354605	83.354605000000006	0.00e+00
c0370	mean_group2	94.129405	94.129405000000006	0.00e+00
c0370	median_group1	83.47055	83.470550000000003	0.00e+00
c0370	median_group2	94.7059	94.7059	0.00e+00
c0370	n	20	20	0.00e+00
c0370	p	1.9073486328125e-06	1.9073486328125e-06	0.00e+00
c0370	p_method	exact	exact	
c0370	rank_biserial	-1	-1	0.00e+00
c0370	sd_group1	3.674522263752908	3.674522263752908	0.00e+00
c0370	sd_group2	2.7484903702281436	2.7484903702281436	0.00e+00
c0370	w_statistic	0	0	0.00e+00
c0371	cohens_dz	-3.356641930769559	-3.356641930769559	0.00e+00
c0371	cohens_dz	-3.356641930769559	-3.356641930769559	0.00e+00
c0371	df	19	19	0.00e+00
c0371	mean_diff	-10.774799999999999	-10.774799999999999	0.00e+00
c0371	mean_group1	83.354605	83.354605000000006	0.00e+00
c0371	mean_group2	94.129405	94.129405000000006	0.00e+00
c0371	median_group1	83.47055	83.470550000000003	0.00e+00
c0371	median_group2	94.7059	94.7059	0.00e+00
c0371	n	20	20	0.00e+00
c0371	p	5.431213120434684e-12	5.431213120434682e-12	4.46e-16
c0371	p_method	exact	exact	
c0371	rank_biserial	-1	-1	0.00e+00
c0371	sd_group1	3.674522263752908	3.674522263752908	0.00e+00
c0371	sd_group2	2.7484903702281436	2.7484903702281436	0.00e+00
c0371	t	-15.011359066653755	-15.011359066653755	0.00e+00
c0371	w_statistic	0	0	0.00e+00
c0371	wilcoxon_p	1.9073486328125e-06	1.9073486328125e-06	0.00e+00
c0372	cohens_dz	-9.974611629917876	-9.9746116299178755	0.00e+00
c0372	cohens_dz	-9.974611629917876	-9.9746116299178755	0.00e+00
c0372	df	19	19	0.00e+00
c0372	mean_diff	-21.66483500000001	-21.664835000000011	0.00e+00
c0372	mean_group1	72.46457	72.464569999999995	0.00e+00
c0372	mean_group2	94.129405	94.129405000000006	0.00e+00
c0372	median_group1	72.9915	72.991500000000002	0.00e+00
c0372	median_group2	94.7059	94.7059	0.00e+00
c0372	n	20	20	0.00e+00
c0372	p	1.0687107473120863e-20	1.0687107473120892e-20	0.00e+00
c0372	sd_group1	2.7435289036874426	2.7435289036874426	0.00e+00
c0372	sd_group2	2.7484903702281436	2.7484903702281436	0.00e+00
c0372	t	-44.607819307312695	-44.607819307312695	0.00e+00
c0373	mean_diff	-21.66483500000001	-21.664835000000011	0.00e+00
c0373	mean_group1	72.46457	72.464569999999995	0.00e+00
c0373	mean_group2	94.129405	94.129405000000006	0.00e+00
c0373	median_group1	72.9915	72.991500000000002	0.00e+00
c0373	median_group2	94.7059	94.7059	0.00e+00
c0373	n	20	20	0.00e+00
c0373	p	1.9073486328125e-06	1.9073486328125e-06	0.00e+00
c0373	p_method	exact	exact	
c0373	rank_biserial	-1	-1	0.00e+00
c0373	sd_group1	2.7435289036874426	2.7435289036874426	0.00e+00
c0373	sd_group2	2.7484903702281436	2.7484903702281436	0.00e+00
c0373	w_statistic	0	0	0.00e+00
c0374	cohens_dz	-9.974611629917876	-9.9746116299178755	0.00e+00
c0374	cohens_dz	-9.974611629917876	-9.9746116299178755	0.00e+00
c0374	df	19	19	0.00e+00
c0374	mean_diff	-21.66483500000001	-21.664835000000011	0.00e+00
c0374	mean_group1	72.46457	72.464569999999995	0.00e+00
c0374	mean_group2	94.129405	94.129405000000006	0.00e+00
c0374	median_group1	72.9915	72.991500000000002	0.00e+00
c0374	median_group2	94.7059	94.7059	0.00e+00
c0374	n	20	20	0.00e+00
c0374	p	1.0687107473120863e-20	1.0687107473120892e-20	0.00e+00
c0374	p_method	exact	exact	
c0374	rank_biserial	-1	-1	0.00e+00
c0374	sd_group1	2.7435289036874426	2.7435289036874426	0.00e+00
c0374	sd_group2	2.7484903702281436	2.7484903702281436	0.00e+00
c0374	t	-44.607819307312695	-44.607819307312695	0.00e+00
c0374	w_statistic	0	0	0.00e+00
c0374	wilcoxon_p	1.9073486328125e-06	1.9073486328125e-06	0.00e+00
c0375	refused	1	1	0.00e+00
c0376	mean_diff	-10	-10	0.00e+00
c0376	mean_group1	66.075	66.075000000000003	0.00e+00
c0376	mean_group2	76.075	76.075000000000003	0.00e+00
c0376	median_group1	66.5	66.5	0.00e+00
c0376	median_group2	76.5	76.5	0.00e+00
c0376	n	4	4	0.00e+00
c0376	p	0.07186063822585156	0.071860638225851606	5.79e-16
c0376	p_method	normal approximation (ties present)	normal approximation (ties present)	
c0376	rank_biserial	-1	-1	0.00e+00
c0376	sd_group1	4.711952886012334	4.7119528860123339	0.00e+00
c0376	sd_group2	4.711952886012334	4.7119528860123339	0.00e+00
c0376	w_statistic	0	0	0.00e+00
c0377	cohens_dz_undefined	1	1	0.00e+00
c0377	df_undefined	1	1	0.00e+00
c0377	mean_diff	-10	-10	0.00e+00
c0377	mean_group1	66.075	66.075000000000003	0.00e+00
c0377	mean_group2	76.075	76.075000000000003	0.00e+00
c0377	median_group1	66.5	66.5	0.00e+00
c0377	median_group2	76.5	76.5	0.00e+00
c0377	n	4	4	0.00e+00
c0377	p	0.07186063822585156	0.071860638225851606	5.79e-16
c0377	p_method	normal approximation (ties present)	normal approximation (ties present)	
c0377	rank_biserial	-1	-1	0.00e+00
c0377	sd_group1	4.711952886012334	4.7119528860123339	0.00e+00
c0377	sd_group2	4.711952886012334	4.7119528860123339	0.00e+00
c0377	t_undefined	1	1	0.00e+00
c0377	w_statistic	0	0	0.00e+00
c0377	wilcoxon_p_undefined	1	1	0.00e+00
c0378	cohens_dz	-6.363961030678928	-6.3639610306789276	0.00e+00
c0378	cohens_dz	-6.363961030678928	-6.3639610306789276	0.00e+00
c0378	df	1	1	0.00e+00
c0378	mean_diff	-4.5	-4.5	0.00e+00
c0378	mean_group1	11	11	0.00e+00
c0378	mean_group2	15.5	15.5	0.00e+00
c0378	median_group1	11	11	0.00e+00
c0378	median_group2	15.5	15.5	0.00e+00
c0378	n	2	2	0.00e+00
c0378	p	0.07044657495455449	0.070446574954554544	7.88e-16
c0378	sd_group1	1.4142135623730951	1.4142135623730951	0.00e+00
c0378	sd_group2	2.1213203435596424	2.1213203435596424	0.00e+00
c0378	t	-9	-9	0.00e+00
c0379	mean_diff	-4.5	-4.5	0.00e+00
c0379	mean_group1	11	11	0.00e+00
c0379	mean_group2	15.5	15.5	0.00e+00
c0379	median_group1	11	11	0.00e+00
c0379	median_group2	15.5	15.5	0.00e+00
c0379	n	2	2	0.00e+00
c0379	p	0.5	0.5	0.00e+00
c0379	p_method	exact	exact	
c0379	rank_biserial	-1	-1	0.00e+00
c0379	sd_group1	1.4142135623730951	1.4142135623730951	0.00e+00
c0379	sd_group2	2.1213203435596424	2.1213203435596424	0.00e+00
c0379	w_statistic	0	0	0.00e+00
c0380	cohens_dz	-6.363961030678928	-6.3639610306789276	0.00e+00
c0380	cohens_dz	-6.363961030678928	-6.3639610306789276	0.00e+00
c0380	df	1	1	0.00e+00
c0380	mean_diff	-4.5	-4.5	0.00e+00
c0380	mean_group1	11	11	0.00e+00
c0380	mean_group2	15.5	15.5	0.00e+00
c0380	median_group1	11	11	0.00e+00
c0380	median_group2	15.5	15.5	0.00e+00
c0380	n	2	2	0.00e+00
c0380	p	0.07044657495455449	0.070446574954554544	7.88e-16
c0380	p_method	exact	exact	
c0380	rank_biserial	-1	-1	0.00e+00
c0380	sd_group1	1.4142135623730951	1.4142135623730951	0.00e+00
c0380	sd_group2	2.1213203435596424	2.1213203435596424	0.00e+00
c0380	t	-9	-9	0.00e+00
c0380	w_statistic	0	0	0.00e+00
c0380	wilcoxon_p	0.5	0.5	0.00e+00
c0381	refused	1	1	0.00e+00
c0382	mean_diff	-10	-10	0.00e+00
c0382	mean_group1	72.3	72.299999999999997	0.00e+00
c0382	mean_group2	82.3	82.299999999999997	0.00e+00
c0382	median_group1	72.30000000000001	72.300000000000011	0.00e+00
c0382	median_group2	82.30000000000001	82.300000000000011	0.00e+00
c0382	n	4	4	0.00e+00
c0382	p	0.07186063822585156	0.071860638225851606	5.79e-16
c0382	p_method	normal approximation (ties present)	normal approximation (ties present)	
c0382	rank_biserial	-1	-1	0.00e+00
c0382	sd_group1	2.008316044185612	2.0083160441856118	0.00e+00
c0382	sd_group2	2.008316044185612	2.0083160441856118	0.00e+00
c0382	w_statistic	0	0	0.00e+00
c0383	cohens_dz_undefined	1	1	0.00e+00
c0383	df_undefined	1	1	0.00e+00
c0383	mean_diff	-10	-10	0.00e+00
c0383	mean_group1	72.3	72.299999999999997	0.00e+00
c0383	mean_group2	82.3	82.299999999999997	0.00e+00
c0383	median_group1	72.30000000000001	72.300000000000011	0.00e+00
c0383	median_group2	82.30000000000001	82.300000000000011	0.00e+00
c0383	n	4	4	0.00e+00
c0383	p	0.07186063822585156	0.071860638225851606	5.79e-16
c0383	p_method	normal approximation (ties present)	normal approximation (ties present)	
c0383	rank_biserial	-1	-1	0.00e+00
c0383	sd_group1	2.008316044185612	2.0083160441856118	0.00e+00
c0383	sd_group2	2.008316044185612	2.0083160441856118	0.00e+00
c0383	t_undefined	1	1	0.00e+00
c0383	w_statistic	0	0	0.00e+00
c0383	wilcoxon_p_undefined	1	1	0.00e+00
c0384	refused	1	1	0.00e+00
c0385	df	28	28	0.00e+00
c0385	n	30	30	0.00e+00
c0385	p	2.3285947015000792e-18	2.328594701500068e-18	0.00e+00
c0385	p_method	t distribution	t distribution	
c0385	r	0.9680479961901461	0.96804799619014614	0.00e+00
c0385	t	20.427208112165175	20.427208112165175	0.00e+00
c0386	n	30	30	0.00e+00
c0386	p	4.116608996942006e-15	4.1166089969423103e-15	0.00e+00
c0386	p_method	t approximation (ties present)	t approximation (ties present)	
c0386	rho	0.9449327013639451	0.9449327013639448	3.52e-16
c0386	spearman_p_asymptotic	4.116608996942006e-15	4.1166089969423103e-15	0.00e+00
c0387	df	28	28	0.00e+00
c0387	n	30	30	0.00e+00
c0387	p	2.3285947015000792e-18	2.328594701500068e-18	0.00e+00
c0387	p_method	t distribution	t distribution	
c0387	r	0.9680479961901461	0.96804799619014614	0.00e+00
c0387	rho	0.9449327013639451	0.9449327013639448	3.52e-16
c0387	spearman_p_asymptotic	4.116608996942006e-15	4.1166089969423103e-15	0.00e+00
c0387	spearman_p_method	t approximation (ties present)	t approximation (ties present)	
c0387	t	20.427208112165175	20.427208112165175	0.00e+00
c0388	df	28	28	0.00e+00
c0388	n	30	30	0.00e+00
c0388	p	0.933800741142079	0.93380074114207734	1.78e-15
c0388	p_method	t distribution	t distribution	
c0388	r	-0.01583735745759046	-0.015837357457590455	2.19e-16
c0388	t	-0.0838139303578908	-0.083813930357890781	1.66e-16
c0389	n	30	30	0.00e+00
c0389	p	0.7764272142522347	0.77642721425223626	2.00e-15
c0389	p_method	t approximation (ties present)	t approximation (ties present)	
c0389	rho	-0.054108228505158736	-0.054108228505158736	0.00e+00
c0389	spearman_p_asymptotic	0.7764272142522347	0.77642721425223626	2.00e-15
c0390	df	28	28	0.00e+00
c0390	n	30	30	0.00e+00
c0390	p	0.933800741142079	0.93380074114207734	1.78e-15
c0390	p_method	t distribution	t distribution	
c0390	r	-0.01583735745759046	-0.015837357457590455	2.19e-16
c0390	rho	-0.054108228505158736	-0.054108228505158736	0.00e+00
c0390	spearman_p_asymptotic	0.7764272142522347	0.77642721425223626	2.00e-15
c0390	spearman_p_method	t approximation (ties present)	t approximation (ties present)	
c0390	t	-0.0838139303578908	-0.083813930357890781	1.66e-16
c0391	df	28	28	0.00e+00
c0391	n	30	30	0.00e+00
c0391	p	0.9648028373847786	0.96480283738478745	9.21e-15
c0391	p_method	t distribution	t distribution	
c0391	r	0.008413924306855867	0.0084139243068558599	8.25e-16
c0391	t	0.044523878574469634	0.044523878574469607	6.23e-16
c0392	n	30	30	0.00e+00
c0392	p	0.6944073363970094	0.69440733639700902	4.80e-16
c0392	p_method	t approximation (ties present)	t approximation (ties present)	
c0392	rho	-0.07480799332398994	-0.074807993323989949	1.86e-16
c0392	spearman_p_asymptotic	0.6944073363970094	0.69440733639700902	4.80e-16
c0393	df	28	28	0.00e+00
c0393	n	30	30	0.00e+00
c0393	p	0.9648028373847786	0.96480283738478745	9.21e-15
c0393	p_method	t distribution	t distribution	
c0393	r	0.008413924306855867	0.0084139243068558599	8.25e-16
c0393	rho	-0.07480799332398994	-0.074807993323989949	1.86e-16
c0393	spearman_p_asymptotic	0.6944073363970094	0.69440733639700902	4.80e-16
c0393	spearman_p_method	t approximation (ties present)	t approximation (ties present)	
c0393	t	0.044523878574469634	0.044523878574469607	6.23e-16
c0394	df	23	23	0.00e+00
c0394	n	25	25	0.00e+00
c0394	p	9.166854032696408e-10	9.1668540326961474e-10	2.84e-14
c0394	p_method	t distribution	t distribution	
c0394	r	0.900032864111861	0.90003286411186134	3.70e-16
c0394	t	9.90405639333126	9.9040563933312757	1.61e-15
c0395	n	25	25	0.00e+00
c0395	p	7.922169279800295e-10	7.9221692798003286e-10	4.18e-15
c0395	p_method	t approximation (ties present)	t approximation (ties present)	
c0395	rho	0.9013504207202551	0.90135042072025506	0.00e+00
c0395	spearman_p_asymptotic	7.922169279800295e-10	7.9221692798003286e-10	4.18e-15
c0396	df	23	23	0.00e+00
c0396	n	25	25	0.00e+00
c0396	p	9.166854032696408e-10	9.1668540326961474e-10	2.84e-14
c0396	p_method	t distribution	t distribution	
c0396	r	0.900032864111861	0.90003286411186134	3.70e-16
c0396	rho	0.9013504207202551	0.90135042072025506	0.00e+00
c0396	spearman_p_asymptotic	7.922169279800295e-10	7.9221692798003286e-10	4.18e-15
c0396	spearman_p_method	t approximation (ties present)	t approximation (ties present)	
c0396	t	9.90405639333126	9.9040563933312757	1.61e-15
c0397	df	23	23	0.00e+00
c0397	n	25	25	0.00e+00
c0397	p	1.6243194684226865e-09	1.624319468422611e-09	4.65e-14
c0397	p_method	t distribution	t distribution	
c0397	r	0.8946870525294185	0.89468705252941894	4.96e-16
c0397	t	9.605620907332497	9.6056209073325203	2.40e-15
c0398	n	25	25	0.00e+00
c0398	p	1.1713696502980411e-11	1.1713696502980397e-11	1.24e-15
c0398	p_method	t approximation (ties present)	t approximation (ties present)	
c0398	rho	0.9325391175719795	0.93253911757197949	0.00e+00
c0398	spearman_p_asymptotic	1.1713696502980411e-11	1.1713696502980397e-11	1.24e-15
c0399	df	23	23	0.00e+00
c0399	n	25	25	0.00e+00
c0399	p	1.6243194684226865e-09	1.624319468422611e-09	4.65e-14
c0399	p_method	t distribution	t distribution	
c0399	r	0.8946870525294185	0.89468705252941894	4.96e-16
c0399	rho	0.9325391175719795	0.93253911757197949	0.00e+00
c0399	spearman_p_asymptotic	1.1713696502980411e-11	1.1713696502980397e-11	1.24e-15
c0399	spearman_p_method	t approximation (ties present)	t approximation (ties present)	
c0399	t	9.605620907332497	9.6056209073325203	2.40e-15
c0400	df	23	23	0.00e+00
c0400	n	25	25	0.00e+00
c0400	p	3.832198274103601e-06	3.8321982741035148e-06	2.25e-14
c0400	p_method	t distribution	t distribution	
c0400	r	0.7823363620452147	0.78233636204521517	5.68e-16
c0400	t	6.023787719226123	6.0237877192261315	1.47e-15
c0401	n	25	25	0.00e+00
c0401	p	9.41027133001808e-07	9.4102713300180707e-07	1.01e-15
c0401	p_method	t approximation (ties present)	t approximation (ties present)	
c0401	rho	0.809772173189286	0.80977217318928596	0.00e+00
c0401	spearman_p_asymptotic	9.41027133001808e-07	9.4102713300180707e-07	1.01e-15
c0402	df	23	23	0.00e+00
c0402	n	25	25	0.00e+00
c0402	p	3.832198274103601e-06	3.8321982741035148e-06	2.25e-14
c0402	p_method	t distribution	t distribution	
c0402	r	0.7823363620452147	0.78233636204521517	5.68e-16
c0402	rho	0.809772173189286	0.80977217318928596	0.00e+00
c0402	spearman_p_asymptotic	9.41027133001808e-07	9.4102713300180707e-07	1.01e-15
c0402	spearman_p_method	t approximation (ties present)	t approximation (ties present)	
c0402	t	6.023787719226123	6.0237877192261315	1.47e-15
c0403	df	23	23	0.00e+00
c0403	n	25	25	0.00e+00
c0403	p	3.9460844976744924e-19	3.9460844976751751e-19	0.00e+00
c0403	p_method	t distribution	t distribution	
c0403	r	-0.9852265176044432	-0.98522651760444302	2.25e-16
c0403	t	-27.59011668133	-27.590116681329782	7.85e-15
c0404	n	25	25	0.00e+00
c0404	p	6.339362660590996e-07	6.3393626605910472e-07	8.02e-15
c0404	p_method	exact	exact	
c0404	rho	-0.9792307692307692	-0.97923076923076924	0.00e+00
c0404	spearman_p_asymptotic	1.9265215950050128e-17	1.9265215950051216e-17	0.00e+00
c0405	df	23	23	0.00e+00
c0405	n	25	25	0.00e+00
c0405	p	3.9460844976744924e-19	3.9460844976751751e-19	0.00e+00
c0405	p_method	t distribution	t distribution	
c0405	r	-0.9852265176044432	-0.98522651760444302	2.25e-16
c0405	rho	-0.9792307692307692	-0.97923076923076924	0.00e+00
c0405	spearman_p_asymptotic	1.9265215950050128e-17	1.9265215950051216e-17	0.00e+00
c0405	spearman_p_method	exact	exact	
c0405	t	-27.59011668133	-27.590116681329782	7.85e-15
c0406	df	38	38	0.00e+00
c0406	n	40	40	0.00e+00
c0406	p	0.36837451086680795	0.36837451086680828	9.04e-16
c0406	p_method	t distribution	t distribution	
c0406	r	0.14609440683124347	0.1460944068312435	1.90e-16
c0406	t	0.9103539104980043	0.91035391049800429	0.00e+00
c0407	n	40	40	0.00e+00
c0407	p	0.11668526186103235	0.11668526186103238	2.38e-16
c0407	p_method	exact	exact	
c0407	rho	0.2519699812382739	0.25196998123827391	0.00e+00
c0407	spearman_p_asymptotic	0.11676629054937737	0.11676629054937823	7.37e-15
c0408	df	38	38	0.00e+00
c0408	n	40	40	0.00e+00
c0408	p	0.36837451086680795	0.36837451086680828	9.04e-16
c0408	p_method	t distribution	t distribution	
c0408	r	0.14609440683124347	0.1460944068312435	1.90e-16
c0408	rho	0.2519699812382739	0.25196998123827391	0.00e+00
c0408	spearman_p_asymptotic	0.11676629054937737	0.11676629054937823	7.37e-15
c0408	spearman_p_method	exact	exact	
c0408	t	0.9103539104980043	0.91035391049800429	0.00e+00
c0409	df	38	38	0.00e+00
c0409	n	40	40	0.00e+00
c0409	p	0.5093867100678992	0.50938671006790015	1.96e-15
c0409	p_method	t distribution	t distribution	
c0409	r	-0.10742636713545867	-0.10742636713545868	1.29e-16
c0409	t	-0.6660751498500028	-0.66607514985000282	0.00e+00
c0410	n	40	40	0.00e+00
c0410	p	0.65345608803343	0.65345608803343025	3.40e-16
c0410	p_method	exact	exact	
c0410	rho	-0.07298311444652908	-0.072983114446529065	1.90e-16
c0410	spearman_p_asymptotic	0.6544804833788312	0.65448048337883336	3.22e-15
c0411	df	38	38	0.00e+00
c0411	n	40	40	0.00e+00
c0411	p	0.5093867100678992	0.50938671006790015	1.96e-15
c0411	p_method	t distribution	t distribution	
c0411	r	-0.10742636713545867	-0.10742636713545868	1.29e-16
c0411	rho	-0.07298311444652908	-0.072983114446529065	1.90e-16
c0411	spearman_p_asymptotic	0.6544804833788312	0.65448048337883336	3.22e-15
c0411	spearman_p_method	exact	exact	
c0411	t	-0.6660751498500028	-0.66607514985000282	0.00e+00
c0412	df	38	38	0.00e+00
c0412	n	40	40	0.00e+00
c0412	p	0.7478558818054126	0.74785588180541429	2.23e-15
c0412	p_method	t distribution	t distribution	
c0412	r	-0.05245692496804755	-0.052456924968047582	6.61e-16
c0412	t	-0.32381203121143615	-0.32381203121143637	6.86e-16
c0413	n	40	40	0.00e+00
c0413	p	0.8475392800987146	0.8475392800987146	0.00e+00
c0413	p_method	exact	exact	
c0413	rho	-0.031332082551594746	-0.031332082551594739	2.21e-16
c0413	spearman_p_asymptotic	0.8478011248622921	0.84780112486229386	2.10e-15
c0414	df	38	38	0.00e+00
c0414	n	40	40	0.00e+00
c0414	p	0.7478558818054126	0.74785588180541429	2.23e-15
c0414	p_method	t distribution	t distribution	
c0414	r	-0.05245692496804755	-0.052456924968047582	6.61e-16
c0414	rho	-0.031332082551594746	-0.031332082551594739	2.21e-16
c0414	spearman_p_asymptotic	0.8478011248622921	0.84780112486229386	2.10e-15
c0414	spearman_p_method	exact	exact	
c0414	t	-0.32381203121143615	-0.32381203121143637	6.86e-16
c0415	df	18	18	0.00e+00
c0415	n	20	20	0.00e+00
c0415	p	0.000815531221969918	0.00081553122196992192	4.79e-15
c0415	p_method	t distribution	t distribution	
c0415	r	0.6871884645534315	0.68718846455343119	4.85e-16
c0415	t	4.013182727987944	4.0131827279879406	8.85e-16
c0416	n	20	20	0.00e+00
c0416	p	0.004222076026557867	0.004222076026557788	1.87e-14
c0416	p_method	exact	exact	
c0416	rho	0.6210526315789474	0.62105263157894741	0.00e+00
c0416	spearman_p_asymptotic	0.003472810272541153	0.0034728102725411578	1.37e-15
c0417	df	18	18	0.00e+00
c0417	n	20	20	0.00e+00
c0417	p	0.000815531221969918	0.00081553122196992192	4.79e-15
c0417	p_method	t distribution	t distribution	
c0417	r	0.6871884645534315	0.68718846455343119	4.85e-16
c0417	rho	0.6210526315789474	0.62105263157894741	0.00e+00
c0417	spearman_p_asymptotic	0.003472810272541153	0.0034728102725411578	1.37e-15
c0417	spearman_p_method	exact	exact	
c0417	t	4.013182727987944	4.0131827279879406	8.85e-16
c0418	refused	1	1	0.00e+00
c0419	refused	1	1	0.00e+00
c0420	ci_high	90.58580197725836	90.585801977258356	0.00e+00
c0420	ci_low	87.31783838938019	87.317838389380185	0.00e+00
c0420	iqr	6.000702788916314	6.000702788916314	0.00e+00
c0420	kurtosis	-0.2855629514765563	-0.2855629514765563	0.00e+00
c0420	max	99.7279365967753	99.727936596775294	0.00e+00
c0420	mean	88.95182018331927	88.951820183319271	0.00e+00
c0420	median	90.09188647004873	90.091886470048735	0.00e+00
c0420	min	77.73550825444009	77.735508254440091	0.00e+00
c0420	n	45	45	0.00e+00
c0420	q1	86.2329947278319	86.232994727831894	0.00e+00
c0420	q3	92.23369751674821	92.233697516748208	0.00e+00
c0420	range	21.992428342335202	21.992428342335202	0.00e+00
c0420	sd	5.4387513398193805	5.4387513398193805	0.00e+00
c0420	sem	0.8107611805702796	0.81076118057027957	0.00e+00
c0420	skewness	-0.4223081701411346	-0.42230817014113459	0.00e+00
c0420	variance	29.58001613638711	29.580016136387108	0.00e+00
c0421	ci_high	5.661230986253985	5.6612309862539858	1.57e-16
c0421	ci_low	5.235823150783796	5.235823150783796	0.00e+00
c0421	iqr	0.9503722145294997	0.95037221452949971	0.00e+00
c0421	kurtosis	-0.548350379661203	-0.54835037966120348	8.10e-16
c0421	max	7.055488601279325	7.0554886012793254	0.00e+00
c0421	mean	5.4485270685188905	5.4485270685188905	0.00e+00
c0421	median	5.367907928937989	5.3679079289379894	0.00e+00
c0421	min	4.177177909358892	4.1771779093588917	0.00e+00
c0421	n	45	45	0.00e+00
c0421	q1	4.96314245756826	4.9631424575682601	0.00e+00
c0421	q3	5.91351467209776	5.9135146720977598	0.00e+00
c0421	range	2.8783106919204338	2.8783106919204338	0.00e+00
c0421	sd	0.7079905797345153	0.70799057973451529	0.00e+00
c0421	sem	0.10554100424772407	0.10554100424772407	0.00e+00
c0421	skewness	0.3424908631755928	0.34249086317559285	1.62e-16
c0421	variance	0.501250660992815	0.50125066099281512	2.21e-16
c0422	ci_high	90.18817192825071	90.188171928250711	0.00e+00
c0422	ci_low	87.22225135762955	87.22225135762956	1.63e-16
c0422	iqr	6.920576325874919	6.9205763258749187	0.00e+00
c0422	kurtosis	-0.5554547085119124	-0.55545470851191281	8.00e-16
c0422	max	97.48598869792441	97.485988697924412	0.00e+00
c0422	mean	88.70521164294013	88.705211642940128	0.00e+00
c0422	median	88.83189418153206	88.831894181532064	0.00e+00
c0422	min	77.57691753621832	77.576917536218318	0.00e+00
c0422	n	45	45	0.00e+00
c0422	q1	85.5653638247647	85.565363824764702	0.00e+00
c0422	q3	92.48594015063962	92.485940150639621	0.00e+00
c0422	range	19.909071161706095	19.909071161706095	0.00e+00
c0422	sd	4.936072279721215	4.9360722797212153	0.00e+00
c0422	sem	0.7358262106205996	0.73582621062059961	0.00e+00
c0422	skewness	-0.26905394016754197	-0.26905394016754192	2.06e-16
c0422	variance	24.364809550632195	24.364809550632199	1.46e-16
c0423	ci_high	5.689213349573778	5.6892133495737776	0.00e+00
c0423	ci_low	5.274055554827378	5.2740555548273784	0.00e+00
c0423	iqr	1.008632193659584	1.0086321936595839	0.00e+00
c0423	kurtosis	-0.7819929808732446	-0.78199298087324465	0.00e+00
c0423	max	7.100546491205053	7.1005464912050531	0.00e+00
c0423	mean	5.481634452200578	5.481634452200578	0.00e+00
c0423	median	5.2390480332275216	5.2390480332275216	0.00e+00
c0423	min	4.3260194571088455	4.3260194571088455	0.00e+00
c0423	n	45	45	0.00e+00
c0423	q1	4.952137561994918	4.9521375619949177	0.00e+00
c0423	q3	5.960769755654502	5.9607697556545016	0.00e+00
c0423	range	2.7745270340962076	2.7745270340962076	0.00e+00
c0423	sd	0.690931814781778	0.69093181478177801	0.00e+00
c0423	sem	0.10299803371128997	0.10299803371128997	0.00e+00
c0423	skewness	0.4212380658752314	0.42123806587523133	1.32e-16
c0423	variance	0.4773867726776412	0.47738677267764118	0.00e+00
c0424	ci_high	89.88793440154826	89.887934401548264	0.00e+00
c0424	ci_low	86.76644764803113	86.766447648031132	0.00e+00
c0424	iqr	8.063954724789156	8.0639547247891556	0.00e+00
c0424	kurtosis	0.1403933614946533	0.14039336149465242	6.33e-15
c0424	max	101.21213563576504	101.21213563576504	0.00e+00
c0424	mean	88.3271910247897	88.327191024789698	0.00e+00
c0424	median	88.96669527819462	88.966695278194621	0.00e+00
c0424	min	75.19634145925214	75.196341459252139	0.00e+00
c0424	n	45	45	0.00e+00
c0424	q1	84.24699420596622	84.246994205966217	0.00e+00
c0424	q3	92.31094893075537	92.310948930755373	0.00e+00
c0424	range	26.015794176512898	26.015794176512898	0.00e+00
c0424	sd	5.194975343633692	5.1949753436336916	0.00e+00
c0424	sem	0.7744212006533508	0.77442120065335085	0.00e+00
c0424	skewness	-0.04056262253311576	-0.040562622533115975	5.30e-15
c0424	variance	26.987768820961993	26.987768820961993	0.00e+00
c0425	ci_high	5.639624635676332	5.6396246356763324	0.00e+00
c0425	ci_low	5.300523487287627	5.3005234872876263	1.68e-16
c0425	iqr	0.8099742115517161	0.80997421155171612	0.00e+00
c0425	kurtosis	-0.44952614112711364	-0.4495261411271132	9.88e-16
c0425	max	6.708790095148004	6.7087900951480037	0.00e+00
c0425	mean	5.47007406148198	5.4700740614819798	0.00e+00
c0425	median	5.320846521691661	5.3208465216916609	0.00e+00
c0425	min	4.436081124082333	4.4360811240823326	0.00e+00
c0425	n	45	45	0.00e+00
c0425	q1	5.04705625211928	5.0470562521192797	0.00e+00
c0425	q3	5.857030463670996	5.8570304636709958	0.00e+00
c0425	range	2.272708971065671	2.2727089710656712	0.00e+00
c0425	sd	0.5643535417513099	0.56435354175130992	0.00e+00
c0425	sem	0.08412885884657964	0.084128858846579641	0.00e+00
c0425	skewness	0.4604029472299116	0.46040294722991149	2.41e-16
c0425	variance	0.3184949200872475	0.3184949200872475	0.00e+00
c0426	ci_high	135.65331220070985	135.65331220070985	0.00e+00
c0426	ci_low	121.9343224446363	121.93432244463629	0.00e+00
c0426	iqr	23.72206323401214	23.72206323401214	0.00e+00
c0426	kurtosis	0.6132407744365711	0.6132407744365711	0.00e+00
c0426	max	173.26340520585322	173.26340520585322	0.00e+00
c0426	mean	128.79381732267308	128.79381732267308	0.00e+00
c0426	median	128.2459923633117	128.2459923633117	0.00e+00
c0426	min	71.3552465885914	71.355246588591399	0.00e+00
c0426	n	40	40	0.00e+00
c0426	q1	118.18747548603169	118.18747548603169	0.00e+00
c0426	q3	141.90953872004383	141.90953872004383	0.00e+00
c0426	range	101.90815861726182	101.90815861726182	0.00e+00
c0426	sd	21.44828673326018	21.448286733260179	0.00e+00
c0426	sem	3.3912718992737245	3.3912718992737245	0.00e+00
c0426	skewness	-0.2904708368822012	-0.29047083688220116	1.91e-16
c0426	variance	460.02900379214464	460.02900379214464	0.00e+00
c0427	ci_high	1.766573847122699	1.766573847122699	0.00e+00
c0427	ci_low	1.1741130798374348	1.1741130798374348	0.00e+00
c0427	iqr	1.6069013733888564	1.6069013733888564	0.00e+00
c0427	kurtosis	-0.2800389433755135	-0.28003894337551349	0.00e+00
c0427	max	3.97922199189776	3.9792219918977598	0.00e+00
c0427	mean	1.470343463480067	1.4703434634800669	0.00e+00
c0427	median	1.1891909784883135	1.1891909784883135	0.00e+00
c0427	min	0.1	0.10000000000000001	0.00e+00
c0427	n	40	40	0.00e+00
c0427	q1	0.7293869811230516	0.72938698112305156	0.00e+00
c0427	q3	2.336288354511908	2.336288354511908	0.00e+00
c0427	range	3.8792219918977597	3.8792219918977597	0.00e+00
c0427	sd	0.9262539473299057	0.92625394732990574	0.00e+00
c0427	sem	0.14645360826420697	0.14645360826420697	0.00e+00
c0427	skewness	0.7853474367412737	0.7853474367412735	2.83e-16
c0427	variance	0.8579463749442318	0.85794637494423176	0.00e+00
c0428	ci_high	93.9996994139187	93.999699413918691	1.51e-16
c0428	ci_low	90.39502521123762	90.395025211237638	1.57e-16
c0428	iqr	9.715576801612528	9.7155768016125137	1.46e-15
c0428	kurtosis	-0.5651729255961531	-0.56517292559615262	7.86e-16
c0428	max	106.53339123537664	106.53339123537664	0.00e+00
c0428	mean	92.19736231257816	92.197362312578164	0.00e+00
c0428	median	92.02076063700434	92.020760637004344	0.00e+00
c0428	min	80.67468992409745	80.67468992409745	0.00e+00
c0428	n	48	48	0.00e+00
c0428	q1	88.1651766878954	88.165176687895396	0.00e+00
c0428	q3	97.88075348950792	97.88075348950791	1.45e-16
c0428	range	25.85870131127919	25.858701311279191	0.00e+00
c0428	sd	6.207041933257127	6.2070419332571269	0.00e+00
c0428	sem	0.8959093327593244	0.89590933275932438	0.00e+00
c0428	skewness	0.22977700022324085	0.22977700022324057	1.21e-15
c0428	variance	38.527369561212375	38.527369561212375	0.00e+00
c0429	ci_high	168.49906211629303	168.499062116293	1.69e-16
c0429	ci_low	135.66411714239706	135.66411714239709	2.10e-16
c0429	iqr	65.77008888078403	65.77008888078403	0.00e+00
c0429	kurtosis	-0.21399578468970093	-0.21399578468970137	2.08e-15
c0429	max	257.27054684740216	257.27054684740216	0.00e+00
c0429	mean	152.08158962934505	152.08158962934505	0.00e+00
c0429	median	146.68312810237848	146.68312810237848	0.00e+00
c0429	min	80	80	0.00e+00
c0429	n	30	30	0.00e+00
c0429	q1	119.92165605605403	119.92165605605403	0.00e+00
c0429	q3	185.69174493683806	185.69174493683806	0.00e+00
c0429	range	177.27054684740216	177.27054684740216	0.00e+00
c0429	sd	43.96679880380095	43.966798803800948	0.00e+00
c0429	sem	8.027202495377644	8.0272024953776437	0.00e+00
c0429	skewness	0.5379465686426362	0.53794656864263601	4.13e-16
c0429	variance	1933.0793970539125	1933.0793970539123	1.18e-16
c0430	ci_high	358.87568672519046	358.87568672519046	0.00e+00
c0430	ci_low	291.4098586722366	291.40985867223662	0.00e+00
c0430	iqr	143.05279665580184	143.05279665580184	0.00e+00
c0430	kurtosis	-0.8803363776581947	-0.88033637765819428	5.04e-16
c0430	max	511.9177950148535	511.91779501485348	0.00e+00
c0430	mean	325.14277269871354	325.14277269871354	0.00e+00
c0430	median	295.3789183617973	295.37891836179728	0.00e+00
c0430	min	192.92610581806076	192.92610581806076	0.00e+00
c0430	n	30	30	0.00e+00
c0430	q1	260.90679328975756	260.90679328975756	0.00e+00
c0430	q3	403.9595899455594	403.9595899455594	0.00e+00
c0430	range	318.9916891967927	318.99168919679272	0.00e+00
c0430	sd	90.33840289649486	90.338402896494856	0.00e+00
c0430	sem	16.493460358466756	16.493460358466756	0.00e+00
c0430	skewness	0.4879022750389395	0.48790227503893946	1.14e-16
c0430	variance	8161.02703788943	8161.0270378894302	0.00e+00
c0431	ci_high	47.9938551417833	47.993855141783293	1.48e-16
c0431	ci_low	37.8061448582167	37.806144858216697	0.00e+00
c0431	iqr	24.25	24.25	0.00e+00
c0431	kurtosis	-1.5057194323747296	-1.5057194323747298	1.47e-16
c0431	max	65	65	0.00e+00
c0431	mean	42.9	42.899999999999999	0.00e+00
c0431	median	46	46	0.00e+00
c0431	min	23	23	0.00e+00
c0431	n	30	30	0.00e+00
c0431	q1	30.25	30.25	0.00e+00
c0431	q3	54.5	54.5	0.00e+00
c0431	range	42	42	0.00e+00
c0431	sd	13.64159460797292	13.64159460797292	0.00e+00
c0431	sem	2.490603029042537	2.4906030290425369	0.00e+00
c0431	skewness	-0.08065535265373715	-0.080655352653737022	1.55e-15
c0431	variance	186.09310344827583	186.09310344827585	1.53e-16
c0432	ci_high	14.56748750035482	14.567487500354821	0.00e+00
c0432	ci_low	10.065215392159493	10.065215392159494	1.76e-16
c0432	iqr	6.119531240790785	6.1195312407907849	0.00e+00
c0432	kurtosis	-0.45158542591551676	-0.45158542591551676	0.00e+00
c0432	max	22.555956255221613	22.555956255221613	0.00e+00
c0432	mean	12.316351446257157	12.316351446257157	0.00e+00
c0432	median	12.00793862171911	12.007938621719109	0.00e+00
c0432	min	1.8588664833914819	1.8588664833914819	0.00e+00
c0432	n	25	25	0.00e+00
c0432	q1	9.441194418280608	9.4411944182806078	0.00e+00
c0432	q3	15.560725659071393	15.560725659071393	0.00e+00
c0432	range	20.697089771830132	20.697089771830132	0.00e+00
c0432	sd	5.453601489798855	5.4536014897988547	0.00e+00
c0432	sem	1.090720297959771	1.090720297959771	0.00e+00
c0432	skewness	0.08291522774118422	0.082915227741184191	3.35e-16
c0432	variance	29.741769209536287	29.741769209536287	0.00e+00
c0433	ci_high	85.91338348414585	85.913383484145854	0.00e+00
c0433	ci_low	72.79610976986818	72.796109769868181	0.00e+00
c0433	iqr	17.673035764547592	17.673035764547592	0.00e+00
c0433	kurtosis	-0.30377329491830407	-0.30377329491830452	1.46e-15
c0433	max	100	100	0.00e+00
c0433	mean	79.35474662700702	79.354746627007017	0.00e+00
c0433	median	79.48143235979371	79.481432359793715	0.00e+00
c0433	min	46.092069658324995	46.092069658324995	0.00e+00
c0433	n	25	25	0.00e+00
c0433	q1	71.79068633953113	71.790686339531135	0.00e+00
c0433	q3	89.46372210407873	89.463722104078727	0.00e+00
c0433	range	53.907930341675005	53.907930341675005	0.00e+00
c0433	sd	15.888951567380591	15.888951567380591	0.00e+00
c0433	sem	3.1777903134761183	3.1777903134761183	0.00e+00
c0433	skewness	-0.48513830175706607	-0.48513830175706624	3.43e-16
c0433	variance	252.45878191056613	252.45878191056613	0.00e+00
c0434	ci_high	12.536235430833775	12.536235430833775	0.00e+00
c0434	ci_low	8.023764569166223	8.0237645691662234	0.00e+00
c0434	iqr	6	6	0.00e+00
c0434	kurtosis	-0.36841365645028823	-0.36841365645028734	2.41e-15
c0434	max	22	22	0.00e+00
c0434	mean	10.28	10.279999999999999	0.00e+00
c0434	median	11	11	0.00e+00
c0434	min	1	1	0.00e+00
c0434	n	25	25	0.00e+00
c0434	q1	7	7	0.00e+00
c0434	q3	13	13	0.00e+00
c0434	range	21	21	0.00e+00
c0434	sd	5.465955238260433	5.4659552382604328	0.00e+00
c0434	sem	1.0931910476520865	1.0931910476520865	0.00e+00
c0434	skewness	0.20748380341588477	0.20748380341588485	4.01e-16
c0434	variance	29.876666666666665	29.876666666666665	0.00e+00
c0435	ci_high	10.770681425622708	10.770681425622708	0.00e+00
c0435	ci_low	7.12931857437729	7.1293185743772911	1.25e-16
c0435	iqr	7.200000000000001	7.2000000000000011	0.00e+00
c0435	kurtosis	-1.2053457286260638	-1.2053457286260656	1.47e-15
c0435	max	16.15	16.149999999999999	0.00e+00
c0435	mean	8.95	8.9499999999999993	0.00e+00
c0435	median	8.95	8.9499999999999993	0.00e+00
c0435	min	1.75	1.75	0.00e+00
c0435	n	25	25	0.00e+00
c0435	q1	5.35	5.3499999999999996	0.00e+00
c0435	q3	12.55	12.550000000000001	0.00e+00
c0435	range	14.399999999999999	14.399999999999999	0.00e+00
c0435	sd	4.410782243548189	4.4107822435481889	0.00e+00
c0435	sem	0.8821564487096378	0.88215644870963783	0.00e+00
c0435	skewness	6.436075505073371e-16	3.9821505794444743e-16	0.00e+00
c0435	variance	19.454999999999995	19.454999999999998	1.83e-16
c0436	ci_high	90.91274519605665	90.912745196056648	0.00e+00
c0436	ci_low	75.53725480394334	75.537254803943341	0.00e+00
c0436	iqr	29.215000000000003	29.215000000000003	0.00e+00
c0436	kurtosis	-1.095847156424401	-1.0958471564244001	8.10e-16
c0436	max	112.75	112.75	0.00e+00
c0436	mean	83.225	83.224999999999994	0.00e+00
c0436	median	82.61	82.609999999999999	0.00e+00
c0436	min	49.785	49.784999999999997	0.00e+00
c0436	n	25	25	0.00e+00
c0436	q1	69.85	69.849999999999994	0.00e+00
c0436	q3	99.065	99.064999999999998	0.00e+00
c0436	range	62.965	62.965000000000003	0.00e+00
c0436	sd	18.62432907068959	18.624329070689591	0.00e+00
c0436	sem	3.7248658141379183	3.7248658141379183	0.00e+00
c0436	skewness	-0.06801407970898665	-0.068014079708986874	3.26e-15
c0436	variance	346.8656333333334	346.86563333333334	1.64e-16
c0437	ci_high	194.21427984147147	194.21427984147147	0.00e+00
c0437	ci_low	177.1267616698043	177.1267616698043	0.00e+00
c0437	iqr	37.729680959363264	37.729680959363264	0.00e+00
c0437	kurtosis	-0.6948743053319233	-0.69487430533192374	6.39e-16
c0437	max	231.25158234305874	231.25158234305874	0.00e+00
c0437	mean	185.67052075563788	185.67052075563788	0.00e+00
c0437	median	188.2082198355006	188.20821983550061	0.00e+00
c0437	min	128.39982089352122	128.39982089352122	0.00e+00
c0437	n	40	40	0.00e+00
c0437	q1	167.27906930695468	167.27906930695468	0.00e+00
c0437	q3	205.00875026631795	205.00875026631795	0.00e+00
c0437	range	102.85176144953752	102.85176144953752	0.00e+00
c0437	sd	26.714648514367326	26.714648514367326	0.00e+00
c0437	sem	4.223956809811709	4.2239568098117086	0.00e+00
c0437	skewness	-0.17244944259029799	-0.17244944259029785	8.05e-16
c0437	variance	713.6724452461884	713.67244524618843	0.00e+00
c0438	ci_high	2.5648221652847694	2.5648221652847694	0.00e+00
c0438	ci_low	1.8622600232057849	1.8622600232057847	1.19e-16
c0438	iqr	1.5989124841362388	1.5989124841362388	0.00e+00
c0438	kurtosis	0.451287536621491	0.4512875366214919	1.97e-15
c0438	max	5.159617605981334	5.1596176059813343	0.00e+00
c0438	mean	2.213541094245277	2.2135410942452771	0.00e+00
c0438	median	2.015006016169768	2.0150060161697678	0.00e+00
c0438	min	0.6363979204596882	0.63639792045968824	0.00e+00
c0438	n	40	40	0.00e+00
c0438	q1	1.2955177517393974	1.2955177517393974	0.00e+00
c0438	q3	2.894430235875636	2.8944302358756362	0.00e+00
c0438	range	4.523219685521646	4.5232196855216458	0.00e+00
c0438	sd	1.0983865823336167	1.0983865823336167	0.00e+00
c0438	sem	0.17367016757711462	0.17367016757711462	0.00e+00
c0438	skewness	0.9125091302287311	0.91250913022873115	0.00e+00
c0438	variance	1.206453084250523	1.206453084250523	0.00e+00
c0439	ci_high	1.3563616471638031	1.3563616471638031	0.00e+00
c0439	ci_low	1.0224890537637208	1.0224890537637208	0.00e+00
c0439	iqr	0.7343045098143379	0.73430450981433792	0.00e+00
c0439	kurtosis	0.3056215695790545	0.30562156957905451	0.00e+00
c0439	max	2.541324186295038	2.541324186295038	0.00e+00
c0439	mean	1.189425350463762	1.189425350463762	0.00e+00
c0439	median	1.2134480152712586	1.2134480152712586	0.00e+00
c0439	min	0.12353686037238448	0.12353686037238448	0.00e+00
c0439	n	40	40	0.00e+00
c0439	q1	0.722267490809164	0.72226749080916397	0.00e+00
c0439	q3	1.456572000623502	1.4565720006235019	0.00e+00
c0439	range	2.4177873259226534	2.4177873259226534	0.00e+00
c0439	sd	0.5219768541959805	0.5219768541959805	0.00e+00
c0439	sem	0.08253178725744582	0.082531787257445824	0.00e+00
c0439	skewness	0.33302695670137267	0.333026956701373	1.00e-15
c0439	variance	0.27245983631633186	0.27245983631633186	0.00e+00
c0440	ci_high	3.080583985292943	3.0805839852929431	0.00e+00
c0440	ci_low	2.310600400783115	2.3106004007831151	0.00e+00
c0440	iqr	1.169963347511084	1.169963347511084	0.00e+00
c0440	kurtosis	-1.0466612373257256	-1.0466612373257269	1.27e-15
c0440	max	4.190975503207142	4.1909755032071416	0.00e+00
c0440	mean	2.695592193038029	2.6955921930380291	0.00e+00
c0440	median	2.6830411098185585	2.6830411098185585	0.00e+00
c0440	min	1.4549649920127161	1.4549649920127161	0.00e+00
c0440	n	20	20	0.00e+00
c0440	q1	2.0158327530486386	2.0158327530486386	0.00e+00
c0440	q3	3.1857961005597226	3.1857961005597226	0.00e+00
c0440	range	2.7360105111944257	2.7360105111944257	0.00e+00
c0440	sd	0.8226067124726181	0.82260671247261807	0.00e+00
c0440	sem	0.1839404527836398	0.1839404527836398	0.00e+00
c0440	skewness	0.26863132717661964	0.26863132717661958	2.07e-16
c0440	variance	0.6766818034050085	0.67668180340500861	1.64e-16
c0441	ci_high	2.396516829854586	2.3965168298545856	1.85e-16
c0441	ci_low	1.5377345592445975	1.5377345592445975	0.00e+00
c0441	iqr	1.5227938496609497	1.5227938496609497	0.00e+00
c0441	kurtosis	-1.232508789064831	-1.2325087890648301	7.21e-16
c0441	max	3.4234969973739764	3.4234969973739764	0.00e+00
c0441	mean	1.9671256945495916	1.9671256945495916	0.00e+00
c0441	median	2.2803311366839587	2.2803311366839587	0.00e+00
c0441	min	0.5276728310442691	0.5276728310442691	0.00e+00
c0441	n	20	20	0.00e+00
c0441	q1	1.0620595224410376	1.0620595224410376	0.00e+00
c0441	q3	2.5848533721019873	2.5848533721019873	0.00e+00
c0441	range	2.8958241663297075	2.8958241663297075	0.00e+00
c0441	sd	0.9174741833047945	0.91747418330479447	0.00e+00
c0441	sem	0.2051534641470623	0.20515346414706229	0.00e+00
c0441	skewness	-0.23256131590908213	-0.23256131590908219	2.39e-16
c0441	variance	0.8417588770307995	0.84175887703079955	0.00e+00
c0442	ci_high	19.674327221628683	19.674327221628683	0.00e+00
c0442	ci_low	15.847507949147841	15.847507949147841	0.00e+00
c0442	iqr	3.309096097033084	3.3090960970330805	1.07e-15
c0442	kurtosis	1.1401035165045013	1.1401035165044968	3.90e-15
c0442	max	25.42512304994394	25.425123049943942	0.00e+00
c0442	mean	17.760917585388263	17.760917585388263	0.00e+00
c0442	median	17.43443154557982	17.43443154557982	0.00e+00
c0442	min	7.801376790424232	7.8013767904242322	0.00e+00
c0442	n	20	20	0.00e+00
c0442	q1	15.957620261746417	15.957620261746417	0.00e+00
c0442	q3	19.2667163587795	19.266716358779497	1.84e-16
c0442	range	17.62374625951971	17.623746259519709	0.00e+00
c0442	sd	4.0883562770579305	4.0883562770579305	0.00e+00
c0442	sem	0.9141842551739496	0.91418425517394963	0.00e+00
c0442	skewness	-0.24267860899207527	-0.24267860899207511	6.86e-16
c0442	variance	16.714657048158983	16.714657048158983	0.00e+00
c0443	ci_high	22.894815574444106	22.894815574444106	0.00e+00
c0443	ci_low	18.81504908690678	18.815049086906779	0.00e+00
c0443	iqr	4.5205859226375935	4.5205859226375935	0.00e+00
c0443	kurtosis	2.0324887753317693	2.0324887753317675	8.74e-16
c0443	max	28.763616984940604	28.763616984940604	0.00e+00
c0443	mean	20.854932330675442	20.854932330675442	0.00e+00
c0443	median	21.28877785191018	21.288777851910179	0.00e+00
c0443	min	8.900518126999033	8.9005181269990334	0.00e+00
c0443	n	20	20	0.00e+00
c0443	q1	18.90394515425885	18.903945154258849	0.00e+00
c0443	q3	23.424531076896443	23.424531076896443	0.00e+00
c0443	range	19.863098857941573	19.863098857941573	0.00e+00
c0443	sd	4.358590709574023	4.3585907095740231	0.00e+00
c0443	sem	0.9746105112706559	0.9746105112706559	0.00e+00
c0443	skewness	-0.8925101531712526	-0.89251015317125248	1.24e-16
c0443	variance	18.997312973584986	18.997312973584989	1.87e-16
c0444	ci_high	73.74858105135516	73.74858105135516	0.00e+00
c0444	ci_low	71.18055894864483	71.18055894864483	0.00e+00
c0444	iqr	4.668875	4.6688749999999999	0.00e+00
c0444	kurtosis	-1.2082355326924947	-1.2082355326924934	1.10e-15
c0444	max	77.3414	77.341399999999993	0.00e+00
c0444	mean	72.46457	72.464569999999995	0.00e+00
c0444	median	72.9915	72.991500000000002	0.00e+00
c0444	min	68.0803	68.080299999999994	0.00e+00
c0444	n	20	20	0.00e+00
c0444	q1	69.8828	69.882800000000003	0.00e+00
c0444	q3	74.551675	74.551675000000003	0.00e+00
c0444	range	9.261099999999999	9.261099999999999	0.00e+00
c0444	sd	2.7435289036874426	2.7435289036874426	0.00e+00
c0444	sem	0.6134717126880594	0.61347171268805945	0.00e+00
c0444	skewness	-0.03525132410272049	-0.035251324102720555	1.77e-15
c0444	variance	7.526950845368421	7.52695084536842	1.18e-16
c0445	ci_high	85.0743343561471	85.074334356147091	1.67e-16
c0445	ci_low	81.63487564385291	81.634875643852908	0.00e+00
c0445	iqr	4.077150000000003	4.0771500000000032	0.00e+00
c0445	kurtosis	-0.1334469826115976	-0.13344698261159715	3.33e-15
c0445	max	89.2843	89.284300000000002	0.00e+00
c0445	mean	83.354605	83.354605000000006	0.00e+00
c0445	median	83.47055	83.470550000000003	0.00e+00
c0445	min	75.3102	75.310199999999995	0.00e+00
c0445	n	20	20	0.00e+00
c0445	q1	81.17157499999999	81.17157499999999	0.00e+00
c0445	q3	85.248725	85.248724999999993	0.00e+00
c0445	range	13.974100000000007	13.974100000000007	0.00e+00
c0445	sd	3.674522263752908	3.674522263752908	0.00e+00
c0445	sem	0.8216481566587913	0.82164815665879132	0.00e+00
c0445	skewness	-0.10457021668878692	-0.10457021668878666	2.52e-15
c0445	variance	13.502113866815796	13.502113866815796	0.00e+00
c0446	ci_high	95.4157380891732	95.415738089173203	0.00e+00
c0446	ci_low	92.84307191082681	92.843071910826822	1.53e-16
c0446	iqr	2.270799999999994	2.2707999999999942	0.00e+00
c0446	kurtosis	-0.31735039729258085	-0.31735039729258219	4.20e-15
c0446	max	98.1925	98.192499999999995	0.00e+00
c0446	mean	94.129405	94.129405000000006	0.00e+00
c0446	median	94.7059	94.7059	0.00e+00
c0446	min	88.9401	88.940100000000001	0.00e+00
c0446	n	20	20	0.00e+00
c0446	q1	93.422425	93.422425000000004	0.00e+00
c0446	q3	95.693225	95.693224999999998	0.00e+00
c0446	range	9.252399999999994	9.2523999999999944	0.00e+00
c0446	sd	2.7484903702281436	2.7484903702281436	0.00e+00
c0446	sem	0.6145811303333693	0.61458113033336925	0.00e+00
c0446	skewness	-0.6788916901440808	-0.67889169014408091	1.64e-16
c0446	variance	7.554199315236838	7.5541993152368381	0.00e+00
c0447	ci_high	73.57276852638043	73.572768526380429	0.00e+00
c0447	ci_low	58.57723147361958	58.577231473619577	0.00e+00
c0447	iqr	5.424999999999997	5.4249999999999972	0.00e+00
c0447	kurtosis	-0.9429334134765153	-0.94293341347651172	3.77e-15
c0447	max	71.1	71.099999999999994	0.00e+00
c0447	mean	66.075	66.075000000000003	0.00e+00
c0447	median	66.5	66.5	0.00e+00
c0447	min	60.2	60.200000000000003	0.00e+00
c0447	n	4	4	0.00e+00
c0447	q1	63.575	63.575000000000003	0.00e+00
c0447	q3	69	69	0.00e+00
c0447	range	10.899999999999991	10.899999999999991	0.00e+00
c0447	sd	4.711952886012334	4.7119528860123339	0.00e+00
c0447	sem	2.355976443006167	2.3559764430061669	0.00e+00
c0447	skewness	-0.43000843457224486	-0.4300084345722448	1.29e-16
c0447	variance	22.20249999999996	22.202499999999961	0.00e+00
c0448	ci_high	83.57276852638043	83.572768526380415	1.70e-16
c0448	ci_low	68.57723147361958	68.577231473619577	0.00e+00
c0448	iqr	5.424999999999997	5.4249999999999972	0.00e+00
c0448	kurtosis	-0.9429334134765153	-0.94293341347651172	3.77e-15
c0448	max	81.1	81.099999999999994	0.00e+00
c0448	mean	76.075	76.075000000000003	0.00e+00
c0448	median	76.5	76.5	0.00e+00
c0448	min	70.2	70.200000000000003	0.00e+00
c0448	n	4	4	0.00e+00
c0448	q1	73.575	73.575000000000003	0.00e+00
c0448	q3	79	79	0.00e+00
c0448	range	10.899999999999991	10.899999999999991	0.00e+00
c0448	sd	4.711952886012334	4.7119528860123339	0.00e+00
c0448	sem	2.355976443006167	2.3559764430061669	0.00e+00
c0448	skewness	-0.43000843457224486	-0.4300084345722448	1.29e-16
c0448	variance	22.20249999999996	22.202499999999961	0.00e+00
c0449	ci_high	93.57276852638043	93.572768526380429	0.00e+00
c0449	ci_low	78.57723147361958	78.577231473619591	1.81e-16
c0449	iqr	5.424999999999997	5.4249999999999972	0.00e+00
c0449	kurtosis	-0.9429334134765153	-0.94293341347651172	3.77e-15
c0449	max	91.1	91.099999999999994	0.00e+00
c0449	mean	86.075	86.075000000000003	0.00e+00
c0449	median	86.5	86.5	0.00e+00
c0449	min	80.2	80.200000000000003	0.00e+00
c0449	n	4	4	0.00e+00
c0449	q1	83.575	83.575000000000003	0.00e+00
c0449	q3	89	89	0.00e+00
c0449	range	10.899999999999991	10.899999999999991	0.00e+00
c0449	sd	4.711952886012334	4.7119528860123339	0.00e+00
c0449	sem	2.355976443006167	2.3559764430061669	0.00e+00
c0449	skewness	-0.43000843457224486	-0.4300084345722448	1.29e-16
c0449	variance	22.20249999999996	22.202499999999961	0.00e+00
c0450	ci_high	23.706204736174687	23.706204736174694	3.00e-16
c0450	ci_low	-1.706204736174687	-1.7062047361746941	4.16e-15
c0450	iqr	1	1	0.00e+00
c0450	kurtosis_undefined	1	1	0.00e+00
c0450	max	12	12	0.00e+00
c0450	mean	11	11	0.00e+00
c0450	median	11	11	0.00e+00
c0450	min	10	10	0.00e+00
c0450	n	2	2	0.00e+00
c0450	q1	10.5	10.5	0.00e+00
c0450	q3	11.5	11.5	0.00e+00
c0450	range	2	2	0.00e+00
c0450	sd	1.4142135623730951	1.4142135623730951	0.00e+00
c0450	sem	1	1	0.00e+00
c0450	skewness_undefined	1	1	0.00e+00
c0450	variance	2.0000000000000004	2	2.22e-16
c0451	ci_high	34.55930710426203	34.559307104262039	2.06e-16
c0451	ci_low	-3.559307104262029	-3.5593071042620403	3.24e-15
c0451	iqr	1.5	1.5	0.00e+00
c0451	kurtosis_undefined	1	1	0.00e+00
c0451	max	17	17	0.00e+00
c0451	mean	15.5	15.5	0.00e+00
c0451	median	15.5	15.5	0.00e+00
c0451	min	14	14	0.00e+00
c0451	n	2	2	0.00e+00
c0451	q1	14.75	14.75	0.00e+00
c0451	q3	16.25	16.25	0.00e+00
c0451	range	3	3	0.00e+00
c0451	sd	2.1213203435596424	2.1213203435596424	0.00e+00
c0451	sem	1.4999999999999998	1.4999999999999998	0.00e+00
c0451	skewness_undefined	1	1	0.00e+00
c0451	variance	4.499999999999999	4.5	1.97e-16
c0452	ci_high	27.85310236808734	27.853102368087349	2.55e-16
c0452	ci_low	15.146897631912656	15.146897631912653	2.35e-16
c0452	iqr	0.5	0.5	0.00e+00
c0452	kurtosis_undefined	1	1	0.00e+00
c0452	max	22	22	0.00e+00
c0452	mean	21.5	21.5	0.00e+00
c0452	median	21.5	21.5	0.00e+00
c0452	min	21	21	0.00e+00
c0452	n	2	2	0.00e+00
c0452	q1	21.25	21.25	0.00e+00
c0452	q3	21.75	21.75	0.00e+00
c0452	range	1	1	0.00e+00
c0452	sd	0.7071067811865476	0.70710678118654757	0.00e+00
c0452	sem	0.5	0.5	0.00e+00
c0452	skewness_undefined	1	1	0.00e+00
c0452	variance	0.5000000000000001	0.5	2.22e-16
c0453	iqr	0	0	0.00e+00
c0453	kurtosis_undefined	1	1	0.00e+00
c0453	max	80	80	0.00e+00
c0453	mean	80	80	0.00e+00
c0453	median	80	80	0.00e+00
c0453	min	80	80	0.00e+00
c0453	n	6	6	0.00e+00
c0453	q1	80	80	0.00e+00
c0453	q3	80	80	0.00e+00
c0453	range	0	0	0.00e+00
c0453	sd	0	0	0.00e+00
c0453	sem	0	0	0.00e+00
c0453	skewness_undefined	1	1	0.00e+00
c0453	variance	0	0	0.00e+00
c0454	iqr	0	0	0.00e+00
c0454	kurtosis_undefined	1	1	0.00e+00
c0454	max	80	80	0.00e+00
c0454	mean	80	80	0.00e+00
c0454	median	80	80	0.00e+00
c0454	min	80	80	0.00e+00
c0454	n	6	6	0.00e+00
c0454	q1	80	80	0.00e+00
c0454	q3	80	80	0.00e+00
c0454	range	0	0	0.00e+00
c0454	sd	0	0	0.00e+00
c0454	sem	0	0	0.00e+00
c0454	skewness_undefined	1	1	0.00e+00
c0454	variance	0	0	0.00e+00
c0455	iqr	0	0	0.00e+00
c0455	kurtosis_undefined	1	1	0.00e+00
c0455	max	80	80	0.00e+00
c0455	mean	80	80	0.00e+00
c0455	median	80	80	0.00e+00
c0455	min	80	80	0.00e+00
c0455	n	6	6	0.00e+00
c0455	q1	80	80	0.00e+00
c0455	q3	80	80	0.00e+00
c0455	range	0	0	0.00e+00
c0455	sd	0	0	0.00e+00
c0455	sem	0	0	0.00e+00
c0455	skewness_undefined	1	1	0.00e+00
c0455	variance	0	0	0.00e+00
c0456	ci_high	75.49567898733024	75.495678987330237	0.00e+00
c0456	ci_low	69.10432101266976	69.104321012669757	0.00e+00
c0456	iqr	2.750000000000014	2.75	5.17e-15
c0456	kurtosis	-3.3000000000000043	-3.2999999999999989	1.61e-15
c0456	max	74.5	74.5	0.00e+00
c0456	mean	72.3	72.299999999999997	0.00e+00
c0456	median	72.30000000000001	72.300000000000011	0.00e+00
c0456	min	70.1	70.099999999999994	0.00e+00
c0456	n	4	4	0.00e+00
c0456	q1	70.925	70.925000000000011	2.00e-16
c0456	q3	73.67500000000001	73.675000000000011	0.00e+00
c0456	range	4.400000000000006	4.4000000000000057	0.00e+00
c0456	sd	2.008316044185612	2.0083160441856118	0.00e+00
c0456	sem	1.004158022092806	1.0041580220928059	0.00e+00
c0456	skewness	4.292862361883938e-15	4.2580299716475607e-15	0.00e+00
c0456	variance	4.033333333333345	4.0333333333333439	2.20e-16
c0457	ci_high	84.45956747762531	84.459567477625313	0.00e+00
c0457	ci_low	80.14043252237468	80.140432522374681	0.00e+00
c0457	iqr	2.200000000000003	2.2000000000000028	0.00e+00
c0457	kurtosis	-1.1999999999999984	-1.2000000000000002	1.48e-15
c0457	max	84.5	84.5	0.00e+00
c0457	mean	82.3	82.299999999999997	0.00e+00
c0457	median	82.3	82.299999999999997	0.00e+00
c0457	min	80.1	80.099999999999994	0.00e+00
c0457	n	5	5	0.00e+00
c0457	q1	81.2	81.200000000000003	0.00e+00
c0457	q3	83.4	83.400000000000006	0.00e+00
c0457	range	4.400000000000006	4.4000000000000057	0.00e+00
c0457	sd	1.739252713092611	1.739252713092611	0.00e+00
c0457	sem	0.7778174593052033	0.7778174593052033	0.00e+00
c0457	skewness	4.070817756958908e-15	4.0972912505803568e-15	0.00e+00
c0457	variance	3.0250000000000083	3.0250000000000079	1.47e-16
c0458	ci_high	94.45956747762531	94.459567477625313	0.00e+00
c0458	ci_low	90.14043252237468	90.140432522374681	0.00e+00
c0458	iqr	2.200000000000003	2.2000000000000028	0.00e+00
c0458	kurtosis	-1.1999999999999984	-1.2000000000000002	1.48e-15
c0458	max	94.5	94.5	0.00e+00
c0458	mean	92.3	92.299999999999997	0.00e+00
c0458	median	92.3	92.299999999999997	0.00e+00
c0458	min	90.1	90.099999999999994	0.00e+00
c0458	n	5	5	0.00e+00
c0458	q1	91.2	91.200000000000003	0.00e+00
c0458	q3	93.4	93.400000000000006	0.00e+00
c0458	range	4.400000000000006	4.4000000000000057	0.00e+00
c0458	sd	1.739252713092611	1.739252713092611	0.00e+00
c0458	sem	0.7778174593052033	0.7778174593052033	0.00e+00
c0458	skewness	4.070817756958908e-15	4.0972912505803568e-15	0.00e+00
c0458	variance	3.0250000000000083	3.0250000000000079	1.47e-16
c0460	ci_high	3.7839580226274445	3.7839580226274445	0.00e+00
c0460	ci_low	2.776041977372555	2.7760419773725551	0.00e+00
c0460	iqr	3	3	0.00e+00
c0460	kurtosis	-0.9269661564345957	-0.92696615643459701	1.44e-15
c0460	max	7	7	0.00e+00
c0460	mean	3.28	3.2799999999999998	0.00e+00
c0460	median	3	3	0.00e+00
c0460	min	1	1	0.00e+00
c0460	n	50	50	0.00e+00
c0460	q1	2	2	0.00e+00
c0460	q3	5	5	0.00e+00
c0460	range	6	6	0.00e+00
c0460	sd	1.7732709313351886	1.7732709313351886	0.00e+00
c0460	sem	0.2507783800856193	0.25077838008561931	0.00e+00
c0460	skewness	0.33349731858606285	0.33349731858606274	3.33e-16
c0460	variance	3.1444897959183673	3.1444897959183673	0.00e+00
c0461	ci_high	9.840808530534735	9.8408085305347353	0.00e+00
c0461	ci_low	6.7191914694652635	6.7191914694652635	0.00e+00
c0461	iqr	8.924999999999999	8.9249999999999989	0.00e+00
c0461	kurtosis	-1.2329616662556688	-1.2329616662556686	1.80e-16
c0461	max	19	19	0.00e+00
c0461	mean	8.28	8.2799999999999994	0.00e+00
c0461	median	7.9	7.9000000000000004	0.00e+00
c0461	min	1	1	0.00e+00
c0461	n	50	50	0.00e+00
c0461	q1	3.225	3.2250000000000001	0.00e+00
c0461	q3	12.149999999999999	12.149999999999999	0.00e+00
c0461	range	18	18	0.00e+00
c0461	sd	5.49199788932284	5.4919978893228398	0.00e+00
c0461	sem	0.7766857899604772	0.77668578996047721	0.00e+00
c0461	skewness	0.30002796553120253	0.30002796553120226	9.25e-16
c0461	variance	30.162040816326527	30.162040816326531	1.18e-16
c0462	kurtosis	-0.2855629514765563	-0.2855629514765563	0.00e+00
c0462	mean	88.95182018331927	88.951820183319271	0.00e+00
c0462	median	90.09188647004873	90.091886470048735	0.00e+00
c0462	n	45	45	0.00e+00
c0462	p	0.1684188065504883	0.16841880655049254	2.52e-14
c0462	sd	5.4387513398193805	5.4387513398193805	0.00e+00
c0462	skewness	-0.4223081701411346	-0.42230817014113459	0.00e+00
c0462	w_statistic	0.9636682520764458	0.96366825207644613	3.46e-16
c0463	kurtosis	-0.548350379661203	-0.54835037966120348	8.10e-16
c0463	mean	5.4485270685188905	5.4485270685188905	0.00e+00
c0463	median	5.367907928937989	5.3679079289379894	0.00e+00
c0463	n	45	45	0.00e+00
c0463	p	0.48036597484322996	0.48036597484324162	2.43e-14
c0463	sd	0.7079905797345153	0.70799057973451529	0.00e+00
c0463	skewness	0.3424908631755928	0.34249086317559285	1.62e-16
c0463	w_statistic	0.9763644889064611	0.97636448890646144	3.41e-16
c0464	kurtosis	-0.5554547085119124	-0.55545470851191281	8.00e-16
c0464	mean	88.70521164294013	88.705211642940128	0.00e+00
c0464	median	88.83189418153206	88.831894181532064	0.00e+00
c0464	n	45	45	0.00e+00
c0464	p	0.5037414077553821	0.50374140775535758	4.87e-14
c0464	sd	4.936072279721215	4.9360722797212153	0.00e+00
c0464	skewness	-0.26905394016754197	-0.26905394016754192	2.06e-16
c0464	w_statistic	0.9770092048262812	0.97700920482628051	6.82e-16
c0465	kurtosis	-0.7819929808732446	-0.78199298087324465	0.00e+00
c0465	mean	5.481634452200578	5.481634452200578	0.00e+00
c0465	median	5.2390480332275216	5.2390480332275216	0.00e+00
c0465	n	45	45	0.00e+00
c0465	p	0.07125026144297404	0.071250261442970864	4.46e-14
c0465	sd	0.690931814781778	0.69093181478177801	0.00e+00
c0465	skewness	0.4212380658752314	0.42123806587523133	1.32e-16
c0465	w_statistic	0.9538684889132611	0.95386848891326059	5.82e-16
c0466	kurtosis	0.1403933614946533	0.14039336149465242	6.33e-15
c0466	mean	88.3271910247897	88.327191024789698	0.00e+00
c0466	median	88.96669527819462	88.966695278194621	0.00e+00
c0466	n	45	45	0.00e+00
c0466	p	0.9977565619058817	0.99775656190588213	4.45e-16
c0466	sd	5.194975343633692	5.1949753436336916	0.00e+00
c0466	skewness	-0.04056262253311576	-0.040562622533115975	5.30e-15
c0466	w_statistic	0.9939584075963088	0.99395840759630905	2.23e-16
c0467	kurtosis	-0.44952614112711364	-0.4495261411271132	9.88e-16
c0467	mean	5.47007406148198	5.4700740614819798	0.00e+00
c0467	median	5.320846521691661	5.3208465216916609	0.00e+00
c0467	n	45	45	0.00e+00
c0467	p	0.11539888219187586	0.11539888219187149	3.79e-14
c0467	sd	0.5643535417513099	0.56435354175130992	0.00e+00
c0467	skewness	0.4604029472299116	0.46040294722991149	2.41e-16
c0467	w_statistic	0.9593527576888603	0.95935275768885986	4.63e-16
c0468	kurtosis	0.6132407744365711	0.6132407744365711	0.00e+00
c0468	mean	128.79381732267308	128.79381732267308	0.00e+00
c0468	median	128.2459923633117	128.2459923633117	0.00e+00
c0468	n	40	40	0.00e+00
c0468	p	0.8076779746439713	0.80767797464398561	1.77e-14
c0468	sd	21.44828673326018	21.448286733260179	0.00e+00
c0468	skewness	-0.2904708368822012	-0.29047083688220116	1.91e-16
c0468	w_statistic	0.9832627185526867	0.9832627185526871	4.52e-16
c0469	kurtosis	-0.2800389433755135	-0.28003894337551349	0.00e+00
c0469	mean	1.470343463480067	1.4703434634800669	0.00e+00
c0469	median	1.1891909784883135	1.1891909784883135	0.00e+00
c0469	n	40	40	0.00e+00
c0469	p	0.0020598398981544314	0.0020598398981544024	1.41e-14
c0469	sd	0.9262539473299057	0.92625394732990574	0.00e+00
c0469	skewness	0.7853474367412737	0.7853474367412735	2.83e-16
c0469	w_statistic	0.9011116261533366	0.9011116261533364	2.46e-16
c0470	kurtosis	-0.5651729255961531	-0.56517292559615262	7.86e-16
c0470	mean	92.19736231257816	92.197362312578164	0.00e+00
c0470	median	92.02076063700434	92.020760637004344	0.00e+00
c0470	n	48	48	0.00e+00
c0470	p	0.3668448364195318	0.36684483641953114	1.82e-15
c0470	sd	6.207041933257127	6.2070419332571269	0.00e+00
c0470	skewness	0.22977700022324085	0.22977700022324057	1.21e-15
c0470	w_statistic	0.974235953151816	0.97423595315181599	0.00e+00
c0471	kurtosis	-0.21399578468970093	-0.21399578468970137	2.08e-15
c0471	mean	152.08158962934505	152.08158962934505	0.00e+00
c0471	median	146.68312810237848	146.68312810237848	0.00e+00
c0471	n	30	30	0.00e+00
c0471	p	0.36466092036453923	0.36466092036453479	1.22e-14
c0471	sd	43.96679880380095	43.966798803800948	0.00e+00
c0471	skewness	0.5379465686426362	0.53794656864263601	4.13e-16
c0471	w_statistic	0.9628072937234544	0.96280729372345419	2.31e-16
c0472	kurtosis	-0.8803363776581947	-0.88033637765819428	5.04e-16
c0472	mean	325.14277269871354	325.14277269871354	0.00e+00
c0472	median	295.3789183617973	295.37891836179728	0.00e+00
c0472	n	30	30	0.00e+00
c0472	p	0.07762676584580047	0.077626765845801013	6.97e-15
c0472	sd	90.33840289649486	90.338402896494856	0.00e+00
c0472	skewness	0.4879022750389395	0.48790227503893946	1.14e-16
c0472	w_statistic	0.9374414897041884	0.9374414897041885	1.18e-16
c0473	kurtosis	-1.5057194323747296	-1.5057194323747298	1.47e-16
c0473	mean	42.9	42.899999999999999	0.00e+00
c0473	median	46	46	0.00e+00
c0473	n	30	30	0.00e+00
c0473	p	0.018222836976395176	0.018222836976394617	3.07e-14
c0473	sd	13.64159460797292	13.64159460797292	0.00e+00
c0473	skewness	-0.08065535265373715	-0.080655352653737022	1.55e-15
c0473	w_statistic	0.9134717141218488	0.91347171412184824	6.08e-16
c0474	kurtosis	-0.45158542591551676	-0.45158542591551676	0.00e+00
c0474	mean	12.316351446257157	12.316351446257157	0.00e+00
c0474	median	12.00793862171911	12.007938621719109	0.00e+00
c0474	n	25	25	0.00e+00
c0474	p	0.8739016909266133	0.87390169092661019	3.56e-15
c0474	sd	5.453601489798855	5.4536014897988547	0.00e+00
c0474	skewness	0.08291522774118422	0.082915227741184191	3.35e-16
c0474	w_statistic	0.979445728663922	0.97944572866392188	1.13e-16
c0475	kurtosis	-0.30377329491830407	-0.30377329491830452	1.46e-15
c0475	mean	79.35474662700702	79.354746627007017	0.00e+00
c0475	median	79.48143235979371	79.481432359793715	0.00e+00
c0475	n	25	25	0.00e+00
c0475	p	0.12024501568981916	0.12024501568981956	3.35e-15
c0475	sd	15.888951567380591	15.888951567380591	0.00e+00
c0475	skewness	-0.48513830175706607	-0.48513830175706624	3.43e-16
c0475	w_statistic	0.9360965720528858	0.93609657205288588	1.19e-16
c0476	kurtosis	-0.36841365645028823	-0.36841365645028734	2.41e-15
c0476	mean	10.28	10.279999999999999	0.00e+00
c0476	median	11	11	0.00e+00
c0476	n	25	25	0.00e+00
c0476	p	0.9055179786888865	0.90551797868887862	8.71e-15
c0476	sd	5.465955238260433	5.4659552382604328	0.00e+00
c0476	skewness	0.20748380341588477	0.20748380341588485	4.01e-16
c0476	w_statistic	0.9810731106301893	0.98107311063018887	4.53e-16
c0477	kurtosis	-1.2053457286260638	-1.2053457286260656	1.47e-15
c0477	mean	8.95	8.9499999999999993	0.00e+00
c0477	median	8.95	8.9499999999999993	0.00e+00
c0477	n	25	25	0.00e+00
c0477	p	0.3636658776554092	0.36366587765539832	2.99e-14
c0477	sd	4.410782243548189	4.4107822435481889	0.00e+00
c0477	skewness	6.436075505073371e-16	3.9821505794444743e-16	0.00e+00
c0477	w_statistic	0.9573187970519548	0.95731879705195411	6.96e-16
c0478	kurtosis	-1.095847156424401	-1.0958471564244001	8.10e-16
c0478	mean	83.225	83.224999999999994	0.00e+00
c0478	median	82.61	82.609999999999999	0.00e+00
c0478	n	25	25	0.00e+00
c0478	p	0.47141506044397385	0.47141506044397036	7.42e-15
c0478	sd	18.62432907068959	18.624329070689591	0.00e+00
c0478	skewness	-0.06801407970898665	-0.068014079708986874	3.26e-15
c0478	w_statistic	0.9627268288256029	0.96272682882560279	1.15e-16
c0479	kurtosis	-0.6948743053319233	-0.69487430533192374	6.39e-16
c0479	mean	185.67052075563788	185.67052075563788	0.00e+00
c0479	median	188.2082198355006	188.20821983550061	0.00e+00
c0479	n	40	40	0.00e+00
c0479	p	0.4115043758589624	0.41150437585896715	1.16e-14
c0479	sd	26.714648514367326	26.714648514367326	0.00e+00
c0479	skewness	-0.17244944259029799	-0.17244944259029785	8.05e-16
c0479	w_statistic	0.971864258620778	0.97186425862077819	2.28e-16
c0480	kurtosis	0.451287536621491	0.4512875366214919	1.97e-15
c0480	mean	2.213541094245277	2.2135410942452771	0.00e+00
c0480	median	2.015006016169768	2.0150060161697678	0.00e+00
c0480	n	40	40	0.00e+00
c0480	p	0.013770089389147101	0.013770089389147561	3.34e-14
c0480	sd	1.0983865823336167	1.0983865823336167	0.00e+00
c0480	skewness	0.9125091302287311	0.91250913022873115	0.00e+00
c0480	w_statistic	0.9279069894129834	0.92790698941298388	4.79e-16
c0481	kurtosis	0.3056215695790545	0.30562156957905451	0.00e+00
c0481	mean	1.189425350463762	1.189425350463762	0.00e+00
c0481	median	1.2134480152712586	1.2134480152712586	0.00e+00
c0481	n	40	40	0.00e+00
c0481	p	0.5933517264563064	0.59335172645633749	5.24e-14
c0481	sd	0.5219768541959805	0.5219768541959805	0.00e+00
c0481	skewness	0.33302695670137267	0.333026956701373	1.00e-15
c0481	w_statistic	0.977386999625231	0.9773869996252319	9.09e-16
c0482	kurtosis	-1.0466612373257256	-1.0466612373257269	1.27e-15
c0482	mean	2.695592193038029	2.6955921930380291	0.00e+00
c0482	median	2.6830411098185585	2.6830411098185585	0.00e+00
c0482	n	20	20	0.00e+00
c0482	p	0.3892251971947023	0.38922519719470716	1.26e-14
c0482	sd	0.8226067124726181	0.82260671247261807	0.00e+00
c0482	skewness	0.26863132717661964	0.26863132717661958	2.07e-16
c0482	w_statistic	0.9514240626252545	0.95142406262525481	3.50e-16
c0483	kurtosis	-1.232508789064831	-1.2325087890648301	7.21e-16
c0483	mean	1.9671256945495916	1.9671256945495916	0.00e+00
c0483	median	2.2803311366839587	2.2803311366839587	0.00e+00
c0483	n	20	20	0.00e+00
c0483	p	0.16140528672728377	0.16140528672728463	5.33e-15
c0483	sd	0.9174741833047945	0.91747418330479447	0.00e+00
c0483	skewness	-0.23256131590908213	-0.23256131590908219	2.39e-16
c0483	w_statistic	0.9309991701593368	0.93099917015933686	1.19e-16
c0484	kurtosis	1.1401035165045013	1.1401035165044968	3.90e-15
c0484	mean	17.760917585388263	17.760917585388263	0.00e+00
c0484	median	17.43443154557982	17.43443154557982	0.00e+00
c0484	n	20	20	0.00e+00
c0484	p	0.4311102302807071	0.43111023028071105	9.14e-15
c0484	sd	4.0883562770579305	4.0883562770579305	0.00e+00
c0484	skewness	-0.24267860899207527	-0.24267860899207511	6.86e-16
c0484	w_statistic	0.9539539124679383	0.95395391246793848	2.33e-16
c0485	kurtosis	2.0324887753317693	2.0324887753317675	8.74e-16
c0485	mean	20.854932330675442	20.854932330675442	0.00e+00
c0485	median	21.28877785191018	21.288777851910179	0.00e+00
c0485	n	20	20	0.00e+00
c0485	p	0.37730297464422924	0.37730297464425144	5.89e-14
c0485	sd	4.358590709574023	4.3585907095740231	0.00e+00
c0485	skewness	-0.8925101531712526	-0.89251015317125248	1.24e-16
c0485	w_statistic	0.9506653848112	0.95066538481120144	1.52e-15
c0486	kurtosis	-1.2082355326924947	-1.2082355326924934	1.10e-15
c0486	mean	72.46457	72.464569999999995	0.00e+00
c0486	median	72.9915	72.991500000000002	0.00e+00
c0486	n	20	20	0.00e+00
c0486	p	0.3162819388757733	0.31628193887577694	1.14e-14
c0486	sd	2.7435289036874426	2.7435289036874426	0.00e+00
c0486	skewness	-0.03525132410272049	-0.035251324102720555	1.77e-15
c0486	w_statistic	0.9464416772735695	0.94644167727356976	2.35e-16
c0487	kurtosis	-0.1334469826115976	-0.13344698261159715	3.33e-15
c0487	mean	83.354605	83.354605000000006	0.00e+00
c0487	median	83.47055	83.470550000000003	0.00e+00
c0487	n	20	20	0.00e+00
c0487	p	0.77684287083101	0.7768428708310039	7.86e-15
c0487	sd	3.674522263752908	3.674522263752908	0.00e+00
c0487	skewness	-0.10457021668878692	-0.10457021668878666	2.52e-15
c0487	w_statistic	0.9710480588591635	0.97104805885916312	3.43e-16
c0488	kurtosis	-0.31735039729258085	-0.31735039729258219	4.20e-15
c0488	mean	94.129405	94.129405000000006	0.00e+00
c0488	median	94.7059	94.7059	0.00e+00
c0488	n	20	20	0.00e+00
c0488	p	0.05704194315301922	0.05704194315302015	1.63e-14
c0488	sd	2.7484903702281436	2.7484903702281436	0.00e+00
c0488	skewness	-0.6788916901440808	-0.67889169014408091	1.64e-16
c0488	w_statistic	0.9074665084688641	0.90746650846886445	3.67e-16
c0489	kurtosis	-0.9429334134765153	-0.94293341347651172	3.77e-15
c0489	mean	66.075	66.075000000000003	0.00e+00
c0489	median	66.5	66.5	0.00e+00
c0489	n	4	4	0.00e+00
c0489	p	0.9170474296077528	0.91704742960775376	1.09e-15
c0489	sd	4.711952886012334	4.7119528860123339	0.00e+00
c0489	skewness	-0.43000843457224486	-0.4300084345722448	1.29e-16
c0489	w_statistic	0.982591558085346	0.98259155808534626	2.26e-16
c0490	kurtosis	-0.9429334134765153	-0.94293341347651172	3.77e-15
c0490	mean	76.075	76.075000000000003	0.00e+00
c0490	median	76.5	76.5	0.00e+00
c0490	n	4	4	0.00e+00
c0490	p	0.9170474296077528	0.91704742960775376	1.09e-15
c0490	sd	4.711952886012334	4.7119528860123339	0.00e+00
c0490	skewness	-0.43000843457224486	-0.4300084345722448	1.29e-16
c0490	w_statistic	0.982591558085346	0.98259155808534626	2.26e-16
c0491	kurtosis	-0.9429334134765153	-0.94293341347651172	3.77e-15
c0491	mean	86.075	86.075000000000003	0.00e+00
c0491	median	86.5	86.5	0.00e+00
c0491	n	4	4	0.00e+00
c0491	p	0.9170474296077528	0.91704742960775198	8.47e-16
c0491	sd	4.711952886012334	4.7119528860123339	0.00e+00
c0491	skewness	-0.43000843457224486	-0.4300084345722448	1.29e-16
c0491	w_statistic	0.982591558085346	0.98259155808534593	1.13e-16
c0492	refuse_reason	Need at least 3 non-missing values (found 2).	Need at least 3 non-missing values (found 2).	
c0492	refused	1	1	0.00e+00
c0493	refuse_reason	Need at least 3 non-missing values (found 2).	Need at least 3 non-missing values (found 2).	
c0493	refused	1	1	0.00e+00
c0494	refuse_reason	Need at least 3 non-missing values (found 2).	Need at least 3 non-missing values (found 2).	
c0494	refused	1	1	0.00e+00
c0495	kurtosis_undefined	1	1	0.00e+00
c0495	mean	80	80	0.00e+00
c0495	median	80	80	0.00e+00
c0495	n	6	6	0.00e+00
c0495	p_undefined	1	1	0.00e+00
c0495	sd	0	0	0.00e+00
c0495	skewness_undefined	1	1	0.00e+00
c0495	w_statistic_undefined	1	1	0.00e+00
c0496	kurtosis_undefined	1	1	0.00e+00
c0496	mean	80	80	0.00e+00
c0496	median	80	80	0.00e+00
c0496	n	6	6	0.00e+00
c0496	p_undefined	1	1	0.00e+00
c0496	sd	0	0	0.00e+00
c0496	skewness_undefined	1	1	0.00e+00
c0496	w_statistic_undefined	1	1	0.00e+00
c0497	kurtosis_undefined	1	1	0.00e+00
c0497	mean	80	80	0.00e+00
c0497	median	80	80	0.00e+00
c0497	n	6	6	0.00e+00
c0497	p_undefined	1	1	0.00e+00
c0497	sd	0	0	0.00e+00
c0497	skewness_undefined	1	1	0.00e+00
c0497	w_statistic_undefined	1	1	0.00e+00
c0498	kurtosis	-3.3000000000000043	-3.2999999999999989	1.61e-15
c0498	mean	72.3	72.299999999999997	0.00e+00
c0498	median	72.30000000000001	72.300000000000011	0.00e+00
c0498	n	4	4	0.00e+00
c0498	p	0.7142801511947574	0.71428015119475519	3.11e-15
c0498	sd	2.008316044185612	2.0083160441856118	0.00e+00
c0498	skewness	4.292862361883938e-15	4.2580299716475607e-15	0.00e+00
c0498	w_statistic	0.9497059569612307	0.94970595696123039	3.51e-16
c0499	kurtosis	-1.1999999999999984	-1.2000000000000002	1.48e-15
c0499	mean	82.3	82.299999999999997	0.00e+00
c0499	median	82.3	82.299999999999997	0.00e+00
c0499	n	5	5	0.00e+00
c0499	p	0.9671739359680402	0.9671739359680398	4.59e-16
c0499	sd	1.739252713092611	1.739252713092611	0.00e+00
c0499	skewness	4.070817756958908e-15	4.0972912505803568e-15	0.00e+00
c0499	w_statistic	0.9867621554477195	0.98676215544771939	1.13e-16
c0500	kurtosis	-1.1999999999999984	-1.2000000000000002	1.48e-15
c0500	mean	92.3	92.299999999999997	0.00e+00
c0500	median	92.3	92.299999999999997	0.00e+00
c0500	n	5	5	0.00e+00
c0500	p	0.9671739359680402	0.9671739359680398	4.59e-16
c0500	sd	1.739252713092611	1.739252713092611	0.00e+00
c0500	skewness	4.070817756958908e-15	4.0972912505803568e-15	0.00e+00
c0500	w_statistic	0.9867621554477195	0.98676215544771939	1.13e-16
c0502	kurtosis	-0.9269661564345957	-0.92696615643459701	1.44e-15
c0502	mean	3.28	3.2799999999999998	0.00e+00
c0502	median	3	3	0.00e+00
c0502	n	50	50	0.00e+00
c0502	p	0.0027131245323791533	0.0027131245323790357	4.33e-14
c0502	sd	1.7732709313351886	1.7732709313351886	0.00e+00
c0502	skewness	0.33349731858606285	0.33349731858606274	3.33e-16
c0502	w_statistic	0.9216796767742147	0.92167967677421414	6.02e-16
c0503	kurtosis	-1.2329616662556688	-1.2329616662556686	1.80e-16
c0503	mean	8.28	8.2799999999999994	0.00e+00
c0503	median	7.9	7.9000000000000004	0.00e+00
c0503	n	50	50	0.00e+00
c0503	p	0.003098504664891891	0.0030985046648918761	4.76e-15
c0503	sd	5.49199788932284	5.4919978893228398	0.00e+00
c0503	skewness	0.30002796553120253	0.30002796553120226	9.25e-16
c0503	w_statistic	0.9232576205106869	0.92325762051068683	1.20e-16
c0504	adj_r_squared	0.8018008589371127	0.80180085893711339	8.31e-16
c0504	df_between	1	1	0.00e+00
c0504	df_within	23	23	0.00e+00
c0504	f	98.09033304228595	98.090333042286247	3.04e-15
c0504	intercept	47.0584829394536	47.058482939453569	6.04e-16
c0504	intercept_p	3.0365297712142355e-12	3.0365297712142032e-12	1.06e-14
c0504	intercept_se	3.554579645771859	3.5545796457718541	1.37e-15
c0504	intercept_t	13.238832050205781	13.23883205020579	6.71e-16
c0504	n	25	25	0.00e+00
c0504	p	9.166854032696278e-10	9.166854032695982e-10	3.23e-14
c0504	r	0.900032864111861	0.90003286411186134	3.70e-16
c0504	r_squared	0.8100591564813997	0.81005915648140037	8.22e-16
c0504	residual_se	7.073691661958199	7.073691661958188	1.51e-15
c0504	slope	2.6222265439955437	2.622226543995545	5.08e-16
c0504	slope_p	9.166854032696309e-10	9.166854032695982e-10	3.56e-14
c0504	slope_se	0.2647628850095378	0.26476288500953743	1.47e-15
c0504	slope_t	9.904056393331265	9.9040563933312846	1.97e-15
c0505	adj_r_squared	0.8018008589371127	0.8018008589371135	9.69e-16
c0505	df_between	1	1	0.00e+00
c0505	df_within	23	23	0.00e+00
c0505	f	98.09033304228595	98.090333042286247	3.04e-15
c0505	intercept	-12.197945101714089	-12.19794510171409	1.46e-16
c0505	intercept_p	7.009869300369784e-05	7.009869300369671e-05	1.60e-14
c0505	intercept_se	2.5223589917671405	2.5223589917671374	1.23e-15
c0505	intercept_t	-4.835927455817194	-4.8359274558171998	1.29e-15
c0505	n	25	25	0.00e+00
c0505	p	9.166854032696278e-10	9.166854032695982e-10	3.23e-14
c0505	r	0.900032864111861	0.90003286411186134	3.70e-16
c0505	r_squared	0.8100591564813997	0.81005915648140048	9.59e-16
c0505	residual_se	2.4279195025825535	2.42791950258255	1.46e-15
c0505	slope	0.30892035561774733	0.30892035561774744	3.59e-16
c0505	slope_p	9.166854032696278e-10	9.166854032695982e-10	3.23e-14
c0505	slope_se	0.031191296106285682	0.031191296106285637	1.45e-15
c0505	slope_t	9.904056393331267	9.9040563933312846	1.79e-15
c0506	adj_r_squared	0.5951828000467562	0.59518280004675672	9.33e-16
c0506	df_between	1	1	0.00e+00
c0506	df_within	23	23	0.00e+00
c0506	f	36.28601848629946	36.286018486299547	2.35e-15
c0506	intercept	55.97629192555538	55.976291925555358	3.81e-16
c0506	intercept_p	6.115049730623641e-12	6.1150497306236529e-12	1.98e-15
c0506	intercept_se	4.376107937513892	4.3761079375138898	4.06e-16
c0506	intercept_t	12.791341695597216	12.791341695597216	0.00e+00
c0506	n	25	25	0.00e+00
c0506	p	3.832198274103586e-06	3.8321982741035292e-06	1.48e-14
c0506	r	0.7823363620452147	0.78233636204521517	5.68e-16
c0506	r_squared	0.6120501833781413	0.61205018337814188	9.07e-16
c0506	residual_se	10.109384610184838	10.109384610184829	8.79e-16
c0506	slope	2.2741687452773967	2.2741687452773984	7.81e-16
c0506	slope_p	3.832198274103586e-06	3.8321982741035292e-06	1.48e-14
c0506	slope_se	0.37753135589737535	0.37753135589737519	4.41e-16
c0506	slope_t	6.0237877192261235	6.0237877192261307	1.18e-15
c0507	adj_r_squared	0.9693961297297164	0.96939612972971623	2.29e-16
c0507	df_between	1	1	0.00e+00
c0507	df_within	23	23	0.00e+00
c0507	f	761.2145384894053	761.21453848939882	8.51e-15
c0507	intercept	120.45766705217167	120.45766705217166	1.18e-16
c0507	intercept_p	1.0981204915690274e-29	1.0981204915691459e-29	0.00e+00
c0507	intercept_se	1.4985821191745112	1.4985821191745177	4.30e-15
c0507	intercept_t	80.3810919074127	80.38109190741234	4.42e-15
c0507	n	25	25	0.00e+00
c0507	p	3.9460844976744086e-19	3.9460844976747538e-19	0.00e+00
c0507	r	-0.9852265176044432	-0.98522651760444302	2.25e-16
c0507	r_squared	0.9706712909909783	0.97067129099097804	2.29e-16
c0507	residual_se	3.2581330303953298	3.2581330303953431	4.09e-15
c0507	slope	-4.160074530968903	-4.1600745309689025	2.14e-16
c0507	slope_p	3.9460844976744086e-19	3.9460844976747538e-19	0.00e+00
c0507	slope_se	0.15078133155500523	0.15078133155500587	4.23e-15
c0507	slope_t	-27.590116681330027	-27.590116681329906	4.38e-15
c0508	adj_r_squared	0.9693961297297164	0.96939612972971623	2.29e-16
c0508	df_between	1	1	0.00e+00
c0508	df_within	23	23	0.00e+00
c0508	f	761.2145384894019	761.21453848939882	4.03e-15
c0508	intercept	28.368911269820234	28.368911269820227	2.50e-16
c0508	intercept_p	1.3079163523078504e-22	1.3079163523078967e-22	0.00e+00
c0508	intercept_se	0.7205558519527941	0.72055585195279548	1.85e-15
c0508	intercept_t	39.370870686758046	39.370870686757968	1.99e-15
c0508	n	25	25	0.00e+00
c0508	p	3.9460844976746065e-19	3.9460844976748106e-19	0.00e+00
c0508	r	-0.9852265176044432	-0.98522651760444302	2.25e-16
c0508	r_squared	0.9706712909909783	0.97067129099097804	2.29e-16
c0508	residual_se	0.7716205648557897	0.77162056485579122	2.01e-15
c0508	slope	-0.23333026458179917	-0.23333026458179906	4.76e-16
c0508	slope_p	3.9460844976746354e-19	3.9460844976748106e-19	0.00e+00
c0508	slope_se	0.008457023479704678	0.0084570234797046936	1.85e-15
c0508	slope_t	-27.59011668132996	-27.590116681329896	2.32e-15
c0509	adj_r_squared	0.9348710987466057	0.9348710987466059	2.38e-16
c0509	df_between	1	1	0.00e+00
c0509	df_within	28	28	0.00e+00
c0509	f	417.27083125770764	417.27083125770827	1.50e-15
c0509	intercept	22.64575594942596	22.645755949425922	1.73e-15
c0509	intercept_p	0.15244950570620386	0.15244950570620547	1.06e-14
c0509	intercept_se	15.395128639557072	15.395128639557061	6.92e-16
c0509	intercept_t	1.470968933071383	1.4709689330713818	9.06e-16
c0509	n	30	30	0.00e+00
c0509	p	2.328594701500031e-18	2.3285947014999683e-18	0.00e+00
c0509	r	0.9680479961901461	0.96804799619014614	0.00e+00
c0509	r_squared	0.9371169229277572	0.93711692292775739	2.37e-16
c0509	residual_se	23.054689849941184	23.05468984994117	6.16e-16
c0509	slope	1.9890442852848704	1.9890442852848709	2.23e-16
c0509	slope_p	2.328594701500031e-18	2.3285947014999683e-18	0.00e+00
c0509	slope_se	0.09737230239017916	0.097372302390179119	4.28e-16
c0509	slope_t	20.427208112165196	20.427208112165211	6.96e-16
c0510	adj_r_squared	0.9348710987466057	0.9348710987466059	2.38e-16
c0510	df_between	1	1	0.00e+00
c0510	df_within	28	28	0.00e+00
c0510	f	417.2708312577076	417.27083125770821	1.50e-15
c0510	intercept	-1.1059471780513945	-1.1059471780514791	7.65e-14
c0510	intercept_p	0.8878910383470324	0.88789103834701844	1.58e-14
c0510	intercept_se	7.773963685594514	7.7739636855945102	4.57e-16
c0510	intercept_t	-0.142262971989535	-0.14226297198954593	7.69e-14
c0510	n	30	30	0.00e+00
c0510	p	2.328594701500031e-18	2.3285947014999517e-18	0.00e+00
c0510	r	0.9680479961901461	0.96804799619014614	0.00e+00
c0510	r_squared	0.9371169229277572	0.93711692292775739	2.37e-16
c0510	residual_se	11.220487385389953	11.220487385389948	4.75e-16
c0510	slope	0.4711392953191807	0.47113929531918092	4.71e-16
c0510	slope_p	2.328594701500031e-18	2.3285947014999517e-18	0.00e+00
c0510	slope_se	0.023064301921837223	0.023064301921837217	3.01e-16
c0510	slope_t	20.427208112165196	20.427208112165214	8.70e-16
c0511	adj_r_squared	-0.023491646576130787	-0.023491646576130787	0.00e+00
c0511	df_between	1	1	0.00e+00
c0511	df_within	38	38	0.00e+00
c0511	f	0.10485423155727613	0.10485423155727625	1.06e-15
c0511	intercept	1.2446059537542644	1.2446059537542642	1.78e-16
c0511	intercept_p	9.785151256629318e-08	9.7851512566292888e-08	2.98e-15
c0511	intercept_se	0.18976528014853242	0.18976528014853242	0.00e+00
c0511	intercept_t	6.558660007668899	6.5586600076688981	1.35e-16
c0511	n	40	40	0.00e+00
c0511	p	0.7478558818054142	0.74785588180541407	1.48e-16
c0511	r	-0.05245692496804755	-0.052456924968047582	6.61e-16
c0511	r_squared	0.00275172897710337	0.0027517289771033732	1.10e-15
c0511	residual_se	0.5280723118070721	0.52807231180707215	0.00e+00
c0511	slope	-0.02492865546248946	-0.024928655462489503	1.67e-15
c0511	slope_p	0.7478558818054126	0.74785588180541407	1.93e-15
c0511	slope_se	0.07698495750521404	0.076984957505214058	1.80e-16
c0511	slope_t	-0.3238120312114362	-0.3238120312114367	1.54e-15
c0512	adj_r_squared	0.4429073183605974	0.44290731836059516	5.01e-15
c0512	df_between	1	1	0.00e+00
c0512	df_within	18	18	0.00e+00
c0512	f	16.105635608220755	16.105635608220624	8.16e-15
c0512	intercept	44.24253459399092	44.242534593990896	4.82e-16
c0512	intercept_p	0.0022541217639157197	0.0022541217639157748	2.44e-14
c0512	intercept_se	12.439210590975742	12.439210590975776	2.71e-15
c0512	intercept_t	3.556699540571127	3.5566995405711155	3.25e-15
c0512	n	20	20	0.00e+00
c0512	p	0.0008155312219699173	0.00081553122196993406	2.06e-14
c0512	r	0.6871884645534315	0.68718846455343119	4.85e-16
c0512	r_squared	0.4722279858153028	0.47222798581530068	4.47e-15
c0512	residual_se	2.051435876200821	2.0514358762008249	1.95e-15
c0512	slope	0.688431193423339	0.68843119342333903	0.00e+00
c0512	slope_p	0.000815531221969918	0.00081553122196993406	1.97e-14
c0512	slope_se	0.17154244899496315	0.17154244899496363	2.75e-15
c0512	slope_t	4.013182727987944	4.0131827279879335	2.66e-15
c0513	refused	1	1	0.00e+00
c0514	grp_alto_intercept	4.025252523908364	4.0252525239083585	1.32e-15
c0514	grp_alto_n	15	15	0.00e+00
c0514	grp_alto_p	0.48070559604355556	0.48070559604355434	2.54e-15
c0514	grp_alto_r_squared	0.03896460397001512	0.038964603970015083	8.90e-16
c0514	grp_alto_slope	0.014449700923655906	0.014449700923655943	2.52e-15
c0514	grp_alto_slope_se	0.019903146542197547	0.019903146542197516	1.57e-15
c0514	grp_alto_slope_t	0.7260008307239487	0.72600083072395172	4.13e-15
c0514	grp_mezzo_intercept	9.360789046927316	9.3607890469273354	2.09e-15
c0514	grp_mezzo_n	15	15	0.00e+00
c0514	grp_mezzo_p	0.2981215796262425	0.29812157962624025	7.63e-15
c0514	grp_mezzo_r_squared	0.08287582299380199	0.082875822993803	1.22e-14
c0514	grp_mezzo_slope	-0.04467050477343842	-0.044670504773438646	5.13e-15
c0514	grp_mezzo_slope_se	0.04121443285228919	0.041214432852289151	1.01e-15
c0514	grp_mezzo_slope_t	-1.0838558650930765	-1.0838558650930832	6.15e-15
c0514	grp_soprano_intercept	7.276275475978022	7.2762754759780099	1.71e-15
c0514	grp_soprano_n	15	15	0.00e+00
c0514	grp_soprano_p	0.7197590791207199	0.71975907912072201	2.93e-15
c0514	grp_soprano_r_squared	0.01023658454240706	0.010236584542406994	6.44e-15
c0514	grp_soprano_slope	-0.017069367118663102	-0.017069367118662981	7.11e-15
c0514	grp_soprano_slope_se	0.04655152391186168	0.046551523911861716	7.45e-16
c0514	grp_soprano_slope_t	-0.3666768707933469	-0.36667687079334399	7.87e-15
c0514	n	45	45	0.00e+00
c0514	overall_intercept	4.226458262584769	4.2264582625847762	1.68e-15
c0514	overall_intercept_p	0.005733741914594072	0.0057337419145939697	1.79e-14
c0514	overall_intercept_se	1.4533915859885702	1.4533915859885698	3.06e-16
c0514	overall_intercept_t	2.9079969247998707	2.9079969247998765	1.99e-15
c0514	overall_r_squared	0.016797633228189418	0.016797633228189199	1.30e-14
c0514	overall_residual_se	0.5660630708207456	0.56606307082074547	1.96e-16
c0514	overall_slope	0.014079648457836508	0.014079648457836432	5.42e-15
c0514	overall_slope_p	0.39613568008082745	0.39613568008082922	4.48e-15
c0514	overall_slope_se	0.016426876578744302	0.016426876578744292	6.34e-16
c0514	overall_slope_t	0.8571105036519839	0.85711050365197983	4.79e-15
c0514	pg_run	3	3	0.00e+00
c0514	pg_skipped	0	0	0.00e+00
c0514	pg_total	3	3	0.00e+00
c0515	grp_alto_intercept	4.025252523908364	4.0252525239083585	1.32e-15
c0515	grp_alto_n	15	15	0.00e+00
c0515	grp_alto_p	0.48070559604355556	0.48070559604355434	2.54e-15
c0515	grp_alto_r_squared	0.03896460397001512	0.038964603970015083	8.90e-16
c0515	grp_alto_slope	0.014449700923655906	0.014449700923655943	2.52e-15
c0515	grp_alto_slope_se	0.019903146542197547	0.019903146542197516	1.57e-15
c0515	grp_alto_slope_t	0.7260008307239487	0.72600083072395172	4.13e-15
c0515	grp_mezzo_intercept	9.360789046927316	9.3607890469273354	2.09e-15
c0515	grp_mezzo_n	15	15	0.00e+00
c0515	grp_mezzo_p	0.2981215796262425	0.29812157962624025	7.63e-15
c0515	grp_mezzo_r_squared	0.08287582299380199	0.082875822993803	1.22e-14
c0515	grp_mezzo_slope	-0.04467050477343842	-0.044670504773438646	5.13e-15
c0515	grp_mezzo_slope_se	0.04121443285228919	0.041214432852289151	1.01e-15
c0515	grp_mezzo_slope_t	-1.0838558650930765	-1.0838558650930832	6.15e-15
c0515	grp_soprano_intercept	7.276275475978022	7.2762754759780099	1.71e-15
c0515	grp_soprano_n	15	15	0.00e+00
c0515	grp_soprano_p	0.7197590791207199	0.71975907912072201	2.93e-15
c0515	grp_soprano_r_squared	0.01023658454240706	0.010236584542406994	6.44e-15
c0515	grp_soprano_slope	-0.017069367118663102	-0.017069367118662981	7.11e-15
c0515	grp_soprano_slope_se	0.04655152391186168	0.046551523911861716	7.45e-16
c0515	grp_soprano_slope_t	-0.3666768707933469	-0.36667687079334399	7.87e-15
c0515	n	45	45	0.00e+00
c0515	overall_intercept	4.226458262584769	4.2264582625847762	1.68e-15
c0515	overall_intercept_p	0.005733741914594072	0.0057337419145939697	1.79e-14
c0515	overall_intercept_se	1.4533915859885702	1.4533915859885698	3.06e-16
c0515	overall_intercept_t	2.9079969247998707	2.9079969247998765	1.99e-15
c0515	overall_r_squared	0.016797633228189418	0.016797633228189199	1.30e-14
c0515	overall_residual_se	0.5660630708207456	0.56606307082074547	1.96e-16
c0515	overall_slope	0.014079648457836508	0.014079648457836432	5.42e-15
c0515	overall_slope_p	0.39613568008082745	0.39613568008082922	4.48e-15
c0515	overall_slope_se	0.016426876578744302	0.016426876578744292	6.34e-16
c0515	overall_slope_t	0.8571105036519839	0.85711050365197983	4.79e-15
c0515	pg_run	3	3	0.00e+00
c0515	pg_skipped	0	0	0.00e+00
c0515	pg_total	3	3	0.00e+00
c0516	grp_alto_intercept	2.0338014081201856	2.0338014081201763	4.59e-15
c0516	grp_alto_n	15	15	0.00e+00
c0516	grp_alto_p	0.09815274835443646	0.09815274835443541	1.07e-14
c0516	grp_alto_r_squared	0.19626990984199127	0.19626990984199125	1.41e-16
c0516	grp_alto_slope	0.035929924174300173	0.035929924174300271	2.70e-15
c0516	grp_alto_slope_se	0.02016568026267525	0.020165680262675241	5.16e-16
c0516	grp_alto_slope_t	1.7817362819543971	1.7817362819544029	3.24e-15
c0516	grp_mezzo_intercept	11.006227710233194	11.006227710233187	6.46e-16
c0516	grp_mezzo_n	15	15	0.00e+00
c0516	grp_mezzo_p	0.31696548481548725	0.31696548481548753	8.76e-16
c0516	grp_mezzo_r_squared	0.07691049333927695	0.076910493339276756	2.53e-15
c0516	grp_mezzo_slope	-0.062423359823995384	-0.0624233598239953	1.33e-15
c0516	grp_mezzo_slope_se	0.05997973910944486	0.05997973910944477	1.50e-15
c0516	grp_mezzo_slope_t	-1.0407407693136452	-1.0407407693136455	2.13e-16
c0516	grp_soprano_intercept	4.320214344573295	4.3202143445733032	1.85e-15
c0516	grp_soprano_n	15	15	0.00e+00
c0516	grp_soprano_p	0.8137903270650865	0.81379032706508847	2.46e-15
c0516	grp_soprano_r_squared	0.004424874534940863	0.0044248745349407034	3.61e-14
c0516	grp_soprano_slope	0.014997473599550453	0.014997473599550391	4.16e-15
c0516	grp_soprano_slope_se	0.062392583376193196	0.062392583376193411	3.45e-15
c0516	grp_soprano_slope_t	0.24037269797155023	0.24037269797154842	7.51e-15
c0516	n	45	45	0.00e+00
c0516	overall_intercept	2.5755616050186325	2.575561605018629	1.38e-15
c0516	overall_intercept_p	0.14017654291170523	0.14017654291170553	2.18e-15
c0516	overall_intercept_se	1.71373859219435	1.7137385921943491	5.18e-16
c0516	overall_intercept_t	1.502890590635976	1.5028905906359746	8.86e-16
c0516	overall_r_squared	0.061559428628881356	0.06155942862888146	1.69e-15
c0516	overall_residual_se	0.6937819189371837	0.69378191893718377	1.60e-16
c0516	overall_slope	0.03229799522459926	0.032297995224599307	1.50e-15
c0516	overall_slope_p	0.10030896494616393	0.10030896494616308	8.44e-15
c0516	overall_slope_se	0.019230803740830537	0.019230803740830523	7.22e-16
c0516	overall_slope_t	1.6794927377904996	1.6794927377905033	2.25e-15
c0516	pg_run	3	3	0.00e+00
c0516	pg_skipped	0	0	0.00e+00
c0516	pg_total	3	3	0.00e+00
c0517	grp_alto_intercept	2.0338014081201856	2.0338014081201763	4.59e-15
c0517	grp_alto_n	15	15	0.00e+00
c0517	grp_alto_p	0.09815274835443646	0.09815274835443541	1.07e-14
c0517	grp_alto_r_squared	0.19626990984199127	0.19626990984199125	1.41e-16
c0517	grp_alto_slope	0.035929924174300173	0.035929924174300271	2.70e-15
c0517	grp_alto_slope_se	0.02016568026267525	0.020165680262675241	5.16e-16
c0517	grp_alto_slope_t	1.7817362819543971	1.7817362819544029	3.24e-15
c0517	grp_mezzo_intercept	11.006227710233194	11.006227710233187	6.46e-16
c0517	grp_mezzo_n	15	15	0.00e+00
c0517	grp_mezzo_p	0.31696548481548725	0.31696548481548753	8.76e-16
c0517	grp_mezzo_r_squared	0.07691049333927695	0.076910493339276756	2.53e-15
c0517	grp_mezzo_slope	-0.062423359823995384	-0.0624233598239953	1.33e-15
c0517	grp_mezzo_slope_se	0.05997973910944486	0.05997973910944477	1.50e-15
c0517	grp_mezzo_slope_t	-1.0407407693136452	-1.0407407693136455	2.13e-16
c0517	grp_soprano_intercept	4.320214344573295	4.3202143445733032	1.85e-15
c0517	grp_soprano_n	15	15	0.00e+00
c0517	grp_soprano_p	0.8137903270650865	0.81379032706508847	2.46e-15
c0517	grp_soprano_r_squared	0.004424874534940863	0.0044248745349407034	3.61e-14
c0517	grp_soprano_slope	0.014997473599550453	0.014997473599550391	4.16e-15
c0517	grp_soprano_slope_se	0.062392583376193196	0.062392583376193411	3.45e-15
c0517	grp_soprano_slope_t	0.24037269797155023	0.24037269797154842	7.51e-15
c0517	n	45	45	0.00e+00
c0517	overall_intercept	2.5755616050186325	2.575561605018629	1.38e-15
c0517	overall_intercept_p	0.14017654291170523	0.14017654291170553	2.18e-15
c0517	overall_intercept_se	1.71373859219435	1.7137385921943491	5.18e-16
c0517	overall_intercept_t	1.502890590635976	1.5028905906359746	8.86e-16
c0517	overall_r_squared	0.061559428628881356	0.06155942862888146	1.69e-15
c0517	overall_residual_se	0.6937819189371837	0.69378191893718377	1.60e-16
c0517	overall_slope	0.03229799522459926	0.032297995224599307	1.50e-15
c0517	overall_slope_p	0.10030896494616393	0.10030896494616308	8.44e-15
c0517	overall_slope_se	0.019230803740830537	0.019230803740830523	7.22e-16
c0517	overall_slope_t	1.6794927377904996	1.6794927377905033	2.25e-15
c0517	pg_run	3	3	0.00e+00
c0517	pg_skipped	0	0	0.00e+00
c0517	pg_total	3	3	0.00e+00
c0518	grp_corr_intercept	0.15714285714285836	0.15714285714285864	1.77e-15
c0518	grp_corr_n	14	14	0.00e+00
c0518	grp_corr_p	0.0002948163211683971	0.0002948163211683965	2.02e-15
c0518	grp_corr_r_squared	0.6781788823629392	0.67817888236293933	1.64e-16
c0518	grp_corr_slope	1.3535714285714282	1.3535714285714284	1.64e-16
c0518	grp_corr_slope_se	0.26916940459002203	0.26916940459002198	2.06e-16
c0518	grp_corr_slope_t	5.028697190280906	5.0286971902809077	3.53e-16
c0518	grp_mwu_intercept	-0.5	-0.5	0.00e+00
c0518	grp_mwu_n	4	4	0.00e+00
c0518	grp_mwu_p	0.10557280900008416	0.1055728090000841	5.26e-16
c0518	grp_mwu_r_squared	0.7999999999999999	0.80000000000000004	1.39e-16
c0518	grp_mwu_slope	2	2	0.00e+00
c0518	grp_mwu_slope_se	0.7071067811865476	0.70710678118654746	1.57e-16
c0518	grp_mwu_slope_t	2.82842712474619	2.8284271247461903	1.57e-16
c0518	grp_paired_intercept	12.766666666666666	12.766666666666671	4.17e-16
c0518	grp_paired_n	12	12	0.00e+00
c0518	grp_paired_p	0.21321204470698207	0.21321204470698302	4.43e-15
c0518	grp_paired_r_squared	0.1502080443828017	0.15020804438280158	7.39e-16
c0518	grp_paired_slope	0.5428571428571428	0.54285714285714204	1.43e-15
c0518	grp_paired_slope_se	0.4083149378058243	0.4083149378058244	2.72e-16
c0518	grp_paired_slope_t	1.3295059587442783	1.3295059587442761	1.67e-15
c0518	grp_perfect_intercept	3	2.9999999999999991	2.96e-16
c0518	grp_perfect_n	10	10	0.00e+00
c0518	grp_perfect_p	1	0.99999999999999956	4.44e-16
c0518	grp_perfect_r_squared	0	9.8607613152626481e-33	0.00e+00
c0518	grp_perfect_slope	0	1.7377739072730911e-16	0.00e+00
c0518	grp_perfect_slope_se	0.3535533905932738	0.35355339059327373	1.57e-16
c0518	grp_perfect_slope_t	0	4.9151668560073814e-16	0.00e+00
c0518	grp_welch_intercept	7.5	7.4999999999999982	2.37e-16
c0518	grp_welch_n	10	10	0.00e+00
c0518	grp_welch_p	0.022203904140477237	0.022203904140477192	2.03e-15
c0518	grp_welch_r_squared	0.4999999999999999	0.49999999999999994	1.11e-16
c0518	grp_welch_slope	1.5	1.5000000000000004	2.96e-16
c0518	grp_welch_slope_se	0.5303300858899106	0.5303300858899106	0.00e+00
c0518	grp_welch_slope_t	2.8284271247461903	2.8284271247461912	3.14e-16
c0518	n	50	50	0.00e+00
c0518	overall_intercept	4.833956386292835	4.8339563862928445	2.02e-15
c0518	overall_intercept_p	0.003326955307946152	0.0033269553079460831	2.07e-14
c0518	overall_intercept_se	1.564428696288863	1.5644286962888621	5.68e-16
c0518	overall_intercept_t	3.0899179986661864	3.0899179986661944	2.59e-15
c0518	overall_r_squared	0.11507561864019115	0.11507561864019107	7.24e-16
c0518	overall_residual_se	5.219884138614644	5.2198841386146446	1.70e-16
c0518	overall_slope	1.0506230529595015	1.0506230529595004	1.06e-15
c0518	overall_slope_p	0.0159537406513298	0.015953740651329939	8.70e-15
c0518	overall_slope_se	0.4205210387824557	0.42052103878245567	1.32e-16
c0518	overall_slope_t	2.49838404280888	2.4983840428088775	1.07e-15
c0518	pg_run	5	5	0.00e+00
c0518	pg_skipped	0	0	0.00e+00
c0518	pg_total	5	5	0.00e+00
c0519	grp_corr_intercept	0.15714285714285836	0.15714285714285864	1.77e-15
c0519	grp_corr_n	14	14	0.00e+00
c0519	grp_corr_p	0.0002948163211683971	0.0002948163211683965	2.02e-15
c0519	grp_corr_r_squared	0.6781788823629392	0.67817888236293933	1.64e-16
c0519	grp_corr_slope	1.3535714285714282	1.3535714285714284	1.64e-16
c0519	grp_corr_slope_se	0.26916940459002203	0.26916940459002198	2.06e-16
c0519	grp_corr_slope_t	5.028697190280906	5.0286971902809077	3.53e-16
c0519	grp_mwu_intercept	-0.5	-0.5	0.00e+00
c0519	grp_mwu_n	4	4	0.00e+00
c0519	grp_mwu_p	0.10557280900008416	0.1055728090000841	5.26e-16
c0519	grp_mwu_r_squared	0.7999999999999999	0.80000000000000004	1.39e-16
c0519	grp_mwu_slope	2	2	0.00e+00
c0519	grp_mwu_slope_se	0.7071067811865476	0.70710678118654746	1.57e-16
c0519	grp_mwu_slope_t	2.82842712474619	2.8284271247461903	1.57e-16
c0519	grp_paired_intercept	12.766666666666666	12.766666666666671	4.17e-16
c0519	grp_paired_n	12	12	0.00e+00
c0519	grp_paired_p	0.21321204470698207	0.21321204470698302	4.43e-15
c0519	grp_paired_r_squared	0.1502080443828017	0.15020804438280158	7.39e-16
c0519	grp_paired_slope	0.5428571428571428	0.54285714285714204	1.43e-15
c0519	grp_paired_slope_se	0.4083149378058243	0.4083149378058244	2.72e-16
c0519	grp_paired_slope_t	1.3295059587442783	1.3295059587442761	1.67e-15
c0519	grp_perfect_intercept	3	2.9999999999999991	2.96e-16
c0519	grp_perfect_n	10	10	0.00e+00
c0519	grp_perfect_p	1	0.99999999999999956	4.44e-16
c0519	grp_perfect_r_squared	0	9.8607613152626481e-33	0.00e+00
c0519	grp_perfect_slope	0	1.7377739072730911e-16	0.00e+00
c0519	grp_perfect_slope_se	0.3535533905932738	0.35355339059327373	1.57e-16
c0519	grp_perfect_slope_t	0	4.9151668560073814e-16	0.00e+00
c0519	grp_welch_intercept	7.5	7.4999999999999982	2.37e-16
c0519	grp_welch_n	10	10	0.00e+00
c0519	grp_welch_p	0.022203904140477237	0.022203904140477192	2.03e-15
c0519	grp_welch_r_squared	0.4999999999999999	0.49999999999999994	1.11e-16
c0519	grp_welch_slope	1.5	1.5000000000000004	2.96e-16
c0519	grp_welch_slope_se	0.5303300858899106	0.5303300858899106	0.00e+00
c0519	grp_welch_slope_t	2.8284271247461903	2.8284271247461912	3.14e-16
c0519	n	50	50	0.00e+00
c0519	overall_intercept	4.833956386292835	4.8339563862928445	2.02e-15
c0519	overall_intercept_p	0.003326955307946152	0.0033269553079460831	2.07e-14
c0519	overall_intercept_se	1.564428696288863	1.5644286962888621	5.68e-16
c0519	overall_intercept_t	3.0899179986661864	3.0899179986661944	2.59e-15
c0519	overall_r_squared	0.11507561864019115	0.11507561864019107	7.24e-16
c0519	overall_residual_se	5.219884138614644	5.2198841386146446	1.70e-16
c0519	overall_slope	1.0506230529595015	1.0506230529595004	1.06e-15
c0519	overall_slope_p	0.0159537406513298	0.015953740651329939	8.70e-15
c0519	overall_slope_se	0.4205210387824557	0.42052103878245567	1.32e-16
c0519	overall_slope_t	2.49838404280888	2.4983840428088775	1.07e-15
c0519	pg_run	5	5	0.00e+00
c0519	pg_skipped	0	0	0.00e+00
c0519	pg_total	5	5	0.00e+00
c0520	df_between	2	2	0.00e+00
c0520	df_within	38	38	0.00e+00
c0520	f	583.1232359492722	583.12323594924749	4.23e-14
c0520	gg_epsilon	0.8485644512752254	0.84856445127522506	3.93e-16
c0520	gg_p	3.728026543095773e-25	3.7280265430983043e-25	0.00e+00
c0520	mean_spl_loud	94.12940500000002	94.129405000000006	1.51e-16
c0520	mean_spl_medium	83.35460499999998	83.354605000000006	3.41e-16
c0520	mean_spl_soft	72.46457000000001	72.464569999999995	1.96e-16
c0520	n	20	20	0.00e+00
c0520	n_excluded	0	0	0.00e+00
c0520	p	3.0359601434773946e-29	3.0359601434797673e-29	0.00e+00
c0520	partial_eta_squared	0.9684449978582114	0.96844499785821003	1.38e-15
c0520	ss_between	4693.695019456338	4693.695019456326	2.52e-15
c0520	ss_within	152.93543435032745	152.93543435033354	3.98e-14
c0521	df_between	2	2	0.00e+00
c0521	df_within	38	38	0.00e+00
c0521	f	583.1232359492722	583.12323594924749	4.23e-14
c0521	gg_epsilon	0.8485644512752254	0.84856445127522506	3.93e-16
c0521	gg_p	3.728026543095773e-25	3.7280265430983043e-25	0.00e+00
c0521	mean_spl_loud	94.12940500000002	94.129405000000006	1.51e-16
c0521	mean_spl_medium	83.35460499999998	83.354605000000006	3.41e-16
c0521	mean_spl_soft	72.46457000000001	72.464569999999995	1.96e-16
c0521	n	20	20	0.00e+00
c0521	n_excluded	0	0	0.00e+00
c0521	p	3.0359601434773946e-29	3.0359601434797673e-29	0.00e+00
c0521	partial_eta_squared	0.9684449978582114	0.96844499785821003	1.38e-15
c0521	posthoc_spl_medium__spl_loud_ci_high	-8.890560800324524	-8.890560800324522	2.00e-16
c0521	posthoc_spl_medium__spl_loud_ci_low	-12.659039199675474	-12.659039199675476	1.40e-16
c0521	posthoc_spl_medium__spl_loud_diff	-10.774799999999999	-10.774799999999999	0.00e+00
c0521	posthoc_spl_medium__spl_loud_p	5.431213120434684e-12	5.431213120434682e-12	4.46e-16
c0521	posthoc_spl_medium__spl_loud_padj	1.6293639361304055e-11	1.6293639361304045e-11	5.95e-16
c0521	posthoc_spl_soft__spl_loud_ci_high	-20.389890666234447	-20.389890666234447	0.00e+00
c0521	posthoc_spl_soft__spl_loud_ci_low	-22.939779333765554	-22.939779333765557	1.55e-16
c0521	posthoc_spl_soft__spl_loud_diff	-21.664835	-21.664835	0.00e+00
c0521	posthoc_spl_soft__spl_loud_p	1.0687107473120863e-20	1.0687107473120892e-20	0.00e+00
c0521	posthoc_spl_soft__spl_loud_padj	3.206132241936259e-20	3.2061322419362676e-20	0.00e+00
c0521	posthoc_spl_soft__spl_medium_ci_high	-9.116770135859587	-9.1167701358595838	3.90e-16
c0521	posthoc_spl_soft__spl_medium_ci_low	-12.663299864140415	-12.663299864140416	1.40e-16
c0521	posthoc_spl_soft__spl_medium_diff	-10.890035000000001	-10.890035000000001	0.00e+00
c0521	posthoc_spl_soft__spl_medium_p	1.538445482638607e-12	1.5384454826386038e-12	2.10e-15
c0521	posthoc_spl_soft__spl_medium_padj	4.615336447915821e-12	4.6153364479158114e-12	2.10e-15
c0521	ss_between	4693.695019456338	4693.695019456326	2.52e-15
c0521	ss_within	152.93543435032745	152.93543435033354	3.98e-14
c0522	df_between	2	2	0.00e+00
c0522	df_within	38	38	0.00e+00
c0522	f	583.1232359492722	583.12323594924749	4.23e-14
c0522	gg_epsilon	0.8485644512752254	0.84856445127522506	3.93e-16
c0522	gg_p	3.728026543095773e-25	3.7280265430983043e-25	0.00e+00
c0522	mean_spl_loud	94.12940500000002	94.129405000000006	1.51e-16
c0522	mean_spl_medium	83.35460499999998	83.354605000000006	3.41e-16
c0522	mean_spl_soft	72.46457000000001	72.464569999999995	1.96e-16
c0522	n	20	20	0.00e+00
c0522	n_excluded	0	0	0.00e+00
c0522	p	3.0359601434773946e-29	3.0359601434797673e-29	0.00e+00
c0522	partial_eta_squared	0.9684449978582114	0.96844499785821003	1.38e-15
c0522	posthoc_spl_medium__spl_loud_diff	-10.774799999999999	-10.774799999999999	0.00e+00
c0522	posthoc_spl_medium__spl_loud_p	5.431213120434684e-12	5.431213120434682e-12	4.46e-16
c0522	posthoc_spl_medium__spl_loud_padj	5.431213120434684e-12	5.431213120434682e-12	4.46e-16
c0522	posthoc_spl_soft__spl_loud_diff	-21.664835	-21.664835	0.00e+00
c0522	posthoc_spl_soft__spl_loud_p	1.0687107473120863e-20	1.0687107473120892e-20	0.00e+00
c0522	posthoc_spl_soft__spl_loud_padj	3.206132241936259e-20	3.2061322419362676e-20	0.00e+00
c0522	posthoc_spl_soft__spl_medium_diff	-10.890035000000001	-10.890035000000001	0.00e+00
c0522	posthoc_spl_soft__spl_medium_p	1.538445482638607e-12	1.5384454826386038e-12	2.10e-15
c0522	posthoc_spl_soft__spl_medium_padj	3.076890965277214e-12	3.0768909652772076e-12	2.10e-15
c0522	ss_between	4693.695019456338	4693.695019456326	2.52e-15
c0522	ss_within	152.93543435032745	152.93543435033354	3.98e-14
c0523	df_between	2	2	0.00e+00
c0523	df_within	38	38	0.00e+00
c0523	f	583.1232359492722	583.12323594924749	4.23e-14
c0523	gg_epsilon	0.8485644512752254	0.84856445127522506	3.93e-16
c0523	gg_p	3.728026543095773e-25	3.7280265430983043e-25	0.00e+00
c0523	mean_spl_loud	94.12940500000002	94.129405000000006	1.51e-16
c0523	mean_spl_medium	83.35460499999998	83.354605000000006	3.41e-16
c0523	mean_spl_soft	72.46457000000001	72.464569999999995	1.96e-16
c0523	n	20	20	0.00e+00
c0523	n_excluded	0	0	0.00e+00
c0523	p	3.0359601434773946e-29	3.0359601434797673e-29	0.00e+00
c0523	partial_eta_squared	0.9684449978582114	0.96844499785821003	1.38e-15
c0523	posthoc_spl_medium__spl_loud_diff	-10.774799999999999	-10.774799999999999	0.00e+00
c0523	posthoc_spl_medium__spl_loud_p	5.431213120434684e-12	5.431213120434682e-12	4.46e-16
c0523	posthoc_spl_medium__spl_loud_padj	5.431213120434685e-12	5.431213120434682e-12	5.95e-16
c0523	posthoc_spl_soft__spl_loud_diff	-21.664835	-21.664835	0.00e+00
c0523	posthoc_spl_soft__spl_loud_p	1.0687107473120863e-20	1.0687107473120892e-20	0.00e+00
c0523	posthoc_spl_soft__spl_loud_padj	3.206132241936259e-20	3.2061322419362676e-20	0.00e+00
c0523	posthoc_spl_soft__spl_medium_diff	-10.890035000000001	-10.890035000000001	0.00e+00
c0523	posthoc_spl_soft__spl_medium_p	1.538445482638607e-12	1.5384454826386038e-12	2.10e-15
c0523	posthoc_spl_soft__spl_medium_padj	2.3076682239579105e-12	2.3076682239579057e-12	2.10e-15
c0523	ss_between	4693.695019456338	4693.695019456326	2.52e-15
c0523	ss_within	152.93543435032745	152.93543435033354	3.98e-14
c0524	df_between	2	2	0.00e+00
c0524	df_within	38	38	0.00e+00
c0524	f	583.123235949265	583.12323594924749	3.00e-14
c0524	gg_epsilon	0.8485644512752187	0.84856445127522506	7.46e-15
c0524	gg_p	3.7280265430980013e-25	3.7280265430983043e-25	0.00e+00
c0524	mean_spl_loud	94.12940500000002	94.129405000000006	1.51e-16
c0524	mean_spl_medium	83.35460499999998	83.354605000000006	3.41e-16
c0524	mean_spl_soft	72.46457000000001	72.464569999999995	1.96e-16
c0524	n	20	20	0.00e+00
c0524	n_excluded	0	0	0.00e+00
c0524	p	3.0359601434780874e-29	3.0359601434797673e-29	0.00e+00
c0524	partial_eta_squared	0.968444997858211	0.96844499785821003	1.03e-15
c0524	ss_between	4693.695019456338	4693.695019456326	2.52e-15
c0524	ss_within	152.93543435032933	152.93543435033354	2.75e-14
c0525	df_between	2	2	0.00e+00
c0525	df_within	38	38	0.00e+00
c0525	f	583.123235949265	583.12323594924749	3.00e-14
c0525	gg_epsilon	0.8485644512752187	0.84856445127522506	7.46e-15
c0525	gg_p	3.7280265430980013e-25	3.7280265430983043e-25	0.00e+00
c0525	mean_spl_loud	94.12940500000002	94.129405000000006	1.51e-16
c0525	mean_spl_medium	83.35460499999998	83.354605000000006	3.41e-16
c0525	mean_spl_soft	72.46457000000001	72.464569999999995	1.96e-16
c0525	n	20	20	0.00e+00
c0525	n_excluded	0	0	0.00e+00
c0525	p	3.0359601434780874e-29	3.0359601434797673e-29	0.00e+00
c0525	partial_eta_squared	0.968444997858211	0.96844499785821003	1.03e-15
c0525	posthoc_spl_loud__spl_medium_ci_high	12.659039199675474	12.659039199675476	1.40e-16
c0525	posthoc_spl_loud__spl_medium_ci_low	8.890560800324524	8.890560800324522	2.00e-16
c0525	posthoc_spl_loud__spl_medium_diff	10.774799999999999	10.774799999999999	0.00e+00
c0525	posthoc_spl_loud__spl_medium_p	5.431213120434684e-12	5.431213120434682e-12	4.46e-16
c0525	posthoc_spl_loud__spl_medium_padj	1.6293639361304055e-11	1.6293639361304045e-11	5.95e-16
c0525	posthoc_spl_loud__spl_soft_ci_high	22.939779333765554	22.939779333765557	1.55e-16
c0525	posthoc_spl_loud__spl_soft_ci_low	20.389890666234447	20.389890666234447	0.00e+00
c0525	posthoc_spl_loud__spl_soft_diff	21.664835	21.664835	0.00e+00
c0525	posthoc_spl_loud__spl_soft_p	1.0687107473120863e-20	1.0687107473120892e-20	0.00e+00
c0525	posthoc_spl_loud__spl_soft_padj	3.206132241936259e-20	3.2061322419362676e-20	0.00e+00
c0525	posthoc_spl_medium__spl_soft_ci_high	12.663299864140415	12.663299864140416	1.40e-16
c0525	posthoc_spl_medium__spl_soft_ci_low	9.116770135859587	9.1167701358595838	3.90e-16
c0525	posthoc_spl_medium__spl_soft_diff	10.890035000000001	10.890035000000001	0.00e+00
c0525	posthoc_spl_medium__spl_soft_p	1.538445482638607e-12	1.5384454826386038e-12	2.10e-15
c0525	posthoc_spl_medium__spl_soft_padj	4.615336447915821e-12	4.6153364479158114e-12	2.10e-15
c0525	ss_between	4693.695019456338	4693.695019456326	2.52e-15
c0525	ss_within	152.93543435032933	152.93543435033354	2.75e-14
c0526	df_between	2	2	0.00e+00
c0526	df_within	38	38	0.00e+00
c0526	f	583.123235949265	583.12323594924749	3.00e-14
c0526	gg_epsilon	0.8485644512752187	0.84856445127522506	7.46e-15
c0526	gg_p	3.7280265430980013e-25	3.7280265430983043e-25	0.00e+00
c0526	mean_spl_loud	94.12940500000002	94.129405000000006	1.51e-16
c0526	mean_spl_medium	83.35460499999998	83.354605000000006	3.41e-16
c0526	mean_spl_soft	72.46457000000001	72.464569999999995	1.96e-16
c0526	n	20	20	0.00e+00
c0526	n_excluded	0	0	0.00e+00
c0526	p	3.0359601434780874e-29	3.0359601434797673e-29	0.00e+00
c0526	partial_eta_squared	0.968444997858211	0.96844499785821003	1.03e-15
c0526	posthoc_spl_loud__spl_medium_diff	10.774799999999999	10.774799999999999	0.00e+00
c0526	posthoc_spl_loud__spl_medium_p	5.431213120434684e-12	5.431213120434682e-12	4.46e-16
c0526	posthoc_spl_loud__spl_medium_padj	5.431213120434684e-12	5.431213120434682e-12	4.46e-16
c0526	posthoc_spl_loud__spl_soft_diff	21.664835	21.664835	0.00e+00
c0526	posthoc_spl_loud__spl_soft_p	1.0687107473120863e-20	1.0687107473120892e-20	0.00e+00
c0526	posthoc_spl_loud__spl_soft_padj	3.206132241936259e-20	3.2061322419362676e-20	0.00e+00
c0526	posthoc_spl_medium__spl_soft_diff	10.890035000000001	10.890035000000001	0.00e+00
c0526	posthoc_spl_medium__spl_soft_p	1.538445482638607e-12	1.5384454826386038e-12	2.10e-15
c0526	posthoc_spl_medium__spl_soft_padj	3.076890965277214e-12	3.0768909652772076e-12	2.10e-15
c0526	ss_between	4693.695019456338	4693.695019456326	2.52e-15
c0526	ss_within	152.93543435032933	152.93543435033354	2.75e-14
c0527	df_between	2	2	0.00e+00
c0527	df_within	38	38	0.00e+00
c0527	f	583.123235949265	583.12323594924749	3.00e-14
c0527	gg_epsilon	0.8485644512752187	0.84856445127522506	7.46e-15
c0527	gg_p	3.7280265430980013e-25	3.7280265430983043e-25	0.00e+00
c0527	mean_spl_loud	94.12940500000002	94.129405000000006	1.51e-16
c0527	mean_spl_medium	83.35460499999998	83.354605000000006	3.41e-16
c0527	mean_spl_soft	72.46457000000001	72.464569999999995	1.96e-16
c0527	n	20	20	0.00e+00
c0527	n_excluded	0	0	0.00e+00
c0527	p	3.0359601434780874e-29	3.0359601434797673e-29	0.00e+00
c0527	partial_eta_squared	0.968444997858211	0.96844499785821003	1.03e-15
c0527	posthoc_spl_loud__spl_medium_diff	10.774799999999999	10.774799999999999	0.00e+00
c0527	posthoc_spl_loud__spl_medium_p	5.431213120434684e-12	5.431213120434682e-12	4.46e-16
c0527	posthoc_spl_loud__spl_medium_padj	5.431213120434685e-12	5.431213120434682e-12	5.95e-16
c0527	posthoc_spl_loud__spl_soft_diff	21.664835	21.664835	0.00e+00
c0527	posthoc_spl_loud__spl_soft_p	1.0687107473120863e-20	1.0687107473120892e-20	0.00e+00
c0527	posthoc_spl_loud__spl_soft_padj	3.206132241936259e-20	3.2061322419362676e-20	0.00e+00
c0527	posthoc_spl_medium__spl_soft_diff	10.890035000000001	10.890035000000001	0.00e+00
c0527	posthoc_spl_medium__spl_soft_p	1.538445482638607e-12	1.5384454826386038e-12	2.10e-15
c0527	posthoc_spl_medium__spl_soft_padj	2.3076682239579105e-12	2.3076682239579057e-12	2.10e-15
c0527	ss_between	4693.695019456338	4693.695019456326	2.52e-15
c0527	ss_within	152.93543435032933	152.93543435033354	2.75e-14
c0528	refused	1	1	0.00e+00
c0529	refused	1	1	0.00e+00
c0530	refused	1	1	0.00e+00
c0531	refused	1	1	0.00e+00
c0532	df_between	2	2	0.00e+00
c0532	df_within	2	2	0.00e+00
c0532	f	111	110.99999999999987	1.15e-15
c0532	mean_loud	21.5	21.5	0.00e+00
c0532	mean_medium	15.5	15.5	0.00e+00
c0532	mean_soft	11	11	0.00e+00
c0532	n	2	2	0.00e+00
c0532	n_excluded	0	0	0.00e+00
c0532	p	0.008928571428571433	0.0089285714285714402	7.77e-16
c0532	partial_eta_squared	0.9910714285714286	0.9910714285714286	0.00e+00
c0532	ss_between	111	110.99999999999994	5.12e-16
c0532	ss_within	1	1.0000000000000007	6.66e-16
c0533	df_between	2	2	0.00e+00
c0533	df_within	2	2	0.00e+00
c0533	f	111	110.99999999999987	1.15e-15
c0533	mean_loud	21.5	21.5	0.00e+00
c0533	mean_medium	15.5	15.5	0.00e+00
c0533	mean_soft	11	11	0.00e+00
c0533	n	2	2	0.00e+00
c0533	n_excluded	0	0	0.00e+00
c0533	p	0.008928571428571433	0.0089285714285714402	7.77e-16
c0533	partial_eta_squared	0.9910714285714286	0.9910714285714286	0.00e+00
c0533	posthoc_medium__loud_ci_high	32.18845929702545	32.188459297025744	9.05e-15
c0533	posthoc_medium__loud_ci_low	-44.18845929702545	-44.188459297025744	6.59e-15
c0533	posthoc_medium__loud_diff	-6	-6	0.00e+00
c0533	posthoc_medium__loud_p	0.10513691342250682	0.10513691342250685	2.64e-16
c0533	posthoc_medium__loud_padj	0.3154107402675205	0.31541074026752053	1.76e-16
c0533	posthoc_soft__loud_ci_high	8.594229648512727	8.5942296485128722	1.69e-14
c0533	posthoc_soft__loud_ci_low	-29.594229648512727	-29.594229648512872	4.92e-15
c0533	posthoc_soft__loud_diff	-10.5	-10.5	0.00e+00
c0533	posthoc_soft__loud_p	0.03029234437673627	0.030292344376736283	4.58e-16
c0533	posthoc_soft__loud_padj	0.09087703313020881	0.090877033130208854	4.58e-16
c0533	posthoc_soft__medium_ci_high	14.594229648512727	14.594229648512872	9.98e-15
c0533	posthoc_soft__medium_ci_low	-23.594229648512727	-23.594229648512872	6.17e-15
c0533	posthoc_soft__medium_diff	-4.5	-4.5	0.00e+00
c0533	posthoc_soft__medium_p	0.07044657495455449	0.070446574954554544	7.88e-16
c0533	posthoc_soft__medium_padj	0.21133972486366348	0.21133972486366365	7.88e-16
c0533	ss_between	111	110.99999999999994	5.12e-16
c0533	ss_within	1	1.0000000000000007	6.66e-16
c0534	df_between	2	2	0.00e+00
c0534	df_within	2	2	0.00e+00
c0534	f	111	110.99999999999987	1.15e-15
c0534	mean_loud	21.5	21.5	0.00e+00
c0534	mean_medium	15.5	15.5	0.00e+00
c0534	mean_soft	11	11	0.00e+00
c0534	n	2	2	0.00e+00
c0534	n_excluded	0	0	0.00e+00
c0534	p	0.008928571428571433	0.0089285714285714402	7.77e-16
c0534	partial_eta_squared	0.9910714285714286	0.9910714285714286	0.00e+00
c0534	posthoc_medium__loud_diff	-6	-6	0.00e+00
c0534	posthoc_medium__loud_p	0.10513691342250682	0.10513691342250685	2.64e-16
c0534	posthoc_medium__loud_padj	0.14089314990910898	0.14089314990910909	7.88e-16
c0534	posthoc_soft__loud_diff	-10.5	-10.5	0.00e+00
c0534	posthoc_soft__loud_p	0.03029234437673627	0.030292344376736283	4.58e-16
c0534	posthoc_soft__loud_padj	0.09087703313020881	0.090877033130208854	4.58e-16
c0534	posthoc_soft__medium_diff	-4.5	-4.5	0.00e+00
c0534	posthoc_soft__medium_p	0.07044657495455449	0.070446574954554544	7.88e-16
c0534	posthoc_soft__medium_padj	0.14089314990910898	0.14089314990910909	7.88e-16
c0534	ss_between	111	110.99999999999994	5.12e-16
c0534	ss_within	1	1.0000000000000007	6.66e-16
c0535	df_between	2	2	0.00e+00
c0535	df_within	2	2	0.00e+00
c0535	f	111	110.99999999999987	1.15e-15
c0535	mean_loud	21.5	21.5	0.00e+00
c0535	mean_medium	15.5	15.5	0.00e+00
c0535	mean_soft	11	11	0.00e+00
c0535	n	2	2	0.00e+00
c0535	n_excluded	0	0	0.00e+00
c0535	p	0.008928571428571433	0.0089285714285714402	7.77e-16
c0535	partial_eta_squared	0.9910714285714286	0.9910714285714286	0.00e+00
c0535	posthoc_medium__loud_diff	-6	-6	0.00e+00
c0535	posthoc_medium__loud_p	0.10513691342250682	0.10513691342250685	2.64e-16
c0535	posthoc_medium__loud_padj	0.10513691342250682	0.10513691342250685	2.64e-16
c0535	posthoc_soft__loud_diff	-10.5	-10.5	0.00e+00
c0535	posthoc_soft__loud_p	0.03029234437673627	0.030292344376736283	4.58e-16
c0535	posthoc_soft__loud_padj	0.09087703313020881	0.090877033130208854	4.58e-16
c0535	posthoc_soft__medium_diff	-4.5	-4.5	0.00e+00
c0535	posthoc_soft__medium_p	0.07044657495455449	0.070446574954554544	7.88e-16
c0535	posthoc_soft__medium_padj	0.10513691342250682	0.10513691342250685	2.64e-16
c0535	ss_between	111	110.99999999999994	5.12e-16
c0535	ss_within	1	1.0000000000000007	6.66e-16
c0536	df_between	1	1	0.00e+00
c0536	df_within	19	19	0.00e+00
c0536	f	59.6905789300415	59.690578930041688	3.21e-15
c0536	mean_jitter_post	1.9671256945495919	1.9671256945495916	1.13e-16
c0536	mean_jitter_pre	2.695592193038029	2.6955921930380291	0.00e+00
c0536	n	20	20	0.00e+00
c0536	n_excluded	0	0	0.00e+00
c0536	p	2.801437932051397e-07	2.801437932051326e-07	2.53e-14
c0536	partial_eta_squared	0.7585479703117749	0.75854797031177545	7.32e-16
c0536	ss_between	5.306634394200042	5.3066343942000405	3.35e-16
c0536	ss_within	1.6891451766278038	1.6891451766277976	3.68e-15
c0537	df_between	1	1	0.00e+00
c0537	df_within	19	19	0.00e+00
c0537	f	59.6905789300415	59.690578930041688	3.21e-15
c0537	mean_jitter_post	1.9671256945495919	1.9671256945495916	1.13e-16
c0537	mean_jitter_pre	2.695592193038029	2.6955921930380291	0.00e+00
c0537	n	20	20	0.00e+00
c0537	n_excluded	0	0	0.00e+00
c0537	p	2.801437932051397e-07	2.801437932051326e-07	2.53e-14
c0537	partial_eta_squared	0.7585479703117749	0.75854797031177545	7.32e-16
c0537	posthoc_jitter_pre__jitter_post_ci_high	0.9258136707084672	0.92581367070846721	0.00e+00
c0537	posthoc_jitter_pre__jitter_post_ci_low	0.531119326268408	0.53111932626840808	2.09e-16
c0537	posthoc_jitter_pre__jitter_post_diff	0.7284664984884376	0.72846649848843759	0.00e+00
c0537	posthoc_jitter_pre__jitter_post_p	2.801437932051329e-07	2.8014379320513355e-07	2.27e-15
c0537	posthoc_jitter_pre__jitter_post_padj	2.801437932051329e-07	2.8014379320513355e-07	2.27e-15
c0537	ss_between	5.306634394200042	5.3066343942000405	3.35e-16
c0537	ss_within	1.6891451766278038	1.6891451766277976	3.68e-15
c0538	df_between	1	1	0.00e+00
c0538	df_within	19	19	0.00e+00
c0538	f	59.6905789300415	59.690578930041688	3.21e-15
c0538	mean_jitter_post	1.9671256945495919	1.9671256945495916	1.13e-16
c0538	mean_jitter_pre	2.695592193038029	2.6955921930380291	0.00e+00
c0538	n	20	20	0.00e+00
c0538	n_excluded	0	0	0.00e+00
c0538	p	2.801437932051397e-07	2.801437932051326e-07	2.53e-14
c0538	partial_eta_squared	0.7585479703117749	0.75854797031177545	7.32e-16
c0538	posthoc_jitter_pre__jitter_post_diff	0.7284664984884376	0.72846649848843759	0.00e+00
c0538	posthoc_jitter_pre__jitter_post_p	2.801437932051329e-07	2.8014379320513355e-07	2.27e-15
c0538	posthoc_jitter_pre__jitter_post_padj	2.801437932051329e-07	2.8014379320513355e-07	2.27e-15
c0538	ss_between	5.306634394200042	5.3066343942000405	3.35e-16
c0538	ss_within	1.6891451766278038	1.6891451766277976	3.68e-15
c0539	df_between	1	1	0.00e+00
c0539	df_within	19	19	0.00e+00
c0539	f	59.6905789300415	59.690578930041688	3.21e-15
c0539	mean_jitter_post	1.9671256945495919	1.9671256945495916	1.13e-16
c0539	mean_jitter_pre	2.695592193038029	2.6955921930380291	0.00e+00
c0539	n	20	20	0.00e+00
c0539	n_excluded	0	0	0.00e+00
c0539	p	2.801437932051397e-07	2.801437932051326e-07	2.53e-14
c0539	partial_eta_squared	0.7585479703117749	0.75854797031177545	7.32e-16
c0539	posthoc_jitter_pre__jitter_post_diff	0.7284664984884376	0.72846649848843759	0.00e+00
c0539	posthoc_jitter_pre__jitter_post_p	2.801437932051329e-07	2.8014379320513355e-07	2.27e-15
c0539	posthoc_jitter_pre__jitter_post_padj	2.801437932051329e-07	2.8014379320513355e-07	2.27e-15
c0539	ss_between	5.306634394200042	5.3066343942000405	3.35e-16
c0539	ss_within	1.6891451766278038	1.6891451766277976	3.68e-15
c0540	chi_square	40	40	0.00e+00
c0540	df	2	2	0.00e+00
c0540	kendalls_w	1	1	0.00e+00
c0540	kendalls_w	1	1	0.00e+00
c0540	n	20	20	0.00e+00
c0540	n_excluded	0	0	0.00e+00
c0540	p	2.0611536224385566e-09	2.0611536224385579e-09	6.02e-16
c0541	chi_square	40	40	0.00e+00
c0541	df	2	2	0.00e+00
c0541	kendalls_w	1	1	0.00e+00
c0541	kendalls_w	1	1	0.00e+00
c0541	n	20	20	0.00e+00
c0541	n_excluded	0	0	0.00e+00
c0541	p	2.0611536224385566e-09	2.0611536224385579e-09	6.02e-16
c0541	posthoc_spl_medium__spl_loud_diff	-11.216649999999998	-11.216649999999998	0.00e+00
c0541	posthoc_spl_medium__spl_loud_p	1.9073486328125e-06	1.9073486328125e-06	0.00e+00
c0541	posthoc_spl_medium__spl_loud_padj	5.7220458984375e-06	5.7220458984375e-06	0.00e+00
c0541	posthoc_spl_soft__spl_loud_diff	-21.549325	-21.549325	0.00e+00
c0541	posthoc_spl_soft__spl_loud_p	1.9073486328125e-06	1.9073486328125e-06	0.00e+00
c0541	posthoc_spl_soft__spl_loud_padj	5.7220458984375e-06	5.7220458984375e-06	0.00e+00
c0541	posthoc_spl_soft__spl_medium_diff	-10.530375000000006	-10.530375000000006	0.00e+00
c0541	posthoc_spl_soft__spl_medium_p	1.9073486328125e-06	1.9073486328125e-06	0.00e+00
c0541	posthoc_spl_soft__spl_medium_padj	5.7220458984375e-06	5.7220458984375e-06	0.00e+00
c0542	chi_square	40	40	0.00e+00
c0542	df	2	2	0.00e+00
c0542	kendalls_w	1	1	0.00e+00
c0542	kendalls_w	1	1	0.00e+00
c0542	n	20	20	0.00e+00
c0542	n_excluded	0	0	0.00e+00
c0542	p	2.0611536224385566e-09	2.0611536224385579e-09	6.02e-16
c0542	posthoc_spl_medium__spl_loud_diff	-11.216649999999998	-11.216649999999998	0.00e+00
c0542	posthoc_spl_medium__spl_loud_p	1.9073486328125e-06	1.9073486328125e-06	0.00e+00
c0542	posthoc_spl_medium__spl_loud_padj	5.7220458984375e-06	5.7220458984375e-06	0.00e+00
c0542	posthoc_spl_soft__spl_loud_diff	-21.549325	-21.549325	0.00e+00
c0542	posthoc_spl_soft__spl_loud_p	1.9073486328125e-06	1.9073486328125e-06	0.00e+00
c0542	posthoc_spl_soft__spl_loud_padj	5.7220458984375e-06	5.7220458984375e-06	0.00e+00
c0542	posthoc_spl_soft__spl_medium_diff	-10.530375000000006	-10.530375000000006	0.00e+00
c0542	posthoc_spl_soft__spl_medium_p	1.9073486328125e-06	1.9073486328125e-06	0.00e+00
c0542	posthoc_spl_soft__spl_medium_padj	5.7220458984375e-06	5.7220458984375e-06	0.00e+00
c0543	chi_square	40	40	0.00e+00
c0543	df	2	2	0.00e+00
c0543	kendalls_w	1	1	0.00e+00
c0543	kendalls_w	1	1	0.00e+00
c0543	n	20	20	0.00e+00
c0543	n_excluded	0	0	0.00e+00
c0543	p	2.0611536224385566e-09	2.0611536224385579e-09	6.02e-16
c0543	posthoc_spl_medium__spl_loud_diff	-11.216649999999998	-11.216649999999998	0.00e+00
c0543	posthoc_spl_medium__spl_loud_p	1.9073486328125e-06	1.9073486328125e-06	0.00e+00
c0543	posthoc_spl_medium__spl_loud_padj	1.9073486328125e-06	1.9073486328125e-06	0.00e+00
c0543	posthoc_spl_soft__spl_loud_diff	-21.549325	-21.549325	0.00e+00
c0543	posthoc_spl_soft__spl_loud_p	1.9073486328125e-06	1.9073486328125e-06	0.00e+00
c0543	posthoc_spl_soft__spl_loud_padj	1.9073486328125e-06	1.9073486328125e-06	0.00e+00
c0543	posthoc_spl_soft__spl_medium_diff	-10.530375000000006	-10.530375000000006	0.00e+00
c0543	posthoc_spl_soft__spl_medium_p	1.9073486328125e-06	1.9073486328125e-06	0.00e+00
c0543	posthoc_spl_soft__spl_medium_padj	1.9073486328125e-06	1.9073486328125e-06	0.00e+00
c0544	chi_square	40	40	0.00e+00
c0544	df	2	2	0.00e+00
c0544	kendalls_w	1	1	0.00e+00
c0544	kendalls_w	1	1	0.00e+00
c0544	n	20	20	0.00e+00
c0544	n_excluded	0	0	0.00e+00
c0544	p	2.0611536224385566e-09	2.0611536224385579e-09	6.02e-16
c0545	chi_square	40	40	0.00e+00
c0545	df	2	2	0.00e+00
c0545	kendalls_w	1	1	0.00e+00
c0545	kendalls_w	1	1	0.00e+00
c0545	n	20	20	0.00e+00
c0545	n_excluded	0	0	0.00e+00
c0545	p	2.0611536224385566e-09	2.0611536224385579e-09	6.02e-16
c0545	posthoc_spl_loud__spl_medium_diff	11.216649999999998	11.216649999999998	0.00e+00
c0545	posthoc_spl_loud__spl_medium_p	1.9073486328125e-06	1.9073486328125e-06	0.00e+00
c0545	posthoc_spl_loud__spl_medium_padj	5.7220458984375e-06	5.7220458984375e-06	0.00e+00
c0545	posthoc_spl_loud__spl_soft_diff	21.549325	21.549325	0.00e+00
c0545	posthoc_spl_loud__spl_soft_p	1.9073486328125e-06	1.9073486328125e-06	0.00e+00
c0545	posthoc_spl_loud__spl_soft_padj	5.7220458984375e-06	5.7220458984375e-06	0.00e+00
c0545	posthoc_spl_medium__spl_soft_diff	10.530375000000006	10.530375000000006	0.00e+00
c0545	posthoc_spl_medium__spl_soft_p	1.9073486328125e-06	1.9073486328125e-06	0.00e+00
c0545	posthoc_spl_medium__spl_soft_padj	5.7220458984375e-06	5.7220458984375e-06	0.00e+00
c0546	chi_square	40	40	0.00e+00
c0546	df	2	2	0.00e+00
c0546	kendalls_w	1	1	0.00e+00
c0546	kendalls_w	1	1	0.00e+00
c0546	n	20	20	0.00e+00
c0546	n_excluded	0	0	0.00e+00
c0546	p	2.0611536224385566e-09	2.0611536224385579e-09	6.02e-16
c0546	posthoc_spl_loud__spl_medium_diff	11.216649999999998	11.216649999999998	0.00e+00
c0546	posthoc_spl_loud__spl_medium_p	1.9073486328125e-06	1.9073486328125e-06	0.00e+00
c0546	posthoc_spl_loud__spl_medium_padj	5.7220458984375e-06	5.7220458984375e-06	0.00e+00
c0546	posthoc_spl_loud__spl_soft_diff	21.549325	21.549325	0.00e+00
c0546	posthoc_spl_loud__spl_soft_p	1.9073486328125e-06	1.9073486328125e-06	0.00e+00
c0546	posthoc_spl_loud__spl_soft_padj	5.7220458984375e-06	5.7220458984375e-06	0.00e+00
c0546	posthoc_spl_medium__spl_soft_diff	10.530375000000006	10.530375000000006	0.00e+00
c0546	posthoc_spl_medium__spl_soft_p	1.9073486328125e-06	1.9073486328125e-06	0.00e+00
c0546	posthoc_spl_medium__spl_soft_padj	5.7220458984375e-06	5.7220458984375e-06	0.00e+00
c0547	chi_square	40	40	0.00e+00
c0547	df	2	2	0.00e+00
c0547	kendalls_w	1	1	0.00e+00
c0547	kendalls_w	1	1	0.00e+00
c0547	n	20	20	0.00e+00
c0547	n_excluded	0	0	0.00e+00
c0547	p	2.0611536224385566e-09	2.0611536224385579e-09	6.02e-16
c0547	posthoc_spl_loud__spl_medium_diff	11.216649999999998	11.216649999999998	0.00e+00
c0547	posthoc_spl_loud__spl_medium_p	1.9073486328125e-06	1.9073486328125e-06	0.00e+00
c0547	posthoc_spl_loud__spl_medium_padj	1.9073486328125e-06	1.9073486328125e-06	0.00e+00
c0547	posthoc_spl_loud__spl_soft_diff	21.549325	21.549325	0.00e+00
c0547	posthoc_spl_loud__spl_soft_p	1.9073486328125e-06	1.9073486328125e-06	0.00e+00
c0547	posthoc_spl_loud__spl_soft_padj	1.9073486328125e-06	1.9073486328125e-06	0.00e+00
c0547	posthoc_spl_medium__spl_soft_diff	10.530375000000006	10.530375000000006	0.00e+00
c0547	posthoc_spl_medium__spl_soft_p	1.9073486328125e-06	1.9073486328125e-06	0.00e+00
c0547	posthoc_spl_medium__spl_soft_padj	1.9073486328125e-06	1.9073486328125e-06	0.00e+00
c0548	chi_square	8	8	0.00e+00
c0548	df	2	2	0.00e+00
c0548	kendalls_w	1	1	0.00e+00
c0548	kendalls_w	1	1	0.00e+00
c0548	n	4	4	0.00e+00
c0548	n_excluded	0	0	0.00e+00
c0548	p	0.018315638888734182	0.018315638888734179	1.89e-16
c0549	chi_square	8	8	0.00e+00
c0549	df	2	2	0.00e+00
c0549	kendalls_w	1	1	0.00e+00
c0549	kendalls_w	1	1	0.00e+00
c0549	n	4	4	0.00e+00
c0549	n_excluded	0	0	0.00e+00
c0549	p	0.018315638888734182	0.018315638888734179	1.89e-16
c0549	posthoc_medium__loud_diff	-10	-10	0.00e+00
c0549	posthoc_medium__loud_p	0.07186063822585156	0.071860638225851606	5.79e-16
c0549	posthoc_medium__loud_padj	0.2155819146775547	0.21558191467755483	6.44e-16
c0549	posthoc_soft__loud_diff	-20	-20	0.00e+00
c0549	posthoc_soft__loud_p	0.07186063822585156	0.071860638225851606	5.79e-16
c0549	posthoc_soft__loud_padj	0.2155819146775547	0.21558191467755483	6.44e-16
c0549	posthoc_soft__medium_diff	-10	-10	0.00e+00
c0549	posthoc_soft__medium_p	0.07186063822585156	0.071860638225851606	5.79e-16
c0549	posthoc_soft__medium_padj	0.2155819146775547	0.21558191467755483	6.44e-16
c0550	chi_square	8	8	0.00e+00
c0550	df	2	2	0.00e+00
c0550	kendalls_w	1	1	0.00e+00
c0550	kendalls_w	1	1	0.00e+00
c0550	n	4	4	0.00e+00
c0550	n_excluded	0	0	0.00e+00
c0550	p	0.018315638888734182	0.018315638888734179	1.89e-16
c0550	posthoc_medium__loud_diff	-10	-10	0.00e+00
c0550	posthoc_medium__loud_p	0.07186063822585156	0.071860638225851606	5.79e-16
c0550	posthoc_medium__loud_padj	0.2155819146775547	0.21558191467755483	6.44e-16
c0550	posthoc_soft__loud_diff	-20	-20	0.00e+00
c0550	posthoc_soft__loud_p	0.07186063822585156	0.071860638225851606	5.79e-16
c0550	posthoc_soft__loud_padj	0.2155819146775547	0.21558191467755483	6.44e-16
c0550	posthoc_soft__medium_diff	-10	-10	0.00e+00
c0550	posthoc_soft__medium_p	0.07186063822585156	0.071860638225851606	5.79e-16
c0550	posthoc_soft__medium_padj	0.2155819146775547	0.21558191467755483	6.44e-16
c0551	chi_square	8	8	0.00e+00
c0551	df	2	2	0.00e+00
c0551	kendalls_w	1	1	0.00e+00
c0551	kendalls_w	1	1	0.00e+00
c0551	n	4	4	0.00e+00
c0551	n_excluded	0	0	0.00e+00
c0551	p	0.018315638888734182	0.018315638888734179	1.89e-16
c0551	posthoc_medium__loud_diff	-10	-10	0.00e+00
c0551	posthoc_medium__loud_p	0.07186063822585156	0.071860638225851606	5.79e-16
c0551	posthoc_medium__loud_padj	0.07186063822585156	0.071860638225851606	5.79e-16
c0551	posthoc_soft__loud_diff	-20	-20	0.00e+00
c0551	posthoc_soft__loud_p	0.07186063822585156	0.071860638225851606	5.79e-16
c0551	posthoc_soft__loud_padj	0.07186063822585156	0.071860638225851606	5.79e-16
c0551	posthoc_soft__medium_diff	-10	-10	0.00e+00
c0551	posthoc_soft__medium_p	0.07186063822585156	0.071860638225851606	5.79e-16
c0551	posthoc_soft__medium_padj	0.07186063822585156	0.071860638225851606	5.79e-16
c0552	chi_square	4	4	0.00e+00
c0552	df	2	2	0.00e+00
c0552	kendalls_w	1	1	0.00e+00
c0552	kendalls_w	1	1	0.00e+00
c0552	n	2	2	0.00e+00
c0552	n_excluded	0	0	0.00e+00
c0552	p	0.1353352832366127	0.1353352832366127	0.00e+00
c0553	chi_square	4	4	0.00e+00
c0553	df	2	2	0.00e+00
c0553	kendalls_w	1	1	0.00e+00
c0553	kendalls_w	1	1	0.00e+00
c0553	n	2	2	0.00e+00
c0553	n_excluded	0	0	0.00e+00
c0553	p	0.1353352832366127	0.1353352832366127	0.00e+00
c0553	posthoc_medium__loud_diff	-6	-6	0.00e+00
c0553	posthoc_medium__loud_p	0.5	0.5	0.00e+00
c0553	posthoc_medium__loud_padj	1	1	0.00e+00
c0553	posthoc_soft__loud_diff	-10.5	-10.5	0.00e+00
c0553	posthoc_soft__loud_p	0.5	0.5	0.00e+00
c0553	posthoc_soft__loud_padj	1	1	0.00e+00
c0553	posthoc_soft__medium_diff	-4.5	-4.5	0.00e+00
c0553	posthoc_soft__medium_p	0.5	0.5	0.00e+00
c0553	posthoc_soft__medium_padj	1	1	0.00e+00
c0554	chi_square	4	4	0.00e+00
c0554	df	2	2	0.00e+00
c0554	kendalls_w	1	1	0.00e+00
c0554	kendalls_w	1	1	0.00e+00
c0554	n	2	2	0.00e+00
c0554	n_excluded	0	0	0.00e+00
c0554	p	0.1353352832366127	0.1353352832366127	0.00e+00
c0554	posthoc_medium__loud_diff	-6	-6	0.00e+00
c0554	posthoc_medium__loud_p	0.5	0.5	0.00e+00
c0554	posthoc_medium__loud_padj	1	1	0.00e+00
c0554	posthoc_soft__loud_diff	-10.5	-10.5	0.00e+00
c0554	posthoc_soft__loud_p	0.5	0.5	0.00e+00
c0554	posthoc_soft__loud_padj	1	1	0.00e+00
c0554	posthoc_soft__medium_diff	-4.5	-4.5	0.00e+00
c0554	posthoc_soft__medium_p	0.5	0.5	0.00e+00
c0554	posthoc_soft__medium_padj	1	1	0.00e+00
c0555	chi_square	4	4	0.00e+00
c0555	df	2	2	0.00e+00
c0555	kendalls_w	1	1	0.00e+00
c0555	kendalls_w	1	1	0.00e+00
c0555	n	2	2	0.00e+00
c0555	n_excluded	0	0	0.00e+00
c0555	p	0.1353352832366127	0.1353352832366127	0.00e+00
c0555	posthoc_medium__loud_diff	-6	-6	0.00e+00
c0555	posthoc_medium__loud_p	0.5	0.5	0.00e+00
c0555	posthoc_medium__loud_padj	0.5	0.5	0.00e+00
c0555	posthoc_soft__loud_diff	-10.5	-10.5	0.00e+00
c0555	posthoc_soft__loud_p	0.5	0.5	0.00e+00
c0555	posthoc_soft__loud_padj	0.5	0.5	0.00e+00
c0555	posthoc_soft__medium_diff	-4.5	-4.5	0.00e+00
c0555	posthoc_soft__medium_p	0.5	0.5	0.00e+00
c0555	posthoc_soft__medium_padj	0.5	0.5	0.00e+00
c0556	chi_square	12.800000000000011	12.800000000000001	8.33e-16
c0556	df	1	1	0.00e+00
c0556	kendalls_w	0.6400000000000006	0.64000000000000001	8.67e-16
c0556	kendalls_w	0.6400000000000006	0.64000000000000001	8.67e-16
c0556	n	20	20	0.00e+00
c0556	n_excluded	0	0	0.00e+00
c0556	p	0.0003466193511346646	0.0003466193511346668	6.41e-15
c0557	chi_square	12.800000000000011	12.800000000000001	8.33e-16
c0557	df	1	1	0.00e+00
c0557	kendalls_w	0.6400000000000006	0.64000000000000001	8.67e-16
c0557	kendalls_w	0.6400000000000006	0.64000000000000001	8.67e-16
c0557	n	20	20	0.00e+00
c0557	n_excluded	0	0	0.00e+00
c0557	p	0.0003466193511346646	0.0003466193511346668	6.41e-15
c0557	posthoc_jitter_pre__jitter_post_diff	0.7562942799022089	0.75629427990220888	0.00e+00
c0557	posthoc_jitter_pre__jitter_post_p	9.5367431640625e-06	9.5367431640625e-06	0.00e+00
c0557	posthoc_jitter_pre__jitter_post_padj	9.5367431640625e-06	9.5367431640625e-06	0.00e+00
c0558	chi_square	12.800000000000011	12.800000000000001	8.33e-16
c0558	df	1	1	0.00e+00
c0558	kendalls_w	0.6400000000000006	0.64000000000000001	8.67e-16
c0558	kendalls_w	0.6400000000000006	0.64000000000000001	8.67e-16
c0558	n	20	20	0.00e+00
c0558	n_excluded	0	0	0.00e+00
c0558	p	0.0003466193511346646	0.0003466193511346668	6.41e-15
c0558	posthoc_jitter_pre__jitter_post_diff	0.7562942799022089	0.75629427990220888	0.00e+00
c0558	posthoc_jitter_pre__jitter_post_p	9.5367431640625e-06	9.5367431640625e-06	0.00e+00
c0558	posthoc_jitter_pre__jitter_post_padj	9.5367431640625e-06	9.5367431640625e-06	0.00e+00
c0559	chi_square	12.800000000000011	12.800000000000001	8.33e-16
c0559	df	1	1	0.00e+00
c0559	kendalls_w	0.6400000000000006	0.64000000000000001	8.67e-16
c0559	kendalls_w	0.6400000000000006	0.64000000000000001	8.67e-16
c0559	n	20	20	0.00e+00
c0559	n_excluded	0	0	0.00e+00
c0559	p	0.0003466193511346646	0.0003466193511346668	6.41e-15
c0559	posthoc_jitter_pre__jitter_post_diff	0.7562942799022089	0.75629427990220888	0.00e+00
c0559	posthoc_jitter_pre__jitter_post_p	9.5367431640625e-06	9.5367431640625e-06	0.00e+00
c0559	posthoc_jitter_pre__jitter_post_padj	9.5367431640625e-06	9.5367431640625e-06	0.00e+00
c0560	refused	1	1	0.00e+00
c0561	df	2	2	0.00e+00
c0561	n	6	6	0.00e+00
c0561	n_excluded	0	0	0.00e+00
c0561	posthoc_spl_medium__spl_loud_diff	0	0	0.00e+00
c0561	posthoc_spl_medium__spl_loud_p_undefined	1	1	0.00e+00
c0561	posthoc_spl_medium__spl_loud_padj_undefined	1	1	0.00e+00
c0561	posthoc_spl_soft__spl_loud_diff	0	0	0.00e+00
c0561	posthoc_spl_soft__spl_loud_p_undefined	1	1	0.00e+00
c0561	posthoc_spl_soft__spl_loud_padj_undefined	1	1	0.00e+00
c0561	posthoc_spl_soft__spl_medium_diff	0	0	0.00e+00
c0561	posthoc_spl_soft__spl_medium_p_undefined	1	1	0.00e+00
c0561	posthoc_spl_soft__spl_medium_padj_undefined	1	1	0.00e+00
c0562	refused	1	1	0.00e+00
c0563	chi_square	8	8	0.00e+00
c0563	df	2	2	0.00e+00
c0563	kendalls_w	1	1	0.00e+00
c0563	kendalls_w	1	1	0.00e+00
c0563	n	4	4	0.00e+00
c0563	n_excluded	1	1	0.00e+00
c0563	p	0.018315638888734182	0.018315638888734179	1.89e-16
c0563	posthoc_spl_medium__spl_loud_diff	-10	-10	0.00e+00
c0563	posthoc_spl_medium__spl_loud_p	0.07186063822585156	0.071860638225851606	5.79e-16
c0563	posthoc_spl_medium__spl_loud_padj	0.2155819146775547	0.21558191467755483	6.44e-16
c0563	posthoc_spl_soft__spl_loud_diff	-20	-20	0.00e+00
c0563	posthoc_spl_soft__spl_loud_p	0.07186063822585156	0.071860638225851606	5.79e-16
c0563	posthoc_spl_soft__spl_loud_padj	0.2155819146775547	0.21558191467755483	6.44e-16
c0563	posthoc_spl_soft__spl_medium_diff	-10	-10	0.00e+00
c0563	posthoc_spl_soft__spl_medium_p	0.07186063822585156	0.071860638225851606	5.79e-16
c0563	posthoc_spl_soft__spl_medium_padj	0.2155819146775547	0.21558191467755483	6.44e-16
c0566	alpha	0.8493397358943577	0.84933973589435774	0.00e+00
c0566	alpha_ci_high	0.9176253888333021	0.91762538883330214	0.00e+00
c0566	alpha_ci_low	0.7518199836602204	0.75181998366022051	1.48e-16
c0566	alpha_if_deleted_item1	0.8649845064187693	0.86498450641876934	0.00e+00
c0566	alpha_if_deleted_item2	0.809044256665509	0.80904425666550905	0.00e+00
c0566	alpha_if_deleted_item3	0.7639026695015355	0.76390266950153551	0.00e+00
c0566	alpha_if_deleted_item4	0.828163466272772	0.82816346627277204	0.00e+00
c0566	alpha_if_deleted_item5	0.814883433688436	0.81488343368843597	0.00e+00
c0566	k	5	5	0.00e+00
c0566	n	24	24	0.00e+00
c0566	n_excluded	0	0	0.00e+00
c0567	alpha	0.8493397358943577	0.84933973589435774	0.00e+00
c0567	alpha_ci_high	0.926969614607198	0.92696961460719796	0.00e+00
c0567	alpha_ci_low	0.7271721302911083	0.72717213029110828	0.00e+00
c0567	alpha_if_deleted_item1	0.8649845064187693	0.86498450641876934	0.00e+00
c0567	alpha_if_deleted_item2	0.809044256665509	0.80904425666550905	0.00e+00
c0567	alpha_if_deleted_item3	0.7639026695015355	0.76390266950153551	0.00e+00
c0567	alpha_if_deleted_item4	0.828163466272772	0.82816346627277204	0.00e+00
c0567	alpha_if_deleted_item5	0.814883433688436	0.81488343368843597	0.00e+00
c0567	k	5	5	0.00e+00
c0567	n	24	24	0.00e+00
c0567	n_excluded	0	0	0.00e+00
c0568	alpha	0.8493397358943577	0.84933973589435774	0.00e+00
c0568	alpha_ci_high	0.942847746916707	0.94284774691670725	2.36e-16
c0568	alpha_ci_low	0.6729382044477892	0.67293820444778918	0.00e+00
c0568	alpha_if_deleted_item1	0.8649845064187693	0.86498450641876934	0.00e+00
c0568	alpha_if_deleted_item2	0.809044256665509	0.80904425666550905	0.00e+00
c0568	alpha_if_deleted_item3	0.7639026695015355	0.76390266950153551	0.00e+00
c0568	alpha_if_deleted_item4	0.828163466272772	0.82816346627277204	0.00e+00
c0568	alpha_if_deleted_item5	0.814883433688436	0.81488343368843597	0.00e+00
c0568	k	5	5	0.00e+00
c0568	n	24	24	0.00e+00
c0568	n_excluded	0	0	0.00e+00
c0569	alpha	0.28685258964143445	0.28685258964143423	7.74e-16
c0569	alpha_ci_high	0.7469251218357992	0.74692512183579951	4.46e-16
c0569	alpha_ci_low	-1.0095998172175378	-1.0095998172175396	1.76e-15
c0569	k	2	2	0.00e+00
c0569	n	12	12	0.00e+00
c0569	n_excluded	0	0	0.00e+00
c0570	alpha	0.28685258964143445	0.28685258964143423	7.74e-16
c0570	alpha_ci_high	0.7947008650229355	0.79470086502293558	1.40e-16
c0570	alpha_ci_low	-1.4772594826468484	-1.4772594826468515	2.10e-15
c0570	k	2	2	0.00e+00
c0570	n	12	12	0.00e+00
c0570	n_excluded	0	0	0.00e+00
c0571	alpha	0.28685258964143445	0.28685258964143423	7.74e-16
c0571	alpha_ci_high	0.8659413456319343	0.86594134563193403	2.56e-16
c0571	alpha_ci_low	-2.7937068016869206	-2.7937068016869251	1.59e-15
c0571	k	2	2	0.00e+00
c0571	n	12	12	0.00e+00
c0571	n_excluded	0	0	0.00e+00
c0572	alpha	0.8434293822309541	0.84342938223095398	1.32e-16
c0572	alpha_ci_high	0.9185244638495635	0.91852446384956377	2.42e-16
c0572	alpha_ci_low	0.7333351735613672	0.73333517356136602	1.67e-15
c0572	alpha_if_deleted_item1	0.8627678054429646	0.86276780544296461	0.00e+00
c0572	alpha_if_deleted_item2	0.8106435643564357	0.8106435643564357	0.00e+00
c0572	alpha_if_deleted_item3	0.7499999999999998	0.75	2.96e-16
c0572	alpha_if_deleted_item4	0.8134661628306423	0.81346616283064233	0.00e+00
c0572	alpha_if_deleted_item5	0.8049414824447334	0.8049414824447334	0.00e+00
c0572	k	5	5	0.00e+00
c0572	n	21	21	0.00e+00
c0572	n_excluded	3	3	0.00e+00
c0573	alpha	0.8434293822309541	0.84342938223095398	1.32e-16
c0573	alpha_ci_high	0.9285140545042088	0.92851405450420899	2.39e-16
c0573	alpha_ci_low	0.7049791230318669	0.70497912303186572	1.73e-15
c0573	alpha_if_deleted_item1	0.8627678054429646	0.86276780544296461	0.00e+00
c0573	alpha_if_deleted_item2	0.8106435643564357	0.8106435643564357	0.00e+00
c0573	alpha_if_deleted_item3	0.7499999999999998	0.75	2.96e-16
c0573	alpha_if_deleted_item4	0.8134661628306423	0.81346616283064233	0.00e+00
c0573	alpha_if_deleted_item5	0.8049414824447334	0.8049414824447334	0.00e+00
c0573	k	5	5	0.00e+00
c0573	n	21	21	0.00e+00
c0573	n_excluded	3	3	0.00e+00
c0574	alpha	0.8434293822309541	0.84342938223095398	1.32e-16
c0574	alpha_ci_high	0.9452827294278181	0.94528272942781832	2.35e-16
c0574	alpha_ci_low	0.6420453912409133	0.64204539124091209	1.90e-15
c0574	alpha_if_deleted_item1	0.8627678054429646	0.86276780544296461	0.00e+00
c0574	alpha_if_deleted_item2	0.8106435643564357	0.8106435643564357	0.00e+00
c0574	alpha_if_deleted_item3	0.7499999999999998	0.75	2.96e-16
c0574	alpha_if_deleted_item4	0.8134661628306423	0.81346616283064233	0.00e+00
c0574	alpha_if_deleted_item5	0.8049414824447334	0.8049414824447334	0.00e+00
c0574	k	5	5	0.00e+00
c0574	n	21	21	0.00e+00
c0574	n_excluded	3	3	0.00e+00
c0575	alpha	-0.14101139205334817	-0.14101139205334817	0.00e+00
c0575	alpha_ci_high	0.3761436015321097	0.37614360153210968	0.00e+00
c0575	alpha_ci_low	-0.8795680971667004	-0.87956809716670015	2.52e-16
c0575	alpha_if_deleted_item1	-0.5458851391355832	-0.54588513913558323	0.00e+00
c0575	alpha_if_deleted_item2	-0.6610890943783945	-0.66108909437839447	0.00e+00
c0575	alpha_if_deleted_item3	0.7639026695015355	0.76390266950153551	0.00e+00
c0575	alpha_if_deleted_item4	-1.729353233830846	-1.7293532338308464	2.57e-16
c0575	alpha_if_deleted_item5	-1.0431705590941258	-1.043170559094126	2.13e-16
c0575	k	5	5	0.00e+00
c0575	n	24	24	0.00e+00
c0575	n_excluded	0	0	0.00e+00
c0576	alpha	-0.14101139205334817	-0.14101139205334817	0.00e+00
c0576	alpha_ci_high	0.4469112197971191	0.44691121979711945	7.45e-16
c0576	alpha_ci_low	-1.066236304943752	-1.066236304943752	0.00e+00
c0576	alpha_if_deleted_item1	-0.5458851391355832	-0.54588513913558323	0.00e+00
c0576	alpha_if_deleted_item2	-0.6610890943783945	-0.66108909437839447	0.00e+00
c0576	alpha_if_deleted_item3	0.7639026695015355	0.76390266950153551	0.00e+00
c0576	alpha_if_deleted_item4	-1.729353233830846	-1.7293532338308464	2.57e-16
c0576	alpha_if_deleted_item5	-1.0431705590941258	-1.043170559094126	2.13e-16
c0576	k	5	5	0.00e+00
c0576	n	24	24	0.00e+00
c0576	n_excluded	0	0	0.00e+00
c0577	alpha	-0.14101139205334817	-0.14101139205334817	0.00e+00
c0577	alpha_ci_high	0.5671627669268688	0.56716276692687029	2.54e-15
c0577	alpha_ci_low	-1.4769718601370747	-1.4769718601370743	3.01e-16
c0577	alpha_if_deleted_item1	-0.5458851391355832	-0.54588513913558323	0.00e+00
c0577	alpha_if_deleted_item2	-0.6610890943783945	-0.66108909437839447	0.00e+00
c0577	alpha_if_deleted_item3	0.7639026695015355	0.76390266950153551	0.00e+00
c0577	alpha_if_deleted_item4	-1.729353233830846	-1.7293532338308464	2.57e-16
c0577	alpha_if_deleted_item5	-1.0431705590941258	-1.043170559094126	2.13e-16
c0577	k	5	5	0.00e+00
c0577	n	24	24	0.00e+00
c0577	n_excluded	0	0	0.00e+00
c0578	alpha	0.8098266961651918	0.80982669616519176	0.00e+00
c0578	alpha_ci_high	0.9029284427158659	0.9029284427158657	2.46e-16
c0578	alpha_ci_low	0.6719455178429101	0.67194551784291068	8.26e-16
c0578	alpha_if_deleted_item1	0.7813790074659639	0.78137900746596389	0.00e+00
c0578	alpha_if_deleted_item2	0.7441087926917886	0.74410879269178865	0.00e+00
c0578	alpha_if_deleted_item3	0.7655122655122654	0.76551226551226548	1.45e-16
c0578	alpha_if_deleted_item4	0.8098713938129996	0.80987139381299955	0.00e+00
c0578	alpha_if_deleted_item5	0.7588730332967435	0.75887303329674349	0.00e+00
c0578	k	5	5	0.00e+00
c0578	n	20	20	0.00e+00
c0578	n_excluded	0	0	0.00e+00
c0579	alpha	0.8098266961651918	0.80982669616519176	0.00e+00
c0579	alpha_ci_high	0.915177095068319	0.91517709506831879	2.43e-16
c0579	alpha_ci_low	0.636174760674951	0.63617476067495127	3.49e-16
c0579	alpha_if_deleted_item1	0.7813790074659639	0.78137900746596389	0.00e+00
c0579	alpha_if_deleted_item2	0.7441087926917886	0.74410879269178865	0.00e+00
c0579	alpha_if_deleted_item3	0.7655122655122654	0.76551226551226548	1.45e-16
c0579	alpha_if_deleted_item4	0.8098713938129996	0.80987139381299955	0.00e+00
c0579	alpha_if_deleted_item5	0.7588730332967435	0.75887303329674349	0.00e+00
c0579	k	5	5	0.00e+00
c0579	n	20	20	0.00e+00
c0579	n_excluded	0	0	0.00e+00
c0580	alpha	0.8098266961651918	0.80982669616519176	0.00e+00
c0580	alpha_ci_high	0.9356392041855635	0.93563920418556346	0.00e+00
c0580	alpha_ci_low	0.55651967594894	0.55651967594894058	9.97e-16
c0580	alpha_if_deleted_item1	0.7813790074659639	0.78137900746596389	0.00e+00
c0580	alpha_if_deleted_item2	0.7441087926917886	0.74410879269178865	0.00e+00
c0580	alpha_if_deleted_item3	0.7655122655122654	0.76551226551226548	1.45e-16
c0580	alpha_if_deleted_item4	0.8098713938129996	0.80987139381299955	0.00e+00
c0580	alpha_if_deleted_item5	0.7588730332967435	0.75887303329674349	0.00e+00
c0580	k	5	5	0.00e+00
c0580	n	20	20	0.00e+00
c0580	n_excluded	0	0	0.00e+00
c0581	alpha	0.8809464404524283	0.88094644045242854	2.52e-16
c0581	alpha_ci_high	0.9418508445811001	0.94185084458110047	3.54e-16
c0581	alpha_ci_low	0.7886590082966808	0.78865900829668079	0.00e+00
c0581	alpha_if_deleted_item1	0.846889289178329	0.84688928917832895	0.00e+00
c0581	alpha_if_deleted_item2	0.8556378600823044	0.85563786008230436	0.00e+00
c0581	alpha_if_deleted_item3	0.8492481686158591	0.84924816861585906	0.00e+00
c0581	alpha_if_deleted_item4	0.8779033270558695	0.87790332705586938	1.26e-16
c0581	alpha_if_deleted_item5	0.8453745225045673	0.84537452250456735	0.00e+00
c0581	k	5	5	0.00e+00
c0581	n	18	18	0.00e+00
c0581	n_excluded	2	2	0.00e+00
c0582	alpha	0.8809464404524283	0.88094644045242854	2.52e-16
c0582	alpha_ci_high	0.9496627005677689	0.94966270056776914	2.34e-16
c0582	alpha_ci_low	0.7643236092210787	0.76432360922107867	0.00e+00
c0582	alpha_if_deleted_item1	0.846889289178329	0.84688928917832895	0.00e+00
c0582	alpha_if_deleted_item2	0.8556378600823044	0.85563786008230436	0.00e+00
c0582	alpha_if_deleted_item3	0.8492481686158591	0.84924816861585906	0.00e+00
c0582	alpha_if_deleted_item4	0.8779033270558695	0.87790332705586938	1.26e-16
c0582	alpha_if_deleted_item5	0.8453745225045673	0.84537452250456735	0.00e+00
c0582	k	5	5	0.00e+00
c0582	n	18	18	0.00e+00
c0582	n_excluded	2	2	0.00e+00
c0583	alpha	0.8809464404524283	0.88094644045242854	2.52e-16
c0583	alpha_ci_high	0.9625688511243594	0.96256885112435953	1.15e-16
c0583	alpha_ci_low	0.7097218270605387	0.70972182706053888	3.13e-16
c0583	alpha_if_deleted_item1	0.846889289178329	0.84688928917832895	0.00e+00
c0583	alpha_if_deleted_item2	0.8556378600823044	0.85563786008230436	0.00e+00
c0583	alpha_if_deleted_item3	0.8492481686158591	0.84924816861585906	0.00e+00
c0583	alpha_if_deleted_item4	0.8779033270558695	0.87790332705586938	1.26e-16
c0583	alpha_if_deleted_item5	0.8453745225045673	0.84537452250456735	0.00e+00
c0583	k	5	5	0.00e+00
c0583	n	18	18	0.00e+00
c0583	n_excluded	2	2	0.00e+00
c0584	alpha	0.8992248062015503	0.89922480620155032	0.00e+00
c0584	alpha_ci_high	0.9947864654305973	0.99478646543059734	0.00e+00
c0584	alpha_ci_low	0.4816876973085158	0.48168769730851646	1.38e-15
c0584	alpha_if_deleted_item1	0.8400000000000001	0.84000000000000008	0.00e+00
c0584	alpha_if_deleted_item2	0.9107142857142858	0.91071428571428581	0.00e+00
c0584	alpha_if_deleted_item3	0.84375	0.84375	0.00e+00
c0584	alpha_if_deleted_item4	0.8709677419354838	0.87096774193548376	0.00e+00
c0584	k	4	4	0.00e+00
c0584	n	3	3	0.00e+00
c0584	n_excluded	0	0	0.00e+00
c0585	alpha	0.8992248062015503	0.89922480620155032	0.00e+00
c0585	alpha_ci_high	0.9974377966386407	0.99743779663864074	0.00e+00
c0585	alpha_ci_low	0.26838663689315934	0.26838663689315967	1.24e-15
c0585	alpha_if_deleted_item1	0.8400000000000001	0.84000000000000008	0.00e+00
c0585	alpha_if_deleted_item2	0.9107142857142858	0.91071428571428581	0.00e+00
c0585	alpha_if_deleted_item3	0.84375	0.84375	0.00e+00
c0585	alpha_if_deleted_item4	0.8709677419354838	0.87096774193548376	0.00e+00
c0585	k	4	4	0.00e+00
c0585	n	3	3	0.00e+00
c0585	n_excluded	0	0	0.00e+00
c0586	alpha	0.8992248062015503	0.89922480620155032	0.00e+00
c0586	alpha_ci_high	0.999494437885385	0.99949443788538495	0.00e+00
c0586	alpha_ci_low	-0.4656851440356873	-0.46568514403568706	4.77e-16
c0586	alpha_if_deleted_item1	0.8400000000000001	0.84000000000000008	0.00e+00
c0586	alpha_if_deleted_item2	0.9107142857142858	0.91071428571428581	0.00e+00
c0586	alpha_if_deleted_item3	0.84375	0.84375	0.00e+00
c0586	alpha_if_deleted_item4	0.8709677419354838	0.87096774193548376	0.00e+00
c0586	k	4	4	0.00e+00
c0586	n	3	3	0.00e+00
c0586	n_excluded	0	0	0.00e+00
c0587	refuse_reason	Alpha needs at least 3 complete respondents; 2 arrived and 2 remained after listwise deletion.	Alpha needs at least 3 complete respondents; 2 arrived and 2 remained after listwise deletion.	
c0587	refused	1	1	0.00e+00
c0588	alpha	0.8493397358943577	0.84933973589435774	0.00e+00
c0588	delta_max	0.023774484010184782	0.023774484010184782	0.00e+00
c0588	delta_max_row	16	16	0.00e+00
c0588	delta_row_1	-0.0018711634817523137	-0.0018711634817523137	0.00e+00
c0588	delta_row_10	0.004365545195931797	0.004365545195931797	0.00e+00
c0588	delta_row_11	0.0009546291182578326	0.00095462911825805463	2.33e-13
c0588	delta_row_12	0.010469803967432245	0.010469803967432245	0.00e+00
c0588	delta_row_13	-0.005721964385190015	-0.0057219643851900148	0.00e+00
c0588	delta_row_14	-0.0005795456769663865	-0.00057954567696638648	0.00e+00
c0588	delta_row_15	-0.01584112423231887	-0.015841124232318871	0.00e+00
c0588	delta_row_16	-0.023774484010184782	-0.023774484010184782	0.00e+00
c0588	delta_row_17	0.005043000806880249	0.005043000806880138	2.20e-14
c0588	delta_row_18	0.007134001141440138	0.0071340011414401383	0.00e+00
c0588	delta_row_19	-0.021620775355377875	-0.021620775355377875	0.00e+00
c0588	delta_row_2	0.012390002886620177	0.012390002886620177	0.00e+00
c0588	delta_row_20	0.013076960001819016	0.013076960001819016	0.00e+00
c0588	delta_row_21	0.005159843584195745	0.0051598435841957446	0.00e+00
c0588	delta_row_22	0.010459856496946585	0.010459856496946585	0.00e+00
c0588	delta_row_23	0.0033008092504462905	0.0033008092504462905	0.00e+00
c0588	delta_row_24	0.008203800609326128	0.0082038006093260174	1.35e-14
c0588	delta_row_3	0.0033751179877103965	0.0033751179877103965	0.00e+00
c0588	delta_row_4	-0.012829880929686732	-0.012829880929686843	8.65e-15
c0588	delta_row_5	-0.012829880929686732	-0.012829880929686843	8.65e-15
c0588	delta_row_6	0.007157250040002783	0.0071572500400027828	0.00e+00
c0588	delta_row_7	0.002236073304960895	0.002236073304960895	0.00e+00
c0588	delta_row_8	-0.010086968366682436	-0.010086968366682436	0.00e+00
c0588	delta_row_9	0.00011358622507029459	0.00011358622507029459	0.00e+00
c0588	k	5	5	0.00e+00
c0588	n	24	24	0.00e+00
c0588	n_excluded	0	0	0.00e+00
c0589	alpha	0.28685258964143445	0.28685258964143423	7.74e-16
c0589	delta_max	0.20405650126765673	0.20405650126765651	1.09e-15
c0589	delta_max_row	10	10	0.00e+00
c0589	delta_row_1	-0.04611184890069353	-0.046111848900693309	4.82e-15
c0589	delta_row_10	0.20405650126765673	0.20405650126765651	1.09e-15
c0589	delta_row_11	-0.04611184890069353	-0.046111848900693309	4.82e-15
c0589	delta_row_12	0.15759185480300997	0.15759185480301019	1.41e-15
c0589	delta_row_2	-0.09330420254466043	-0.093304202544660209	2.38e-15
c0589	delta_row_3	-0.09330420254466043	-0.093304202544660209	2.38e-15
c0589	delta_row_4	-0.032307135095980044	-0.0323071350959796	1.37e-14
c0589	delta_row_5	-0.032307135095980044	-0.0323071350959796	1.37e-14
c0589	delta_row_6	0.15759185480300997	0.15759185480301019	1.41e-15
c0589	delta_row_7	-0.032307135095980044	-0.0323071350959796	1.37e-14
c0589	delta_row_8	-0.1520211289672766	-0.15202112896727726	4.38e-15
c0589	delta_row_9	-0.04611184890069353	-0.046111848900693309	4.82e-15
c0589	k	2	2	0.00e+00
c0589	n	12	12	0.00e+00
c0589	n_excluded	0	0	0.00e+00
c0590	alpha	0.8434293822309538	0.84342938223095398	2.63e-16
c0590	delta_max	0.02554085944127782	0.025540859441278041	8.69e-15
c0590	delta_max_row	16	16	0.00e+00
c0590	delta_row_1	-9.487228860760588e-05	-9.4872288607827926e-05	2.34e-12
c0590	delta_row_10	0.0044250511497954115	0.0044250511497951894	5.02e-14
c0590	delta_row_11	0.002273068580230131	0.0022730685802301309	0.00e+00
c0590	delta_row_12	0.010905001154882132	0.01090500115488191	2.04e-14
c0590	delta_row_13	-0.010717939444884195	-0.010717939444884417	2.07e-14
c0590	delta_row_14	0.0012201070912374323	0.0012201070912372103	1.82e-13
c0590	delta_row_15	-0.016960409139245902	-0.016960409139246124	1.31e-14
c0590	delta_row_16	-0.02554085944127782	-0.025540859441278041	8.69e-15
c0590	delta_row_17	0.005091938264231932	0.0050919382642318212	2.18e-14
c0590	delta_row_18	0.009963556787844885	0.009963556787844885	0.00e+00
c0590	delta_row_20	0.016582608176720193	0.016582608176719971	1.34e-14
c0590	delta_row_21	0.008313800371738567	0.0083138003717384557	1.34e-14
c0590	delta_row_22	0.01224610523422709	0.012246105234227089	0.00e+00
c0590	delta_row_23	0.0014615613442002795	0.0014615613442001685	7.60e-14
c0590	delta_row_24	0.007794071139314074	0.0077940711393138518	2.85e-14
c0590	delta_row_3	0.00352545491640055	0.003525454916400439	3.15e-14
c0590	delta_row_4	-0.02180016874780777	-0.021800168747807991	1.02e-14
c0590	delta_row_5	-0.02180016874780777	-0.021800168747807991	1.02e-14
c0590	delta_row_6	0.007216970492961217	0.0072169704929611056	1.54e-14
c0590	delta_row_8	-0.008512968857093628	-0.00851296885709385	2.61e-14
c0590	delta_row_9	0.001122453000895307	0.001122453000895085	1.98e-13
c0590	k	5	5	0.00e+00
c0590	n	21	21	0.00e+00
c0590	n_excluded	3	3	0.00e+00
c0591	alpha	-0.1410113920533479	-0.14101139205334817	1.97e-15
c0591	delta_max	0.12296376322615515	0.12296376322615488	2.26e-15
c0591	delta_max_row	19	19	0.00e+00
c0591	delta_row_1	0.021649939212106395	0.021649939212106117	1.28e-14
c0591	delta_row_10	0.01126643357173468	0.011266433571734957	2.46e-14
c0591	delta_row_11	-0.0010507051932831524	-0.0010507051932834299	2.64e-13
c0591	delta_row_12	0.03483095854426799	0.034830958544267709	7.97e-15
c0591	delta_row_13	-0.09416902031778612	-0.094169020317785845	2.95e-15
c0591	delta_row_14	-0.027055834837408366	-0.027055834837408088	1.03e-14
c0591	delta_row_15	0.002122503164459222	0.0021225031644592218	0.00e+00
c0591	delta_row_16	-0.02433252329056723	-0.024332523290567232	0.00e+00
c0591	delta_row_17	0.019201647273765776	0.019201647273765776	0.00e+00
c0591	delta_row_18	-0.021053433877024075	-0.021053433877023797	1.32e-14
c0591	delta_row_19	-0.12296376322615515	-0.12296376322615488	2.26e-15
c0591	delta_row_2	0.015714832148246982	0.01571483214824726	1.77e-14
c0591	delta_row_20	0.10910883984917158	0.10910883984917158	0.00e+00
c0591	delta_row_21	0.01359487184245195	0.01359487184245195	0.00e+00
c0591	delta_row_22	0.05835477952434581	0.058354779524345812	0.00e+00
c0591	delta_row_23	0.007559434757974104	0.0075594347579743815	3.67e-14
c0591	delta_row_24	0.0008868368932055115	0.00088683689320578907	3.13e-13
c0591	delta_row_3	0.05292170073127461	0.05292170073127489	5.24e-15
c0591	delta_row_4	-0.04181721619407497	-0.041817216194074414	1.33e-14
c0591	delta_row_5	-0.04181721619407497	-0.041817216194074414	1.33e-14
c0591	delta_row_6	0.027902343329450074	0.027902343329450352	9.95e-15
c0591	delta_row_7	0.034427865371213506	0.034427865371213506	0.00e+00
c0591	delta_row_8	-0.08137617408421782	-0.081376174084217823	0.00e+00
c0591	delta_row_9	-0.003979820600430173	-0.0039798206004304504	6.97e-14
c0591	k	5	5	0.00e+00
c0591	n	24	24	0.00e+00
c0591	n_excluded	0	0	0.00e+00
c0592	alpha	0.8098266961651918	0.80982669616519176	0.00e+00
c0592	delta_max	0.084486192033566	0.084486192033565999	0.00e+00
c0592	delta_max_row	14	14	0.00e+00
c0592	delta_row_1	-0.0004516961651918061	-0.00045169616519180611	0.00e+00
c0592	delta_row_10	0.003934949797541054	0.0039349497975410541	0.00e+00
c0592	delta_row_11	-0.035820073648635486	-0.035820073648635486	0.00e+00
c0592	delta_row_12	0.004478534123644962	0.0044785341236449616	0.00e+00
c0592	delta_row_13	-0.008264196165191806	-0.0082641961651918061	0.00e+00
c0592	delta_row_14	0.084486192033566	0.084486192033565999	0.00e+00
c0592	delta_row_15	-0.009528315943537868	-0.0095283159435378684	0.00e+00
c0592	delta_row_16	0.003990634045580976	0.0039906340455809763	0.00e+00
c0592	delta_row_17	-0.004956041355167473	-0.0049560413551674731	0.00e+00
c0592	delta_row_18	-0.005683381513470365	-0.0056833815134704757	1.95e-14
c0592	delta_row_19	0.002823423930885194	0.0028234239308850828	3.93e-14
c0592	delta_row_2	0.003014833889453006	0.0030148338894531168	3.68e-14
c0592	delta_row_20	0.005834782434030017	0.0058347824340299059	1.90e-14
c0592	delta_row_3	-0.032980243298330936	-0.032980243298330714	6.73e-15
c0592	delta_row_4	-0.022996339022334666	-0.022996339022334666	0.00e+00
c0592	delta_row_5	0.007331688927975866	0.0073316889279758657	0.00e+00
c0592	delta_row_6	-0.029146951639644314	-0.029146951639644314	0.00e+00
c0592	delta_row_7	0.007293926402901829	0.0072939264029014961	4.57e-14
c0592	delta_row_8	0.002823423930885194	0.0028234239308850828	3.93e-14
c0592	delta_row_9	0.0018871403127956876	0.0018871403127956876	0.00e+00
c0592	k	5	5	0.00e+00
c0592	n	20	20	0.00e+00
c0592	n_excluded	0	0	0.00e+00
c0593	alpha	0.8809464404524285	0.88094644045242854	0.00e+00
c0593	delta_max	0.03273665065001752	0.032736650650017518	0.00e+00
c0593	delta_max_row	17	17	0.00e+00
c0593	delta_row_1	-0.021800354223880936	-0.021800354223880936	0.00e+00
c0593	delta_row_10	0.0120682005777355	0.012068200577735499	0.00e+00
c0593	delta_row_11	-0.004031983971292785	-0.0040319839712927852	0.00e+00
c0593	delta_row_12	-0.008739462796607311	-0.0087394627966073113	0.00e+00
c0593	delta_row_13	0.004489049247607513	0.0044890492476075128	0.00e+00
c0593	delta_row_14	-0.021800354223880936	-0.021800354223880936	0.00e+00
c0593	delta_row_15	0.01305927689615105	0.013059276896151051	0.00e+00
c0593	delta_row_16	0.009030518072917104	0.0090305180729171042	0.00e+00
c0593	delta_row_17	0.03273665065001752	0.032736650650017518	0.00e+00
c0593	delta_row_18	-0.008739462796607311	-0.0087394627966073113	0.00e+00
c0593	delta_row_19	-0.016630417013349996	-0.016630417013349996	0.00e+00
c0593	delta_row_2	0.0026820380441381353	0.0026820380441381353	0.00e+00
c0593	delta_row_20	0.0055893115729326315	0.0055893115729326315	0.00e+00
c0593	delta_row_4	-0.000996870037785369	-0.00099687003778536898	0.00e+00
c0593	delta_row_6	-0.0019307512480952749	-0.0019307512480952749	0.00e+00
c0593	delta_row_7	-0.005445199283820479	-0.0054451992838204788	0.00e+00
c0593	delta_row_8	0.0020044088428370355	0.0020044088428370355	0.00e+00
c0593	delta_row_9	-0.0026311621558279263	-0.0026311621558278153	4.22e-14
c0593	k	5	5	0.00e+00
c0593	n	18	18	0.00e+00
c0593	n_excluded	2	2	0.00e+00
c0594	alpha	0.8992248062015503	0.89922480620155032	0.00e+00
c0594	delta_max_row	1	1	0.00e+00
c0594	delta_row_2	0.06373815676141248	0.06373815676141259	1.74e-15
c0594	delta_row_3	0.02594526182566037	0.025945261825660482	4.28e-15
c0594	k	4	4	0.00e+00
c0594	n	3	3	0.00e+00
c0594	n_excluded	0	0	0.00e+00
c0595	refuse_reason	Respondent influence needs at least 3 complete respondents (leave-one-out on fewer would rest on a single row); 2 arrived and 2 remained after listwise deletion.	Respondent influence needs at least 3 complete respondents (leave-one-out on fewer would rest on a single row); 2 arrived and 2 remained after listwise deletion.	
c0595	refused	1	1	0.00e+00
c0596	chi_square	5.833333333333334	5.8333333333333339	0.00e+00
c0596	cramers_v	0.2886751345948129	0.28867513459481292	0.00e+00
c0596	cramers_v	0.2886751345948129	0.28867513459481292	0.00e+00
c0596	df	1	1	0.00e+00
c0596	min_expected	15	15	0.00e+00
c0596	n	70	70	0.00e+00
c0596	n_cells_below5	0	0	0.00e+00
c0596	p	0.015725299754505328	0.015725299754505352	1.54e-15
c0597	chi_square	4.725	4.7249999999999996	0.00e+00
c0597	cramers_v	0.2886751345948129	0.28867513459481292	0.00e+00
c0597	cramers_v	0.2886751345948129	0.28867513459481292	0.00e+00
c0597	df	1	1	0.00e+00
c0597	min_expected	15	15	0.00e+00
c0597	n	70	70	0.00e+00
c0597	n_cells_below5	0	0	0.00e+00
c0597	p	0.029727183306054606	0.029727183306054644	1.28e-15
c0598	chi_square	1.6666666666666665	1.6666666666666665	0.00e+00
c0598	cramers_v	0.408248290463863	0.40824829046386302	0.00e+00
c0598	cramers_v	0.408248290463863	0.40824829046386302	0.00e+00
c0598	df	1	1	0.00e+00
c0598	min_expected	2	2	0.00e+00
c0598	n	10	10	0.00e+00
c0598	n_cells_below5	4	4	0.00e+00
c0598	p	0.19670560245894705	0.19670560245894694	5.64e-16
c0599	chi_square	0.41666666666666663	0.41666666666666663	0.00e+00
c0599	cramers_v	0.408248290463863	0.40824829046386302	0.00e+00
c0599	cramers_v	0.408248290463863	0.40824829046386302	0.00e+00
c0599	df	1	1	0.00e+00
c0599	min_expected	2	2	0.00e+00
c0599	n	10	10	0.00e+00
c0599	n_cells_below5	4	4	0.00e+00
c0599	p	0.5186050164287259	0.5186050164287257	4.28e-16
c0600	chi_square	10.687023279834737	10.687023279834737	0.00e+00
c0600	cramers_v	0.2110195812382777	0.21101958123827769	0.00e+00
c0600	cramers_v	0.2110195812382777	0.21101958123827766	1.32e-16
c0600	df	6	6	0.00e+00
c0600	min_expected	9.333333333333334	9.3333333333333339	0.00e+00
c0600	n	120	120	0.00e+00
c0600	n_cells_below5	0	0	0.00e+00
c0600	p	0.09854452836137971	0.098544528361379988	2.82e-15
c0601	chi_square	10.687023279834737	10.687023279834737	0.00e+00
c0601	cramers_v	0.2110195812382777	0.21101958123827769	0.00e+00
c0601	cramers_v	0.2110195812382777	0.21101958123827766	1.32e-16
c0601	df	6	6	0.00e+00
c0601	min_expected	9.333333333333334	9.3333333333333339	0.00e+00
c0601	n	120	120	0.00e+00
c0601	n_cells_below5	0	0	0.00e+00
c0601	p	0.09854452836137971	0.098544528361379988	2.82e-15
c0602	chi_square	9.435897435897436	9.4358974358974361	0.00e+00
c0602	cramers_v	0.6405126152203485	0.64051261522034852	0.00e+00
c0602	cramers_v	0.6405126152203485	0.64051261522034852	0.00e+00
c0602	df	1	1	0.00e+00
c0602	min_expected	3.4782608695652173	3.4782608695652173	0.00e+00
c0602	n	23	23	0.00e+00
c0602	n_cells_below5	2	2	0.00e+00
c0602	p	0.002127789414946903	0.0021277894149469073	2.04e-15
c0603	chi_square	6.918060897435899	6.9180608974358977	1.28e-16
c0603	cramers_v	0.6405126152203485	0.64051261522034852	0.00e+00
c0603	cramers_v	0.6405126152203485	0.64051261522034852	0.00e+00
c0603	df	1	1	0.00e+00
c0603	min_expected	3.4782608695652173	3.4782608695652173	0.00e+00
c0603	n	23	23	0.00e+00
c0603	n_cells_below5	2	2	0.00e+00
c0603	p	0.008532945435254721	0.0085329454352547317	1.22e-15
c0604	ci_high	0.6725962321148441	0.67259623211484398	1.65e-16
c0604	ci_low	0.3274037678851559	0.32740376788515602	3.39e-16
c0604	n	20	20	0.00e+00
c0604	prop_hat	0.5	0.5	0.00e+00
c0605	ci_high	0.7007019918017876	0.70070199180178772	1.58e-16
c0605	ci_low	0.29929800819821234	0.2992980081982124	1.85e-16
c0605	n	20	20	0.00e+00
c0605	prop_hat	0.5	0.5	0.00e+00
c0606	ci_high	0.7495522996782205	0.74955229967822046	0.00e+00
c0606	ci_low	0.25044770032177954	0.2504477003217796	2.22e-16
c0606	n	20	20	0.00e+00
c0606	prop_hat	0.5	0.5	0.00e+00
c0607	ci_high	0.08480529424830949	0.084805294248309418	8.18e-16
c0607	ci_low	0.004474564106509857	0.0044745641065098516	1.16e-15
c0607	n	50	50	0.00e+00
c0607	prop_hat	0.02	0.02	0.00e+00
c0608	ci_high	0.1049544358963781	0.10495443589637811	1.32e-16
c0608	ci_low	0.0035392592716462293	0.0035392592716462297	1.23e-16
c0608	n	50	50	0.00e+00
c0608	prop_hat	0.02	0.02	0.00e+00
c0609	ci_high	0.15011352743408946	0.15011352743408948	1.85e-16
c0609	ci_low	0.002352480614833341	0.0023524806148333358	2.21e-15
c0609	n	50	50	0.00e+00
c0609	prop_hat	0.02	0.02	0.00e+00
c0610	ci_high	0.9955254358934902	0.99552543589348996	2.23e-16
c0610	ci_low	0.9151947057516905	0.91519470575169048	0.00e+00
c0610	n	50	50	0.00e+00
c0610	prop_hat	0.98	0.97999999999999998	0.00e+00
c0611	ci_high	0.9964607407283539	0.99646074072835389	0.00e+00
c0611	ci_low	0.8950455641036219	0.89504556410362202	1.24e-16
c0611	n	50	50	0.00e+00
c0611	prop_hat	0.98	0.97999999999999998	0.00e+00
c0612	ci_high	0.9976475193851666	0.99764751938516671	1.11e-16
c0612	ci_low	0.8498864725659105	0.84988647256591054	0.00e+00
c0612	n	50	50	0.00e+00
c0612	prop_hat	0.98	0.97999999999999998	0.00e+00
c0613	ci_high	0.857293527980787	0.85729352798078684	1.30e-16
c0613	ci_low	0.2724831718661928	0.27248317186619292	4.07e-16
c0613	n	5	5	0.00e+00
c0613	prop_hat	0.6	0.59999999999999998	0.00e+00
c0614	ci_high	0.8823792257673521	0.88237922576735195	1.26e-16
c0614	ci_low	0.23072428127601297	0.23072428127601299	1.20e-16
c0614	n	5	5	0.00e+00
c0614	prop_hat	0.6	0.59999999999999998	0.00e+00
c0615	ci_high	0.9172921377751658	0.91729213777516583	0.00e+00
c0615	ci_low	0.1686561980194322	0.16865619801943221	0.00e+00
c0615	n	5	5	0.00e+00
c0615	prop_hat	0.6	0.59999999999999998	0.00e+00
c0616	ci_high	0.7232704815703593	0.72327048157035922	1.54e-16
c0616	ci_low	0.6756502211337364	0.67565022113373652	1.64e-16
c0616	n	1000	1000	0.00e+00
c0616	prop_hat	0.7	0.69999999999999996	0.00e+00
c0617	ci_high	0.7275931575229951	0.72759315752299503	1.53e-16
c0617	ci_low	0.6708761390827828	0.67087613908278276	0.00e+00
c0617	n	1000	1000	0.00e+00
c0617	prop_hat	0.7	0.69999999999999996	0.00e+00
c0618	ci_high	0.7359092080797351	0.73590920807973514	0.00e+00
c0618	ci_low	0.6614543259589021	0.66145432595890197	1.68e-16
c0618	n	1000	1000	0.00e+00
c0618	prop_hat	0.7	0.69999999999999996	0.00e+00
c0619	ci_high	0.2129419700834071	0.21294197008340682	1.30e-15
c0619	ci_low	0	0	0.00e+00
c0619	n	10	10	0.00e+00
c0619	prop_hat	0	0	0.00e+00
c0620	ci_high	0.27753279986288915	0.27753279986288915	0.00e+00
c0620	ci_low	0	0	0.00e+00
c0620	n	10	10	0.00e+00
c0620	prop_hat	0	0	0.00e+00
c0621	ci_high	0.39885409330490795	0.39885409330490795	0.00e+00
c0621	ci_low	0	0	0.00e+00
c0621	n	10	10	0.00e+00
c0621	prop_hat	0	0	0.00e+00
c0622	ci_high	1	1	0.00e+00
c0622	ci_low	0.7870580299165931	0.78705802991659313	0.00e+00
c0622	n	10	10	0.00e+00
c0622	prop_hat	1	1	0.00e+00
c0623	ci_high	1	1	0.00e+00
c0623	ci_low	0.7224672001371109	0.72246720013711085	0.00e+00
c0623	n	10	10	0.00e+00
c0623	prop_hat	1	1	0.00e+00
c0624	ci_high	1	1	0.00e+00
c0624	ci_low	0.6011459066950919	0.60114590669509194	0.00e+00
c0624	n	10	10	0.00e+00
c0624	prop_hat	1	1	0.00e+00
c0625	ci_high	0.35111650076510137	0.35111650076510104	9.49e-16
c0625	ci_low	0	0	0.00e+00
c0625	n	5	5	0.00e+00
c0625	prop_hat	0	0	0.00e+00
c0626	ci_high	0.43448246478317465	0.43448246478317465	0.00e+00
c0626	ci_low	0	0	0.00e+00
c0626	n	5	5	0.00e+00
c0626	prop_hat	0	0	0.00e+00
c0627	ci_high	0.5702583210270091	0.57025832102700902	1.95e-16
c0627	ci_low	0	0	0.00e+00
c0627	n	5	5	0.00e+00
c0627	prop_hat	0	0	0.00e+00
c0628	ci_high	1	1	0.00e+00
c0628	ci_low	0.6488834992348986	0.64888349923489896	5.13e-16
c0628	n	5	5	0.00e+00
c0628	prop_hat	1	1	0.00e+00
c0629	ci_high	1	1	0.00e+00
c0629	ci_low	0.5655175352168254	0.56551753521682535	0.00e+00
c0629	n	5	5	0.00e+00
c0629	prop_hat	1	1	0.00e+00
c0630	ci_high	1	1	0.00e+00
c0630	ci_low	0.42974167897299087	0.42974167897299087	0.00e+00
c0630	n	5	5	0.00e+00
c0630	prop_hat	1	1	0.00e+00
