analysis	quantity	plugin_value	r_value	relative_difference	kind	reason	study
c0005	wilcox_r		0.2651736660581735		reported by R only (documented)	R reports Rosenthal's r, which is the test statistic divided by the square root of the sample size. It is not the rank-biserial correlation the plugin reports, and there is nothing to compare it against.	options
c0006	wilcox_r		0.2651736660581735		reported by R only (documented)	R reports Rosenthal's r, which is the test statistic divided by the square root of the sample size. It is not the rank-biserial correlation the plugin reports, and there is nothing to compare it against.	options
c0007	wilcox_r		0.2651736660581735		reported by R only (documented)	R reports Rosenthal's r, which is the test statistic divided by the square root of the sample size. It is not the rank-biserial correlation the plugin reports, and there is nothing to compare it against.	options
c0008	wilcox_r		0.2651736660581735		reported by R only (documented)	R reports Rosenthal's r, which is the test statistic divided by the square root of the sample size. It is not the rank-biserial correlation the plugin reports, and there is nothing to compare it against.	options
c0013	wilcox_r		0.75275105203610548		reported by R only (documented)	R reports Rosenthal's r, which is the test statistic divided by the square root of the sample size. It is not the rank-biserial correlation the plugin reports, and there is nothing to compare it against.	options
c0014	wilcox_r		0.75275105203610548		reported by R only (documented)	R reports Rosenthal's r, which is the test statistic divided by the square root of the sample size. It is not the rank-biserial correlation the plugin reports, and there is nothing to compare it against.	options
c0015	wilcox_r		0.75275105203610548		reported by R only (documented)	R reports Rosenthal's r, which is the test statistic divided by the square root of the sample size. It is not the rank-biserial correlation the plugin reports, and there is nothing to compare it against.	options
c0016	wilcox_r		0.75275105203610548		reported by R only (documented)	R reports Rosenthal's r, which is the test statistic divided by the square root of the sample size. It is not the rank-biserial correlation the plugin reports, and there is nothing to compare it against.	options
c0021	wilcox_r		0.42559523809523819		reported by R only (documented)	R reports Rosenthal's r, which is the test statistic divided by the square root of the sample size. It is not the rank-biserial correlation the plugin reports, and there is nothing to compare it against.	options
c0022	wilcox_r		0.42559523809523819		reported by R only (documented)	R reports Rosenthal's r, which is the test statistic divided by the square root of the sample size. It is not the rank-biserial correlation the plugin reports, and there is nothing to compare it against.	options
c0023	wilcox_r		0.42559523809523819		reported by R only (documented)	R reports Rosenthal's r, which is the test statistic divided by the square root of the sample size. It is not the rank-biserial correlation the plugin reports, and there is nothing to compare it against.	options
c0024	wilcox_r		0.42559523809523819		reported by R only (documented)	R reports Rosenthal's r, which is the test statistic divided by the square root of the sample size. It is not the rank-biserial correlation the plugin reports, and there is nothing to compare it against.	options
c0029	wilcox_r		0.81547619047619069		reported by R only (documented)	R reports Rosenthal's r, which is the test statistic divided by the square root of the sample size. It is not the rank-biserial correlation the plugin reports, and there is nothing to compare it against.	options
c0030	wilcox_r		0.81547619047619069		reported by R only (documented)	R reports Rosenthal's r, which is the test statistic divided by the square root of the sample size. It is not the rank-biserial correlation the plugin reports, and there is nothing to compare it against.	options
c0031	wilcox_r		0.81547619047619069		reported by R only (documented)	R reports Rosenthal's r, which is the test statistic divided by the square root of the sample size. It is not the rank-biserial correlation the plugin reports, and there is nothing to compare it against.	options
c0032	wilcox_r		0.81547619047619069		reported by R only (documented)	R reports Rosenthal's r, which is the test statistic divided by the square root of the sample size. It is not the rank-biserial correlation the plugin reports, and there is nothing to compare it against.	options
c0033	refuse_reason	Group column "voice_type" has 3 groups. This test compares exactly 2.	Group column 'voice_type' has 3 group(s) after excluding blanks; this test compares exactly 2.		wording differs (both refuse)	Where data cannot be analysed, both programs refuse the same analyses and each writes its refusal in its own words. That the same analyses refuse is checked separately.	options
c0034	refuse_reason	Group column "fam" has 5 groups. This test compares exactly 2.	Group column 'fam' has 5 group(s) after excluding blanks; this test compares exactly 2.		wording differs (both refuse)	Where data cannot be analysed, both programs refuse the same analyses and each writes its refusal in its own words. That the same analyses refuse is checked separately.	options
c0037	posthoc_mezzo__alto_q	2.537010767882469			reported by plugin only (documented)	The q statistic is part of how the plugin computes Tukey's test, and R's `TukeyHSD` does not report it. It is listed rather than dropped so nothing computed goes unrecorded.	options
c0037	posthoc_soprano__alto_q	8.293715310905158			reported by plugin only (documented)	The q statistic is part of how the plugin computes Tukey's test, and R's `TukeyHSD` does not report it. It is listed rather than dropped so nothing computed goes unrecorded.	options
c0037	posthoc_soprano__mezzo_q	5.756704543022689			reported by plugin only (documented)	The q statistic is part of how the plugin computes Tukey's test, and R's `TukeyHSD` does not report it. It is listed rather than dropped so nothing computed goes unrecorded.	options
c0038	posthoc_alto__mezzo_q	2.537010767882469			reported by plugin only (documented)	The q statistic is part of how the plugin computes Tukey's test, and R's `TukeyHSD` does not report it. It is listed rather than dropped so nothing computed goes unrecorded.	options
c0038	posthoc_alto__soprano_q	8.293715310905158			reported by plugin only (documented)	The q statistic is part of how the plugin computes Tukey's test, and R's `TukeyHSD` does not report it. It is listed rather than dropped so nothing computed goes unrecorded.	options
c0038	posthoc_mezzo__soprano_q	5.756704543022689			reported by plugin only (documented)	The q statistic is part of how the plugin computes Tukey's test, and R's `TukeyHSD` does not report it. It is listed rather than dropped so nothing computed goes unrecorded.	options
c0041	posthoc_mezzo__alto_q	2.4885439229292845			reported by plugin only (documented)	The q statistic is part of how the plugin computes Tukey's test, and R's `TukeyHSD` does not report it. It is listed rather than dropped so nothing computed goes unrecorded.	options
c0041	posthoc_soprano__alto_q	3.667078694228382			reported by plugin only (documented)	The q statistic is part of how the plugin computes Tukey's test, and R's `TukeyHSD` does not report it. It is listed rather than dropped so nothing computed goes unrecorded.	options
c0041	posthoc_soprano__mezzo_q	1.1785347712990972			reported by plugin only (documented)	The q statistic is part of how the plugin computes Tukey's test, and R's `TukeyHSD` does not report it. It is listed rather than dropped so nothing computed goes unrecorded.	options
c0042	posthoc_alto__mezzo_q	2.4885439229292845			reported by plugin only (documented)	The q statistic is part of how the plugin computes Tukey's test, and R's `TukeyHSD` does not report it. It is listed rather than dropped so nothing computed goes unrecorded.	options
c0042	posthoc_alto__soprano_q	3.667078694228382			reported by plugin only (documented)	The q statistic is part of how the plugin computes Tukey's test, and R's `TukeyHSD` does not report it. It is listed rather than dropped so nothing computed goes unrecorded.	options
c0042	posthoc_mezzo__soprano_q	1.1785347712990972			reported by plugin only (documented)	The q statistic is part of how the plugin computes Tukey's test, and R's `TukeyHSD` does not report it. It is listed rather than dropped so nothing computed goes unrecorded.	options
c0045	posthoc_mezzo__alto_q	4.014924113037192			reported by plugin only (documented)	The q statistic is part of how the plugin computes Tukey's test, and R's `TukeyHSD` does not report it. It is listed rather than dropped so nothing computed goes unrecorded.	options
c0045	posthoc_soprano__alto_q	7.633704408947307			reported by plugin only (documented)	The q statistic is part of how the plugin computes Tukey's test, and R's `TukeyHSD` does not report it. It is listed rather than dropped so nothing computed goes unrecorded.	options
c0045	posthoc_soprano__mezzo_q	3.6187802959101156			reported by plugin only (documented)	The q statistic is part of how the plugin computes Tukey's test, and R's `TukeyHSD` does not report it. It is listed rather than dropped so nothing computed goes unrecorded.	options
c0046	posthoc_alto__mezzo_q	4.014924113037192			reported by plugin only (documented)	The q statistic is part of how the plugin computes Tukey's test, and R's `TukeyHSD` does not report it. It is listed rather than dropped so nothing computed goes unrecorded.	options
c0046	posthoc_alto__soprano_q	7.633704408947307			reported by plugin only (documented)	The q statistic is part of how the plugin computes Tukey's test, and R's `TukeyHSD` does not report it. It is listed rather than dropped so nothing computed goes unrecorded.	options
c0046	posthoc_mezzo__soprano_q	3.6187802959101156			reported by plugin only (documented)	The q statistic is part of how the plugin computes Tukey's test, and R's `TukeyHSD` does not report it. It is listed rather than dropped so nothing computed goes unrecorded.	options
c0049	posthoc_mezzo__alto_q	4.016257714470663			reported by plugin only (documented)	The q statistic is part of how the plugin computes Tukey's test, and R's `TukeyHSD` does not report it. It is listed rather than dropped so nothing computed goes unrecorded.	options
c0049	posthoc_soprano__alto_q	4.343281017397246			reported by plugin only (documented)	The q statistic is part of how the plugin computes Tukey's test, and R's `TukeyHSD` does not report it. It is listed rather than dropped so nothing computed goes unrecorded.	options
c0049	posthoc_soprano__mezzo_q	0.3270233029265829			reported by plugin only (documented)	The q statistic is part of how the plugin computes Tukey's test, and R's `TukeyHSD` does not report it. It is listed rather than dropped so nothing computed goes unrecorded.	options
c0050	posthoc_alto__mezzo_q	4.016257714470663			reported by plugin only (documented)	The q statistic is part of how the plugin computes Tukey's test, and R's `TukeyHSD` does not report it. It is listed rather than dropped so nothing computed goes unrecorded.	options
c0050	posthoc_alto__soprano_q	4.343281017397246			reported by plugin only (documented)	The q statistic is part of how the plugin computes Tukey's test, and R's `TukeyHSD` does not report it. It is listed rather than dropped so nothing computed goes unrecorded.	options
c0050	posthoc_mezzo__soprano_q	0.3270233029265829			reported by plugin only (documented)	The q statistic is part of how the plugin computes Tukey's test, and R's `TukeyHSD` does not report it. It is listed rather than dropped so nothing computed goes unrecorded.	options
c0053	posthoc_mezzo__alto_q	2.120311453379405			reported by plugin only (documented)	The q statistic is part of how the plugin computes Tukey's test, and R's `TukeyHSD` does not report it. It is listed rather than dropped so nothing computed goes unrecorded.	options
c0053	posthoc_soprano__alto_q	7.3398377180630465			reported by plugin only (documented)	The q statistic is part of how the plugin computes Tukey's test, and R's `TukeyHSD` does not report it. It is listed rather than dropped so nothing computed goes unrecorded.	options
c0053	posthoc_soprano__mezzo_q	5.219526264683642			reported by plugin only (documented)	The q statistic is part of how the plugin computes Tukey's test, and R's `TukeyHSD` does not report it. It is listed rather than dropped so nothing computed goes unrecorded.	options
c0054	posthoc_alto__mezzo_q	2.120311453379405			reported by plugin only (documented)	The q statistic is part of how the plugin computes Tukey's test, and R's `TukeyHSD` does not report it. It is listed rather than dropped so nothing computed goes unrecorded.	options
c0054	posthoc_alto__soprano_q	7.3398377180630465			reported by plugin only (documented)	The q statistic is part of how the plugin computes Tukey's test, and R's `TukeyHSD` does not report it. It is listed rather than dropped so nothing computed goes unrecorded.	options
c0054	posthoc_mezzo__soprano_q	5.219526264683642			reported by plugin only (documented)	The q statistic is part of how the plugin computes Tukey's test, and R's `TukeyHSD` does not report it. It is listed rather than dropped so nothing computed goes unrecorded.	options
c0057	posthoc_mezzo__alto_q	1.4925587367950603			reported by plugin only (documented)	The q statistic is part of how the plugin computes Tukey's test, and R's `TukeyHSD` does not report it. It is listed rather than dropped so nothing computed goes unrecorded.	options
c0057	posthoc_soprano__alto_q	3.1129389388163506			reported by plugin only (documented)	The q statistic is part of how the plugin computes Tukey's test, and R's `TukeyHSD` does not report it. It is listed rather than dropped so nothing computed goes unrecorded.	options
c0057	posthoc_soprano__mezzo_q	1.6203802020212905			reported by plugin only (documented)	The q statistic is part of how the plugin computes Tukey's test, and R's `TukeyHSD` does not report it. It is listed rather than dropped so nothing computed goes unrecorded.	options
c0058	posthoc_alto__mezzo_q	1.4925587367950603			reported by plugin only (documented)	The q statistic is part of how the plugin computes Tukey's test, and R's `TukeyHSD` does not report it. It is listed rather than dropped so nothing computed goes unrecorded.	options
c0058	posthoc_alto__soprano_q	3.1129389388163506			reported by plugin only (documented)	The q statistic is part of how the plugin computes Tukey's test, and R's `TukeyHSD` does not report it. It is listed rather than dropped so nothing computed goes unrecorded.	options
c0058	posthoc_mezzo__soprano_q	1.6203802020212905			reported by plugin only (documented)	The q statistic is part of how the plugin computes Tukey's test, and R's `TukeyHSD` does not report it. It is listed rather than dropped so nothing computed goes unrecorded.	options
c0061	posthoc_control__patient_padj	7.200010299079906e-08	7.2000089001988954e-08	1.94e-07	values differ (documented)	The q statistics match R exactly. The p-values derived from them differ only below 0.00001, because the two programs evaluate the studentised-range distribution differently in the far tail. Worst case is 0.13% at p about 5e-12, which is no difference at any usable significance level.	options
c0061	posthoc_control__patient_q	9.413551172050003			reported by plugin only (documented)	The q statistic is part of how the plugin computes Tukey's test, and R's `TukeyHSD` does not report it. It is listed rather than dropped so nothing computed goes unrecorded.	options
c0062	posthoc_control__patient_padj	7.200010299079906e-08	7.2000089001988954e-08	1.94e-07	values differ (documented)	The q statistics match R exactly. The p-values derived from them differ only below 0.00001, because the two programs evaluate the studentised-range distribution differently in the far tail. Worst case is 0.13% at p about 5e-12, which is no difference at any usable significance level.	options
c0062	posthoc_control__patient_q	9.413551172050003			reported by plugin only (documented)	The q statistic is part of how the plugin computes Tukey's test, and R's `TukeyHSD` does not report it. It is listed rather than dropped so nothing computed goes unrecorded.	options
c0065	posthoc_soprano__alto_q	5.518840452577204			reported by plugin only (documented)	The q statistic is part of how the plugin computes Tukey's test, and R's `TukeyHSD` does not report it. It is listed rather than dropped so nothing computed goes unrecorded.	options
c0066	posthoc_alto__soprano_q	5.518840452577204			reported by plugin only (documented)	The q statistic is part of how the plugin computes Tukey's test, and R's `TukeyHSD` does not report it. It is listed rather than dropped so nothing computed goes unrecorded.	options
c0069	posthoc_corr__mwu_q	2.808187156246141			reported by plugin only (documented)	The q statistic is part of how the plugin computes Tukey's test, and R's `TukeyHSD` does not report it. It is listed rather than dropped so nothing computed goes unrecorded.	options
c0069	posthoc_corr__perfect_q	3.21929466524434			reported by plugin only (documented)	The q statistic is part of how the plugin computes Tukey's test, and R's `TukeyHSD` does not report it. It is listed rather than dropped so nothing computed goes unrecorded.	options
c0069	posthoc_paired__corr_padj	7.046332406446254e-10	7.0462591317266288e-10	1.04e-05	values differ (documented)	The q statistics match R exactly. The p-values derived from them differ only below 0.00001, because the two programs evaluate the studentised-range distribution differently in the far tail. Worst case is 0.13% at p about 5e-12, which is no difference at any usable significance level.	options
c0069	posthoc_paired__corr_q	11.984223704644299			reported by plugin only (documented)	The q statistic is part of how the plugin computes Tukey's test, and R's `TukeyHSD` does not report it. It is listed rather than dropped so nothing computed goes unrecorded.	options
c0069	posthoc_paired__mwu_padj	8.608098789331109e-09	8.6080916839037513e-09	8.25e-07	values differ (documented)	The q statistics match R exactly. The p-values derived from them differ only below 0.00001, because the two programs evaluate the studentised-range distribution differently in the far tail. Worst case is 0.13% at p about 5e-12, which is no difference at any usable significance level.	options
c0069	posthoc_paired__mwu_q	10.923457037957593			reported by plugin only (documented)	The q statistic is part of how the plugin computes Tukey's test, and R's `TukeyHSD` does not report it. It is listed rather than dropped so nothing computed goes unrecorded.	options
c0069	posthoc_paired__perfect_padj	5.671796365902537e-12	5.6645799162424737e-12	1.27e-03	values differ (documented)	The q statistics match R exactly. The p-values derived from them differ only below 0.00001, because the two programs evaluate the studentised-range distribution differently in the far tail. Worst case is 0.13% at p about 5e-12, which is no difference at any usable significance level.	options
c0069	posthoc_paired__perfect_q	14.123877432410683			reported by plugin only (documented)	The q statistic is part of how the plugin computes Tukey's test, and R's `TukeyHSD` does not report it. It is listed rather than dropped so nothing computed goes unrecorded.	options
c0069	posthoc_perfect__mwu_q	0.43809051452847875			reported by plugin only (documented)	The q statistic is part of how the plugin computes Tukey's test, and R's `TukeyHSD` does not report it. It is listed rather than dropped so nothing computed goes unrecorded.	options
c0069	posthoc_welch__corr_q	8.04823666311085			reported by plugin only (documented)	The q statistic is part of how the plugin computes Tukey's test, and R's `TukeyHSD` does not report it. It is listed rather than dropped so nothing computed goes unrecorded.	options
c0069	posthoc_welch__mwu_padj	4.467722315215639e-06	4.4677223082212336e-06	1.57e-09	values differ (documented)	The q statistics match R exactly. The p-values derived from them differ only below 0.00001, because the two programs evaluate the studentised-range distribution differently in the far tail. Worst case is 0.13% at p about 5e-12, which is no difference at any usable significance level.	options
c0069	posthoc_welch__mwu_q	8.323719776041097			reported by plugin only (documented)	The q statistic is part of how the plugin computes Tukey's test, and R's `TukeyHSD` does not report it. It is listed rather than dropped so nothing computed goes unrecorded.	options
c0069	posthoc_welch__paired_q	3.22831484169387			reported by plugin only (documented)	The q statistic is part of how the plugin computes Tukey's test, and R's `TukeyHSD` does not report it. It is listed rather than dropped so nothing computed goes unrecorded.	options
c0069	posthoc_welch__perfect_padj	2.7871114083311e-08	2.7871106977883642e-08	2.55e-07	values differ (documented)	The q statistics match R exactly. The p-values derived from them differ only below 0.00001, because the two programs evaluate the studentised-range distribution differently in the far tail. Worst case is 0.13% at p about 5e-12, which is no difference at any usable significance level.	options
c0069	posthoc_welch__perfect_q	10.431706978608155			reported by plugin only (documented)	The q statistic is part of how the plugin computes Tukey's test, and R's `TukeyHSD` does not report it. It is listed rather than dropped so nothing computed goes unrecorded.	options
c0070	posthoc_corr__mwu_q	2.808187156246141			reported by plugin only (documented)	The q statistic is part of how the plugin computes Tukey's test, and R's `TukeyHSD` does not report it. It is listed rather than dropped so nothing computed goes unrecorded.	options
c0070	posthoc_corr__paired_padj	7.046332406446254e-10	7.0462591317266288e-10	1.04e-05	values differ (documented)	The q statistics match R exactly. The p-values derived from them differ only below 0.00001, because the two programs evaluate the studentised-range distribution differently in the far tail. Worst case is 0.13% at p about 5e-12, which is no difference at any usable significance level.	options
c0070	posthoc_corr__paired_q	11.984223704644299			reported by plugin only (documented)	The q statistic is part of how the plugin computes Tukey's test, and R's `TukeyHSD` does not report it. It is listed rather than dropped so nothing computed goes unrecorded.	options
c0070	posthoc_corr__perfect_q	3.21929466524434			reported by plugin only (documented)	The q statistic is part of how the plugin computes Tukey's test, and R's `TukeyHSD` does not report it. It is listed rather than dropped so nothing computed goes unrecorded.	options
c0070	posthoc_corr__welch_q	8.04823666311085			reported by plugin only (documented)	The q statistic is part of how the plugin computes Tukey's test, and R's `TukeyHSD` does not report it. It is listed rather than dropped so nothing computed goes unrecorded.	options
c0070	posthoc_mwu__paired_padj	8.608098789331109e-09	8.6080916839037513e-09	8.25e-07	values differ (documented)	The q statistics match R exactly. The p-values derived from them differ only below 0.00001, because the two programs evaluate the studentised-range distribution differently in the far tail. Worst case is 0.13% at p about 5e-12, which is no difference at any usable significance level.	options
c0070	posthoc_mwu__paired_q	10.923457037957593			reported by plugin only (documented)	The q statistic is part of how the plugin computes Tukey's test, and R's `TukeyHSD` does not report it. It is listed rather than dropped so nothing computed goes unrecorded.	options
c0070	posthoc_mwu__perfect_q	0.43809051452847875			reported by plugin only (documented)	The q statistic is part of how the plugin computes Tukey's test, and R's `TukeyHSD` does not report it. It is listed rather than dropped so nothing computed goes unrecorded.	options
c0070	posthoc_mwu__welch_padj	4.467722315215639e-06	4.4677223082212336e-06	1.57e-09	values differ (documented)	The q statistics match R exactly. The p-values derived from them differ only below 0.00001, because the two programs evaluate the studentised-range distribution differently in the far tail. Worst case is 0.13% at p about 5e-12, which is no difference at any usable significance level.	options
c0070	posthoc_mwu__welch_q	8.323719776041097			reported by plugin only (documented)	The q statistic is part of how the plugin computes Tukey's test, and R's `TukeyHSD` does not report it. It is listed rather than dropped so nothing computed goes unrecorded.	options
c0070	posthoc_paired__perfect_padj	5.671796365902537e-12	5.6645799162424737e-12	1.27e-03	values differ (documented)	The q statistics match R exactly. The p-values derived from them differ only below 0.00001, because the two programs evaluate the studentised-range distribution differently in the far tail. Worst case is 0.13% at p about 5e-12, which is no difference at any usable significance level.	options
c0070	posthoc_paired__perfect_q	14.123877432410683			reported by plugin only (documented)	The q statistic is part of how the plugin computes Tukey's test, and R's `TukeyHSD` does not report it. It is listed rather than dropped so nothing computed goes unrecorded.	options
c0070	posthoc_paired__welch_q	3.22831484169387			reported by plugin only (documented)	The q statistic is part of how the plugin computes Tukey's test, and R's `TukeyHSD` does not report it. It is listed rather than dropped so nothing computed goes unrecorded.	options
c0070	posthoc_perfect__welch_padj	2.7871114083311e-08	2.7871106977883642e-08	2.55e-07	values differ (documented)	The q statistics match R exactly. The p-values derived from them differ only below 0.00001, because the two programs evaluate the studentised-range distribution differently in the far tail. Worst case is 0.13% at p about 5e-12, which is no difference at any usable significance level.	options
c0070	posthoc_perfect__welch_q	10.431706978608155			reported by plugin only (documented)	The q statistic is part of how the plugin computes Tukey's test, and R's `TukeyHSD` does not report it. It is listed rather than dropped so nothing computed goes unrecorded.	options
c0073	posthoc_a__b_q	2.3294022981250175			reported by plugin only (documented)	The q statistic is part of how the plugin computes Tukey's test, and R's `TukeyHSD` does not report it. It is listed rather than dropped so nothing computed goes unrecorded.	options
c0073	posthoc_a__x_q	6.002327323241281			reported by plugin only (documented)	The q statistic is part of how the plugin computes Tukey's test, and R's `TukeyHSD` does not report it. It is listed rather than dropped so nothing computed goes unrecorded.	options
c0073	posthoc_a__y_q	4.40245256606793			reported by plugin only (documented)	The q statistic is part of how the plugin computes Tukey's test, and R's `TukeyHSD` does not report it. It is listed rather than dropped so nothing computed goes unrecorded.	options
c0073	posthoc_b__x_padj	2.773738538519588e-06	2.7737385315251828e-06	2.52e-09	values differ (documented)	The q statistics match R exactly. The p-values derived from them differ only below 0.00001, because the two programs evaluate the studentised-range distribution differently in the far tail. Worst case is 0.13% at p about 5e-12, which is no difference at any usable significance level.	options
c0073	posthoc_b__x_q	8.284666137670397			reported by plugin only (documented)	The q statistic is part of how the plugin computes Tukey's test, and R's `TukeyHSD` does not report it. It is listed rather than dropped so nothing computed goes unrecorded.	options
c0073	posthoc_b__y_q	6.684791380497046			reported by plugin only (documented)	The q statistic is part of how the plugin computes Tukey's test, and R's `TukeyHSD` does not report it. It is listed rather than dropped so nothing computed goes unrecorded.	options
c0073	posthoc_x__y_q	1.5688062704098924			reported by plugin only (documented)	The q statistic is part of how the plugin computes Tukey's test, and R's `TukeyHSD` does not report it. It is listed rather than dropped so nothing computed goes unrecorded.	options
c0074	posthoc_a__b_q	2.3294022981250175			reported by plugin only (documented)	The q statistic is part of how the plugin computes Tukey's test, and R's `TukeyHSD` does not report it. It is listed rather than dropped so nothing computed goes unrecorded.	options
c0074	posthoc_a__x_q	6.002327323241281			reported by plugin only (documented)	The q statistic is part of how the plugin computes Tukey's test, and R's `TukeyHSD` does not report it. It is listed rather than dropped so nothing computed goes unrecorded.	options
c0074	posthoc_a__y_q	4.40245256606793			reported by plugin only (documented)	The q statistic is part of how the plugin computes Tukey's test, and R's `TukeyHSD` does not report it. It is listed rather than dropped so nothing computed goes unrecorded.	options
c0074	posthoc_b__x_padj	2.773738538519588e-06	2.7737385315251828e-06	2.52e-09	values differ (documented)	The q statistics match R exactly. The p-values derived from them differ only below 0.00001, because the two programs evaluate the studentised-range distribution differently in the far tail. Worst case is 0.13% at p about 5e-12, which is no difference at any usable significance level.	options
c0074	posthoc_b__x_q	8.284666137670397			reported by plugin only (documented)	The q statistic is part of how the plugin computes Tukey's test, and R's `TukeyHSD` does not report it. It is listed rather than dropped so nothing computed goes unrecorded.	options
c0074	posthoc_b__y_q	6.684791380497046			reported by plugin only (documented)	The q statistic is part of how the plugin computes Tukey's test, and R's `TukeyHSD` does not report it. It is listed rather than dropped so nothing computed goes unrecorded.	options
c0074	posthoc_x__y_q	1.5688062704098924			reported by plugin only (documented)	The q statistic is part of how the plugin computes Tukey's test, and R's `TukeyHSD` does not report it. It is listed rather than dropped so nothing computed goes unrecorded.	options
c0075	refuse_reason	Group column "singer" has 6 groups for 6 rows - one per row. This is an identifier column, not a grouping column.			NOT DOCUMENTED -- see enforcement/why in reconciliation.tsv		
c0075	refused	1			NOT DOCUMENTED -- see enforcement/why in reconciliation.tsv		
c0076	eta_squared		0.49440073613986613		reported by R only (documented)	For the Kruskal-Wallis test R reports eta-squared and the plugin reports epsilon-squared. Both summarise the same effect, neither is derivable from the other, and each side reports its own choice.	options
c0076	eta_squared		0.49440073613986613		reported by R only (documented)	For the Kruskal-Wallis test R reports eta-squared and the plugin reports epsilon-squared. Both summarise the same effect, neither is derivable from the other, and each side reports its own choice.	options
c0077	eta_squared		0.49440073613986613		reported by R only (documented)	For the Kruskal-Wallis test R reports eta-squared and the plugin reports epsilon-squared. Both summarise the same effect, neither is derivable from the other, and each side reports its own choice.	options
c0077	eta_squared		0.49440073613986613		reported by R only (documented)	For the Kruskal-Wallis test R reports eta-squared and the plugin reports epsilon-squared. Both summarise the same effect, neither is derivable from the other, and each side reports its own choice.	options
c0078	eta_squared		0.49440073613986613		reported by R only (documented)	For the Kruskal-Wallis test R reports eta-squared and the plugin reports epsilon-squared. Both summarise the same effect, neither is derivable from the other, and each side reports its own choice.	options
c0078	eta_squared		0.49440073613986613		reported by R only (documented)	For the Kruskal-Wallis test R reports eta-squared and the plugin reports epsilon-squared. Both summarise the same effect, neither is derivable from the other, and each side reports its own choice.	options
c0079	eta_squared		0.49440073613986613		reported by R only (documented)	For the Kruskal-Wallis test R reports eta-squared and the plugin reports epsilon-squared. Both summarise the same effect, neither is derivable from the other, and each side reports its own choice.	options
c0079	eta_squared		0.49440073613986613		reported by R only (documented)	For the Kruskal-Wallis test R reports eta-squared and the plugin reports epsilon-squared. Both summarise the same effect, neither is derivable from the other, and each side reports its own choice.	options
c0080	eta_squared		0.49440073613986613		reported by R only (documented)	For the Kruskal-Wallis test R reports eta-squared and the plugin reports epsilon-squared. Both summarise the same effect, neither is derivable from the other, and each side reports its own choice.	options
c0080	eta_squared		0.49440073613986613		reported by R only (documented)	For the Kruskal-Wallis test R reports eta-squared and the plugin reports epsilon-squared. Both summarise the same effect, neither is derivable from the other, and each side reports its own choice.	options
c0081	eta_squared		0.49440073613986613		reported by R only (documented)	For the Kruskal-Wallis test R reports eta-squared and the plugin reports epsilon-squared. Both summarise the same effect, neither is derivable from the other, and each side reports its own choice.	options
c0081	eta_squared		0.49440073613986613		reported by R only (documented)	For the Kruskal-Wallis test R reports eta-squared and the plugin reports epsilon-squared. Both summarise the same effect, neither is derivable from the other, and each side reports its own choice.	options
c0082	eta_squared		0.49440073613986613		reported by R only (documented)	For the Kruskal-Wallis test R reports eta-squared and the plugin reports epsilon-squared. Both summarise the same effect, neither is derivable from the other, and each side reports its own choice.	options
c0082	eta_squared		0.49440073613986613		reported by R only (documented)	For the Kruskal-Wallis test R reports eta-squared and the plugin reports epsilon-squared. Both summarise the same effect, neither is derivable from the other, and each side reports its own choice.	options
c0083	eta_squared		0.49440073613986613		reported by R only (documented)	For the Kruskal-Wallis test R reports eta-squared and the plugin reports epsilon-squared. Both summarise the same effect, neither is derivable from the other, and each side reports its own choice.	options
c0083	eta_squared		0.49440073613986613		reported by R only (documented)	For the Kruskal-Wallis test R reports eta-squared and the plugin reports epsilon-squared. Both summarise the same effect, neither is derivable from the other, and each side reports its own choice.	options
c0084	eta_squared		0.09539452495974185		reported by R only (documented)	For the Kruskal-Wallis test R reports eta-squared and the plugin reports epsilon-squared. Both summarise the same effect, neither is derivable from the other, and each side reports its own choice.	options
c0084	eta_squared		0.09539452495974185		reported by R only (documented)	For the Kruskal-Wallis test R reports eta-squared and the plugin reports epsilon-squared. Both summarise the same effect, neither is derivable from the other, and each side reports its own choice.	options
c0085	eta_squared		0.09539452495974185		reported by R only (documented)	For the Kruskal-Wallis test R reports eta-squared and the plugin reports epsilon-squared. Both summarise the same effect, neither is derivable from the other, and each side reports its own choice.	options
c0085	eta_squared		0.09539452495974185		reported by R only (documented)	For the Kruskal-Wallis test R reports eta-squared and the plugin reports epsilon-squared. Both summarise the same effect, neither is derivable from the other, and each side reports its own choice.	options
c0086	eta_squared		0.09539452495974185		reported by R only (documented)	For the Kruskal-Wallis test R reports eta-squared and the plugin reports epsilon-squared. Both summarise the same effect, neither is derivable from the other, and each side reports its own choice.	options
c0086	eta_squared		0.09539452495974185		reported by R only (documented)	For the Kruskal-Wallis test R reports eta-squared and the plugin reports epsilon-squared. Both summarise the same effect, neither is derivable from the other, and each side reports its own choice.	options
c0087	eta_squared		0.09539452495974185		reported by R only (documented)	For the Kruskal-Wallis test R reports eta-squared and the plugin reports epsilon-squared. Both summarise the same effect, neither is derivable from the other, and each side reports its own choice.	options
c0087	eta_squared		0.09539452495974185		reported by R only (documented)	For the Kruskal-Wallis test R reports eta-squared and the plugin reports epsilon-squared. Both summarise the same effect, neither is derivable from the other, and each side reports its own choice.	options
c0088	eta_squared		0.09539452495974185		reported by R only (documented)	For the Kruskal-Wallis test R reports eta-squared and the plugin reports epsilon-squared. Both summarise the same effect, neither is derivable from the other, and each side reports its own choice.	options
c0088	eta_squared		0.09539452495974185		reported by R only (documented)	For the Kruskal-Wallis test R reports eta-squared and the plugin reports epsilon-squared. Both summarise the same effect, neither is derivable from the other, and each side reports its own choice.	options
c0089	eta_squared		0.09539452495974185		reported by R only (documented)	For the Kruskal-Wallis test R reports eta-squared and the plugin reports epsilon-squared. Both summarise the same effect, neither is derivable from the other, and each side reports its own choice.	options
c0089	eta_squared		0.09539452495974185		reported by R only (documented)	For the Kruskal-Wallis test R reports eta-squared and the plugin reports epsilon-squared. Both summarise the same effect, neither is derivable from the other, and each side reports its own choice.	options
c0090	eta_squared		0.09539452495974185		reported by R only (documented)	For the Kruskal-Wallis test R reports eta-squared and the plugin reports epsilon-squared. Both summarise the same effect, neither is derivable from the other, and each side reports its own choice.	options
c0090	eta_squared		0.09539452495974185		reported by R only (documented)	For the Kruskal-Wallis test R reports eta-squared and the plugin reports epsilon-squared. Both summarise the same effect, neither is derivable from the other, and each side reports its own choice.	options
c0091	eta_squared		0.09539452495974185		reported by R only (documented)	For the Kruskal-Wallis test R reports eta-squared and the plugin reports epsilon-squared. Both summarise the same effect, neither is derivable from the other, and each side reports its own choice.	options
c0091	eta_squared		0.09539452495974185		reported by R only (documented)	For the Kruskal-Wallis test R reports eta-squared and the plugin reports epsilon-squared. Both summarise the same effect, neither is derivable from the other, and each side reports its own choice.	options
c0092	eta_squared		0.41268921095007999		reported by R only (documented)	For the Kruskal-Wallis test R reports eta-squared and the plugin reports epsilon-squared. Both summarise the same effect, neither is derivable from the other, and each side reports its own choice.	options
c0092	eta_squared		0.41268921095007999		reported by R only (documented)	For the Kruskal-Wallis test R reports eta-squared and the plugin reports epsilon-squared. Both summarise the same effect, neither is derivable from the other, and each side reports its own choice.	options
c0093	eta_squared		0.41268921095007999		reported by R only (documented)	For the Kruskal-Wallis test R reports eta-squared and the plugin reports epsilon-squared. Both summarise the same effect, neither is derivable from the other, and each side reports its own choice.	options
c0093	eta_squared		0.41268921095007999		reported by R only (documented)	For the Kruskal-Wallis test R reports eta-squared and the plugin reports epsilon-squared. Both summarise the same effect, neither is derivable from the other, and each side reports its own choice.	options
c0094	eta_squared		0.41268921095007999		reported by R only (documented)	For the Kruskal-Wallis test R reports eta-squared and the plugin reports epsilon-squared. Both summarise the same effect, neither is derivable from the other, and each side reports its own choice.	options
c0094	eta_squared		0.41268921095007999		reported by R only (documented)	For the Kruskal-Wallis test R reports eta-squared and the plugin reports epsilon-squared. Both summarise the same effect, neither is derivable from the other, and each side reports its own choice.	options
c0095	eta_squared		0.41268921095007999		reported by R only (documented)	For the Kruskal-Wallis test R reports eta-squared and the plugin reports epsilon-squared. Both summarise the same effect, neither is derivable from the other, and each side reports its own choice.	options
c0095	eta_squared		0.41268921095007999		reported by R only (documented)	For the Kruskal-Wallis test R reports eta-squared and the plugin reports epsilon-squared. Both summarise the same effect, neither is derivable from the other, and each side reports its own choice.	options
c0096	eta_squared		0.41268921095007999		reported by R only (documented)	For the Kruskal-Wallis test R reports eta-squared and the plugin reports epsilon-squared. Both summarise the same effect, neither is derivable from the other, and each side reports its own choice.	options
c0096	eta_squared		0.41268921095007999		reported by R only (documented)	For the Kruskal-Wallis test R reports eta-squared and the plugin reports epsilon-squared. Both summarise the same effect, neither is derivable from the other, and each side reports its own choice.	options
c0097	eta_squared		0.41268921095007999		reported by R only (documented)	For the Kruskal-Wallis test R reports eta-squared and the plugin reports epsilon-squared. Both summarise the same effect, neither is derivable from the other, and each side reports its own choice.	options
c0097	eta_squared		0.41268921095007999		reported by R only (documented)	For the Kruskal-Wallis test R reports eta-squared and the plugin reports epsilon-squared. Both summarise the same effect, neither is derivable from the other, and each side reports its own choice.	options
c0098	eta_squared		0.41268921095007999		reported by R only (documented)	For the Kruskal-Wallis test R reports eta-squared and the plugin reports epsilon-squared. Both summarise the same effect, neither is derivable from the other, and each side reports its own choice.	options
c0098	eta_squared		0.41268921095007999		reported by R only (documented)	For the Kruskal-Wallis test R reports eta-squared and the plugin reports epsilon-squared. Both summarise the same effect, neither is derivable from the other, and each side reports its own choice.	options
c0099	eta_squared		0.41268921095007999		reported by R only (documented)	For the Kruskal-Wallis test R reports eta-squared and the plugin reports epsilon-squared. Both summarise the same effect, neither is derivable from the other, and each side reports its own choice.	options
c0099	eta_squared		0.41268921095007999		reported by R only (documented)	For the Kruskal-Wallis test R reports eta-squared and the plugin reports epsilon-squared. Both summarise the same effect, neither is derivable from the other, and each side reports its own choice.	options
c0100	eta_squared		0.18829537612146346		reported by R only (documented)	For the Kruskal-Wallis test R reports eta-squared and the plugin reports epsilon-squared. Both summarise the same effect, neither is derivable from the other, and each side reports its own choice.	options
c0100	eta_squared		0.18829537612146346		reported by R only (documented)	For the Kruskal-Wallis test R reports eta-squared and the plugin reports epsilon-squared. Both summarise the same effect, neither is derivable from the other, and each side reports its own choice.	options
c0101	eta_squared		0.18829537612146346		reported by R only (documented)	For the Kruskal-Wallis test R reports eta-squared and the plugin reports epsilon-squared. Both summarise the same effect, neither is derivable from the other, and each side reports its own choice.	options
c0101	eta_squared		0.18829537612146346		reported by R only (documented)	For the Kruskal-Wallis test R reports eta-squared and the plugin reports epsilon-squared. Both summarise the same effect, neither is derivable from the other, and each side reports its own choice.	options
c0102	eta_squared		0.18829537612146346		reported by R only (documented)	For the Kruskal-Wallis test R reports eta-squared and the plugin reports epsilon-squared. Both summarise the same effect, neither is derivable from the other, and each side reports its own choice.	options
c0102	eta_squared		0.18829537612146346		reported by R only (documented)	For the Kruskal-Wallis test R reports eta-squared and the plugin reports epsilon-squared. Both summarise the same effect, neither is derivable from the other, and each side reports its own choice.	options
c0103	eta_squared		0.18829537612146346		reported by R only (documented)	For the Kruskal-Wallis test R reports eta-squared and the plugin reports epsilon-squared. Both summarise the same effect, neither is derivable from the other, and each side reports its own choice.	options
c0103	eta_squared		0.18829537612146346		reported by R only (documented)	For the Kruskal-Wallis test R reports eta-squared and the plugin reports epsilon-squared. Both summarise the same effect, neither is derivable from the other, and each side reports its own choice.	options
c0104	eta_squared		0.18829537612146346		reported by R only (documented)	For the Kruskal-Wallis test R reports eta-squared and the plugin reports epsilon-squared. Both summarise the same effect, neither is derivable from the other, and each side reports its own choice.	options
c0104	eta_squared		0.18829537612146346		reported by R only (documented)	For the Kruskal-Wallis test R reports eta-squared and the plugin reports epsilon-squared. Both summarise the same effect, neither is derivable from the other, and each side reports its own choice.	options
c0105	eta_squared		0.18829537612146346		reported by R only (documented)	For the Kruskal-Wallis test R reports eta-squared and the plugin reports epsilon-squared. Both summarise the same effect, neither is derivable from the other, and each side reports its own choice.	options
c0105	eta_squared		0.18829537612146346		reported by R only (documented)	For the Kruskal-Wallis test R reports eta-squared and the plugin reports epsilon-squared. Both summarise the same effect, neither is derivable from the other, and each side reports its own choice.	options
c0106	eta_squared		0.18829537612146346		reported by R only (documented)	For the Kruskal-Wallis test R reports eta-squared and the plugin reports epsilon-squared. Both summarise the same effect, neither is derivable from the other, and each side reports its own choice.	options
c0106	eta_squared		0.18829537612146346		reported by R only (documented)	For the Kruskal-Wallis test R reports eta-squared and the plugin reports epsilon-squared. Both summarise the same effect, neither is derivable from the other, and each side reports its own choice.	options
c0107	eta_squared		0.18829537612146346		reported by R only (documented)	For the Kruskal-Wallis test R reports eta-squared and the plugin reports epsilon-squared. Both summarise the same effect, neither is derivable from the other, and each side reports its own choice.	options
c0107	eta_squared		0.18829537612146346		reported by R only (documented)	For the Kruskal-Wallis test R reports eta-squared and the plugin reports epsilon-squared. Both summarise the same effect, neither is derivable from the other, and each side reports its own choice.	options
c0108	eta_squared		0.39566597653554103		reported by R only (documented)	For the Kruskal-Wallis test R reports eta-squared and the plugin reports epsilon-squared. Both summarise the same effect, neither is derivable from the other, and each side reports its own choice.	options
c0108	eta_squared		0.39566597653554103		reported by R only (documented)	For the Kruskal-Wallis test R reports eta-squared and the plugin reports epsilon-squared. Both summarise the same effect, neither is derivable from the other, and each side reports its own choice.	options
c0109	eta_squared		0.39566597653554103		reported by R only (documented)	For the Kruskal-Wallis test R reports eta-squared and the plugin reports epsilon-squared. Both summarise the same effect, neither is derivable from the other, and each side reports its own choice.	options
c0109	eta_squared		0.39566597653554103		reported by R only (documented)	For the Kruskal-Wallis test R reports eta-squared and the plugin reports epsilon-squared. Both summarise the same effect, neither is derivable from the other, and each side reports its own choice.	options
c0110	eta_squared		0.39566597653554103		reported by R only (documented)	For the Kruskal-Wallis test R reports eta-squared and the plugin reports epsilon-squared. Both summarise the same effect, neither is derivable from the other, and each side reports its own choice.	options
c0110	eta_squared		0.39566597653554103		reported by R only (documented)	For the Kruskal-Wallis test R reports eta-squared and the plugin reports epsilon-squared. Both summarise the same effect, neither is derivable from the other, and each side reports its own choice.	options
c0111	eta_squared		0.39566597653554103		reported by R only (documented)	For the Kruskal-Wallis test R reports eta-squared and the plugin reports epsilon-squared. Both summarise the same effect, neither is derivable from the other, and each side reports its own choice.	options
c0111	eta_squared		0.39566597653554103		reported by R only (documented)	For the Kruskal-Wallis test R reports eta-squared and the plugin reports epsilon-squared. Both summarise the same effect, neither is derivable from the other, and each side reports its own choice.	options
c0112	eta_squared		0.39566597653554103		reported by R only (documented)	For the Kruskal-Wallis test R reports eta-squared and the plugin reports epsilon-squared. Both summarise the same effect, neither is derivable from the other, and each side reports its own choice.	options
c0112	eta_squared		0.39566597653554103		reported by R only (documented)	For the Kruskal-Wallis test R reports eta-squared and the plugin reports epsilon-squared. Both summarise the same effect, neither is derivable from the other, and each side reports its own choice.	options
c0113	eta_squared		0.39566597653554103		reported by R only (documented)	For the Kruskal-Wallis test R reports eta-squared and the plugin reports epsilon-squared. Both summarise the same effect, neither is derivable from the other, and each side reports its own choice.	options
c0113	eta_squared		0.39566597653554103		reported by R only (documented)	For the Kruskal-Wallis test R reports eta-squared and the plugin reports epsilon-squared. Both summarise the same effect, neither is derivable from the other, and each side reports its own choice.	options
c0114	eta_squared		0.39566597653554103		reported by R only (documented)	For the Kruskal-Wallis test R reports eta-squared and the plugin reports epsilon-squared. Both summarise the same effect, neither is derivable from the other, and each side reports its own choice.	options
c0114	eta_squared		0.39566597653554103		reported by R only (documented)	For the Kruskal-Wallis test R reports eta-squared and the plugin reports epsilon-squared. Both summarise the same effect, neither is derivable from the other, and each side reports its own choice.	options
c0115	eta_squared		0.39566597653554103		reported by R only (documented)	For the Kruskal-Wallis test R reports eta-squared and the plugin reports epsilon-squared. Both summarise the same effect, neither is derivable from the other, and each side reports its own choice.	options
c0115	eta_squared		0.39566597653554103		reported by R only (documented)	For the Kruskal-Wallis test R reports eta-squared and the plugin reports epsilon-squared. Both summarise the same effect, neither is derivable from the other, and each side reports its own choice.	options
c0116	eta_squared		0.025921325051759442		reported by R only (documented)	For the Kruskal-Wallis test R reports eta-squared and the plugin reports epsilon-squared. Both summarise the same effect, neither is derivable from the other, and each side reports its own choice.	options
c0116	eta_squared		0.025921325051759442		reported by R only (documented)	For the Kruskal-Wallis test R reports eta-squared and the plugin reports epsilon-squared. Both summarise the same effect, neither is derivable from the other, and each side reports its own choice.	options
c0117	eta_squared		0.025921325051759442		reported by R only (documented)	For the Kruskal-Wallis test R reports eta-squared and the plugin reports epsilon-squared. Both summarise the same effect, neither is derivable from the other, and each side reports its own choice.	options
c0117	eta_squared		0.025921325051759442		reported by R only (documented)	For the Kruskal-Wallis test R reports eta-squared and the plugin reports epsilon-squared. Both summarise the same effect, neither is derivable from the other, and each side reports its own choice.	options
c0118	eta_squared		0.025921325051759442		reported by R only (documented)	For the Kruskal-Wallis test R reports eta-squared and the plugin reports epsilon-squared. Both summarise the same effect, neither is derivable from the other, and each side reports its own choice.	options
c0118	eta_squared		0.025921325051759442		reported by R only (documented)	For the Kruskal-Wallis test R reports eta-squared and the plugin reports epsilon-squared. Both summarise the same effect, neither is derivable from the other, and each side reports its own choice.	options
c0119	eta_squared		0.025921325051759442		reported by R only (documented)	For the Kruskal-Wallis test R reports eta-squared and the plugin reports epsilon-squared. Both summarise the same effect, neither is derivable from the other, and each side reports its own choice.	options
c0119	eta_squared		0.025921325051759442		reported by R only (documented)	For the Kruskal-Wallis test R reports eta-squared and the plugin reports epsilon-squared. Both summarise the same effect, neither is derivable from the other, and each side reports its own choice.	options
c0120	eta_squared		0.025921325051759442		reported by R only (documented)	For the Kruskal-Wallis test R reports eta-squared and the plugin reports epsilon-squared. Both summarise the same effect, neither is derivable from the other, and each side reports its own choice.	options
c0120	eta_squared		0.025921325051759442		reported by R only (documented)	For the Kruskal-Wallis test R reports eta-squared and the plugin reports epsilon-squared. Both summarise the same effect, neither is derivable from the other, and each side reports its own choice.	options
c0121	eta_squared		0.025921325051759442		reported by R only (documented)	For the Kruskal-Wallis test R reports eta-squared and the plugin reports epsilon-squared. Both summarise the same effect, neither is derivable from the other, and each side reports its own choice.	options
c0121	eta_squared		0.025921325051759442		reported by R only (documented)	For the Kruskal-Wallis test R reports eta-squared and the plugin reports epsilon-squared. Both summarise the same effect, neither is derivable from the other, and each side reports its own choice.	options
c0122	eta_squared		0.025921325051759442		reported by R only (documented)	For the Kruskal-Wallis test R reports eta-squared and the plugin reports epsilon-squared. Both summarise the same effect, neither is derivable from the other, and each side reports its own choice.	options
c0122	eta_squared		0.025921325051759442		reported by R only (documented)	For the Kruskal-Wallis test R reports eta-squared and the plugin reports epsilon-squared. Both summarise the same effect, neither is derivable from the other, and each side reports its own choice.	options
c0123	eta_squared		0.025921325051759442		reported by R only (documented)	For the Kruskal-Wallis test R reports eta-squared and the plugin reports epsilon-squared. Both summarise the same effect, neither is derivable from the other, and each side reports its own choice.	options
c0123	eta_squared		0.025921325051759442		reported by R only (documented)	For the Kruskal-Wallis test R reports eta-squared and the plugin reports epsilon-squared. Both summarise the same effect, neither is derivable from the other, and each side reports its own choice.	options
c0124	eta_squared		0.57014120667522439		reported by R only (documented)	For the Kruskal-Wallis test R reports eta-squared and the plugin reports epsilon-squared. Both summarise the same effect, neither is derivable from the other, and each side reports its own choice.	options
c0124	eta_squared		0.57014120667522439		reported by R only (documented)	For the Kruskal-Wallis test R reports eta-squared and the plugin reports epsilon-squared. Both summarise the same effect, neither is derivable from the other, and each side reports its own choice.	options
c0125	eta_squared		0.57014120667522439		reported by R only (documented)	For the Kruskal-Wallis test R reports eta-squared and the plugin reports epsilon-squared. Both summarise the same effect, neither is derivable from the other, and each side reports its own choice.	options
c0125	eta_squared		0.57014120667522439		reported by R only (documented)	For the Kruskal-Wallis test R reports eta-squared and the plugin reports epsilon-squared. Both summarise the same effect, neither is derivable from the other, and each side reports its own choice.	options
c0126	eta_squared		0.57014120667522439		reported by R only (documented)	For the Kruskal-Wallis test R reports eta-squared and the plugin reports epsilon-squared. Both summarise the same effect, neither is derivable from the other, and each side reports its own choice.	options
c0126	eta_squared		0.57014120667522439		reported by R only (documented)	For the Kruskal-Wallis test R reports eta-squared and the plugin reports epsilon-squared. Both summarise the same effect, neither is derivable from the other, and each side reports its own choice.	options
c0127	eta_squared		0.57014120667522439		reported by R only (documented)	For the Kruskal-Wallis test R reports eta-squared and the plugin reports epsilon-squared. Both summarise the same effect, neither is derivable from the other, and each side reports its own choice.	options
c0127	eta_squared		0.57014120667522439		reported by R only (documented)	For the Kruskal-Wallis test R reports eta-squared and the plugin reports epsilon-squared. Both summarise the same effect, neither is derivable from the other, and each side reports its own choice.	options
c0128	eta_squared		0.57014120667522439		reported by R only (documented)	For the Kruskal-Wallis test R reports eta-squared and the plugin reports epsilon-squared. Both summarise the same effect, neither is derivable from the other, and each side reports its own choice.	options
c0128	eta_squared		0.57014120667522439		reported by R only (documented)	For the Kruskal-Wallis test R reports eta-squared and the plugin reports epsilon-squared. Both summarise the same effect, neither is derivable from the other, and each side reports its own choice.	options
c0129	eta_squared		0.57014120667522439		reported by R only (documented)	For the Kruskal-Wallis test R reports eta-squared and the plugin reports epsilon-squared. Both summarise the same effect, neither is derivable from the other, and each side reports its own choice.	options
c0129	eta_squared		0.57014120667522439		reported by R only (documented)	For the Kruskal-Wallis test R reports eta-squared and the plugin reports epsilon-squared. Both summarise the same effect, neither is derivable from the other, and each side reports its own choice.	options
c0130	eta_squared		0.57014120667522439		reported by R only (documented)	For the Kruskal-Wallis test R reports eta-squared and the plugin reports epsilon-squared. Both summarise the same effect, neither is derivable from the other, and each side reports its own choice.	options
c0130	eta_squared		0.57014120667522439		reported by R only (documented)	For the Kruskal-Wallis test R reports eta-squared and the plugin reports epsilon-squared. Both summarise the same effect, neither is derivable from the other, and each side reports its own choice.	options
c0131	eta_squared		0.57014120667522439		reported by R only (documented)	For the Kruskal-Wallis test R reports eta-squared and the plugin reports epsilon-squared. Both summarise the same effect, neither is derivable from the other, and each side reports its own choice.	options
c0131	eta_squared		0.57014120667522439		reported by R only (documented)	For the Kruskal-Wallis test R reports eta-squared and the plugin reports epsilon-squared. Both summarise the same effect, neither is derivable from the other, and each side reports its own choice.	options
c0132	eta_squared		0.16726745045844421		reported by R only (documented)	For the Kruskal-Wallis test R reports eta-squared and the plugin reports epsilon-squared. Both summarise the same effect, neither is derivable from the other, and each side reports its own choice.	options
c0132	eta_squared		0.16726745045844421		reported by R only (documented)	For the Kruskal-Wallis test R reports eta-squared and the plugin reports epsilon-squared. Both summarise the same effect, neither is derivable from the other, and each side reports its own choice.	options
c0133	eta_squared		0.16726745045844421		reported by R only (documented)	For the Kruskal-Wallis test R reports eta-squared and the plugin reports epsilon-squared. Both summarise the same effect, neither is derivable from the other, and each side reports its own choice.	options
c0133	eta_squared		0.16726745045844421		reported by R only (documented)	For the Kruskal-Wallis test R reports eta-squared and the plugin reports epsilon-squared. Both summarise the same effect, neither is derivable from the other, and each side reports its own choice.	options
c0134	eta_squared		0.16726745045844421		reported by R only (documented)	For the Kruskal-Wallis test R reports eta-squared and the plugin reports epsilon-squared. Both summarise the same effect, neither is derivable from the other, and each side reports its own choice.	options
c0134	eta_squared		0.16726745045844421		reported by R only (documented)	For the Kruskal-Wallis test R reports eta-squared and the plugin reports epsilon-squared. Both summarise the same effect, neither is derivable from the other, and each side reports its own choice.	options
c0135	eta_squared		0.16726745045844421		reported by R only (documented)	For the Kruskal-Wallis test R reports eta-squared and the plugin reports epsilon-squared. Both summarise the same effect, neither is derivable from the other, and each side reports its own choice.	options
c0135	eta_squared		0.16726745045844421		reported by R only (documented)	For the Kruskal-Wallis test R reports eta-squared and the plugin reports epsilon-squared. Both summarise the same effect, neither is derivable from the other, and each side reports its own choice.	options
c0136	eta_squared		0.16726745045844421		reported by R only (documented)	For the Kruskal-Wallis test R reports eta-squared and the plugin reports epsilon-squared. Both summarise the same effect, neither is derivable from the other, and each side reports its own choice.	options
c0136	eta_squared		0.16726745045844421		reported by R only (documented)	For the Kruskal-Wallis test R reports eta-squared and the plugin reports epsilon-squared. Both summarise the same effect, neither is derivable from the other, and each side reports its own choice.	options
c0137	eta_squared		0.16726745045844421		reported by R only (documented)	For the Kruskal-Wallis test R reports eta-squared and the plugin reports epsilon-squared. Both summarise the same effect, neither is derivable from the other, and each side reports its own choice.	options
c0137	eta_squared		0.16726745045844421		reported by R only (documented)	For the Kruskal-Wallis test R reports eta-squared and the plugin reports epsilon-squared. Both summarise the same effect, neither is derivable from the other, and each side reports its own choice.	options
c0138	eta_squared		0.16726745045844421		reported by R only (documented)	For the Kruskal-Wallis test R reports eta-squared and the plugin reports epsilon-squared. Both summarise the same effect, neither is derivable from the other, and each side reports its own choice.	options
c0138	eta_squared		0.16726745045844421		reported by R only (documented)	For the Kruskal-Wallis test R reports eta-squared and the plugin reports epsilon-squared. Both summarise the same effect, neither is derivable from the other, and each side reports its own choice.	options
c0139	eta_squared		0.16726745045844421		reported by R only (documented)	For the Kruskal-Wallis test R reports eta-squared and the plugin reports epsilon-squared. Both summarise the same effect, neither is derivable from the other, and each side reports its own choice.	options
c0139	eta_squared		0.16726745045844421		reported by R only (documented)	For the Kruskal-Wallis test R reports eta-squared and the plugin reports epsilon-squared. Both summarise the same effect, neither is derivable from the other, and each side reports its own choice.	options
c0140	eta_squared		0.71102526160685309		reported by R only (documented)	For the Kruskal-Wallis test R reports eta-squared and the plugin reports epsilon-squared. Both summarise the same effect, neither is derivable from the other, and each side reports its own choice.	options
c0140	eta_squared		0.71102526160685309		reported by R only (documented)	For the Kruskal-Wallis test R reports eta-squared and the plugin reports epsilon-squared. Both summarise the same effect, neither is derivable from the other, and each side reports its own choice.	options
c0141	eta_squared		0.71102526160685309		reported by R only (documented)	For the Kruskal-Wallis test R reports eta-squared and the plugin reports epsilon-squared. Both summarise the same effect, neither is derivable from the other, and each side reports its own choice.	options
c0141	eta_squared		0.71102526160685309		reported by R only (documented)	For the Kruskal-Wallis test R reports eta-squared and the plugin reports epsilon-squared. Both summarise the same effect, neither is derivable from the other, and each side reports its own choice.	options
c0142	eta_squared		0.71102526160685309		reported by R only (documented)	For the Kruskal-Wallis test R reports eta-squared and the plugin reports epsilon-squared. Both summarise the same effect, neither is derivable from the other, and each side reports its own choice.	options
c0142	eta_squared		0.71102526160685309		reported by R only (documented)	For the Kruskal-Wallis test R reports eta-squared and the plugin reports epsilon-squared. Both summarise the same effect, neither is derivable from the other, and each side reports its own choice.	options
c0143	eta_squared		0.71102526160685309		reported by R only (documented)	For the Kruskal-Wallis test R reports eta-squared and the plugin reports epsilon-squared. Both summarise the same effect, neither is derivable from the other, and each side reports its own choice.	options
c0143	eta_squared		0.71102526160685309		reported by R only (documented)	For the Kruskal-Wallis test R reports eta-squared and the plugin reports epsilon-squared. Both summarise the same effect, neither is derivable from the other, and each side reports its own choice.	options
c0144	eta_squared		0.71102526160685309		reported by R only (documented)	For the Kruskal-Wallis test R reports eta-squared and the plugin reports epsilon-squared. Both summarise the same effect, neither is derivable from the other, and each side reports its own choice.	options
c0144	eta_squared		0.71102526160685309		reported by R only (documented)	For the Kruskal-Wallis test R reports eta-squared and the plugin reports epsilon-squared. Both summarise the same effect, neither is derivable from the other, and each side reports its own choice.	options
c0145	eta_squared		0.71102526160685309		reported by R only (documented)	For the Kruskal-Wallis test R reports eta-squared and the plugin reports epsilon-squared. Both summarise the same effect, neither is derivable from the other, and each side reports its own choice.	options
c0145	eta_squared		0.71102526160685309		reported by R only (documented)	For the Kruskal-Wallis test R reports eta-squared and the plugin reports epsilon-squared. Both summarise the same effect, neither is derivable from the other, and each side reports its own choice.	options
c0146	eta_squared		0.71102526160685309		reported by R only (documented)	For the Kruskal-Wallis test R reports eta-squared and the plugin reports epsilon-squared. Both summarise the same effect, neither is derivable from the other, and each side reports its own choice.	options
c0146	eta_squared		0.71102526160685309		reported by R only (documented)	For the Kruskal-Wallis test R reports eta-squared and the plugin reports epsilon-squared. Both summarise the same effect, neither is derivable from the other, and each side reports its own choice.	options
c0147	eta_squared		0.71102526160685309		reported by R only (documented)	For the Kruskal-Wallis test R reports eta-squared and the plugin reports epsilon-squared. Both summarise the same effect, neither is derivable from the other, and each side reports its own choice.	options
c0147	eta_squared		0.71102526160685309		reported by R only (documented)	For the Kruskal-Wallis test R reports eta-squared and the plugin reports epsilon-squared. Both summarise the same effect, neither is derivable from the other, and each side reports its own choice.	options
c0148	eta_squared		0.39413933911720395		reported by R only (documented)	For the Kruskal-Wallis test R reports eta-squared and the plugin reports epsilon-squared. Both summarise the same effect, neither is derivable from the other, and each side reports its own choice.	options
c0148	eta_squared		0.39413933911720395		reported by R only (documented)	For the Kruskal-Wallis test R reports eta-squared and the plugin reports epsilon-squared. Both summarise the same effect, neither is derivable from the other, and each side reports its own choice.	options
c0149	eta_squared		0.39413933911720395		reported by R only (documented)	For the Kruskal-Wallis test R reports eta-squared and the plugin reports epsilon-squared. Both summarise the same effect, neither is derivable from the other, and each side reports its own choice.	options
c0149	eta_squared		0.39413933911720395		reported by R only (documented)	For the Kruskal-Wallis test R reports eta-squared and the plugin reports epsilon-squared. Both summarise the same effect, neither is derivable from the other, and each side reports its own choice.	options
c0150	eta_squared		0.39413933911720395		reported by R only (documented)	For the Kruskal-Wallis test R reports eta-squared and the plugin reports epsilon-squared. Both summarise the same effect, neither is derivable from the other, and each side reports its own choice.	options
c0150	eta_squared		0.39413933911720395		reported by R only (documented)	For the Kruskal-Wallis test R reports eta-squared and the plugin reports epsilon-squared. Both summarise the same effect, neither is derivable from the other, and each side reports its own choice.	options
c0151	eta_squared		0.39413933911720395		reported by R only (documented)	For the Kruskal-Wallis test R reports eta-squared and the plugin reports epsilon-squared. Both summarise the same effect, neither is derivable from the other, and each side reports its own choice.	options
c0151	eta_squared		0.39413933911720395		reported by R only (documented)	For the Kruskal-Wallis test R reports eta-squared and the plugin reports epsilon-squared. Both summarise the same effect, neither is derivable from the other, and each side reports its own choice.	options
c0152	eta_squared		0.39413933911720395		reported by R only (documented)	For the Kruskal-Wallis test R reports eta-squared and the plugin reports epsilon-squared. Both summarise the same effect, neither is derivable from the other, and each side reports its own choice.	options
c0152	eta_squared		0.39413933911720395		reported by R only (documented)	For the Kruskal-Wallis test R reports eta-squared and the plugin reports epsilon-squared. Both summarise the same effect, neither is derivable from the other, and each side reports its own choice.	options
c0153	eta_squared		0.39413933911720395		reported by R only (documented)	For the Kruskal-Wallis test R reports eta-squared and the plugin reports epsilon-squared. Both summarise the same effect, neither is derivable from the other, and each side reports its own choice.	options
c0153	eta_squared		0.39413933911720395		reported by R only (documented)	For the Kruskal-Wallis test R reports eta-squared and the plugin reports epsilon-squared. Both summarise the same effect, neither is derivable from the other, and each side reports its own choice.	options
c0154	eta_squared		0.39413933911720395		reported by R only (documented)	For the Kruskal-Wallis test R reports eta-squared and the plugin reports epsilon-squared. Both summarise the same effect, neither is derivable from the other, and each side reports its own choice.	options
c0154	eta_squared		0.39413933911720395		reported by R only (documented)	For the Kruskal-Wallis test R reports eta-squared and the plugin reports epsilon-squared. Both summarise the same effect, neither is derivable from the other, and each side reports its own choice.	options
c0155	eta_squared		0.39413933911720395		reported by R only (documented)	For the Kruskal-Wallis test R reports eta-squared and the plugin reports epsilon-squared. Both summarise the same effect, neither is derivable from the other, and each side reports its own choice.	options
c0155	eta_squared		0.39413933911720395		reported by R only (documented)	For the Kruskal-Wallis test R reports eta-squared and the plugin reports epsilon-squared. Both summarise the same effect, neither is derivable from the other, and each side reports its own choice.	options
c0156	refuse_reason	Group "S05" has 0 observations. Every group needs at least 1.			NOT DOCUMENTED -- see enforcement/why in reconciliation.tsv		
c0156	refused	1			NOT DOCUMENTED -- see enforcement/why in reconciliation.tsv		
c0157	posthoc_mezzo__alto_padj_ptt		0.3621781180488135		reported by R only (documented)	Holm and Benjamini-Hochberg correction define no per-pair confidence level, so there is no interval for the plugin or R to print here (see pairwise-interval-scope). In its place R checks itself: the adjusted p-value from its primary per-pair test is compared against a second, independent computation, `stats::pairwise.t.test` with unpooled variances, run down its own code path. R verifying R; the plugin has no counterpart, and none is owed.	options
c0157	posthoc_soprano__alto_padj_ptt		2.9419936994394194e-05		reported by R only (documented)	Holm and Benjamini-Hochberg correction define no per-pair confidence level, so there is no interval for the plugin or R to print here (see pairwise-interval-scope). In its place R checks itself: the adjusted p-value from its primary per-pair test is compared against a second, independent computation, `stats::pairwise.t.test` with unpooled variances, run down its own code path. R verifying R; the plugin has no counterpart, and none is owed.	options
c0157	posthoc_soprano__mezzo_padj_ptt		0.00013678587308803411		reported by R only (documented)	Holm and Benjamini-Hochberg correction define no per-pair confidence level, so there is no interval for the plugin or R to print here (see pairwise-interval-scope). In its place R checks itself: the adjusted p-value from its primary per-pair test is compared against a second, independent computation, `stats::pairwise.t.test` with unpooled variances, run down its own code path. R verifying R; the plugin has no counterpart, and none is owed.	options
c0158	posthoc_mezzo__alto_padj_ptt		0.12072603934960449		reported by R only (documented)	Holm and Benjamini-Hochberg correction define no per-pair confidence level, so there is no interval for the plugin or R to print here (see pairwise-interval-scope). In its place R checks itself: the adjusted p-value from its primary per-pair test is compared against a second, independent computation, `stats::pairwise.t.test` with unpooled variances, run down its own code path. R verifying R; the plugin has no counterpart, and none is owed.	options
c0158	posthoc_soprano__alto_padj_ptt		2.9419936994394194e-05		reported by R only (documented)	Holm and Benjamini-Hochberg correction define no per-pair confidence level, so there is no interval for the plugin or R to print here (see pairwise-interval-scope). In its place R checks itself: the adjusted p-value from its primary per-pair test is compared against a second, independent computation, `stats::pairwise.t.test` with unpooled variances, run down its own code path. R verifying R; the plugin has no counterpart, and none is owed.	options
c0158	posthoc_soprano__mezzo_padj_ptt		9.1190582058689413e-05		reported by R only (documented)	Holm and Benjamini-Hochberg correction define no per-pair confidence level, so there is no interval for the plugin or R to print here (see pairwise-interval-scope). In its place R checks itself: the adjusted p-value from its primary per-pair test is compared against a second, independent computation, `stats::pairwise.t.test` with unpooled variances, run down its own code path. R verifying R; the plugin has no counterpart, and none is owed.	options
c0159	posthoc_mezzo__alto_padj_ptt		0.12072603934960449		reported by R only (documented)	Holm and Benjamini-Hochberg correction define no per-pair confidence level, so there is no interval for the plugin or R to print here (see pairwise-interval-scope). In its place R checks itself: the adjusted p-value from its primary per-pair test is compared against a second, independent computation, `stats::pairwise.t.test` with unpooled variances, run down its own code path. R verifying R; the plugin has no counterpart, and none is owed.	options
c0159	posthoc_soprano__alto_padj_ptt		2.9419936994394194e-05		reported by R only (documented)	Holm and Benjamini-Hochberg correction define no per-pair confidence level, so there is no interval for the plugin or R to print here (see pairwise-interval-scope). In its place R checks itself: the adjusted p-value from its primary per-pair test is compared against a second, independent computation, `stats::pairwise.t.test` with unpooled variances, run down its own code path. R verifying R; the plugin has no counterpart, and none is owed.	options
c0159	posthoc_soprano__mezzo_padj_ptt		6.8392936544017053e-05		reported by R only (documented)	Holm and Benjamini-Hochberg correction define no per-pair confidence level, so there is no interval for the plugin or R to print here (see pairwise-interval-scope). In its place R checks itself: the adjusted p-value from its primary per-pair test is compared against a second, independent computation, `stats::pairwise.t.test` with unpooled variances, run down its own code path. R verifying R; the plugin has no counterpart, and none is owed.	options
c0160	posthoc_mezzo__alto_padj_ptt		0.3621781180488135		reported by R only (documented)	Holm and Benjamini-Hochberg correction define no per-pair confidence level, so there is no interval for the plugin or R to print here (see pairwise-interval-scope). In its place R checks itself: the adjusted p-value from its primary per-pair test is compared against a second, independent computation, `stats::pairwise.t.test` with unpooled variances, run down its own code path. R verifying R; the plugin has no counterpart, and none is owed.	options
c0160	posthoc_soprano__alto_padj_ptt		2.9419936994394194e-05		reported by R only (documented)	Holm and Benjamini-Hochberg correction define no per-pair confidence level, so there is no interval for the plugin or R to print here (see pairwise-interval-scope). In its place R checks itself: the adjusted p-value from its primary per-pair test is compared against a second, independent computation, `stats::pairwise.t.test` with unpooled variances, run down its own code path. R verifying R; the plugin has no counterpart, and none is owed.	options
c0160	posthoc_soprano__mezzo_padj_ptt		0.00013678587308803411		reported by R only (documented)	Holm and Benjamini-Hochberg correction define no per-pair confidence level, so there is no interval for the plugin or R to print here (see pairwise-interval-scope). In its place R checks itself: the adjusted p-value from its primary per-pair test is compared against a second, independent computation, `stats::pairwise.t.test` with unpooled variances, run down its own code path. R verifying R; the plugin has no counterpart, and none is owed.	options
c0161	posthoc_mezzo__alto_padj_ptt		0.12072603934960449		reported by R only (documented)	Holm and Benjamini-Hochberg correction define no per-pair confidence level, so there is no interval for the plugin or R to print here (see pairwise-interval-scope). In its place R checks itself: the adjusted p-value from its primary per-pair test is compared against a second, independent computation, `stats::pairwise.t.test` with unpooled variances, run down its own code path. R verifying R; the plugin has no counterpart, and none is owed.	options
c0161	posthoc_soprano__alto_padj_ptt		2.9419936994394194e-05		reported by R only (documented)	Holm and Benjamini-Hochberg correction define no per-pair confidence level, so there is no interval for the plugin or R to print here (see pairwise-interval-scope). In its place R checks itself: the adjusted p-value from its primary per-pair test is compared against a second, independent computation, `stats::pairwise.t.test` with unpooled variances, run down its own code path. R verifying R; the plugin has no counterpart, and none is owed.	options
c0161	posthoc_soprano__mezzo_padj_ptt		9.1190582058689413e-05		reported by R only (documented)	Holm and Benjamini-Hochberg correction define no per-pair confidence level, so there is no interval for the plugin or R to print here (see pairwise-interval-scope). In its place R checks itself: the adjusted p-value from its primary per-pair test is compared against a second, independent computation, `stats::pairwise.t.test` with unpooled variances, run down its own code path. R verifying R; the plugin has no counterpart, and none is owed.	options
c0162	posthoc_mezzo__alto_padj_ptt		0.12072603934960449		reported by R only (documented)	Holm and Benjamini-Hochberg correction define no per-pair confidence level, so there is no interval for the plugin or R to print here (see pairwise-interval-scope). In its place R checks itself: the adjusted p-value from its primary per-pair test is compared against a second, independent computation, `stats::pairwise.t.test` with unpooled variances, run down its own code path. R verifying R; the plugin has no counterpart, and none is owed.	options
c0162	posthoc_soprano__alto_padj_ptt		2.9419936994394194e-05		reported by R only (documented)	Holm and Benjamini-Hochberg correction define no per-pair confidence level, so there is no interval for the plugin or R to print here (see pairwise-interval-scope). In its place R checks itself: the adjusted p-value from its primary per-pair test is compared against a second, independent computation, `stats::pairwise.t.test` with unpooled variances, run down its own code path. R verifying R; the plugin has no counterpart, and none is owed.	options
c0162	posthoc_soprano__mezzo_padj_ptt		6.8392936544017053e-05		reported by R only (documented)	Holm and Benjamini-Hochberg correction define no per-pair confidence level, so there is no interval for the plugin or R to print here (see pairwise-interval-scope). In its place R checks itself: the adjusted p-value from its primary per-pair test is compared against a second, independent computation, `stats::pairwise.t.test` with unpooled variances, run down its own code path. R verifying R; the plugin has no counterpart, and none is owed.	options
c0163	posthoc_mezzo__alto_diff_wilcoxest		2.9063837146481291		reported by R only (documented)	R's `wilcox.test` reports a shift estimate found by searching its own test statistic, which differs slightly from the textbook Hodges-Lehmann definition. The plugin computes the definition, that quantity is compared, and R's search result is recorded beside it rather than imitated.	options
c0163	posthoc_soprano__alto_diff_wilcoxest		8.9337636586526656		reported by R only (documented)	R's `wilcox.test` reports a shift estimate found by searching its own test statistic, which differs slightly from the textbook Hodges-Lehmann definition. The plugin computes the definition, that quantity is compared, and R's search result is recorded beside it rather than imitated.	options
c0163	posthoc_soprano__mezzo_diff_wilcoxest		5.366045374070282		reported by R only (documented)	R's `wilcox.test` reports a shift estimate found by searching its own test statistic, which differs slightly from the textbook Hodges-Lehmann definition. The plugin computes the definition, that quantity is compared, and R's search result is recorded beside it rather than imitated.	options
c0164	posthoc_mezzo__alto_diff_wilcoxest		2.9063837146481291		reported by R only (documented)	R's `wilcox.test` reports a shift estimate found by searching its own test statistic, which differs slightly from the textbook Hodges-Lehmann definition. The plugin computes the definition, that quantity is compared, and R's search result is recorded beside it rather than imitated.	options
c0164	posthoc_soprano__alto_diff_wilcoxest		8.9337636586526656		reported by R only (documented)	R's `wilcox.test` reports a shift estimate found by searching its own test statistic, which differs slightly from the textbook Hodges-Lehmann definition. The plugin computes the definition, that quantity is compared, and R's search result is recorded beside it rather than imitated.	options
c0164	posthoc_soprano__mezzo_diff_wilcoxest		5.366045374070282		reported by R only (documented)	R's `wilcox.test` reports a shift estimate found by searching its own test statistic, which differs slightly from the textbook Hodges-Lehmann definition. The plugin computes the definition, that quantity is compared, and R's search result is recorded beside it rather than imitated.	options
c0165	posthoc_mezzo__alto_diff_wilcoxest		2.9063837146481291		reported by R only (documented)	R's `wilcox.test` reports a shift estimate found by searching its own test statistic, which differs slightly from the textbook Hodges-Lehmann definition. The plugin computes the definition, that quantity is compared, and R's search result is recorded beside it rather than imitated.	options
c0165	posthoc_soprano__alto_diff_wilcoxest		8.9337636586526656		reported by R only (documented)	R's `wilcox.test` reports a shift estimate found by searching its own test statistic, which differs slightly from the textbook Hodges-Lehmann definition. The plugin computes the definition, that quantity is compared, and R's search result is recorded beside it rather than imitated.	options
c0165	posthoc_soprano__mezzo_diff_wilcoxest		5.366045374070282		reported by R only (documented)	R's `wilcox.test` reports a shift estimate found by searching its own test statistic, which differs slightly from the textbook Hodges-Lehmann definition. The plugin computes the definition, that quantity is compared, and R's search result is recorded beside it rather than imitated.	options
c0167	posthoc_alto__mezzo_padj_ptt		0.3621781180488135		reported by R only (documented)	Holm and Benjamini-Hochberg correction define no per-pair confidence level, so there is no interval for the plugin or R to print here (see pairwise-interval-scope). In its place R checks itself: the adjusted p-value from its primary per-pair test is compared against a second, independent computation, `stats::pairwise.t.test` with unpooled variances, run down its own code path. R verifying R; the plugin has no counterpart, and none is owed.	options
c0167	posthoc_alto__soprano_padj_ptt		2.9419936994394194e-05		reported by R only (documented)	Holm and Benjamini-Hochberg correction define no per-pair confidence level, so there is no interval for the plugin or R to print here (see pairwise-interval-scope). In its place R checks itself: the adjusted p-value from its primary per-pair test is compared against a second, independent computation, `stats::pairwise.t.test` with unpooled variances, run down its own code path. R verifying R; the plugin has no counterpart, and none is owed.	options
c0167	posthoc_mezzo__soprano_padj_ptt		0.00013678587308803411		reported by R only (documented)	Holm and Benjamini-Hochberg correction define no per-pair confidence level, so there is no interval for the plugin or R to print here (see pairwise-interval-scope). In its place R checks itself: the adjusted p-value from its primary per-pair test is compared against a second, independent computation, `stats::pairwise.t.test` with unpooled variances, run down its own code path. R verifying R; the plugin has no counterpart, and none is owed.	options
c0168	posthoc_alto__mezzo_padj_ptt		0.12072603934960449		reported by R only (documented)	Holm and Benjamini-Hochberg correction define no per-pair confidence level, so there is no interval for the plugin or R to print here (see pairwise-interval-scope). In its place R checks itself: the adjusted p-value from its primary per-pair test is compared against a second, independent computation, `stats::pairwise.t.test` with unpooled variances, run down its own code path. R verifying R; the plugin has no counterpart, and none is owed.	options
c0168	posthoc_alto__soprano_padj_ptt		2.9419936994394194e-05		reported by R only (documented)	Holm and Benjamini-Hochberg correction define no per-pair confidence level, so there is no interval for the plugin or R to print here (see pairwise-interval-scope). In its place R checks itself: the adjusted p-value from its primary per-pair test is compared against a second, independent computation, `stats::pairwise.t.test` with unpooled variances, run down its own code path. R verifying R; the plugin has no counterpart, and none is owed.	options
c0168	posthoc_mezzo__soprano_padj_ptt		9.1190582058689413e-05		reported by R only (documented)	Holm and Benjamini-Hochberg correction define no per-pair confidence level, so there is no interval for the plugin or R to print here (see pairwise-interval-scope). In its place R checks itself: the adjusted p-value from its primary per-pair test is compared against a second, independent computation, `stats::pairwise.t.test` with unpooled variances, run down its own code path. R verifying R; the plugin has no counterpart, and none is owed.	options
c0169	posthoc_alto__mezzo_padj_ptt		0.12072603934960449		reported by R only (documented)	Holm and Benjamini-Hochberg correction define no per-pair confidence level, so there is no interval for the plugin or R to print here (see pairwise-interval-scope). In its place R checks itself: the adjusted p-value from its primary per-pair test is compared against a second, independent computation, `stats::pairwise.t.test` with unpooled variances, run down its own code path. R verifying R; the plugin has no counterpart, and none is owed.	options
c0169	posthoc_alto__soprano_padj_ptt		2.9419936994394194e-05		reported by R only (documented)	Holm and Benjamini-Hochberg correction define no per-pair confidence level, so there is no interval for the plugin or R to print here (see pairwise-interval-scope). In its place R checks itself: the adjusted p-value from its primary per-pair test is compared against a second, independent computation, `stats::pairwise.t.test` with unpooled variances, run down its own code path. R verifying R; the plugin has no counterpart, and none is owed.	options
c0169	posthoc_mezzo__soprano_padj_ptt		6.8392936544017053e-05		reported by R only (documented)	Holm and Benjamini-Hochberg correction define no per-pair confidence level, so there is no interval for the plugin or R to print here (see pairwise-interval-scope). In its place R checks itself: the adjusted p-value from its primary per-pair test is compared against a second, independent computation, `stats::pairwise.t.test` with unpooled variances, run down its own code path. R verifying R; the plugin has no counterpart, and none is owed.	options
c0170	posthoc_alto__mezzo_padj_ptt		0.3621781180488135		reported by R only (documented)	Holm and Benjamini-Hochberg correction define no per-pair confidence level, so there is no interval for the plugin or R to print here (see pairwise-interval-scope). In its place R checks itself: the adjusted p-value from its primary per-pair test is compared against a second, independent computation, `stats::pairwise.t.test` with unpooled variances, run down its own code path. R verifying R; the plugin has no counterpart, and none is owed.	options
c0170	posthoc_alto__soprano_padj_ptt		2.9419936994394194e-05		reported by R only (documented)	Holm and Benjamini-Hochberg correction define no per-pair confidence level, so there is no interval for the plugin or R to print here (see pairwise-interval-scope). In its place R checks itself: the adjusted p-value from its primary per-pair test is compared against a second, independent computation, `stats::pairwise.t.test` with unpooled variances, run down its own code path. R verifying R; the plugin has no counterpart, and none is owed.	options
c0170	posthoc_mezzo__soprano_padj_ptt		0.00013678587308803411		reported by R only (documented)	Holm and Benjamini-Hochberg correction define no per-pair confidence level, so there is no interval for the plugin or R to print here (see pairwise-interval-scope). In its place R checks itself: the adjusted p-value from its primary per-pair test is compared against a second, independent computation, `stats::pairwise.t.test` with unpooled variances, run down its own code path. R verifying R; the plugin has no counterpart, and none is owed.	options
c0171	posthoc_alto__mezzo_padj_ptt		0.12072603934960449		reported by R only (documented)	Holm and Benjamini-Hochberg correction define no per-pair confidence level, so there is no interval for the plugin or R to print here (see pairwise-interval-scope). In its place R checks itself: the adjusted p-value from its primary per-pair test is compared against a second, independent computation, `stats::pairwise.t.test` with unpooled variances, run down its own code path. R verifying R; the plugin has no counterpart, and none is owed.	options
c0171	posthoc_alto__soprano_padj_ptt		2.9419936994394194e-05		reported by R only (documented)	Holm and Benjamini-Hochberg correction define no per-pair confidence level, so there is no interval for the plugin or R to print here (see pairwise-interval-scope). In its place R checks itself: the adjusted p-value from its primary per-pair test is compared against a second, independent computation, `stats::pairwise.t.test` with unpooled variances, run down its own code path. R verifying R; the plugin has no counterpart, and none is owed.	options
c0171	posthoc_mezzo__soprano_padj_ptt		9.1190582058689413e-05		reported by R only (documented)	Holm and Benjamini-Hochberg correction define no per-pair confidence level, so there is no interval for the plugin or R to print here (see pairwise-interval-scope). In its place R checks itself: the adjusted p-value from its primary per-pair test is compared against a second, independent computation, `stats::pairwise.t.test` with unpooled variances, run down its own code path. R verifying R; the plugin has no counterpart, and none is owed.	options
c0172	posthoc_alto__mezzo_padj_ptt		0.12072603934960449		reported by R only (documented)	Holm and Benjamini-Hochberg correction define no per-pair confidence level, so there is no interval for the plugin or R to print here (see pairwise-interval-scope). In its place R checks itself: the adjusted p-value from its primary per-pair test is compared against a second, independent computation, `stats::pairwise.t.test` with unpooled variances, run down its own code path. R verifying R; the plugin has no counterpart, and none is owed.	options
c0172	posthoc_alto__soprano_padj_ptt		2.9419936994394194e-05		reported by R only (documented)	Holm and Benjamini-Hochberg correction define no per-pair confidence level, so there is no interval for the plugin or R to print here (see pairwise-interval-scope). In its place R checks itself: the adjusted p-value from its primary per-pair test is compared against a second, independent computation, `stats::pairwise.t.test` with unpooled variances, run down its own code path. R verifying R; the plugin has no counterpart, and none is owed.	options
c0172	posthoc_mezzo__soprano_padj_ptt		6.8392936544017053e-05		reported by R only (documented)	Holm and Benjamini-Hochberg correction define no per-pair confidence level, so there is no interval for the plugin or R to print here (see pairwise-interval-scope). In its place R checks itself: the adjusted p-value from its primary per-pair test is compared against a second, independent computation, `stats::pairwise.t.test` with unpooled variances, run down its own code path. R verifying R; the plugin has no counterpart, and none is owed.	options
c0173	posthoc_alto__mezzo_diff_wilcoxest		-2.9063837146481291		reported by R only (documented)	R's `wilcox.test` reports a shift estimate found by searching its own test statistic, which differs slightly from the textbook Hodges-Lehmann definition. The plugin computes the definition, that quantity is compared, and R's search result is recorded beside it rather than imitated.	options
c0173	posthoc_alto__soprano_diff_wilcoxest		-8.9337636586526656		reported by R only (documented)	R's `wilcox.test` reports a shift estimate found by searching its own test statistic, which differs slightly from the textbook Hodges-Lehmann definition. The plugin computes the definition, that quantity is compared, and R's search result is recorded beside it rather than imitated.	options
c0173	posthoc_mezzo__soprano_diff_wilcoxest		-5.366045374070282		reported by R only (documented)	R's `wilcox.test` reports a shift estimate found by searching its own test statistic, which differs slightly from the textbook Hodges-Lehmann definition. The plugin computes the definition, that quantity is compared, and R's search result is recorded beside it rather than imitated.	options
c0174	posthoc_alto__mezzo_diff_wilcoxest		-2.9063837146481291		reported by R only (documented)	R's `wilcox.test` reports a shift estimate found by searching its own test statistic, which differs slightly from the textbook Hodges-Lehmann definition. The plugin computes the definition, that quantity is compared, and R's search result is recorded beside it rather than imitated.	options
c0174	posthoc_alto__soprano_diff_wilcoxest		-8.9337636586526656		reported by R only (documented)	R's `wilcox.test` reports a shift estimate found by searching its own test statistic, which differs slightly from the textbook Hodges-Lehmann definition. The plugin computes the definition, that quantity is compared, and R's search result is recorded beside it rather than imitated.	options
c0174	posthoc_mezzo__soprano_diff_wilcoxest		-5.366045374070282		reported by R only (documented)	R's `wilcox.test` reports a shift estimate found by searching its own test statistic, which differs slightly from the textbook Hodges-Lehmann definition. The plugin computes the definition, that quantity is compared, and R's search result is recorded beside it rather than imitated.	options
c0175	posthoc_alto__mezzo_diff_wilcoxest		-2.9063837146481291		reported by R only (documented)	R's `wilcox.test` reports a shift estimate found by searching its own test statistic, which differs slightly from the textbook Hodges-Lehmann definition. The plugin computes the definition, that quantity is compared, and R's search result is recorded beside it rather than imitated.	options
c0175	posthoc_alto__soprano_diff_wilcoxest		-8.9337636586526656		reported by R only (documented)	R's `wilcox.test` reports a shift estimate found by searching its own test statistic, which differs slightly from the textbook Hodges-Lehmann definition. The plugin computes the definition, that quantity is compared, and R's search result is recorded beside it rather than imitated.	options
c0175	posthoc_mezzo__soprano_diff_wilcoxest		-5.366045374070282		reported by R only (documented)	R's `wilcox.test` reports a shift estimate found by searching its own test statistic, which differs slightly from the textbook Hodges-Lehmann definition. The plugin computes the definition, that quantity is compared, and R's search result is recorded beside it rather than imitated.	options
c0177	posthoc_mezzo__alto_padj_ptt		0.29407981910432873		reported by R only (documented)	Holm and Benjamini-Hochberg correction define no per-pair confidence level, so there is no interval for the plugin or R to print here (see pairwise-interval-scope). In its place R checks itself: the adjusted p-value from its primary per-pair test is compared against a second, independent computation, `stats::pairwise.t.test` with unpooled variances, run down its own code path. R verifying R; the plugin has no counterpart, and none is owed.	options
c0177	posthoc_soprano__alto_padj_ptt		0.012263085118630598		reported by R only (documented)	Holm and Benjamini-Hochberg correction define no per-pair confidence level, so there is no interval for the plugin or R to print here (see pairwise-interval-scope). In its place R checks itself: the adjusted p-value from its primary per-pair test is compared against a second, independent computation, `stats::pairwise.t.test` with unpooled variances, run down its own code path. R verifying R; the plugin has no counterpart, and none is owed.	options
c0177	posthoc_soprano__mezzo_padj_ptt		1		reported by R only (documented)	Holm and Benjamini-Hochberg correction define no per-pair confidence level, so there is no interval for the plugin or R to print here (see pairwise-interval-scope). In its place R checks itself: the adjusted p-value from its primary per-pair test is compared against a second, independent computation, `stats::pairwise.t.test` with unpooled variances, run down its own code path. R verifying R; the plugin has no counterpart, and none is owed.	options
c0178	posthoc_mezzo__alto_padj_ptt		0.19605321273621915		reported by R only (documented)	Holm and Benjamini-Hochberg correction define no per-pair confidence level, so there is no interval for the plugin or R to print here (see pairwise-interval-scope). In its place R checks itself: the adjusted p-value from its primary per-pair test is compared against a second, independent computation, `stats::pairwise.t.test` with unpooled variances, run down its own code path. R verifying R; the plugin has no counterpart, and none is owed.	options
c0178	posthoc_soprano__alto_padj_ptt		0.012263085118630598		reported by R only (documented)	Holm and Benjamini-Hochberg correction define no per-pair confidence level, so there is no interval for the plugin or R to print here (see pairwise-interval-scope). In its place R checks itself: the adjusted p-value from its primary per-pair test is compared against a second, independent computation, `stats::pairwise.t.test` with unpooled variances, run down its own code path. R verifying R; the plugin has no counterpart, and none is owed.	options
c0178	posthoc_soprano__mezzo_padj_ptt		0.47201938223798756		reported by R only (documented)	Holm and Benjamini-Hochberg correction define no per-pair confidence level, so there is no interval for the plugin or R to print here (see pairwise-interval-scope). In its place R checks itself: the adjusted p-value from its primary per-pair test is compared against a second, independent computation, `stats::pairwise.t.test` with unpooled variances, run down its own code path. R verifying R; the plugin has no counterpart, and none is owed.	options
c0179	posthoc_mezzo__alto_padj_ptt		0.14703990955216437		reported by R only (documented)	Holm and Benjamini-Hochberg correction define no per-pair confidence level, so there is no interval for the plugin or R to print here (see pairwise-interval-scope). In its place R checks itself: the adjusted p-value from its primary per-pair test is compared against a second, independent computation, `stats::pairwise.t.test` with unpooled variances, run down its own code path. R verifying R; the plugin has no counterpart, and none is owed.	options
c0179	posthoc_soprano__alto_padj_ptt		0.012263085118630598		reported by R only (documented)	Holm and Benjamini-Hochberg correction define no per-pair confidence level, so there is no interval for the plugin or R to print here (see pairwise-interval-scope). In its place R checks itself: the adjusted p-value from its primary per-pair test is compared against a second, independent computation, `stats::pairwise.t.test` with unpooled variances, run down its own code path. R verifying R; the plugin has no counterpart, and none is owed.	options
c0179	posthoc_soprano__mezzo_padj_ptt		0.47201938223798756		reported by R only (documented)	Holm and Benjamini-Hochberg correction define no per-pair confidence level, so there is no interval for the plugin or R to print here (see pairwise-interval-scope). In its place R checks itself: the adjusted p-value from its primary per-pair test is compared against a second, independent computation, `stats::pairwise.t.test` with unpooled variances, run down its own code path. R verifying R; the plugin has no counterpart, and none is owed.	options
c0180	posthoc_mezzo__alto_padj_ptt		0.29407981910432873		reported by R only (documented)	Holm and Benjamini-Hochberg correction define no per-pair confidence level, so there is no interval for the plugin or R to print here (see pairwise-interval-scope). In its place R checks itself: the adjusted p-value from its primary per-pair test is compared against a second, independent computation, `stats::pairwise.t.test` with unpooled variances, run down its own code path. R verifying R; the plugin has no counterpart, and none is owed.	options
c0180	posthoc_soprano__alto_padj_ptt		0.012263085118630598		reported by R only (documented)	Holm and Benjamini-Hochberg correction define no per-pair confidence level, so there is no interval for the plugin or R to print here (see pairwise-interval-scope). In its place R checks itself: the adjusted p-value from its primary per-pair test is compared against a second, independent computation, `stats::pairwise.t.test` with unpooled variances, run down its own code path. R verifying R; the plugin has no counterpart, and none is owed.	options
c0180	posthoc_soprano__mezzo_padj_ptt		1		reported by R only (documented)	Holm and Benjamini-Hochberg correction define no per-pair confidence level, so there is no interval for the plugin or R to print here (see pairwise-interval-scope). In its place R checks itself: the adjusted p-value from its primary per-pair test is compared against a second, independent computation, `stats::pairwise.t.test` with unpooled variances, run down its own code path. R verifying R; the plugin has no counterpart, and none is owed.	options
c0181	posthoc_mezzo__alto_padj_ptt		0.19605321273621915		reported by R only (documented)	Holm and Benjamini-Hochberg correction define no per-pair confidence level, so there is no interval for the plugin or R to print here (see pairwise-interval-scope). In its place R checks itself: the adjusted p-value from its primary per-pair test is compared against a second, independent computation, `stats::pairwise.t.test` with unpooled variances, run down its own code path. R verifying R; the plugin has no counterpart, and none is owed.	options
c0181	posthoc_soprano__alto_padj_ptt		0.012263085118630598		reported by R only (documented)	Holm and Benjamini-Hochberg correction define no per-pair confidence level, so there is no interval for the plugin or R to print here (see pairwise-interval-scope). In its place R checks itself: the adjusted p-value from its primary per-pair test is compared against a second, independent computation, `stats::pairwise.t.test` with unpooled variances, run down its own code path. R verifying R; the plugin has no counterpart, and none is owed.	options
c0181	posthoc_soprano__mezzo_padj_ptt		0.47201938223798756		reported by R only (documented)	Holm and Benjamini-Hochberg correction define no per-pair confidence level, so there is no interval for the plugin or R to print here (see pairwise-interval-scope). In its place R checks itself: the adjusted p-value from its primary per-pair test is compared against a second, independent computation, `stats::pairwise.t.test` with unpooled variances, run down its own code path. R verifying R; the plugin has no counterpart, and none is owed.	options
c0182	posthoc_mezzo__alto_padj_ptt		0.14703990955216437		reported by R only (documented)	Holm and Benjamini-Hochberg correction define no per-pair confidence level, so there is no interval for the plugin or R to print here (see pairwise-interval-scope). In its place R checks itself: the adjusted p-value from its primary per-pair test is compared against a second, independent computation, `stats::pairwise.t.test` with unpooled variances, run down its own code path. R verifying R; the plugin has no counterpart, and none is owed.	options
c0182	posthoc_soprano__alto_padj_ptt		0.012263085118630598		reported by R only (documented)	Holm and Benjamini-Hochberg correction define no per-pair confidence level, so there is no interval for the plugin or R to print here (see pairwise-interval-scope). In its place R checks itself: the adjusted p-value from its primary per-pair test is compared against a second, independent computation, `stats::pairwise.t.test` with unpooled variances, run down its own code path. R verifying R; the plugin has no counterpart, and none is owed.	options
c0182	posthoc_soprano__mezzo_padj_ptt		0.47201938223798756		reported by R only (documented)	Holm and Benjamini-Hochberg correction define no per-pair confidence level, so there is no interval for the plugin or R to print here (see pairwise-interval-scope). In its place R checks itself: the adjusted p-value from its primary per-pair test is compared against a second, independent computation, `stats::pairwise.t.test` with unpooled variances, run down its own code path. R verifying R; the plugin has no counterpart, and none is owed.	options
c0183	posthoc_mezzo__alto_diff_wilcoxest		0.3089329621019008		reported by R only (documented)	R's `wilcox.test` reports a shift estimate found by searching its own test statistic, which differs slightly from the textbook Hodges-Lehmann definition. The plugin computes the definition, that quantity is compared, and R's search result is recorded beside it rather than imitated.	options
c0183	posthoc_soprano__alto_diff_wilcoxest		0.68152272763709298		reported by R only (documented)	R's `wilcox.test` reports a shift estimate found by searching its own test statistic, which differs slightly from the textbook Hodges-Lehmann definition. The plugin computes the definition, that quantity is compared, and R's search result is recorded beside it rather than imitated.	options
c0183	posthoc_soprano__mezzo_diff_wilcoxest		0.31801762679231249		reported by R only (documented)	R's `wilcox.test` reports a shift estimate found by searching its own test statistic, which differs slightly from the textbook Hodges-Lehmann definition. The plugin computes the definition, that quantity is compared, and R's search result is recorded beside it rather than imitated.	options
c0184	posthoc_mezzo__alto_diff_wilcoxest		0.3089329621019008		reported by R only (documented)	R's `wilcox.test` reports a shift estimate found by searching its own test statistic, which differs slightly from the textbook Hodges-Lehmann definition. The plugin computes the definition, that quantity is compared, and R's search result is recorded beside it rather than imitated.	options
c0184	posthoc_soprano__alto_diff_wilcoxest		0.68152272763709298		reported by R only (documented)	R's `wilcox.test` reports a shift estimate found by searching its own test statistic, which differs slightly from the textbook Hodges-Lehmann definition. The plugin computes the definition, that quantity is compared, and R's search result is recorded beside it rather than imitated.	options
c0184	posthoc_soprano__mezzo_diff_wilcoxest		0.31801762679231249		reported by R only (documented)	R's `wilcox.test` reports a shift estimate found by searching its own test statistic, which differs slightly from the textbook Hodges-Lehmann definition. The plugin computes the definition, that quantity is compared, and R's search result is recorded beside it rather than imitated.	options
c0185	posthoc_mezzo__alto_diff_wilcoxest		0.3089329621019008		reported by R only (documented)	R's `wilcox.test` reports a shift estimate found by searching its own test statistic, which differs slightly from the textbook Hodges-Lehmann definition. The plugin computes the definition, that quantity is compared, and R's search result is recorded beside it rather than imitated.	options
c0185	posthoc_soprano__alto_diff_wilcoxest		0.68152272763709298		reported by R only (documented)	R's `wilcox.test` reports a shift estimate found by searching its own test statistic, which differs slightly from the textbook Hodges-Lehmann definition. The plugin computes the definition, that quantity is compared, and R's search result is recorded beside it rather than imitated.	options
c0185	posthoc_soprano__mezzo_diff_wilcoxest		0.31801762679231249		reported by R only (documented)	R's `wilcox.test` reports a shift estimate found by searching its own test statistic, which differs slightly from the textbook Hodges-Lehmann definition. The plugin computes the definition, that quantity is compared, and R's search result is recorded beside it rather than imitated.	options
c0187	posthoc_alto__mezzo_padj_ptt		0.29407981910432873		reported by R only (documented)	Holm and Benjamini-Hochberg correction define no per-pair confidence level, so there is no interval for the plugin or R to print here (see pairwise-interval-scope). In its place R checks itself: the adjusted p-value from its primary per-pair test is compared against a second, independent computation, `stats::pairwise.t.test` with unpooled variances, run down its own code path. R verifying R; the plugin has no counterpart, and none is owed.	options
c0187	posthoc_alto__soprano_padj_ptt		0.012263085118630598		reported by R only (documented)	Holm and Benjamini-Hochberg correction define no per-pair confidence level, so there is no interval for the plugin or R to print here (see pairwise-interval-scope). In its place R checks itself: the adjusted p-value from its primary per-pair test is compared against a second, independent computation, `stats::pairwise.t.test` with unpooled variances, run down its own code path. R verifying R; the plugin has no counterpart, and none is owed.	options
c0187	posthoc_mezzo__soprano_padj_ptt		1		reported by R only (documented)	Holm and Benjamini-Hochberg correction define no per-pair confidence level, so there is no interval for the plugin or R to print here (see pairwise-interval-scope). In its place R checks itself: the adjusted p-value from its primary per-pair test is compared against a second, independent computation, `stats::pairwise.t.test` with unpooled variances, run down its own code path. R verifying R; the plugin has no counterpart, and none is owed.	options
c0188	posthoc_alto__mezzo_padj_ptt		0.19605321273621915		reported by R only (documented)	Holm and Benjamini-Hochberg correction define no per-pair confidence level, so there is no interval for the plugin or R to print here (see pairwise-interval-scope). In its place R checks itself: the adjusted p-value from its primary per-pair test is compared against a second, independent computation, `stats::pairwise.t.test` with unpooled variances, run down its own code path. R verifying R; the plugin has no counterpart, and none is owed.	options
c0188	posthoc_alto__soprano_padj_ptt		0.012263085118630598		reported by R only (documented)	Holm and Benjamini-Hochberg correction define no per-pair confidence level, so there is no interval for the plugin or R to print here (see pairwise-interval-scope). In its place R checks itself: the adjusted p-value from its primary per-pair test is compared against a second, independent computation, `stats::pairwise.t.test` with unpooled variances, run down its own code path. R verifying R; the plugin has no counterpart, and none is owed.	options
c0188	posthoc_mezzo__soprano_padj_ptt		0.47201938223798756		reported by R only (documented)	Holm and Benjamini-Hochberg correction define no per-pair confidence level, so there is no interval for the plugin or R to print here (see pairwise-interval-scope). In its place R checks itself: the adjusted p-value from its primary per-pair test is compared against a second, independent computation, `stats::pairwise.t.test` with unpooled variances, run down its own code path. R verifying R; the plugin has no counterpart, and none is owed.	options
c0189	posthoc_alto__mezzo_padj_ptt		0.14703990955216437		reported by R only (documented)	Holm and Benjamini-Hochberg correction define no per-pair confidence level, so there is no interval for the plugin or R to print here (see pairwise-interval-scope). In its place R checks itself: the adjusted p-value from its primary per-pair test is compared against a second, independent computation, `stats::pairwise.t.test` with unpooled variances, run down its own code path. R verifying R; the plugin has no counterpart, and none is owed.	options
c0189	posthoc_alto__soprano_padj_ptt		0.012263085118630598		reported by R only (documented)	Holm and Benjamini-Hochberg correction define no per-pair confidence level, so there is no interval for the plugin or R to print here (see pairwise-interval-scope). In its place R checks itself: the adjusted p-value from its primary per-pair test is compared against a second, independent computation, `stats::pairwise.t.test` with unpooled variances, run down its own code path. R verifying R; the plugin has no counterpart, and none is owed.	options
c0189	posthoc_mezzo__soprano_padj_ptt		0.47201938223798756		reported by R only (documented)	Holm and Benjamini-Hochberg correction define no per-pair confidence level, so there is no interval for the plugin or R to print here (see pairwise-interval-scope). In its place R checks itself: the adjusted p-value from its primary per-pair test is compared against a second, independent computation, `stats::pairwise.t.test` with unpooled variances, run down its own code path. R verifying R; the plugin has no counterpart, and none is owed.	options
c0190	posthoc_alto__mezzo_padj_ptt		0.29407981910432873		reported by R only (documented)	Holm and Benjamini-Hochberg correction define no per-pair confidence level, so there is no interval for the plugin or R to print here (see pairwise-interval-scope). In its place R checks itself: the adjusted p-value from its primary per-pair test is compared against a second, independent computation, `stats::pairwise.t.test` with unpooled variances, run down its own code path. R verifying R; the plugin has no counterpart, and none is owed.	options
c0190	posthoc_alto__soprano_padj_ptt		0.012263085118630598		reported by R only (documented)	Holm and Benjamini-Hochberg correction define no per-pair confidence level, so there is no interval for the plugin or R to print here (see pairwise-interval-scope). In its place R checks itself: the adjusted p-value from its primary per-pair test is compared against a second, independent computation, `stats::pairwise.t.test` with unpooled variances, run down its own code path. R verifying R; the plugin has no counterpart, and none is owed.	options
c0190	posthoc_mezzo__soprano_padj_ptt		1		reported by R only (documented)	Holm and Benjamini-Hochberg correction define no per-pair confidence level, so there is no interval for the plugin or R to print here (see pairwise-interval-scope). In its place R checks itself: the adjusted p-value from its primary per-pair test is compared against a second, independent computation, `stats::pairwise.t.test` with unpooled variances, run down its own code path. R verifying R; the plugin has no counterpart, and none is owed.	options
c0191	posthoc_alto__mezzo_padj_ptt		0.19605321273621915		reported by R only (documented)	Holm and Benjamini-Hochberg correction define no per-pair confidence level, so there is no interval for the plugin or R to print here (see pairwise-interval-scope). In its place R checks itself: the adjusted p-value from its primary per-pair test is compared against a second, independent computation, `stats::pairwise.t.test` with unpooled variances, run down its own code path. R verifying R; the plugin has no counterpart, and none is owed.	options
c0191	posthoc_alto__soprano_padj_ptt		0.012263085118630598		reported by R only (documented)	Holm and Benjamini-Hochberg correction define no per-pair confidence level, so there is no interval for the plugin or R to print here (see pairwise-interval-scope). In its place R checks itself: the adjusted p-value from its primary per-pair test is compared against a second, independent computation, `stats::pairwise.t.test` with unpooled variances, run down its own code path. R verifying R; the plugin has no counterpart, and none is owed.	options
c0191	posthoc_mezzo__soprano_padj_ptt		0.47201938223798756		reported by R only (documented)	Holm and Benjamini-Hochberg correction define no per-pair confidence level, so there is no interval for the plugin or R to print here (see pairwise-interval-scope). In its place R checks itself: the adjusted p-value from its primary per-pair test is compared against a second, independent computation, `stats::pairwise.t.test` with unpooled variances, run down its own code path. R verifying R; the plugin has no counterpart, and none is owed.	options
c0192	posthoc_alto__mezzo_padj_ptt		0.14703990955216437		reported by R only (documented)	Holm and Benjamini-Hochberg correction define no per-pair confidence level, so there is no interval for the plugin or R to print here (see pairwise-interval-scope). In its place R checks itself: the adjusted p-value from its primary per-pair test is compared against a second, independent computation, `stats::pairwise.t.test` with unpooled variances, run down its own code path. R verifying R; the plugin has no counterpart, and none is owed.	options
c0192	posthoc_alto__soprano_padj_ptt		0.012263085118630598		reported by R only (documented)	Holm and Benjamini-Hochberg correction define no per-pair confidence level, so there is no interval for the plugin or R to print here (see pairwise-interval-scope). In its place R checks itself: the adjusted p-value from its primary per-pair test is compared against a second, independent computation, `stats::pairwise.t.test` with unpooled variances, run down its own code path. R verifying R; the plugin has no counterpart, and none is owed.	options
c0192	posthoc_mezzo__soprano_padj_ptt		0.47201938223798756		reported by R only (documented)	Holm and Benjamini-Hochberg correction define no per-pair confidence level, so there is no interval for the plugin or R to print here (see pairwise-interval-scope). In its place R checks itself: the adjusted p-value from its primary per-pair test is compared against a second, independent computation, `stats::pairwise.t.test` with unpooled variances, run down its own code path. R verifying R; the plugin has no counterpart, and none is owed.	options
c0193	posthoc_alto__mezzo_diff_wilcoxest		-0.3089329621019008		reported by R only (documented)	R's `wilcox.test` reports a shift estimate found by searching its own test statistic, which differs slightly from the textbook Hodges-Lehmann definition. The plugin computes the definition, that quantity is compared, and R's search result is recorded beside it rather than imitated.	options
c0193	posthoc_alto__soprano_diff_wilcoxest		-0.68152272763709298		reported by R only (documented)	R's `wilcox.test` reports a shift estimate found by searching its own test statistic, which differs slightly from the textbook Hodges-Lehmann definition. The plugin computes the definition, that quantity is compared, and R's search result is recorded beside it rather than imitated.	options
c0193	posthoc_mezzo__soprano_diff_wilcoxest		-0.31801762679231249		reported by R only (documented)	R's `wilcox.test` reports a shift estimate found by searching its own test statistic, which differs slightly from the textbook Hodges-Lehmann definition. The plugin computes the definition, that quantity is compared, and R's search result is recorded beside it rather than imitated.	options
c0194	posthoc_alto__mezzo_diff_wilcoxest		-0.3089329621019008		reported by R only (documented)	R's `wilcox.test` reports a shift estimate found by searching its own test statistic, which differs slightly from the textbook Hodges-Lehmann definition. The plugin computes the definition, that quantity is compared, and R's search result is recorded beside it rather than imitated.	options
c0194	posthoc_alto__soprano_diff_wilcoxest		-0.68152272763709298		reported by R only (documented)	R's `wilcox.test` reports a shift estimate found by searching its own test statistic, which differs slightly from the textbook Hodges-Lehmann definition. The plugin computes the definition, that quantity is compared, and R's search result is recorded beside it rather than imitated.	options
c0194	posthoc_mezzo__soprano_diff_wilcoxest		-0.31801762679231249		reported by R only (documented)	R's `wilcox.test` reports a shift estimate found by searching its own test statistic, which differs slightly from the textbook Hodges-Lehmann definition. The plugin computes the definition, that quantity is compared, and R's search result is recorded beside it rather than imitated.	options
c0195	posthoc_alto__mezzo_diff_wilcoxest		-0.3089329621019008		reported by R only (documented)	R's `wilcox.test` reports a shift estimate found by searching its own test statistic, which differs slightly from the textbook Hodges-Lehmann definition. The plugin computes the definition, that quantity is compared, and R's search result is recorded beside it rather than imitated.	options
c0195	posthoc_alto__soprano_diff_wilcoxest		-0.68152272763709298		reported by R only (documented)	R's `wilcox.test` reports a shift estimate found by searching its own test statistic, which differs slightly from the textbook Hodges-Lehmann definition. The plugin computes the definition, that quantity is compared, and R's search result is recorded beside it rather than imitated.	options
c0195	posthoc_mezzo__soprano_diff_wilcoxest		-0.31801762679231249		reported by R only (documented)	R's `wilcox.test` reports a shift estimate found by searching its own test statistic, which differs slightly from the textbook Hodges-Lehmann definition. The plugin computes the definition, that quantity is compared, and R's search result is recorded beside it rather than imitated.	options
c0197	posthoc_mezzo__alto_padj_ptt		0.034205552561076685		reported by R only (documented)	Holm and Benjamini-Hochberg correction define no per-pair confidence level, so there is no interval for the plugin or R to print here (see pairwise-interval-scope). In its place R checks itself: the adjusted p-value from its primary per-pair test is compared against a second, independent computation, `stats::pairwise.t.test` with unpooled variances, run down its own code path. R verifying R; the plugin has no counterpart, and none is owed.	options
c0197	posthoc_soprano__alto_padj_ptt		1.1033606503174801e-05		reported by R only (documented)	Holm and Benjamini-Hochberg correction define no per-pair confidence level, so there is no interval for the plugin or R to print here (see pairwise-interval-scope). In its place R checks itself: the adjusted p-value from its primary per-pair test is compared against a second, independent computation, `stats::pairwise.t.test` with unpooled variances, run down its own code path. R verifying R; the plugin has no counterpart, and none is owed.	options
c0197	posthoc_soprano__mezzo_padj_ptt		0.052744125961857694		reported by R only (documented)	Holm and Benjamini-Hochberg correction define no per-pair confidence level, so there is no interval for the plugin or R to print here (see pairwise-interval-scope). In its place R checks itself: the adjusted p-value from its primary per-pair test is compared against a second, independent computation, `stats::pairwise.t.test` with unpooled variances, run down its own code path. R verifying R; the plugin has no counterpart, and none is owed.	options
c0198	posthoc_mezzo__alto_padj_ptt		0.022803701707384456		reported by R only (documented)	Holm and Benjamini-Hochberg correction define no per-pair confidence level, so there is no interval for the plugin or R to print here (see pairwise-interval-scope). In its place R checks itself: the adjusted p-value from its primary per-pair test is compared against a second, independent computation, `stats::pairwise.t.test` with unpooled variances, run down its own code path. R verifying R; the plugin has no counterpart, and none is owed.	options
c0198	posthoc_soprano__alto_padj_ptt		1.1033606503174801e-05		reported by R only (documented)	Holm and Benjamini-Hochberg correction define no per-pair confidence level, so there is no interval for the plugin or R to print here (see pairwise-interval-scope). In its place R checks itself: the adjusted p-value from its primary per-pair test is compared against a second, independent computation, `stats::pairwise.t.test` with unpooled variances, run down its own code path. R verifying R; the plugin has no counterpart, and none is owed.	options
c0198	posthoc_soprano__mezzo_padj_ptt		0.022803701707384456		reported by R only (documented)	Holm and Benjamini-Hochberg correction define no per-pair confidence level, so there is no interval for the plugin or R to print here (see pairwise-interval-scope). In its place R checks itself: the adjusted p-value from its primary per-pair test is compared against a second, independent computation, `stats::pairwise.t.test` with unpooled variances, run down its own code path. R verifying R; the plugin has no counterpart, and none is owed.	options
c0199	posthoc_mezzo__alto_padj_ptt		0.017102776280538343		reported by R only (documented)	Holm and Benjamini-Hochberg correction define no per-pair confidence level, so there is no interval for the plugin or R to print here (see pairwise-interval-scope). In its place R checks itself: the adjusted p-value from its primary per-pair test is compared against a second, independent computation, `stats::pairwise.t.test` with unpooled variances, run down its own code path. R verifying R; the plugin has no counterpart, and none is owed.	options
c0199	posthoc_soprano__alto_padj_ptt		1.1033606503174801e-05		reported by R only (documented)	Holm and Benjamini-Hochberg correction define no per-pair confidence level, so there is no interval for the plugin or R to print here (see pairwise-interval-scope). In its place R checks itself: the adjusted p-value from its primary per-pair test is compared against a second, independent computation, `stats::pairwise.t.test` with unpooled variances, run down its own code path. R verifying R; the plugin has no counterpart, and none is owed.	options
c0199	posthoc_soprano__mezzo_padj_ptt		0.017581375320619232		reported by R only (documented)	Holm and Benjamini-Hochberg correction define no per-pair confidence level, so there is no interval for the plugin or R to print here (see pairwise-interval-scope). In its place R checks itself: the adjusted p-value from its primary per-pair test is compared against a second, independent computation, `stats::pairwise.t.test` with unpooled variances, run down its own code path. R verifying R; the plugin has no counterpart, and none is owed.	options
c0200	posthoc_mezzo__alto_padj_ptt		0.034205552561076685		reported by R only (documented)	Holm and Benjamini-Hochberg correction define no per-pair confidence level, so there is no interval for the plugin or R to print here (see pairwise-interval-scope). In its place R checks itself: the adjusted p-value from its primary per-pair test is compared against a second, independent computation, `stats::pairwise.t.test` with unpooled variances, run down its own code path. R verifying R; the plugin has no counterpart, and none is owed.	options
c0200	posthoc_soprano__alto_padj_ptt		1.1033606503174801e-05		reported by R only (documented)	Holm and Benjamini-Hochberg correction define no per-pair confidence level, so there is no interval for the plugin or R to print here (see pairwise-interval-scope). In its place R checks itself: the adjusted p-value from its primary per-pair test is compared against a second, independent computation, `stats::pairwise.t.test` with unpooled variances, run down its own code path. R verifying R; the plugin has no counterpart, and none is owed.	options
c0200	posthoc_soprano__mezzo_padj_ptt		0.052744125961857694		reported by R only (documented)	Holm and Benjamini-Hochberg correction define no per-pair confidence level, so there is no interval for the plugin or R to print here (see pairwise-interval-scope). In its place R checks itself: the adjusted p-value from its primary per-pair test is compared against a second, independent computation, `stats::pairwise.t.test` with unpooled variances, run down its own code path. R verifying R; the plugin has no counterpart, and none is owed.	options
c0201	posthoc_mezzo__alto_padj_ptt		0.022803701707384456		reported by R only (documented)	Holm and Benjamini-Hochberg correction define no per-pair confidence level, so there is no interval for the plugin or R to print here (see pairwise-interval-scope). In its place R checks itself: the adjusted p-value from its primary per-pair test is compared against a second, independent computation, `stats::pairwise.t.test` with unpooled variances, run down its own code path. R verifying R; the plugin has no counterpart, and none is owed.	options
c0201	posthoc_soprano__alto_padj_ptt		1.1033606503174801e-05		reported by R only (documented)	Holm and Benjamini-Hochberg correction define no per-pair confidence level, so there is no interval for the plugin or R to print here (see pairwise-interval-scope). In its place R checks itself: the adjusted p-value from its primary per-pair test is compared against a second, independent computation, `stats::pairwise.t.test` with unpooled variances, run down its own code path. R verifying R; the plugin has no counterpart, and none is owed.	options
c0201	posthoc_soprano__mezzo_padj_ptt		0.022803701707384456		reported by R only (documented)	Holm and Benjamini-Hochberg correction define no per-pair confidence level, so there is no interval for the plugin or R to print here (see pairwise-interval-scope). In its place R checks itself: the adjusted p-value from its primary per-pair test is compared against a second, independent computation, `stats::pairwise.t.test` with unpooled variances, run down its own code path. R verifying R; the plugin has no counterpart, and none is owed.	options
c0202	posthoc_mezzo__alto_padj_ptt		0.017102776280538343		reported by R only (documented)	Holm and Benjamini-Hochberg correction define no per-pair confidence level, so there is no interval for the plugin or R to print here (see pairwise-interval-scope). In its place R checks itself: the adjusted p-value from its primary per-pair test is compared against a second, independent computation, `stats::pairwise.t.test` with unpooled variances, run down its own code path. R verifying R; the plugin has no counterpart, and none is owed.	options
c0202	posthoc_soprano__alto_padj_ptt		1.1033606503174801e-05		reported by R only (documented)	Holm and Benjamini-Hochberg correction define no per-pair confidence level, so there is no interval for the plugin or R to print here (see pairwise-interval-scope). In its place R checks itself: the adjusted p-value from its primary per-pair test is compared against a second, independent computation, `stats::pairwise.t.test` with unpooled variances, run down its own code path. R verifying R; the plugin has no counterpart, and none is owed.	options
c0202	posthoc_soprano__mezzo_padj_ptt		0.017581375320619232		reported by R only (documented)	Holm and Benjamini-Hochberg correction define no per-pair confidence level, so there is no interval for the plugin or R to print here (see pairwise-interval-scope). In its place R checks itself: the adjusted p-value from its primary per-pair test is compared against a second, independent computation, `stats::pairwise.t.test` with unpooled variances, run down its own code path. R verifying R; the plugin has no counterpart, and none is owed.	options
c0203	posthoc_mezzo__alto_diff_wilcoxest		4.0759233270156727		reported by R only (documented)	R's `wilcox.test` reports a shift estimate found by searching its own test statistic, which differs slightly from the textbook Hodges-Lehmann definition. The plugin computes the definition, that quantity is compared, and R's search result is recorded beside it rather than imitated.	options
c0203	posthoc_soprano__alto_diff_wilcoxest		7.8105556900550255		reported by R only (documented)	R's `wilcox.test` reports a shift estimate found by searching its own test statistic, which differs slightly from the textbook Hodges-Lehmann definition. The plugin computes the definition, that quantity is compared, and R's search result is recorded beside it rather than imitated.	options
c0203	posthoc_soprano__mezzo_diff_wilcoxest		3.6540459691075569		reported by R only (documented)	R's `wilcox.test` reports a shift estimate found by searching its own test statistic, which differs slightly from the textbook Hodges-Lehmann definition. The plugin computes the definition, that quantity is compared, and R's search result is recorded beside it rather than imitated.	options
c0204	posthoc_mezzo__alto_diff_wilcoxest		4.0759233270156727		reported by R only (documented)	R's `wilcox.test` reports a shift estimate found by searching its own test statistic, which differs slightly from the textbook Hodges-Lehmann definition. The plugin computes the definition, that quantity is compared, and R's search result is recorded beside it rather than imitated.	options
c0204	posthoc_soprano__alto_diff_wilcoxest		7.8105556900550255		reported by R only (documented)	R's `wilcox.test` reports a shift estimate found by searching its own test statistic, which differs slightly from the textbook Hodges-Lehmann definition. The plugin computes the definition, that quantity is compared, and R's search result is recorded beside it rather than imitated.	options
c0204	posthoc_soprano__mezzo_diff_wilcoxest		3.6540459691075569		reported by R only (documented)	R's `wilcox.test` reports a shift estimate found by searching its own test statistic, which differs slightly from the textbook Hodges-Lehmann definition. The plugin computes the definition, that quantity is compared, and R's search result is recorded beside it rather than imitated.	options
c0205	posthoc_mezzo__alto_diff_wilcoxest		4.0759233270156727		reported by R only (documented)	R's `wilcox.test` reports a shift estimate found by searching its own test statistic, which differs slightly from the textbook Hodges-Lehmann definition. The plugin computes the definition, that quantity is compared, and R's search result is recorded beside it rather than imitated.	options
c0205	posthoc_soprano__alto_diff_wilcoxest		7.8105556900550255		reported by R only (documented)	R's `wilcox.test` reports a shift estimate found by searching its own test statistic, which differs slightly from the textbook Hodges-Lehmann definition. The plugin computes the definition, that quantity is compared, and R's search result is recorded beside it rather than imitated.	options
c0205	posthoc_soprano__mezzo_diff_wilcoxest		3.6540459691075569		reported by R only (documented)	R's `wilcox.test` reports a shift estimate found by searching its own test statistic, which differs slightly from the textbook Hodges-Lehmann definition. The plugin computes the definition, that quantity is compared, and R's search result is recorded beside it rather than imitated.	options
c0207	posthoc_alto__mezzo_padj_ptt		0.034205552561076685		reported by R only (documented)	Holm and Benjamini-Hochberg correction define no per-pair confidence level, so there is no interval for the plugin or R to print here (see pairwise-interval-scope). In its place R checks itself: the adjusted p-value from its primary per-pair test is compared against a second, independent computation, `stats::pairwise.t.test` with unpooled variances, run down its own code path. R verifying R; the plugin has no counterpart, and none is owed.	options
c0207	posthoc_alto__soprano_padj_ptt		1.1033606503174801e-05		reported by R only (documented)	Holm and Benjamini-Hochberg correction define no per-pair confidence level, so there is no interval for the plugin or R to print here (see pairwise-interval-scope). In its place R checks itself: the adjusted p-value from its primary per-pair test is compared against a second, independent computation, `stats::pairwise.t.test` with unpooled variances, run down its own code path. R verifying R; the plugin has no counterpart, and none is owed.	options
c0207	posthoc_mezzo__soprano_padj_ptt		0.052744125961857694		reported by R only (documented)	Holm and Benjamini-Hochberg correction define no per-pair confidence level, so there is no interval for the plugin or R to print here (see pairwise-interval-scope). In its place R checks itself: the adjusted p-value from its primary per-pair test is compared against a second, independent computation, `stats::pairwise.t.test` with unpooled variances, run down its own code path. R verifying R; the plugin has no counterpart, and none is owed.	options
c0208	posthoc_alto__mezzo_padj_ptt		0.022803701707384456		reported by R only (documented)	Holm and Benjamini-Hochberg correction define no per-pair confidence level, so there is no interval for the plugin or R to print here (see pairwise-interval-scope). In its place R checks itself: the adjusted p-value from its primary per-pair test is compared against a second, independent computation, `stats::pairwise.t.test` with unpooled variances, run down its own code path. R verifying R; the plugin has no counterpart, and none is owed.	options
c0208	posthoc_alto__soprano_padj_ptt		1.1033606503174801e-05		reported by R only (documented)	Holm and Benjamini-Hochberg correction define no per-pair confidence level, so there is no interval for the plugin or R to print here (see pairwise-interval-scope). In its place R checks itself: the adjusted p-value from its primary per-pair test is compared against a second, independent computation, `stats::pairwise.t.test` with unpooled variances, run down its own code path. R verifying R; the plugin has no counterpart, and none is owed.	options
c0208	posthoc_mezzo__soprano_padj_ptt		0.022803701707384456		reported by R only (documented)	Holm and Benjamini-Hochberg correction define no per-pair confidence level, so there is no interval for the plugin or R to print here (see pairwise-interval-scope). In its place R checks itself: the adjusted p-value from its primary per-pair test is compared against a second, independent computation, `stats::pairwise.t.test` with unpooled variances, run down its own code path. R verifying R; the plugin has no counterpart, and none is owed.	options
c0209	posthoc_alto__mezzo_padj_ptt		0.017102776280538343		reported by R only (documented)	Holm and Benjamini-Hochberg correction define no per-pair confidence level, so there is no interval for the plugin or R to print here (see pairwise-interval-scope). In its place R checks itself: the adjusted p-value from its primary per-pair test is compared against a second, independent computation, `stats::pairwise.t.test` with unpooled variances, run down its own code path. R verifying R; the plugin has no counterpart, and none is owed.	options
c0209	posthoc_alto__soprano_padj_ptt		1.1033606503174801e-05		reported by R only (documented)	Holm and Benjamini-Hochberg correction define no per-pair confidence level, so there is no interval for the plugin or R to print here (see pairwise-interval-scope). In its place R checks itself: the adjusted p-value from its primary per-pair test is compared against a second, independent computation, `stats::pairwise.t.test` with unpooled variances, run down its own code path. R verifying R; the plugin has no counterpart, and none is owed.	options
c0209	posthoc_mezzo__soprano_padj_ptt		0.017581375320619232		reported by R only (documented)	Holm and Benjamini-Hochberg correction define no per-pair confidence level, so there is no interval for the plugin or R to print here (see pairwise-interval-scope). In its place R checks itself: the adjusted p-value from its primary per-pair test is compared against a second, independent computation, `stats::pairwise.t.test` with unpooled variances, run down its own code path. R verifying R; the plugin has no counterpart, and none is owed.	options
c0210	posthoc_alto__mezzo_padj_ptt		0.034205552561076685		reported by R only (documented)	Holm and Benjamini-Hochberg correction define no per-pair confidence level, so there is no interval for the plugin or R to print here (see pairwise-interval-scope). In its place R checks itself: the adjusted p-value from its primary per-pair test is compared against a second, independent computation, `stats::pairwise.t.test` with unpooled variances, run down its own code path. R verifying R; the plugin has no counterpart, and none is owed.	options
c0210	posthoc_alto__soprano_padj_ptt		1.1033606503174801e-05		reported by R only (documented)	Holm and Benjamini-Hochberg correction define no per-pair confidence level, so there is no interval for the plugin or R to print here (see pairwise-interval-scope). In its place R checks itself: the adjusted p-value from its primary per-pair test is compared against a second, independent computation, `stats::pairwise.t.test` with unpooled variances, run down its own code path. R verifying R; the plugin has no counterpart, and none is owed.	options
c0210	posthoc_mezzo__soprano_padj_ptt		0.052744125961857694		reported by R only (documented)	Holm and Benjamini-Hochberg correction define no per-pair confidence level, so there is no interval for the plugin or R to print here (see pairwise-interval-scope). In its place R checks itself: the adjusted p-value from its primary per-pair test is compared against a second, independent computation, `stats::pairwise.t.test` with unpooled variances, run down its own code path. R verifying R; the plugin has no counterpart, and none is owed.	options
c0211	posthoc_alto__mezzo_padj_ptt		0.022803701707384456		reported by R only (documented)	Holm and Benjamini-Hochberg correction define no per-pair confidence level, so there is no interval for the plugin or R to print here (see pairwise-interval-scope). In its place R checks itself: the adjusted p-value from its primary per-pair test is compared against a second, independent computation, `stats::pairwise.t.test` with unpooled variances, run down its own code path. R verifying R; the plugin has no counterpart, and none is owed.	options
c0211	posthoc_alto__soprano_padj_ptt		1.1033606503174801e-05		reported by R only (documented)	Holm and Benjamini-Hochberg correction define no per-pair confidence level, so there is no interval for the plugin or R to print here (see pairwise-interval-scope). In its place R checks itself: the adjusted p-value from its primary per-pair test is compared against a second, independent computation, `stats::pairwise.t.test` with unpooled variances, run down its own code path. R verifying R; the plugin has no counterpart, and none is owed.	options
c0211	posthoc_mezzo__soprano_padj_ptt		0.022803701707384456		reported by R only (documented)	Holm and Benjamini-Hochberg correction define no per-pair confidence level, so there is no interval for the plugin or R to print here (see pairwise-interval-scope). In its place R checks itself: the adjusted p-value from its primary per-pair test is compared against a second, independent computation, `stats::pairwise.t.test` with unpooled variances, run down its own code path. R verifying R; the plugin has no counterpart, and none is owed.	options
c0212	posthoc_alto__mezzo_padj_ptt		0.017102776280538343		reported by R only (documented)	Holm and Benjamini-Hochberg correction define no per-pair confidence level, so there is no interval for the plugin or R to print here (see pairwise-interval-scope). In its place R checks itself: the adjusted p-value from its primary per-pair test is compared against a second, independent computation, `stats::pairwise.t.test` with unpooled variances, run down its own code path. R verifying R; the plugin has no counterpart, and none is owed.	options
c0212	posthoc_alto__soprano_padj_ptt		1.1033606503174801e-05		reported by R only (documented)	Holm and Benjamini-Hochberg correction define no per-pair confidence level, so there is no interval for the plugin or R to print here (see pairwise-interval-scope). In its place R checks itself: the adjusted p-value from its primary per-pair test is compared against a second, independent computation, `stats::pairwise.t.test` with unpooled variances, run down its own code path. R verifying R; the plugin has no counterpart, and none is owed.	options
c0212	posthoc_mezzo__soprano_padj_ptt		0.017581375320619232		reported by R only (documented)	Holm and Benjamini-Hochberg correction define no per-pair confidence level, so there is no interval for the plugin or R to print here (see pairwise-interval-scope). In its place R checks itself: the adjusted p-value from its primary per-pair test is compared against a second, independent computation, `stats::pairwise.t.test` with unpooled variances, run down its own code path. R verifying R; the plugin has no counterpart, and none is owed.	options
c0213	posthoc_alto__mezzo_diff_wilcoxest		-4.0759233270156727		reported by R only (documented)	R's `wilcox.test` reports a shift estimate found by searching its own test statistic, which differs slightly from the textbook Hodges-Lehmann definition. The plugin computes the definition, that quantity is compared, and R's search result is recorded beside it rather than imitated.	options
c0213	posthoc_alto__soprano_diff_wilcoxest		-7.8105556900550255		reported by R only (documented)	R's `wilcox.test` reports a shift estimate found by searching its own test statistic, which differs slightly from the textbook Hodges-Lehmann definition. The plugin computes the definition, that quantity is compared, and R's search result is recorded beside it rather than imitated.	options
c0213	posthoc_mezzo__soprano_diff_wilcoxest		-3.6540459691075569		reported by R only (documented)	R's `wilcox.test` reports a shift estimate found by searching its own test statistic, which differs slightly from the textbook Hodges-Lehmann definition. The plugin computes the definition, that quantity is compared, and R's search result is recorded beside it rather than imitated.	options
c0214	posthoc_alto__mezzo_diff_wilcoxest		-4.0759233270156727		reported by R only (documented)	R's `wilcox.test` reports a shift estimate found by searching its own test statistic, which differs slightly from the textbook Hodges-Lehmann definition. The plugin computes the definition, that quantity is compared, and R's search result is recorded beside it rather than imitated.	options
c0214	posthoc_alto__soprano_diff_wilcoxest		-7.8105556900550255		reported by R only (documented)	R's `wilcox.test` reports a shift estimate found by searching its own test statistic, which differs slightly from the textbook Hodges-Lehmann definition. The plugin computes the definition, that quantity is compared, and R's search result is recorded beside it rather than imitated.	options
c0214	posthoc_mezzo__soprano_diff_wilcoxest		-3.6540459691075569		reported by R only (documented)	R's `wilcox.test` reports a shift estimate found by searching its own test statistic, which differs slightly from the textbook Hodges-Lehmann definition. The plugin computes the definition, that quantity is compared, and R's search result is recorded beside it rather than imitated.	options
c0215	posthoc_alto__mezzo_diff_wilcoxest		-4.0759233270156727		reported by R only (documented)	R's `wilcox.test` reports a shift estimate found by searching its own test statistic, which differs slightly from the textbook Hodges-Lehmann definition. The plugin computes the definition, that quantity is compared, and R's search result is recorded beside it rather than imitated.	options
c0215	posthoc_alto__soprano_diff_wilcoxest		-7.8105556900550255		reported by R only (documented)	R's `wilcox.test` reports a shift estimate found by searching its own test statistic, which differs slightly from the textbook Hodges-Lehmann definition. The plugin computes the definition, that quantity is compared, and R's search result is recorded beside it rather than imitated.	options
c0215	posthoc_mezzo__soprano_diff_wilcoxest		-3.6540459691075569		reported by R only (documented)	R's `wilcox.test` reports a shift estimate found by searching its own test statistic, which differs slightly from the textbook Hodges-Lehmann definition. The plugin computes the definition, that quantity is compared, and R's search result is recorded beside it rather than imitated.	options
c0217	posthoc_mezzo__alto_padj_ptt		0.028521729590686648		reported by R only (documented)	Holm and Benjamini-Hochberg correction define no per-pair confidence level, so there is no interval for the plugin or R to print here (see pairwise-interval-scope). In its place R checks itself: the adjusted p-value from its primary per-pair test is compared against a second, independent computation, `stats::pairwise.t.test` with unpooled variances, run down its own code path. R verifying R; the plugin has no counterpart, and none is owed.	options
c0217	posthoc_soprano__alto_padj_ptt		0.0054760162482122825		reported by R only (documented)	Holm and Benjamini-Hochberg correction define no per-pair confidence level, so there is no interval for the plugin or R to print here (see pairwise-interval-scope). In its place R checks itself: the adjusted p-value from its primary per-pair test is compared against a second, independent computation, `stats::pairwise.t.test` with unpooled variances, run down its own code path. R verifying R; the plugin has no counterpart, and none is owed.	options
c0217	posthoc_soprano__mezzo_padj_ptt		1		reported by R only (documented)	Holm and Benjamini-Hochberg correction define no per-pair confidence level, so there is no interval for the plugin or R to print here (see pairwise-interval-scope). In its place R checks itself: the adjusted p-value from its primary per-pair test is compared against a second, independent computation, `stats::pairwise.t.test` with unpooled variances, run down its own code path. R verifying R; the plugin has no counterpart, and none is owed.	options
c0218	posthoc_mezzo__alto_padj_ptt		0.019014486393791098		reported by R only (documented)	Holm and Benjamini-Hochberg correction define no per-pair confidence level, so there is no interval for the plugin or R to print here (see pairwise-interval-scope). In its place R checks itself: the adjusted p-value from its primary per-pair test is compared against a second, independent computation, `stats::pairwise.t.test` with unpooled variances, run down its own code path. R verifying R; the plugin has no counterpart, and none is owed.	options
c0218	posthoc_soprano__alto_padj_ptt		0.0054760162482122825		reported by R only (documented)	Holm and Benjamini-Hochberg correction define no per-pair confidence level, so there is no interval for the plugin or R to print here (see pairwise-interval-scope). In its place R checks itself: the adjusted p-value from its primary per-pair test is compared against a second, independent computation, `stats::pairwise.t.test` with unpooled variances, run down its own code path. R verifying R; the plugin has no counterpart, and none is owed.	options
c0218	posthoc_soprano__mezzo_padj_ptt		0.83425160618419814		reported by R only (documented)	Holm and Benjamini-Hochberg correction define no per-pair confidence level, so there is no interval for the plugin or R to print here (see pairwise-interval-scope). In its place R checks itself: the adjusted p-value from its primary per-pair test is compared against a second, independent computation, `stats::pairwise.t.test` with unpooled variances, run down its own code path. R verifying R; the plugin has no counterpart, and none is owed.	options
c0219	posthoc_mezzo__alto_padj_ptt		0.014260864795343324		reported by R only (documented)	Holm and Benjamini-Hochberg correction define no per-pair confidence level, so there is no interval for the plugin or R to print here (see pairwise-interval-scope). In its place R checks itself: the adjusted p-value from its primary per-pair test is compared against a second, independent computation, `stats::pairwise.t.test` with unpooled variances, run down its own code path. R verifying R; the plugin has no counterpart, and none is owed.	options
c0219	posthoc_soprano__alto_padj_ptt		0.0054760162482122825		reported by R only (documented)	Holm and Benjamini-Hochberg correction define no per-pair confidence level, so there is no interval for the plugin or R to print here (see pairwise-interval-scope). In its place R checks itself: the adjusted p-value from its primary per-pair test is compared against a second, independent computation, `stats::pairwise.t.test` with unpooled variances, run down its own code path. R verifying R; the plugin has no counterpart, and none is owed.	options
c0219	posthoc_soprano__mezzo_padj_ptt		0.83425160618419814		reported by R only (documented)	Holm and Benjamini-Hochberg correction define no per-pair confidence level, so there is no interval for the plugin or R to print here (see pairwise-interval-scope). In its place R checks itself: the adjusted p-value from its primary per-pair test is compared against a second, independent computation, `stats::pairwise.t.test` with unpooled variances, run down its own code path. R verifying R; the plugin has no counterpart, and none is owed.	options
c0220	posthoc_mezzo__alto_padj_ptt		0.028521729590686648		reported by R only (documented)	Holm and Benjamini-Hochberg correction define no per-pair confidence level, so there is no interval for the plugin or R to print here (see pairwise-interval-scope). In its place R checks itself: the adjusted p-value from its primary per-pair test is compared against a second, independent computation, `stats::pairwise.t.test` with unpooled variances, run down its own code path. R verifying R; the plugin has no counterpart, and none is owed.	options
c0220	posthoc_soprano__alto_padj_ptt		0.0054760162482122825		reported by R only (documented)	Holm and Benjamini-Hochberg correction define no per-pair confidence level, so there is no interval for the plugin or R to print here (see pairwise-interval-scope). In its place R checks itself: the adjusted p-value from its primary per-pair test is compared against a second, independent computation, `stats::pairwise.t.test` with unpooled variances, run down its own code path. R verifying R; the plugin has no counterpart, and none is owed.	options
c0220	posthoc_soprano__mezzo_padj_ptt		1		reported by R only (documented)	Holm and Benjamini-Hochberg correction define no per-pair confidence level, so there is no interval for the plugin or R to print here (see pairwise-interval-scope). In its place R checks itself: the adjusted p-value from its primary per-pair test is compared against a second, independent computation, `stats::pairwise.t.test` with unpooled variances, run down its own code path. R verifying R; the plugin has no counterpart, and none is owed.	options
c0221	posthoc_mezzo__alto_padj_ptt		0.019014486393791098		reported by R only (documented)	Holm and Benjamini-Hochberg correction define no per-pair confidence level, so there is no interval for the plugin or R to print here (see pairwise-interval-scope). In its place R checks itself: the adjusted p-value from its primary per-pair test is compared against a second, independent computation, `stats::pairwise.t.test` with unpooled variances, run down its own code path. R verifying R; the plugin has no counterpart, and none is owed.	options
c0221	posthoc_soprano__alto_padj_ptt		0.0054760162482122825		reported by R only (documented)	Holm and Benjamini-Hochberg correction define no per-pair confidence level, so there is no interval for the plugin or R to print here (see pairwise-interval-scope). In its place R checks itself: the adjusted p-value from its primary per-pair test is compared against a second, independent computation, `stats::pairwise.t.test` with unpooled variances, run down its own code path. R verifying R; the plugin has no counterpart, and none is owed.	options
c0221	posthoc_soprano__mezzo_padj_ptt		0.83425160618419814		reported by R only (documented)	Holm and Benjamini-Hochberg correction define no per-pair confidence level, so there is no interval for the plugin or R to print here (see pairwise-interval-scope). In its place R checks itself: the adjusted p-value from its primary per-pair test is compared against a second, independent computation, `stats::pairwise.t.test` with unpooled variances, run down its own code path. R verifying R; the plugin has no counterpart, and none is owed.	options
c0222	posthoc_mezzo__alto_padj_ptt		0.014260864795343324		reported by R only (documented)	Holm and Benjamini-Hochberg correction define no per-pair confidence level, so there is no interval for the plugin or R to print here (see pairwise-interval-scope). In its place R checks itself: the adjusted p-value from its primary per-pair test is compared against a second, independent computation, `stats::pairwise.t.test` with unpooled variances, run down its own code path. R verifying R; the plugin has no counterpart, and none is owed.	options
c0222	posthoc_soprano__alto_padj_ptt		0.0054760162482122825		reported by R only (documented)	Holm and Benjamini-Hochberg correction define no per-pair confidence level, so there is no interval for the plugin or R to print here (see pairwise-interval-scope). In its place R checks itself: the adjusted p-value from its primary per-pair test is compared against a second, independent computation, `stats::pairwise.t.test` with unpooled variances, run down its own code path. R verifying R; the plugin has no counterpart, and none is owed.	options
c0222	posthoc_soprano__mezzo_padj_ptt		0.83425160618419814		reported by R only (documented)	Holm and Benjamini-Hochberg correction define no per-pair confidence level, so there is no interval for the plugin or R to print here (see pairwise-interval-scope). In its place R checks itself: the adjusted p-value from its primary per-pair test is compared against a second, independent computation, `stats::pairwise.t.test` with unpooled variances, run down its own code path. R verifying R; the plugin has no counterpart, and none is owed.	options
c0223	posthoc_mezzo__alto_diff_wilcoxest		0.6339604142901214		reported by R only (documented)	R's `wilcox.test` reports a shift estimate found by searching its own test statistic, which differs slightly from the textbook Hodges-Lehmann definition. The plugin computes the definition, that quantity is compared, and R's search result is recorded beside it rather than imitated.	options
c0223	posthoc_soprano__alto_diff_wilcoxest		0.68769515632929767		reported by R only (documented)	R's `wilcox.test` reports a shift estimate found by searching its own test statistic, which differs slightly from the textbook Hodges-Lehmann definition. The plugin computes the definition, that quantity is compared, and R's search result is recorded beside it rather than imitated.	options
c0223	posthoc_soprano__mezzo_diff_wilcoxest		0.087804567491211571		reported by R only (documented)	R's `wilcox.test` reports a shift estimate found by searching its own test statistic, which differs slightly from the textbook Hodges-Lehmann definition. The plugin computes the definition, that quantity is compared, and R's search result is recorded beside it rather than imitated.	options
c0224	posthoc_mezzo__alto_diff_wilcoxest		0.6339604142901214		reported by R only (documented)	R's `wilcox.test` reports a shift estimate found by searching its own test statistic, which differs slightly from the textbook Hodges-Lehmann definition. The plugin computes the definition, that quantity is compared, and R's search result is recorded beside it rather than imitated.	options
c0224	posthoc_soprano__alto_diff_wilcoxest		0.68769515632929767		reported by R only (documented)	R's `wilcox.test` reports a shift estimate found by searching its own test statistic, which differs slightly from the textbook Hodges-Lehmann definition. The plugin computes the definition, that quantity is compared, and R's search result is recorded beside it rather than imitated.	options
c0224	posthoc_soprano__mezzo_diff_wilcoxest		0.087804567491211571		reported by R only (documented)	R's `wilcox.test` reports a shift estimate found by searching its own test statistic, which differs slightly from the textbook Hodges-Lehmann definition. The plugin computes the definition, that quantity is compared, and R's search result is recorded beside it rather than imitated.	options
c0225	posthoc_mezzo__alto_diff_wilcoxest		0.6339604142901214		reported by R only (documented)	R's `wilcox.test` reports a shift estimate found by searching its own test statistic, which differs slightly from the textbook Hodges-Lehmann definition. The plugin computes the definition, that quantity is compared, and R's search result is recorded beside it rather than imitated.	options
c0225	posthoc_soprano__alto_diff_wilcoxest		0.68769515632929767		reported by R only (documented)	R's `wilcox.test` reports a shift estimate found by searching its own test statistic, which differs slightly from the textbook Hodges-Lehmann definition. The plugin computes the definition, that quantity is compared, and R's search result is recorded beside it rather than imitated.	options
c0225	posthoc_soprano__mezzo_diff_wilcoxest		0.087804567491211571		reported by R only (documented)	R's `wilcox.test` reports a shift estimate found by searching its own test statistic, which differs slightly from the textbook Hodges-Lehmann definition. The plugin computes the definition, that quantity is compared, and R's search result is recorded beside it rather than imitated.	options
c0227	posthoc_alto__mezzo_padj_ptt		0.028521729590686648		reported by R only (documented)	Holm and Benjamini-Hochberg correction define no per-pair confidence level, so there is no interval for the plugin or R to print here (see pairwise-interval-scope). In its place R checks itself: the adjusted p-value from its primary per-pair test is compared against a second, independent computation, `stats::pairwise.t.test` with unpooled variances, run down its own code path. R verifying R; the plugin has no counterpart, and none is owed.	options
c0227	posthoc_alto__soprano_padj_ptt		0.0054760162482122825		reported by R only (documented)	Holm and Benjamini-Hochberg correction define no per-pair confidence level, so there is no interval for the plugin or R to print here (see pairwise-interval-scope). In its place R checks itself: the adjusted p-value from its primary per-pair test is compared against a second, independent computation, `stats::pairwise.t.test` with unpooled variances, run down its own code path. R verifying R; the plugin has no counterpart, and none is owed.	options
c0227	posthoc_mezzo__soprano_padj_ptt		1		reported by R only (documented)	Holm and Benjamini-Hochberg correction define no per-pair confidence level, so there is no interval for the plugin or R to print here (see pairwise-interval-scope). In its place R checks itself: the adjusted p-value from its primary per-pair test is compared against a second, independent computation, `stats::pairwise.t.test` with unpooled variances, run down its own code path. R verifying R; the plugin has no counterpart, and none is owed.	options
c0228	posthoc_alto__mezzo_padj_ptt		0.019014486393791098		reported by R only (documented)	Holm and Benjamini-Hochberg correction define no per-pair confidence level, so there is no interval for the plugin or R to print here (see pairwise-interval-scope). In its place R checks itself: the adjusted p-value from its primary per-pair test is compared against a second, independent computation, `stats::pairwise.t.test` with unpooled variances, run down its own code path. R verifying R; the plugin has no counterpart, and none is owed.	options
c0228	posthoc_alto__soprano_padj_ptt		0.0054760162482122825		reported by R only (documented)	Holm and Benjamini-Hochberg correction define no per-pair confidence level, so there is no interval for the plugin or R to print here (see pairwise-interval-scope). In its place R checks itself: the adjusted p-value from its primary per-pair test is compared against a second, independent computation, `stats::pairwise.t.test` with unpooled variances, run down its own code path. R verifying R; the plugin has no counterpart, and none is owed.	options
c0228	posthoc_mezzo__soprano_padj_ptt		0.83425160618419814		reported by R only (documented)	Holm and Benjamini-Hochberg correction define no per-pair confidence level, so there is no interval for the plugin or R to print here (see pairwise-interval-scope). In its place R checks itself: the adjusted p-value from its primary per-pair test is compared against a second, independent computation, `stats::pairwise.t.test` with unpooled variances, run down its own code path. R verifying R; the plugin has no counterpart, and none is owed.	options
c0229	posthoc_alto__mezzo_padj_ptt		0.014260864795343324		reported by R only (documented)	Holm and Benjamini-Hochberg correction define no per-pair confidence level, so there is no interval for the plugin or R to print here (see pairwise-interval-scope). In its place R checks itself: the adjusted p-value from its primary per-pair test is compared against a second, independent computation, `stats::pairwise.t.test` with unpooled variances, run down its own code path. R verifying R; the plugin has no counterpart, and none is owed.	options
c0229	posthoc_alto__soprano_padj_ptt		0.0054760162482122825		reported by R only (documented)	Holm and Benjamini-Hochberg correction define no per-pair confidence level, so there is no interval for the plugin or R to print here (see pairwise-interval-scope). In its place R checks itself: the adjusted p-value from its primary per-pair test is compared against a second, independent computation, `stats::pairwise.t.test` with unpooled variances, run down its own code path. R verifying R; the plugin has no counterpart, and none is owed.	options
c0229	posthoc_mezzo__soprano_padj_ptt		0.83425160618419814		reported by R only (documented)	Holm and Benjamini-Hochberg correction define no per-pair confidence level, so there is no interval for the plugin or R to print here (see pairwise-interval-scope). In its place R checks itself: the adjusted p-value from its primary per-pair test is compared against a second, independent computation, `stats::pairwise.t.test` with unpooled variances, run down its own code path. R verifying R; the plugin has no counterpart, and none is owed.	options
c0230	posthoc_alto__mezzo_padj_ptt		0.028521729590686648		reported by R only (documented)	Holm and Benjamini-Hochberg correction define no per-pair confidence level, so there is no interval for the plugin or R to print here (see pairwise-interval-scope). In its place R checks itself: the adjusted p-value from its primary per-pair test is compared against a second, independent computation, `stats::pairwise.t.test` with unpooled variances, run down its own code path. R verifying R; the plugin has no counterpart, and none is owed.	options
c0230	posthoc_alto__soprano_padj_ptt		0.0054760162482122825		reported by R only (documented)	Holm and Benjamini-Hochberg correction define no per-pair confidence level, so there is no interval for the plugin or R to print here (see pairwise-interval-scope). In its place R checks itself: the adjusted p-value from its primary per-pair test is compared against a second, independent computation, `stats::pairwise.t.test` with unpooled variances, run down its own code path. R verifying R; the plugin has no counterpart, and none is owed.	options
c0230	posthoc_mezzo__soprano_padj_ptt		1		reported by R only (documented)	Holm and Benjamini-Hochberg correction define no per-pair confidence level, so there is no interval for the plugin or R to print here (see pairwise-interval-scope). In its place R checks itself: the adjusted p-value from its primary per-pair test is compared against a second, independent computation, `stats::pairwise.t.test` with unpooled variances, run down its own code path. R verifying R; the plugin has no counterpart, and none is owed.	options
c0231	posthoc_alto__mezzo_padj_ptt		0.019014486393791098		reported by R only (documented)	Holm and Benjamini-Hochberg correction define no per-pair confidence level, so there is no interval for the plugin or R to print here (see pairwise-interval-scope). In its place R checks itself: the adjusted p-value from its primary per-pair test is compared against a second, independent computation, `stats::pairwise.t.test` with unpooled variances, run down its own code path. R verifying R; the plugin has no counterpart, and none is owed.	options
c0231	posthoc_alto__soprano_padj_ptt		0.0054760162482122825		reported by R only (documented)	Holm and Benjamini-Hochberg correction define no per-pair confidence level, so there is no interval for the plugin or R to print here (see pairwise-interval-scope). In its place R checks itself: the adjusted p-value from its primary per-pair test is compared against a second, independent computation, `stats::pairwise.t.test` with unpooled variances, run down its own code path. R verifying R; the plugin has no counterpart, and none is owed.	options
c0231	posthoc_mezzo__soprano_padj_ptt		0.83425160618419814		reported by R only (documented)	Holm and Benjamini-Hochberg correction define no per-pair confidence level, so there is no interval for the plugin or R to print here (see pairwise-interval-scope). In its place R checks itself: the adjusted p-value from its primary per-pair test is compared against a second, independent computation, `stats::pairwise.t.test` with unpooled variances, run down its own code path. R verifying R; the plugin has no counterpart, and none is owed.	options
c0232	posthoc_alto__mezzo_padj_ptt		0.014260864795343324		reported by R only (documented)	Holm and Benjamini-Hochberg correction define no per-pair confidence level, so there is no interval for the plugin or R to print here (see pairwise-interval-scope). In its place R checks itself: the adjusted p-value from its primary per-pair test is compared against a second, independent computation, `stats::pairwise.t.test` with unpooled variances, run down its own code path. R verifying R; the plugin has no counterpart, and none is owed.	options
c0232	posthoc_alto__soprano_padj_ptt		0.0054760162482122825		reported by R only (documented)	Holm and Benjamini-Hochberg correction define no per-pair confidence level, so there is no interval for the plugin or R to print here (see pairwise-interval-scope). In its place R checks itself: the adjusted p-value from its primary per-pair test is compared against a second, independent computation, `stats::pairwise.t.test` with unpooled variances, run down its own code path. R verifying R; the plugin has no counterpart, and none is owed.	options
c0232	posthoc_mezzo__soprano_padj_ptt		0.83425160618419814		reported by R only (documented)	Holm and Benjamini-Hochberg correction define no per-pair confidence level, so there is no interval for the plugin or R to print here (see pairwise-interval-scope). In its place R checks itself: the adjusted p-value from its primary per-pair test is compared against a second, independent computation, `stats::pairwise.t.test` with unpooled variances, run down its own code path. R verifying R; the plugin has no counterpart, and none is owed.	options
c0233	posthoc_alto__mezzo_diff_wilcoxest		-0.6339604142901214		reported by R only (documented)	R's `wilcox.test` reports a shift estimate found by searching its own test statistic, which differs slightly from the textbook Hodges-Lehmann definition. The plugin computes the definition, that quantity is compared, and R's search result is recorded beside it rather than imitated.	options
c0233	posthoc_alto__soprano_diff_wilcoxest		-0.68769515632929767		reported by R only (documented)	R's `wilcox.test` reports a shift estimate found by searching its own test statistic, which differs slightly from the textbook Hodges-Lehmann definition. The plugin computes the definition, that quantity is compared, and R's search result is recorded beside it rather than imitated.	options
c0233	posthoc_mezzo__soprano_diff_wilcoxest		-0.087804567491211571		reported by R only (documented)	R's `wilcox.test` reports a shift estimate found by searching its own test statistic, which differs slightly from the textbook Hodges-Lehmann definition. The plugin computes the definition, that quantity is compared, and R's search result is recorded beside it rather than imitated.	options
c0234	posthoc_alto__mezzo_diff_wilcoxest		-0.6339604142901214		reported by R only (documented)	R's `wilcox.test` reports a shift estimate found by searching its own test statistic, which differs slightly from the textbook Hodges-Lehmann definition. The plugin computes the definition, that quantity is compared, and R's search result is recorded beside it rather than imitated.	options
c0234	posthoc_alto__soprano_diff_wilcoxest		-0.68769515632929767		reported by R only (documented)	R's `wilcox.test` reports a shift estimate found by searching its own test statistic, which differs slightly from the textbook Hodges-Lehmann definition. The plugin computes the definition, that quantity is compared, and R's search result is recorded beside it rather than imitated.	options
c0234	posthoc_mezzo__soprano_diff_wilcoxest		-0.087804567491211571		reported by R only (documented)	R's `wilcox.test` reports a shift estimate found by searching its own test statistic, which differs slightly from the textbook Hodges-Lehmann definition. The plugin computes the definition, that quantity is compared, and R's search result is recorded beside it rather than imitated.	options
c0235	posthoc_alto__mezzo_diff_wilcoxest		-0.6339604142901214		reported by R only (documented)	R's `wilcox.test` reports a shift estimate found by searching its own test statistic, which differs slightly from the textbook Hodges-Lehmann definition. The plugin computes the definition, that quantity is compared, and R's search result is recorded beside it rather than imitated.	options
c0235	posthoc_alto__soprano_diff_wilcoxest		-0.68769515632929767		reported by R only (documented)	R's `wilcox.test` reports a shift estimate found by searching its own test statistic, which differs slightly from the textbook Hodges-Lehmann definition. The plugin computes the definition, that quantity is compared, and R's search result is recorded beside it rather than imitated.	options
c0235	posthoc_mezzo__soprano_diff_wilcoxest		-0.087804567491211571		reported by R only (documented)	R's `wilcox.test` reports a shift estimate found by searching its own test statistic, which differs slightly from the textbook Hodges-Lehmann definition. The plugin computes the definition, that quantity is compared, and R's search result is recorded beside it rather than imitated.	options
c0237	posthoc_mezzo__alto_padj_ptt		0.47474631211706014		reported by R only (documented)	Holm and Benjamini-Hochberg correction define no per-pair confidence level, so there is no interval for the plugin or R to print here (see pairwise-interval-scope). In its place R checks itself: the adjusted p-value from its primary per-pair test is compared against a second, independent computation, `stats::pairwise.t.test` with unpooled variances, run down its own code path. R verifying R; the plugin has no counterpart, and none is owed.	options
c0237	posthoc_soprano__alto_padj_ptt		6.9420279678460807e-05		reported by R only (documented)	Holm and Benjamini-Hochberg correction define no per-pair confidence level, so there is no interval for the plugin or R to print here (see pairwise-interval-scope). In its place R checks itself: the adjusted p-value from its primary per-pair test is compared against a second, independent computation, `stats::pairwise.t.test` with unpooled variances, run down its own code path. R verifying R; the plugin has no counterpart, and none is owed.	options
c0237	posthoc_soprano__mezzo_padj_ptt		0.0016288977391035757		reported by R only (documented)	Holm and Benjamini-Hochberg correction define no per-pair confidence level, so there is no interval for the plugin or R to print here (see pairwise-interval-scope). In its place R checks itself: the adjusted p-value from its primary per-pair test is compared against a second, independent computation, `stats::pairwise.t.test` with unpooled variances, run down its own code path. R verifying R; the plugin has no counterpart, and none is owed.	options
c0238	posthoc_mezzo__alto_padj_ptt		0.15824877070568671		reported by R only (documented)	Holm and Benjamini-Hochberg correction define no per-pair confidence level, so there is no interval for the plugin or R to print here (see pairwise-interval-scope). In its place R checks itself: the adjusted p-value from its primary per-pair test is compared against a second, independent computation, `stats::pairwise.t.test` with unpooled variances, run down its own code path. R verifying R; the plugin has no counterpart, and none is owed.	options
c0238	posthoc_soprano__alto_padj_ptt		6.9420279678460807e-05		reported by R only (documented)	Holm and Benjamini-Hochberg correction define no per-pair confidence level, so there is no interval for the plugin or R to print here (see pairwise-interval-scope). In its place R checks itself: the adjusted p-value from its primary per-pair test is compared against a second, independent computation, `stats::pairwise.t.test` with unpooled variances, run down its own code path. R verifying R; the plugin has no counterpart, and none is owed.	options
c0238	posthoc_soprano__mezzo_padj_ptt		0.0010859318260690505		reported by R only (documented)	Holm and Benjamini-Hochberg correction define no per-pair confidence level, so there is no interval for the plugin or R to print here (see pairwise-interval-scope). In its place R checks itself: the adjusted p-value from its primary per-pair test is compared against a second, independent computation, `stats::pairwise.t.test` with unpooled variances, run down its own code path. R verifying R; the plugin has no counterpart, and none is owed.	options
c0239	posthoc_mezzo__alto_padj_ptt		0.15824877070568671		reported by R only (documented)	Holm and Benjamini-Hochberg correction define no per-pair confidence level, so there is no interval for the plugin or R to print here (see pairwise-interval-scope). In its place R checks itself: the adjusted p-value from its primary per-pair test is compared against a second, independent computation, `stats::pairwise.t.test` with unpooled variances, run down its own code path. R verifying R; the plugin has no counterpart, and none is owed.	options
c0239	posthoc_soprano__alto_padj_ptt		6.9420279678460807e-05		reported by R only (documented)	Holm and Benjamini-Hochberg correction define no per-pair confidence level, so there is no interval for the plugin or R to print here (see pairwise-interval-scope). In its place R checks itself: the adjusted p-value from its primary per-pair test is compared against a second, independent computation, `stats::pairwise.t.test` with unpooled variances, run down its own code path. R verifying R; the plugin has no counterpart, and none is owed.	options
c0239	posthoc_soprano__mezzo_padj_ptt		0.00081444886955178784		reported by R only (documented)	Holm and Benjamini-Hochberg correction define no per-pair confidence level, so there is no interval for the plugin or R to print here (see pairwise-interval-scope). In its place R checks itself: the adjusted p-value from its primary per-pair test is compared against a second, independent computation, `stats::pairwise.t.test` with unpooled variances, run down its own code path. R verifying R; the plugin has no counterpart, and none is owed.	options
c0240	posthoc_mezzo__alto_padj_ptt		0.47474631211706014		reported by R only (documented)	Holm and Benjamini-Hochberg correction define no per-pair confidence level, so there is no interval for the plugin or R to print here (see pairwise-interval-scope). In its place R checks itself: the adjusted p-value from its primary per-pair test is compared against a second, independent computation, `stats::pairwise.t.test` with unpooled variances, run down its own code path. R verifying R; the plugin has no counterpart, and none is owed.	options
c0240	posthoc_soprano__alto_padj_ptt		6.9420279678460807e-05		reported by R only (documented)	Holm and Benjamini-Hochberg correction define no per-pair confidence level, so there is no interval for the plugin or R to print here (see pairwise-interval-scope). In its place R checks itself: the adjusted p-value from its primary per-pair test is compared against a second, independent computation, `stats::pairwise.t.test` with unpooled variances, run down its own code path. R verifying R; the plugin has no counterpart, and none is owed.	options
c0240	posthoc_soprano__mezzo_padj_ptt		0.0016288977391035757		reported by R only (documented)	Holm and Benjamini-Hochberg correction define no per-pair confidence level, so there is no interval for the plugin or R to print here (see pairwise-interval-scope). In its place R checks itself: the adjusted p-value from its primary per-pair test is compared against a second, independent computation, `stats::pairwise.t.test` with unpooled variances, run down its own code path. R verifying R; the plugin has no counterpart, and none is owed.	options
c0241	posthoc_mezzo__alto_padj_ptt		0.15824877070568671		reported by R only (documented)	Holm and Benjamini-Hochberg correction define no per-pair confidence level, so there is no interval for the plugin or R to print here (see pairwise-interval-scope). In its place R checks itself: the adjusted p-value from its primary per-pair test is compared against a second, independent computation, `stats::pairwise.t.test` with unpooled variances, run down its own code path. R verifying R; the plugin has no counterpart, and none is owed.	options
c0241	posthoc_soprano__alto_padj_ptt		6.9420279678460807e-05		reported by R only (documented)	Holm and Benjamini-Hochberg correction define no per-pair confidence level, so there is no interval for the plugin or R to print here (see pairwise-interval-scope). In its place R checks itself: the adjusted p-value from its primary per-pair test is compared against a second, independent computation, `stats::pairwise.t.test` with unpooled variances, run down its own code path. R verifying R; the plugin has no counterpart, and none is owed.	options
c0241	posthoc_soprano__mezzo_padj_ptt		0.0010859318260690505		reported by R only (documented)	Holm and Benjamini-Hochberg correction define no per-pair confidence level, so there is no interval for the plugin or R to print here (see pairwise-interval-scope). In its place R checks itself: the adjusted p-value from its primary per-pair test is compared against a second, independent computation, `stats::pairwise.t.test` with unpooled variances, run down its own code path. R verifying R; the plugin has no counterpart, and none is owed.	options
c0242	posthoc_mezzo__alto_padj_ptt		0.15824877070568671		reported by R only (documented)	Holm and Benjamini-Hochberg correction define no per-pair confidence level, so there is no interval for the plugin or R to print here (see pairwise-interval-scope). In its place R checks itself: the adjusted p-value from its primary per-pair test is compared against a second, independent computation, `stats::pairwise.t.test` with unpooled variances, run down its own code path. R verifying R; the plugin has no counterpart, and none is owed.	options
c0242	posthoc_soprano__alto_padj_ptt		6.9420279678460807e-05		reported by R only (documented)	Holm and Benjamini-Hochberg correction define no per-pair confidence level, so there is no interval for the plugin or R to print here (see pairwise-interval-scope). In its place R checks itself: the adjusted p-value from its primary per-pair test is compared against a second, independent computation, `stats::pairwise.t.test` with unpooled variances, run down its own code path. R verifying R; the plugin has no counterpart, and none is owed.	options
c0242	posthoc_soprano__mezzo_padj_ptt		0.00081444886955178784		reported by R only (documented)	Holm and Benjamini-Hochberg correction define no per-pair confidence level, so there is no interval for the plugin or R to print here (see pairwise-interval-scope). In its place R checks itself: the adjusted p-value from its primary per-pair test is compared against a second, independent computation, `stats::pairwise.t.test` with unpooled variances, run down its own code path. R verifying R; the plugin has no counterpart, and none is owed.	options
c0243	posthoc_mezzo__alto_diff_wilcoxest		2.0838312290850638		reported by R only (documented)	R's `wilcox.test` reports a shift estimate found by searching its own test statistic, which differs slightly from the textbook Hodges-Lehmann definition. The plugin computes the definition, that quantity is compared, and R's search result is recorded beside it rather than imitated.	options
c0243	posthoc_soprano__alto_diff_wilcoxest		7.5002058865546815		reported by R only (documented)	R's `wilcox.test` reports a shift estimate found by searching its own test statistic, which differs slightly from the textbook Hodges-Lehmann definition. The plugin computes the definition, that quantity is compared, and R's search result is recorded beside it rather than imitated.	options
c0243	posthoc_soprano__mezzo_diff_wilcoxest		5.532710196724409		reported by R only (documented)	R's `wilcox.test` reports a shift estimate found by searching its own test statistic, which differs slightly from the textbook Hodges-Lehmann definition. The plugin computes the definition, that quantity is compared, and R's search result is recorded beside it rather than imitated.	options
c0244	posthoc_mezzo__alto_diff_wilcoxest		2.0838312290850638		reported by R only (documented)	R's `wilcox.test` reports a shift estimate found by searching its own test statistic, which differs slightly from the textbook Hodges-Lehmann definition. The plugin computes the definition, that quantity is compared, and R's search result is recorded beside it rather than imitated.	options
c0244	posthoc_soprano__alto_diff_wilcoxest		7.5002058865546815		reported by R only (documented)	R's `wilcox.test` reports a shift estimate found by searching its own test statistic, which differs slightly from the textbook Hodges-Lehmann definition. The plugin computes the definition, that quantity is compared, and R's search result is recorded beside it rather than imitated.	options
c0244	posthoc_soprano__mezzo_diff_wilcoxest		5.532710196724409		reported by R only (documented)	R's `wilcox.test` reports a shift estimate found by searching its own test statistic, which differs slightly from the textbook Hodges-Lehmann definition. The plugin computes the definition, that quantity is compared, and R's search result is recorded beside it rather than imitated.	options
c0245	posthoc_mezzo__alto_diff_wilcoxest		2.0838312290850638		reported by R only (documented)	R's `wilcox.test` reports a shift estimate found by searching its own test statistic, which differs slightly from the textbook Hodges-Lehmann definition. The plugin computes the definition, that quantity is compared, and R's search result is recorded beside it rather than imitated.	options
c0245	posthoc_soprano__alto_diff_wilcoxest		7.5002058865546815		reported by R only (documented)	R's `wilcox.test` reports a shift estimate found by searching its own test statistic, which differs slightly from the textbook Hodges-Lehmann definition. The plugin computes the definition, that quantity is compared, and R's search result is recorded beside it rather than imitated.	options
c0245	posthoc_soprano__mezzo_diff_wilcoxest		5.532710196724409		reported by R only (documented)	R's `wilcox.test` reports a shift estimate found by searching its own test statistic, which differs slightly from the textbook Hodges-Lehmann definition. The plugin computes the definition, that quantity is compared, and R's search result is recorded beside it rather than imitated.	options
c0247	posthoc_alto__mezzo_padj_ptt		0.47474631211706014		reported by R only (documented)	Holm and Benjamini-Hochberg correction define no per-pair confidence level, so there is no interval for the plugin or R to print here (see pairwise-interval-scope). In its place R checks itself: the adjusted p-value from its primary per-pair test is compared against a second, independent computation, `stats::pairwise.t.test` with unpooled variances, run down its own code path. R verifying R; the plugin has no counterpart, and none is owed.	options
c0247	posthoc_alto__soprano_padj_ptt		6.9420279678460807e-05		reported by R only (documented)	Holm and Benjamini-Hochberg correction define no per-pair confidence level, so there is no interval for the plugin or R to print here (see pairwise-interval-scope). In its place R checks itself: the adjusted p-value from its primary per-pair test is compared against a second, independent computation, `stats::pairwise.t.test` with unpooled variances, run down its own code path. R verifying R; the plugin has no counterpart, and none is owed.	options
c0247	posthoc_mezzo__soprano_padj_ptt		0.0016288977391035757		reported by R only (documented)	Holm and Benjamini-Hochberg correction define no per-pair confidence level, so there is no interval for the plugin or R to print here (see pairwise-interval-scope). In its place R checks itself: the adjusted p-value from its primary per-pair test is compared against a second, independent computation, `stats::pairwise.t.test` with unpooled variances, run down its own code path. R verifying R; the plugin has no counterpart, and none is owed.	options
c0248	posthoc_alto__mezzo_padj_ptt		0.15824877070568671		reported by R only (documented)	Holm and Benjamini-Hochberg correction define no per-pair confidence level, so there is no interval for the plugin or R to print here (see pairwise-interval-scope). In its place R checks itself: the adjusted p-value from its primary per-pair test is compared against a second, independent computation, `stats::pairwise.t.test` with unpooled variances, run down its own code path. R verifying R; the plugin has no counterpart, and none is owed.	options
c0248	posthoc_alto__soprano_padj_ptt		6.9420279678460807e-05		reported by R only (documented)	Holm and Benjamini-Hochberg correction define no per-pair confidence level, so there is no interval for the plugin or R to print here (see pairwise-interval-scope). In its place R checks itself: the adjusted p-value from its primary per-pair test is compared against a second, independent computation, `stats::pairwise.t.test` with unpooled variances, run down its own code path. R verifying R; the plugin has no counterpart, and none is owed.	options
c0248	posthoc_mezzo__soprano_padj_ptt		0.0010859318260690505		reported by R only (documented)	Holm and Benjamini-Hochberg correction define no per-pair confidence level, so there is no interval for the plugin or R to print here (see pairwise-interval-scope). In its place R checks itself: the adjusted p-value from its primary per-pair test is compared against a second, independent computation, `stats::pairwise.t.test` with unpooled variances, run down its own code path. R verifying R; the plugin has no counterpart, and none is owed.	options
c0249	posthoc_alto__mezzo_padj_ptt		0.15824877070568671		reported by R only (documented)	Holm and Benjamini-Hochberg correction define no per-pair confidence level, so there is no interval for the plugin or R to print here (see pairwise-interval-scope). In its place R checks itself: the adjusted p-value from its primary per-pair test is compared against a second, independent computation, `stats::pairwise.t.test` with unpooled variances, run down its own code path. R verifying R; the plugin has no counterpart, and none is owed.	options
c0249	posthoc_alto__soprano_padj_ptt		6.9420279678460807e-05		reported by R only (documented)	Holm and Benjamini-Hochberg correction define no per-pair confidence level, so there is no interval for the plugin or R to print here (see pairwise-interval-scope). In its place R checks itself: the adjusted p-value from its primary per-pair test is compared against a second, independent computation, `stats::pairwise.t.test` with unpooled variances, run down its own code path. R verifying R; the plugin has no counterpart, and none is owed.	options
c0249	posthoc_mezzo__soprano_padj_ptt		0.00081444886955178784		reported by R only (documented)	Holm and Benjamini-Hochberg correction define no per-pair confidence level, so there is no interval for the plugin or R to print here (see pairwise-interval-scope). In its place R checks itself: the adjusted p-value from its primary per-pair test is compared against a second, independent computation, `stats::pairwise.t.test` with unpooled variances, run down its own code path. R verifying R; the plugin has no counterpart, and none is owed.	options
c0250	posthoc_alto__mezzo_padj_ptt		0.47474631211706014		reported by R only (documented)	Holm and Benjamini-Hochberg correction define no per-pair confidence level, so there is no interval for the plugin or R to print here (see pairwise-interval-scope). In its place R checks itself: the adjusted p-value from its primary per-pair test is compared against a second, independent computation, `stats::pairwise.t.test` with unpooled variances, run down its own code path. R verifying R; the plugin has no counterpart, and none is owed.	options
c0250	posthoc_alto__soprano_padj_ptt		6.9420279678460807e-05		reported by R only (documented)	Holm and Benjamini-Hochberg correction define no per-pair confidence level, so there is no interval for the plugin or R to print here (see pairwise-interval-scope). In its place R checks itself: the adjusted p-value from its primary per-pair test is compared against a second, independent computation, `stats::pairwise.t.test` with unpooled variances, run down its own code path. R verifying R; the plugin has no counterpart, and none is owed.	options
c0250	posthoc_mezzo__soprano_padj_ptt		0.0016288977391035757		reported by R only (documented)	Holm and Benjamini-Hochberg correction define no per-pair confidence level, so there is no interval for the plugin or R to print here (see pairwise-interval-scope). In its place R checks itself: the adjusted p-value from its primary per-pair test is compared against a second, independent computation, `stats::pairwise.t.test` with unpooled variances, run down its own code path. R verifying R; the plugin has no counterpart, and none is owed.	options
c0251	posthoc_alto__mezzo_padj_ptt		0.15824877070568671		reported by R only (documented)	Holm and Benjamini-Hochberg correction define no per-pair confidence level, so there is no interval for the plugin or R to print here (see pairwise-interval-scope). In its place R checks itself: the adjusted p-value from its primary per-pair test is compared against a second, independent computation, `stats::pairwise.t.test` with unpooled variances, run down its own code path. R verifying R; the plugin has no counterpart, and none is owed.	options
c0251	posthoc_alto__soprano_padj_ptt		6.9420279678460807e-05		reported by R only (documented)	Holm and Benjamini-Hochberg correction define no per-pair confidence level, so there is no interval for the plugin or R to print here (see pairwise-interval-scope). In its place R checks itself: the adjusted p-value from its primary per-pair test is compared against a second, independent computation, `stats::pairwise.t.test` with unpooled variances, run down its own code path. R verifying R; the plugin has no counterpart, and none is owed.	options
c0251	posthoc_mezzo__soprano_padj_ptt		0.0010859318260690505		reported by R only (documented)	Holm and Benjamini-Hochberg correction define no per-pair confidence level, so there is no interval for the plugin or R to print here (see pairwise-interval-scope). In its place R checks itself: the adjusted p-value from its primary per-pair test is compared against a second, independent computation, `stats::pairwise.t.test` with unpooled variances, run down its own code path. R verifying R; the plugin has no counterpart, and none is owed.	options
c0252	posthoc_alto__mezzo_padj_ptt		0.15824877070568671		reported by R only (documented)	Holm and Benjamini-Hochberg correction define no per-pair confidence level, so there is no interval for the plugin or R to print here (see pairwise-interval-scope). In its place R checks itself: the adjusted p-value from its primary per-pair test is compared against a second, independent computation, `stats::pairwise.t.test` with unpooled variances, run down its own code path. R verifying R; the plugin has no counterpart, and none is owed.	options
c0252	posthoc_alto__soprano_padj_ptt		6.9420279678460807e-05		reported by R only (documented)	Holm and Benjamini-Hochberg correction define no per-pair confidence level, so there is no interval for the plugin or R to print here (see pairwise-interval-scope). In its place R checks itself: the adjusted p-value from its primary per-pair test is compared against a second, independent computation, `stats::pairwise.t.test` with unpooled variances, run down its own code path. R verifying R; the plugin has no counterpart, and none is owed.	options
c0252	posthoc_mezzo__soprano_padj_ptt		0.00081444886955178784		reported by R only (documented)	Holm and Benjamini-Hochberg correction define no per-pair confidence level, so there is no interval for the plugin or R to print here (see pairwise-interval-scope). In its place R checks itself: the adjusted p-value from its primary per-pair test is compared against a second, independent computation, `stats::pairwise.t.test` with unpooled variances, run down its own code path. R verifying R; the plugin has no counterpart, and none is owed.	options
c0253	posthoc_alto__mezzo_diff_wilcoxest		-2.0838312290850638		reported by R only (documented)	R's `wilcox.test` reports a shift estimate found by searching its own test statistic, which differs slightly from the textbook Hodges-Lehmann definition. The plugin computes the definition, that quantity is compared, and R's search result is recorded beside it rather than imitated.	options
c0253	posthoc_alto__soprano_diff_wilcoxest		-7.5002058865546815		reported by R only (documented)	R's `wilcox.test` reports a shift estimate found by searching its own test statistic, which differs slightly from the textbook Hodges-Lehmann definition. The plugin computes the definition, that quantity is compared, and R's search result is recorded beside it rather than imitated.	options
c0253	posthoc_mezzo__soprano_diff_wilcoxest		-5.532710196724409		reported by R only (documented)	R's `wilcox.test` reports a shift estimate found by searching its own test statistic, which differs slightly from the textbook Hodges-Lehmann definition. The plugin computes the definition, that quantity is compared, and R's search result is recorded beside it rather than imitated.	options
c0254	posthoc_alto__mezzo_diff_wilcoxest		-2.0838312290850638		reported by R only (documented)	R's `wilcox.test` reports a shift estimate found by searching its own test statistic, which differs slightly from the textbook Hodges-Lehmann definition. The plugin computes the definition, that quantity is compared, and R's search result is recorded beside it rather than imitated.	options
c0254	posthoc_alto__soprano_diff_wilcoxest		-7.5002058865546815		reported by R only (documented)	R's `wilcox.test` reports a shift estimate found by searching its own test statistic, which differs slightly from the textbook Hodges-Lehmann definition. The plugin computes the definition, that quantity is compared, and R's search result is recorded beside it rather than imitated.	options
c0254	posthoc_mezzo__soprano_diff_wilcoxest		-5.532710196724409		reported by R only (documented)	R's `wilcox.test` reports a shift estimate found by searching its own test statistic, which differs slightly from the textbook Hodges-Lehmann definition. The plugin computes the definition, that quantity is compared, and R's search result is recorded beside it rather than imitated.	options
c0255	posthoc_alto__mezzo_diff_wilcoxest		-2.0838312290850638		reported by R only (documented)	R's `wilcox.test` reports a shift estimate found by searching its own test statistic, which differs slightly from the textbook Hodges-Lehmann definition. The plugin computes the definition, that quantity is compared, and R's search result is recorded beside it rather than imitated.	options
c0255	posthoc_alto__soprano_diff_wilcoxest		-7.5002058865546815		reported by R only (documented)	R's `wilcox.test` reports a shift estimate found by searching its own test statistic, which differs slightly from the textbook Hodges-Lehmann definition. The plugin computes the definition, that quantity is compared, and R's search result is recorded beside it rather than imitated.	options
c0255	posthoc_mezzo__soprano_diff_wilcoxest		-5.532710196724409		reported by R only (documented)	R's `wilcox.test` reports a shift estimate found by searching its own test statistic, which differs slightly from the textbook Hodges-Lehmann definition. The plugin computes the definition, that quantity is compared, and R's search result is recorded beside it rather than imitated.	options
c0257	posthoc_mezzo__alto_padj_ptt		0.76017931980844322		reported by R only (documented)	Holm and Benjamini-Hochberg correction define no per-pair confidence level, so there is no interval for the plugin or R to print here (see pairwise-interval-scope). In its place R checks itself: the adjusted p-value from its primary per-pair test is compared against a second, independent computation, `stats::pairwise.t.test` with unpooled variances, run down its own code path. R verifying R; the plugin has no counterpart, and none is owed.	options
c0257	posthoc_soprano__alto_padj_ptt		0.085215364090284032		reported by R only (documented)	Holm and Benjamini-Hochberg correction define no per-pair confidence level, so there is no interval for the plugin or R to print here (see pairwise-interval-scope). In its place R checks itself: the adjusted p-value from its primary per-pair test is compared against a second, independent computation, `stats::pairwise.t.test` with unpooled variances, run down its own code path. R verifying R; the plugin has no counterpart, and none is owed.	options
c0257	posthoc_soprano__mezzo_padj_ptt		0.97999257167716447		reported by R only (documented)	Holm and Benjamini-Hochberg correction define no per-pair confidence level, so there is no interval for the plugin or R to print here (see pairwise-interval-scope). In its place R checks itself: the adjusted p-value from its primary per-pair test is compared against a second, independent computation, `stats::pairwise.t.test` with unpooled variances, run down its own code path. R verifying R; the plugin has no counterpart, and none is owed.	options
c0258	posthoc_mezzo__alto_padj_ptt		0.50678621320562878		reported by R only (documented)	Holm and Benjamini-Hochberg correction define no per-pair confidence level, so there is no interval for the plugin or R to print here (see pairwise-interval-scope). In its place R checks itself: the adjusted p-value from its primary per-pair test is compared against a second, independent computation, `stats::pairwise.t.test` with unpooled variances, run down its own code path. R verifying R; the plugin has no counterpart, and none is owed.	options
c0258	posthoc_soprano__alto_padj_ptt		0.085215364090284032		reported by R only (documented)	Holm and Benjamini-Hochberg correction define no per-pair confidence level, so there is no interval for the plugin or R to print here (see pairwise-interval-scope). In its place R checks itself: the adjusted p-value from its primary per-pair test is compared against a second, independent computation, `stats::pairwise.t.test` with unpooled variances, run down its own code path. R verifying R; the plugin has no counterpart, and none is owed.	options
c0258	posthoc_soprano__mezzo_padj_ptt		0.50678621320562878		reported by R only (documented)	Holm and Benjamini-Hochberg correction define no per-pair confidence level, so there is no interval for the plugin or R to print here (see pairwise-interval-scope). In its place R checks itself: the adjusted p-value from its primary per-pair test is compared against a second, independent computation, `stats::pairwise.t.test` with unpooled variances, run down its own code path. R verifying R; the plugin has no counterpart, and none is owed.	options
c0259	posthoc_mezzo__alto_padj_ptt		0.32666419055905482		reported by R only (documented)	Holm and Benjamini-Hochberg correction define no per-pair confidence level, so there is no interval for the plugin or R to print here (see pairwise-interval-scope). In its place R checks itself: the adjusted p-value from its primary per-pair test is compared against a second, independent computation, `stats::pairwise.t.test` with unpooled variances, run down its own code path. R verifying R; the plugin has no counterpart, and none is owed.	options
c0259	posthoc_soprano__alto_padj_ptt		0.085215364090284032		reported by R only (documented)	Holm and Benjamini-Hochberg correction define no per-pair confidence level, so there is no interval for the plugin or R to print here (see pairwise-interval-scope). In its place R checks itself: the adjusted p-value from its primary per-pair test is compared against a second, independent computation, `stats::pairwise.t.test` with unpooled variances, run down its own code path. R verifying R; the plugin has no counterpart, and none is owed.	options
c0259	posthoc_soprano__mezzo_padj_ptt		0.32666419055905482		reported by R only (documented)	Holm and Benjamini-Hochberg correction define no per-pair confidence level, so there is no interval for the plugin or R to print here (see pairwise-interval-scope). In its place R checks itself: the adjusted p-value from its primary per-pair test is compared against a second, independent computation, `stats::pairwise.t.test` with unpooled variances, run down its own code path. R verifying R; the plugin has no counterpart, and none is owed.	options
c0260	posthoc_mezzo__alto_padj_ptt		0.76017931980844322		reported by R only (documented)	Holm and Benjamini-Hochberg correction define no per-pair confidence level, so there is no interval for the plugin or R to print here (see pairwise-interval-scope). In its place R checks itself: the adjusted p-value from its primary per-pair test is compared against a second, independent computation, `stats::pairwise.t.test` with unpooled variances, run down its own code path. R verifying R; the plugin has no counterpart, and none is owed.	options
c0260	posthoc_soprano__alto_padj_ptt		0.085215364090284032		reported by R only (documented)	Holm and Benjamini-Hochberg correction define no per-pair confidence level, so there is no interval for the plugin or R to print here (see pairwise-interval-scope). In its place R checks itself: the adjusted p-value from its primary per-pair test is compared against a second, independent computation, `stats::pairwise.t.test` with unpooled variances, run down its own code path. R verifying R; the plugin has no counterpart, and none is owed.	options
c0260	posthoc_soprano__mezzo_padj_ptt		0.97999257167716447		reported by R only (documented)	Holm and Benjamini-Hochberg correction define no per-pair confidence level, so there is no interval for the plugin or R to print here (see pairwise-interval-scope). In its place R checks itself: the adjusted p-value from its primary per-pair test is compared against a second, independent computation, `stats::pairwise.t.test` with unpooled variances, run down its own code path. R verifying R; the plugin has no counterpart, and none is owed.	options
c0261	posthoc_mezzo__alto_padj_ptt		0.50678621320562878		reported by R only (documented)	Holm and Benjamini-Hochberg correction define no per-pair confidence level, so there is no interval for the plugin or R to print here (see pairwise-interval-scope). In its place R checks itself: the adjusted p-value from its primary per-pair test is compared against a second, independent computation, `stats::pairwise.t.test` with unpooled variances, run down its own code path. R verifying R; the plugin has no counterpart, and none is owed.	options
c0261	posthoc_soprano__alto_padj_ptt		0.085215364090284032		reported by R only (documented)	Holm and Benjamini-Hochberg correction define no per-pair confidence level, so there is no interval for the plugin or R to print here (see pairwise-interval-scope). In its place R checks itself: the adjusted p-value from its primary per-pair test is compared against a second, independent computation, `stats::pairwise.t.test` with unpooled variances, run down its own code path. R verifying R; the plugin has no counterpart, and none is owed.	options
c0261	posthoc_soprano__mezzo_padj_ptt		0.50678621320562878		reported by R only (documented)	Holm and Benjamini-Hochberg correction define no per-pair confidence level, so there is no interval for the plugin or R to print here (see pairwise-interval-scope). In its place R checks itself: the adjusted p-value from its primary per-pair test is compared against a second, independent computation, `stats::pairwise.t.test` with unpooled variances, run down its own code path. R verifying R; the plugin has no counterpart, and none is owed.	options
c0262	posthoc_mezzo__alto_padj_ptt		0.32666419055905482		reported by R only (documented)	Holm and Benjamini-Hochberg correction define no per-pair confidence level, so there is no interval for the plugin or R to print here (see pairwise-interval-scope). In its place R checks itself: the adjusted p-value from its primary per-pair test is compared against a second, independent computation, `stats::pairwise.t.test` with unpooled variances, run down its own code path. R verifying R; the plugin has no counterpart, and none is owed.	options
c0262	posthoc_soprano__alto_padj_ptt		0.085215364090284032		reported by R only (documented)	Holm and Benjamini-Hochberg correction define no per-pair confidence level, so there is no interval for the plugin or R to print here (see pairwise-interval-scope). In its place R checks itself: the adjusted p-value from its primary per-pair test is compared against a second, independent computation, `stats::pairwise.t.test` with unpooled variances, run down its own code path. R verifying R; the plugin has no counterpart, and none is owed.	options
c0262	posthoc_soprano__mezzo_padj_ptt		0.32666419055905482		reported by R only (documented)	Holm and Benjamini-Hochberg correction define no per-pair confidence level, so there is no interval for the plugin or R to print here (see pairwise-interval-scope). In its place R checks itself: the adjusted p-value from its primary per-pair test is compared against a second, independent computation, `stats::pairwise.t.test` with unpooled variances, run down its own code path. R verifying R; the plugin has no counterpart, and none is owed.	options
c0263	posthoc_mezzo__alto_diff_wilcoxest		0.14510336084907749		reported by R only (documented)	R's `wilcox.test` reports a shift estimate found by searching its own test statistic, which differs slightly from the textbook Hodges-Lehmann definition. The plugin computes the definition, that quantity is compared, and R's search result is recorded beside it rather than imitated.	options
c0263	posthoc_soprano__alto_diff_wilcoxest		0.45879306239219364		reported by R only (documented)	R's `wilcox.test` reports a shift estimate found by searching its own test statistic, which differs slightly from the textbook Hodges-Lehmann definition. The plugin computes the definition, that quantity is compared, and R's search result is recorded beside it rather than imitated.	options
c0263	posthoc_soprano__mezzo_diff_wilcoxest		0.22321279533746807		reported by R only (documented)	R's `wilcox.test` reports a shift estimate found by searching its own test statistic, which differs slightly from the textbook Hodges-Lehmann definition. The plugin computes the definition, that quantity is compared, and R's search result is recorded beside it rather than imitated.	options
c0264	posthoc_mezzo__alto_diff_wilcoxest		0.14510336084907749		reported by R only (documented)	R's `wilcox.test` reports a shift estimate found by searching its own test statistic, which differs slightly from the textbook Hodges-Lehmann definition. The plugin computes the definition, that quantity is compared, and R's search result is recorded beside it rather than imitated.	options
c0264	posthoc_soprano__alto_diff_wilcoxest		0.45879306239219364		reported by R only (documented)	R's `wilcox.test` reports a shift estimate found by searching its own test statistic, which differs slightly from the textbook Hodges-Lehmann definition. The plugin computes the definition, that quantity is compared, and R's search result is recorded beside it rather than imitated.	options
c0264	posthoc_soprano__mezzo_diff_wilcoxest		0.22321279533746807		reported by R only (documented)	R's `wilcox.test` reports a shift estimate found by searching its own test statistic, which differs slightly from the textbook Hodges-Lehmann definition. The plugin computes the definition, that quantity is compared, and R's search result is recorded beside it rather than imitated.	options
c0265	posthoc_mezzo__alto_diff_wilcoxest		0.14510336084907749		reported by R only (documented)	R's `wilcox.test` reports a shift estimate found by searching its own test statistic, which differs slightly from the textbook Hodges-Lehmann definition. The plugin computes the definition, that quantity is compared, and R's search result is recorded beside it rather than imitated.	options
c0265	posthoc_soprano__alto_diff_wilcoxest		0.45879306239219364		reported by R only (documented)	R's `wilcox.test` reports a shift estimate found by searching its own test statistic, which differs slightly from the textbook Hodges-Lehmann definition. The plugin computes the definition, that quantity is compared, and R's search result is recorded beside it rather than imitated.	options
c0265	posthoc_soprano__mezzo_diff_wilcoxest		0.22321279533746807		reported by R only (documented)	R's `wilcox.test` reports a shift estimate found by searching its own test statistic, which differs slightly from the textbook Hodges-Lehmann definition. The plugin computes the definition, that quantity is compared, and R's search result is recorded beside it rather than imitated.	options
c0267	posthoc_alto__mezzo_padj_ptt		0.76017931980844322		reported by R only (documented)	Holm and Benjamini-Hochberg correction define no per-pair confidence level, so there is no interval for the plugin or R to print here (see pairwise-interval-scope). In its place R checks itself: the adjusted p-value from its primary per-pair test is compared against a second, independent computation, `stats::pairwise.t.test` with unpooled variances, run down its own code path. R verifying R; the plugin has no counterpart, and none is owed.	options
c0267	posthoc_alto__soprano_padj_ptt		0.085215364090284032		reported by R only (documented)	Holm and Benjamini-Hochberg correction define no per-pair confidence level, so there is no interval for the plugin or R to print here (see pairwise-interval-scope). In its place R checks itself: the adjusted p-value from its primary per-pair test is compared against a second, independent computation, `stats::pairwise.t.test` with unpooled variances, run down its own code path. R verifying R; the plugin has no counterpart, and none is owed.	options
c0267	posthoc_mezzo__soprano_padj_ptt		0.97999257167716447		reported by R only (documented)	Holm and Benjamini-Hochberg correction define no per-pair confidence level, so there is no interval for the plugin or R to print here (see pairwise-interval-scope). In its place R checks itself: the adjusted p-value from its primary per-pair test is compared against a second, independent computation, `stats::pairwise.t.test` with unpooled variances, run down its own code path. R verifying R; the plugin has no counterpart, and none is owed.	options
c0268	posthoc_alto__mezzo_padj_ptt		0.50678621320562878		reported by R only (documented)	Holm and Benjamini-Hochberg correction define no per-pair confidence level, so there is no interval for the plugin or R to print here (see pairwise-interval-scope). In its place R checks itself: the adjusted p-value from its primary per-pair test is compared against a second, independent computation, `stats::pairwise.t.test` with unpooled variances, run down its own code path. R verifying R; the plugin has no counterpart, and none is owed.	options
c0268	posthoc_alto__soprano_padj_ptt		0.085215364090284032		reported by R only (documented)	Holm and Benjamini-Hochberg correction define no per-pair confidence level, so there is no interval for the plugin or R to print here (see pairwise-interval-scope). In its place R checks itself: the adjusted p-value from its primary per-pair test is compared against a second, independent computation, `stats::pairwise.t.test` with unpooled variances, run down its own code path. R verifying R; the plugin has no counterpart, and none is owed.	options
c0268	posthoc_mezzo__soprano_padj_ptt		0.50678621320562878		reported by R only (documented)	Holm and Benjamini-Hochberg correction define no per-pair confidence level, so there is no interval for the plugin or R to print here (see pairwise-interval-scope). In its place R checks itself: the adjusted p-value from its primary per-pair test is compared against a second, independent computation, `stats::pairwise.t.test` with unpooled variances, run down its own code path. R verifying R; the plugin has no counterpart, and none is owed.	options
c0269	posthoc_alto__mezzo_padj_ptt		0.32666419055905482		reported by R only (documented)	Holm and Benjamini-Hochberg correction define no per-pair confidence level, so there is no interval for the plugin or R to print here (see pairwise-interval-scope). In its place R checks itself: the adjusted p-value from its primary per-pair test is compared against a second, independent computation, `stats::pairwise.t.test` with unpooled variances, run down its own code path. R verifying R; the plugin has no counterpart, and none is owed.	options
c0269	posthoc_alto__soprano_padj_ptt		0.085215364090284032		reported by R only (documented)	Holm and Benjamini-Hochberg correction define no per-pair confidence level, so there is no interval for the plugin or R to print here (see pairwise-interval-scope). In its place R checks itself: the adjusted p-value from its primary per-pair test is compared against a second, independent computation, `stats::pairwise.t.test` with unpooled variances, run down its own code path. R verifying R; the plugin has no counterpart, and none is owed.	options
c0269	posthoc_mezzo__soprano_padj_ptt		0.32666419055905482		reported by R only (documented)	Holm and Benjamini-Hochberg correction define no per-pair confidence level, so there is no interval for the plugin or R to print here (see pairwise-interval-scope). In its place R checks itself: the adjusted p-value from its primary per-pair test is compared against a second, independent computation, `stats::pairwise.t.test` with unpooled variances, run down its own code path. R verifying R; the plugin has no counterpart, and none is owed.	options
c0270	posthoc_alto__mezzo_padj_ptt		0.76017931980844322		reported by R only (documented)	Holm and Benjamini-Hochberg correction define no per-pair confidence level, so there is no interval for the plugin or R to print here (see pairwise-interval-scope). In its place R checks itself: the adjusted p-value from its primary per-pair test is compared against a second, independent computation, `stats::pairwise.t.test` with unpooled variances, run down its own code path. R verifying R; the plugin has no counterpart, and none is owed.	options
c0270	posthoc_alto__soprano_padj_ptt		0.085215364090284032		reported by R only (documented)	Holm and Benjamini-Hochberg correction define no per-pair confidence level, so there is no interval for the plugin or R to print here (see pairwise-interval-scope). In its place R checks itself: the adjusted p-value from its primary per-pair test is compared against a second, independent computation, `stats::pairwise.t.test` with unpooled variances, run down its own code path. R verifying R; the plugin has no counterpart, and none is owed.	options
c0270	posthoc_mezzo__soprano_padj_ptt		0.97999257167716447		reported by R only (documented)	Holm and Benjamini-Hochberg correction define no per-pair confidence level, so there is no interval for the plugin or R to print here (see pairwise-interval-scope). In its place R checks itself: the adjusted p-value from its primary per-pair test is compared against a second, independent computation, `stats::pairwise.t.test` with unpooled variances, run down its own code path. R verifying R; the plugin has no counterpart, and none is owed.	options
c0271	posthoc_alto__mezzo_padj_ptt		0.50678621320562878		reported by R only (documented)	Holm and Benjamini-Hochberg correction define no per-pair confidence level, so there is no interval for the plugin or R to print here (see pairwise-interval-scope). In its place R checks itself: the adjusted p-value from its primary per-pair test is compared against a second, independent computation, `stats::pairwise.t.test` with unpooled variances, run down its own code path. R verifying R; the plugin has no counterpart, and none is owed.	options
c0271	posthoc_alto__soprano_padj_ptt		0.085215364090284032		reported by R only (documented)	Holm and Benjamini-Hochberg correction define no per-pair confidence level, so there is no interval for the plugin or R to print here (see pairwise-interval-scope). In its place R checks itself: the adjusted p-value from its primary per-pair test is compared against a second, independent computation, `stats::pairwise.t.test` with unpooled variances, run down its own code path. R verifying R; the plugin has no counterpart, and none is owed.	options
c0271	posthoc_mezzo__soprano_padj_ptt		0.50678621320562878		reported by R only (documented)	Holm and Benjamini-Hochberg correction define no per-pair confidence level, so there is no interval for the plugin or R to print here (see pairwise-interval-scope). In its place R checks itself: the adjusted p-value from its primary per-pair test is compared against a second, independent computation, `stats::pairwise.t.test` with unpooled variances, run down its own code path. R verifying R; the plugin has no counterpart, and none is owed.	options
c0272	posthoc_alto__mezzo_padj_ptt		0.32666419055905482		reported by R only (documented)	Holm and Benjamini-Hochberg correction define no per-pair confidence level, so there is no interval for the plugin or R to print here (see pairwise-interval-scope). In its place R checks itself: the adjusted p-value from its primary per-pair test is compared against a second, independent computation, `stats::pairwise.t.test` with unpooled variances, run down its own code path. R verifying R; the plugin has no counterpart, and none is owed.	options
c0272	posthoc_alto__soprano_padj_ptt		0.085215364090284032		reported by R only (documented)	Holm and Benjamini-Hochberg correction define no per-pair confidence level, so there is no interval for the plugin or R to print here (see pairwise-interval-scope). In its place R checks itself: the adjusted p-value from its primary per-pair test is compared against a second, independent computation, `stats::pairwise.t.test` with unpooled variances, run down its own code path. R verifying R; the plugin has no counterpart, and none is owed.	options
c0272	posthoc_mezzo__soprano_padj_ptt		0.32666419055905482		reported by R only (documented)	Holm and Benjamini-Hochberg correction define no per-pair confidence level, so there is no interval for the plugin or R to print here (see pairwise-interval-scope). In its place R checks itself: the adjusted p-value from its primary per-pair test is compared against a second, independent computation, `stats::pairwise.t.test` with unpooled variances, run down its own code path. R verifying R; the plugin has no counterpart, and none is owed.	options
c0273	posthoc_alto__mezzo_diff_wilcoxest		-0.14510336084907749		reported by R only (documented)	R's `wilcox.test` reports a shift estimate found by searching its own test statistic, which differs slightly from the textbook Hodges-Lehmann definition. The plugin computes the definition, that quantity is compared, and R's search result is recorded beside it rather than imitated.	options
c0273	posthoc_alto__soprano_diff_wilcoxest		-0.45879306239219364		reported by R only (documented)	R's `wilcox.test` reports a shift estimate found by searching its own test statistic, which differs slightly from the textbook Hodges-Lehmann definition. The plugin computes the definition, that quantity is compared, and R's search result is recorded beside it rather than imitated.	options
c0273	posthoc_mezzo__soprano_diff_wilcoxest		-0.22321279533746807		reported by R only (documented)	R's `wilcox.test` reports a shift estimate found by searching its own test statistic, which differs slightly from the textbook Hodges-Lehmann definition. The plugin computes the definition, that quantity is compared, and R's search result is recorded beside it rather than imitated.	options
c0274	posthoc_alto__mezzo_diff_wilcoxest		-0.14510336084907749		reported by R only (documented)	R's `wilcox.test` reports a shift estimate found by searching its own test statistic, which differs slightly from the textbook Hodges-Lehmann definition. The plugin computes the definition, that quantity is compared, and R's search result is recorded beside it rather than imitated.	options
c0274	posthoc_alto__soprano_diff_wilcoxest		-0.45879306239219364		reported by R only (documented)	R's `wilcox.test` reports a shift estimate found by searching its own test statistic, which differs slightly from the textbook Hodges-Lehmann definition. The plugin computes the definition, that quantity is compared, and R's search result is recorded beside it rather than imitated.	options
c0274	posthoc_mezzo__soprano_diff_wilcoxest		-0.22321279533746807		reported by R only (documented)	R's `wilcox.test` reports a shift estimate found by searching its own test statistic, which differs slightly from the textbook Hodges-Lehmann definition. The plugin computes the definition, that quantity is compared, and R's search result is recorded beside it rather than imitated.	options
c0275	posthoc_alto__mezzo_diff_wilcoxest		-0.14510336084907749		reported by R only (documented)	R's `wilcox.test` reports a shift estimate found by searching its own test statistic, which differs slightly from the textbook Hodges-Lehmann definition. The plugin computes the definition, that quantity is compared, and R's search result is recorded beside it rather than imitated.	options
c0275	posthoc_alto__soprano_diff_wilcoxest		-0.45879306239219364		reported by R only (documented)	R's `wilcox.test` reports a shift estimate found by searching its own test statistic, which differs slightly from the textbook Hodges-Lehmann definition. The plugin computes the definition, that quantity is compared, and R's search result is recorded beside it rather than imitated.	options
c0275	posthoc_mezzo__soprano_diff_wilcoxest		-0.22321279533746807		reported by R only (documented)	R's `wilcox.test` reports a shift estimate found by searching its own test statistic, which differs slightly from the textbook Hodges-Lehmann definition. The plugin computes the definition, that quantity is compared, and R's search result is recorded beside it rather than imitated.	options
c0277	posthoc_control__patient_padj_ptt		6.0393940083449425e-07		reported by R only (documented)	Holm and Benjamini-Hochberg correction define no per-pair confidence level, so there is no interval for the plugin or R to print here (see pairwise-interval-scope). In its place R checks itself: the adjusted p-value from its primary per-pair test is compared against a second, independent computation, `stats::pairwise.t.test` with unpooled variances, run down its own code path. R verifying R; the plugin has no counterpart, and none is owed.	options
c0278	posthoc_control__patient_padj_ptt		6.0393940083449425e-07		reported by R only (documented)	Holm and Benjamini-Hochberg correction define no per-pair confidence level, so there is no interval for the plugin or R to print here (see pairwise-interval-scope). In its place R checks itself: the adjusted p-value from its primary per-pair test is compared against a second, independent computation, `stats::pairwise.t.test` with unpooled variances, run down its own code path. R verifying R; the plugin has no counterpart, and none is owed.	options
c0279	posthoc_control__patient_padj_ptt		6.0393940083449425e-07		reported by R only (documented)	Holm and Benjamini-Hochberg correction define no per-pair confidence level, so there is no interval for the plugin or R to print here (see pairwise-interval-scope). In its place R checks itself: the adjusted p-value from its primary per-pair test is compared against a second, independent computation, `stats::pairwise.t.test` with unpooled variances, run down its own code path. R verifying R; the plugin has no counterpart, and none is owed.	options
c0280	posthoc_control__patient_padj_ptt		6.0393940083449425e-07		reported by R only (documented)	Holm and Benjamini-Hochberg correction define no per-pair confidence level, so there is no interval for the plugin or R to print here (see pairwise-interval-scope). In its place R checks itself: the adjusted p-value from its primary per-pair test is compared against a second, independent computation, `stats::pairwise.t.test` with unpooled variances, run down its own code path. R verifying R; the plugin has no counterpart, and none is owed.	options
c0281	posthoc_control__patient_padj_ptt		6.0393940083449425e-07		reported by R only (documented)	Holm and Benjamini-Hochberg correction define no per-pair confidence level, so there is no interval for the plugin or R to print here (see pairwise-interval-scope). In its place R checks itself: the adjusted p-value from its primary per-pair test is compared against a second, independent computation, `stats::pairwise.t.test` with unpooled variances, run down its own code path. R verifying R; the plugin has no counterpart, and none is owed.	options
c0282	posthoc_control__patient_padj_ptt		6.0393940083449425e-07		reported by R only (documented)	Holm and Benjamini-Hochberg correction define no per-pair confidence level, so there is no interval for the plugin or R to print here (see pairwise-interval-scope). In its place R checks itself: the adjusted p-value from its primary per-pair test is compared against a second, independent computation, `stats::pairwise.t.test` with unpooled variances, run down its own code path. R verifying R; the plugin has no counterpart, and none is owed.	options
c0283	posthoc_control__patient_diff_wilcoxest		-1.4538787204112351		reported by R only (documented)	R's `wilcox.test` reports a shift estimate found by searching its own test statistic, which differs slightly from the textbook Hodges-Lehmann definition. The plugin computes the definition, that quantity is compared, and R's search result is recorded beside it rather than imitated.	options
c0284	posthoc_control__patient_diff_wilcoxest		-1.4538787204112351		reported by R only (documented)	R's `wilcox.test` reports a shift estimate found by searching its own test statistic, which differs slightly from the textbook Hodges-Lehmann definition. The plugin computes the definition, that quantity is compared, and R's search result is recorded beside it rather than imitated.	options
c0285	posthoc_control__patient_diff_wilcoxest		-1.4538787204112351		reported by R only (documented)	R's `wilcox.test` reports a shift estimate found by searching its own test statistic, which differs slightly from the textbook Hodges-Lehmann definition. The plugin computes the definition, that quantity is compared, and R's search result is recorded beside it rather than imitated.	options
c0287	posthoc_control__patient_padj_ptt		6.0393940083449425e-07		reported by R only (documented)	Holm and Benjamini-Hochberg correction define no per-pair confidence level, so there is no interval for the plugin or R to print here (see pairwise-interval-scope). In its place R checks itself: the adjusted p-value from its primary per-pair test is compared against a second, independent computation, `stats::pairwise.t.test` with unpooled variances, run down its own code path. R verifying R; the plugin has no counterpart, and none is owed.	options
c0288	posthoc_control__patient_padj_ptt		6.0393940083449425e-07		reported by R only (documented)	Holm and Benjamini-Hochberg correction define no per-pair confidence level, so there is no interval for the plugin or R to print here (see pairwise-interval-scope). In its place R checks itself: the adjusted p-value from its primary per-pair test is compared against a second, independent computation, `stats::pairwise.t.test` with unpooled variances, run down its own code path. R verifying R; the plugin has no counterpart, and none is owed.	options
c0289	posthoc_control__patient_padj_ptt		6.0393940083449425e-07		reported by R only (documented)	Holm and Benjamini-Hochberg correction define no per-pair confidence level, so there is no interval for the plugin or R to print here (see pairwise-interval-scope). In its place R checks itself: the adjusted p-value from its primary per-pair test is compared against a second, independent computation, `stats::pairwise.t.test` with unpooled variances, run down its own code path. R verifying R; the plugin has no counterpart, and none is owed.	options
c0290	posthoc_control__patient_padj_ptt		6.0393940083449425e-07		reported by R only (documented)	Holm and Benjamini-Hochberg correction define no per-pair confidence level, so there is no interval for the plugin or R to print here (see pairwise-interval-scope). In its place R checks itself: the adjusted p-value from its primary per-pair test is compared against a second, independent computation, `stats::pairwise.t.test` with unpooled variances, run down its own code path. R verifying R; the plugin has no counterpart, and none is owed.	options
c0291	posthoc_control__patient_padj_ptt		6.0393940083449425e-07		reported by R only (documented)	Holm and Benjamini-Hochberg correction define no per-pair confidence level, so there is no interval for the plugin or R to print here (see pairwise-interval-scope). In its place R checks itself: the adjusted p-value from its primary per-pair test is compared against a second, independent computation, `stats::pairwise.t.test` with unpooled variances, run down its own code path. R verifying R; the plugin has no counterpart, and none is owed.	options
c0292	posthoc_control__patient_padj_ptt		6.0393940083449425e-07		reported by R only (documented)	Holm and Benjamini-Hochberg correction define no per-pair confidence level, so there is no interval for the plugin or R to print here (see pairwise-interval-scope). In its place R checks itself: the adjusted p-value from its primary per-pair test is compared against a second, independent computation, `stats::pairwise.t.test` with unpooled variances, run down its own code path. R verifying R; the plugin has no counterpart, and none is owed.	options
c0293	posthoc_control__patient_diff_wilcoxest		-1.4538787204112351		reported by R only (documented)	R's `wilcox.test` reports a shift estimate found by searching its own test statistic, which differs slightly from the textbook Hodges-Lehmann definition. The plugin computes the definition, that quantity is compared, and R's search result is recorded beside it rather than imitated.	options
c0294	posthoc_control__patient_diff_wilcoxest		-1.4538787204112351		reported by R only (documented)	R's `wilcox.test` reports a shift estimate found by searching its own test statistic, which differs slightly from the textbook Hodges-Lehmann definition. The plugin computes the definition, that quantity is compared, and R's search result is recorded beside it rather than imitated.	options
c0295	posthoc_control__patient_diff_wilcoxest		-1.4538787204112351		reported by R only (documented)	R's `wilcox.test` reports a shift estimate found by searching its own test statistic, which differs slightly from the textbook Hodges-Lehmann definition. The plugin computes the definition, that quantity is compared, and R's search result is recorded beside it rather than imitated.	options
c0297	posthoc_soprano__alto_padj_ptt		0.00031662029464293		reported by R only (documented)	Holm and Benjamini-Hochberg correction define no per-pair confidence level, so there is no interval for the plugin or R to print here (see pairwise-interval-scope). In its place R checks itself: the adjusted p-value from its primary per-pair test is compared against a second, independent computation, `stats::pairwise.t.test` with unpooled variances, run down its own code path. R verifying R; the plugin has no counterpart, and none is owed.	options
c0298	posthoc_soprano__alto_padj_ptt		0.00031662029464293		reported by R only (documented)	Holm and Benjamini-Hochberg correction define no per-pair confidence level, so there is no interval for the plugin or R to print here (see pairwise-interval-scope). In its place R checks itself: the adjusted p-value from its primary per-pair test is compared against a second, independent computation, `stats::pairwise.t.test` with unpooled variances, run down its own code path. R verifying R; the plugin has no counterpart, and none is owed.	options
c0299	posthoc_soprano__alto_padj_ptt		0.00031662029464293		reported by R only (documented)	Holm and Benjamini-Hochberg correction define no per-pair confidence level, so there is no interval for the plugin or R to print here (see pairwise-interval-scope). In its place R checks itself: the adjusted p-value from its primary per-pair test is compared against a second, independent computation, `stats::pairwise.t.test` with unpooled variances, run down its own code path. R verifying R; the plugin has no counterpart, and none is owed.	options
c0300	posthoc_soprano__alto_padj_ptt		0.00031662029464293		reported by R only (documented)	Holm and Benjamini-Hochberg correction define no per-pair confidence level, so there is no interval for the plugin or R to print here (see pairwise-interval-scope). In its place R checks itself: the adjusted p-value from its primary per-pair test is compared against a second, independent computation, `stats::pairwise.t.test` with unpooled variances, run down its own code path. R verifying R; the plugin has no counterpart, and none is owed.	options
c0301	posthoc_soprano__alto_padj_ptt		0.00031662029464293		reported by R only (documented)	Holm and Benjamini-Hochberg correction define no per-pair confidence level, so there is no interval for the plugin or R to print here (see pairwise-interval-scope). In its place R checks itself: the adjusted p-value from its primary per-pair test is compared against a second, independent computation, `stats::pairwise.t.test` with unpooled variances, run down its own code path. R verifying R; the plugin has no counterpart, and none is owed.	options
c0302	posthoc_soprano__alto_padj_ptt		0.00031662029464293		reported by R only (documented)	Holm and Benjamini-Hochberg correction define no per-pair confidence level, so there is no interval for the plugin or R to print here (see pairwise-interval-scope). In its place R checks itself: the adjusted p-value from its primary per-pair test is compared against a second, independent computation, `stats::pairwise.t.test` with unpooled variances, run down its own code path. R verifying R; the plugin has no counterpart, and none is owed.	options
c0303	posthoc_soprano__alto_diff_wilcoxest		6.1657254806171053		reported by R only (documented)	R's `wilcox.test` reports a shift estimate found by searching its own test statistic, which differs slightly from the textbook Hodges-Lehmann definition. The plugin computes the definition, that quantity is compared, and R's search result is recorded beside it rather than imitated.	options
c0304	posthoc_soprano__alto_diff_wilcoxest		6.1657254806171053		reported by R only (documented)	R's `wilcox.test` reports a shift estimate found by searching its own test statistic, which differs slightly from the textbook Hodges-Lehmann definition. The plugin computes the definition, that quantity is compared, and R's search result is recorded beside it rather than imitated.	options
c0305	posthoc_soprano__alto_diff_wilcoxest		6.1657254806171053		reported by R only (documented)	R's `wilcox.test` reports a shift estimate found by searching its own test statistic, which differs slightly from the textbook Hodges-Lehmann definition. The plugin computes the definition, that quantity is compared, and R's search result is recorded beside it rather than imitated.	options
c0307	posthoc_alto__soprano_padj_ptt		0.00031662029464293		reported by R only (documented)	Holm and Benjamini-Hochberg correction define no per-pair confidence level, so there is no interval for the plugin or R to print here (see pairwise-interval-scope). In its place R checks itself: the adjusted p-value from its primary per-pair test is compared against a second, independent computation, `stats::pairwise.t.test` with unpooled variances, run down its own code path. R verifying R; the plugin has no counterpart, and none is owed.	options
c0308	posthoc_alto__soprano_padj_ptt		0.00031662029464293		reported by R only (documented)	Holm and Benjamini-Hochberg correction define no per-pair confidence level, so there is no interval for the plugin or R to print here (see pairwise-interval-scope). In its place R checks itself: the adjusted p-value from its primary per-pair test is compared against a second, independent computation, `stats::pairwise.t.test` with unpooled variances, run down its own code path. R verifying R; the plugin has no counterpart, and none is owed.	options
c0309	posthoc_alto__soprano_padj_ptt		0.00031662029464293		reported by R only (documented)	Holm and Benjamini-Hochberg correction define no per-pair confidence level, so there is no interval for the plugin or R to print here (see pairwise-interval-scope). In its place R checks itself: the adjusted p-value from its primary per-pair test is compared against a second, independent computation, `stats::pairwise.t.test` with unpooled variances, run down its own code path. R verifying R; the plugin has no counterpart, and none is owed.	options
c0310	posthoc_alto__soprano_padj_ptt		0.00031662029464293		reported by R only (documented)	Holm and Benjamini-Hochberg correction define no per-pair confidence level, so there is no interval for the plugin or R to print here (see pairwise-interval-scope). In its place R checks itself: the adjusted p-value from its primary per-pair test is compared against a second, independent computation, `stats::pairwise.t.test` with unpooled variances, run down its own code path. R verifying R; the plugin has no counterpart, and none is owed.	options
c0311	posthoc_alto__soprano_padj_ptt		0.00031662029464293		reported by R only (documented)	Holm and Benjamini-Hochberg correction define no per-pair confidence level, so there is no interval for the plugin or R to print here (see pairwise-interval-scope). In its place R checks itself: the adjusted p-value from its primary per-pair test is compared against a second, independent computation, `stats::pairwise.t.test` with unpooled variances, run down its own code path. R verifying R; the plugin has no counterpart, and none is owed.	options
c0312	posthoc_alto__soprano_padj_ptt		0.00031662029464293		reported by R only (documented)	Holm and Benjamini-Hochberg correction define no per-pair confidence level, so there is no interval for the plugin or R to print here (see pairwise-interval-scope). In its place R checks itself: the adjusted p-value from its primary per-pair test is compared against a second, independent computation, `stats::pairwise.t.test` with unpooled variances, run down its own code path. R verifying R; the plugin has no counterpart, and none is owed.	options
c0313	posthoc_alto__soprano_diff_wilcoxest		-6.1657254806171053		reported by R only (documented)	R's `wilcox.test` reports a shift estimate found by searching its own test statistic, which differs slightly from the textbook Hodges-Lehmann definition. The plugin computes the definition, that quantity is compared, and R's search result is recorded beside it rather than imitated.	options
c0314	posthoc_alto__soprano_diff_wilcoxest		-6.1657254806171053		reported by R only (documented)	R's `wilcox.test` reports a shift estimate found by searching its own test statistic, which differs slightly from the textbook Hodges-Lehmann definition. The plugin computes the definition, that quantity is compared, and R's search result is recorded beside it rather than imitated.	options
c0315	posthoc_alto__soprano_diff_wilcoxest		-6.1657254806171053		reported by R only (documented)	R's `wilcox.test` reports a shift estimate found by searching its own test statistic, which differs slightly from the textbook Hodges-Lehmann definition. The plugin computes the definition, that quantity is compared, and R's search result is recorded beside it rather than imitated.	options
c0317	posthoc_corr__mwu_padj_ptt		0.15639701607947798		reported by R only (documented)	Holm and Benjamini-Hochberg correction define no per-pair confidence level, so there is no interval for the plugin or R to print here (see pairwise-interval-scope). In its place R checks itself: the adjusted p-value from its primary per-pair test is compared against a second, independent computation, `stats::pairwise.t.test` with unpooled variances, run down its own code path. R verifying R; the plugin has no counterpart, and none is owed.	options
c0317	posthoc_corr__perfect_padj_ptt_undefined		1		reported by R only (documented)	Holm and Benjamini-Hochberg correction define no per-pair confidence level, so there is no interval for the plugin or R to print here (see pairwise-interval-scope). In its place R checks itself: the adjusted p-value from its primary per-pair test is compared against a second, independent computation, `stats::pairwise.t.test` with unpooled variances, run down its own code path. R verifying R; the plugin has no counterpart, and none is owed.	options
c0317	posthoc_paired__corr_padj_ptt_undefined		1		reported by R only (documented)	Holm and Benjamini-Hochberg correction define no per-pair confidence level, so there is no interval for the plugin or R to print here (see pairwise-interval-scope). In its place R checks itself: the adjusted p-value from its primary per-pair test is compared against a second, independent computation, `stats::pairwise.t.test` with unpooled variances, run down its own code path. R verifying R; the plugin has no counterpart, and none is owed.	options
c0317	posthoc_paired__mwu_padj_ptt		1.011245349598256e-06		reported by R only (documented)	Holm and Benjamini-Hochberg correction define no per-pair confidence level, so there is no interval for the plugin or R to print here (see pairwise-interval-scope). In its place R checks itself: the adjusted p-value from its primary per-pair test is compared against a second, independent computation, `stats::pairwise.t.test` with unpooled variances, run down its own code path. R verifying R; the plugin has no counterpart, and none is owed.	options
c0317	posthoc_paired__perfect_padj_ptt_undefined		1		reported by R only (documented)	Holm and Benjamini-Hochberg correction define no per-pair confidence level, so there is no interval for the plugin or R to print here (see pairwise-interval-scope). In its place R checks itself: the adjusted p-value from its primary per-pair test is compared against a second, independent computation, `stats::pairwise.t.test` with unpooled variances, run down its own code path. R verifying R; the plugin has no counterpart, and none is owed.	options
c0317	posthoc_perfect__mwu_padj_ptt		1		reported by R only (documented)	Holm and Benjamini-Hochberg correction define no per-pair confidence level, so there is no interval for the plugin or R to print here (see pairwise-interval-scope). In its place R checks itself: the adjusted p-value from its primary per-pair test is compared against a second, independent computation, `stats::pairwise.t.test` with unpooled variances, run down its own code path. R verifying R; the plugin has no counterpart, and none is owed.	options
c0317	posthoc_welch__corr_padj_ptt		0.0011611549023031844		reported by R only (documented)	Holm and Benjamini-Hochberg correction define no per-pair confidence level, so there is no interval for the plugin or R to print here (see pairwise-interval-scope). In its place R checks itself: the adjusted p-value from its primary per-pair test is compared against a second, independent computation, `stats::pairwise.t.test` with unpooled variances, run down its own code path. R verifying R; the plugin has no counterpart, and none is owed.	options
c0317	posthoc_welch__mwu_padj_ptt		4.1124187385178549e-05		reported by R only (documented)	Holm and Benjamini-Hochberg correction define no per-pair confidence level, so there is no interval for the plugin or R to print here (see pairwise-interval-scope). In its place R checks itself: the adjusted p-value from its primary per-pair test is compared against a second, independent computation, `stats::pairwise.t.test` with unpooled variances, run down its own code path. R verifying R; the plugin has no counterpart, and none is owed.	options
c0317	posthoc_welch__paired_padj_ptt		0.45071962588523301		reported by R only (documented)	Holm and Benjamini-Hochberg correction define no per-pair confidence level, so there is no interval for the plugin or R to print here (see pairwise-interval-scope). In its place R checks itself: the adjusted p-value from its primary per-pair test is compared against a second, independent computation, `stats::pairwise.t.test` with unpooled variances, run down its own code path. R verifying R; the plugin has no counterpart, and none is owed.	options
c0317	posthoc_welch__perfect_padj_ptt		2.0360745160275309e-05		reported by R only (documented)	Holm and Benjamini-Hochberg correction define no per-pair confidence level, so there is no interval for the plugin or R to print here (see pairwise-interval-scope). In its place R checks itself: the adjusted p-value from its primary per-pair test is compared against a second, independent computation, `stats::pairwise.t.test` with unpooled variances, run down its own code path. R verifying R; the plugin has no counterpart, and none is owed.	options
c0318	posthoc_corr__mwu_padj_ptt		0.062558806431791195		reported by R only (documented)	Holm and Benjamini-Hochberg correction define no per-pair confidence level, so there is no interval for the plugin or R to print here (see pairwise-interval-scope). In its place R checks itself: the adjusted p-value from its primary per-pair test is compared against a second, independent computation, `stats::pairwise.t.test` with unpooled variances, run down its own code path. R verifying R; the plugin has no counterpart, and none is owed.	options
c0318	posthoc_corr__perfect_padj_ptt_undefined		1		reported by R only (documented)	Holm and Benjamini-Hochberg correction define no per-pair confidence level, so there is no interval for the plugin or R to print here (see pairwise-interval-scope). In its place R checks itself: the adjusted p-value from its primary per-pair test is compared against a second, independent computation, `stats::pairwise.t.test` with unpooled variances, run down its own code path. R verifying R; the plugin has no counterpart, and none is owed.	options
c0318	posthoc_paired__corr_padj_ptt_undefined		1		reported by R only (documented)	Holm and Benjamini-Hochberg correction define no per-pair confidence level, so there is no interval for the plugin or R to print here (see pairwise-interval-scope). In its place R checks itself: the adjusted p-value from its primary per-pair test is compared against a second, independent computation, `stats::pairwise.t.test` with unpooled variances, run down its own code path. R verifying R; the plugin has no counterpart, and none is owed.	options
c0318	posthoc_paired__mwu_padj_ptt		8.0899627967860474e-07		reported by R only (documented)	Holm and Benjamini-Hochberg correction define no per-pair confidence level, so there is no interval for the plugin or R to print here (see pairwise-interval-scope). In its place R checks itself: the adjusted p-value from its primary per-pair test is compared against a second, independent computation, `stats::pairwise.t.test` with unpooled variances, run down its own code path. R verifying R; the plugin has no counterpart, and none is owed.	options
c0318	posthoc_paired__perfect_padj_ptt_undefined		1		reported by R only (documented)	Holm and Benjamini-Hochberg correction define no per-pair confidence level, so there is no interval for the plugin or R to print here (see pairwise-interval-scope). In its place R checks itself: the adjusted p-value from its primary per-pair test is compared against a second, independent computation, `stats::pairwise.t.test` with unpooled variances, run down its own code path. R verifying R; the plugin has no counterpart, and none is owed.	options
c0318	posthoc_perfect__mwu_padj_ptt		0.55311663003267042		reported by R only (documented)	Holm and Benjamini-Hochberg correction define no per-pair confidence level, so there is no interval for the plugin or R to print here (see pairwise-interval-scope). In its place R checks itself: the adjusted p-value from its primary per-pair test is compared against a second, independent computation, `stats::pairwise.t.test` with unpooled variances, run down its own code path. R verifying R; the plugin has no counterpart, and none is owed.	options
c0318	posthoc_welch__corr_padj_ptt		0.00058057745115159219		reported by R only (documented)	Holm and Benjamini-Hochberg correction define no per-pair confidence level, so there is no interval for the plugin or R to print here (see pairwise-interval-scope). In its place R checks itself: the adjusted p-value from its primary per-pair test is compared against a second, independent computation, `stats::pairwise.t.test` with unpooled variances, run down its own code path. R verifying R; the plugin has no counterpart, and none is owed.	options
c0318	posthoc_welch__mwu_padj_ptt		2.4674512431107127e-05		reported by R only (documented)	Holm and Benjamini-Hochberg correction define no per-pair confidence level, so there is no interval for the plugin or R to print here (see pairwise-interval-scope). In its place R checks itself: the adjusted p-value from its primary per-pair test is compared against a second, independent computation, `stats::pairwise.t.test` with unpooled variances, run down its own code path. R verifying R; the plugin has no counterpart, and none is owed.	options
c0318	posthoc_welch__paired_padj_ptt		0.090143925177046599		reported by R only (documented)	Holm and Benjamini-Hochberg correction define no per-pair confidence level, so there is no interval for the plugin or R to print here (see pairwise-interval-scope). In its place R checks itself: the adjusted p-value from its primary per-pair test is compared against a second, independent computation, `stats::pairwise.t.test` with unpooled variances, run down its own code path. R verifying R; the plugin has no counterpart, and none is owed.	options
c0318	posthoc_welch__perfect_padj_ptt		1.4252521612192716e-05		reported by R only (documented)	Holm and Benjamini-Hochberg correction define no per-pair confidence level, so there is no interval for the plugin or R to print here (see pairwise-interval-scope). In its place R checks itself: the adjusted p-value from its primary per-pair test is compared against a second, independent computation, `stats::pairwise.t.test` with unpooled variances, run down its own code path. R verifying R; the plugin has no counterpart, and none is owed.	options
c0319	posthoc_corr__mwu_padj_ptt		0.022342430868496854		reported by R only (documented)	Holm and Benjamini-Hochberg correction define no per-pair confidence level, so there is no interval for the plugin or R to print here (see pairwise-interval-scope). In its place R checks itself: the adjusted p-value from its primary per-pair test is compared against a second, independent computation, `stats::pairwise.t.test` with unpooled variances, run down its own code path. R verifying R; the plugin has no counterpart, and none is owed.	options
c0319	posthoc_corr__perfect_padj_ptt_undefined		1		reported by R only (documented)	Holm and Benjamini-Hochberg correction define no per-pair confidence level, so there is no interval for the plugin or R to print here (see pairwise-interval-scope). In its place R checks itself: the adjusted p-value from its primary per-pair test is compared against a second, independent computation, `stats::pairwise.t.test` with unpooled variances, run down its own code path. R verifying R; the plugin has no counterpart, and none is owed.	options
c0319	posthoc_paired__corr_padj_ptt_undefined		1		reported by R only (documented)	Holm and Benjamini-Hochberg correction define no per-pair confidence level, so there is no interval for the plugin or R to print here (see pairwise-interval-scope). In its place R checks itself: the adjusted p-value from its primary per-pair test is compared against a second, independent computation, `stats::pairwise.t.test` with unpooled variances, run down its own code path. R verifying R; the plugin has no counterpart, and none is owed.	options
c0319	posthoc_paired__mwu_padj_ptt		3.3708178319941867e-07		reported by R only (documented)	Holm and Benjamini-Hochberg correction define no per-pair confidence level, so there is no interval for the plugin or R to print here (see pairwise-interval-scope). In its place R checks itself: the adjusted p-value from its primary per-pair test is compared against a second, independent computation, `stats::pairwise.t.test` with unpooled variances, run down its own code path. R verifying R; the plugin has no counterpart, and none is owed.	options
c0319	posthoc_paired__perfect_padj_ptt_undefined		1		reported by R only (documented)	Holm and Benjamini-Hochberg correction define no per-pair confidence level, so there is no interval for the plugin or R to print here (see pairwise-interval-scope). In its place R checks itself: the adjusted p-value from its primary per-pair test is compared against a second, independent computation, `stats::pairwise.t.test` with unpooled variances, run down its own code path. R verifying R; the plugin has no counterpart, and none is owed.	options
c0319	posthoc_perfect__mwu_padj_ptt		0.55311663003267042		reported by R only (documented)	Holm and Benjamini-Hochberg correction define no per-pair confidence level, so there is no interval for the plugin or R to print here (see pairwise-interval-scope). In its place R checks itself: the adjusted p-value from its primary per-pair test is compared against a second, independent computation, `stats::pairwise.t.test` with unpooled variances, run down its own code path. R verifying R; the plugin has no counterpart, and none is owed.	options
c0319	posthoc_welch__corr_padj_ptt		0.00019352581705053075		reported by R only (documented)	Holm and Benjamini-Hochberg correction define no per-pair confidence level, so there is no interval for the plugin or R to print here (see pairwise-interval-scope). In its place R checks itself: the adjusted p-value from its primary per-pair test is compared against a second, independent computation, `stats::pairwise.t.test` with unpooled variances, run down its own code path. R verifying R; the plugin has no counterpart, and none is owed.	options
c0319	posthoc_welch__mwu_padj_ptt		8.2248374770357091e-06		reported by R only (documented)	Holm and Benjamini-Hochberg correction define no per-pair confidence level, so there is no interval for the plugin or R to print here (see pairwise-interval-scope). In its place R checks itself: the adjusted p-value from its primary per-pair test is compared against a second, independent computation, `stats::pairwise.t.test` with unpooled variances, run down its own code path. R verifying R; the plugin has no counterpart, and none is owed.	options
c0319	posthoc_welch__paired_padj_ptt		0.050079958431692558		reported by R only (documented)	Holm and Benjamini-Hochberg correction define no per-pair confidence level, so there is no interval for the plugin or R to print here (see pairwise-interval-scope). In its place R checks itself: the adjusted p-value from its primary per-pair test is compared against a second, independent computation, `stats::pairwise.t.test` with unpooled variances, run down its own code path. R verifying R; the plugin has no counterpart, and none is owed.	options
c0319	posthoc_welch__perfect_padj_ptt		5.0901862900688274e-06		reported by R only (documented)	Holm and Benjamini-Hochberg correction define no per-pair confidence level, so there is no interval for the plugin or R to print here (see pairwise-interval-scope). In its place R checks itself: the adjusted p-value from its primary per-pair test is compared against a second, independent computation, `stats::pairwise.t.test` with unpooled variances, run down its own code path. R verifying R; the plugin has no counterpart, and none is owed.	options
c0320	posthoc_corr__mwu_padj_ptt		0.15639701607947798		reported by R only (documented)	Holm and Benjamini-Hochberg correction define no per-pair confidence level, so there is no interval for the plugin or R to print here (see pairwise-interval-scope). In its place R checks itself: the adjusted p-value from its primary per-pair test is compared against a second, independent computation, `stats::pairwise.t.test` with unpooled variances, run down its own code path. R verifying R; the plugin has no counterpart, and none is owed.	options
c0320	posthoc_corr__perfect_padj_ptt_undefined		1		reported by R only (documented)	Holm and Benjamini-Hochberg correction define no per-pair confidence level, so there is no interval for the plugin or R to print here (see pairwise-interval-scope). In its place R checks itself: the adjusted p-value from its primary per-pair test is compared against a second, independent computation, `stats::pairwise.t.test` with unpooled variances, run down its own code path. R verifying R; the plugin has no counterpart, and none is owed.	options
c0320	posthoc_paired__corr_padj_ptt_undefined		1		reported by R only (documented)	Holm and Benjamini-Hochberg correction define no per-pair confidence level, so there is no interval for the plugin or R to print here (see pairwise-interval-scope). In its place R checks itself: the adjusted p-value from its primary per-pair test is compared against a second, independent computation, `stats::pairwise.t.test` with unpooled variances, run down its own code path. R verifying R; the plugin has no counterpart, and none is owed.	options
c0320	posthoc_paired__mwu_padj_ptt		1.011245349598256e-06		reported by R only (documented)	Holm and Benjamini-Hochberg correction define no per-pair confidence level, so there is no interval for the plugin or R to print here (see pairwise-interval-scope). In its place R checks itself: the adjusted p-value from its primary per-pair test is compared against a second, independent computation, `stats::pairwise.t.test` with unpooled variances, run down its own code path. R verifying R; the plugin has no counterpart, and none is owed.	options
c0320	posthoc_paired__perfect_padj_ptt_undefined		1		reported by R only (documented)	Holm and Benjamini-Hochberg correction define no per-pair confidence level, so there is no interval for the plugin or R to print here (see pairwise-interval-scope). In its place R checks itself: the adjusted p-value from its primary per-pair test is compared against a second, independent computation, `stats::pairwise.t.test` with unpooled variances, run down its own code path. R verifying R; the plugin has no counterpart, and none is owed.	options
c0320	posthoc_perfect__mwu_padj_ptt		1		reported by R only (documented)	Holm and Benjamini-Hochberg correction define no per-pair confidence level, so there is no interval for the plugin or R to print here (see pairwise-interval-scope). In its place R checks itself: the adjusted p-value from its primary per-pair test is compared against a second, independent computation, `stats::pairwise.t.test` with unpooled variances, run down its own code path. R verifying R; the plugin has no counterpart, and none is owed.	options
c0320	posthoc_welch__corr_padj_ptt		0.0011611549023031844		reported by R only (documented)	Holm and Benjamini-Hochberg correction define no per-pair confidence level, so there is no interval for the plugin or R to print here (see pairwise-interval-scope). In its place R checks itself: the adjusted p-value from its primary per-pair test is compared against a second, independent computation, `stats::pairwise.t.test` with unpooled variances, run down its own code path. R verifying R; the plugin has no counterpart, and none is owed.	options
c0320	posthoc_welch__mwu_padj_ptt		4.1124187385178549e-05		reported by R only (documented)	Holm and Benjamini-Hochberg correction define no per-pair confidence level, so there is no interval for the plugin or R to print here (see pairwise-interval-scope). In its place R checks itself: the adjusted p-value from its primary per-pair test is compared against a second, independent computation, `stats::pairwise.t.test` with unpooled variances, run down its own code path. R verifying R; the plugin has no counterpart, and none is owed.	options
c0320	posthoc_welch__paired_padj_ptt		0.45071962588523301		reported by R only (documented)	Holm and Benjamini-Hochberg correction define no per-pair confidence level, so there is no interval for the plugin or R to print here (see pairwise-interval-scope). In its place R checks itself: the adjusted p-value from its primary per-pair test is compared against a second, independent computation, `stats::pairwise.t.test` with unpooled variances, run down its own code path. R verifying R; the plugin has no counterpart, and none is owed.	options
c0320	posthoc_welch__perfect_padj_ptt		2.0360745160275309e-05		reported by R only (documented)	Holm and Benjamini-Hochberg correction define no per-pair confidence level, so there is no interval for the plugin or R to print here (see pairwise-interval-scope). In its place R checks itself: the adjusted p-value from its primary per-pair test is compared against a second, independent computation, `stats::pairwise.t.test` with unpooled variances, run down its own code path. R verifying R; the plugin has no counterpart, and none is owed.	options
c0321	posthoc_corr__mwu_padj_ptt		0.062558806431791195		reported by R only (documented)	Holm and Benjamini-Hochberg correction define no per-pair confidence level, so there is no interval for the plugin or R to print here (see pairwise-interval-scope). In its place R checks itself: the adjusted p-value from its primary per-pair test is compared against a second, independent computation, `stats::pairwise.t.test` with unpooled variances, run down its own code path. R verifying R; the plugin has no counterpart, and none is owed.	options
c0321	posthoc_corr__perfect_padj_ptt_undefined		1		reported by R only (documented)	Holm and Benjamini-Hochberg correction define no per-pair confidence level, so there is no interval for the plugin or R to print here (see pairwise-interval-scope). In its place R checks itself: the adjusted p-value from its primary per-pair test is compared against a second, independent computation, `stats::pairwise.t.test` with unpooled variances, run down its own code path. R verifying R; the plugin has no counterpart, and none is owed.	options
c0321	posthoc_paired__corr_padj_ptt_undefined		1		reported by R only (documented)	Holm and Benjamini-Hochberg correction define no per-pair confidence level, so there is no interval for the plugin or R to print here (see pairwise-interval-scope). In its place R checks itself: the adjusted p-value from its primary per-pair test is compared against a second, independent computation, `stats::pairwise.t.test` with unpooled variances, run down its own code path. R verifying R; the plugin has no counterpart, and none is owed.	options
c0321	posthoc_paired__mwu_padj_ptt		8.0899627967860474e-07		reported by R only (documented)	Holm and Benjamini-Hochberg correction define no per-pair confidence level, so there is no interval for the plugin or R to print here (see pairwise-interval-scope). In its place R checks itself: the adjusted p-value from its primary per-pair test is compared against a second, independent computation, `stats::pairwise.t.test` with unpooled variances, run down its own code path. R verifying R; the plugin has no counterpart, and none is owed.	options
c0321	posthoc_paired__perfect_padj_ptt_undefined		1		reported by R only (documented)	Holm and Benjamini-Hochberg correction define no per-pair confidence level, so there is no interval for the plugin or R to print here (see pairwise-interval-scope). In its place R checks itself: the adjusted p-value from its primary per-pair test is compared against a second, independent computation, `stats::pairwise.t.test` with unpooled variances, run down its own code path. R verifying R; the plugin has no counterpart, and none is owed.	options
c0321	posthoc_perfect__mwu_padj_ptt		0.55311663003267042		reported by R only (documented)	Holm and Benjamini-Hochberg correction define no per-pair confidence level, so there is no interval for the plugin or R to print here (see pairwise-interval-scope). In its place R checks itself: the adjusted p-value from its primary per-pair test is compared against a second, independent computation, `stats::pairwise.t.test` with unpooled variances, run down its own code path. R verifying R; the plugin has no counterpart, and none is owed.	options
c0321	posthoc_welch__corr_padj_ptt		0.00058057745115159219		reported by R only (documented)	Holm and Benjamini-Hochberg correction define no per-pair confidence level, so there is no interval for the plugin or R to print here (see pairwise-interval-scope). In its place R checks itself: the adjusted p-value from its primary per-pair test is compared against a second, independent computation, `stats::pairwise.t.test` with unpooled variances, run down its own code path. R verifying R; the plugin has no counterpart, and none is owed.	options
c0321	posthoc_welch__mwu_padj_ptt		2.4674512431107127e-05		reported by R only (documented)	Holm and Benjamini-Hochberg correction define no per-pair confidence level, so there is no interval for the plugin or R to print here (see pairwise-interval-scope). In its place R checks itself: the adjusted p-value from its primary per-pair test is compared against a second, independent computation, `stats::pairwise.t.test` with unpooled variances, run down its own code path. R verifying R; the plugin has no counterpart, and none is owed.	options
c0321	posthoc_welch__paired_padj_ptt		0.090143925177046599		reported by R only (documented)	Holm and Benjamini-Hochberg correction define no per-pair confidence level, so there is no interval for the plugin or R to print here (see pairwise-interval-scope). In its place R checks itself: the adjusted p-value from its primary per-pair test is compared against a second, independent computation, `stats::pairwise.t.test` with unpooled variances, run down its own code path. R verifying R; the plugin has no counterpart, and none is owed.	options
c0321	posthoc_welch__perfect_padj_ptt		1.4252521612192716e-05		reported by R only (documented)	Holm and Benjamini-Hochberg correction define no per-pair confidence level, so there is no interval for the plugin or R to print here (see pairwise-interval-scope). In its place R checks itself: the adjusted p-value from its primary per-pair test is compared against a second, independent computation, `stats::pairwise.t.test` with unpooled variances, run down its own code path. R verifying R; the plugin has no counterpart, and none is owed.	options
c0322	posthoc_corr__mwu_padj_ptt		0.022342430868496854		reported by R only (documented)	Holm and Benjamini-Hochberg correction define no per-pair confidence level, so there is no interval for the plugin or R to print here (see pairwise-interval-scope). In its place R checks itself: the adjusted p-value from its primary per-pair test is compared against a second, independent computation, `stats::pairwise.t.test` with unpooled variances, run down its own code path. R verifying R; the plugin has no counterpart, and none is owed.	options
c0322	posthoc_corr__perfect_padj_ptt_undefined		1		reported by R only (documented)	Holm and Benjamini-Hochberg correction define no per-pair confidence level, so there is no interval for the plugin or R to print here (see pairwise-interval-scope). In its place R checks itself: the adjusted p-value from its primary per-pair test is compared against a second, independent computation, `stats::pairwise.t.test` with unpooled variances, run down its own code path. R verifying R; the plugin has no counterpart, and none is owed.	options
c0322	posthoc_paired__corr_padj_ptt_undefined		1		reported by R only (documented)	Holm and Benjamini-Hochberg correction define no per-pair confidence level, so there is no interval for the plugin or R to print here (see pairwise-interval-scope). In its place R checks itself: the adjusted p-value from its primary per-pair test is compared against a second, independent computation, `stats::pairwise.t.test` with unpooled variances, run down its own code path. R verifying R; the plugin has no counterpart, and none is owed.	options
c0322	posthoc_paired__mwu_padj_ptt		3.3708178319941867e-07		reported by R only (documented)	Holm and Benjamini-Hochberg correction define no per-pair confidence level, so there is no interval for the plugin or R to print here (see pairwise-interval-scope). In its place R checks itself: the adjusted p-value from its primary per-pair test is compared against a second, independent computation, `stats::pairwise.t.test` with unpooled variances, run down its own code path. R verifying R; the plugin has no counterpart, and none is owed.	options
c0322	posthoc_paired__perfect_padj_ptt_undefined		1		reported by R only (documented)	Holm and Benjamini-Hochberg correction define no per-pair confidence level, so there is no interval for the plugin or R to print here (see pairwise-interval-scope). In its place R checks itself: the adjusted p-value from its primary per-pair test is compared against a second, independent computation, `stats::pairwise.t.test` with unpooled variances, run down its own code path. R verifying R; the plugin has no counterpart, and none is owed.	options
c0322	posthoc_perfect__mwu_padj_ptt		0.55311663003267042		reported by R only (documented)	Holm and Benjamini-Hochberg correction define no per-pair confidence level, so there is no interval for the plugin or R to print here (see pairwise-interval-scope). In its place R checks itself: the adjusted p-value from its primary per-pair test is compared against a second, independent computation, `stats::pairwise.t.test` with unpooled variances, run down its own code path. R verifying R; the plugin has no counterpart, and none is owed.	options
c0322	posthoc_welch__corr_padj_ptt		0.00019352581705053075		reported by R only (documented)	Holm and Benjamini-Hochberg correction define no per-pair confidence level, so there is no interval for the plugin or R to print here (see pairwise-interval-scope). In its place R checks itself: the adjusted p-value from its primary per-pair test is compared against a second, independent computation, `stats::pairwise.t.test` with unpooled variances, run down its own code path. R verifying R; the plugin has no counterpart, and none is owed.	options
c0322	posthoc_welch__mwu_padj_ptt		8.2248374770357091e-06		reported by R only (documented)	Holm and Benjamini-Hochberg correction define no per-pair confidence level, so there is no interval for the plugin or R to print here (see pairwise-interval-scope). In its place R checks itself: the adjusted p-value from its primary per-pair test is compared against a second, independent computation, `stats::pairwise.t.test` with unpooled variances, run down its own code path. R verifying R; the plugin has no counterpart, and none is owed.	options
c0322	posthoc_welch__paired_padj_ptt		0.050079958431692558		reported by R only (documented)	Holm and Benjamini-Hochberg correction define no per-pair confidence level, so there is no interval for the plugin or R to print here (see pairwise-interval-scope). In its place R checks itself: the adjusted p-value from its primary per-pair test is compared against a second, independent computation, `stats::pairwise.t.test` with unpooled variances, run down its own code path. R verifying R; the plugin has no counterpart, and none is owed.	options
c0322	posthoc_welch__perfect_padj_ptt		5.0901862900688274e-06		reported by R only (documented)	Holm and Benjamini-Hochberg correction define no per-pair confidence level, so there is no interval for the plugin or R to print here (see pairwise-interval-scope). In its place R checks itself: the adjusted p-value from its primary per-pair test is compared against a second, independent computation, `stats::pairwise.t.test` with unpooled variances, run down its own code path. R verifying R; the plugin has no counterpart, and none is owed.	options
c0323	posthoc_corr__mwu_diff_wilcoxest		2.5365342170093239		reported by R only (documented)	R's `wilcox.test` reports a shift estimate found by searching its own test statistic, which differs slightly from the textbook Hodges-Lehmann definition. The plugin computes the definition, that quantity is compared, and R's search result is recorded beside it rather than imitated.	options
c0323	posthoc_corr__perfect_diff_wilcoxest		2.0000265013684415		reported by R only (documented)	R's `wilcox.test` reports a shift estimate found by searching its own test statistic, which differs slightly from the textbook Hodges-Lehmann definition. The plugin computes the definition, that quantity is compared, and R's search result is recorded beside it rather than imitated.	options
c0323	posthoc_paired__corr_diff_wilcoxest		9.3044828029543041		reported by R only (documented)	R's `wilcox.test` reports a shift estimate found by searching its own test statistic, which differs slightly from the textbook Hodges-Lehmann definition. The plugin computes the definition, that quantity is compared, and R's search result is recorded beside it rather than imitated.	options
c0323	posthoc_paired__mwu_diff_wilcoxest		12.000000776101786		reported by R only (documented)	R's `wilcox.test` reports a shift estimate found by searching its own test statistic, which differs slightly from the textbook Hodges-Lehmann definition. The plugin computes the definition, that quantity is compared, and R's search result is recorded beside it rather than imitated.	options
c0323	posthoc_paired__perfect_diff_wilcoxest		11.273285264682787		reported by R only (documented)	R's `wilcox.test` reports a shift estimate found by searching its own test statistic, which differs slightly from the textbook Hodges-Lehmann definition. The plugin computes the definition, that quantity is compared, and R's search result is recorded beside it rather than imitated.	options
c0323	posthoc_perfect__mwu_diff_wilcoxest		0.5		reported by R only (documented)	R's `wilcox.test` reports a shift estimate found by searching its own test statistic, which differs slightly from the textbook Hodges-Lehmann definition. The plugin computes the definition, that quantity is compared, and R's search result is recorded beside it rather than imitated.	options
c0323	posthoc_welch__corr_diff_wilcoxest		6.4000000000000004		reported by R only (documented)	R's `wilcox.test` reports a shift estimate found by searching its own test statistic, which differs slightly from the textbook Hodges-Lehmann definition. The plugin computes the definition, that quantity is compared, and R's search result is recorded beside it rather than imitated.	options
c0323	posthoc_welch__mwu_diff_wilcoxest		8.9999389039156608		reported by R only (documented)	R's `wilcox.test` reports a shift estimate found by searching its own test statistic, which differs slightly from the textbook Hodges-Lehmann definition. The plugin computes the definition, that quantity is compared, and R's search result is recorded beside it rather than imitated.	options
c0323	posthoc_welch__paired_diff_wilcoxest		-2.999946604735392		reported by R only (documented)	R's `wilcox.test` reports a shift estimate found by searching its own test statistic, which differs slightly from the textbook Hodges-Lehmann definition. The plugin computes the definition, that quantity is compared, and R's search result is recorded beside it rather than imitated.	options
c0323	posthoc_welch__perfect_diff_wilcoxest		8.527042491820394		reported by R only (documented)	R's `wilcox.test` reports a shift estimate found by searching its own test statistic, which differs slightly from the textbook Hodges-Lehmann definition. The plugin computes the definition, that quantity is compared, and R's search result is recorded beside it rather than imitated.	options
c0324	posthoc_corr__mwu_diff_wilcoxest		2.5365342170093239		reported by R only (documented)	R's `wilcox.test` reports a shift estimate found by searching its own test statistic, which differs slightly from the textbook Hodges-Lehmann definition. The plugin computes the definition, that quantity is compared, and R's search result is recorded beside it rather than imitated.	options
c0324	posthoc_corr__perfect_diff_wilcoxest		2.0000265013684415		reported by R only (documented)	R's `wilcox.test` reports a shift estimate found by searching its own test statistic, which differs slightly from the textbook Hodges-Lehmann definition. The plugin computes the definition, that quantity is compared, and R's search result is recorded beside it rather than imitated.	options
c0324	posthoc_paired__corr_diff_wilcoxest		9.3044828029543041		reported by R only (documented)	R's `wilcox.test` reports a shift estimate found by searching its own test statistic, which differs slightly from the textbook Hodges-Lehmann definition. The plugin computes the definition, that quantity is compared, and R's search result is recorded beside it rather than imitated.	options
c0324	posthoc_paired__mwu_diff_wilcoxest		12.000000776101786		reported by R only (documented)	R's `wilcox.test` reports a shift estimate found by searching its own test statistic, which differs slightly from the textbook Hodges-Lehmann definition. The plugin computes the definition, that quantity is compared, and R's search result is recorded beside it rather than imitated.	options
c0324	posthoc_paired__perfect_diff_wilcoxest		11.273285264682787		reported by R only (documented)	R's `wilcox.test` reports a shift estimate found by searching its own test statistic, which differs slightly from the textbook Hodges-Lehmann definition. The plugin computes the definition, that quantity is compared, and R's search result is recorded beside it rather than imitated.	options
c0324	posthoc_perfect__mwu_diff_wilcoxest		0.5		reported by R only (documented)	R's `wilcox.test` reports a shift estimate found by searching its own test statistic, which differs slightly from the textbook Hodges-Lehmann definition. The plugin computes the definition, that quantity is compared, and R's search result is recorded beside it rather than imitated.	options
c0324	posthoc_welch__corr_diff_wilcoxest		6.4000000000000004		reported by R only (documented)	R's `wilcox.test` reports a shift estimate found by searching its own test statistic, which differs slightly from the textbook Hodges-Lehmann definition. The plugin computes the definition, that quantity is compared, and R's search result is recorded beside it rather than imitated.	options
c0324	posthoc_welch__mwu_diff_wilcoxest		8.9999389039156608		reported by R only (documented)	R's `wilcox.test` reports a shift estimate found by searching its own test statistic, which differs slightly from the textbook Hodges-Lehmann definition. The plugin computes the definition, that quantity is compared, and R's search result is recorded beside it rather than imitated.	options
c0324	posthoc_welch__paired_diff_wilcoxest		-2.999946604735392		reported by R only (documented)	R's `wilcox.test` reports a shift estimate found by searching its own test statistic, which differs slightly from the textbook Hodges-Lehmann definition. The plugin computes the definition, that quantity is compared, and R's search result is recorded beside it rather than imitated.	options
c0324	posthoc_welch__perfect_diff_wilcoxest		8.527042491820394		reported by R only (documented)	R's `wilcox.test` reports a shift estimate found by searching its own test statistic, which differs slightly from the textbook Hodges-Lehmann definition. The plugin computes the definition, that quantity is compared, and R's search result is recorded beside it rather than imitated.	options
c0325	posthoc_corr__mwu_diff_wilcoxest		2.5365342170093239		reported by R only (documented)	R's `wilcox.test` reports a shift estimate found by searching its own test statistic, which differs slightly from the textbook Hodges-Lehmann definition. The plugin computes the definition, that quantity is compared, and R's search result is recorded beside it rather than imitated.	options
c0325	posthoc_corr__perfect_diff_wilcoxest		2.0000265013684415		reported by R only (documented)	R's `wilcox.test` reports a shift estimate found by searching its own test statistic, which differs slightly from the textbook Hodges-Lehmann definition. The plugin computes the definition, that quantity is compared, and R's search result is recorded beside it rather than imitated.	options
c0325	posthoc_paired__corr_diff_wilcoxest		9.3044828029543041		reported by R only (documented)	R's `wilcox.test` reports a shift estimate found by searching its own test statistic, which differs slightly from the textbook Hodges-Lehmann definition. The plugin computes the definition, that quantity is compared, and R's search result is recorded beside it rather than imitated.	options
c0325	posthoc_paired__mwu_diff_wilcoxest		12.000000776101786		reported by R only (documented)	R's `wilcox.test` reports a shift estimate found by searching its own test statistic, which differs slightly from the textbook Hodges-Lehmann definition. The plugin computes the definition, that quantity is compared, and R's search result is recorded beside it rather than imitated.	options
c0325	posthoc_paired__perfect_diff_wilcoxest		11.273285264682787		reported by R only (documented)	R's `wilcox.test` reports a shift estimate found by searching its own test statistic, which differs slightly from the textbook Hodges-Lehmann definition. The plugin computes the definition, that quantity is compared, and R's search result is recorded beside it rather than imitated.	options
c0325	posthoc_perfect__mwu_diff_wilcoxest		0.5		reported by R only (documented)	R's `wilcox.test` reports a shift estimate found by searching its own test statistic, which differs slightly from the textbook Hodges-Lehmann definition. The plugin computes the definition, that quantity is compared, and R's search result is recorded beside it rather than imitated.	options
c0325	posthoc_welch__corr_diff_wilcoxest		6.4000000000000004		reported by R only (documented)	R's `wilcox.test` reports a shift estimate found by searching its own test statistic, which differs slightly from the textbook Hodges-Lehmann definition. The plugin computes the definition, that quantity is compared, and R's search result is recorded beside it rather than imitated.	options
c0325	posthoc_welch__mwu_diff_wilcoxest		8.9999389039156608		reported by R only (documented)	R's `wilcox.test` reports a shift estimate found by searching its own test statistic, which differs slightly from the textbook Hodges-Lehmann definition. The plugin computes the definition, that quantity is compared, and R's search result is recorded beside it rather than imitated.	options
c0325	posthoc_welch__paired_diff_wilcoxest		-2.999946604735392		reported by R only (documented)	R's `wilcox.test` reports a shift estimate found by searching its own test statistic, which differs slightly from the textbook Hodges-Lehmann definition. The plugin computes the definition, that quantity is compared, and R's search result is recorded beside it rather than imitated.	options
c0325	posthoc_welch__perfect_diff_wilcoxest		8.527042491820394		reported by R only (documented)	R's `wilcox.test` reports a shift estimate found by searching its own test statistic, which differs slightly from the textbook Hodges-Lehmann definition. The plugin computes the definition, that quantity is compared, and R's search result is recorded beside it rather than imitated.	options
c0327	posthoc_corr__mwu_padj_ptt		0.15639701607947798		reported by R only (documented)	Holm and Benjamini-Hochberg correction define no per-pair confidence level, so there is no interval for the plugin or R to print here (see pairwise-interval-scope). In its place R checks itself: the adjusted p-value from its primary per-pair test is compared against a second, independent computation, `stats::pairwise.t.test` with unpooled variances, run down its own code path. R verifying R; the plugin has no counterpart, and none is owed.	options
c0327	posthoc_corr__paired_padj_ptt		5.4209809769951353e-07		reported by R only (documented)	Holm and Benjamini-Hochberg correction define no per-pair confidence level, so there is no interval for the plugin or R to print here (see pairwise-interval-scope). In its place R checks itself: the adjusted p-value from its primary per-pair test is compared against a second, independent computation, `stats::pairwise.t.test` with unpooled variances, run down its own code path. R verifying R; the plugin has no counterpart, and none is owed.	options
c0327	posthoc_corr__perfect_padj_ptt		0.2153786164407207		reported by R only (documented)	Holm and Benjamini-Hochberg correction define no per-pair confidence level, so there is no interval for the plugin or R to print here (see pairwise-interval-scope). In its place R checks itself: the adjusted p-value from its primary per-pair test is compared against a second, independent computation, `stats::pairwise.t.test` with unpooled variances, run down its own code path. R verifying R; the plugin has no counterpart, and none is owed.	options
c0327	posthoc_corr__welch_padj_ptt		0.0011611549023031844		reported by R only (documented)	Holm and Benjamini-Hochberg correction define no per-pair confidence level, so there is no interval for the plugin or R to print here (see pairwise-interval-scope). In its place R checks itself: the adjusted p-value from its primary per-pair test is compared against a second, independent computation, `stats::pairwise.t.test` with unpooled variances, run down its own code path. R verifying R; the plugin has no counterpart, and none is owed.	options
c0327	posthoc_mwu__paired_padj_ptt_undefined		1		reported by R only (documented)	Holm and Benjamini-Hochberg correction define no per-pair confidence level, so there is no interval for the plugin or R to print here (see pairwise-interval-scope). In its place R checks itself: the adjusted p-value from its primary per-pair test is compared against a second, independent computation, `stats::pairwise.t.test` with unpooled variances, run down its own code path. R verifying R; the plugin has no counterpart, and none is owed.	options
c0327	posthoc_mwu__perfect_padj_ptt_undefined		1		reported by R only (documented)	Holm and Benjamini-Hochberg correction define no per-pair confidence level, so there is no interval for the plugin or R to print here (see pairwise-interval-scope). In its place R checks itself: the adjusted p-value from its primary per-pair test is compared against a second, independent computation, `stats::pairwise.t.test` with unpooled variances, run down its own code path. R verifying R; the plugin has no counterpart, and none is owed.	options
c0327	posthoc_mwu__welch_padj_ptt		4.1124187385178549e-05		reported by R only (documented)	Holm and Benjamini-Hochberg correction define no per-pair confidence level, so there is no interval for the plugin or R to print here (see pairwise-interval-scope). In its place R checks itself: the adjusted p-value from its primary per-pair test is compared against a second, independent computation, `stats::pairwise.t.test` with unpooled variances, run down its own code path. R verifying R; the plugin has no counterpart, and none is owed.	options
c0327	posthoc_paired__perfect_padj_ptt_undefined		1		reported by R only (documented)	Holm and Benjamini-Hochberg correction define no per-pair confidence level, so there is no interval for the plugin or R to print here (see pairwise-interval-scope). In its place R checks itself: the adjusted p-value from its primary per-pair test is compared against a second, independent computation, `stats::pairwise.t.test` with unpooled variances, run down its own code path. R verifying R; the plugin has no counterpart, and none is owed.	options
c0327	posthoc_paired__welch_padj_ptt		0.45071962588523301		reported by R only (documented)	Holm and Benjamini-Hochberg correction define no per-pair confidence level, so there is no interval for the plugin or R to print here (see pairwise-interval-scope). In its place R checks itself: the adjusted p-value from its primary per-pair test is compared against a second, independent computation, `stats::pairwise.t.test` with unpooled variances, run down its own code path. R verifying R; the plugin has no counterpart, and none is owed.	options
c0327	posthoc_perfect__welch_padj_ptt		2.0360745160275309e-05		reported by R only (documented)	Holm and Benjamini-Hochberg correction define no per-pair confidence level, so there is no interval for the plugin or R to print here (see pairwise-interval-scope). In its place R checks itself: the adjusted p-value from its primary per-pair test is compared against a second, independent computation, `stats::pairwise.t.test` with unpooled variances, run down its own code path. R verifying R; the plugin has no counterpart, and none is owed.	options
c0328	posthoc_corr__mwu_padj_ptt		0.062558806431791195		reported by R only (documented)	Holm and Benjamini-Hochberg correction define no per-pair confidence level, so there is no interval for the plugin or R to print here (see pairwise-interval-scope). In its place R checks itself: the adjusted p-value from its primary per-pair test is compared against a second, independent computation, `stats::pairwise.t.test` with unpooled variances, run down its own code path. R verifying R; the plugin has no counterpart, and none is owed.	options
c0328	posthoc_corr__paired_padj_ptt		4.8788828792956211e-07		reported by R only (documented)	Holm and Benjamini-Hochberg correction define no per-pair confidence level, so there is no interval for the plugin or R to print here (see pairwise-interval-scope). In its place R checks itself: the adjusted p-value from its primary per-pair test is compared against a second, independent computation, `stats::pairwise.t.test` with unpooled variances, run down its own code path. R verifying R; the plugin has no counterpart, and none is owed.	options
c0328	posthoc_corr__perfect_padj_ptt		0.064613584932216223		reported by R only (documented)	Holm and Benjamini-Hochberg correction define no per-pair confidence level, so there is no interval for the plugin or R to print here (see pairwise-interval-scope). In its place R checks itself: the adjusted p-value from its primary per-pair test is compared against a second, independent computation, `stats::pairwise.t.test` with unpooled variances, run down its own code path. R verifying R; the plugin has no counterpart, and none is owed.	options
c0328	posthoc_corr__welch_padj_ptt		0.00058057745115159219		reported by R only (documented)	Holm and Benjamini-Hochberg correction define no per-pair confidence level, so there is no interval for the plugin or R to print here (see pairwise-interval-scope). In its place R checks itself: the adjusted p-value from its primary per-pair test is compared against a second, independent computation, `stats::pairwise.t.test` with unpooled variances, run down its own code path. R verifying R; the plugin has no counterpart, and none is owed.	options
c0328	posthoc_mwu__paired_padj_ptt_undefined		1		reported by R only (documented)	Holm and Benjamini-Hochberg correction define no per-pair confidence level, so there is no interval for the plugin or R to print here (see pairwise-interval-scope). In its place R checks itself: the adjusted p-value from its primary per-pair test is compared against a second, independent computation, `stats::pairwise.t.test` with unpooled variances, run down its own code path. R verifying R; the plugin has no counterpart, and none is owed.	options
c0328	posthoc_mwu__perfect_padj_ptt_undefined		1		reported by R only (documented)	Holm and Benjamini-Hochberg correction define no per-pair confidence level, so there is no interval for the plugin or R to print here (see pairwise-interval-scope). In its place R checks itself: the adjusted p-value from its primary per-pair test is compared against a second, independent computation, `stats::pairwise.t.test` with unpooled variances, run down its own code path. R verifying R; the plugin has no counterpart, and none is owed.	options
c0328	posthoc_mwu__welch_padj_ptt		2.4674512431107127e-05		reported by R only (documented)	Holm and Benjamini-Hochberg correction define no per-pair confidence level, so there is no interval for the plugin or R to print here (see pairwise-interval-scope). In its place R checks itself: the adjusted p-value from its primary per-pair test is compared against a second, independent computation, `stats::pairwise.t.test` with unpooled variances, run down its own code path. R verifying R; the plugin has no counterpart, and none is owed.	options
c0328	posthoc_paired__perfect_padj_ptt_undefined		1		reported by R only (documented)	Holm and Benjamini-Hochberg correction define no per-pair confidence level, so there is no interval for the plugin or R to print here (see pairwise-interval-scope). In its place R checks itself: the adjusted p-value from its primary per-pair test is compared against a second, independent computation, `stats::pairwise.t.test` with unpooled variances, run down its own code path. R verifying R; the plugin has no counterpart, and none is owed.	options
c0328	posthoc_paired__welch_padj_ptt		0.090143925177046599		reported by R only (documented)	Holm and Benjamini-Hochberg correction define no per-pair confidence level, so there is no interval for the plugin or R to print here (see pairwise-interval-scope). In its place R checks itself: the adjusted p-value from its primary per-pair test is compared against a second, independent computation, `stats::pairwise.t.test` with unpooled variances, run down its own code path. R verifying R; the plugin has no counterpart, and none is owed.	options
c0328	posthoc_perfect__welch_padj_ptt		1.4252521612192716e-05		reported by R only (documented)	Holm and Benjamini-Hochberg correction define no per-pair confidence level, so there is no interval for the plugin or R to print here (see pairwise-interval-scope). In its place R checks itself: the adjusted p-value from its primary per-pair test is compared against a second, independent computation, `stats::pairwise.t.test` with unpooled variances, run down its own code path. R verifying R; the plugin has no counterpart, and none is owed.	options
c0329	posthoc_corr__mwu_padj_ptt		0.022342430868496854		reported by R only (documented)	Holm and Benjamini-Hochberg correction define no per-pair confidence level, so there is no interval for the plugin or R to print here (see pairwise-interval-scope). In its place R checks itself: the adjusted p-value from its primary per-pair test is compared against a second, independent computation, `stats::pairwise.t.test` with unpooled variances, run down its own code path. R verifying R; the plugin has no counterpart, and none is owed.	options
c0329	posthoc_corr__paired_padj_ptt		2.7104904884975676e-07		reported by R only (documented)	Holm and Benjamini-Hochberg correction define no per-pair confidence level, so there is no interval for the plugin or R to print here (see pairwise-interval-scope). In its place R checks itself: the adjusted p-value from its primary per-pair test is compared against a second, independent computation, `stats::pairwise.t.test` with unpooled variances, run down its own code path. R verifying R; the plugin has no counterpart, and none is owed.	options
c0329	posthoc_corr__perfect_padj_ptt		0.026922327055090088		reported by R only (documented)	Holm and Benjamini-Hochberg correction define no per-pair confidence level, so there is no interval for the plugin or R to print here (see pairwise-interval-scope). In its place R checks itself: the adjusted p-value from its primary per-pair test is compared against a second, independent computation, `stats::pairwise.t.test` with unpooled variances, run down its own code path. R verifying R; the plugin has no counterpart, and none is owed.	options
c0329	posthoc_corr__welch_padj_ptt		0.00019352581705053075		reported by R only (documented)	Holm and Benjamini-Hochberg correction define no per-pair confidence level, so there is no interval for the plugin or R to print here (see pairwise-interval-scope). In its place R checks itself: the adjusted p-value from its primary per-pair test is compared against a second, independent computation, `stats::pairwise.t.test` with unpooled variances, run down its own code path. R verifying R; the plugin has no counterpart, and none is owed.	options
c0329	posthoc_mwu__paired_padj_ptt_undefined		1		reported by R only (documented)	Holm and Benjamini-Hochberg correction define no per-pair confidence level, so there is no interval for the plugin or R to print here (see pairwise-interval-scope). In its place R checks itself: the adjusted p-value from its primary per-pair test is compared against a second, independent computation, `stats::pairwise.t.test` with unpooled variances, run down its own code path. R verifying R; the plugin has no counterpart, and none is owed.	options
c0329	posthoc_mwu__perfect_padj_ptt_undefined		1		reported by R only (documented)	Holm and Benjamini-Hochberg correction define no per-pair confidence level, so there is no interval for the plugin or R to print here (see pairwise-interval-scope). In its place R checks itself: the adjusted p-value from its primary per-pair test is compared against a second, independent computation, `stats::pairwise.t.test` with unpooled variances, run down its own code path. R verifying R; the plugin has no counterpart, and none is owed.	options
c0329	posthoc_mwu__welch_padj_ptt		8.2248374770357091e-06		reported by R only (documented)	Holm and Benjamini-Hochberg correction define no per-pair confidence level, so there is no interval for the plugin or R to print here (see pairwise-interval-scope). In its place R checks itself: the adjusted p-value from its primary per-pair test is compared against a second, independent computation, `stats::pairwise.t.test` with unpooled variances, run down its own code path. R verifying R; the plugin has no counterpart, and none is owed.	options
c0329	posthoc_paired__perfect_padj_ptt_undefined		1		reported by R only (documented)	Holm and Benjamini-Hochberg correction define no per-pair confidence level, so there is no interval for the plugin or R to print here (see pairwise-interval-scope). In its place R checks itself: the adjusted p-value from its primary per-pair test is compared against a second, independent computation, `stats::pairwise.t.test` with unpooled variances, run down its own code path. R verifying R; the plugin has no counterpart, and none is owed.	options
c0329	posthoc_paired__welch_padj_ptt		0.050079958431692558		reported by R only (documented)	Holm and Benjamini-Hochberg correction define no per-pair confidence level, so there is no interval for the plugin or R to print here (see pairwise-interval-scope). In its place R checks itself: the adjusted p-value from its primary per-pair test is compared against a second, independent computation, `stats::pairwise.t.test` with unpooled variances, run down its own code path. R verifying R; the plugin has no counterpart, and none is owed.	options
c0329	posthoc_perfect__welch_padj_ptt		5.0901862900688274e-06		reported by R only (documented)	Holm and Benjamini-Hochberg correction define no per-pair confidence level, so there is no interval for the plugin or R to print here (see pairwise-interval-scope). In its place R checks itself: the adjusted p-value from its primary per-pair test is compared against a second, independent computation, `stats::pairwise.t.test` with unpooled variances, run down its own code path. R verifying R; the plugin has no counterpart, and none is owed.	options
c0330	posthoc_corr__mwu_padj_ptt		0.15639701607947798		reported by R only (documented)	Holm and Benjamini-Hochberg correction define no per-pair confidence level, so there is no interval for the plugin or R to print here (see pairwise-interval-scope). In its place R checks itself: the adjusted p-value from its primary per-pair test is compared against a second, independent computation, `stats::pairwise.t.test` with unpooled variances, run down its own code path. R verifying R; the plugin has no counterpart, and none is owed.	options
c0330	posthoc_corr__paired_padj_ptt		5.4209809769951353e-07		reported by R only (documented)	Holm and Benjamini-Hochberg correction define no per-pair confidence level, so there is no interval for the plugin or R to print here (see pairwise-interval-scope). In its place R checks itself: the adjusted p-value from its primary per-pair test is compared against a second, independent computation, `stats::pairwise.t.test` with unpooled variances, run down its own code path. R verifying R; the plugin has no counterpart, and none is owed.	options
c0330	posthoc_corr__perfect_padj_ptt		0.2153786164407207		reported by R only (documented)	Holm and Benjamini-Hochberg correction define no per-pair confidence level, so there is no interval for the plugin or R to print here (see pairwise-interval-scope). In its place R checks itself: the adjusted p-value from its primary per-pair test is compared against a second, independent computation, `stats::pairwise.t.test` with unpooled variances, run down its own code path. R verifying R; the plugin has no counterpart, and none is owed.	options
c0330	posthoc_corr__welch_padj_ptt		0.0011611549023031844		reported by R only (documented)	Holm and Benjamini-Hochberg correction define no per-pair confidence level, so there is no interval for the plugin or R to print here (see pairwise-interval-scope). In its place R checks itself: the adjusted p-value from its primary per-pair test is compared against a second, independent computation, `stats::pairwise.t.test` with unpooled variances, run down its own code path. R verifying R; the plugin has no counterpart, and none is owed.	options
c0330	posthoc_mwu__paired_padj_ptt_undefined		1		reported by R only (documented)	Holm and Benjamini-Hochberg correction define no per-pair confidence level, so there is no interval for the plugin or R to print here (see pairwise-interval-scope). In its place R checks itself: the adjusted p-value from its primary per-pair test is compared against a second, independent computation, `stats::pairwise.t.test` with unpooled variances, run down its own code path. R verifying R; the plugin has no counterpart, and none is owed.	options
c0330	posthoc_mwu__perfect_padj_ptt_undefined		1		reported by R only (documented)	Holm and Benjamini-Hochberg correction define no per-pair confidence level, so there is no interval for the plugin or R to print here (see pairwise-interval-scope). In its place R checks itself: the adjusted p-value from its primary per-pair test is compared against a second, independent computation, `stats::pairwise.t.test` with unpooled variances, run down its own code path. R verifying R; the plugin has no counterpart, and none is owed.	options
c0330	posthoc_mwu__welch_padj_ptt		4.1124187385178549e-05		reported by R only (documented)	Holm and Benjamini-Hochberg correction define no per-pair confidence level, so there is no interval for the plugin or R to print here (see pairwise-interval-scope). In its place R checks itself: the adjusted p-value from its primary per-pair test is compared against a second, independent computation, `stats::pairwise.t.test` with unpooled variances, run down its own code path. R verifying R; the plugin has no counterpart, and none is owed.	options
c0330	posthoc_paired__perfect_padj_ptt_undefined		1		reported by R only (documented)	Holm and Benjamini-Hochberg correction define no per-pair confidence level, so there is no interval for the plugin or R to print here (see pairwise-interval-scope). In its place R checks itself: the adjusted p-value from its primary per-pair test is compared against a second, independent computation, `stats::pairwise.t.test` with unpooled variances, run down its own code path. R verifying R; the plugin has no counterpart, and none is owed.	options
c0330	posthoc_paired__welch_padj_ptt		0.45071962588523301		reported by R only (documented)	Holm and Benjamini-Hochberg correction define no per-pair confidence level, so there is no interval for the plugin or R to print here (see pairwise-interval-scope). In its place R checks itself: the adjusted p-value from its primary per-pair test is compared against a second, independent computation, `stats::pairwise.t.test` with unpooled variances, run down its own code path. R verifying R; the plugin has no counterpart, and none is owed.	options
c0330	posthoc_perfect__welch_padj_ptt		2.0360745160275309e-05		reported by R only (documented)	Holm and Benjamini-Hochberg correction define no per-pair confidence level, so there is no interval for the plugin or R to print here (see pairwise-interval-scope). In its place R checks itself: the adjusted p-value from its primary per-pair test is compared against a second, independent computation, `stats::pairwise.t.test` with unpooled variances, run down its own code path. R verifying R; the plugin has no counterpart, and none is owed.	options
c0331	posthoc_corr__mwu_padj_ptt		0.062558806431791195		reported by R only (documented)	Holm and Benjamini-Hochberg correction define no per-pair confidence level, so there is no interval for the plugin or R to print here (see pairwise-interval-scope). In its place R checks itself: the adjusted p-value from its primary per-pair test is compared against a second, independent computation, `stats::pairwise.t.test` with unpooled variances, run down its own code path. R verifying R; the plugin has no counterpart, and none is owed.	options
c0331	posthoc_corr__paired_padj_ptt		4.8788828792956211e-07		reported by R only (documented)	Holm and Benjamini-Hochberg correction define no per-pair confidence level, so there is no interval for the plugin or R to print here (see pairwise-interval-scope). In its place R checks itself: the adjusted p-value from its primary per-pair test is compared against a second, independent computation, `stats::pairwise.t.test` with unpooled variances, run down its own code path. R verifying R; the plugin has no counterpart, and none is owed.	options
c0331	posthoc_corr__perfect_padj_ptt		0.064613584932216223		reported by R only (documented)	Holm and Benjamini-Hochberg correction define no per-pair confidence level, so there is no interval for the plugin or R to print here (see pairwise-interval-scope). In its place R checks itself: the adjusted p-value from its primary per-pair test is compared against a second, independent computation, `stats::pairwise.t.test` with unpooled variances, run down its own code path. R verifying R; the plugin has no counterpart, and none is owed.	options
c0331	posthoc_corr__welch_padj_ptt		0.00058057745115159219		reported by R only (documented)	Holm and Benjamini-Hochberg correction define no per-pair confidence level, so there is no interval for the plugin or R to print here (see pairwise-interval-scope). In its place R checks itself: the adjusted p-value from its primary per-pair test is compared against a second, independent computation, `stats::pairwise.t.test` with unpooled variances, run down its own code path. R verifying R; the plugin has no counterpart, and none is owed.	options
c0331	posthoc_mwu__paired_padj_ptt_undefined		1		reported by R only (documented)	Holm and Benjamini-Hochberg correction define no per-pair confidence level, so there is no interval for the plugin or R to print here (see pairwise-interval-scope). In its place R checks itself: the adjusted p-value from its primary per-pair test is compared against a second, independent computation, `stats::pairwise.t.test` with unpooled variances, run down its own code path. R verifying R; the plugin has no counterpart, and none is owed.	options
c0331	posthoc_mwu__perfect_padj_ptt_undefined		1		reported by R only (documented)	Holm and Benjamini-Hochberg correction define no per-pair confidence level, so there is no interval for the plugin or R to print here (see pairwise-interval-scope). In its place R checks itself: the adjusted p-value from its primary per-pair test is compared against a second, independent computation, `stats::pairwise.t.test` with unpooled variances, run down its own code path. R verifying R; the plugin has no counterpart, and none is owed.	options
c0331	posthoc_mwu__welch_padj_ptt		2.4674512431107127e-05		reported by R only (documented)	Holm and Benjamini-Hochberg correction define no per-pair confidence level, so there is no interval for the plugin or R to print here (see pairwise-interval-scope). In its place R checks itself: the adjusted p-value from its primary per-pair test is compared against a second, independent computation, `stats::pairwise.t.test` with unpooled variances, run down its own code path. R verifying R; the plugin has no counterpart, and none is owed.	options
c0331	posthoc_paired__perfect_padj_ptt_undefined		1		reported by R only (documented)	Holm and Benjamini-Hochberg correction define no per-pair confidence level, so there is no interval for the plugin or R to print here (see pairwise-interval-scope). In its place R checks itself: the adjusted p-value from its primary per-pair test is compared against a second, independent computation, `stats::pairwise.t.test` with unpooled variances, run down its own code path. R verifying R; the plugin has no counterpart, and none is owed.	options
c0331	posthoc_paired__welch_padj_ptt		0.090143925177046599		reported by R only (documented)	Holm and Benjamini-Hochberg correction define no per-pair confidence level, so there is no interval for the plugin or R to print here (see pairwise-interval-scope). In its place R checks itself: the adjusted p-value from its primary per-pair test is compared against a second, independent computation, `stats::pairwise.t.test` with unpooled variances, run down its own code path. R verifying R; the plugin has no counterpart, and none is owed.	options
c0331	posthoc_perfect__welch_padj_ptt		1.4252521612192716e-05		reported by R only (documented)	Holm and Benjamini-Hochberg correction define no per-pair confidence level, so there is no interval for the plugin or R to print here (see pairwise-interval-scope). In its place R checks itself: the adjusted p-value from its primary per-pair test is compared against a second, independent computation, `stats::pairwise.t.test` with unpooled variances, run down its own code path. R verifying R; the plugin has no counterpart, and none is owed.	options
c0332	posthoc_corr__mwu_padj_ptt		0.022342430868496854		reported by R only (documented)	Holm and Benjamini-Hochberg correction define no per-pair confidence level, so there is no interval for the plugin or R to print here (see pairwise-interval-scope). In its place R checks itself: the adjusted p-value from its primary per-pair test is compared against a second, independent computation, `stats::pairwise.t.test` with unpooled variances, run down its own code path. R verifying R; the plugin has no counterpart, and none is owed.	options
c0332	posthoc_corr__paired_padj_ptt		2.7104904884975676e-07		reported by R only (documented)	Holm and Benjamini-Hochberg correction define no per-pair confidence level, so there is no interval for the plugin or R to print here (see pairwise-interval-scope). In its place R checks itself: the adjusted p-value from its primary per-pair test is compared against a second, independent computation, `stats::pairwise.t.test` with unpooled variances, run down its own code path. R verifying R; the plugin has no counterpart, and none is owed.	options
c0332	posthoc_corr__perfect_padj_ptt		0.026922327055090088		reported by R only (documented)	Holm and Benjamini-Hochberg correction define no per-pair confidence level, so there is no interval for the plugin or R to print here (see pairwise-interval-scope). In its place R checks itself: the adjusted p-value from its primary per-pair test is compared against a second, independent computation, `stats::pairwise.t.test` with unpooled variances, run down its own code path. R verifying R; the plugin has no counterpart, and none is owed.	options
c0332	posthoc_corr__welch_padj_ptt		0.00019352581705053075		reported by R only (documented)	Holm and Benjamini-Hochberg correction define no per-pair confidence level, so there is no interval for the plugin or R to print here (see pairwise-interval-scope). In its place R checks itself: the adjusted p-value from its primary per-pair test is compared against a second, independent computation, `stats::pairwise.t.test` with unpooled variances, run down its own code path. R verifying R; the plugin has no counterpart, and none is owed.	options
c0332	posthoc_mwu__paired_padj_ptt_undefined		1		reported by R only (documented)	Holm and Benjamini-Hochberg correction define no per-pair confidence level, so there is no interval for the plugin or R to print here (see pairwise-interval-scope). In its place R checks itself: the adjusted p-value from its primary per-pair test is compared against a second, independent computation, `stats::pairwise.t.test` with unpooled variances, run down its own code path. R verifying R; the plugin has no counterpart, and none is owed.	options
c0332	posthoc_mwu__perfect_padj_ptt_undefined		1		reported by R only (documented)	Holm and Benjamini-Hochberg correction define no per-pair confidence level, so there is no interval for the plugin or R to print here (see pairwise-interval-scope). In its place R checks itself: the adjusted p-value from its primary per-pair test is compared against a second, independent computation, `stats::pairwise.t.test` with unpooled variances, run down its own code path. R verifying R; the plugin has no counterpart, and none is owed.	options
c0332	posthoc_mwu__welch_padj_ptt		8.2248374770357091e-06		reported by R only (documented)	Holm and Benjamini-Hochberg correction define no per-pair confidence level, so there is no interval for the plugin or R to print here (see pairwise-interval-scope). In its place R checks itself: the adjusted p-value from its primary per-pair test is compared against a second, independent computation, `stats::pairwise.t.test` with unpooled variances, run down its own code path. R verifying R; the plugin has no counterpart, and none is owed.	options
c0332	posthoc_paired__perfect_padj_ptt_undefined		1		reported by R only (documented)	Holm and Benjamini-Hochberg correction define no per-pair confidence level, so there is no interval for the plugin or R to print here (see pairwise-interval-scope). In its place R checks itself: the adjusted p-value from its primary per-pair test is compared against a second, independent computation, `stats::pairwise.t.test` with unpooled variances, run down its own code path. R verifying R; the plugin has no counterpart, and none is owed.	options
c0332	posthoc_paired__welch_padj_ptt		0.050079958431692558		reported by R only (documented)	Holm and Benjamini-Hochberg correction define no per-pair confidence level, so there is no interval for the plugin or R to print here (see pairwise-interval-scope). In its place R checks itself: the adjusted p-value from its primary per-pair test is compared against a second, independent computation, `stats::pairwise.t.test` with unpooled variances, run down its own code path. R verifying R; the plugin has no counterpart, and none is owed.	options
c0332	posthoc_perfect__welch_padj_ptt		5.0901862900688274e-06		reported by R only (documented)	Holm and Benjamini-Hochberg correction define no per-pair confidence level, so there is no interval for the plugin or R to print here (see pairwise-interval-scope). In its place R checks itself: the adjusted p-value from its primary per-pair test is compared against a second, independent computation, `stats::pairwise.t.test` with unpooled variances, run down its own code path. R verifying R; the plugin has no counterpart, and none is owed.	options
c0333	posthoc_corr__mwu_diff_wilcoxest		2.5365342170093239		reported by R only (documented)	R's `wilcox.test` reports a shift estimate found by searching its own test statistic, which differs slightly from the textbook Hodges-Lehmann definition. The plugin computes the definition, that quantity is compared, and R's search result is recorded beside it rather than imitated.	options
c0333	posthoc_corr__paired_diff_wilcoxest		-9.2570166579641029		reported by R only (documented)	R's `wilcox.test` reports a shift estimate found by searching its own test statistic, which differs slightly from the textbook Hodges-Lehmann definition. The plugin computes the definition, that quantity is compared, and R's search result is recorded beside it rather than imitated.	options
c0333	posthoc_corr__perfect_diff_wilcoxest		2.0000265013684415		reported by R only (documented)	R's `wilcox.test` reports a shift estimate found by searching its own test statistic, which differs slightly from the textbook Hodges-Lehmann definition. The plugin computes the definition, that quantity is compared, and R's search result is recorded beside it rather than imitated.	options
c0333	posthoc_corr__welch_diff_wilcoxest		-6.4000000000000004		reported by R only (documented)	R's `wilcox.test` reports a shift estimate found by searching its own test statistic, which differs slightly from the textbook Hodges-Lehmann definition. The plugin computes the definition, that quantity is compared, and R's search result is recorded beside it rather than imitated.	options
c0333	posthoc_mwu__paired_diff_wilcoxest		-11.999980062435464		reported by R only (documented)	R's `wilcox.test` reports a shift estimate found by searching its own test statistic, which differs slightly from the textbook Hodges-Lehmann definition. The plugin computes the definition, that quantity is compared, and R's search result is recorded beside it rather than imitated.	options
c0333	posthoc_mwu__perfect_diff_wilcoxest		-0.5		reported by R only (documented)	R's `wilcox.test` reports a shift estimate found by searching its own test statistic, which differs slightly from the textbook Hodges-Lehmann definition. The plugin computes the definition, that quantity is compared, and R's search result is recorded beside it rather than imitated.	options
c0333	posthoc_mwu__welch_diff_wilcoxest		-8.9999344749698924		reported by R only (documented)	R's `wilcox.test` reports a shift estimate found by searching its own test statistic, which differs slightly from the textbook Hodges-Lehmann definition. The plugin computes the definition, that quantity is compared, and R's search result is recorded beside it rather than imitated.	options
c0333	posthoc_paired__perfect_diff_wilcoxest		11.273285264682787		reported by R only (documented)	R's `wilcox.test` reports a shift estimate found by searching its own test statistic, which differs slightly from the textbook Hodges-Lehmann definition. The plugin computes the definition, that quantity is compared, and R's search result is recorded beside it rather than imitated.	options
c0333	posthoc_paired__welch_diff_wilcoxest		2.9999362481375975		reported by R only (documented)	R's `wilcox.test` reports a shift estimate found by searching its own test statistic, which differs slightly from the textbook Hodges-Lehmann definition. The plugin computes the definition, that quantity is compared, and R's search result is recorded beside it rather than imitated.	options
c0333	posthoc_perfect__welch_diff_wilcoxest		-8.2714824003658798		reported by R only (documented)	R's `wilcox.test` reports a shift estimate found by searching its own test statistic, which differs slightly from the textbook Hodges-Lehmann definition. The plugin computes the definition, that quantity is compared, and R's search result is recorded beside it rather than imitated.	options
c0334	posthoc_corr__mwu_diff_wilcoxest		2.5365342170093239		reported by R only (documented)	R's `wilcox.test` reports a shift estimate found by searching its own test statistic, which differs slightly from the textbook Hodges-Lehmann definition. The plugin computes the definition, that quantity is compared, and R's search result is recorded beside it rather than imitated.	options
c0334	posthoc_corr__paired_diff_wilcoxest		-9.2570166579641029		reported by R only (documented)	R's `wilcox.test` reports a shift estimate found by searching its own test statistic, which differs slightly from the textbook Hodges-Lehmann definition. The plugin computes the definition, that quantity is compared, and R's search result is recorded beside it rather than imitated.	options
c0334	posthoc_corr__perfect_diff_wilcoxest		2.0000265013684415		reported by R only (documented)	R's `wilcox.test` reports a shift estimate found by searching its own test statistic, which differs slightly from the textbook Hodges-Lehmann definition. The plugin computes the definition, that quantity is compared, and R's search result is recorded beside it rather than imitated.	options
c0334	posthoc_corr__welch_diff_wilcoxest		-6.4000000000000004		reported by R only (documented)	R's `wilcox.test` reports a shift estimate found by searching its own test statistic, which differs slightly from the textbook Hodges-Lehmann definition. The plugin computes the definition, that quantity is compared, and R's search result is recorded beside it rather than imitated.	options
c0334	posthoc_mwu__paired_diff_wilcoxest		-11.999980062435464		reported by R only (documented)	R's `wilcox.test` reports a shift estimate found by searching its own test statistic, which differs slightly from the textbook Hodges-Lehmann definition. The plugin computes the definition, that quantity is compared, and R's search result is recorded beside it rather than imitated.	options
c0334	posthoc_mwu__perfect_diff_wilcoxest		-0.5		reported by R only (documented)	R's `wilcox.test` reports a shift estimate found by searching its own test statistic, which differs slightly from the textbook Hodges-Lehmann definition. The plugin computes the definition, that quantity is compared, and R's search result is recorded beside it rather than imitated.	options
c0334	posthoc_mwu__welch_diff_wilcoxest		-8.9999344749698924		reported by R only (documented)	R's `wilcox.test` reports a shift estimate found by searching its own test statistic, which differs slightly from the textbook Hodges-Lehmann definition. The plugin computes the definition, that quantity is compared, and R's search result is recorded beside it rather than imitated.	options
c0334	posthoc_paired__perfect_diff_wilcoxest		11.273285264682787		reported by R only (documented)	R's `wilcox.test` reports a shift estimate found by searching its own test statistic, which differs slightly from the textbook Hodges-Lehmann definition. The plugin computes the definition, that quantity is compared, and R's search result is recorded beside it rather than imitated.	options
c0334	posthoc_paired__welch_diff_wilcoxest		2.9999362481375975		reported by R only (documented)	R's `wilcox.test` reports a shift estimate found by searching its own test statistic, which differs slightly from the textbook Hodges-Lehmann definition. The plugin computes the definition, that quantity is compared, and R's search result is recorded beside it rather than imitated.	options
c0334	posthoc_perfect__welch_diff_wilcoxest		-8.2714824003658798		reported by R only (documented)	R's `wilcox.test` reports a shift estimate found by searching its own test statistic, which differs slightly from the textbook Hodges-Lehmann definition. The plugin computes the definition, that quantity is compared, and R's search result is recorded beside it rather than imitated.	options
c0335	posthoc_corr__mwu_diff_wilcoxest		2.5365342170093239		reported by R only (documented)	R's `wilcox.test` reports a shift estimate found by searching its own test statistic, which differs slightly from the textbook Hodges-Lehmann definition. The plugin computes the definition, that quantity is compared, and R's search result is recorded beside it rather than imitated.	options
c0335	posthoc_corr__paired_diff_wilcoxest		-9.2570166579641029		reported by R only (documented)	R's `wilcox.test` reports a shift estimate found by searching its own test statistic, which differs slightly from the textbook Hodges-Lehmann definition. The plugin computes the definition, that quantity is compared, and R's search result is recorded beside it rather than imitated.	options
c0335	posthoc_corr__perfect_diff_wilcoxest		2.0000265013684415		reported by R only (documented)	R's `wilcox.test` reports a shift estimate found by searching its own test statistic, which differs slightly from the textbook Hodges-Lehmann definition. The plugin computes the definition, that quantity is compared, and R's search result is recorded beside it rather than imitated.	options
c0335	posthoc_corr__welch_diff_wilcoxest		-6.4000000000000004		reported by R only (documented)	R's `wilcox.test` reports a shift estimate found by searching its own test statistic, which differs slightly from the textbook Hodges-Lehmann definition. The plugin computes the definition, that quantity is compared, and R's search result is recorded beside it rather than imitated.	options
c0335	posthoc_mwu__paired_diff_wilcoxest		-11.999980062435464		reported by R only (documented)	R's `wilcox.test` reports a shift estimate found by searching its own test statistic, which differs slightly from the textbook Hodges-Lehmann definition. The plugin computes the definition, that quantity is compared, and R's search result is recorded beside it rather than imitated.	options
c0335	posthoc_mwu__perfect_diff_wilcoxest		-0.5		reported by R only (documented)	R's `wilcox.test` reports a shift estimate found by searching its own test statistic, which differs slightly from the textbook Hodges-Lehmann definition. The plugin computes the definition, that quantity is compared, and R's search result is recorded beside it rather than imitated.	options
c0335	posthoc_mwu__welch_diff_wilcoxest		-8.9999344749698924		reported by R only (documented)	R's `wilcox.test` reports a shift estimate found by searching its own test statistic, which differs slightly from the textbook Hodges-Lehmann definition. The plugin computes the definition, that quantity is compared, and R's search result is recorded beside it rather than imitated.	options
c0335	posthoc_paired__perfect_diff_wilcoxest		11.273285264682787		reported by R only (documented)	R's `wilcox.test` reports a shift estimate found by searching its own test statistic, which differs slightly from the textbook Hodges-Lehmann definition. The plugin computes the definition, that quantity is compared, and R's search result is recorded beside it rather than imitated.	options
c0335	posthoc_paired__welch_diff_wilcoxest		2.9999362481375975		reported by R only (documented)	R's `wilcox.test` reports a shift estimate found by searching its own test statistic, which differs slightly from the textbook Hodges-Lehmann definition. The plugin computes the definition, that quantity is compared, and R's search result is recorded beside it rather than imitated.	options
c0335	posthoc_perfect__welch_diff_wilcoxest		-8.2714824003658798		reported by R only (documented)	R's `wilcox.test` reports a shift estimate found by searching its own test statistic, which differs slightly from the textbook Hodges-Lehmann definition. The plugin computes the definition, that quantity is compared, and R's search result is recorded beside it rather than imitated.	options
c0337	posthoc_a__b_padj_ptt		1		reported by R only (documented)	Holm and Benjamini-Hochberg correction define no per-pair confidence level, so there is no interval for the plugin or R to print here (see pairwise-interval-scope). In its place R checks itself: the adjusted p-value from its primary per-pair test is compared against a second, independent computation, `stats::pairwise.t.test` with unpooled variances, run down its own code path. R verifying R; the plugin has no counterpart, and none is owed.	options
c0337	posthoc_a__x_padj_ptt		0.00035494169203522779		reported by R only (documented)	Holm and Benjamini-Hochberg correction define no per-pair confidence level, so there is no interval for the plugin or R to print here (see pairwise-interval-scope). In its place R checks itself: the adjusted p-value from its primary per-pair test is compared against a second, independent computation, `stats::pairwise.t.test` with unpooled variances, run down its own code path. R verifying R; the plugin has no counterpart, and none is owed.	options
c0337	posthoc_a__y_padj_ptt		0.024731008442064453		reported by R only (documented)	Holm and Benjamini-Hochberg correction define no per-pair confidence level, so there is no interval for the plugin or R to print here (see pairwise-interval-scope). In its place R checks itself: the adjusted p-value from its primary per-pair test is compared against a second, independent computation, `stats::pairwise.t.test` with unpooled variances, run down its own code path. R verifying R; the plugin has no counterpart, and none is owed.	options
c0337	posthoc_b__x_padj_ptt_undefined		1		reported by R only (documented)	Holm and Benjamini-Hochberg correction define no per-pair confidence level, so there is no interval for the plugin or R to print here (see pairwise-interval-scope). In its place R checks itself: the adjusted p-value from its primary per-pair test is compared against a second, independent computation, `stats::pairwise.t.test` with unpooled variances, run down its own code path. R verifying R; the plugin has no counterpart, and none is owed.	options
c0337	posthoc_b__y_padj_ptt		0.0025007506975702701		reported by R only (documented)	Holm and Benjamini-Hochberg correction define no per-pair confidence level, so there is no interval for the plugin or R to print here (see pairwise-interval-scope). In its place R checks itself: the adjusted p-value from its primary per-pair test is compared against a second, independent computation, `stats::pairwise.t.test` with unpooled variances, run down its own code path. R verifying R; the plugin has no counterpart, and none is owed.	options
c0337	posthoc_x__y_padj_ptt		0.86991158952718073		reported by R only (documented)	Holm and Benjamini-Hochberg correction define no per-pair confidence level, so there is no interval for the plugin or R to print here (see pairwise-interval-scope). In its place R checks itself: the adjusted p-value from its primary per-pair test is compared against a second, independent computation, `stats::pairwise.t.test` with unpooled variances, run down its own code path. R verifying R; the plugin has no counterpart, and none is owed.	options
c0338	posthoc_a__b_padj_ptt		0.28997052984239358		reported by R only (documented)	Holm and Benjamini-Hochberg correction define no per-pair confidence level, so there is no interval for the plugin or R to print here (see pairwise-interval-scope). In its place R checks itself: the adjusted p-value from its primary per-pair test is compared against a second, independent computation, `stats::pairwise.t.test` with unpooled variances, run down its own code path. R verifying R; the plugin has no counterpart, and none is owed.	options
c0338	posthoc_a__x_padj_ptt		0.00029578474336268982		reported by R only (documented)	Holm and Benjamini-Hochberg correction define no per-pair confidence level, so there is no interval for the plugin or R to print here (see pairwise-interval-scope). In its place R checks itself: the adjusted p-value from its primary per-pair test is compared against a second, independent computation, `stats::pairwise.t.test` with unpooled variances, run down its own code path. R verifying R; the plugin has no counterpart, and none is owed.	options
c0338	posthoc_a__y_padj_ptt		0.012365504221032227		reported by R only (documented)	Holm and Benjamini-Hochberg correction define no per-pair confidence level, so there is no interval for the plugin or R to print here (see pairwise-interval-scope). In its place R checks itself: the adjusted p-value from its primary per-pair test is compared against a second, independent computation, `stats::pairwise.t.test` with unpooled variances, run down its own code path. R verifying R; the plugin has no counterpart, and none is owed.	options
c0338	posthoc_b__x_padj_ptt_undefined		1		reported by R only (documented)	Holm and Benjamini-Hochberg correction define no per-pair confidence level, so there is no interval for the plugin or R to print here (see pairwise-interval-scope). In its place R checks itself: the adjusted p-value from its primary per-pair test is compared against a second, independent computation, `stats::pairwise.t.test` with unpooled variances, run down its own code path. R verifying R; the plugin has no counterpart, and none is owed.	options
c0338	posthoc_b__y_padj_ptt		0.0016671671317135136		reported by R only (documented)	Holm and Benjamini-Hochberg correction define no per-pair confidence level, so there is no interval for the plugin or R to print here (see pairwise-interval-scope). In its place R checks itself: the adjusted p-value from its primary per-pair test is compared against a second, independent computation, `stats::pairwise.t.test` with unpooled variances, run down its own code path. R verifying R; the plugin has no counterpart, and none is owed.	options
c0338	posthoc_x__y_padj_ptt		0.28997052984239358		reported by R only (documented)	Holm and Benjamini-Hochberg correction define no per-pair confidence level, so there is no interval for the plugin or R to print here (see pairwise-interval-scope). In its place R checks itself: the adjusted p-value from its primary per-pair test is compared against a second, independent computation, `stats::pairwise.t.test` with unpooled variances, run down its own code path. R verifying R; the plugin has no counterpart, and none is owed.	options
c0339	posthoc_a__b_padj_ptt		0.18244486466411425		reported by R only (documented)	Holm and Benjamini-Hochberg correction define no per-pair confidence level, so there is no interval for the plugin or R to print here (see pairwise-interval-scope). In its place R checks itself: the adjusted p-value from its primary per-pair test is compared against a second, independent computation, `stats::pairwise.t.test` with unpooled variances, run down its own code path. R verifying R; the plugin has no counterpart, and none is owed.	options
c0339	posthoc_a__x_padj_ptt		0.0001774708460176139		reported by R only (documented)	Holm and Benjamini-Hochberg correction define no per-pair confidence level, so there is no interval for the plugin or R to print here (see pairwise-interval-scope). In its place R checks itself: the adjusted p-value from its primary per-pair test is compared against a second, independent computation, `stats::pairwise.t.test` with unpooled variances, run down its own code path. R verifying R; the plugin has no counterpart, and none is owed.	options
c0339	posthoc_a__y_padj_ptt		0.0061827521105161133		reported by R only (documented)	Holm and Benjamini-Hochberg correction define no per-pair confidence level, so there is no interval for the plugin or R to print here (see pairwise-interval-scope). In its place R checks itself: the adjusted p-value from its primary per-pair test is compared against a second, independent computation, `stats::pairwise.t.test` with unpooled variances, run down its own code path. R verifying R; the plugin has no counterpart, and none is owed.	options
c0339	posthoc_b__x_padj_ptt_undefined		1		reported by R only (documented)	Holm and Benjamini-Hochberg correction define no per-pair confidence level, so there is no interval for the plugin or R to print here (see pairwise-interval-scope). In its place R checks itself: the adjusted p-value from its primary per-pair test is compared against a second, independent computation, `stats::pairwise.t.test` with unpooled variances, run down its own code path. R verifying R; the plugin has no counterpart, and none is owed.	options
c0339	posthoc_b__y_padj_ptt		0.00083358356585675679		reported by R only (documented)	Holm and Benjamini-Hochberg correction define no per-pair confidence level, so there is no interval for the plugin or R to print here (see pairwise-interval-scope). In its place R checks itself: the adjusted p-value from its primary per-pair test is compared against a second, independent computation, `stats::pairwise.t.test` with unpooled variances, run down its own code path. R verifying R; the plugin has no counterpart, and none is owed.	options
c0339	posthoc_x__y_padj_ptt		0.17398231790543614		reported by R only (documented)	Holm and Benjamini-Hochberg correction define no per-pair confidence level, so there is no interval for the plugin or R to print here (see pairwise-interval-scope). In its place R checks itself: the adjusted p-value from its primary per-pair test is compared against a second, independent computation, `stats::pairwise.t.test` with unpooled variances, run down its own code path. R verifying R; the plugin has no counterpart, and none is owed.	options
c0340	posthoc_a__b_padj_ptt		1		reported by R only (documented)	Holm and Benjamini-Hochberg correction define no per-pair confidence level, so there is no interval for the plugin or R to print here (see pairwise-interval-scope). In its place R checks itself: the adjusted p-value from its primary per-pair test is compared against a second, independent computation, `stats::pairwise.t.test` with unpooled variances, run down its own code path. R verifying R; the plugin has no counterpart, and none is owed.	options
c0340	posthoc_a__x_padj_ptt		0.00035494169203522779		reported by R only (documented)	Holm and Benjamini-Hochberg correction define no per-pair confidence level, so there is no interval for the plugin or R to print here (see pairwise-interval-scope). In its place R checks itself: the adjusted p-value from its primary per-pair test is compared against a second, independent computation, `stats::pairwise.t.test` with unpooled variances, run down its own code path. R verifying R; the plugin has no counterpart, and none is owed.	options
c0340	posthoc_a__y_padj_ptt		0.024731008442064453		reported by R only (documented)	Holm and Benjamini-Hochberg correction define no per-pair confidence level, so there is no interval for the plugin or R to print here (see pairwise-interval-scope). In its place R checks itself: the adjusted p-value from its primary per-pair test is compared against a second, independent computation, `stats::pairwise.t.test` with unpooled variances, run down its own code path. R verifying R; the plugin has no counterpart, and none is owed.	options
c0340	posthoc_b__x_padj_ptt_undefined		1		reported by R only (documented)	Holm and Benjamini-Hochberg correction define no per-pair confidence level, so there is no interval for the plugin or R to print here (see pairwise-interval-scope). In its place R checks itself: the adjusted p-value from its primary per-pair test is compared against a second, independent computation, `stats::pairwise.t.test` with unpooled variances, run down its own code path. R verifying R; the plugin has no counterpart, and none is owed.	options
c0340	posthoc_b__y_padj_ptt		0.0025007506975702701		reported by R only (documented)	Holm and Benjamini-Hochberg correction define no per-pair confidence level, so there is no interval for the plugin or R to print here (see pairwise-interval-scope). In its place R checks itself: the adjusted p-value from its primary per-pair test is compared against a second, independent computation, `stats::pairwise.t.test` with unpooled variances, run down its own code path. R verifying R; the plugin has no counterpart, and none is owed.	options
c0340	posthoc_x__y_padj_ptt		0.86991158952718073		reported by R only (documented)	Holm and Benjamini-Hochberg correction define no per-pair confidence level, so there is no interval for the plugin or R to print here (see pairwise-interval-scope). In its place R checks itself: the adjusted p-value from its primary per-pair test is compared against a second, independent computation, `stats::pairwise.t.test` with unpooled variances, run down its own code path. R verifying R; the plugin has no counterpart, and none is owed.	options
c0341	posthoc_a__b_padj_ptt		0.28997052984239358		reported by R only (documented)	Holm and Benjamini-Hochberg correction define no per-pair confidence level, so there is no interval for the plugin or R to print here (see pairwise-interval-scope). In its place R checks itself: the adjusted p-value from its primary per-pair test is compared against a second, independent computation, `stats::pairwise.t.test` with unpooled variances, run down its own code path. R verifying R; the plugin has no counterpart, and none is owed.	options
c0341	posthoc_a__x_padj_ptt		0.00029578474336268982		reported by R only (documented)	Holm and Benjamini-Hochberg correction define no per-pair confidence level, so there is no interval for the plugin or R to print here (see pairwise-interval-scope). In its place R checks itself: the adjusted p-value from its primary per-pair test is compared against a second, independent computation, `stats::pairwise.t.test` with unpooled variances, run down its own code path. R verifying R; the plugin has no counterpart, and none is owed.	options
c0341	posthoc_a__y_padj_ptt		0.012365504221032227		reported by R only (documented)	Holm and Benjamini-Hochberg correction define no per-pair confidence level, so there is no interval for the plugin or R to print here (see pairwise-interval-scope). In its place R checks itself: the adjusted p-value from its primary per-pair test is compared against a second, independent computation, `stats::pairwise.t.test` with unpooled variances, run down its own code path. R verifying R; the plugin has no counterpart, and none is owed.	options
c0341	posthoc_b__x_padj_ptt_undefined		1		reported by R only (documented)	Holm and Benjamini-Hochberg correction define no per-pair confidence level, so there is no interval for the plugin or R to print here (see pairwise-interval-scope). In its place R checks itself: the adjusted p-value from its primary per-pair test is compared against a second, independent computation, `stats::pairwise.t.test` with unpooled variances, run down its own code path. R verifying R; the plugin has no counterpart, and none is owed.	options
c0341	posthoc_b__y_padj_ptt		0.0016671671317135136		reported by R only (documented)	Holm and Benjamini-Hochberg correction define no per-pair confidence level, so there is no interval for the plugin or R to print here (see pairwise-interval-scope). In its place R checks itself: the adjusted p-value from its primary per-pair test is compared against a second, independent computation, `stats::pairwise.t.test` with unpooled variances, run down its own code path. R verifying R; the plugin has no counterpart, and none is owed.	options
c0341	posthoc_x__y_padj_ptt		0.28997052984239358		reported by R only (documented)	Holm and Benjamini-Hochberg correction define no per-pair confidence level, so there is no interval for the plugin or R to print here (see pairwise-interval-scope). In its place R checks itself: the adjusted p-value from its primary per-pair test is compared against a second, independent computation, `stats::pairwise.t.test` with unpooled variances, run down its own code path. R verifying R; the plugin has no counterpart, and none is owed.	options
c0342	posthoc_a__b_padj_ptt		0.18244486466411425		reported by R only (documented)	Holm and Benjamini-Hochberg correction define no per-pair confidence level, so there is no interval for the plugin or R to print here (see pairwise-interval-scope). In its place R checks itself: the adjusted p-value from its primary per-pair test is compared against a second, independent computation, `stats::pairwise.t.test` with unpooled variances, run down its own code path. R verifying R; the plugin has no counterpart, and none is owed.	options
c0342	posthoc_a__x_padj_ptt		0.0001774708460176139		reported by R only (documented)	Holm and Benjamini-Hochberg correction define no per-pair confidence level, so there is no interval for the plugin or R to print here (see pairwise-interval-scope). In its place R checks itself: the adjusted p-value from its primary per-pair test is compared against a second, independent computation, `stats::pairwise.t.test` with unpooled variances, run down its own code path. R verifying R; the plugin has no counterpart, and none is owed.	options
c0342	posthoc_a__y_padj_ptt		0.0061827521105161133		reported by R only (documented)	Holm and Benjamini-Hochberg correction define no per-pair confidence level, so there is no interval for the plugin or R to print here (see pairwise-interval-scope). In its place R checks itself: the adjusted p-value from its primary per-pair test is compared against a second, independent computation, `stats::pairwise.t.test` with unpooled variances, run down its own code path. R verifying R; the plugin has no counterpart, and none is owed.	options
c0342	posthoc_b__x_padj_ptt_undefined		1		reported by R only (documented)	Holm and Benjamini-Hochberg correction define no per-pair confidence level, so there is no interval for the plugin or R to print here (see pairwise-interval-scope). In its place R checks itself: the adjusted p-value from its primary per-pair test is compared against a second, independent computation, `stats::pairwise.t.test` with unpooled variances, run down its own code path. R verifying R; the plugin has no counterpart, and none is owed.	options
c0342	posthoc_b__y_padj_ptt		0.00083358356585675679		reported by R only (documented)	Holm and Benjamini-Hochberg correction define no per-pair confidence level, so there is no interval for the plugin or R to print here (see pairwise-interval-scope). In its place R checks itself: the adjusted p-value from its primary per-pair test is compared against a second, independent computation, `stats::pairwise.t.test` with unpooled variances, run down its own code path. R verifying R; the plugin has no counterpart, and none is owed.	options
c0342	posthoc_x__y_padj_ptt		0.17398231790543614		reported by R only (documented)	Holm and Benjamini-Hochberg correction define no per-pair confidence level, so there is no interval for the plugin or R to print here (see pairwise-interval-scope). In its place R checks itself: the adjusted p-value from its primary per-pair test is compared against a second, independent computation, `stats::pairwise.t.test` with unpooled variances, run down its own code path. R verifying R; the plugin has no counterpart, and none is owed.	options
c0343	posthoc_a__b_diff_wilcoxest		-3.0000274040294923		reported by R only (documented)	R's `wilcox.test` reports a shift estimate found by searching its own test statistic, which differs slightly from the textbook Hodges-Lehmann definition. The plugin computes the definition, that quantity is compared, and R's search result is recorded beside it rather than imitated.	options
c0343	posthoc_a__x_diff_wilcoxest		7.9999792391370148		reported by R only (documented)	R's `wilcox.test` reports a shift estimate found by searching its own test statistic, which differs slightly from the textbook Hodges-Lehmann definition. The plugin computes the definition, that quantity is compared, and R's search result is recorded beside it rather than imitated.	options
c0343	posthoc_a__y_diff_wilcoxest		6.0000081027055581		reported by R only (documented)	R's `wilcox.test` reports a shift estimate found by searching its own test statistic, which differs slightly from the textbook Hodges-Lehmann definition. The plugin computes the definition, that quantity is compared, and R's search result is recorded beside it rather than imitated.	options
c0343	posthoc_b__x_diff_wilcoxest		10.999978892853434		reported by R only (documented)	R's `wilcox.test` reports a shift estimate found by searching its own test statistic, which differs slightly from the textbook Hodges-Lehmann definition. The plugin computes the definition, that quantity is compared, and R's search result is recorded beside it rather than imitated.	options
c0343	posthoc_b__y_diff_wilcoxest		8.9999490700446962		reported by R only (documented)	R's `wilcox.test` reports a shift estimate found by searching its own test statistic, which differs slightly from the textbook Hodges-Lehmann definition. The plugin computes the definition, that quantity is compared, and R's search result is recorded beside it rather than imitated.	options
c0343	posthoc_x__y_diff_wilcoxest		-1.0000351180304758		reported by R only (documented)	R's `wilcox.test` reports a shift estimate found by searching its own test statistic, which differs slightly from the textbook Hodges-Lehmann definition. The plugin computes the definition, that quantity is compared, and R's search result is recorded beside it rather than imitated.	options
c0344	posthoc_a__b_diff_wilcoxest		-3.0000274040294923		reported by R only (documented)	R's `wilcox.test` reports a shift estimate found by searching its own test statistic, which differs slightly from the textbook Hodges-Lehmann definition. The plugin computes the definition, that quantity is compared, and R's search result is recorded beside it rather than imitated.	options
c0344	posthoc_a__x_diff_wilcoxest		7.9999792391370148		reported by R only (documented)	R's `wilcox.test` reports a shift estimate found by searching its own test statistic, which differs slightly from the textbook Hodges-Lehmann definition. The plugin computes the definition, that quantity is compared, and R's search result is recorded beside it rather than imitated.	options
c0344	posthoc_a__y_diff_wilcoxest		6.0000081027055581		reported by R only (documented)	R's `wilcox.test` reports a shift estimate found by searching its own test statistic, which differs slightly from the textbook Hodges-Lehmann definition. The plugin computes the definition, that quantity is compared, and R's search result is recorded beside it rather than imitated.	options
c0344	posthoc_b__x_diff_wilcoxest		10.999978892853434		reported by R only (documented)	R's `wilcox.test` reports a shift estimate found by searching its own test statistic, which differs slightly from the textbook Hodges-Lehmann definition. The plugin computes the definition, that quantity is compared, and R's search result is recorded beside it rather than imitated.	options
c0344	posthoc_b__y_diff_wilcoxest		8.9999490700446962		reported by R only (documented)	R's `wilcox.test` reports a shift estimate found by searching its own test statistic, which differs slightly from the textbook Hodges-Lehmann definition. The plugin computes the definition, that quantity is compared, and R's search result is recorded beside it rather than imitated.	options
c0344	posthoc_x__y_diff_wilcoxest		-1.0000351180304758		reported by R only (documented)	R's `wilcox.test` reports a shift estimate found by searching its own test statistic, which differs slightly from the textbook Hodges-Lehmann definition. The plugin computes the definition, that quantity is compared, and R's search result is recorded beside it rather than imitated.	options
c0345	posthoc_a__b_diff_wilcoxest		-3.0000274040294923		reported by R only (documented)	R's `wilcox.test` reports a shift estimate found by searching its own test statistic, which differs slightly from the textbook Hodges-Lehmann definition. The plugin computes the definition, that quantity is compared, and R's search result is recorded beside it rather than imitated.	options
c0345	posthoc_a__x_diff_wilcoxest		7.9999792391370148		reported by R only (documented)	R's `wilcox.test` reports a shift estimate found by searching its own test statistic, which differs slightly from the textbook Hodges-Lehmann definition. The plugin computes the definition, that quantity is compared, and R's search result is recorded beside it rather than imitated.	options
c0345	posthoc_a__y_diff_wilcoxest		6.0000081027055581		reported by R only (documented)	R's `wilcox.test` reports a shift estimate found by searching its own test statistic, which differs slightly from the textbook Hodges-Lehmann definition. The plugin computes the definition, that quantity is compared, and R's search result is recorded beside it rather than imitated.	options
c0345	posthoc_b__x_diff_wilcoxest		10.999978892853434		reported by R only (documented)	R's `wilcox.test` reports a shift estimate found by searching its own test statistic, which differs slightly from the textbook Hodges-Lehmann definition. The plugin computes the definition, that quantity is compared, and R's search result is recorded beside it rather than imitated.	options
c0345	posthoc_b__y_diff_wilcoxest		8.9999490700446962		reported by R only (documented)	R's `wilcox.test` reports a shift estimate found by searching its own test statistic, which differs slightly from the textbook Hodges-Lehmann definition. The plugin computes the definition, that quantity is compared, and R's search result is recorded beside it rather than imitated.	options
c0345	posthoc_x__y_diff_wilcoxest		-1.0000351180304758		reported by R only (documented)	R's `wilcox.test` reports a shift estimate found by searching its own test statistic, which differs slightly from the textbook Hodges-Lehmann definition. The plugin computes the definition, that quantity is compared, and R's search result is recorded beside it rather than imitated.	options
c0347	posthoc_a__b_padj_ptt		1		reported by R only (documented)	Holm and Benjamini-Hochberg correction define no per-pair confidence level, so there is no interval for the plugin or R to print here (see pairwise-interval-scope). In its place R checks itself: the adjusted p-value from its primary per-pair test is compared against a second, independent computation, `stats::pairwise.t.test` with unpooled variances, run down its own code path. R verifying R; the plugin has no counterpart, and none is owed.	options
c0347	posthoc_a__x_padj_ptt		0.00035494169203522779		reported by R only (documented)	Holm and Benjamini-Hochberg correction define no per-pair confidence level, so there is no interval for the plugin or R to print here (see pairwise-interval-scope). In its place R checks itself: the adjusted p-value from its primary per-pair test is compared against a second, independent computation, `stats::pairwise.t.test` with unpooled variances, run down its own code path. R verifying R; the plugin has no counterpart, and none is owed.	options
c0347	posthoc_a__y_padj_ptt		0.024731008442064453		reported by R only (documented)	Holm and Benjamini-Hochberg correction define no per-pair confidence level, so there is no interval for the plugin or R to print here (see pairwise-interval-scope). In its place R checks itself: the adjusted p-value from its primary per-pair test is compared against a second, independent computation, `stats::pairwise.t.test` with unpooled variances, run down its own code path. R verifying R; the plugin has no counterpart, and none is owed.	options
c0347	posthoc_b__x_padj_ptt_undefined		1		reported by R only (documented)	Holm and Benjamini-Hochberg correction define no per-pair confidence level, so there is no interval for the plugin or R to print here (see pairwise-interval-scope). In its place R checks itself: the adjusted p-value from its primary per-pair test is compared against a second, independent computation, `stats::pairwise.t.test` with unpooled variances, run down its own code path. R verifying R; the plugin has no counterpart, and none is owed.	options
c0347	posthoc_b__y_padj_ptt		0.0025007506975702701		reported by R only (documented)	Holm and Benjamini-Hochberg correction define no per-pair confidence level, so there is no interval for the plugin or R to print here (see pairwise-interval-scope). In its place R checks itself: the adjusted p-value from its primary per-pair test is compared against a second, independent computation, `stats::pairwise.t.test` with unpooled variances, run down its own code path. R verifying R; the plugin has no counterpart, and none is owed.	options
c0347	posthoc_x__y_padj_ptt		0.86991158952718073		reported by R only (documented)	Holm and Benjamini-Hochberg correction define no per-pair confidence level, so there is no interval for the plugin or R to print here (see pairwise-interval-scope). In its place R checks itself: the adjusted p-value from its primary per-pair test is compared against a second, independent computation, `stats::pairwise.t.test` with unpooled variances, run down its own code path. R verifying R; the plugin has no counterpart, and none is owed.	options
c0348	posthoc_a__b_padj_ptt		0.28997052984239358		reported by R only (documented)	Holm and Benjamini-Hochberg correction define no per-pair confidence level, so there is no interval for the plugin or R to print here (see pairwise-interval-scope). In its place R checks itself: the adjusted p-value from its primary per-pair test is compared against a second, independent computation, `stats::pairwise.t.test` with unpooled variances, run down its own code path. R verifying R; the plugin has no counterpart, and none is owed.	options
c0348	posthoc_a__x_padj_ptt		0.00029578474336268982		reported by R only (documented)	Holm and Benjamini-Hochberg correction define no per-pair confidence level, so there is no interval for the plugin or R to print here (see pairwise-interval-scope). In its place R checks itself: the adjusted p-value from its primary per-pair test is compared against a second, independent computation, `stats::pairwise.t.test` with unpooled variances, run down its own code path. R verifying R; the plugin has no counterpart, and none is owed.	options
c0348	posthoc_a__y_padj_ptt		0.012365504221032227		reported by R only (documented)	Holm and Benjamini-Hochberg correction define no per-pair confidence level, so there is no interval for the plugin or R to print here (see pairwise-interval-scope). In its place R checks itself: the adjusted p-value from its primary per-pair test is compared against a second, independent computation, `stats::pairwise.t.test` with unpooled variances, run down its own code path. R verifying R; the plugin has no counterpart, and none is owed.	options
c0348	posthoc_b__x_padj_ptt_undefined		1		reported by R only (documented)	Holm and Benjamini-Hochberg correction define no per-pair confidence level, so there is no interval for the plugin or R to print here (see pairwise-interval-scope). In its place R checks itself: the adjusted p-value from its primary per-pair test is compared against a second, independent computation, `stats::pairwise.t.test` with unpooled variances, run down its own code path. R verifying R; the plugin has no counterpart, and none is owed.	options
c0348	posthoc_b__y_padj_ptt		0.0016671671317135136		reported by R only (documented)	Holm and Benjamini-Hochberg correction define no per-pair confidence level, so there is no interval for the plugin or R to print here (see pairwise-interval-scope). In its place R checks itself: the adjusted p-value from its primary per-pair test is compared against a second, independent computation, `stats::pairwise.t.test` with unpooled variances, run down its own code path. R verifying R; the plugin has no counterpart, and none is owed.	options
c0348	posthoc_x__y_padj_ptt		0.28997052984239358		reported by R only (documented)	Holm and Benjamini-Hochberg correction define no per-pair confidence level, so there is no interval for the plugin or R to print here (see pairwise-interval-scope). In its place R checks itself: the adjusted p-value from its primary per-pair test is compared against a second, independent computation, `stats::pairwise.t.test` with unpooled variances, run down its own code path. R verifying R; the plugin has no counterpart, and none is owed.	options
c0349	posthoc_a__b_padj_ptt		0.18244486466411425		reported by R only (documented)	Holm and Benjamini-Hochberg correction define no per-pair confidence level, so there is no interval for the plugin or R to print here (see pairwise-interval-scope). In its place R checks itself: the adjusted p-value from its primary per-pair test is compared against a second, independent computation, `stats::pairwise.t.test` with unpooled variances, run down its own code path. R verifying R; the plugin has no counterpart, and none is owed.	options
c0349	posthoc_a__x_padj_ptt		0.0001774708460176139		reported by R only (documented)	Holm and Benjamini-Hochberg correction define no per-pair confidence level, so there is no interval for the plugin or R to print here (see pairwise-interval-scope). In its place R checks itself: the adjusted p-value from its primary per-pair test is compared against a second, independent computation, `stats::pairwise.t.test` with unpooled variances, run down its own code path. R verifying R; the plugin has no counterpart, and none is owed.	options
c0349	posthoc_a__y_padj_ptt		0.0061827521105161133		reported by R only (documented)	Holm and Benjamini-Hochberg correction define no per-pair confidence level, so there is no interval for the plugin or R to print here (see pairwise-interval-scope). In its place R checks itself: the adjusted p-value from its primary per-pair test is compared against a second, independent computation, `stats::pairwise.t.test` with unpooled variances, run down its own code path. R verifying R; the plugin has no counterpart, and none is owed.	options
c0349	posthoc_b__x_padj_ptt_undefined		1		reported by R only (documented)	Holm and Benjamini-Hochberg correction define no per-pair confidence level, so there is no interval for the plugin or R to print here (see pairwise-interval-scope). In its place R checks itself: the adjusted p-value from its primary per-pair test is compared against a second, independent computation, `stats::pairwise.t.test` with unpooled variances, run down its own code path. R verifying R; the plugin has no counterpart, and none is owed.	options
c0349	posthoc_b__y_padj_ptt		0.00083358356585675679		reported by R only (documented)	Holm and Benjamini-Hochberg correction define no per-pair confidence level, so there is no interval for the plugin or R to print here (see pairwise-interval-scope). In its place R checks itself: the adjusted p-value from its primary per-pair test is compared against a second, independent computation, `stats::pairwise.t.test` with unpooled variances, run down its own code path. R verifying R; the plugin has no counterpart, and none is owed.	options
c0349	posthoc_x__y_padj_ptt		0.17398231790543614		reported by R only (documented)	Holm and Benjamini-Hochberg correction define no per-pair confidence level, so there is no interval for the plugin or R to print here (see pairwise-interval-scope). In its place R checks itself: the adjusted p-value from its primary per-pair test is compared against a second, independent computation, `stats::pairwise.t.test` with unpooled variances, run down its own code path. R verifying R; the plugin has no counterpart, and none is owed.	options
c0350	posthoc_a__b_padj_ptt		1		reported by R only (documented)	Holm and Benjamini-Hochberg correction define no per-pair confidence level, so there is no interval for the plugin or R to print here (see pairwise-interval-scope). In its place R checks itself: the adjusted p-value from its primary per-pair test is compared against a second, independent computation, `stats::pairwise.t.test` with unpooled variances, run down its own code path. R verifying R; the plugin has no counterpart, and none is owed.	options
c0350	posthoc_a__x_padj_ptt		0.00035494169203522779		reported by R only (documented)	Holm and Benjamini-Hochberg correction define no per-pair confidence level, so there is no interval for the plugin or R to print here (see pairwise-interval-scope). In its place R checks itself: the adjusted p-value from its primary per-pair test is compared against a second, independent computation, `stats::pairwise.t.test` with unpooled variances, run down its own code path. R verifying R; the plugin has no counterpart, and none is owed.	options
c0350	posthoc_a__y_padj_ptt		0.024731008442064453		reported by R only (documented)	Holm and Benjamini-Hochberg correction define no per-pair confidence level, so there is no interval for the plugin or R to print here (see pairwise-interval-scope). In its place R checks itself: the adjusted p-value from its primary per-pair test is compared against a second, independent computation, `stats::pairwise.t.test` with unpooled variances, run down its own code path. R verifying R; the plugin has no counterpart, and none is owed.	options
c0350	posthoc_b__x_padj_ptt_undefined		1		reported by R only (documented)	Holm and Benjamini-Hochberg correction define no per-pair confidence level, so there is no interval for the plugin or R to print here (see pairwise-interval-scope). In its place R checks itself: the adjusted p-value from its primary per-pair test is compared against a second, independent computation, `stats::pairwise.t.test` with unpooled variances, run down its own code path. R verifying R; the plugin has no counterpart, and none is owed.	options
c0350	posthoc_b__y_padj_ptt		0.0025007506975702701		reported by R only (documented)	Holm and Benjamini-Hochberg correction define no per-pair confidence level, so there is no interval for the plugin or R to print here (see pairwise-interval-scope). In its place R checks itself: the adjusted p-value from its primary per-pair test is compared against a second, independent computation, `stats::pairwise.t.test` with unpooled variances, run down its own code path. R verifying R; the plugin has no counterpart, and none is owed.	options
c0350	posthoc_x__y_padj_ptt		0.86991158952718073		reported by R only (documented)	Holm and Benjamini-Hochberg correction define no per-pair confidence level, so there is no interval for the plugin or R to print here (see pairwise-interval-scope). In its place R checks itself: the adjusted p-value from its primary per-pair test is compared against a second, independent computation, `stats::pairwise.t.test` with unpooled variances, run down its own code path. R verifying R; the plugin has no counterpart, and none is owed.	options
c0351	posthoc_a__b_padj_ptt		0.28997052984239358		reported by R only (documented)	Holm and Benjamini-Hochberg correction define no per-pair confidence level, so there is no interval for the plugin or R to print here (see pairwise-interval-scope). In its place R checks itself: the adjusted p-value from its primary per-pair test is compared against a second, independent computation, `stats::pairwise.t.test` with unpooled variances, run down its own code path. R verifying R; the plugin has no counterpart, and none is owed.	options
c0351	posthoc_a__x_padj_ptt		0.00029578474336268982		reported by R only (documented)	Holm and Benjamini-Hochberg correction define no per-pair confidence level, so there is no interval for the plugin or R to print here (see pairwise-interval-scope). In its place R checks itself: the adjusted p-value from its primary per-pair test is compared against a second, independent computation, `stats::pairwise.t.test` with unpooled variances, run down its own code path. R verifying R; the plugin has no counterpart, and none is owed.	options
c0351	posthoc_a__y_padj_ptt		0.012365504221032227		reported by R only (documented)	Holm and Benjamini-Hochberg correction define no per-pair confidence level, so there is no interval for the plugin or R to print here (see pairwise-interval-scope). In its place R checks itself: the adjusted p-value from its primary per-pair test is compared against a second, independent computation, `stats::pairwise.t.test` with unpooled variances, run down its own code path. R verifying R; the plugin has no counterpart, and none is owed.	options
c0351	posthoc_b__x_padj_ptt_undefined		1		reported by R only (documented)	Holm and Benjamini-Hochberg correction define no per-pair confidence level, so there is no interval for the plugin or R to print here (see pairwise-interval-scope). In its place R checks itself: the adjusted p-value from its primary per-pair test is compared against a second, independent computation, `stats::pairwise.t.test` with unpooled variances, run down its own code path. R verifying R; the plugin has no counterpart, and none is owed.	options
c0351	posthoc_b__y_padj_ptt		0.0016671671317135136		reported by R only (documented)	Holm and Benjamini-Hochberg correction define no per-pair confidence level, so there is no interval for the plugin or R to print here (see pairwise-interval-scope). In its place R checks itself: the adjusted p-value from its primary per-pair test is compared against a second, independent computation, `stats::pairwise.t.test` with unpooled variances, run down its own code path. R verifying R; the plugin has no counterpart, and none is owed.	options
c0351	posthoc_x__y_padj_ptt		0.28997052984239358		reported by R only (documented)	Holm and Benjamini-Hochberg correction define no per-pair confidence level, so there is no interval for the plugin or R to print here (see pairwise-interval-scope). In its place R checks itself: the adjusted p-value from its primary per-pair test is compared against a second, independent computation, `stats::pairwise.t.test` with unpooled variances, run down its own code path. R verifying R; the plugin has no counterpart, and none is owed.	options
c0352	posthoc_a__b_padj_ptt		0.18244486466411425		reported by R only (documented)	Holm and Benjamini-Hochberg correction define no per-pair confidence level, so there is no interval for the plugin or R to print here (see pairwise-interval-scope). In its place R checks itself: the adjusted p-value from its primary per-pair test is compared against a second, independent computation, `stats::pairwise.t.test` with unpooled variances, run down its own code path. R verifying R; the plugin has no counterpart, and none is owed.	options
c0352	posthoc_a__x_padj_ptt		0.0001774708460176139		reported by R only (documented)	Holm and Benjamini-Hochberg correction define no per-pair confidence level, so there is no interval for the plugin or R to print here (see pairwise-interval-scope). In its place R checks itself: the adjusted p-value from its primary per-pair test is compared against a second, independent computation, `stats::pairwise.t.test` with unpooled variances, run down its own code path. R verifying R; the plugin has no counterpart, and none is owed.	options
c0352	posthoc_a__y_padj_ptt		0.0061827521105161133		reported by R only (documented)	Holm and Benjamini-Hochberg correction define no per-pair confidence level, so there is no interval for the plugin or R to print here (see pairwise-interval-scope). In its place R checks itself: the adjusted p-value from its primary per-pair test is compared against a second, independent computation, `stats::pairwise.t.test` with unpooled variances, run down its own code path. R verifying R; the plugin has no counterpart, and none is owed.	options
c0352	posthoc_b__x_padj_ptt_undefined		1		reported by R only (documented)	Holm and Benjamini-Hochberg correction define no per-pair confidence level, so there is no interval for the plugin or R to print here (see pairwise-interval-scope). In its place R checks itself: the adjusted p-value from its primary per-pair test is compared against a second, independent computation, `stats::pairwise.t.test` with unpooled variances, run down its own code path. R verifying R; the plugin has no counterpart, and none is owed.	options
c0352	posthoc_b__y_padj_ptt		0.00083358356585675679		reported by R only (documented)	Holm and Benjamini-Hochberg correction define no per-pair confidence level, so there is no interval for the plugin or R to print here (see pairwise-interval-scope). In its place R checks itself: the adjusted p-value from its primary per-pair test is compared against a second, independent computation, `stats::pairwise.t.test` with unpooled variances, run down its own code path. R verifying R; the plugin has no counterpart, and none is owed.	options
c0352	posthoc_x__y_padj_ptt		0.17398231790543614		reported by R only (documented)	Holm and Benjamini-Hochberg correction define no per-pair confidence level, so there is no interval for the plugin or R to print here (see pairwise-interval-scope). In its place R checks itself: the adjusted p-value from its primary per-pair test is compared against a second, independent computation, `stats::pairwise.t.test` with unpooled variances, run down its own code path. R verifying R; the plugin has no counterpart, and none is owed.	options
c0353	posthoc_a__b_diff_wilcoxest		-3.0000274040294923		reported by R only (documented)	R's `wilcox.test` reports a shift estimate found by searching its own test statistic, which differs slightly from the textbook Hodges-Lehmann definition. The plugin computes the definition, that quantity is compared, and R's search result is recorded beside it rather than imitated.	options
c0353	posthoc_a__x_diff_wilcoxest		7.9999792391370148		reported by R only (documented)	R's `wilcox.test` reports a shift estimate found by searching its own test statistic, which differs slightly from the textbook Hodges-Lehmann definition. The plugin computes the definition, that quantity is compared, and R's search result is recorded beside it rather than imitated.	options
c0353	posthoc_a__y_diff_wilcoxest		6.0000081027055581		reported by R only (documented)	R's `wilcox.test` reports a shift estimate found by searching its own test statistic, which differs slightly from the textbook Hodges-Lehmann definition. The plugin computes the definition, that quantity is compared, and R's search result is recorded beside it rather than imitated.	options
c0353	posthoc_b__x_diff_wilcoxest		10.999978892853434		reported by R only (documented)	R's `wilcox.test` reports a shift estimate found by searching its own test statistic, which differs slightly from the textbook Hodges-Lehmann definition. The plugin computes the definition, that quantity is compared, and R's search result is recorded beside it rather than imitated.	options
c0353	posthoc_b__y_diff_wilcoxest		8.9999490700446962		reported by R only (documented)	R's `wilcox.test` reports a shift estimate found by searching its own test statistic, which differs slightly from the textbook Hodges-Lehmann definition. The plugin computes the definition, that quantity is compared, and R's search result is recorded beside it rather than imitated.	options
c0353	posthoc_x__y_diff_wilcoxest		-1.0000351180304758		reported by R only (documented)	R's `wilcox.test` reports a shift estimate found by searching its own test statistic, which differs slightly from the textbook Hodges-Lehmann definition. The plugin computes the definition, that quantity is compared, and R's search result is recorded beside it rather than imitated.	options
c0354	posthoc_a__b_diff_wilcoxest		-3.0000274040294923		reported by R only (documented)	R's `wilcox.test` reports a shift estimate found by searching its own test statistic, which differs slightly from the textbook Hodges-Lehmann definition. The plugin computes the definition, that quantity is compared, and R's search result is recorded beside it rather than imitated.	options
c0354	posthoc_a__x_diff_wilcoxest		7.9999792391370148		reported by R only (documented)	R's `wilcox.test` reports a shift estimate found by searching its own test statistic, which differs slightly from the textbook Hodges-Lehmann definition. The plugin computes the definition, that quantity is compared, and R's search result is recorded beside it rather than imitated.	options
c0354	posthoc_a__y_diff_wilcoxest		6.0000081027055581		reported by R only (documented)	R's `wilcox.test` reports a shift estimate found by searching its own test statistic, which differs slightly from the textbook Hodges-Lehmann definition. The plugin computes the definition, that quantity is compared, and R's search result is recorded beside it rather than imitated.	options
c0354	posthoc_b__x_diff_wilcoxest		10.999978892853434		reported by R only (documented)	R's `wilcox.test` reports a shift estimate found by searching its own test statistic, which differs slightly from the textbook Hodges-Lehmann definition. The plugin computes the definition, that quantity is compared, and R's search result is recorded beside it rather than imitated.	options
c0354	posthoc_b__y_diff_wilcoxest		8.9999490700446962		reported by R only (documented)	R's `wilcox.test` reports a shift estimate found by searching its own test statistic, which differs slightly from the textbook Hodges-Lehmann definition. The plugin computes the definition, that quantity is compared, and R's search result is recorded beside it rather than imitated.	options
c0354	posthoc_x__y_diff_wilcoxest		-1.0000351180304758		reported by R only (documented)	R's `wilcox.test` reports a shift estimate found by searching its own test statistic, which differs slightly from the textbook Hodges-Lehmann definition. The plugin computes the definition, that quantity is compared, and R's search result is recorded beside it rather than imitated.	options
c0355	posthoc_a__b_diff_wilcoxest		-3.0000274040294923		reported by R only (documented)	R's `wilcox.test` reports a shift estimate found by searching its own test statistic, which differs slightly from the textbook Hodges-Lehmann definition. The plugin computes the definition, that quantity is compared, and R's search result is recorded beside it rather than imitated.	options
c0355	posthoc_a__x_diff_wilcoxest		7.9999792391370148		reported by R only (documented)	R's `wilcox.test` reports a shift estimate found by searching its own test statistic, which differs slightly from the textbook Hodges-Lehmann definition. The plugin computes the definition, that quantity is compared, and R's search result is recorded beside it rather than imitated.	options
c0355	posthoc_a__y_diff_wilcoxest		6.0000081027055581		reported by R only (documented)	R's `wilcox.test` reports a shift estimate found by searching its own test statistic, which differs slightly from the textbook Hodges-Lehmann definition. The plugin computes the definition, that quantity is compared, and R's search result is recorded beside it rather than imitated.	options
c0355	posthoc_b__x_diff_wilcoxest		10.999978892853434		reported by R only (documented)	R's `wilcox.test` reports a shift estimate found by searching its own test statistic, which differs slightly from the textbook Hodges-Lehmann definition. The plugin computes the definition, that quantity is compared, and R's search result is recorded beside it rather than imitated.	options
c0355	posthoc_b__y_diff_wilcoxest		8.9999490700446962		reported by R only (documented)	R's `wilcox.test` reports a shift estimate found by searching its own test statistic, which differs slightly from the textbook Hodges-Lehmann definition. The plugin computes the definition, that quantity is compared, and R's search result is recorded beside it rather than imitated.	options
c0355	posthoc_x__y_diff_wilcoxest		-1.0000351180304758		reported by R only (documented)	R's `wilcox.test` reports a shift estimate found by searching its own test statistic, which differs slightly from the textbook Hodges-Lehmann definition. The plugin computes the definition, that quantity is compared, and R's search result is recorded beside it rather than imitated.	options
c0357	task_eta_squared		0.60314271381665785		reported by R only (documented)	R reports both the partial and non-partial forms of eta-squared per term; the plugin reports partial only. A known coverage gap, listed rather than hidden.	options
c0357	task_f	189.629529819376	189.62953068200059	4.55e-09	values differ (documented)	The plugin reads Praat's own printed ANOVA table, which carries about nine significant digits, so every quantity derived from those sums inherits that ceiling.	options
c0357	task_ms	1092.1626	1092.162604968245	4.55e-09	values differ (documented)	The plugin reads Praat's own printed ANOVA table, which carries about nine significant digits, so every quantity derived from those sums inherits that ceiling.	options
c0357	task_ss	1092.1626	1092.162604968245	4.55e-09	values differ (documented)	The plugin reads Praat's own printed ANOVA table, which carries about nine significant digits, so every quantity derived from those sums inherits that ceiling.	options
c0357	voice_type__task_eta_squared		0.0081896988960911098		reported by R only (documented)	R reports both the partial and non-partial forms of eta-squared per term; the plugin reports partial only. A known coverage gap, listed rather than hidden.	options
c0357	voice_type__task_f	2.574861171890235	2.5748611771587049	2.05e-09	values differ (documented)	The plugin reads Praat's own printed ANOVA table, which carries about nine significant digits, so every quantity derived from those sums inherits that ceiling.	options
c0357	voice_type__task_ms	14.8297951	14.829795130343484	2.05e-09	values differ (documented)	The plugin reads Praat's own printed ANOVA table, which carries about nine significant digits, so every quantity derived from those sums inherits that ceiling.	options
c0357	voice_type__task_p	0.11572833361942636	0.115728333257163	3.13e-09	values differ (documented)	The plugin reads Praat's own printed ANOVA table, which carries about nine significant digits, so every quantity derived from those sums inherits that ceiling.	options
c0357	voice_type__task_partial_eta_squared	0.05528435527456312	0.055284355381427765	1.93e-09	values differ (documented)	The plugin reads Praat's own printed ANOVA table, which carries about nine significant digits, so every quantity derived from those sums inherits that ceiling.	options
c0357	voice_type__task_ss	14.8297951	14.829795130343484	2.05e-09	values differ (documented)	The plugin reads Praat's own printed ANOVA table, which carries about nine significant digits, so every quantity derived from those sums inherits that ceiling.	options
c0357	voice_type_eta_squared		0.24871955644791766		reported by R only (documented)	R reports both the partial and non-partial forms of eta-squared per term; the plugin reports partial only. A known coverage gap, listed rather than hidden.	options
c0357	voice_type_p	2.5707565751695613e-11	2.5707566066100899e-11	1.22e-08	values differ (documented)	The plugin reads Praat's own printed ANOVA table, which carries about nine significant digits, so every quantity derived from those sums inherits that ceiling.	options
c0358	task__voice_type_eta_squared		0.0081896988960911236		reported by R only (documented)	R reports both the partial and non-partial forms of eta-squared per term; the plugin reports partial only. A known coverage gap, listed rather than hidden.	options
c0358	task__voice_type_f	2.574861171890235	2.5748611771587107	2.05e-09	values differ (documented)	The plugin reads Praat's own printed ANOVA table, which carries about nine significant digits, so every quantity derived from those sums inherits that ceiling.	options
c0358	task__voice_type_ms	14.8297951	14.829795130343513	2.05e-09	values differ (documented)	The plugin reads Praat's own printed ANOVA table, which carries about nine significant digits, so every quantity derived from those sums inherits that ceiling.	options
c0358	task__voice_type_p	0.11572833361942636	0.11572833325716257	3.13e-09	values differ (documented)	The plugin reads Praat's own printed ANOVA table, which carries about nine significant digits, so every quantity derived from those sums inherits that ceiling.	options
c0358	task__voice_type_partial_eta_squared	0.05528435527456312	0.055284355381427876	1.93e-09	values differ (documented)	The plugin reads Praat's own printed ANOVA table, which carries about nine significant digits, so every quantity derived from those sums inherits that ceiling.	options
c0358	task__voice_type_ss	14.8297951	14.829795130343513	2.05e-09	values differ (documented)	The plugin reads Praat's own printed ANOVA table, which carries about nine significant digits, so every quantity derived from those sums inherits that ceiling.	options
c0358	task_eta_squared		0.60314271381665774		reported by R only (documented)	R reports both the partial and non-partial forms of eta-squared per term; the plugin reports partial only. A known coverage gap, listed rather than hidden.	options
c0358	task_f	189.629529819376	189.62953068200065	4.55e-09	values differ (documented)	The plugin reads Praat's own printed ANOVA table, which carries about nine significant digits, so every quantity derived from those sums inherits that ceiling.	options
c0358	task_ms	1092.1626	1092.162604968245	4.55e-09	values differ (documented)	The plugin reads Praat's own printed ANOVA table, which carries about nine significant digits, so every quantity derived from those sums inherits that ceiling.	options
c0358	task_ss	1092.1626	1092.162604968245	4.55e-09	values differ (documented)	The plugin reads Praat's own printed ANOVA table, which carries about nine significant digits, so every quantity derived from those sums inherits that ceiling.	options
c0358	voice_type_eta_squared		0.24871955644791774		reported by R only (documented)	R reports both the partial and non-partial forms of eta-squared per term; the plugin reports partial only. A known coverage gap, listed rather than hidden.	options
c0358	voice_type_p	2.5707565751695613e-11	2.5707566066100534e-11	1.22e-08	values differ (documented)	The plugin reads Praat's own printed ANOVA table, which carries about nine significant digits, so every quantity derived from those sums inherits that ceiling.	options
c0359	refuse_reason	Data column "subject" holds no numbers. 48 cell(s) are not numeric in any locale (row 1: Soprano_1). Unrecognized nonnumeric token; excluded.	data column 'subject' holds no numbers		wording differs (both refuse)	Where data cannot be analysed, both programs refuse the same analyses and each writes its refusal in its own words. That the same analyses refuse is checked separately.	options
c0360	n_excluded		0		reported by R only (documented)	R reports how many rows it dropped for missing values; the plugin's paired analysis does not expose that count. The analyses themselves use the same rows.	options
c0361	n_excluded		0		reported by R only (documented)	R reports how many rows it dropped for missing values; the plugin's paired analysis does not expose that count. The analyses themselves use the same rows.	options
c0361	wilcox_r		0.8514795485522757		reported by R only (documented)	Where the nonparametric test runs, R's package emits its own effect-size variant alongside the one both programs share. Only the shared one is compared.	options
c0362	n_excluded		0		reported by R only (documented)	R reports how many rows it dropped for missing values; the plugin's paired analysis does not expose that count. The analyses themselves use the same rows.	options
c0362	wilcox_r		0.8514795485522757		reported by R only (documented)	Where the nonparametric test runs, R's package emits its own effect-size variant alongside the one both programs share. Only the shared one is compared.	options
c0363	n_excluded		0		reported by R only (documented)	R reports how many rows it dropped for missing values; the plugin's paired analysis does not expose that count. The analyses themselves use the same rows.	options
c0364	n_excluded		0		reported by R only (documented)	R reports how many rows it dropped for missing values; the plugin's paired analysis does not expose that count. The analyses themselves use the same rows.	options
c0364	wilcox_r		0.87652306468616625		reported by R only (documented)	Where the nonparametric test runs, R's package emits its own effect-size variant alongside the one both programs share. Only the shared one is compared.	options
c0365	n_excluded		0		reported by R only (documented)	R reports how many rows it dropped for missing values; the plugin's paired analysis does not expose that count. The analyses themselves use the same rows.	options
c0365	wilcox_r		0.87652306468616625		reported by R only (documented)	Where the nonparametric test runs, R's package emits its own effect-size variant alongside the one both programs share. Only the shared one is compared.	options
c0366	n_excluded		0		reported by R only (documented)	R reports how many rows it dropped for missing values; the plugin's paired analysis does not expose that count. The analyses themselves use the same rows.	options
c0367	n_excluded		0		reported by R only (documented)	R reports how many rows it dropped for missing values; the plugin's paired analysis does not expose that count. The analyses themselves use the same rows.	options
c0367	wilcox_r		0.87652306468616625		reported by R only (documented)	Where the nonparametric test runs, R's package emits its own effect-size variant alongside the one both programs share. Only the shared one is compared.	options
c0368	n_excluded		0		reported by R only (documented)	R reports how many rows it dropped for missing values; the plugin's paired analysis does not expose that count. The analyses themselves use the same rows.	options
c0368	wilcox_r		0.87652306468616625		reported by R only (documented)	Where the nonparametric test runs, R's package emits its own effect-size variant alongside the one both programs share. Only the shared one is compared.	options
c0369	n_excluded		0		reported by R only (documented)	R reports how many rows it dropped for missing values; the plugin's paired analysis does not expose that count. The analyses themselves use the same rows.	options
c0370	n_excluded		0		reported by R only (documented)	R reports how many rows it dropped for missing values; the plugin's paired analysis does not expose that count. The analyses themselves use the same rows.	options
c0370	wilcox_r		0.87652306468616625		reported by R only (documented)	Where the nonparametric test runs, R's package emits its own effect-size variant alongside the one both programs share. Only the shared one is compared.	options
c0371	n_excluded		0		reported by R only (documented)	R reports how many rows it dropped for missing values; the plugin's paired analysis does not expose that count. The analyses themselves use the same rows.	options
c0371	wilcox_r		0.87652306468616625		reported by R only (documented)	Where the nonparametric test runs, R's package emits its own effect-size variant alongside the one both programs share. Only the shared one is compared.	options
c0372	n_excluded		0		reported by R only (documented)	R reports how many rows it dropped for missing values; the plugin's paired analysis does not expose that count. The analyses themselves use the same rows.	options
c0373	n_excluded		0		reported by R only (documented)	R reports how many rows it dropped for missing values; the plugin's paired analysis does not expose that count. The analyses themselves use the same rows.	options
c0373	wilcox_r		0.87652306468616625		reported by R only (documented)	Where the nonparametric test runs, R's package emits its own effect-size variant alongside the one both programs share. Only the shared one is compared.	options
c0374	n_excluded		0		reported by R only (documented)	R reports how many rows it dropped for missing values; the plugin's paired analysis does not expose that count. The analyses themselves use the same rows.	options
c0374	wilcox_r		0.87652306468616625		reported by R only (documented)	Where the nonparametric test runs, R's package emits its own effect-size variant alongside the one both programs share. Only the shared one is compared.	options
c0375	cohens_dz_undefined		1		both sides: no value defined (documented)	On a nonparametric-only paired analysis neither program computes the paired t, its degrees of freedom, or Cohen's dz. Both mark them undefined; only the marker names differ.	options
c0375	df_undefined		1		both sides: no value defined (documented)	On a nonparametric-only paired analysis neither program computes the paired t, its degrees of freedom, or Cohen's dz. Both mark them undefined; only the marker names differ.	options
c0375	refuse_reason	No paired test could be run on these two columns. "soft" and "medium" give n = 4 complete pairs, and every one of those pairs has the same difference, so there is no variation in the differences for a paired test to work on. Paired t-test: All differences are identical (zero variance).	No paired test could be run: n=4 complete pairs and every pair has the same difference (zero variance in the differences).		wording differs (both refuse)	Where data cannot be analysed, both programs refuse the same analyses and each writes its refusal in its own words. That the same analyses refuse is checked separately.	options
c0375	t_undefined		1		both sides: no value defined (documented)	On a nonparametric-only paired analysis neither program computes the paired t, its degrees of freedom, or Cohen's dz. Both mark them undefined; only the marker names differ.	options
c0376	n_excluded		0		reported by R only (documented)	R reports how many rows it dropped for missing values; the plugin's paired analysis does not expose that count. The analyses themselves use the same rows.	options
c0376	wilcox_r		1		reported by R only (documented)	Where the nonparametric test runs, R's package emits its own effect-size variant alongside the one both programs share. Only the shared one is compared.	options
c0377	n_excluded		0		reported by R only (documented)	R reports how many rows it dropped for missing values; the plugin's paired analysis does not expose that count. The analyses themselves use the same rows.	options
c0377	wilcox_r		1		reported by R only (documented)	Where the nonparametric test runs, R's package emits its own effect-size variant alongside the one both programs share. Only the shared one is compared.	options
c0378	n_excluded		0		reported by R only (documented)	R reports how many rows it dropped for missing values; the plugin's paired analysis does not expose that count. The analyses themselves use the same rows.	options
c0379	n_excluded		0		reported by R only (documented)	R reports how many rows it dropped for missing values; the plugin's paired analysis does not expose that count. The analyses themselves use the same rows.	options
c0379	wilcox_r		0.94868329805051377		reported by R only (documented)	Where the nonparametric test runs, R's package emits its own effect-size variant alongside the one both programs share. Only the shared one is compared.	options
c0380	n_excluded		0		reported by R only (documented)	R reports how many rows it dropped for missing values; the plugin's paired analysis does not expose that count. The analyses themselves use the same rows.	options
c0380	wilcox_r		0.94868329805051377		reported by R only (documented)	Where the nonparametric test runs, R's package emits its own effect-size variant alongside the one both programs share. Only the shared one is compared.	options
c0381	cohens_dz_undefined		1		both sides: no value defined (documented)	On a nonparametric-only paired analysis neither program computes the paired t, its degrees of freedom, or Cohen's dz. Both mark them undefined; only the marker names differ.	options
c0381	df_undefined		1		both sides: no value defined (documented)	On a nonparametric-only paired analysis neither program computes the paired t, its degrees of freedom, or Cohen's dz. Both mark them undefined; only the marker names differ.	options
c0381	refuse_reason	No paired test could be run on these two columns. "SPL_soft" and "SPL_medium" give n = 4 complete pairs, and every one of those pairs has the same difference, so there is no variation in the differences for a paired test to work on. Paired t-test: All differences are identical (zero variance). Assessed on 4 of 5 rows. N excluded 1 -- a row is used only when every column in the comparison has a value, which is what keeps the pairing intact. Treated as missing data.	No paired test could be run: n=4 complete pairs and every pair has the same difference (zero variance in the differences).		wording differs (both refuse)	Where data cannot be analysed, both programs refuse the same analyses and each writes its refusal in its own words. That the same analyses refuse is checked separately.	options
c0381	t_undefined		1		both sides: no value defined (documented)	On a nonparametric-only paired analysis neither program computes the paired t, its degrees of freedom, or Cohen's dz. Both mark them undefined; only the marker names differ.	options
c0382	n_excluded		1		reported by R only (documented)	R reports how many rows it dropped for missing values; the plugin's paired analysis does not expose that count. The analyses themselves use the same rows.	options
c0382	wilcox_r		1		reported by R only (documented)	Where the nonparametric test runs, R's package emits its own effect-size variant alongside the one both programs share. Only the shared one is compared.	options
c0383	n_excluded		1		reported by R only (documented)	R reports how many rows it dropped for missing values; the plugin's paired analysis does not expose that count. The analyses themselves use the same rows.	options
c0383	wilcox_r		1		reported by R only (documented)	Where the nonparametric test runs, R's package emits its own effect-size variant alongside the one both programs share. Only the shared one is compared.	options
c0384	cohens_dz_undefined		1		both sides: no value defined (documented)	On a nonparametric-only paired analysis neither program computes the paired t, its degrees of freedom, or Cohen's dz. Both mark them undefined; only the marker names differ.	options
c0384	df_undefined		1		both sides: no value defined (documented)	On a nonparametric-only paired analysis neither program computes the paired t, its degrees of freedom, or Cohen's dz. Both mark them undefined; only the marker names differ.	options
c0384	refuse_reason	No paired test could be run on these two columns. "SPL_soft" and "SPL_medium" give n = 6 complete pairs, and every one of those pairs has the same difference, so there is no variation in the differences for a paired test to work on. Paired t-test: All differences are identical (zero variance). Wilcoxon signed-rank: All differences are zero; cannot perform test.	No paired test could be run: n=6 complete pairs and every pair has the same difference (zero variance in the differences).		wording differs (both refuse)	Where data cannot be analysed, both programs refuse the same analyses and each writes its refusal in its own words. That the same analyses refuse is checked separately.	options
c0384	t_undefined		1		both sides: no value defined (documented)	On a nonparametric-only paired analysis neither program computes the paired t, its degrees of freedom, or Cohen's dz. Both mark them undefined; only the marker names differ.	options
c0386	spearman_df	28			reported by plugin only (documented)	Each program exposes the working quantities its own method produces -- R the S statistic from its exact method, the plugin the t and degrees of freedom from its approximation. The p-values they lead to are compared; the intermediates have no counterpart.	options
c0386	spearman_s		247.5275073690681		reported by R only (documented)	Each program exposes the working quantities its own method produces -- R the S statistic from its exact method, the plugin the t and degrees of freedom from its approximation. The p-values they lead to are compared; the intermediates have no counterpart.	options
c0386	spearman_t	15.278500022512516			reported by plugin only (documented)	Each program exposes the working quantities its own method produces -- R the S statistic from its exact method, the plugin the t and degrees of freedom from its approximation. The p-values they lead to are compared; the intermediates have no counterpart.	options
c0387	spearman_df	28			reported by plugin only (documented)	Each program exposes the working quantities its own method produces -- R the S statistic from its exact method, the plugin the t and degrees of freedom from its approximation. The p-values they lead to are compared; the intermediates have no counterpart.	options
c0387	spearman_p		4.1166089969423103e-15		reported by R only (documented)	When a correlation runs both tests, each program files the Spearman p under a different name -- R under the plain name, the plugin under a qualified one. The values are compared where the names line up.	options
c0387	spearman_s		247.5275073690681		reported by R only (documented)	Each program exposes the working quantities its own method produces -- R the S statistic from its exact method, the plugin the t and degrees of freedom from its approximation. The p-values they lead to are compared; the intermediates have no counterpart.	options
c0387	spearman_t	15.278500022512516			reported by plugin only (documented)	Each program exposes the working quantities its own method produces -- R the S statistic from its exact method, the plugin the t and degrees of freedom from its approximation. The p-values they lead to are compared; the intermediates have no counterpart.	options
c0389	spearman_df	28			reported by plugin only (documented)	Each program exposes the working quantities its own method produces -- R the S statistic from its exact method, the plugin the t and degrees of freedom from its approximation. The p-values they lead to are compared; the intermediates have no counterpart.	options
c0389	spearman_s		4738.2164871306895		reported by R only (documented)	Each program exposes the working quantities its own method produces -- R the S statistic from its exact method, the plugin the t and degrees of freedom from its approximation. The p-values they lead to are compared; the intermediates have no counterpart.	options
c0389	spearman_t	-0.28673387612001044			reported by plugin only (documented)	Each program exposes the working quantities its own method produces -- R the S statistic from its exact method, the plugin the t and degrees of freedom from its approximation. The p-values they lead to are compared; the intermediates have no counterpart.	options
c0390	spearman_df	28			reported by plugin only (documented)	Each program exposes the working quantities its own method produces -- R the S statistic from its exact method, the plugin the t and degrees of freedom from its approximation. The p-values they lead to are compared; the intermediates have no counterpart.	options
c0390	spearman_p		0.77642721425223626		reported by R only (documented)	When a correlation runs both tests, each program files the Spearman p under a different name -- R under the plain name, the plugin under a qualified one. The values are compared where the names line up.	options
c0390	spearman_s		4738.2164871306895		reported by R only (documented)	Each program exposes the working quantities its own method produces -- R the S statistic from its exact method, the plugin the t and degrees of freedom from its approximation. The p-values they lead to are compared; the intermediates have no counterpart.	options
c0390	spearman_t	-0.28673387612001044			reported by plugin only (documented)	Each program exposes the working quantities its own method produces -- R the S statistic from its exact method, the plugin the t and degrees of freedom from its approximation. The p-values they lead to are compared; the intermediates have no counterpart.	options
c0392	spearman_df	28			reported by plugin only (documented)	Each program exposes the working quantities its own method produces -- R the S statistic from its exact method, the plugin the t and degrees of freedom from its approximation. The p-values they lead to are compared; the intermediates have no counterpart.	options
c0392	spearman_s		4831.2619299913349		reported by R only (documented)	Each program exposes the working quantities its own method produces -- R the S statistic from its exact method, the plugin the t and degrees of freedom from its approximation. The p-values they lead to are compared; the intermediates have no counterpart.	options
c0392	spearman_t	-0.3969589892479902			reported by plugin only (documented)	Each program exposes the working quantities its own method produces -- R the S statistic from its exact method, the plugin the t and degrees of freedom from its approximation. The p-values they lead to are compared; the intermediates have no counterpart.	options
c0393	spearman_df	28			reported by plugin only (documented)	Each program exposes the working quantities its own method produces -- R the S statistic from its exact method, the plugin the t and degrees of freedom from its approximation. The p-values they lead to are compared; the intermediates have no counterpart.	options
c0393	spearman_p		0.69440733639700902		reported by R only (documented)	When a correlation runs both tests, each program files the Spearman p under a different name -- R under the plain name, the plugin under a qualified one. The values are compared where the names line up.	options
c0393	spearman_s		4831.2619299913349		reported by R only (documented)	Each program exposes the working quantities its own method produces -- R the S statistic from its exact method, the plugin the t and degrees of freedom from its approximation. The p-values they lead to are compared; the intermediates have no counterpart.	options
c0393	spearman_t	-0.3969589892479902			reported by plugin only (documented)	Each program exposes the working quantities its own method produces -- R the S statistic from its exact method, the plugin the t and degrees of freedom from its approximation. The p-values they lead to are compared; the intermediates have no counterpart.	options
c0395	spearman_df	23			reported by plugin only (documented)	Each program exposes the working quantities its own method produces -- R the S statistic from its exact method, the plugin the t and degrees of freedom from its approximation. The p-values they lead to are compared; the intermediates have no counterpart.	options
c0395	spearman_s		256.48890612733686		reported by R only (documented)	Each program exposes the working quantities its own method produces -- R the S statistic from its exact method, the plugin the t and degrees of freedom from its approximation. The p-values they lead to are compared; the intermediates have no counterpart.	options
c0395	spearman_t	9.981110933576453			reported by plugin only (documented)	Each program exposes the working quantities its own method produces -- R the S statistic from its exact method, the plugin the t and degrees of freedom from its approximation. The p-values they lead to are compared; the intermediates have no counterpart.	options
c0396	spearman_df	23			reported by plugin only (documented)	Each program exposes the working quantities its own method produces -- R the S statistic from its exact method, the plugin the t and degrees of freedom from its approximation. The p-values they lead to are compared; the intermediates have no counterpart.	options
c0396	spearman_p		7.9221692798003286e-10		reported by R only (documented)	When a correlation runs both tests, each program files the Spearman p under a different name -- R under the plain name, the plugin under a qualified one. The values are compared where the names line up.	options
c0396	spearman_s		256.48890612733686		reported by R only (documented)	Each program exposes the working quantities its own method produces -- R the S statistic from its exact method, the plugin the t and degrees of freedom from its approximation. The p-values they lead to are compared; the intermediates have no counterpart.	options
c0396	spearman_t	9.981110933576453			reported by plugin only (documented)	Each program exposes the working quantities its own method produces -- R the S statistic from its exact method, the plugin the t and degrees of freedom from its approximation. The p-values they lead to are compared; the intermediates have no counterpart.	options
c0398	spearman_df	23			reported by plugin only (documented)	Each program exposes the working quantities its own method produces -- R the S statistic from its exact method, the plugin the t and degrees of freedom from its approximation. The p-values they lead to are compared; the intermediates have no counterpart.	options
c0398	spearman_s		175.39829431285332		reported by R only (documented)	Each program exposes the working quantities its own method produces -- R the S statistic from its exact method, the plugin the t and degrees of freedom from its approximation. The p-values they lead to are compared; the intermediates have no counterpart.	options
c0398	spearman_t	12.386277932173256			reported by plugin only (documented)	Each program exposes the working quantities its own method produces -- R the S statistic from its exact method, the plugin the t and degrees of freedom from its approximation. The p-values they lead to are compared; the intermediates have no counterpart.	options
c0399	spearman_df	23			reported by plugin only (documented)	Each program exposes the working quantities its own method produces -- R the S statistic from its exact method, the plugin the t and degrees of freedom from its approximation. The p-values they lead to are compared; the intermediates have no counterpart.	options
c0399	spearman_p		1.1713696502980397e-11		reported by R only (documented)	When a correlation runs both tests, each program files the Spearman p under a different name -- R under the plain name, the plugin under a qualified one. The values are compared where the names line up.	options
c0399	spearman_s		175.39829431285332		reported by R only (documented)	Each program exposes the working quantities its own method produces -- R the S statistic from its exact method, the plugin the t and degrees of freedom from its approximation. The p-values they lead to are compared; the intermediates have no counterpart.	options
c0399	spearman_t	12.386277932173256			reported by plugin only (documented)	Each program exposes the working quantities its own method produces -- R the S statistic from its exact method, the plugin the t and degrees of freedom from its approximation. The p-values they lead to are compared; the intermediates have no counterpart.	options
c0401	spearman_df	23			reported by plugin only (documented)	Each program exposes the working quantities its own method produces -- R the S statistic from its exact method, the plugin the t and degrees of freedom from its approximation. The p-values they lead to are compared; the intermediates have no counterpart.	options
c0401	spearman_s		494.5923497078565		reported by R only (documented)	Each program exposes the working quantities its own method produces -- R the S statistic from its exact method, the plugin the t and degrees of freedom from its approximation. The p-values they lead to are compared; the intermediates have no counterpart.	options
c0401	spearman_t	6.618777628668466			reported by plugin only (documented)	Each program exposes the working quantities its own method produces -- R the S statistic from its exact method, the plugin the t and degrees of freedom from its approximation. The p-values they lead to are compared; the intermediates have no counterpart.	options
c0402	spearman_df	23			reported by plugin only (documented)	Each program exposes the working quantities its own method produces -- R the S statistic from its exact method, the plugin the t and degrees of freedom from its approximation. The p-values they lead to are compared; the intermediates have no counterpart.	options
c0402	spearman_p		9.4102713300180707e-07		reported by R only (documented)	When a correlation runs both tests, each program files the Spearman p under a different name -- R under the plain name, the plugin under a qualified one. The values are compared where the names line up.	options
c0402	spearman_s		494.5923497078565		reported by R only (documented)	Each program exposes the working quantities its own method produces -- R the S statistic from its exact method, the plugin the t and degrees of freedom from its approximation. The p-values they lead to are compared; the intermediates have no counterpart.	options
c0402	spearman_t	6.618777628668466			reported by plugin only (documented)	Each program exposes the working quantities its own method produces -- R the S statistic from its exact method, the plugin the t and degrees of freedom from its approximation. The p-values they lead to are compared; the intermediates have no counterpart.	options
c0404	spearman_df	23			reported by plugin only (documented)	Each program exposes the working quantities its own method produces -- R the S statistic from its exact method, the plugin the t and degrees of freedom from its approximation. The p-values they lead to are compared; the intermediates have no counterpart.	options
c0404	spearman_s		5146		reported by R only (documented)	Each program exposes the working quantities its own method produces -- R the S statistic from its exact method, the plugin the t and degrees of freedom from its approximation. The p-values they lead to are compared; the intermediates have no counterpart.	options
c0404	spearman_t	-23.162772757819912			reported by plugin only (documented)	Each program exposes the working quantities its own method produces -- R the S statistic from its exact method, the plugin the t and degrees of freedom from its approximation. The p-values they lead to are compared; the intermediates have no counterpart.	options
c0405	spearman_df	23			reported by plugin only (documented)	Each program exposes the working quantities its own method produces -- R the S statistic from its exact method, the plugin the t and degrees of freedom from its approximation. The p-values they lead to are compared; the intermediates have no counterpart.	options
c0405	spearman_p		6.3393626605910472e-07		reported by R only (documented)	When a correlation runs both tests, each program files the Spearman p under a different name -- R under the plain name, the plugin under a qualified one. The values are compared where the names line up.	options
c0405	spearman_s		5146		reported by R only (documented)	Each program exposes the working quantities its own method produces -- R the S statistic from its exact method, the plugin the t and degrees of freedom from its approximation. The p-values they lead to are compared; the intermediates have no counterpart.	options
c0405	spearman_t	-23.162772757819912			reported by plugin only (documented)	Each program exposes the working quantities its own method produces -- R the S statistic from its exact method, the plugin the t and degrees of freedom from its approximation. The p-values they lead to are compared; the intermediates have no counterpart.	options
c0407	spearman_df	38			reported by plugin only (documented)	Each program exposes the working quantities its own method produces -- R the S statistic from its exact method, the plugin the t and degrees of freedom from its approximation. The p-values they lead to are compared; the intermediates have no counterpart.	options
c0407	spearman_s		7974.0000000000009		reported by R only (documented)	Each program exposes the working quantities its own method produces -- R the S statistic from its exact method, the plugin the t and degrees of freedom from its approximation. The p-values they lead to are compared; the intermediates have no counterpart.	options
c0407	spearman_t	1.6050336085093366			reported by plugin only (documented)	Each program exposes the working quantities its own method produces -- R the S statistic from its exact method, the plugin the t and degrees of freedom from its approximation. The p-values they lead to are compared; the intermediates have no counterpart.	options
c0408	spearman_df	38			reported by plugin only (documented)	Each program exposes the working quantities its own method produces -- R the S statistic from its exact method, the plugin the t and degrees of freedom from its approximation. The p-values they lead to are compared; the intermediates have no counterpart.	options
c0408	spearman_p		0.11668526186103238		reported by R only (documented)	When a correlation runs both tests, each program files the Spearman p under a different name -- R under the plain name, the plugin under a qualified one. The values are compared where the names line up.	options
c0408	spearman_s		7974.0000000000009		reported by R only (documented)	Each program exposes the working quantities its own method produces -- R the S statistic from its exact method, the plugin the t and degrees of freedom from its approximation. The p-values they lead to are compared; the intermediates have no counterpart.	options
c0408	spearman_t	1.6050336085093366			reported by plugin only (documented)	Each program exposes the working quantities its own method produces -- R the S statistic from its exact method, the plugin the t and degrees of freedom from its approximation. The p-values they lead to are compared; the intermediates have no counterpart.	options
c0410	spearman_df	38			reported by plugin only (documented)	Each program exposes the working quantities its own method produces -- R the S statistic from its exact method, the plugin the t and degrees of freedom from its approximation. The p-values they lead to are compared; the intermediates have no counterpart.	options
c0410	spearman_s		11438		reported by R only (documented)	Each program exposes the working quantities its own method produces -- R the S statistic from its exact method, the plugin the t and degrees of freedom from its approximation. The p-values they lead to are compared; the intermediates have no counterpart.	options
c0410	spearman_t	-0.45110113978177746			reported by plugin only (documented)	Each program exposes the working quantities its own method produces -- R the S statistic from its exact method, the plugin the t and degrees of freedom from its approximation. The p-values they lead to are compared; the intermediates have no counterpart.	options
c0411	spearman_df	38			reported by plugin only (documented)	Each program exposes the working quantities its own method produces -- R the S statistic from its exact method, the plugin the t and degrees of freedom from its approximation. The p-values they lead to are compared; the intermediates have no counterpart.	options
c0411	spearman_p		0.65345608803343025		reported by R only (documented)	When a correlation runs both tests, each program files the Spearman p under a different name -- R under the plain name, the plugin under a qualified one. The values are compared where the names line up.	options
c0411	spearman_s		11438		reported by R only (documented)	Each program exposes the working quantities its own method produces -- R the S statistic from its exact method, the plugin the t and degrees of freedom from its approximation. The p-values they lead to are compared; the intermediates have no counterpart.	options
c0411	spearman_t	-0.45110113978177746			reported by plugin only (documented)	Each program exposes the working quantities its own method produces -- R the S statistic from its exact method, the plugin the t and degrees of freedom from its approximation. The p-values they lead to are compared; the intermediates have no counterpart.	options
c0413	spearman_df	38			reported by plugin only (documented)	Each program exposes the working quantities its own method produces -- R the S statistic from its exact method, the plugin the t and degrees of freedom from its approximation. The p-values they lead to are compared; the intermediates have no counterpart.	options
c0413	spearman_s		10994		reported by R only (documented)	Each program exposes the working quantities its own method produces -- R the S statistic from its exact method, the plugin the t and degrees of freedom from its approximation. The p-values they lead to are compared; the intermediates have no counterpart.	options
c0413	spearman_t	-0.193238802921662			reported by plugin only (documented)	Each program exposes the working quantities its own method produces -- R the S statistic from its exact method, the plugin the t and degrees of freedom from its approximation. The p-values they lead to are compared; the intermediates have no counterpart.	options
c0414	spearman_df	38			reported by plugin only (documented)	Each program exposes the working quantities its own method produces -- R the S statistic from its exact method, the plugin the t and degrees of freedom from its approximation. The p-values they lead to are compared; the intermediates have no counterpart.	options
c0414	spearman_p		0.8475392800987146		reported by R only (documented)	When a correlation runs both tests, each program files the Spearman p under a different name -- R under the plain name, the plugin under a qualified one. The values are compared where the names line up.	options
c0414	spearman_s		10994		reported by R only (documented)	Each program exposes the working quantities its own method produces -- R the S statistic from its exact method, the plugin the t and degrees of freedom from its approximation. The p-values they lead to are compared; the intermediates have no counterpart.	options
c0414	spearman_t	-0.193238802921662			reported by plugin only (documented)	Each program exposes the working quantities its own method produces -- R the S statistic from its exact method, the plugin the t and degrees of freedom from its approximation. The p-values they lead to are compared; the intermediates have no counterpart.	options
c0416	spearman_df	18			reported by plugin only (documented)	Each program exposes the working quantities its own method produces -- R the S statistic from its exact method, the plugin the t and degrees of freedom from its approximation. The p-values they lead to are compared; the intermediates have no counterpart.	options
c0416	spearman_s		503.99999999999994		reported by R only (documented)	Each program exposes the working quantities its own method produces -- R the S statistic from its exact method, the plugin the t and degrees of freedom from its approximation. The p-values they lead to are compared; the intermediates have no counterpart.	options
c0416	spearman_t	3.36183700555932			reported by plugin only (documented)	Each program exposes the working quantities its own method produces -- R the S statistic from its exact method, the plugin the t and degrees of freedom from its approximation. The p-values they lead to are compared; the intermediates have no counterpart.	options
c0417	spearman_df	18			reported by plugin only (documented)	Each program exposes the working quantities its own method produces -- R the S statistic from its exact method, the plugin the t and degrees of freedom from its approximation. The p-values they lead to are compared; the intermediates have no counterpart.	options
c0417	spearman_p		0.004222076026557788		reported by R only (documented)	When a correlation runs both tests, each program files the Spearman p under a different name -- R under the plain name, the plugin under a qualified one. The values are compared where the names line up.	options
c0417	spearman_s		503.99999999999994		reported by R only (documented)	Each program exposes the working quantities its own method produces -- R the S statistic from its exact method, the plugin the t and degrees of freedom from its approximation. The p-values they lead to are compared; the intermediates have no counterpart.	options
c0417	spearman_t	3.36183700555932			reported by plugin only (documented)	Each program exposes the working quantities its own method produces -- R the S statistic from its exact method, the plugin the t and degrees of freedom from its approximation. The p-values they lead to are compared; the intermediates have no counterpart.	options
c0418	refuse_reason	Need at least 3 complete pairs for correlation.	Need at least 3 complete pairs for correlation (found 2).		wording differs (both refuse)	Where data cannot be analysed, both programs refuse the same analyses and each writes its refusal in its own words. That the same analyses refuse is checked separately.	options
c0419	refuse_reason	No correlation could be computed. Pearson: One or both variables have zero variance Spearman: One or both variables have zero variance	Zero variance in one column; correlation is undefined.		wording differs (both refuse)	Where data cannot be analysed, both programs refuse the same analyses and each writes its refusal in its own words. That the same analyses refuse is checked separately.	options
c0420	kurtosis_b2		-0.50016075551404215		reported by R only (documented)	R's `describe` emits a second pair of skewness and kurtosis values using a different estimator from the one both programs already agree on. The plugin reports one estimator; R reports two, and the second has no counterpart here.	options
c0420	skewness_b1		-0.39457138662075392		reported by R only (documented)	R's `describe` emits a second pair of skewness and kurtosis values using a different estimator from the one both programs already agree on. The plugin reports one estimator; R reports two, and the second has no counterpart here.	options
c0421	kurtosis_b2		-0.72433832065912895		reported by R only (documented)	R's `describe` emits a second pair of skewness and kurtosis values using a different estimator from the one both programs already agree on. The plugin reports one estimator; R reports two, and the second has no counterpart here.	options
c0421	skewness_b1		0.3199964015448008		reported by R only (documented)	R's `describe` emits a second pair of skewness and kurtosis values using a different estimator from the one both programs already agree on. The plugin reports one estimator; R reports two, and the second has no counterpart here.	options
c0422	kurtosis_b2		-0.73039885085550793		reported by R only (documented)	R's `describe` emits a second pair of skewness and kurtosis values using a different estimator from the one both programs already agree on. The plugin reports one estimator; R reports two, and the second has no counterpart here.	options
c0422	skewness_b1		-0.25138274310962438		reported by R only (documented)	R's `describe` emits a second pair of skewness and kurtosis values using a different estimator from the one both programs already agree on. The plugin reports one estimator; R reports two, and the second has no counterpart here.	options
c0423	kurtosis_b2		-0.92365314258842224		reported by R only (documented)	R's `describe` emits a second pair of skewness and kurtosis values using a different estimator from the one both programs already agree on. The plugin reports one estimator; R reports two, and the second has no counterpart here.	options
c0423	skewness_b1		0.39357156574614199		reported by R only (documented)	R's `describe` emits a second pair of skewness and kurtosis values using a different estimator from the one both programs already agree on. The plugin reports one estimator; R reports two, and the second has no counterpart here.	options
c0424	kurtosis_b2		-0.13678778231013311		reported by R only (documented)	R's `describe` emits a second pair of skewness and kurtosis values using a different estimator from the one both programs already agree on. The plugin reports one estimator; R reports two, and the second has no counterpart here.	options
c0424	skewness_b1		-0.037898509546990332		reported by R only (documented)	R's `describe` emits a second pair of skewness and kurtosis values using a different estimator from the one both programs already agree on. The plugin reports one estimator; R reports two, and the second has no counterpart here.	options
c0425	kurtosis_b2		-0.6400337657383246		reported by R only (documented)	R's `describe` emits a second pair of skewness and kurtosis values using a different estimator from the one both programs already agree on. The plugin reports one estimator; R reports two, and the second has no counterpart here.	options
c0425	skewness_b1		0.43016413637481116		reported by R only (documented)	R's `describe` emits a second pair of skewness and kurtosis values using a different estimator from the one both programs already agree on. The plugin reports one estimator; R reports two, and the second has no counterpart here.	options
c0426	kurtosis_b2		0.22535738758315516		reported by R only (documented)	R's `describe` emits a second pair of skewness and kurtosis values using a different estimator from the one both programs already agree on. The plugin reports one estimator; R reports two, and the second has no counterpart here.	options
c0426	skewness_b1		-0.26904861266213886		reported by R only (documented)	R's `describe` emits a second pair of skewness and kurtosis values using a different estimator from the one both programs already agree on. The plugin reports one estimator; R reports two, and the second has no counterpart here.	options
c0427	kurtosis_b2		-0.52132096678434348		reported by R only (documented)	R's `describe` emits a second pair of skewness and kurtosis values using a different estimator from the one both programs already agree on. The plugin reports one estimator; R reports two, and the second has no counterpart here.	options
c0427	skewness_b1		0.7274280632816047		reported by R only (documented)	R's `describe` emits a second pair of skewness and kurtosis values using a different estimator from the one both programs already agree on. The plugin reports one estimator; R reports two, and the second has no counterpart here.	options
c0428	kurtosis_b2		-0.72814514182300227		reported by R only (documented)	R's `describe` emits a second pair of skewness and kurtosis values using a different estimator from the one both programs already agree on. The plugin reports one estimator; R reports two, and the second has no counterpart here.	options
c0428	skewness_b1		0.21561539691087081		reported by R only (documented)	R's `describe` emits a second pair of skewness and kurtosis values using a different estimator from the one both programs already agree on. The plugin reports one estimator; R reports two, and the second has no counterpart here.	options
c0429	kurtosis_b2		-0.54568614994756315		reported by R only (documented)	R's `describe` emits a second pair of skewness and kurtosis values using a different estimator from the one both programs already agree on. The plugin reports one estimator; R reports two, and the second has no counterpart here.	options
c0429	skewness_b1		0.48534734859757833		reported by R only (documented)	R's `describe` emits a second pair of skewness and kurtosis values using a different estimator from the one both programs already agree on. The plugin reports one estimator; R reports two, and the second has no counterpart here.	options
c0430	kurtosis_b2		-1.0693008868737721		reported by R only (documented)	R's `describe` emits a second pair of skewness and kurtosis values using a different estimator from the one both programs already agree on. The plugin reports one estimator; R reports two, and the second has no counterpart here.	options
c0430	skewness_b1		0.44019627481290985		reported by R only (documented)	R's `describe` emits a second pair of skewness and kurtosis values using a different estimator from the one both programs already agree on. The plugin reports one estimator; R reports two, and the second has no counterpart here.	options
c0431	kurtosis_b2		-1.5607309259994109		reported by R only (documented)	R's `describe` emits a second pair of skewness and kurtosis values using a different estimator from the one both programs already agree on. The plugin reports one estimator; R reports two, and the second has no counterpart here.	options
c0431	skewness_b1		-0.072769051505371635		reported by R only (documented)	R's `describe` emits a second pair of skewness and kurtosis values using a different estimator from the one both programs already agree on. The plugin reports one estimator; R reports two, and the second has no counterpart here.	options
c0432	kurtosis_b2		-0.78535713306572541		reported by R only (documented)	R's `describe` emits a second pair of skewness and kurtosis values using a different estimator from the one both programs already agree on. The plugin reports one estimator; R reports two, and the second has no counterpart here.	options
c0432	skewness_b1		0.073230729141013889		reported by R only (documented)	R's `describe` emits a second pair of skewness and kurtosis values using a different estimator from the one both programs already agree on. The plugin reports one estimator; R reports two, and the second has no counterpart here.	options
c0433	kurtosis_b2		-0.67489371652233165		reported by R only (documented)	R's `describe` emits a second pair of skewness and kurtosis values using a different estimator from the one both programs already agree on. The plugin reports one estimator; R reports two, and the second has no counterpart here.	options
c0433	skewness_b1		-0.42847414811184081		reported by R only (documented)	R's `describe` emits a second pair of skewness and kurtosis values using a different estimator from the one both programs already agree on. The plugin reports one estimator; R reports two, and the second has no counterpart here.	options
c0434	kurtosis_b2		-0.72320095039583343		reported by R only (documented)	R's `describe` emits a second pair of skewness and kurtosis values using a different estimator from the one both programs already agree on. The plugin reports one estimator; R reports two, and the second has no counterpart here.	options
c0434	skewness_b1		0.18324969517690951		reported by R only (documented)	R's `describe` emits a second pair of skewness and kurtosis values using a different estimator from the one both programs already agree on. The plugin reports one estimator; R reports two, and the second has no counterpart here.	options
c0435	kurtosis_b2		-1.3486596017498413		reported by R only (documented)	R's `describe` emits a second pair of skewness and kurtosis values using a different estimator from the one both programs already agree on. The plugin reports one estimator; R reports two, and the second has no counterpart here.	options
c0435	skewness_b1		3.5170353917653609e-16		reported by R only (documented)	R's `describe` emits a second pair of skewness and kurtosis values using a different estimator from the one both programs already agree on. The plugin reports one estimator; R reports two, and the second has no counterpart here.	options
c0436	kurtosis_b2		-1.2668287918534107		reported by R only (documented)	R's `describe` emits a second pair of skewness and kurtosis values using a different estimator from the one both programs already agree on. The plugin reports one estimator; R reports two, and the second has no counterpart here.	options
c0436	skewness_b1		-0.060070035198977197		reported by R only (documented)	R's `describe` emits a second pair of skewness and kurtosis values using a different estimator from the one both programs already agree on. The plugin reports one estimator; R reports two, and the second has no counterpart here.	options
c0437	kurtosis_b2		-0.86807526918552869		reported by R only (documented)	R's `describe` emits a second pair of skewness and kurtosis values using a different estimator from the one both programs already agree on. The plugin reports one estimator; R reports two, and the second has no counterpart here.	options
c0437	skewness_b1		-0.15973129619926343		reported by R only (documented)	R's `describe` emits a second pair of skewness and kurtosis values using a different estimator from the one both programs already agree on. The plugin reports one estimator; R reports two, and the second has no counterpart here.	options
c0438	kurtosis_b2		0.089983243644859545		reported by R only (documented)	R's `describe` emits a second pair of skewness and kurtosis values using a different estimator from the one both programs already agree on. The plugin reports one estimator; R reports two, and the second has no counterpart here.	options
c0438	skewness_b1		0.84521158187436218		reported by R only (documented)	R's `describe` emits a second pair of skewness and kurtosis values using a different estimator from the one both programs already agree on. The plugin reports one estimator; R reports two, and the second has no counterpart here.	options
c0439	kurtosis_b2		-0.031776628867409951		reported by R only (documented)	R's `describe` emits a second pair of skewness and kurtosis values using a different estimator from the one both programs already agree on. The plugin reports one estimator; R reports two, and the second has no counterpart here.	options
c0439	skewness_b1		0.30846621864464674		reported by R only (documented)	R's `describe` emits a second pair of skewness and kurtosis values using a different estimator from the one both programs already agree on. The plugin reports one estimator; R reports two, and the second has no counterpart here.	options
c0440	kurtosis_b2		-1.2747962421204486		reported by R only (documented)	R's `describe` emits a second pair of skewness and kurtosis values using a different estimator from the one both programs already agree on. The plugin reports one estimator; R reports two, and the second has no counterpart here.	options
c0440	skewness_b1		0.22967978473600981		reported by R only (documented)	R's `describe` emits a second pair of skewness and kurtosis values using a different estimator from the one both programs already agree on. The plugin reports one estimator; R reports two, and the second has no counterpart here.	options
c0441	kurtosis_b2		-1.4034292975741578		reported by R only (documented)	R's `describe` emits a second pair of skewness and kurtosis values using a different estimator from the one both programs already agree on. The plugin reports one estimator; R reports two, and the second has no counterpart here.	options
c0441	skewness_b1		-0.19883992510226531		reported by R only (documented)	R's `describe` emits a second pair of skewness and kurtosis values using a different estimator from the one both programs already agree on. The plugin reports one estimator; R reports two, and the second has no counterpart here.	options
c0442	kurtosis_b2		0.23875736249489954		reported by R only (documented)	R's `describe` emits a second pair of skewness and kurtosis values using a different estimator from the one both programs already agree on. The plugin reports one estimator; R reports two, and the second has no counterpart here.	options
c0442	skewness_b1		-0.20749021068822429		reported by R only (documented)	R's `describe` emits a second pair of skewness and kurtosis values using a different estimator from the one both programs already agree on. The plugin reports one estimator; R reports two, and the second has no counterpart here.	options
c0443	kurtosis_b2		0.85641544521177426		reported by R only (documented)	R's `describe` emits a second pair of skewness and kurtosis values using a different estimator from the one both programs already agree on. The plugin reports one estimator; R reports two, and the second has no counterpart here.	options
c0443	skewness_b1		-0.76309618096142107		reported by R only (documented)	R's `describe` emits a second pair of skewness and kurtosis values using a different estimator from the one both programs already agree on. The plugin reports one estimator; R reports two, and the second has no counterpart here.	options
c0444	kurtosis_b2		-1.3866287365564476		reported by R only (documented)	R's `describe` emits a second pair of skewness and kurtosis values using a different estimator from the one both programs already agree on. The plugin reports one estimator; R reports two, and the second has no counterpart here.	options
c0444	skewness_b1		-0.030139882107826064		reported by R only (documented)	R's `describe` emits a second pair of skewness and kurtosis values using a different estimator from the one both programs already agree on. The plugin reports one estimator; R reports two, and the second has no counterpart here.	options
c0445	kurtosis_b2		-0.64272151867902716		reported by R only (documented)	R's `describe` emits a second pair of skewness and kurtosis values using a different estimator from the one both programs already agree on. The plugin reports one estimator; R reports two, and the second has no counterpart here.	options
c0445	skewness_b1		-0.089407535268912583		reported by R only (documented)	R's `describe` emits a second pair of skewness and kurtosis values using a different estimator from the one both programs already agree on. The plugin reports one estimator; R reports two, and the second has no counterpart here.	options
c0446	kurtosis_b2		-0.7700089535546506		reported by R only (documented)	R's `describe` emits a second pair of skewness and kurtosis values using a different estimator from the one both programs already agree on. The plugin reports one estimator; R reports two, and the second has no counterpart here.	options
c0446	skewness_b1		-0.58045239507318913		reported by R only (documented)	R's `describe` emits a second pair of skewness and kurtosis values using a different estimator from the one both programs already agree on. The plugin reports one estimator; R reports two, and the second has no counterpart here.	options
c0447	kurtosis_b2		-2.0582200060107385		reported by R only (documented)	R's `describe` emits a second pair of skewness and kurtosis values using a different estimator from the one both programs already agree on. The plugin reports one estimator; R reports two, and the second has no counterpart here.	options
c0447	skewness_b1		-0.1612531629645918		reported by R only (documented)	R's `describe` emits a second pair of skewness and kurtosis values using a different estimator from the one both programs already agree on. The plugin reports one estimator; R reports two, and the second has no counterpart here.	options
c0448	kurtosis_b2		-2.0582200060107385		reported by R only (documented)	R's `describe` emits a second pair of skewness and kurtosis values using a different estimator from the one both programs already agree on. The plugin reports one estimator; R reports two, and the second has no counterpart here.	options
c0448	skewness_b1		-0.1612531629645918		reported by R only (documented)	R's `describe` emits a second pair of skewness and kurtosis values using a different estimator from the one both programs already agree on. The plugin reports one estimator; R reports two, and the second has no counterpart here.	options
c0449	kurtosis_b2		-2.0582200060107385		reported by R only (documented)	R's `describe` emits a second pair of skewness and kurtosis values using a different estimator from the one both programs already agree on. The plugin reports one estimator; R reports two, and the second has no counterpart here.	options
c0449	skewness_b1		-0.1612531629645918		reported by R only (documented)	R's `describe` emits a second pair of skewness and kurtosis values using a different estimator from the one both programs already agree on. The plugin reports one estimator; R reports two, and the second has no counterpart here.	options
c0450	kurtosis_b2		-2.75		reported by R only (documented)	R's `describe` emits a second pair of skewness and kurtosis values using a different estimator from the one both programs already agree on. The plugin reports one estimator; R reports two, and the second has no counterpart here.	options
c0450	skewness_b1		0		reported by R only (documented)	R's `describe` emits a second pair of skewness and kurtosis values using a different estimator from the one both programs already agree on. The plugin reports one estimator; R reports two, and the second has no counterpart here.	options
c0451	kurtosis_b2		-2.75		reported by R only (documented)	R's `describe` emits a second pair of skewness and kurtosis values using a different estimator from the one both programs already agree on. The plugin reports one estimator; R reports two, and the second has no counterpart here.	options
c0451	skewness_b1		0		reported by R only (documented)	R's `describe` emits a second pair of skewness and kurtosis values using a different estimator from the one both programs already agree on. The plugin reports one estimator; R reports two, and the second has no counterpart here.	options
c0452	kurtosis_b2		-2.75		reported by R only (documented)	R's `describe` emits a second pair of skewness and kurtosis values using a different estimator from the one both programs already agree on. The plugin reports one estimator; R reports two, and the second has no counterpart here.	options
c0452	skewness_b1		0		reported by R only (documented)	R's `describe` emits a second pair of skewness and kurtosis values using a different estimator from the one both programs already agree on. The plugin reports one estimator; R reports two, and the second has no counterpart here.	options
c0453	ci_high	80			undefined marker, one side (documented)	Every descriptive analysis owes a confidence interval for the mean. Where a column has no variance R's `t.test` refuses, and the R side records that refusal instead of a number.	options
c0453	ci_high_undefined		1		undefined marker, one side (documented)	Every descriptive analysis owes a confidence interval for the mean. Where a column has no variance R's `t.test` refuses, and the R side records that refusal instead of a number.	options
c0453	ci_low	80			undefined marker, one side (documented)	Every descriptive analysis owes a confidence interval for the mean. Where a column has no variance R's `t.test` refuses, and the R side records that refusal instead of a number.	options
c0453	ci_low_undefined		1		undefined marker, one side (documented)	Every descriptive analysis owes a confidence interval for the mean. Where a column has no variance R's `t.test` refuses, and the R side records that refusal instead of a number.	options
c0453	kurtosis_b2_undefined		1		reported by R only (documented)	R's `describe` emits a second pair of skewness and kurtosis values using a different estimator from the one both programs already agree on. The plugin reports one estimator; R reports two, and the second has no counterpart here.	options
c0453	skewness_b1_undefined		1		reported by R only (documented)	R's `describe` emits a second pair of skewness and kurtosis values using a different estimator from the one both programs already agree on. The plugin reports one estimator; R reports two, and the second has no counterpart here.	options
c0454	ci_high	80			undefined marker, one side (documented)	Every descriptive analysis owes a confidence interval for the mean. Where a column has no variance R's `t.test` refuses, and the R side records that refusal instead of a number.	options
c0454	ci_high_undefined		1		undefined marker, one side (documented)	Every descriptive analysis owes a confidence interval for the mean. Where a column has no variance R's `t.test` refuses, and the R side records that refusal instead of a number.	options
c0454	ci_low	80			undefined marker, one side (documented)	Every descriptive analysis owes a confidence interval for the mean. Where a column has no variance R's `t.test` refuses, and the R side records that refusal instead of a number.	options
c0454	ci_low_undefined		1		undefined marker, one side (documented)	Every descriptive analysis owes a confidence interval for the mean. Where a column has no variance R's `t.test` refuses, and the R side records that refusal instead of a number.	options
c0454	kurtosis_b2_undefined		1		reported by R only (documented)	R's `describe` emits a second pair of skewness and kurtosis values using a different estimator from the one both programs already agree on. The plugin reports one estimator; R reports two, and the second has no counterpart here.	options
c0454	skewness_b1_undefined		1		reported by R only (documented)	R's `describe` emits a second pair of skewness and kurtosis values using a different estimator from the one both programs already agree on. The plugin reports one estimator; R reports two, and the second has no counterpart here.	options
c0455	ci_high	80			undefined marker, one side (documented)	Every descriptive analysis owes a confidence interval for the mean. Where a column has no variance R's `t.test` refuses, and the R side records that refusal instead of a number.	options
c0455	ci_high_undefined		1		undefined marker, one side (documented)	Every descriptive analysis owes a confidence interval for the mean. Where a column has no variance R's `t.test` refuses, and the R side records that refusal instead of a number.	options
c0455	ci_low	80			undefined marker, one side (documented)	Every descriptive analysis owes a confidence interval for the mean. Where a column has no variance R's `t.test` refuses, and the R side records that refusal instead of a number.	options
c0455	ci_low_undefined		1		undefined marker, one side (documented)	Every descriptive analysis owes a confidence interval for the mean. Where a column has no variance R's `t.test` refuses, and the R side records that refusal instead of a number.	options
c0455	kurtosis_b2_undefined		1		reported by R only (documented)	R's `describe` emits a second pair of skewness and kurtosis values using a different estimator from the one both programs already agree on. The plugin reports one estimator; R reports two, and the second has no counterpart here.	options
c0455	skewness_b1_undefined		1		reported by R only (documented)	R's `describe` emits a second pair of skewness and kurtosis values using a different estimator from the one both programs already agree on. The plugin reports one estimator; R reports two, and the second has no counterpart here.	options
c0456	kurtosis_b2		-2.2350000000000003		reported by R only (documented)	R's `describe` emits a second pair of skewness and kurtosis values using a different estimator from the one both programs already agree on. The plugin reports one estimator; R reports two, and the second has no counterpart here.	options
c0456	skewness_b1		1.596761239367835e-15		reported by R only (documented)	R's `describe` emits a second pair of skewness and kurtosis values using a different estimator from the one both programs already agree on. The plugin reports one estimator; R reports two, and the second has no counterpart here.	options
c0457	kurtosis_b2		-1.9120000000000001		reported by R only (documented)	R's `describe` emits a second pair of skewness and kurtosis values using a different estimator from the one both programs already agree on. The plugin reports one estimator; R reports two, and the second has no counterpart here.	options
c0457	skewness_b1		1.9666998002785707e-15		reported by R only (documented)	R's `describe` emits a second pair of skewness and kurtosis values using a different estimator from the one both programs already agree on. The plugin reports one estimator; R reports two, and the second has no counterpart here.	options
c0458	kurtosis_b2		-1.9120000000000001		reported by R only (documented)	R's `describe` emits a second pair of skewness and kurtosis values using a different estimator from the one both programs already agree on. The plugin reports one estimator; R reports two, and the second has no counterpart here.	options
c0458	skewness_b1		1.9666998002785707e-15		reported by R only (documented)	R's `describe` emits a second pair of skewness and kurtosis values using a different estimator from the one both programs already agree on. The plugin reports one estimator; R reports two, and the second has no counterpart here.	options
c0459	ci_high	79.35553278135828			NOT DOCUMENTED -- see enforcement/why in reconciliation.tsv		
c0459	ci_low	65.17780055197505			NOT DOCUMENTED -- see enforcement/why in reconciliation.tsv		
c0459	iqr	2.6999999999999886			NOT DOCUMENTED -- see enforcement/why in reconciliation.tsv		
c0459	kurtosis_undefined	1			NOT DOCUMENTED -- see enforcement/why in reconciliation.tsv		
c0459	max	75.5			NOT DOCUMENTED -- see enforcement/why in reconciliation.tsv		
c0459	mean	72.26666666666667			NOT DOCUMENTED -- see enforcement/why in reconciliation.tsv		
c0459	median	71.2			NOT DOCUMENTED -- see enforcement/why in reconciliation.tsv		
c0459	min	70.1			NOT DOCUMENTED -- see enforcement/why in reconciliation.tsv		
c0459	n	3			NOT DOCUMENTED -- see enforcement/why in reconciliation.tsv		
c0459	q1	70.65			NOT DOCUMENTED -- see enforcement/why in reconciliation.tsv		
c0459	q3	73.35			NOT DOCUMENTED -- see enforcement/why in reconciliation.tsv		
c0459	range	5.400000000000006			NOT DOCUMENTED -- see enforcement/why in reconciliation.tsv		
c0459	sd	2.853652630109934			NOT DOCUMENTED -- see enforcement/why in reconciliation.tsv		
c0459	sem	1.647557114167654			NOT DOCUMENTED -- see enforcement/why in reconciliation.tsv		
c0459	skewness	1.4470398805017473			NOT DOCUMENTED -- see enforcement/why in reconciliation.tsv		
c0459	variance	8.143333333333343			NOT DOCUMENTED -- see enforcement/why in reconciliation.tsv		
c0460	kurtosis_b2		-1.0354787984071063		reported by R only (documented)	R's `describe` emits a second pair of skewness and kurtosis values using a different estimator from the one both programs already agree on. The plugin reports one estimator; R reports two, and the second has no counterpart here.	options
c0460	skewness_b1		0.31375427732576794		reported by R only (documented)	R's `describe` emits a second pair of skewness and kurtosis values using a different estimator from the one both programs already agree on. The plugin reports one estimator; R reports two, and the second has no counterpart here.	options
c0461	kurtosis_b2		-1.3007805053691497		reported by R only (documented)	R's `describe` emits a second pair of skewness and kurtosis values using a different estimator from the one both programs already agree on. The plugin reports one estimator; R reports two, and the second has no counterpart here.	options
c0461	skewness_b1		0.28226630997175511		reported by R only (documented)	R's `describe` emits a second pair of skewness and kurtosis values using a different estimator from the one both programs already agree on. The plugin reports one estimator; R reports two, and the second has no counterpart here.	options
c0462	kurtosis_b2		-0.50016075551404215		reported by R only (documented)	R's `describe` emits a second pair of skewness and kurtosis values using a different estimator from the one both programs already agree on. The plugin reports one estimator; R reports two, and the second has no counterpart here.	options
c0462	skewness_b1		-0.39457138662075392		reported by R only (documented)	R's `describe` emits a second pair of skewness and kurtosis values using a different estimator from the one both programs already agree on. The plugin reports one estimator; R reports two, and the second has no counterpart here.	options
c0463	kurtosis_b2		-0.72433832065912895		reported by R only (documented)	R's `describe` emits a second pair of skewness and kurtosis values using a different estimator from the one both programs already agree on. The plugin reports one estimator; R reports two, and the second has no counterpart here.	options
c0463	skewness_b1		0.3199964015448008		reported by R only (documented)	R's `describe` emits a second pair of skewness and kurtosis values using a different estimator from the one both programs already agree on. The plugin reports one estimator; R reports two, and the second has no counterpart here.	options
c0464	kurtosis_b2		-0.73039885085550793		reported by R only (documented)	R's `describe` emits a second pair of skewness and kurtosis values using a different estimator from the one both programs already agree on. The plugin reports one estimator; R reports two, and the second has no counterpart here.	options
c0464	skewness_b1		-0.25138274310962438		reported by R only (documented)	R's `describe` emits a second pair of skewness and kurtosis values using a different estimator from the one both programs already agree on. The plugin reports one estimator; R reports two, and the second has no counterpart here.	options
c0465	kurtosis_b2		-0.92365314258842224		reported by R only (documented)	R's `describe` emits a second pair of skewness and kurtosis values using a different estimator from the one both programs already agree on. The plugin reports one estimator; R reports two, and the second has no counterpart here.	options
c0465	skewness_b1		0.39357156574614199		reported by R only (documented)	R's `describe` emits a second pair of skewness and kurtosis values using a different estimator from the one both programs already agree on. The plugin reports one estimator; R reports two, and the second has no counterpart here.	options
c0466	kurtosis_b2		-0.13678778231013311		reported by R only (documented)	R's `describe` emits a second pair of skewness and kurtosis values using a different estimator from the one both programs already agree on. The plugin reports one estimator; R reports two, and the second has no counterpart here.	options
c0466	skewness_b1		-0.037898509546990332		reported by R only (documented)	R's `describe` emits a second pair of skewness and kurtosis values using a different estimator from the one both programs already agree on. The plugin reports one estimator; R reports two, and the second has no counterpart here.	options
c0467	kurtosis_b2		-0.6400337657383246		reported by R only (documented)	R's `describe` emits a second pair of skewness and kurtosis values using a different estimator from the one both programs already agree on. The plugin reports one estimator; R reports two, and the second has no counterpart here.	options
c0467	skewness_b1		0.43016413637481116		reported by R only (documented)	R's `describe` emits a second pair of skewness and kurtosis values using a different estimator from the one both programs already agree on. The plugin reports one estimator; R reports two, and the second has no counterpart here.	options
c0468	kurtosis_b2		0.22535738758315516		reported by R only (documented)	R's `describe` emits a second pair of skewness and kurtosis values using a different estimator from the one both programs already agree on. The plugin reports one estimator; R reports two, and the second has no counterpart here.	options
c0468	skewness_b1		-0.26904861266213886		reported by R only (documented)	R's `describe` emits a second pair of skewness and kurtosis values using a different estimator from the one both programs already agree on. The plugin reports one estimator; R reports two, and the second has no counterpart here.	options
c0469	kurtosis_b2		-0.52132096678434348		reported by R only (documented)	R's `describe` emits a second pair of skewness and kurtosis values using a different estimator from the one both programs already agree on. The plugin reports one estimator; R reports two, and the second has no counterpart here.	options
c0469	skewness_b1		0.7274280632816047		reported by R only (documented)	R's `describe` emits a second pair of skewness and kurtosis values using a different estimator from the one both programs already agree on. The plugin reports one estimator; R reports two, and the second has no counterpart here.	options
c0470	kurtosis_b2		-0.72814514182300227		reported by R only (documented)	R's `describe` emits a second pair of skewness and kurtosis values using a different estimator from the one both programs already agree on. The plugin reports one estimator; R reports two, and the second has no counterpart here.	options
c0470	skewness_b1		0.21561539691087081		reported by R only (documented)	R's `describe` emits a second pair of skewness and kurtosis values using a different estimator from the one both programs already agree on. The plugin reports one estimator; R reports two, and the second has no counterpart here.	options
c0471	kurtosis_b2		-0.54568614994756315		reported by R only (documented)	R's `describe` emits a second pair of skewness and kurtosis values using a different estimator from the one both programs already agree on. The plugin reports one estimator; R reports two, and the second has no counterpart here.	options
c0471	skewness_b1		0.48534734859757833		reported by R only (documented)	R's `describe` emits a second pair of skewness and kurtosis values using a different estimator from the one both programs already agree on. The plugin reports one estimator; R reports two, and the second has no counterpart here.	options
c0472	kurtosis_b2		-1.0693008868737721		reported by R only (documented)	R's `describe` emits a second pair of skewness and kurtosis values using a different estimator from the one both programs already agree on. The plugin reports one estimator; R reports two, and the second has no counterpart here.	options
c0472	skewness_b1		0.44019627481290985		reported by R only (documented)	R's `describe` emits a second pair of skewness and kurtosis values using a different estimator from the one both programs already agree on. The plugin reports one estimator; R reports two, and the second has no counterpart here.	options
c0473	kurtosis_b2		-1.5607309259994109		reported by R only (documented)	R's `describe` emits a second pair of skewness and kurtosis values using a different estimator from the one both programs already agree on. The plugin reports one estimator; R reports two, and the second has no counterpart here.	options
c0473	skewness_b1		-0.072769051505371635		reported by R only (documented)	R's `describe` emits a second pair of skewness and kurtosis values using a different estimator from the one both programs already agree on. The plugin reports one estimator; R reports two, and the second has no counterpart here.	options
c0474	kurtosis_b2		-0.78535713306572541		reported by R only (documented)	R's `describe` emits a second pair of skewness and kurtosis values using a different estimator from the one both programs already agree on. The plugin reports one estimator; R reports two, and the second has no counterpart here.	options
c0474	skewness_b1		0.073230729141013889		reported by R only (documented)	R's `describe` emits a second pair of skewness and kurtosis values using a different estimator from the one both programs already agree on. The plugin reports one estimator; R reports two, and the second has no counterpart here.	options
c0475	kurtosis_b2		-0.67489371652233165		reported by R only (documented)	R's `describe` emits a second pair of skewness and kurtosis values using a different estimator from the one both programs already agree on. The plugin reports one estimator; R reports two, and the second has no counterpart here.	options
c0475	skewness_b1		-0.42847414811184081		reported by R only (documented)	R's `describe` emits a second pair of skewness and kurtosis values using a different estimator from the one both programs already agree on. The plugin reports one estimator; R reports two, and the second has no counterpart here.	options
c0476	kurtosis_b2		-0.72320095039583343		reported by R only (documented)	R's `describe` emits a second pair of skewness and kurtosis values using a different estimator from the one both programs already agree on. The plugin reports one estimator; R reports two, and the second has no counterpart here.	options
c0476	skewness_b1		0.18324969517690951		reported by R only (documented)	R's `describe` emits a second pair of skewness and kurtosis values using a different estimator from the one both programs already agree on. The plugin reports one estimator; R reports two, and the second has no counterpart here.	options
c0477	kurtosis_b2		-1.3486596017498413		reported by R only (documented)	R's `describe` emits a second pair of skewness and kurtosis values using a different estimator from the one both programs already agree on. The plugin reports one estimator; R reports two, and the second has no counterpart here.	options
c0477	skewness_b1		3.5170353917653609e-16		reported by R only (documented)	R's `describe` emits a second pair of skewness and kurtosis values using a different estimator from the one both programs already agree on. The plugin reports one estimator; R reports two, and the second has no counterpart here.	options
c0478	kurtosis_b2		-1.2668287918534107		reported by R only (documented)	R's `describe` emits a second pair of skewness and kurtosis values using a different estimator from the one both programs already agree on. The plugin reports one estimator; R reports two, and the second has no counterpart here.	options
c0478	skewness_b1		-0.060070035198977197		reported by R only (documented)	R's `describe` emits a second pair of skewness and kurtosis values using a different estimator from the one both programs already agree on. The plugin reports one estimator; R reports two, and the second has no counterpart here.	options
c0479	kurtosis_b2		-0.86807526918552869		reported by R only (documented)	R's `describe` emits a second pair of skewness and kurtosis values using a different estimator from the one both programs already agree on. The plugin reports one estimator; R reports two, and the second has no counterpart here.	options
c0479	skewness_b1		-0.15973129619926343		reported by R only (documented)	R's `describe` emits a second pair of skewness and kurtosis values using a different estimator from the one both programs already agree on. The plugin reports one estimator; R reports two, and the second has no counterpart here.	options
c0480	kurtosis_b2		0.089983243644859545		reported by R only (documented)	R's `describe` emits a second pair of skewness and kurtosis values using a different estimator from the one both programs already agree on. The plugin reports one estimator; R reports two, and the second has no counterpart here.	options
c0480	skewness_b1		0.84521158187436218		reported by R only (documented)	R's `describe` emits a second pair of skewness and kurtosis values using a different estimator from the one both programs already agree on. The plugin reports one estimator; R reports two, and the second has no counterpart here.	options
c0481	kurtosis_b2		-0.031776628867409951		reported by R only (documented)	R's `describe` emits a second pair of skewness and kurtosis values using a different estimator from the one both programs already agree on. The plugin reports one estimator; R reports two, and the second has no counterpart here.	options
c0481	skewness_b1		0.30846621864464674		reported by R only (documented)	R's `describe` emits a second pair of skewness and kurtosis values using a different estimator from the one both programs already agree on. The plugin reports one estimator; R reports two, and the second has no counterpart here.	options
c0482	kurtosis_b2		-1.2747962421204486		reported by R only (documented)	R's `describe` emits a second pair of skewness and kurtosis values using a different estimator from the one both programs already agree on. The plugin reports one estimator; R reports two, and the second has no counterpart here.	options
c0482	skewness_b1		0.22967978473600981		reported by R only (documented)	R's `describe` emits a second pair of skewness and kurtosis values using a different estimator from the one both programs already agree on. The plugin reports one estimator; R reports two, and the second has no counterpart here.	options
c0483	kurtosis_b2		-1.4034292975741578		reported by R only (documented)	R's `describe` emits a second pair of skewness and kurtosis values using a different estimator from the one both programs already agree on. The plugin reports one estimator; R reports two, and the second has no counterpart here.	options
c0483	skewness_b1		-0.19883992510226531		reported by R only (documented)	R's `describe` emits a second pair of skewness and kurtosis values using a different estimator from the one both programs already agree on. The plugin reports one estimator; R reports two, and the second has no counterpart here.	options
c0484	kurtosis_b2		0.23875736249489954		reported by R only (documented)	R's `describe` emits a second pair of skewness and kurtosis values using a different estimator from the one both programs already agree on. The plugin reports one estimator; R reports two, and the second has no counterpart here.	options
c0484	skewness_b1		-0.20749021068822429		reported by R only (documented)	R's `describe` emits a second pair of skewness and kurtosis values using a different estimator from the one both programs already agree on. The plugin reports one estimator; R reports two, and the second has no counterpart here.	options
c0485	kurtosis_b2		0.85641544521177426		reported by R only (documented)	R's `describe` emits a second pair of skewness and kurtosis values using a different estimator from the one both programs already agree on. The plugin reports one estimator; R reports two, and the second has no counterpart here.	options
c0485	skewness_b1		-0.76309618096142107		reported by R only (documented)	R's `describe` emits a second pair of skewness and kurtosis values using a different estimator from the one both programs already agree on. The plugin reports one estimator; R reports two, and the second has no counterpart here.	options
c0486	kurtosis_b2		-1.3866287365564476		reported by R only (documented)	R's `describe` emits a second pair of skewness and kurtosis values using a different estimator from the one both programs already agree on. The plugin reports one estimator; R reports two, and the second has no counterpart here.	options
c0486	skewness_b1		-0.030139882107826064		reported by R only (documented)	R's `describe` emits a second pair of skewness and kurtosis values using a different estimator from the one both programs already agree on. The plugin reports one estimator; R reports two, and the second has no counterpart here.	options
c0487	kurtosis_b2		-0.64272151867902716		reported by R only (documented)	R's `describe` emits a second pair of skewness and kurtosis values using a different estimator from the one both programs already agree on. The plugin reports one estimator; R reports two, and the second has no counterpart here.	options
c0487	skewness_b1		-0.089407535268912583		reported by R only (documented)	R's `describe` emits a second pair of skewness and kurtosis values using a different estimator from the one both programs already agree on. The plugin reports one estimator; R reports two, and the second has no counterpart here.	options
c0488	kurtosis_b2		-0.7700089535546506		reported by R only (documented)	R's `describe` emits a second pair of skewness and kurtosis values using a different estimator from the one both programs already agree on. The plugin reports one estimator; R reports two, and the second has no counterpart here.	options
c0488	skewness_b1		-0.58045239507318913		reported by R only (documented)	R's `describe` emits a second pair of skewness and kurtosis values using a different estimator from the one both programs already agree on. The plugin reports one estimator; R reports two, and the second has no counterpart here.	options
c0489	kurtosis_b2		-2.0582200060107385		reported by R only (documented)	R's `describe` emits a second pair of skewness and kurtosis values using a different estimator from the one both programs already agree on. The plugin reports one estimator; R reports two, and the second has no counterpart here.	options
c0489	skewness_b1		-0.1612531629645918		reported by R only (documented)	R's `describe` emits a second pair of skewness and kurtosis values using a different estimator from the one both programs already agree on. The plugin reports one estimator; R reports two, and the second has no counterpart here.	options
c0490	kurtosis_b2		-2.0582200060107385		reported by R only (documented)	R's `describe` emits a second pair of skewness and kurtosis values using a different estimator from the one both programs already agree on. The plugin reports one estimator; R reports two, and the second has no counterpart here.	options
c0490	skewness_b1		-0.1612531629645918		reported by R only (documented)	R's `describe` emits a second pair of skewness and kurtosis values using a different estimator from the one both programs already agree on. The plugin reports one estimator; R reports two, and the second has no counterpart here.	options
c0491	kurtosis_b2		-2.0582200060107385		reported by R only (documented)	R's `describe` emits a second pair of skewness and kurtosis values using a different estimator from the one both programs already agree on. The plugin reports one estimator; R reports two, and the second has no counterpart here.	options
c0491	skewness_b1		-0.1612531629645918		reported by R only (documented)	R's `describe` emits a second pair of skewness and kurtosis values using a different estimator from the one both programs already agree on. The plugin reports one estimator; R reports two, and the second has no counterpart here.	options
c0495	kurtosis_b2_undefined		1		reported by R only (documented)	R's `describe` emits a second pair of skewness and kurtosis values using a different estimator from the one both programs already agree on. The plugin reports one estimator; R reports two, and the second has no counterpart here.	options
c0495	skewness_b1_undefined		1		reported by R only (documented)	R's `describe` emits a second pair of skewness and kurtosis values using a different estimator from the one both programs already agree on. The plugin reports one estimator; R reports two, and the second has no counterpart here.	options
c0496	kurtosis_b2_undefined		1		reported by R only (documented)	R's `describe` emits a second pair of skewness and kurtosis values using a different estimator from the one both programs already agree on. The plugin reports one estimator; R reports two, and the second has no counterpart here.	options
c0496	skewness_b1_undefined		1		reported by R only (documented)	R's `describe` emits a second pair of skewness and kurtosis values using a different estimator from the one both programs already agree on. The plugin reports one estimator; R reports two, and the second has no counterpart here.	options
c0497	kurtosis_b2_undefined		1		reported by R only (documented)	R's `describe` emits a second pair of skewness and kurtosis values using a different estimator from the one both programs already agree on. The plugin reports one estimator; R reports two, and the second has no counterpart here.	options
c0497	skewness_b1_undefined		1		reported by R only (documented)	R's `describe` emits a second pair of skewness and kurtosis values using a different estimator from the one both programs already agree on. The plugin reports one estimator; R reports two, and the second has no counterpart here.	options
c0498	kurtosis_b2		-2.2350000000000003		reported by R only (documented)	R's `describe` emits a second pair of skewness and kurtosis values using a different estimator from the one both programs already agree on. The plugin reports one estimator; R reports two, and the second has no counterpart here.	options
c0498	skewness_b1		1.596761239367835e-15		reported by R only (documented)	R's `describe` emits a second pair of skewness and kurtosis values using a different estimator from the one both programs already agree on. The plugin reports one estimator; R reports two, and the second has no counterpart here.	options
c0499	kurtosis_b2		-1.9120000000000001		reported by R only (documented)	R's `describe` emits a second pair of skewness and kurtosis values using a different estimator from the one both programs already agree on. The plugin reports one estimator; R reports two, and the second has no counterpart here.	options
c0499	skewness_b1		1.9666998002785707e-15		reported by R only (documented)	R's `describe` emits a second pair of skewness and kurtosis values using a different estimator from the one both programs already agree on. The plugin reports one estimator; R reports two, and the second has no counterpart here.	options
c0500	kurtosis_b2		-1.9120000000000001		reported by R only (documented)	R's `describe` emits a second pair of skewness and kurtosis values using a different estimator from the one both programs already agree on. The plugin reports one estimator; R reports two, and the second has no counterpart here.	options
c0500	skewness_b1		1.9666998002785707e-15		reported by R only (documented)	R's `describe` emits a second pair of skewness and kurtosis values using a different estimator from the one both programs already agree on. The plugin reports one estimator; R reports two, and the second has no counterpart here.	options
c0501	kurtosis_undefined	1			NOT DOCUMENTED -- see enforcement/why in reconciliation.tsv		
c0501	mean	72.26666666666667			NOT DOCUMENTED -- see enforcement/why in reconciliation.tsv		
c0501	median	71.2			NOT DOCUMENTED -- see enforcement/why in reconciliation.tsv		
c0501	n	3			NOT DOCUMENTED -- see enforcement/why in reconciliation.tsv		
c0501	p	0.37041548886209436			NOT DOCUMENTED -- see enforcement/why in reconciliation.tsv		
c0501	sd	2.853652630109934			NOT DOCUMENTED -- see enforcement/why in reconciliation.tsv		
c0501	skewness	1.4470398805017473			NOT DOCUMENTED -- see enforcement/why in reconciliation.tsv		
c0501	w_statistic	0.895210806385592			NOT DOCUMENTED -- see enforcement/why in reconciliation.tsv		
c0502	kurtosis_b2		-1.0354787984071063		reported by R only (documented)	R's `describe` emits a second pair of skewness and kurtosis values using a different estimator from the one both programs already agree on. The plugin reports one estimator; R reports two, and the second has no counterpart here.	options
c0502	skewness_b1		0.31375427732576794		reported by R only (documented)	R's `describe` emits a second pair of skewness and kurtosis values using a different estimator from the one both programs already agree on. The plugin reports one estimator; R reports two, and the second has no counterpart here.	options
c0503	kurtosis_b2		-1.3007805053691497		reported by R only (documented)	R's `describe` emits a second pair of skewness and kurtosis values using a different estimator from the one both programs already agree on. The plugin reports one estimator; R reports two, and the second has no counterpart here.	options
c0503	skewness_b1		0.28226630997175511		reported by R only (documented)	R's `describe` emits a second pair of skewness and kurtosis values using a different estimator from the one both programs already agree on. The plugin reports one estimator; R reports two, and the second has no counterpart here.	options
c0513	refuse_reason	Need at least 3 rows for regression.	Need at least 3 non-missing paired observations (found 2).		wording differs (both refuse)	Where data cannot be analysed, both programs refuse the same analyses and each writes its refusal in its own words. That the same analyses refuse is checked separately.	options
c0514	overall_adj_r_squared		-0.0060675380920856004		reported by R only (documented)	The plugin reports adjusted R-squared on ungrouped regression but not on the grouped path. Another coverage gap.	options
c0515	overall_adj_r_squared		-0.0060675380920856004		reported by R only (documented)	The plugin reports adjusted R-squared on ungrouped regression but not on the grouped path. Another coverage gap.	options
c0516	overall_adj_r_squared		0.039735229294669328		reported by R only (documented)	The plugin reports adjusted R-squared on ungrouped regression but not on the grouped path. Another coverage gap.	options
c0517	overall_adj_r_squared		0.039735229294669328		reported by R only (documented)	The plugin reports adjusted R-squared on ungrouped regression but not on the grouped path. Another coverage gap.	options
c0518	overall_adj_r_squared		0.096639694028528456		reported by R only (documented)	The plugin reports adjusted R-squared on ungrouped regression but not on the grouped path. Another coverage gap.	options
c0519	overall_adj_r_squared		0.096639694028528456		reported by R only (documented)	The plugin reports adjusted R-squared on ungrouped regression but not on the grouped path. Another coverage gap.	options
c0528	refuse_reason	The subject x condition residual is zero: every subject shows exactly the same pattern across conditions. The error term for the F test is therefore zero and F is undefined. Data that behaves this way is usually simulated, already averaged, or derived from one of its own columns.	Zero subject-by-condition residual variance on the 4 complete case(s) (error SS=0); the F-ratio is undefined or degenerate.		wording differs (both refuse)	Where data cannot be analysed, both programs refuse the same analyses and each writes its refusal in its own words. That the same analyses refuse is checked separately.	options
c0529	refuse_reason	The subject x condition residual is zero: every subject shows exactly the same pattern across conditions. The error term for the F test is therefore zero and F is undefined. Data that behaves this way is usually simulated, already averaged, or derived from one of its own columns.	Zero subject-by-condition residual variance on the 4 complete case(s) (error SS=0); the F-ratio is undefined or degenerate.		wording differs (both refuse)	Where data cannot be analysed, both programs refuse the same analyses and each writes its refusal in its own words. That the same analyses refuse is checked separately.	options
c0530	refuse_reason	The subject x condition residual is zero: every subject shows exactly the same pattern across conditions. The error term for the F test is therefore zero and F is undefined. Data that behaves this way is usually simulated, already averaged, or derived from one of its own columns.	Zero subject-by-condition residual variance on the 4 complete case(s) (error SS=0); the F-ratio is undefined or degenerate.		wording differs (both refuse)	Where data cannot be analysed, both programs refuse the same analyses and each writes its refusal in its own words. That the same analyses refuse is checked separately.	options
c0531	refuse_reason	The subject x condition residual is zero: every subject shows exactly the same pattern across conditions. The error term for the F test is therefore zero and F is undefined. Data that behaves this way is usually simulated, already averaged, or derived from one of its own columns.	Zero subject-by-condition residual variance on the 4 complete case(s) (error SS=0); the F-ratio is undefined or degenerate.		wording differs (both refuse)	Where data cannot be analysed, both programs refuse the same analyses and each writes its refusal in its own words. That the same analyses refuse is checked separately.	options
c0532	gg_epsilon	0.5000000000000004			undefined marker, one side (documented)	The plugin reports the Greenhouse-Geisser correction on every repeated-measures analysis. With two conditions there is one degree of freedom and sphericity holds trivially, so the correction has nothing to do and R does not report it.	options
c0532	gg_epsilon_undefined		1		undefined marker, one side (documented)	The plugin reports the Greenhouse-Geisser correction on every repeated-measures analysis. With two conditions there is one degree of freedom and sphericity holds trivially, so the correction has nothing to do and R does not report it.	options
c0532	gg_p	0.06024479202053782			undefined marker, one side (documented)	The plugin reports the Greenhouse-Geisser correction on every repeated-measures analysis. With two conditions there is one degree of freedom and sphericity holds trivially, so the correction has nothing to do and R does not report it.	options
c0532	gg_p_undefined		1		undefined marker, one side (documented)	The plugin reports the Greenhouse-Geisser correction on every repeated-measures analysis. With two conditions there is one degree of freedom and sphericity holds trivially, so the correction has nothing to do and R does not report it.	options
c0533	gg_epsilon	0.5000000000000004			undefined marker, one side (documented)	The plugin reports the Greenhouse-Geisser correction on every repeated-measures analysis. With two conditions there is one degree of freedom and sphericity holds trivially, so the correction has nothing to do and R does not report it.	options
c0533	gg_epsilon_undefined		1		undefined marker, one side (documented)	The plugin reports the Greenhouse-Geisser correction on every repeated-measures analysis. With two conditions there is one degree of freedom and sphericity holds trivially, so the correction has nothing to do and R does not report it.	options
c0533	gg_p	0.06024479202053782			undefined marker, one side (documented)	The plugin reports the Greenhouse-Geisser correction on every repeated-measures analysis. With two conditions there is one degree of freedom and sphericity holds trivially, so the correction has nothing to do and R does not report it.	options
c0533	gg_p_undefined		1		undefined marker, one side (documented)	The plugin reports the Greenhouse-Geisser correction on every repeated-measures analysis. With two conditions there is one degree of freedom and sphericity holds trivially, so the correction has nothing to do and R does not report it.	options
c0534	gg_epsilon	0.5000000000000004			undefined marker, one side (documented)	The plugin reports the Greenhouse-Geisser correction on every repeated-measures analysis. With two conditions there is one degree of freedom and sphericity holds trivially, so the correction has nothing to do and R does not report it.	options
c0534	gg_epsilon_undefined		1		undefined marker, one side (documented)	The plugin reports the Greenhouse-Geisser correction on every repeated-measures analysis. With two conditions there is one degree of freedom and sphericity holds trivially, so the correction has nothing to do and R does not report it.	options
c0534	gg_p	0.06024479202053782			undefined marker, one side (documented)	The plugin reports the Greenhouse-Geisser correction on every repeated-measures analysis. With two conditions there is one degree of freedom and sphericity holds trivially, so the correction has nothing to do and R does not report it.	options
c0534	gg_p_undefined		1		undefined marker, one side (documented)	The plugin reports the Greenhouse-Geisser correction on every repeated-measures analysis. With two conditions there is one degree of freedom and sphericity holds trivially, so the correction has nothing to do and R does not report it.	options
c0535	gg_epsilon	0.5000000000000004			undefined marker, one side (documented)	The plugin reports the Greenhouse-Geisser correction on every repeated-measures analysis. With two conditions there is one degree of freedom and sphericity holds trivially, so the correction has nothing to do and R does not report it.	options
c0535	gg_epsilon_undefined		1		undefined marker, one side (documented)	The plugin reports the Greenhouse-Geisser correction on every repeated-measures analysis. With two conditions there is one degree of freedom and sphericity holds trivially, so the correction has nothing to do and R does not report it.	options
c0535	gg_p	0.06024479202053782			undefined marker, one side (documented)	The plugin reports the Greenhouse-Geisser correction on every repeated-measures analysis. With two conditions there is one degree of freedom and sphericity holds trivially, so the correction has nothing to do and R does not report it.	options
c0535	gg_p_undefined		1		undefined marker, one side (documented)	The plugin reports the Greenhouse-Geisser correction on every repeated-measures analysis. With two conditions there is one degree of freedom and sphericity holds trivially, so the correction has nothing to do and R does not report it.	options
c0536	gg_epsilon	1			undefined marker, one side (documented)	The plugin reports the Greenhouse-Geisser correction on every repeated-measures analysis. With two conditions there is one degree of freedom and sphericity holds trivially, so the correction has nothing to do and R does not report it.	options
c0536	gg_epsilon_undefined		1		undefined marker, one side (documented)	The plugin reports the Greenhouse-Geisser correction on every repeated-measures analysis. With two conditions there is one degree of freedom and sphericity holds trivially, so the correction has nothing to do and R does not report it.	options
c0536	gg_p	2.801437932051397e-07			undefined marker, one side (documented)	The plugin reports the Greenhouse-Geisser correction on every repeated-measures analysis. With two conditions there is one degree of freedom and sphericity holds trivially, so the correction has nothing to do and R does not report it.	options
c0536	gg_p_undefined		1		undefined marker, one side (documented)	The plugin reports the Greenhouse-Geisser correction on every repeated-measures analysis. With two conditions there is one degree of freedom and sphericity holds trivially, so the correction has nothing to do and R does not report it.	options
c0537	gg_epsilon	1			undefined marker, one side (documented)	The plugin reports the Greenhouse-Geisser correction on every repeated-measures analysis. With two conditions there is one degree of freedom and sphericity holds trivially, so the correction has nothing to do and R does not report it.	options
c0537	gg_epsilon_undefined		1		undefined marker, one side (documented)	The plugin reports the Greenhouse-Geisser correction on every repeated-measures analysis. With two conditions there is one degree of freedom and sphericity holds trivially, so the correction has nothing to do and R does not report it.	options
c0537	gg_p	2.801437932051397e-07			undefined marker, one side (documented)	The plugin reports the Greenhouse-Geisser correction on every repeated-measures analysis. With two conditions there is one degree of freedom and sphericity holds trivially, so the correction has nothing to do and R does not report it.	options
c0537	gg_p_undefined		1		undefined marker, one side (documented)	The plugin reports the Greenhouse-Geisser correction on every repeated-measures analysis. With two conditions there is one degree of freedom and sphericity holds trivially, so the correction has nothing to do and R does not report it.	options
c0538	gg_epsilon	1			undefined marker, one side (documented)	The plugin reports the Greenhouse-Geisser correction on every repeated-measures analysis. With two conditions there is one degree of freedom and sphericity holds trivially, so the correction has nothing to do and R does not report it.	options
c0538	gg_epsilon_undefined		1		undefined marker, one side (documented)	The plugin reports the Greenhouse-Geisser correction on every repeated-measures analysis. With two conditions there is one degree of freedom and sphericity holds trivially, so the correction has nothing to do and R does not report it.	options
c0538	gg_p	2.801437932051397e-07			undefined marker, one side (documented)	The plugin reports the Greenhouse-Geisser correction on every repeated-measures analysis. With two conditions there is one degree of freedom and sphericity holds trivially, so the correction has nothing to do and R does not report it.	options
c0538	gg_p_undefined		1		undefined marker, one side (documented)	The plugin reports the Greenhouse-Geisser correction on every repeated-measures analysis. With two conditions there is one degree of freedom and sphericity holds trivially, so the correction has nothing to do and R does not report it.	options
c0539	gg_epsilon	1			undefined marker, one side (documented)	The plugin reports the Greenhouse-Geisser correction on every repeated-measures analysis. With two conditions there is one degree of freedom and sphericity holds trivially, so the correction has nothing to do and R does not report it.	options
c0539	gg_epsilon_undefined		1		undefined marker, one side (documented)	The plugin reports the Greenhouse-Geisser correction on every repeated-measures analysis. With two conditions there is one degree of freedom and sphericity holds trivially, so the correction has nothing to do and R does not report it.	options
c0539	gg_p	2.801437932051397e-07			undefined marker, one side (documented)	The plugin reports the Greenhouse-Geisser correction on every repeated-measures analysis. With two conditions there is one degree of freedom and sphericity holds trivially, so the correction has nothing to do and R does not report it.	options
c0539	gg_p_undefined		1		undefined marker, one side (documented)	The plugin reports the Greenhouse-Geisser correction on every repeated-measures analysis. With two conditions there is one degree of freedom and sphericity holds trivially, so the correction has nothing to do and R does not report it.	options
c0541	posthoc_spl_medium__spl_loud_ci_high	-8.8814			reported by plugin only (documented)	The plugin fills the interval around its shift estimate only under Bonferroni, where a per-pair level exists. On other corrections it prints the estimate without an interval.	options
c0541	posthoc_spl_medium__spl_loud_ci_low	-12.587449999999997			reported by plugin only (documented)	The plugin fills the interval around its shift estimate only under Bonferroni, where a per-pair level exists. On other corrections it prints the estimate without an interval.	options
c0541	posthoc_spl_medium__spl_loud_diff_wilcoxest		-11.216649999999998		reported by R only (documented)	R's `wilcox.test` reports a shift estimate found by searching its own test statistic, which differs slightly from the textbook Hodges-Lehmann definition. The plugin computes the definition, that quantity is compared, and R's search result is recorded beside it rather than imitated.	options
c0541	posthoc_spl_soft__spl_loud_ci_high	-20.35485			reported by plugin only (documented)	The plugin fills the interval around its shift estimate only under Bonferroni, where a per-pair level exists. On other corrections it prints the estimate without an interval.	options
c0541	posthoc_spl_soft__spl_loud_ci_low	-22.945499999999996			reported by plugin only (documented)	The plugin fills the interval around its shift estimate only under Bonferroni, where a per-pair level exists. On other corrections it prints the estimate without an interval.	options
c0541	posthoc_spl_soft__spl_loud_diff_wilcoxest		-21.549325		reported by R only (documented)	R's `wilcox.test` reports a shift estimate found by searching its own test statistic, which differs slightly from the textbook Hodges-Lehmann definition. The plugin computes the definition, that quantity is compared, and R's search result is recorded beside it rather than imitated.	options
c0541	posthoc_spl_soft__spl_medium_ci_high	-9.130049999999997			reported by plugin only (documented)	The plugin fills the interval around its shift estimate only under Bonferroni, where a per-pair level exists. On other corrections it prints the estimate without an interval.	options
c0541	posthoc_spl_soft__spl_medium_ci_low	-12.731199999999994			reported by plugin only (documented)	The plugin fills the interval around its shift estimate only under Bonferroni, where a per-pair level exists. On other corrections it prints the estimate without an interval.	options
c0541	posthoc_spl_soft__spl_medium_diff_wilcoxest		-10.530375000000006		reported by R only (documented)	R's `wilcox.test` reports a shift estimate found by searching its own test statistic, which differs slightly from the textbook Hodges-Lehmann definition. The plugin computes the definition, that quantity is compared, and R's search result is recorded beside it rather than imitated.	options
c0542	posthoc_spl_medium__spl_loud_diff_wilcoxest		-11.216649999999998		reported by R only (documented)	R's `wilcox.test` reports a shift estimate found by searching its own test statistic, which differs slightly from the textbook Hodges-Lehmann definition. The plugin computes the definition, that quantity is compared, and R's search result is recorded beside it rather than imitated.	options
c0542	posthoc_spl_soft__spl_loud_diff_wilcoxest		-21.549325		reported by R only (documented)	R's `wilcox.test` reports a shift estimate found by searching its own test statistic, which differs slightly from the textbook Hodges-Lehmann definition. The plugin computes the definition, that quantity is compared, and R's search result is recorded beside it rather than imitated.	options
c0542	posthoc_spl_soft__spl_medium_diff_wilcoxest		-10.530375000000006		reported by R only (documented)	R's `wilcox.test` reports a shift estimate found by searching its own test statistic, which differs slightly from the textbook Hodges-Lehmann definition. The plugin computes the definition, that quantity is compared, and R's search result is recorded beside it rather than imitated.	options
c0543	posthoc_spl_medium__spl_loud_diff_wilcoxest		-11.216649999999998		reported by R only (documented)	R's `wilcox.test` reports a shift estimate found by searching its own test statistic, which differs slightly from the textbook Hodges-Lehmann definition. The plugin computes the definition, that quantity is compared, and R's search result is recorded beside it rather than imitated.	options
c0543	posthoc_spl_soft__spl_loud_diff_wilcoxest		-21.549325		reported by R only (documented)	R's `wilcox.test` reports a shift estimate found by searching its own test statistic, which differs slightly from the textbook Hodges-Lehmann definition. The plugin computes the definition, that quantity is compared, and R's search result is recorded beside it rather than imitated.	options
c0543	posthoc_spl_soft__spl_medium_diff_wilcoxest		-10.530375000000006		reported by R only (documented)	R's `wilcox.test` reports a shift estimate found by searching its own test statistic, which differs slightly from the textbook Hodges-Lehmann definition. The plugin computes the definition, that quantity is compared, and R's search result is recorded beside it rather than imitated.	options
c0545	posthoc_spl_loud__spl_medium_ci_high	12.587449999999997			reported by plugin only (documented)	The plugin fills the interval around its shift estimate only under Bonferroni, where a per-pair level exists. On other corrections it prints the estimate without an interval.	options
c0545	posthoc_spl_loud__spl_medium_ci_low	8.8814			reported by plugin only (documented)	The plugin fills the interval around its shift estimate only under Bonferroni, where a per-pair level exists. On other corrections it prints the estimate without an interval.	options
c0545	posthoc_spl_loud__spl_medium_diff_wilcoxest		11.216649999999998		reported by R only (documented)	R's `wilcox.test` reports a shift estimate found by searching its own test statistic, which differs slightly from the textbook Hodges-Lehmann definition. The plugin computes the definition, that quantity is compared, and R's search result is recorded beside it rather than imitated.	options
c0545	posthoc_spl_loud__spl_soft_ci_high	22.945499999999996			reported by plugin only (documented)	The plugin fills the interval around its shift estimate only under Bonferroni, where a per-pair level exists. On other corrections it prints the estimate without an interval.	options
c0545	posthoc_spl_loud__spl_soft_ci_low	20.35485			reported by plugin only (documented)	The plugin fills the interval around its shift estimate only under Bonferroni, where a per-pair level exists. On other corrections it prints the estimate without an interval.	options
c0545	posthoc_spl_loud__spl_soft_diff_wilcoxest		21.549325		reported by R only (documented)	R's `wilcox.test` reports a shift estimate found by searching its own test statistic, which differs slightly from the textbook Hodges-Lehmann definition. The plugin computes the definition, that quantity is compared, and R's search result is recorded beside it rather than imitated.	options
c0545	posthoc_spl_medium__spl_soft_ci_high	12.731199999999994			reported by plugin only (documented)	The plugin fills the interval around its shift estimate only under Bonferroni, where a per-pair level exists. On other corrections it prints the estimate without an interval.	options
c0545	posthoc_spl_medium__spl_soft_ci_low	9.130049999999997			reported by plugin only (documented)	The plugin fills the interval around its shift estimate only under Bonferroni, where a per-pair level exists. On other corrections it prints the estimate without an interval.	options
c0545	posthoc_spl_medium__spl_soft_diff_wilcoxest		10.530375000000006		reported by R only (documented)	R's `wilcox.test` reports a shift estimate found by searching its own test statistic, which differs slightly from the textbook Hodges-Lehmann definition. The plugin computes the definition, that quantity is compared, and R's search result is recorded beside it rather than imitated.	options
c0546	posthoc_spl_loud__spl_medium_diff_wilcoxest		11.216649999999998		reported by R only (documented)	R's `wilcox.test` reports a shift estimate found by searching its own test statistic, which differs slightly from the textbook Hodges-Lehmann definition. The plugin computes the definition, that quantity is compared, and R's search result is recorded beside it rather than imitated.	options
c0546	posthoc_spl_loud__spl_soft_diff_wilcoxest		21.549325		reported by R only (documented)	R's `wilcox.test` reports a shift estimate found by searching its own test statistic, which differs slightly from the textbook Hodges-Lehmann definition. The plugin computes the definition, that quantity is compared, and R's search result is recorded beside it rather than imitated.	options
c0546	posthoc_spl_medium__spl_soft_diff_wilcoxest		10.530375000000006		reported by R only (documented)	R's `wilcox.test` reports a shift estimate found by searching its own test statistic, which differs slightly from the textbook Hodges-Lehmann definition. The plugin computes the definition, that quantity is compared, and R's search result is recorded beside it rather than imitated.	options
c0547	posthoc_spl_loud__spl_medium_diff_wilcoxest		11.216649999999998		reported by R only (documented)	R's `wilcox.test` reports a shift estimate found by searching its own test statistic, which differs slightly from the textbook Hodges-Lehmann definition. The plugin computes the definition, that quantity is compared, and R's search result is recorded beside it rather than imitated.	options
c0547	posthoc_spl_loud__spl_soft_diff_wilcoxest		21.549325		reported by R only (documented)	R's `wilcox.test` reports a shift estimate found by searching its own test statistic, which differs slightly from the textbook Hodges-Lehmann definition. The plugin computes the definition, that quantity is compared, and R's search result is recorded beside it rather than imitated.	options
c0547	posthoc_spl_medium__spl_soft_diff_wilcoxest		10.530375000000006		reported by R only (documented)	R's `wilcox.test` reports a shift estimate found by searching its own test statistic, which differs slightly from the textbook Hodges-Lehmann definition. The plugin computes the definition, that quantity is compared, and R's search result is recorded beside it rather than imitated.	options
c0549	posthoc_medium__loud_ci_high_undefined	1			reported by plugin only (documented)	The plugin fills the interval around its shift estimate only under Bonferroni, where a per-pair level exists. On other corrections it prints the estimate without an interval.	options
c0549	posthoc_medium__loud_ci_low_undefined	1			reported by plugin only (documented)	The plugin fills the interval around its shift estimate only under Bonferroni, where a per-pair level exists. On other corrections it prints the estimate without an interval.	options
c0549	posthoc_medium__loud_diff_wilcoxest		-10		reported by R only (documented)	R's `wilcox.test` reports a shift estimate found by searching its own test statistic, which differs slightly from the textbook Hodges-Lehmann definition. The plugin computes the definition, that quantity is compared, and R's search result is recorded beside it rather than imitated.	options
c0549	posthoc_soft__loud_ci_high_undefined	1			reported by plugin only (documented)	The plugin fills the interval around its shift estimate only under Bonferroni, where a per-pair level exists. On other corrections it prints the estimate without an interval.	options
c0549	posthoc_soft__loud_ci_low_undefined	1			reported by plugin only (documented)	The plugin fills the interval around its shift estimate only under Bonferroni, where a per-pair level exists. On other corrections it prints the estimate without an interval.	options
c0549	posthoc_soft__loud_diff_wilcoxest		-20		reported by R only (documented)	R's `wilcox.test` reports a shift estimate found by searching its own test statistic, which differs slightly from the textbook Hodges-Lehmann definition. The plugin computes the definition, that quantity is compared, and R's search result is recorded beside it rather than imitated.	options
c0549	posthoc_soft__medium_ci_high_undefined	1			reported by plugin only (documented)	The plugin fills the interval around its shift estimate only under Bonferroni, where a per-pair level exists. On other corrections it prints the estimate without an interval.	options
c0549	posthoc_soft__medium_ci_low_undefined	1			reported by plugin only (documented)	The plugin fills the interval around its shift estimate only under Bonferroni, where a per-pair level exists. On other corrections it prints the estimate without an interval.	options
c0549	posthoc_soft__medium_diff_wilcoxest		-10		reported by R only (documented)	R's `wilcox.test` reports a shift estimate found by searching its own test statistic, which differs slightly from the textbook Hodges-Lehmann definition. The plugin computes the definition, that quantity is compared, and R's search result is recorded beside it rather than imitated.	options
c0550	posthoc_medium__loud_diff_wilcoxest		-10		reported by R only (documented)	R's `wilcox.test` reports a shift estimate found by searching its own test statistic, which differs slightly from the textbook Hodges-Lehmann definition. The plugin computes the definition, that quantity is compared, and R's search result is recorded beside it rather than imitated.	options
c0550	posthoc_soft__loud_diff_wilcoxest		-20		reported by R only (documented)	R's `wilcox.test` reports a shift estimate found by searching its own test statistic, which differs slightly from the textbook Hodges-Lehmann definition. The plugin computes the definition, that quantity is compared, and R's search result is recorded beside it rather than imitated.	options
c0550	posthoc_soft__medium_diff_wilcoxest		-10		reported by R only (documented)	R's `wilcox.test` reports a shift estimate found by searching its own test statistic, which differs slightly from the textbook Hodges-Lehmann definition. The plugin computes the definition, that quantity is compared, and R's search result is recorded beside it rather than imitated.	options
c0551	posthoc_medium__loud_diff_wilcoxest		-10		reported by R only (documented)	R's `wilcox.test` reports a shift estimate found by searching its own test statistic, which differs slightly from the textbook Hodges-Lehmann definition. The plugin computes the definition, that quantity is compared, and R's search result is recorded beside it rather than imitated.	options
c0551	posthoc_soft__loud_diff_wilcoxest		-20		reported by R only (documented)	R's `wilcox.test` reports a shift estimate found by searching its own test statistic, which differs slightly from the textbook Hodges-Lehmann definition. The plugin computes the definition, that quantity is compared, and R's search result is recorded beside it rather than imitated.	options
c0551	posthoc_soft__medium_diff_wilcoxest		-10		reported by R only (documented)	R's `wilcox.test` reports a shift estimate found by searching its own test statistic, which differs slightly from the textbook Hodges-Lehmann definition. The plugin computes the definition, that quantity is compared, and R's search result is recorded beside it rather than imitated.	options
c0553	posthoc_medium__loud_ci_high	-5			reported by plugin only (documented)	The plugin fills the interval around its shift estimate only under Bonferroni, where a per-pair level exists. On other corrections it prints the estimate without an interval.	options
c0553	posthoc_medium__loud_ci_low	-7			reported by plugin only (documented)	The plugin fills the interval around its shift estimate only under Bonferroni, where a per-pair level exists. On other corrections it prints the estimate without an interval.	options
c0553	posthoc_medium__loud_diff_wilcoxest		-6		reported by R only (documented)	R's `wilcox.test` reports a shift estimate found by searching its own test statistic, which differs slightly from the textbook Hodges-Lehmann definition. The plugin computes the definition, that quantity is compared, and R's search result is recorded beside it rather than imitated.	options
c0553	posthoc_soft__loud_ci_high	-10			reported by plugin only (documented)	The plugin fills the interval around its shift estimate only under Bonferroni, where a per-pair level exists. On other corrections it prints the estimate without an interval.	options
c0553	posthoc_soft__loud_ci_low	-11			reported by plugin only (documented)	The plugin fills the interval around its shift estimate only under Bonferroni, where a per-pair level exists. On other corrections it prints the estimate without an interval.	options
c0553	posthoc_soft__loud_diff_wilcoxest		-10.5		reported by R only (documented)	R's `wilcox.test` reports a shift estimate found by searching its own test statistic, which differs slightly from the textbook Hodges-Lehmann definition. The plugin computes the definition, that quantity is compared, and R's search result is recorded beside it rather than imitated.	options
c0553	posthoc_soft__medium_ci_high	-4			reported by plugin only (documented)	The plugin fills the interval around its shift estimate only under Bonferroni, where a per-pair level exists. On other corrections it prints the estimate without an interval.	options
c0553	posthoc_soft__medium_ci_low	-5			reported by plugin only (documented)	The plugin fills the interval around its shift estimate only under Bonferroni, where a per-pair level exists. On other corrections it prints the estimate without an interval.	options
c0553	posthoc_soft__medium_diff_wilcoxest		-4.5		reported by R only (documented)	R's `wilcox.test` reports a shift estimate found by searching its own test statistic, which differs slightly from the textbook Hodges-Lehmann definition. The plugin computes the definition, that quantity is compared, and R's search result is recorded beside it rather than imitated.	options
c0554	posthoc_medium__loud_diff_wilcoxest		-6		reported by R only (documented)	R's `wilcox.test` reports a shift estimate found by searching its own test statistic, which differs slightly from the textbook Hodges-Lehmann definition. The plugin computes the definition, that quantity is compared, and R's search result is recorded beside it rather than imitated.	options
c0554	posthoc_soft__loud_diff_wilcoxest		-10.5		reported by R only (documented)	R's `wilcox.test` reports a shift estimate found by searching its own test statistic, which differs slightly from the textbook Hodges-Lehmann definition. The plugin computes the definition, that quantity is compared, and R's search result is recorded beside it rather than imitated.	options
c0554	posthoc_soft__medium_diff_wilcoxest		-4.5		reported by R only (documented)	R's `wilcox.test` reports a shift estimate found by searching its own test statistic, which differs slightly from the textbook Hodges-Lehmann definition. The plugin computes the definition, that quantity is compared, and R's search result is recorded beside it rather than imitated.	options
c0555	posthoc_medium__loud_diff_wilcoxest		-6		reported by R only (documented)	R's `wilcox.test` reports a shift estimate found by searching its own test statistic, which differs slightly from the textbook Hodges-Lehmann definition. The plugin computes the definition, that quantity is compared, and R's search result is recorded beside it rather than imitated.	options
c0555	posthoc_soft__loud_diff_wilcoxest		-10.5		reported by R only (documented)	R's `wilcox.test` reports a shift estimate found by searching its own test statistic, which differs slightly from the textbook Hodges-Lehmann definition. The plugin computes the definition, that quantity is compared, and R's search result is recorded beside it rather than imitated.	options
c0555	posthoc_soft__medium_diff_wilcoxest		-4.5		reported by R only (documented)	R's `wilcox.test` reports a shift estimate found by searching its own test statistic, which differs slightly from the textbook Hodges-Lehmann definition. The plugin computes the definition, that quantity is compared, and R's search result is recorded beside it rather than imitated.	options
c0557	posthoc_jitter_pre__jitter_post_ci_high	0.9356040365404837			reported by plugin only (documented)	The plugin fills the interval around its shift estimate only under Bonferroni, where a per-pair level exists. On other corrections it prints the estimate without an interval.	options
c0557	posthoc_jitter_pre__jitter_post_ci_low	0.5517313813600824			reported by plugin only (documented)	The plugin fills the interval around its shift estimate only under Bonferroni, where a per-pair level exists. On other corrections it prints the estimate without an interval.	options
c0557	posthoc_jitter_pre__jitter_post_diff_wilcoxest		0.75629427990220888		reported by R only (documented)	R's `wilcox.test` reports a shift estimate found by searching its own test statistic, which differs slightly from the textbook Hodges-Lehmann definition. The plugin computes the definition, that quantity is compared, and R's search result is recorded beside it rather than imitated.	options
c0558	posthoc_jitter_pre__jitter_post_diff_wilcoxest		0.75629427990220888		reported by R only (documented)	R's `wilcox.test` reports a shift estimate found by searching its own test statistic, which differs slightly from the textbook Hodges-Lehmann definition. The plugin computes the definition, that quantity is compared, and R's search result is recorded beside it rather than imitated.	options
c0559	posthoc_jitter_pre__jitter_post_diff_wilcoxest		0.75629427990220888		reported by R only (documented)	R's `wilcox.test` reports a shift estimate found by searching its own test statistic, which differs slightly from the textbook Hodges-Lehmann definition. The plugin computes the definition, that quantity is compared, and R's search result is recorded beside it rather than imitated.	options
c0560	refuse_reason	Every value in every condition is identical, so there is no variance to partition.	Zero subject-by-condition residual variance on the 6 complete case(s) (error SS=0); the F-ratio is undefined or degenerate.		wording differs (both refuse)	Where data cannot be analysed, both programs refuse the same analyses and each writes its refusal in its own words. That the same analyses refuse is checked separately.	options
c0561	chi_square	0			undefined marker, one side (documented)	In this fixture all six subjects give 80 for all three conditions, so the Friedman test has no differences to rank. The plugin reports what the formula gives on that input -- a statistic of zero and a p of one -- while R declines to compute anything. Both are saying the same thing: there is nothing here to detect.	options
c0561	chi_square_undefined		1		undefined marker, one side (documented)	In this fixture all six subjects give 80 for all three conditions, so the Friedman test has no differences to rank. The plugin reports what the formula gives on that input -- a statistic of zero and a p of one -- while R declines to compute anything. Both are saying the same thing: there is nothing here to detect.	options
c0561	kendalls_w	0			undefined marker, one side (documented)	The plugin computes Kendall's W at the point it assembles results rather than inside the test itself, so it appears on some rows where R's own output has no place for it.	options
c0561	kendalls_w_undefined		1		undefined marker, one side (documented)	The plugin computes Kendall's W at the point it assembles results rather than inside the test itself, so it appears on some rows where R's own output has no place for it.	options
c0561	kendalls_w_undefined		1		undefined marker, one side (documented)	The plugin computes Kendall's W at the point it assembles results rather than inside the test itself, so it appears on some rows where R's own output has no place for it.	options
c0561	p	1			undefined marker, one side (documented)	In this fixture all six subjects give 80 for all three conditions, so the Friedman test has no differences to rank. The plugin reports what the formula gives on that input -- a statistic of zero and a p of one -- while R declines to compute anything. Both are saying the same thing: there is nothing here to detect.	options
c0561	p_undefined		1		undefined marker, one side (documented)	In this fixture all six subjects give 80 for all three conditions, so the Friedman test has no differences to rank. The plugin reports what the formula gives on that input -- a statistic of zero and a p of one -- while R declines to compute anything. Both are saying the same thing: there is nothing here to detect.	options
c0561	posthoc_spl_medium__spl_loud_diff_wilcoxest_undefined		1		reported by R only (documented)	R's `wilcox.test` reports a shift estimate found by searching its own test statistic, which differs slightly from the textbook Hodges-Lehmann definition. The plugin computes the definition, that quantity is compared, and R's search result is recorded beside it rather than imitated.	options
c0561	posthoc_spl_soft__spl_loud_diff_wilcoxest_undefined		1		reported by R only (documented)	R's `wilcox.test` reports a shift estimate found by searching its own test statistic, which differs slightly from the textbook Hodges-Lehmann definition. The plugin computes the definition, that quantity is compared, and R's search result is recorded beside it rather than imitated.	options
c0561	posthoc_spl_soft__spl_medium_diff_wilcoxest_undefined		1		reported by R only (documented)	R's `wilcox.test` reports a shift estimate found by searching its own test statistic, which differs slightly from the textbook Hodges-Lehmann definition. The plugin computes the definition, that quantity is compared, and R's search result is recorded beside it rather than imitated.	options
c0562	refuse_reason	The subject x condition residual is zero: every subject shows exactly the same pattern across conditions. The error term for the F test is therefore zero and F is undefined. Data that behaves this way is usually simulated, already averaged, or derived from one of its own columns. Assessed on 4 of 5 rows. N excluded 1 -- a row is used only when every column in the comparison has a value, which is what keeps the pairing intact. Treated as missing data. SPL_soft: 1 cell(s) are not numeric in any locale (row 3: n/a). Unrecognized nonnumeric token; excluded.	Zero subject-by-condition residual variance on the 4 complete case(s) (error SS=0); the F-ratio is undefined or degenerate.		wording differs (both refuse)	Where data cannot be analysed, both programs refuse the same analyses and each writes its refusal in its own words. That the same analyses refuse is checked separately.	options
c0563	posthoc_spl_medium__spl_loud_diff_wilcoxest		-10		reported by R only (documented)	R's `wilcox.test` reports a shift estimate found by searching its own test statistic, which differs slightly from the textbook Hodges-Lehmann definition. The plugin computes the definition, that quantity is compared, and R's search result is recorded beside it rather than imitated.	options
c0563	posthoc_spl_soft__spl_loud_diff_wilcoxest		-20		reported by R only (documented)	R's `wilcox.test` reports a shift estimate found by searching its own test statistic, which differs slightly from the textbook Hodges-Lehmann definition. The plugin computes the definition, that quantity is compared, and R's search result is recorded beside it rather than imitated.	options
c0563	posthoc_spl_soft__spl_medium_diff_wilcoxest		-10		reported by R only (documented)	R's `wilcox.test` reports a shift estimate found by searching its own test statistic, which differs slightly from the textbook Hodges-Lehmann definition. The plugin computes the definition, that quantity is compared, and R's search result is recorded beside it rather than imitated.	options
c0564	refuse_reason	Need at least 2 condition columns.			NOT DOCUMENTED -- see enforcement/why in reconciliation.tsv		
c0564	refused	1			NOT DOCUMENTED -- see enforcement/why in reconciliation.tsv		
c0565	refuse_reason	Need at least 2 condition columns.			NOT DOCUMENTED -- see enforcement/why in reconciliation.tsv		
c0565	refused	1			NOT DOCUMENTED -- see enforcement/why in reconciliation.tsv		
c0569	alpha_if_deleted_item1_undefined	1			reported by plugin only (documented)	Removing one of two items leaves a single item, for which alpha is undefined. The plugin prints an undefined marker; R does not attempt the quantity. Same statement, two spellings.	options
c0569	alpha_if_deleted_item2_undefined	1			reported by plugin only (documented)	Removing one of two items leaves a single item, for which alpha is undefined. The plugin prints an undefined marker; R does not attempt the quantity. Same statement, two spellings.	options
c0570	alpha_if_deleted_item1_undefined	1			reported by plugin only (documented)	Removing one of two items leaves a single item, for which alpha is undefined. The plugin prints an undefined marker; R does not attempt the quantity. Same statement, two spellings.	options
c0570	alpha_if_deleted_item2_undefined	1			reported by plugin only (documented)	Removing one of two items leaves a single item, for which alpha is undefined. The plugin prints an undefined marker; R does not attempt the quantity. Same statement, two spellings.	options
c0571	alpha_if_deleted_item1_undefined	1			reported by plugin only (documented)	Removing one of two items leaves a single item, for which alpha is undefined. The plugin prints an undefined marker; R does not attempt the quantity. Same statement, two spellings.	options
c0571	alpha_if_deleted_item2_undefined	1			reported by plugin only (documented)	Removing one of two items leaves a single item, for which alpha is undefined. The plugin prints an undefined marker; R does not attempt the quantity. Same statement, two spellings.	options
c0594	delta_max	3.5658914728682323	3.8992248062015502	8.55e-02	values differ (documented)	Dropping one respondent leaves two, and one item then has no variance. R's package deletes that item and computes on the rest; the plugin keeps it. The plugin matches the textbook formula, which gives -8/3 exactly.	options
c0594	delta_row_1	-3.5658914728682323	-3.8992248062015502	8.55e-02	values differ (documented)	Dropping one respondent leaves two, and one item then has no variance. R's package deletes that item and computes on the rest; the plugin keeps it. The plugin matches the textbook formula, which gives -8/3 exactly.	options
c0596	cramers_v_bias_corrected		0.26429706993546226		reported by R only (documented)	R's package emits two corrected variants of Cramer's V by default -- the Yates correction and Bergsma's bias correction -- each under a name that says which. The plugin reports the uncorrected V, which is compared.	options
c0596	cramers_v_yates		0.25980762113533157		reported by R only (documented)	R's package emits two corrected variants of Cramer's V by default -- the Yates correction and Bergsma's bias correction -- each under a name that says which. The plugin reports the uncorrected V, which is compared.	options
c0597	cramers_v_bias_corrected		0.26429706993546226		reported by R only (documented)	R's package emits two corrected variants of Cramer's V by default -- the Yates correction and Bergsma's bias correction -- each under a name that says which. The plugin reports the uncorrected V, which is compared.	options
c0597	cramers_v_yates		0.25980762113533157		reported by R only (documented)	R's package emits two corrected variants of Cramer's V by default -- the Yates correction and Bergsma's bias correction -- each under a name that says which. The plugin reports the uncorrected V, which is compared.	options
c0598	cramers_v_bias_corrected		0.25		reported by R only (documented)	R's package emits two corrected variants of Cramer's V by default -- the Yates correction and Bergsma's bias correction -- each under a name that says which. The plugin reports the uncorrected V, which is compared.	options
c0598	cramers_v_yates		0.20412414523193151		reported by R only (documented)	R's package emits two corrected variants of Cramer's V by default -- the Yates correction and Bergsma's bias correction -- each under a name that says which. The plugin reports the uncorrected V, which is compared.	options
c0599	cramers_v_bias_corrected		0.25		reported by R only (documented)	R's package emits two corrected variants of Cramer's V by default -- the Yates correction and Bergsma's bias correction -- each under a name that says which. The plugin reports the uncorrected V, which is compared.	options
c0599	cramers_v_yates		0.20412414523193151		reported by R only (documented)	R's package emits two corrected variants of Cramer's V by default -- the Yates correction and Bergsma's bias correction -- each under a name that says which. The plugin reports the uncorrected V, which is compared.	options
c0600	cramers_v_bias_corrected		0.14017639608451432		reported by R only (documented)	R's package emits two corrected variants of Cramer's V by default -- the Yates correction and Bergsma's bias correction -- each under a name that says which. The plugin reports the uncorrected V, which is compared.	options
c0600	cramers_v_yates		0.21101958123827769		reported by R only (documented)	R's package emits two corrected variants of Cramer's V by default -- the Yates correction and Bergsma's bias correction -- each under a name that says which. The plugin reports the uncorrected V, which is compared.	options
c0601	cramers_v_bias_corrected		0.14017639608451432		reported by R only (documented)	R's package emits two corrected variants of Cramer's V by default -- the Yates correction and Bergsma's bias correction -- each under a name that says which. The plugin reports the uncorrected V, which is compared.	options
c0601	cramers_v_yates		0.21101958123827769		reported by R only (documented)	R's package emits two corrected variants of Cramer's V by default -- the Yates correction and Bergsma's bias correction -- each under a name that says which. The plugin reports the uncorrected V, which is compared.	options
c0602	cramers_v_bias_corrected		0.61820173258684907		reported by R only (documented)	R's package emits two corrected variants of Cramer's V by default -- the Yates correction and Bergsma's bias correction -- each under a name that says which. The plugin reports the uncorrected V, which is compared.	options
c0602	cramers_v_yates		0.54843892678242345		reported by R only (documented)	R's package emits two corrected variants of Cramer's V by default -- the Yates correction and Bergsma's bias correction -- each under a name that says which. The plugin reports the uncorrected V, which is compared.	options
c0603	cramers_v_bias_corrected		0.61820173258684907		reported by R only (documented)	R's package emits two corrected variants of Cramer's V by default -- the Yates correction and Bergsma's bias correction -- each under a name that says which. The plugin reports the uncorrected V, which is compared.	options
c0603	cramers_v_yates		0.54843892678242345		reported by R only (documented)	R's package emits two corrected variants of Cramer's V by default -- the Yates correction and Bergsma's bias correction -- each under a name that says which. The plugin reports the uncorrected V, which is compared.	options
c0631	df_between		1		both sides: no value defined (documented)	This row belongs to the sweep study, a grid of group-count and imbalance shapes that is otherwise checked against R exactly like any other analysis. Here the plugin side of this particular shape was not run in this pass, so there is nothing on that side to set beside R's value yet; it is listed as incomplete, not as a documented difference between the two programs.	sweep
c0631	df_between				NOT DOCUMENTED -- see enforcement/why in reconciliation.tsv		sweep
c0631	df_within		14		both sides: no value defined (documented)	This row belongs to the sweep study, a grid of group-count and imbalance shapes that is otherwise checked against R exactly like any other analysis. Here the plugin side of this particular shape was not run in this pass, so there is nothing on that side to set beside R's value yet; it is listed as incomplete, not as a documented difference between the two programs.	sweep
c0631	df_within				NOT DOCUMENTED -- see enforcement/why in reconciliation.tsv		sweep
c0631	eta_squared		0.18136660432843932		both sides: no value defined (documented)	This row belongs to the sweep study, a grid of group-count and imbalance shapes that is otherwise checked against R exactly like any other analysis. Here the plugin side of this particular shape was not run in this pass, so there is nothing on that side to set beside R's value yet; it is listed as incomplete, not as a documented difference between the two programs.	sweep
c0631	eta_squared		0.18136660432843932		both sides: no value defined (documented)	This row belongs to the sweep study, a grid of group-count and imbalance shapes that is otherwise checked against R exactly like any other analysis. Here the plugin side of this particular shape was not run in this pass, so there is nothing on that side to set beside R's value yet; it is listed as incomplete, not as a documented difference between the two programs.	sweep
c0631	eta_squared				NOT DOCUMENTED -- see enforcement/why in reconciliation.tsv		sweep
c0631	f		3.1016722186311365		both sides: no value defined (documented)	This row belongs to the sweep study, a grid of group-count and imbalance shapes that is otherwise checked against R exactly like any other analysis. Here the plugin side of this particular shape was not run in this pass, so there is nothing on that side to set beside R's value yet; it is listed as incomplete, not as a documented difference between the two programs.	sweep
c0631	f				NOT DOCUMENTED -- see enforcement/why in reconciliation.tsv		sweep
c0631	ms_between		13.401392227959342		both sides: no value defined (documented)	This row belongs to the sweep study, a grid of group-count and imbalance shapes that is otherwise checked against R exactly like any other analysis. Here the plugin side of this particular shape was not run in this pass, so there is nothing on that side to set beside R's value yet; it is listed as incomplete, not as a documented difference between the two programs.	sweep
c0631	ms_between				NOT DOCUMENTED -- see enforcement/why in reconciliation.tsv		sweep
c0631	ms_within		4.320699056289639		both sides: no value defined (documented)	This row belongs to the sweep study, a grid of group-count and imbalance shapes that is otherwise checked against R exactly like any other analysis. Here the plugin side of this particular shape was not run in this pass, so there is nothing on that side to set beside R's value yet; it is listed as incomplete, not as a documented difference between the two programs.	sweep
c0631	ms_within				NOT DOCUMENTED -- see enforcement/why in reconciliation.tsv		sweep
c0631	n		16		both sides: no value defined (documented)	This row belongs to the sweep study, a grid of group-count and imbalance shapes that is otherwise checked against R exactly like any other analysis. Here the plugin side of this particular shape was not run in this pass, so there is nothing on that side to set beside R's value yet; it is listed as incomplete, not as a documented difference between the two programs.	sweep
c0631	n				NOT DOCUMENTED -- see enforcement/why in reconciliation.tsv		sweep
c0631	p		0.10002684121653538		both sides: no value defined (documented)	This row belongs to the sweep study, a grid of group-count and imbalance shapes that is otherwise checked against R exactly like any other analysis. Here the plugin side of this particular shape was not run in this pass, so there is nothing on that side to set beside R's value yet; it is listed as incomplete, not as a documented difference between the two programs.	sweep
c0631	p				NOT DOCUMENTED -- see enforcement/why in reconciliation.tsv		sweep
c0631	posthoc_g1__g2_ci_high		0.3987124085148972		both sides: no value defined (documented)	This row belongs to the sweep study, a grid of group-count and imbalance shapes that is otherwise checked against R exactly like any other analysis. Here the plugin side of this particular shape was not run in this pass, so there is nothing on that side to set beside R's value yet; it is listed as incomplete, not as a documented difference between the two programs.	sweep
c0631	posthoc_g1__g2_ci_high				NOT DOCUMENTED -- see enforcement/why in reconciliation.tsv		sweep
c0631	posthoc_g1__g2_ci_low		-4.0595036109681795		both sides: no value defined (documented)	This row belongs to the sweep study, a grid of group-count and imbalance shapes that is otherwise checked against R exactly like any other analysis. Here the plugin side of this particular shape was not run in this pass, so there is nothing on that side to set beside R's value yet; it is listed as incomplete, not as a documented difference between the two programs.	sweep
c0631	posthoc_g1__g2_ci_low				NOT DOCUMENTED -- see enforcement/why in reconciliation.tsv		sweep
c0631	posthoc_g1__g2_cohens_d		-0.88057825016166758		both sides: no value defined (documented)	This row belongs to the sweep study, a grid of group-count and imbalance shapes that is otherwise checked against R exactly like any other analysis. Here the plugin side of this particular shape was not run in this pass, so there is nothing on that side to set beside R's value yet; it is listed as incomplete, not as a documented difference between the two programs.	sweep
c0631	posthoc_g1__g2_cohens_d		-0.88057825016166758		both sides: no value defined (documented)	This row belongs to the sweep study, a grid of group-count and imbalance shapes that is otherwise checked against R exactly like any other analysis. Here the plugin side of this particular shape was not run in this pass, so there is nothing on that side to set beside R's value yet; it is listed as incomplete, not as a documented difference between the two programs.	sweep
c0631	posthoc_g1__g2_cohens_d				NOT DOCUMENTED -- see enforcement/why in reconciliation.tsv		sweep
c0631	posthoc_g1__g2_diff		-1.8303956012266411		both sides: no value defined (documented)	This row belongs to the sweep study, a grid of group-count and imbalance shapes that is otherwise checked against R exactly like any other analysis. Here the plugin side of this particular shape was not run in this pass, so there is nothing on that side to set beside R's value yet; it is listed as incomplete, not as a documented difference between the two programs.	sweep
c0631	posthoc_g1__g2_diff				NOT DOCUMENTED -- see enforcement/why in reconciliation.tsv		sweep
c0631	posthoc_g1__g2_padj		0.10002684121606087		both sides: no value defined (documented)	This row belongs to the sweep study, a grid of group-count and imbalance shapes that is otherwise checked against R exactly like any other analysis. Here the plugin side of this particular shape was not run in this pass, so there is nothing on that side to set beside R's value yet; it is listed as incomplete, not as a documented difference between the two programs.	sweep
c0631	posthoc_g1__g2_padj				NOT DOCUMENTED -- see enforcement/why in reconciliation.tsv		sweep
c0631	ss_between		13.401392227959342		both sides: no value defined (documented)	This row belongs to the sweep study, a grid of group-count and imbalance shapes that is otherwise checked against R exactly like any other analysis. Here the plugin side of this particular shape was not run in this pass, so there is nothing on that side to set beside R's value yet; it is listed as incomplete, not as a documented difference between the two programs.	sweep
c0631	ss_between				NOT DOCUMENTED -- see enforcement/why in reconciliation.tsv		sweep
c0631	ss_total		73.891179016014291		both sides: no value defined (documented)	This row belongs to the sweep study, a grid of group-count and imbalance shapes that is otherwise checked against R exactly like any other analysis. Here the plugin side of this particular shape was not run in this pass, so there is nothing on that side to set beside R's value yet; it is listed as incomplete, not as a documented difference between the two programs.	sweep
c0631	ss_total				NOT DOCUMENTED -- see enforcement/why in reconciliation.tsv		sweep
c0631	ss_within		60.48978678805495		both sides: no value defined (documented)	This row belongs to the sweep study, a grid of group-count and imbalance shapes that is otherwise checked against R exactly like any other analysis. Here the plugin side of this particular shape was not run in this pass, so there is nothing on that side to set beside R's value yet; it is listed as incomplete, not as a documented difference between the two programs.	sweep
c0631	ss_within				NOT DOCUMENTED -- see enforcement/why in reconciliation.tsv		sweep
c0632	df		1		both sides: no value defined (documented)	This row belongs to the sweep study, a grid of group-count and imbalance shapes that is otherwise checked against R exactly like any other analysis. Here the plugin side of this particular shape was not run in this pass, so there is nothing on that side to set beside R's value yet; it is listed as incomplete, not as a documented difference between the two programs.	sweep
c0632	df				NOT DOCUMENTED -- see enforcement/why in reconciliation.tsv		sweep
c0632	epsilon_squared		0.1654411764705884		both sides: no value defined (documented)	This row belongs to the sweep study, a grid of group-count and imbalance shapes that is otherwise checked against R exactly like any other analysis. Here the plugin side of this particular shape was not run in this pass, so there is nothing on that side to set beside R's value yet; it is listed as incomplete, not as a documented difference between the two programs.	sweep
c0632	epsilon_squared				NOT DOCUMENTED -- see enforcement/why in reconciliation.tsv		sweep
c0632	eta_squared		0.10582983193277329		reported by R only (documented)	For the Kruskal-Wallis test R reports eta-squared and the plugin reports epsilon-squared. Both summarise the same effect, neither is derivable from the other, and each side reports its own choice.	sweep
c0632	eta_squared		0.10582983193277329		reported by R only (documented)	For the Kruskal-Wallis test R reports eta-squared and the plugin reports epsilon-squared. Both summarise the same effect, neither is derivable from the other, and each side reports its own choice.	sweep
c0632	h		2.481617647058826		both sides: no value defined (documented)	This row belongs to the sweep study, a grid of group-count and imbalance shapes that is otherwise checked against R exactly like any other analysis. Here the plugin side of this particular shape was not run in this pass, so there is nothing on that side to set beside R's value yet; it is listed as incomplete, not as a documented difference between the two programs.	sweep
c0632	h				NOT DOCUMENTED -- see enforcement/why in reconciliation.tsv		sweep
c0632	n		16		both sides: no value defined (documented)	This row belongs to the sweep study, a grid of group-count and imbalance shapes that is otherwise checked against R exactly like any other analysis. Here the plugin side of this particular shape was not run in this pass, so there is nothing on that side to set beside R's value yet; it is listed as incomplete, not as a documented difference between the two programs.	sweep
c0632	n				NOT DOCUMENTED -- see enforcement/why in reconciliation.tsv		sweep
c0632	p		0.11518373151505119		both sides: no value defined (documented)	This row belongs to the sweep study, a grid of group-count and imbalance shapes that is otherwise checked against R exactly like any other analysis. Here the plugin side of this particular shape was not run in this pass, so there is nothing on that side to set beside R's value yet; it is listed as incomplete, not as a documented difference between the two programs.	sweep
c0632	p				NOT DOCUMENTED -- see enforcement/why in reconciliation.tsv		sweep
c0633	df_between		1		both sides: no value defined (documented)	This row belongs to the sweep study, a grid of group-count and imbalance shapes that is otherwise checked against R exactly like any other analysis. Here the plugin side of this particular shape was not run in this pass, so there is nothing on that side to set beside R's value yet; it is listed as incomplete, not as a documented difference between the two programs.	sweep
c0633	df_between				NOT DOCUMENTED -- see enforcement/why in reconciliation.tsv		sweep
c0633	df_within		4		both sides: no value defined (documented)	This row belongs to the sweep study, a grid of group-count and imbalance shapes that is otherwise checked against R exactly like any other analysis. Here the plugin side of this particular shape was not run in this pass, so there is nothing on that side to set beside R's value yet; it is listed as incomplete, not as a documented difference between the two programs.	sweep
c0633	df_within				NOT DOCUMENTED -- see enforcement/why in reconciliation.tsv		sweep
c0633	eta_squared		0.50802941865732454		both sides: no value defined (documented)	This row belongs to the sweep study, a grid of group-count and imbalance shapes that is otherwise checked against R exactly like any other analysis. Here the plugin side of this particular shape was not run in this pass, so there is nothing on that side to set beside R's value yet; it is listed as incomplete, not as a documented difference between the two programs.	sweep
c0633	eta_squared		0.50802941865732454		both sides: no value defined (documented)	This row belongs to the sweep study, a grid of group-count and imbalance shapes that is otherwise checked against R exactly like any other analysis. Here the plugin side of this particular shape was not run in this pass, so there is nothing on that side to set beside R's value yet; it is listed as incomplete, not as a documented difference between the two programs.	sweep
c0633	eta_squared				NOT DOCUMENTED -- see enforcement/why in reconciliation.tsv		sweep
c0633	f		4.1305674601178115		both sides: no value defined (documented)	This row belongs to the sweep study, a grid of group-count and imbalance shapes that is otherwise checked against R exactly like any other analysis. Here the plugin side of this particular shape was not run in this pass, so there is nothing on that side to set beside R's value yet; it is listed as incomplete, not as a documented difference between the two programs.	sweep
c0633	f				NOT DOCUMENTED -- see enforcement/why in reconciliation.tsv		sweep
c0633	ms_between		8.5282090734306912		both sides: no value defined (documented)	This row belongs to the sweep study, a grid of group-count and imbalance shapes that is otherwise checked against R exactly like any other analysis. Here the plugin side of this particular shape was not run in this pass, so there is nothing on that side to set beside R's value yet; it is listed as incomplete, not as a documented difference between the two programs.	sweep
c0633	ms_between				NOT DOCUMENTED -- see enforcement/why in reconciliation.tsv		sweep
c0633	ms_within		2.0646579812032537		both sides: no value defined (documented)	This row belongs to the sweep study, a grid of group-count and imbalance shapes that is otherwise checked against R exactly like any other analysis. Here the plugin side of this particular shape was not run in this pass, so there is nothing on that side to set beside R's value yet; it is listed as incomplete, not as a documented difference between the two programs.	sweep
c0633	ms_within				NOT DOCUMENTED -- see enforcement/why in reconciliation.tsv		sweep
c0633	n		6		both sides: no value defined (documented)	This row belongs to the sweep study, a grid of group-count and imbalance shapes that is otherwise checked against R exactly like any other analysis. Here the plugin side of this particular shape was not run in this pass, so there is nothing on that side to set beside R's value yet; it is listed as incomplete, not as a documented difference between the two programs.	sweep
c0633	n				NOT DOCUMENTED -- see enforcement/why in reconciliation.tsv		sweep
c0633	p		0.11190925075245541		both sides: no value defined (documented)	This row belongs to the sweep study, a grid of group-count and imbalance shapes that is otherwise checked against R exactly like any other analysis. Here the plugin side of this particular shape was not run in this pass, so there is nothing on that side to set beside R's value yet; it is listed as incomplete, not as a documented difference between the two programs.	sweep
c0633	p				NOT DOCUMENTED -- see enforcement/why in reconciliation.tsv		sweep
c0633	posthoc_g1__g2_ci_high		0.8729644122611675		both sides: no value defined (documented)	This row belongs to the sweep study, a grid of group-count and imbalance shapes that is otherwise checked against R exactly like any other analysis. Here the plugin side of this particular shape was not run in this pass, so there is nothing on that side to set beside R's value yet; it is listed as incomplete, not as a documented difference between the two programs.	sweep
c0633	posthoc_g1__g2_ci_high				NOT DOCUMENTED -- see enforcement/why in reconciliation.tsv		sweep
c0633	posthoc_g1__g2_ci_low		-5.6418102749916716		both sides: no value defined (documented)	This row belongs to the sweep study, a grid of group-count and imbalance shapes that is otherwise checked against R exactly like any other analysis. Here the plugin side of this particular shape was not run in this pass, so there is nothing on that side to set beside R's value yet; it is listed as incomplete, not as a documented difference between the two programs.	sweep
c0633	posthoc_g1__g2_ci_low				NOT DOCUMENTED -- see enforcement/why in reconciliation.tsv		sweep
c0633	posthoc_g1__g2_cohens_d		-1.659431119413683		both sides: no value defined (documented)	This row belongs to the sweep study, a grid of group-count and imbalance shapes that is otherwise checked against R exactly like any other analysis. Here the plugin side of this particular shape was not run in this pass, so there is nothing on that side to set beside R's value yet; it is listed as incomplete, not as a documented difference between the two programs.	sweep
c0633	posthoc_g1__g2_cohens_d		-1.659431119413683		both sides: no value defined (documented)	This row belongs to the sweep study, a grid of group-count and imbalance shapes that is otherwise checked against R exactly like any other analysis. Here the plugin side of this particular shape was not run in this pass, so there is nothing on that side to set beside R's value yet; it is listed as incomplete, not as a documented difference between the two programs.	sweep
c0633	posthoc_g1__g2_cohens_d				NOT DOCUMENTED -- see enforcement/why in reconciliation.tsv		sweep
c0633	posthoc_g1__g2_diff		-2.3844229313652523		both sides: no value defined (documented)	This row belongs to the sweep study, a grid of group-count and imbalance shapes that is otherwise checked against R exactly like any other analysis. Here the plugin side of this particular shape was not run in this pass, so there is nothing on that side to set beside R's value yet; it is listed as incomplete, not as a documented difference between the two programs.	sweep
c0633	posthoc_g1__g2_diff				NOT DOCUMENTED -- see enforcement/why in reconciliation.tsv		sweep
c0633	posthoc_g1__g2_padj		0.1119096996475798		both sides: no value defined (documented)	This row belongs to the sweep study, a grid of group-count and imbalance shapes that is otherwise checked against R exactly like any other analysis. Here the plugin side of this particular shape was not run in this pass, so there is nothing on that side to set beside R's value yet; it is listed as incomplete, not as a documented difference between the two programs.	sweep
c0633	posthoc_g1__g2_padj				NOT DOCUMENTED -- see enforcement/why in reconciliation.tsv		sweep
c0633	ss_between		8.5282090734306912		both sides: no value defined (documented)	This row belongs to the sweep study, a grid of group-count and imbalance shapes that is otherwise checked against R exactly like any other analysis. Here the plugin side of this particular shape was not run in this pass, so there is nothing on that side to set beside R's value yet; it is listed as incomplete, not as a documented difference between the two programs.	sweep
c0633	ss_between				NOT DOCUMENTED -- see enforcement/why in reconciliation.tsv		sweep
c0633	ss_total		16.786840998243704		both sides: no value defined (documented)	This row belongs to the sweep study, a grid of group-count and imbalance shapes that is otherwise checked against R exactly like any other analysis. Here the plugin side of this particular shape was not run in this pass, so there is nothing on that side to set beside R's value yet; it is listed as incomplete, not as a documented difference between the two programs.	sweep
c0633	ss_total				NOT DOCUMENTED -- see enforcement/why in reconciliation.tsv		sweep
c0633	ss_within		8.2586319248130149		both sides: no value defined (documented)	This row belongs to the sweep study, a grid of group-count and imbalance shapes that is otherwise checked against R exactly like any other analysis. Here the plugin side of this particular shape was not run in this pass, so there is nothing on that side to set beside R's value yet; it is listed as incomplete, not as a documented difference between the two programs.	sweep
c0633	ss_within				NOT DOCUMENTED -- see enforcement/why in reconciliation.tsv		sweep
c0634	df		1		both sides: no value defined (documented)	This row belongs to the sweep study, a grid of group-count and imbalance shapes that is otherwise checked against R exactly like any other analysis. Here the plugin side of this particular shape was not run in this pass, so there is nothing on that side to set beside R's value yet; it is listed as incomplete, not as a documented difference between the two programs.	sweep
c0634	df				NOT DOCUMENTED -- see enforcement/why in reconciliation.tsv		sweep
c0634	epsilon_squared		0.77142857142857157		both sides: no value defined (documented)	This row belongs to the sweep study, a grid of group-count and imbalance shapes that is otherwise checked against R exactly like any other analysis. Here the plugin side of this particular shape was not run in this pass, so there is nothing on that side to set beside R's value yet; it is listed as incomplete, not as a documented difference between the two programs.	sweep
c0634	epsilon_squared				NOT DOCUMENTED -- see enforcement/why in reconciliation.tsv		sweep
c0634	eta_squared		0.71428571428571441		reported by R only (documented)	For the Kruskal-Wallis test R reports eta-squared and the plugin reports epsilon-squared. Both summarise the same effect, neither is derivable from the other, and each side reports its own choice.	sweep
c0634	eta_squared		0.71428571428571441		reported by R only (documented)	For the Kruskal-Wallis test R reports eta-squared and the plugin reports epsilon-squared. Both summarise the same effect, neither is derivable from the other, and each side reports its own choice.	sweep
c0634	h		3.8571428571428577		both sides: no value defined (documented)	This row belongs to the sweep study, a grid of group-count and imbalance shapes that is otherwise checked against R exactly like any other analysis. Here the plugin side of this particular shape was not run in this pass, so there is nothing on that side to set beside R's value yet; it is listed as incomplete, not as a documented difference between the two programs.	sweep
c0634	h				NOT DOCUMENTED -- see enforcement/why in reconciliation.tsv		sweep
c0634	n		6		both sides: no value defined (documented)	This row belongs to the sweep study, a grid of group-count and imbalance shapes that is otherwise checked against R exactly like any other analysis. Here the plugin side of this particular shape was not run in this pass, so there is nothing on that side to set beside R's value yet; it is listed as incomplete, not as a documented difference between the two programs.	sweep
c0634	n				NOT DOCUMENTED -- see enforcement/why in reconciliation.tsv		sweep
c0634	p		0.04953461343562679		both sides: no value defined (documented)	This row belongs to the sweep study, a grid of group-count and imbalance shapes that is otherwise checked against R exactly like any other analysis. Here the plugin side of this particular shape was not run in this pass, so there is nothing on that side to set beside R's value yet; it is listed as incomplete, not as a documented difference between the two programs.	sweep
c0634	p				NOT DOCUMENTED -- see enforcement/why in reconciliation.tsv		sweep
c0635	df_between		1		both sides: no value defined (documented)	This row belongs to the sweep study, a grid of group-count and imbalance shapes that is otherwise checked against R exactly like any other analysis. Here the plugin side of this particular shape was not run in this pass, so there is nothing on that side to set beside R's value yet; it is listed as incomplete, not as a documented difference between the two programs.	sweep
c0635	df_between				NOT DOCUMENTED -- see enforcement/why in reconciliation.tsv		sweep
c0635	df_within		33		both sides: no value defined (documented)	This row belongs to the sweep study, a grid of group-count and imbalance shapes that is otherwise checked against R exactly like any other analysis. Here the plugin side of this particular shape was not run in this pass, so there is nothing on that side to set beside R's value yet; it is listed as incomplete, not as a documented difference between the two programs.	sweep
c0635	df_within				NOT DOCUMENTED -- see enforcement/why in reconciliation.tsv		sweep
c0635	eta_squared		0.1596587286530462		both sides: no value defined (documented)	This row belongs to the sweep study, a grid of group-count and imbalance shapes that is otherwise checked against R exactly like any other analysis. Here the plugin side of this particular shape was not run in this pass, so there is nothing on that side to set beside R's value yet; it is listed as incomplete, not as a documented difference between the two programs.	sweep
c0635	eta_squared		0.1596587286530462		both sides: no value defined (documented)	This row belongs to the sweep study, a grid of group-count and imbalance shapes that is otherwise checked against R exactly like any other analysis. Here the plugin side of this particular shape was not run in this pass, so there is nothing on that side to set beside R's value yet; it is listed as incomplete, not as a documented difference between the two programs.	sweep
c0635	eta_squared				NOT DOCUMENTED -- see enforcement/why in reconciliation.tsv		sweep
c0635	f		6.2697599477715142		both sides: no value defined (documented)	This row belongs to the sweep study, a grid of group-count and imbalance shapes that is otherwise checked against R exactly like any other analysis. Here the plugin side of this particular shape was not run in this pass, so there is nothing on that side to set beside R's value yet; it is listed as incomplete, not as a documented difference between the two programs.	sweep
c0635	f				NOT DOCUMENTED -- see enforcement/why in reconciliation.tsv		sweep
c0635	ms_between		31.456519011958015		both sides: no value defined (documented)	This row belongs to the sweep study, a grid of group-count and imbalance shapes that is otherwise checked against R exactly like any other analysis. Here the plugin side of this particular shape was not run in this pass, so there is nothing on that side to set beside R's value yet; it is listed as incomplete, not as a documented difference between the two programs.	sweep
c0635	ms_between				NOT DOCUMENTED -- see enforcement/why in reconciliation.tsv		sweep
c0635	ms_within		5.0171807651325997		both sides: no value defined (documented)	This row belongs to the sweep study, a grid of group-count and imbalance shapes that is otherwise checked against R exactly like any other analysis. Here the plugin side of this particular shape was not run in this pass, so there is nothing on that side to set beside R's value yet; it is listed as incomplete, not as a documented difference between the two programs.	sweep
c0635	ms_within				NOT DOCUMENTED -- see enforcement/why in reconciliation.tsv		sweep
c0635	n		35		both sides: no value defined (documented)	This row belongs to the sweep study, a grid of group-count and imbalance shapes that is otherwise checked against R exactly like any other analysis. Here the plugin side of this particular shape was not run in this pass, so there is nothing on that side to set beside R's value yet; it is listed as incomplete, not as a documented difference between the two programs.	sweep
c0635	n				NOT DOCUMENTED -- see enforcement/why in reconciliation.tsv		sweep
c0635	p		0.017403570753358997		both sides: no value defined (documented)	This row belongs to the sweep study, a grid of group-count and imbalance shapes that is otherwise checked against R exactly like any other analysis. Here the plugin side of this particular shape was not run in this pass, so there is nothing on that side to set beside R's value yet; it is listed as incomplete, not as a documented difference between the two programs.	sweep
c0635	p				NOT DOCUMENTED -- see enforcement/why in reconciliation.tsv		sweep
c0635	posthoc_g1__g2_ci_high		-0.50791660780402426		both sides: no value defined (documented)	This row belongs to the sweep study, a grid of group-count and imbalance shapes that is otherwise checked against R exactly like any other analysis. Here the plugin side of this particular shape was not run in this pass, so there is nothing on that side to set beside R's value yet; it is listed as incomplete, not as a documented difference between the two programs.	sweep
c0635	posthoc_g1__g2_ci_high				NOT DOCUMENTED -- see enforcement/why in reconciliation.tsv		sweep
c0635	posthoc_g1__g2_ci_low		-4.9105165369800083		both sides: no value defined (documented)	This row belongs to the sweep study, a grid of group-count and imbalance shapes that is otherwise checked against R exactly like any other analysis. Here the plugin side of this particular shape was not run in this pass, so there is nothing on that side to set beside R's value yet; it is listed as incomplete, not as a documented difference between the two programs.	sweep
c0635	posthoc_g1__g2_ci_low				NOT DOCUMENTED -- see enforcement/why in reconciliation.tsv		sweep
c0635	posthoc_g1__g2_cohens_d		-1.2095222146836972		both sides: no value defined (documented)	This row belongs to the sweep study, a grid of group-count and imbalance shapes that is otherwise checked against R exactly like any other analysis. Here the plugin side of this particular shape was not run in this pass, so there is nothing on that side to set beside R's value yet; it is listed as incomplete, not as a documented difference between the two programs.	sweep
c0635	posthoc_g1__g2_cohens_d		-1.209522214683697		both sides: no value defined (documented)	This row belongs to the sweep study, a grid of group-count and imbalance shapes that is otherwise checked against R exactly like any other analysis. Here the plugin side of this particular shape was not run in this pass, so there is nothing on that side to set beside R's value yet; it is listed as incomplete, not as a documented difference between the two programs.	sweep
c0635	posthoc_g1__g2_cohens_d				NOT DOCUMENTED -- see enforcement/why in reconciliation.tsv		sweep
c0635	posthoc_g1__g2_diff		-2.7092165723920161		both sides: no value defined (documented)	This row belongs to the sweep study, a grid of group-count and imbalance shapes that is otherwise checked against R exactly like any other analysis. Here the plugin side of this particular shape was not run in this pass, so there is nothing on that side to set beside R's value yet; it is listed as incomplete, not as a documented difference between the two programs.	sweep
c0635	posthoc_g1__g2_diff				NOT DOCUMENTED -- see enforcement/why in reconciliation.tsv		sweep
c0635	posthoc_g1__g2_padj		0.017403570753415143		both sides: no value defined (documented)	This row belongs to the sweep study, a grid of group-count and imbalance shapes that is otherwise checked against R exactly like any other analysis. Here the plugin side of this particular shape was not run in this pass, so there is nothing on that side to set beside R's value yet; it is listed as incomplete, not as a documented difference between the two programs.	sweep
c0635	posthoc_g1__g2_padj				NOT DOCUMENTED -- see enforcement/why in reconciliation.tsv		sweep
c0635	ss_between		31.456519011958015		both sides: no value defined (documented)	This row belongs to the sweep study, a grid of group-count and imbalance shapes that is otherwise checked against R exactly like any other analysis. Here the plugin side of this particular shape was not run in this pass, so there is nothing on that side to set beside R's value yet; it is listed as incomplete, not as a documented difference between the two programs.	sweep
c0635	ss_between				NOT DOCUMENTED -- see enforcement/why in reconciliation.tsv		sweep
c0635	ss_total		197.02348426133381		both sides: no value defined (documented)	This row belongs to the sweep study, a grid of group-count and imbalance shapes that is otherwise checked against R exactly like any other analysis. Here the plugin side of this particular shape was not run in this pass, so there is nothing on that side to set beside R's value yet; it is listed as incomplete, not as a documented difference between the two programs.	sweep
c0635	ss_total				NOT DOCUMENTED -- see enforcement/why in reconciliation.tsv		sweep
c0635	ss_within		165.56696524937578		both sides: no value defined (documented)	This row belongs to the sweep study, a grid of group-count and imbalance shapes that is otherwise checked against R exactly like any other analysis. Here the plugin side of this particular shape was not run in this pass, so there is nothing on that side to set beside R's value yet; it is listed as incomplete, not as a documented difference between the two programs.	sweep
c0635	ss_within				NOT DOCUMENTED -- see enforcement/why in reconciliation.tsv		sweep
c0636	df		1		both sides: no value defined (documented)	This row belongs to the sweep study, a grid of group-count and imbalance shapes that is otherwise checked against R exactly like any other analysis. Here the plugin side of this particular shape was not run in this pass, so there is nothing on that side to set beside R's value yet; it is listed as incomplete, not as a documented difference between the two programs.	sweep
c0636	df				NOT DOCUMENTED -- see enforcement/why in reconciliation.tsv		sweep
c0636	epsilon_squared		0.1767320261437913		both sides: no value defined (documented)	This row belongs to the sweep study, a grid of group-count and imbalance shapes that is otherwise checked against R exactly like any other analysis. Here the plugin side of this particular shape was not run in this pass, so there is nothing on that side to set beside R's value yet; it is listed as incomplete, not as a documented difference between the two programs.	sweep
c0636	epsilon_squared				NOT DOCUMENTED -- see enforcement/why in reconciliation.tsv		sweep
c0636	eta_squared		0.15178451178451224		reported by R only (documented)	For the Kruskal-Wallis test R reports eta-squared and the plugin reports epsilon-squared. Both summarise the same effect, neither is derivable from the other, and each side reports its own choice.	sweep
c0636	eta_squared		0.15178451178451224		reported by R only (documented)	For the Kruskal-Wallis test R reports eta-squared and the plugin reports epsilon-squared. Both summarise the same effect, neither is derivable from the other, and each side reports its own choice.	sweep
c0636	h		6.0088888888889045		both sides: no value defined (documented)	This row belongs to the sweep study, a grid of group-count and imbalance shapes that is otherwise checked against R exactly like any other analysis. Here the plugin side of this particular shape was not run in this pass, so there is nothing on that side to set beside R's value yet; it is listed as incomplete, not as a documented difference between the two programs.	sweep
c0636	h				NOT DOCUMENTED -- see enforcement/why in reconciliation.tsv		sweep
c0636	n		35		both sides: no value defined (documented)	This row belongs to the sweep study, a grid of group-count and imbalance shapes that is otherwise checked against R exactly like any other analysis. Here the plugin side of this particular shape was not run in this pass, so there is nothing on that side to set beside R's value yet; it is listed as incomplete, not as a documented difference between the two programs.	sweep
c0636	n				NOT DOCUMENTED -- see enforcement/why in reconciliation.tsv		sweep
c0636	p		0.014233987672982056		both sides: no value defined (documented)	This row belongs to the sweep study, a grid of group-count and imbalance shapes that is otherwise checked against R exactly like any other analysis. Here the plugin side of this particular shape was not run in this pass, so there is nothing on that side to set beside R's value yet; it is listed as incomplete, not as a documented difference between the two programs.	sweep
c0636	p				NOT DOCUMENTED -- see enforcement/why in reconciliation.tsv		sweep
c0637	df_between		1		both sides: no value defined (documented)	This row belongs to the sweep study, a grid of group-count and imbalance shapes that is otherwise checked against R exactly like any other analysis. Here the plugin side of this particular shape was not run in this pass, so there is nothing on that side to set beside R's value yet; it is listed as incomplete, not as a documented difference between the two programs.	sweep
c0637	df_between				NOT DOCUMENTED -- see enforcement/why in reconciliation.tsv		sweep
c0637	df_within		22		both sides: no value defined (documented)	This row belongs to the sweep study, a grid of group-count and imbalance shapes that is otherwise checked against R exactly like any other analysis. Here the plugin side of this particular shape was not run in this pass, so there is nothing on that side to set beside R's value yet; it is listed as incomplete, not as a documented difference between the two programs.	sweep
c0637	df_within				NOT DOCUMENTED -- see enforcement/why in reconciliation.tsv		sweep
c0637	eta_squared		0.023675725000662996		both sides: no value defined (documented)	This row belongs to the sweep study, a grid of group-count and imbalance shapes that is otherwise checked against R exactly like any other analysis. Here the plugin side of this particular shape was not run in this pass, so there is nothing on that side to set beside R's value yet; it is listed as incomplete, not as a documented difference between the two programs.	sweep
c0637	eta_squared		0.023675725000662996		both sides: no value defined (documented)	This row belongs to the sweep study, a grid of group-count and imbalance shapes that is otherwise checked against R exactly like any other analysis. Here the plugin side of this particular shape was not run in this pass, so there is nothing on that side to set beside R's value yet; it is listed as incomplete, not as a documented difference between the two programs.	sweep
c0637	eta_squared				NOT DOCUMENTED -- see enforcement/why in reconciliation.tsv		sweep
c0637	f		0.53349687532345702		both sides: no value defined (documented)	This row belongs to the sweep study, a grid of group-count and imbalance shapes that is otherwise checked against R exactly like any other analysis. Here the plugin side of this particular shape was not run in this pass, so there is nothing on that side to set beside R's value yet; it is listed as incomplete, not as a documented difference between the two programs.	sweep
c0637	f				NOT DOCUMENTED -- see enforcement/why in reconciliation.tsv		sweep
c0637	ms_between		81.140356848077658		both sides: no value defined (documented)	This row belongs to the sweep study, a grid of group-count and imbalance shapes that is otherwise checked against R exactly like any other analysis. Here the plugin side of this particular shape was not run in this pass, so there is nothing on that side to set beside R's value yet; it is listed as incomplete, not as a documented difference between the two programs.	sweep
c0637	ms_between				NOT DOCUMENTED -- see enforcement/why in reconciliation.tsv		sweep
c0637	ms_within		152.09153155561143		both sides: no value defined (documented)	This row belongs to the sweep study, a grid of group-count and imbalance shapes that is otherwise checked against R exactly like any other analysis. Here the plugin side of this particular shape was not run in this pass, so there is nothing on that side to set beside R's value yet; it is listed as incomplete, not as a documented difference between the two programs.	sweep
c0637	ms_within				NOT DOCUMENTED -- see enforcement/why in reconciliation.tsv		sweep
c0637	n		24		both sides: no value defined (documented)	This row belongs to the sweep study, a grid of group-count and imbalance shapes that is otherwise checked against R exactly like any other analysis. Here the plugin side of this particular shape was not run in this pass, so there is nothing on that side to set beside R's value yet; it is listed as incomplete, not as a documented difference between the two programs.	sweep
c0637	n				NOT DOCUMENTED -- see enforcement/why in reconciliation.tsv		sweep
c0637	p		0.47284757471323913		both sides: no value defined (documented)	This row belongs to the sweep study, a grid of group-count and imbalance shapes that is otherwise checked against R exactly like any other analysis. Here the plugin side of this particular shape was not run in this pass, so there is nothing on that side to set beside R's value yet; it is listed as incomplete, not as a documented difference between the two programs.	sweep
c0637	p				NOT DOCUMENTED -- see enforcement/why in reconciliation.tsv		sweep
c0637	posthoc_g1__g2_ci_high		14.118823825559517		both sides: no value defined (documented)	This row belongs to the sweep study, a grid of group-count and imbalance shapes that is otherwise checked against R exactly like any other analysis. Here the plugin side of this particular shape was not run in this pass, so there is nothing on that side to set beside R's value yet; it is listed as incomplete, not as a documented difference between the two programs.	sweep
c0637	posthoc_g1__g2_ci_high				NOT DOCUMENTED -- see enforcement/why in reconciliation.tsv		sweep
c0637	posthoc_g1__g2_ci_low		-6.7639906369649738		both sides: no value defined (documented)	This row belongs to the sweep study, a grid of group-count and imbalance shapes that is otherwise checked against R exactly like any other analysis. Here the plugin side of this particular shape was not run in this pass, so there is nothing on that side to set beside R's value yet; it is listed as incomplete, not as a documented difference between the two programs.	sweep
c0637	posthoc_g1__g2_ci_low				NOT DOCUMENTED -- see enforcement/why in reconciliation.tsv		sweep
c0637	posthoc_g1__g2_cohens_d		0.29818810487214747		both sides: no value defined (documented)	This row belongs to the sweep study, a grid of group-count and imbalance shapes that is otherwise checked against R exactly like any other analysis. Here the plugin side of this particular shape was not run in this pass, so there is nothing on that side to set beside R's value yet; it is listed as incomplete, not as a documented difference between the two programs.	sweep
c0637	posthoc_g1__g2_cohens_d		0.29818810487214747		both sides: no value defined (documented)	This row belongs to the sweep study, a grid of group-count and imbalance shapes that is otherwise checked against R exactly like any other analysis. Here the plugin side of this particular shape was not run in this pass, so there is nothing on that side to set beside R's value yet; it is listed as incomplete, not as a documented difference between the two programs.	sweep
c0637	posthoc_g1__g2_cohens_d				NOT DOCUMENTED -- see enforcement/why in reconciliation.tsv		sweep
c0637	posthoc_g1__g2_diff		3.677416594297271		both sides: no value defined (documented)	This row belongs to the sweep study, a grid of group-count and imbalance shapes that is otherwise checked against R exactly like any other analysis. Here the plugin side of this particular shape was not run in this pass, so there is nothing on that side to set beside R's value yet; it is listed as incomplete, not as a documented difference between the two programs.	sweep
c0637	posthoc_g1__g2_diff				NOT DOCUMENTED -- see enforcement/why in reconciliation.tsv		sweep
c0637	posthoc_g1__g2_padj		0.47284757471325223		both sides: no value defined (documented)	This row belongs to the sweep study, a grid of group-count and imbalance shapes that is otherwise checked against R exactly like any other analysis. Here the plugin side of this particular shape was not run in this pass, so there is nothing on that side to set beside R's value yet; it is listed as incomplete, not as a documented difference between the two programs.	sweep
c0637	posthoc_g1__g2_padj				NOT DOCUMENTED -- see enforcement/why in reconciliation.tsv		sweep
c0637	ss_between		81.140356848077658		both sides: no value defined (documented)	This row belongs to the sweep study, a grid of group-count and imbalance shapes that is otherwise checked against R exactly like any other analysis. Here the plugin side of this particular shape was not run in this pass, so there is nothing on that side to set beside R's value yet; it is listed as incomplete, not as a documented difference between the two programs.	sweep
c0637	ss_between				NOT DOCUMENTED -- see enforcement/why in reconciliation.tsv		sweep
c0637	ss_total		3427.154051071529		both sides: no value defined (documented)	This row belongs to the sweep study, a grid of group-count and imbalance shapes that is otherwise checked against R exactly like any other analysis. Here the plugin side of this particular shape was not run in this pass, so there is nothing on that side to set beside R's value yet; it is listed as incomplete, not as a documented difference between the two programs.	sweep
c0637	ss_total				NOT DOCUMENTED -- see enforcement/why in reconciliation.tsv		sweep
c0637	ss_within		3346.0136942234512		both sides: no value defined (documented)	This row belongs to the sweep study, a grid of group-count and imbalance shapes that is otherwise checked against R exactly like any other analysis. Here the plugin side of this particular shape was not run in this pass, so there is nothing on that side to set beside R's value yet; it is listed as incomplete, not as a documented difference between the two programs.	sweep
c0637	ss_within				NOT DOCUMENTED -- see enforcement/why in reconciliation.tsv		sweep
c0638	df		1		both sides: no value defined (documented)	This row belongs to the sweep study, a grid of group-count and imbalance shapes that is otherwise checked against R exactly like any other analysis. Here the plugin side of this particular shape was not run in this pass, so there is nothing on that side to set beside R's value yet; it is listed as incomplete, not as a documented difference between the two programs.	sweep
c0638	df				NOT DOCUMENTED -- see enforcement/why in reconciliation.tsv		sweep
c0638	epsilon_squared		0.00057971014492762686		both sides: no value defined (documented)	This row belongs to the sweep study, a grid of group-count and imbalance shapes that is otherwise checked against R exactly like any other analysis. Here the plugin side of this particular shape was not run in this pass, so there is nothing on that side to set beside R's value yet; it is listed as incomplete, not as a documented difference between the two programs.	sweep
c0638	epsilon_squared				NOT DOCUMENTED -- see enforcement/why in reconciliation.tsv		sweep
c0638	eta_squared		-0.044848484848484756		reported by R only (documented)	For the Kruskal-Wallis test R reports eta-squared and the plugin reports epsilon-squared. Both summarise the same effect, neither is derivable from the other, and each side reports its own choice.	sweep
c0638	eta_squared		0		reported by R only (documented)	For the Kruskal-Wallis test R reports eta-squared and the plugin reports epsilon-squared. Both summarise the same effect, neither is derivable from the other, and each side reports its own choice.	sweep
c0638	h		0.013333333333335418		both sides: no value defined (documented)	This row belongs to the sweep study, a grid of group-count and imbalance shapes that is otherwise checked against R exactly like any other analysis. Here the plugin side of this particular shape was not run in this pass, so there is nothing on that side to set beside R's value yet; it is listed as incomplete, not as a documented difference between the two programs.	sweep
c0638	h				NOT DOCUMENTED -- see enforcement/why in reconciliation.tsv		sweep
c0638	n		24		both sides: no value defined (documented)	This row belongs to the sweep study, a grid of group-count and imbalance shapes that is otherwise checked against R exactly like any other analysis. Here the plugin side of this particular shape was not run in this pass, so there is nothing on that side to set beside R's value yet; it is listed as incomplete, not as a documented difference between the two programs.	sweep
c0638	n				NOT DOCUMENTED -- see enforcement/why in reconciliation.tsv		sweep
c0638	p		0.90807255525596797		both sides: no value defined (documented)	This row belongs to the sweep study, a grid of group-count and imbalance shapes that is otherwise checked against R exactly like any other analysis. Here the plugin side of this particular shape was not run in this pass, so there is nothing on that side to set beside R's value yet; it is listed as incomplete, not as a documented difference between the two programs.	sweep
c0638	p				NOT DOCUMENTED -- see enforcement/why in reconciliation.tsv		sweep
c0639	df_between		1		both sides: no value defined (documented)	This row belongs to the sweep study, a grid of group-count and imbalance shapes that is otherwise checked against R exactly like any other analysis. Here the plugin side of this particular shape was not run in this pass, so there is nothing on that side to set beside R's value yet; it is listed as incomplete, not as a documented difference between the two programs.	sweep
c0639	df_between				NOT DOCUMENTED -- see enforcement/why in reconciliation.tsv		sweep
c0639	df_within		22		both sides: no value defined (documented)	This row belongs to the sweep study, a grid of group-count and imbalance shapes that is otherwise checked against R exactly like any other analysis. Here the plugin side of this particular shape was not run in this pass, so there is nothing on that side to set beside R's value yet; it is listed as incomplete, not as a documented difference between the two programs.	sweep
c0639	df_within				NOT DOCUMENTED -- see enforcement/why in reconciliation.tsv		sweep
c0639	eta_squared		0.06125407756433493		both sides: no value defined (documented)	This row belongs to the sweep study, a grid of group-count and imbalance shapes that is otherwise checked against R exactly like any other analysis. Here the plugin side of this particular shape was not run in this pass, so there is nothing on that side to set beside R's value yet; it is listed as incomplete, not as a documented difference between the two programs.	sweep
c0639	eta_squared		0.06125407756433493		both sides: no value defined (documented)	This row belongs to the sweep study, a grid of group-count and imbalance shapes that is otherwise checked against R exactly like any other analysis. Here the plugin side of this particular shape was not run in this pass, so there is nothing on that side to set beside R's value yet; it is listed as incomplete, not as a documented difference between the two programs.	sweep
c0639	eta_squared				NOT DOCUMENTED -- see enforcement/why in reconciliation.tsv		sweep
c0639	f		1.4355212355212363		both sides: no value defined (documented)	This row belongs to the sweep study, a grid of group-count and imbalance shapes that is otherwise checked against R exactly like any other analysis. Here the plugin side of this particular shape was not run in this pass, so there is nothing on that side to set beside R's value yet; it is listed as incomplete, not as a documented difference between the two programs.	sweep
c0639	f				NOT DOCUMENTED -- see enforcement/why in reconciliation.tsv		sweep
c0639	ms_between		7.0416666666666705		both sides: no value defined (documented)	This row belongs to the sweep study, a grid of group-count and imbalance shapes that is otherwise checked against R exactly like any other analysis. Here the plugin side of this particular shape was not run in this pass, so there is nothing on that side to set beside R's value yet; it is listed as incomplete, not as a documented difference between the two programs.	sweep
c0639	ms_between				NOT DOCUMENTED -- see enforcement/why in reconciliation.tsv		sweep
c0639	ms_within		4.9053030303030303		both sides: no value defined (documented)	This row belongs to the sweep study, a grid of group-count and imbalance shapes that is otherwise checked against R exactly like any other analysis. Here the plugin side of this particular shape was not run in this pass, so there is nothing on that side to set beside R's value yet; it is listed as incomplete, not as a documented difference between the two programs.	sweep
c0639	ms_within				NOT DOCUMENTED -- see enforcement/why in reconciliation.tsv		sweep
c0639	n		24		both sides: no value defined (documented)	This row belongs to the sweep study, a grid of group-count and imbalance shapes that is otherwise checked against R exactly like any other analysis. Here the plugin side of this particular shape was not run in this pass, so there is nothing on that side to set beside R's value yet; it is listed as incomplete, not as a documented difference between the two programs.	sweep
c0639	n				NOT DOCUMENTED -- see enforcement/why in reconciliation.tsv		sweep
c0639	p		0.24361420831006442		both sides: no value defined (documented)	This row belongs to the sweep study, a grid of group-count and imbalance shapes that is otherwise checked against R exactly like any other analysis. Here the plugin side of this particular shape was not run in this pass, so there is nothing on that side to set beside R's value yet; it is listed as incomplete, not as a documented difference between the two programs.	sweep
c0639	p				NOT DOCUMENTED -- see enforcement/why in reconciliation.tsv		sweep
c0639	posthoc_g1__g2_ci_high		0.79183145127208454		both sides: no value defined (documented)	This row belongs to the sweep study, a grid of group-count and imbalance shapes that is otherwise checked against R exactly like any other analysis. Here the plugin side of this particular shape was not run in this pass, so there is nothing on that side to set beside R's value yet; it is listed as incomplete, not as a documented difference between the two programs.	sweep
c0639	posthoc_g1__g2_ci_high				NOT DOCUMENTED -- see enforcement/why in reconciliation.tsv		sweep
c0639	posthoc_g1__g2_ci_low		-2.9584981179387491		both sides: no value defined (documented)	This row belongs to the sweep study, a grid of group-count and imbalance shapes that is otherwise checked against R exactly like any other analysis. Here the plugin side of this particular shape was not run in this pass, so there is nothing on that side to set beside R's value yet; it is listed as incomplete, not as a documented difference between the two programs.	sweep
c0639	posthoc_g1__g2_ci_low				NOT DOCUMENTED -- see enforcement/why in reconciliation.tsv		sweep
c0639	posthoc_g1__g2_cohens_d		-0.4891355019353425		both sides: no value defined (documented)	This row belongs to the sweep study, a grid of group-count and imbalance shapes that is otherwise checked against R exactly like any other analysis. Here the plugin side of this particular shape was not run in this pass, so there is nothing on that side to set beside R's value yet; it is listed as incomplete, not as a documented difference between the two programs.	sweep
c0639	posthoc_g1__g2_cohens_d		-0.4891355019353425		both sides: no value defined (documented)	This row belongs to the sweep study, a grid of group-count and imbalance shapes that is otherwise checked against R exactly like any other analysis. Here the plugin side of this particular shape was not run in this pass, so there is nothing on that side to set beside R's value yet; it is listed as incomplete, not as a documented difference between the two programs.	sweep
c0639	posthoc_g1__g2_cohens_d				NOT DOCUMENTED -- see enforcement/why in reconciliation.tsv		sweep
c0639	posthoc_g1__g2_diff		-1.0833333333333321		both sides: no value defined (documented)	This row belongs to the sweep study, a grid of group-count and imbalance shapes that is otherwise checked against R exactly like any other analysis. Here the plugin side of this particular shape was not run in this pass, so there is nothing on that side to set beside R's value yet; it is listed as incomplete, not as a documented difference between the two programs.	sweep
c0639	posthoc_g1__g2_diff				NOT DOCUMENTED -- see enforcement/why in reconciliation.tsv		sweep
c0639	posthoc_g1__g2_padj		0.24361420831008074		both sides: no value defined (documented)	This row belongs to the sweep study, a grid of group-count and imbalance shapes that is otherwise checked against R exactly like any other analysis. Here the plugin side of this particular shape was not run in this pass, so there is nothing on that side to set beside R's value yet; it is listed as incomplete, not as a documented difference between the two programs.	sweep
c0639	posthoc_g1__g2_padj				NOT DOCUMENTED -- see enforcement/why in reconciliation.tsv		sweep
c0639	ss_between		7.0416666666666705		both sides: no value defined (documented)	This row belongs to the sweep study, a grid of group-count and imbalance shapes that is otherwise checked against R exactly like any other analysis. Here the plugin side of this particular shape was not run in this pass, so there is nothing on that side to set beside R's value yet; it is listed as incomplete, not as a documented difference between the two programs.	sweep
c0639	ss_between				NOT DOCUMENTED -- see enforcement/why in reconciliation.tsv		sweep
c0639	ss_total		114.95833333333334		both sides: no value defined (documented)	This row belongs to the sweep study, a grid of group-count and imbalance shapes that is otherwise checked against R exactly like any other analysis. Here the plugin side of this particular shape was not run in this pass, so there is nothing on that side to set beside R's value yet; it is listed as incomplete, not as a documented difference between the two programs.	sweep
c0639	ss_total				NOT DOCUMENTED -- see enforcement/why in reconciliation.tsv		sweep
c0639	ss_within		107.91666666666667		both sides: no value defined (documented)	This row belongs to the sweep study, a grid of group-count and imbalance shapes that is otherwise checked against R exactly like any other analysis. Here the plugin side of this particular shape was not run in this pass, so there is nothing on that side to set beside R's value yet; it is listed as incomplete, not as a documented difference between the two programs.	sweep
c0639	ss_within				NOT DOCUMENTED -- see enforcement/why in reconciliation.tsv		sweep
c0640	df		1		both sides: no value defined (documented)	This row belongs to the sweep study, a grid of group-count and imbalance shapes that is otherwise checked against R exactly like any other analysis. Here the plugin side of this particular shape was not run in this pass, so there is nothing on that side to set beside R's value yet; it is listed as incomplete, not as a documented difference between the two programs.	sweep
c0640	df				NOT DOCUMENTED -- see enforcement/why in reconciliation.tsv		sweep
c0640	epsilon_squared		0.059232933511031927		both sides: no value defined (documented)	This row belongs to the sweep study, a grid of group-count and imbalance shapes that is otherwise checked against R exactly like any other analysis. Here the plugin side of this particular shape was not run in this pass, so there is nothing on that side to set beside R's value yet; it is listed as incomplete, not as a documented difference between the two programs.	sweep
c0640	epsilon_squared				NOT DOCUMENTED -- see enforcement/why in reconciliation.tsv		sweep
c0640	eta_squared		0.01647079412516974		reported by R only (documented)	For the Kruskal-Wallis test R reports eta-squared and the plugin reports epsilon-squared. Both summarise the same effect, neither is derivable from the other, and each side reports its own choice.	sweep
c0640	eta_squared		0.01647079412516974		reported by R only (documented)	For the Kruskal-Wallis test R reports eta-squared and the plugin reports epsilon-squared. Both summarise the same effect, neither is derivable from the other, and each side reports its own choice.	sweep
c0640	h		1.3623574707537343		both sides: no value defined (documented)	This row belongs to the sweep study, a grid of group-count and imbalance shapes that is otherwise checked against R exactly like any other analysis. Here the plugin side of this particular shape was not run in this pass, so there is nothing on that side to set beside R's value yet; it is listed as incomplete, not as a documented difference between the two programs.	sweep
c0640	h				NOT DOCUMENTED -- see enforcement/why in reconciliation.tsv		sweep
c0640	n		24		both sides: no value defined (documented)	This row belongs to the sweep study, a grid of group-count and imbalance shapes that is otherwise checked against R exactly like any other analysis. Here the plugin side of this particular shape was not run in this pass, so there is nothing on that side to set beside R's value yet; it is listed as incomplete, not as a documented difference between the two programs.	sweep
c0640	n				NOT DOCUMENTED -- see enforcement/why in reconciliation.tsv		sweep
c0640	p		0.24312932886740066		both sides: no value defined (documented)	This row belongs to the sweep study, a grid of group-count and imbalance shapes that is otherwise checked against R exactly like any other analysis. Here the plugin side of this particular shape was not run in this pass, so there is nothing on that side to set beside R's value yet; it is listed as incomplete, not as a documented difference between the two programs.	sweep
c0640	p				NOT DOCUMENTED -- see enforcement/why in reconciliation.tsv		sweep
c0641	df_between		2		both sides: no value defined (documented)	This row belongs to the sweep study, a grid of group-count and imbalance shapes that is otherwise checked against R exactly like any other analysis. Here the plugin side of this particular shape was not run in this pass, so there is nothing on that side to set beside R's value yet; it is listed as incomplete, not as a documented difference between the two programs.	sweep
c0641	df_between				NOT DOCUMENTED -- see enforcement/why in reconciliation.tsv		sweep
c0641	df_within		21		both sides: no value defined (documented)	This row belongs to the sweep study, a grid of group-count and imbalance shapes that is otherwise checked against R exactly like any other analysis. Here the plugin side of this particular shape was not run in this pass, so there is nothing on that side to set beside R's value yet; it is listed as incomplete, not as a documented difference between the two programs.	sweep
c0641	df_within				NOT DOCUMENTED -- see enforcement/why in reconciliation.tsv		sweep
c0641	eta_squared		0.50086314760221295		both sides: no value defined (documented)	This row belongs to the sweep study, a grid of group-count and imbalance shapes that is otherwise checked against R exactly like any other analysis. Here the plugin side of this particular shape was not run in this pass, so there is nothing on that side to set beside R's value yet; it is listed as incomplete, not as a documented difference between the two programs.	sweep
c0641	eta_squared		0.50086314760221295		both sides: no value defined (documented)	This row belongs to the sweep study, a grid of group-count and imbalance shapes that is otherwise checked against R exactly like any other analysis. Here the plugin side of this particular shape was not run in this pass, so there is nothing on that side to set beside R's value yet; it is listed as incomplete, not as a documented difference between the two programs.	sweep
c0641	eta_squared				NOT DOCUMENTED -- see enforcement/why in reconciliation.tsv		sweep
c0641	f		10.536314889512559		both sides: no value defined (documented)	This row belongs to the sweep study, a grid of group-count and imbalance shapes that is otherwise checked against R exactly like any other analysis. Here the plugin side of this particular shape was not run in this pass, so there is nothing on that side to set beside R's value yet; it is listed as incomplete, not as a documented difference between the two programs.	sweep
c0641	f				NOT DOCUMENTED -- see enforcement/why in reconciliation.tsv		sweep
c0641	ms_between		30.907081981421911		both sides: no value defined (documented)	This row belongs to the sweep study, a grid of group-count and imbalance shapes that is otherwise checked against R exactly like any other analysis. Here the plugin side of this particular shape was not run in this pass, so there is nothing on that side to set beside R's value yet; it is listed as incomplete, not as a documented difference between the two programs.	sweep
c0641	ms_between				NOT DOCUMENTED -- see enforcement/why in reconciliation.tsv		sweep
c0641	ms_within		2.9333863220228573		both sides: no value defined (documented)	This row belongs to the sweep study, a grid of group-count and imbalance shapes that is otherwise checked against R exactly like any other analysis. Here the plugin side of this particular shape was not run in this pass, so there is nothing on that side to set beside R's value yet; it is listed as incomplete, not as a documented difference between the two programs.	sweep
c0641	ms_within				NOT DOCUMENTED -- see enforcement/why in reconciliation.tsv		sweep
c0641	n		24		both sides: no value defined (documented)	This row belongs to the sweep study, a grid of group-count and imbalance shapes that is otherwise checked against R exactly like any other analysis. Here the plugin side of this particular shape was not run in this pass, so there is nothing on that side to set beside R's value yet; it is listed as incomplete, not as a documented difference between the two programs.	sweep
c0641	n				NOT DOCUMENTED -- see enforcement/why in reconciliation.tsv		sweep
c0641	p		0.00067811941375194918		both sides: no value defined (documented)	This row belongs to the sweep study, a grid of group-count and imbalance shapes that is otherwise checked against R exactly like any other analysis. Here the plugin side of this particular shape was not run in this pass, so there is nothing on that side to set beside R's value yet; it is listed as incomplete, not as a documented difference between the two programs.	sweep
c0641	p				NOT DOCUMENTED -- see enforcement/why in reconciliation.tsv		sweep
c0641	posthoc_g1__g2_ci_high		-0.97238508480183539		both sides: no value defined (documented)	This row belongs to the sweep study, a grid of group-count and imbalance shapes that is otherwise checked against R exactly like any other analysis. Here the plugin side of this particular shape was not run in this pass, so there is nothing on that side to set beside R's value yet; it is listed as incomplete, not as a documented difference between the two programs.	sweep
c0641	posthoc_g1__g2_ci_high				NOT DOCUMENTED -- see enforcement/why in reconciliation.tsv		sweep
c0641	posthoc_g1__g2_ci_low		-5.2893988795570266		both sides: no value defined (documented)	This row belongs to the sweep study, a grid of group-count and imbalance shapes that is otherwise checked against R exactly like any other analysis. Here the plugin side of this particular shape was not run in this pass, so there is nothing on that side to set beside R's value yet; it is listed as incomplete, not as a documented difference between the two programs.	sweep
c0641	posthoc_g1__g2_ci_low				NOT DOCUMENTED -- see enforcement/why in reconciliation.tsv		sweep
c0641	posthoc_g1__g2_cohens_d		-1.9226966492609718		both sides: no value defined (documented)	This row belongs to the sweep study, a grid of group-count and imbalance shapes that is otherwise checked against R exactly like any other analysis. Here the plugin side of this particular shape was not run in this pass, so there is nothing on that side to set beside R's value yet; it is listed as incomplete, not as a documented difference between the two programs.	sweep
c0641	posthoc_g1__g2_cohens_d		-1.9226966492609718		both sides: no value defined (documented)	This row belongs to the sweep study, a grid of group-count and imbalance shapes that is otherwise checked against R exactly like any other analysis. Here the plugin side of this particular shape was not run in this pass, so there is nothing on that side to set beside R's value yet; it is listed as incomplete, not as a documented difference between the two programs.	sweep
c0641	posthoc_g1__g2_cohens_d				NOT DOCUMENTED -- see enforcement/why in reconciliation.tsv		sweep
c0641	posthoc_g1__g2_diff		-3.1308919821794312		both sides: no value defined (documented)	This row belongs to the sweep study, a grid of group-count and imbalance shapes that is otherwise checked against R exactly like any other analysis. Here the plugin side of this particular shape was not run in this pass, so there is nothing on that side to set beside R's value yet; it is listed as incomplete, not as a documented difference between the two programs.	sweep
c0641	posthoc_g1__g2_diff				NOT DOCUMENTED -- see enforcement/why in reconciliation.tsv		sweep
c0641	posthoc_g1__g2_padj		0.0040340528825529853		both sides: no value defined (documented)	This row belongs to the sweep study, a grid of group-count and imbalance shapes that is otherwise checked against R exactly like any other analysis. Here the plugin side of this particular shape was not run in this pass, so there is nothing on that side to set beside R's value yet; it is listed as incomplete, not as a documented difference between the two programs.	sweep
c0641	posthoc_g1__g2_padj				NOT DOCUMENTED -- see enforcement/why in reconciliation.tsv		sweep
c0641	posthoc_g1__g3_ci_high		-1.4656504114972591		both sides: no value defined (documented)	This row belongs to the sweep study, a grid of group-count and imbalance shapes that is otherwise checked against R exactly like any other analysis. Here the plugin side of this particular shape was not run in this pass, so there is nothing on that side to set beside R's value yet; it is listed as incomplete, not as a documented difference between the two programs.	sweep
c0641	posthoc_g1__g3_ci_high				NOT DOCUMENTED -- see enforcement/why in reconciliation.tsv		sweep
c0641	posthoc_g1__g3_ci_low		-5.7826642062524503		both sides: no value defined (documented)	This row belongs to the sweep study, a grid of group-count and imbalance shapes that is otherwise checked against R exactly like any other analysis. Here the plugin side of this particular shape was not run in this pass, so there is nothing on that side to set beside R's value yet; it is listed as incomplete, not as a documented difference between the two programs.	sweep
c0641	posthoc_g1__g3_ci_low				NOT DOCUMENTED -- see enforcement/why in reconciliation.tsv		sweep
c0641	posthoc_g1__g3_cohens_d		-2.431419937644228		both sides: no value defined (documented)	This row belongs to the sweep study, a grid of group-count and imbalance shapes that is otherwise checked against R exactly like any other analysis. Here the plugin side of this particular shape was not run in this pass, so there is nothing on that side to set beside R's value yet; it is listed as incomplete, not as a documented difference between the two programs.	sweep
c0641	posthoc_g1__g3_cohens_d		-2.431419937644228		both sides: no value defined (documented)	This row belongs to the sweep study, a grid of group-count and imbalance shapes that is otherwise checked against R exactly like any other analysis. Here the plugin side of this particular shape was not run in this pass, so there is nothing on that side to set beside R's value yet; it is listed as incomplete, not as a documented difference between the two programs.	sweep
c0641	posthoc_g1__g3_cohens_d				NOT DOCUMENTED -- see enforcement/why in reconciliation.tsv		sweep
c0641	posthoc_g1__g3_diff		-3.6241573088748549		both sides: no value defined (documented)	This row belongs to the sweep study, a grid of group-count and imbalance shapes that is otherwise checked against R exactly like any other analysis. Here the plugin side of this particular shape was not run in this pass, so there is nothing on that side to set beside R's value yet; it is listed as incomplete, not as a documented difference between the two programs.	sweep
c0641	posthoc_g1__g3_diff				NOT DOCUMENTED -- see enforcement/why in reconciliation.tsv		sweep
c0641	posthoc_g1__g3_padj		0.0010429439140160479		both sides: no value defined (documented)	This row belongs to the sweep study, a grid of group-count and imbalance shapes that is otherwise checked against R exactly like any other analysis. Here the plugin side of this particular shape was not run in this pass, so there is nothing on that side to set beside R's value yet; it is listed as incomplete, not as a documented difference between the two programs.	sweep
c0641	posthoc_g1__g3_padj				NOT DOCUMENTED -- see enforcement/why in reconciliation.tsv		sweep
c0641	posthoc_g2__g3_ci_high		1.6652415706821722		both sides: no value defined (documented)	This row belongs to the sweep study, a grid of group-count and imbalance shapes that is otherwise checked against R exactly like any other analysis. Here the plugin side of this particular shape was not run in this pass, so there is nothing on that side to set beside R's value yet; it is listed as incomplete, not as a documented difference between the two programs.	sweep
c0641	posthoc_g2__g3_ci_high				NOT DOCUMENTED -- see enforcement/why in reconciliation.tsv		sweep
c0641	posthoc_g2__g3_ci_low		-2.6517722240730195		both sides: no value defined (documented)	This row belongs to the sweep study, a grid of group-count and imbalance shapes that is otherwise checked against R exactly like any other analysis. Here the plugin side of this particular shape was not run in this pass, so there is nothing on that side to set beside R's value yet; it is listed as incomplete, not as a documented difference between the two programs.	sweep
c0641	posthoc_g2__g3_ci_low				NOT DOCUMENTED -- see enforcement/why in reconciliation.tsv		sweep
c0641	posthoc_g2__g3_cohens_d		-0.24892163098638864		both sides: no value defined (documented)	This row belongs to the sweep study, a grid of group-count and imbalance shapes that is otherwise checked against R exactly like any other analysis. Here the plugin side of this particular shape was not run in this pass, so there is nothing on that side to set beside R's value yet; it is listed as incomplete, not as a documented difference between the two programs.	sweep
c0641	posthoc_g2__g3_cohens_d		-0.24892163098638864		both sides: no value defined (documented)	This row belongs to the sweep study, a grid of group-count and imbalance shapes that is otherwise checked against R exactly like any other analysis. Here the plugin side of this particular shape was not run in this pass, so there is nothing on that side to set beside R's value yet; it is listed as incomplete, not as a documented difference between the two programs.	sweep
c0641	posthoc_g2__g3_cohens_d				NOT DOCUMENTED -- see enforcement/why in reconciliation.tsv		sweep
c0641	posthoc_g2__g3_diff		-0.49326532669542367		both sides: no value defined (documented)	This row belongs to the sweep study, a grid of group-count and imbalance shapes that is otherwise checked against R exactly like any other analysis. Here the plugin side of this particular shape was not run in this pass, so there is nothing on that side to set beside R's value yet; it is listed as incomplete, not as a documented difference between the two programs.	sweep
c0641	posthoc_g2__g3_diff				NOT DOCUMENTED -- see enforcement/why in reconciliation.tsv		sweep
c0641	posthoc_g2__g3_padj		0.83425972781415447		both sides: no value defined (documented)	This row belongs to the sweep study, a grid of group-count and imbalance shapes that is otherwise checked against R exactly like any other analysis. Here the plugin side of this particular shape was not run in this pass, so there is nothing on that side to set beside R's value yet; it is listed as incomplete, not as a documented difference between the two programs.	sweep
c0641	posthoc_g2__g3_padj				NOT DOCUMENTED -- see enforcement/why in reconciliation.tsv		sweep
c0641	ss_between		61.814163962843821		both sides: no value defined (documented)	This row belongs to the sweep study, a grid of group-count and imbalance shapes that is otherwise checked against R exactly like any other analysis. Here the plugin side of this particular shape was not run in this pass, so there is nothing on that side to set beside R's value yet; it is listed as incomplete, not as a documented difference between the two programs.	sweep
c0641	ss_between				NOT DOCUMENTED -- see enforcement/why in reconciliation.tsv		sweep
c0641	ss_total		123.41527672532382		both sides: no value defined (documented)	This row belongs to the sweep study, a grid of group-count and imbalance shapes that is otherwise checked against R exactly like any other analysis. Here the plugin side of this particular shape was not run in this pass, so there is nothing on that side to set beside R's value yet; it is listed as incomplete, not as a documented difference between the two programs.	sweep
c0641	ss_total				NOT DOCUMENTED -- see enforcement/why in reconciliation.tsv		sweep
c0641	ss_within		61.60111276248		both sides: no value defined (documented)	This row belongs to the sweep study, a grid of group-count and imbalance shapes that is otherwise checked against R exactly like any other analysis. Here the plugin side of this particular shape was not run in this pass, so there is nothing on that side to set beside R's value yet; it is listed as incomplete, not as a documented difference between the two programs.	sweep
c0641	ss_within				NOT DOCUMENTED -- see enforcement/why in reconciliation.tsv		sweep
c0642	df		2		both sides: no value defined (documented)	This row belongs to the sweep study, a grid of group-count and imbalance shapes that is otherwise checked against R exactly like any other analysis. Here the plugin side of this particular shape was not run in this pass, so there is nothing on that side to set beside R's value yet; it is listed as incomplete, not as a documented difference between the two programs.	sweep
c0642	df				NOT DOCUMENTED -- see enforcement/why in reconciliation.tsv		sweep
c0642	epsilon_squared		0.55913043478260871		both sides: no value defined (documented)	This row belongs to the sweep study, a grid of group-count and imbalance shapes that is otherwise checked against R exactly like any other analysis. Here the plugin side of this particular shape was not run in this pass, so there is nothing on that side to set beside R's value yet; it is listed as incomplete, not as a documented difference between the two programs.	sweep
c0642	epsilon_squared				NOT DOCUMENTED -- see enforcement/why in reconciliation.tsv		sweep
c0642	eta_squared		0.51714285714285713		reported by R only (documented)	For the Kruskal-Wallis test R reports eta-squared and the plugin reports epsilon-squared. Both summarise the same effect, neither is derivable from the other, and each side reports its own choice.	sweep
c0642	eta_squared		0.51714285714285713		reported by R only (documented)	For the Kruskal-Wallis test R reports eta-squared and the plugin reports epsilon-squared. Both summarise the same effect, neither is derivable from the other, and each side reports its own choice.	sweep
c0642	h		12.859999999999999		both sides: no value defined (documented)	This row belongs to the sweep study, a grid of group-count and imbalance shapes that is otherwise checked against R exactly like any other analysis. Here the plugin side of this particular shape was not run in this pass, so there is nothing on that side to set beside R's value yet; it is listed as incomplete, not as a documented difference between the two programs.	sweep
c0642	h				NOT DOCUMENTED -- see enforcement/why in reconciliation.tsv		sweep
c0642	n		24		both sides: no value defined (documented)	This row belongs to the sweep study, a grid of group-count and imbalance shapes that is otherwise checked against R exactly like any other analysis. Here the plugin side of this particular shape was not run in this pass, so there is nothing on that side to set beside R's value yet; it is listed as incomplete, not as a documented difference between the two programs.	sweep
c0642	n				NOT DOCUMENTED -- see enforcement/why in reconciliation.tsv		sweep
c0642	p		0.0016124508344866836		both sides: no value defined (documented)	This row belongs to the sweep study, a grid of group-count and imbalance shapes that is otherwise checked against R exactly like any other analysis. Here the plugin side of this particular shape was not run in this pass, so there is nothing on that side to set beside R's value yet; it is listed as incomplete, not as a documented difference between the two programs.	sweep
c0642	p				NOT DOCUMENTED -- see enforcement/why in reconciliation.tsv		sweep
c0643	df_between		2		both sides: no value defined (documented)	This row belongs to the sweep study, a grid of group-count and imbalance shapes that is otherwise checked against R exactly like any other analysis. Here the plugin side of this particular shape was not run in this pass, so there is nothing on that side to set beside R's value yet; it is listed as incomplete, not as a documented difference between the two programs.	sweep
c0643	df_between				NOT DOCUMENTED -- see enforcement/why in reconciliation.tsv		sweep
c0643	df_within		6		both sides: no value defined (documented)	This row belongs to the sweep study, a grid of group-count and imbalance shapes that is otherwise checked against R exactly like any other analysis. Here the plugin side of this particular shape was not run in this pass, so there is nothing on that side to set beside R's value yet; it is listed as incomplete, not as a documented difference between the two programs.	sweep
c0643	df_within				NOT DOCUMENTED -- see enforcement/why in reconciliation.tsv		sweep
c0643	eta_squared		0.24347473569397871		both sides: no value defined (documented)	This row belongs to the sweep study, a grid of group-count and imbalance shapes that is otherwise checked against R exactly like any other analysis. Here the plugin side of this particular shape was not run in this pass, so there is nothing on that side to set beside R's value yet; it is listed as incomplete, not as a documented difference between the two programs.	sweep
c0643	eta_squared		0.24347473569397871		both sides: no value defined (documented)	This row belongs to the sweep study, a grid of group-count and imbalance shapes that is otherwise checked against R exactly like any other analysis. Here the plugin side of this particular shape was not run in this pass, so there is nothing on that side to set beside R's value yet; it is listed as incomplete, not as a documented difference between the two programs.	sweep
c0643	eta_squared				NOT DOCUMENTED -- see enforcement/why in reconciliation.tsv		sweep
c0643	f		0.96549876328581252		both sides: no value defined (documented)	This row belongs to the sweep study, a grid of group-count and imbalance shapes that is otherwise checked against R exactly like any other analysis. Here the plugin side of this particular shape was not run in this pass, so there is nothing on that side to set beside R's value yet; it is listed as incomplete, not as a documented difference between the two programs.	sweep
c0643	f				NOT DOCUMENTED -- see enforcement/why in reconciliation.tsv		sweep
c0643	ms_between		3.0863822763579796		both sides: no value defined (documented)	This row belongs to the sweep study, a grid of group-count and imbalance shapes that is otherwise checked against R exactly like any other analysis. Here the plugin side of this particular shape was not run in this pass, so there is nothing on that side to set beside R's value yet; it is listed as incomplete, not as a documented difference between the two programs.	sweep
c0643	ms_between				NOT DOCUMENTED -- see enforcement/why in reconciliation.tsv		sweep
c0643	ms_within		3.1966713927776733		both sides: no value defined (documented)	This row belongs to the sweep study, a grid of group-count and imbalance shapes that is otherwise checked against R exactly like any other analysis. Here the plugin side of this particular shape was not run in this pass, so there is nothing on that side to set beside R's value yet; it is listed as incomplete, not as a documented difference between the two programs.	sweep
c0643	ms_within				NOT DOCUMENTED -- see enforcement/why in reconciliation.tsv		sweep
c0643	n		9		both sides: no value defined (documented)	This row belongs to the sweep study, a grid of group-count and imbalance shapes that is otherwise checked against R exactly like any other analysis. Here the plugin side of this particular shape was not run in this pass, so there is nothing on that side to set beside R's value yet; it is listed as incomplete, not as a documented difference between the two programs.	sweep
c0643	n				NOT DOCUMENTED -- see enforcement/why in reconciliation.tsv		sweep
c0643	p		0.43298246427321713		both sides: no value defined (documented)	This row belongs to the sweep study, a grid of group-count and imbalance shapes that is otherwise checked against R exactly like any other analysis. Here the plugin side of this particular shape was not run in this pass, so there is nothing on that side to set beside R's value yet; it is listed as incomplete, not as a documented difference between the two programs.	sweep
c0643	p				NOT DOCUMENTED -- see enforcement/why in reconciliation.tsv		sweep
c0643	posthoc_g1__g2_ci_high		6.4644625110405567		both sides: no value defined (documented)	This row belongs to the sweep study, a grid of group-count and imbalance shapes that is otherwise checked against R exactly like any other analysis. Here the plugin side of this particular shape was not run in this pass, so there is nothing on that side to set beside R's value yet; it is listed as incomplete, not as a documented difference between the two programs.	sweep
c0643	posthoc_g1__g2_ci_high				NOT DOCUMENTED -- see enforcement/why in reconciliation.tsv		sweep
c0643	posthoc_g1__g2_ci_low		-2.4938779617344604		both sides: no value defined (documented)	This row belongs to the sweep study, a grid of group-count and imbalance shapes that is otherwise checked against R exactly like any other analysis. Here the plugin side of this particular shape was not run in this pass, so there is nothing on that side to set beside R's value yet; it is listed as incomplete, not as a documented difference between the two programs.	sweep
c0643	posthoc_g1__g2_ci_low				NOT DOCUMENTED -- see enforcement/why in reconciliation.tsv		sweep
c0643	posthoc_g1__g2_cohens_d		1.2792350334706872		both sides: no value defined (documented)	This row belongs to the sweep study, a grid of group-count and imbalance shapes that is otherwise checked against R exactly like any other analysis. Here the plugin side of this particular shape was not run in this pass, so there is nothing on that side to set beside R's value yet; it is listed as incomplete, not as a documented difference between the two programs.	sweep
c0643	posthoc_g1__g2_cohens_d		1.2792350334706872		both sides: no value defined (documented)	This row belongs to the sweep study, a grid of group-count and imbalance shapes that is otherwise checked against R exactly like any other analysis. Here the plugin side of this particular shape was not run in this pass, so there is nothing on that side to set beside R's value yet; it is listed as incomplete, not as a documented difference between the two programs.	sweep
c0643	posthoc_g1__g2_cohens_d				NOT DOCUMENTED -- see enforcement/why in reconciliation.tsv		sweep
c0643	posthoc_g1__g2_diff		1.9852922746530481		both sides: no value defined (documented)	This row belongs to the sweep study, a grid of group-count and imbalance shapes that is otherwise checked against R exactly like any other analysis. Here the plugin side of this particular shape was not run in this pass, so there is nothing on that side to set beside R's value yet; it is listed as incomplete, not as a documented difference between the two programs.	sweep
c0643	posthoc_g1__g2_diff				NOT DOCUMENTED -- see enforcement/why in reconciliation.tsv		sweep
c0643	posthoc_g1__g2_padj		0.41691579360736031		both sides: no value defined (documented)	This row belongs to the sweep study, a grid of group-count and imbalance shapes that is otherwise checked against R exactly like any other analysis. Here the plugin side of this particular shape was not run in this pass, so there is nothing on that side to set beside R's value yet; it is listed as incomplete, not as a documented difference between the two programs.	sweep
c0643	posthoc_g1__g2_padj				NOT DOCUMENTED -- see enforcement/why in reconciliation.tsv		sweep
c0643	posthoc_g1__g3_ci_high		5.8328471404225954		both sides: no value defined (documented)	This row belongs to the sweep study, a grid of group-count and imbalance shapes that is otherwise checked against R exactly like any other analysis. Here the plugin side of this particular shape was not run in this pass, so there is nothing on that side to set beside R's value yet; it is listed as incomplete, not as a documented difference between the two programs.	sweep
c0643	posthoc_g1__g3_ci_high				NOT DOCUMENTED -- see enforcement/why in reconciliation.tsv		sweep
c0643	posthoc_g1__g3_ci_low		-3.1254933323524217		both sides: no value defined (documented)	This row belongs to the sweep study, a grid of group-count and imbalance shapes that is otherwise checked against R exactly like any other analysis. Here the plugin side of this particular shape was not run in this pass, so there is nothing on that side to set beside R's value yet; it is listed as incomplete, not as a documented difference between the two programs.	sweep
c0643	posthoc_g1__g3_ci_low				NOT DOCUMENTED -- see enforcement/why in reconciliation.tsv		sweep
c0643	posthoc_g1__g3_cohens_d		0.78404366198313324		both sides: no value defined (documented)	This row belongs to the sweep study, a grid of group-count and imbalance shapes that is otherwise checked against R exactly like any other analysis. Here the plugin side of this particular shape was not run in this pass, so there is nothing on that side to set beside R's value yet; it is listed as incomplete, not as a documented difference between the two programs.	sweep
c0643	posthoc_g1__g3_cohens_d		0.78404366198313336		both sides: no value defined (documented)	This row belongs to the sweep study, a grid of group-count and imbalance shapes that is otherwise checked against R exactly like any other analysis. Here the plugin side of this particular shape was not run in this pass, so there is nothing on that side to set beside R's value yet; it is listed as incomplete, not as a documented difference between the two programs.	sweep
c0643	posthoc_g1__g3_cohens_d				NOT DOCUMENTED -- see enforcement/why in reconciliation.tsv		sweep
c0643	posthoc_g1__g3_diff		1.3536769040350869		both sides: no value defined (documented)	This row belongs to the sweep study, a grid of group-count and imbalance shapes that is otherwise checked against R exactly like any other analysis. Here the plugin side of this particular shape was not run in this pass, so there is nothing on that side to set beside R's value yet; it is listed as incomplete, not as a documented difference between the two programs.	sweep
c0643	posthoc_g1__g3_diff				NOT DOCUMENTED -- see enforcement/why in reconciliation.tsv		sweep
c0643	posthoc_g1__g3_padj		0.64449262750074987		both sides: no value defined (documented)	This row belongs to the sweep study, a grid of group-count and imbalance shapes that is otherwise checked against R exactly like any other analysis. Here the plugin side of this particular shape was not run in this pass, so there is nothing on that side to set beside R's value yet; it is listed as incomplete, not as a documented difference between the two programs.	sweep
c0643	posthoc_g1__g3_padj				NOT DOCUMENTED -- see enforcement/why in reconciliation.tsv		sweep
c0643	posthoc_g2__g3_ci_high		3.8475548657695473		both sides: no value defined (documented)	This row belongs to the sweep study, a grid of group-count and imbalance shapes that is otherwise checked against R exactly like any other analysis. Here the plugin side of this particular shape was not run in this pass, so there is nothing on that side to set beside R's value yet; it is listed as incomplete, not as a documented difference between the two programs.	sweep
c0643	posthoc_g2__g3_ci_high				NOT DOCUMENTED -- see enforcement/why in reconciliation.tsv		sweep
c0643	posthoc_g2__g3_ci_low		-5.1107856070054698		both sides: no value defined (documented)	This row belongs to the sweep study, a grid of group-count and imbalance shapes that is otherwise checked against R exactly like any other analysis. Here the plugin side of this particular shape was not run in this pass, so there is nothing on that side to set beside R's value yet; it is listed as incomplete, not as a documented difference between the two programs.	sweep
c0643	posthoc_g2__g3_ci_low				NOT DOCUMENTED -- see enforcement/why in reconciliation.tsv		sweep
c0643	posthoc_g2__g3_cohens_d		-0.30817506721002902		both sides: no value defined (documented)	This row belongs to the sweep study, a grid of group-count and imbalance shapes that is otherwise checked against R exactly like any other analysis. Here the plugin side of this particular shape was not run in this pass, so there is nothing on that side to set beside R's value yet; it is listed as incomplete, not as a documented difference between the two programs.	sweep
c0643	posthoc_g2__g3_cohens_d		-0.30817506721002902		both sides: no value defined (documented)	This row belongs to the sweep study, a grid of group-count and imbalance shapes that is otherwise checked against R exactly like any other analysis. Here the plugin side of this particular shape was not run in this pass, so there is nothing on that side to set beside R's value yet; it is listed as incomplete, not as a documented difference between the two programs.	sweep
c0643	posthoc_g2__g3_cohens_d				NOT DOCUMENTED -- see enforcement/why in reconciliation.tsv		sweep
c0643	posthoc_g2__g3_diff		-0.63161537061796125		both sides: no value defined (documented)	This row belongs to the sweep study, a grid of group-count and imbalance shapes that is otherwise checked against R exactly like any other analysis. Here the plugin side of this particular shape was not run in this pass, so there is nothing on that side to set beside R's value yet; it is listed as incomplete, not as a documented difference between the two programs.	sweep
c0643	posthoc_g2__g3_diff				NOT DOCUMENTED -- see enforcement/why in reconciliation.tsv		sweep
c0643	posthoc_g2__g3_padj		0.90355275703390625		both sides: no value defined (documented)	This row belongs to the sweep study, a grid of group-count and imbalance shapes that is otherwise checked against R exactly like any other analysis. Here the plugin side of this particular shape was not run in this pass, so there is nothing on that side to set beside R's value yet; it is listed as incomplete, not as a documented difference between the two programs.	sweep
c0643	posthoc_g2__g3_padj				NOT DOCUMENTED -- see enforcement/why in reconciliation.tsv		sweep
c0643	ss_between		6.1727645527159591		both sides: no value defined (documented)	This row belongs to the sweep study, a grid of group-count and imbalance shapes that is otherwise checked against R exactly like any other analysis. Here the plugin side of this particular shape was not run in this pass, so there is nothing on that side to set beside R's value yet; it is listed as incomplete, not as a documented difference between the two programs.	sweep
c0643	ss_between				NOT DOCUMENTED -- see enforcement/why in reconciliation.tsv		sweep
c0643	ss_total		25.352792909381996		both sides: no value defined (documented)	This row belongs to the sweep study, a grid of group-count and imbalance shapes that is otherwise checked against R exactly like any other analysis. Here the plugin side of this particular shape was not run in this pass, so there is nothing on that side to set beside R's value yet; it is listed as incomplete, not as a documented difference between the two programs.	sweep
c0643	ss_total				NOT DOCUMENTED -- see enforcement/why in reconciliation.tsv		sweep
c0643	ss_within		19.180028356666039		both sides: no value defined (documented)	This row belongs to the sweep study, a grid of group-count and imbalance shapes that is otherwise checked against R exactly like any other analysis. Here the plugin side of this particular shape was not run in this pass, so there is nothing on that side to set beside R's value yet; it is listed as incomplete, not as a documented difference between the two programs.	sweep
c0643	ss_within				NOT DOCUMENTED -- see enforcement/why in reconciliation.tsv		sweep
c0644	df		2		both sides: no value defined (documented)	This row belongs to the sweep study, a grid of group-count and imbalance shapes that is otherwise checked against R exactly like any other analysis. Here the plugin side of this particular shape was not run in this pass, so there is nothing on that side to set beside R's value yet; it is listed as incomplete, not as a documented difference between the two programs.	sweep
c0644	df				NOT DOCUMENTED -- see enforcement/why in reconciliation.tsv		sweep
c0644	epsilon_squared		0.14444444444444438		both sides: no value defined (documented)	This row belongs to the sweep study, a grid of group-count and imbalance shapes that is otherwise checked against R exactly like any other analysis. Here the plugin side of this particular shape was not run in this pass, so there is nothing on that side to set beside R's value yet; it is listed as incomplete, not as a documented difference between the two programs.	sweep
c0644	epsilon_squared				NOT DOCUMENTED -- see enforcement/why in reconciliation.tsv		sweep
c0644	eta_squared		-0.14074074074074083		reported by R only (documented)	For the Kruskal-Wallis test R reports eta-squared and the plugin reports epsilon-squared. Both summarise the same effect, neither is derivable from the other, and each side reports its own choice.	sweep
c0644	eta_squared		0		reported by R only (documented)	For the Kruskal-Wallis test R reports eta-squared and the plugin reports epsilon-squared. Both summarise the same effect, neither is derivable from the other, and each side reports its own choice.	sweep
c0644	h		1.155555555555555		both sides: no value defined (documented)	This row belongs to the sweep study, a grid of group-count and imbalance shapes that is otherwise checked against R exactly like any other analysis. Here the plugin side of this particular shape was not run in this pass, so there is nothing on that side to set beside R's value yet; it is listed as incomplete, not as a documented difference between the two programs.	sweep
c0644	h				NOT DOCUMENTED -- see enforcement/why in reconciliation.tsv		sweep
c0644	n		9		both sides: no value defined (documented)	This row belongs to the sweep study, a grid of group-count and imbalance shapes that is otherwise checked against R exactly like any other analysis. Here the plugin side of this particular shape was not run in this pass, so there is nothing on that side to set beside R's value yet; it is listed as incomplete, not as a documented difference between the two programs.	sweep
c0644	n				NOT DOCUMENTED -- see enforcement/why in reconciliation.tsv		sweep
c0644	p		0.56114396864748972		both sides: no value defined (documented)	This row belongs to the sweep study, a grid of group-count and imbalance shapes that is otherwise checked against R exactly like any other analysis. Here the plugin side of this particular shape was not run in this pass, so there is nothing on that side to set beside R's value yet; it is listed as incomplete, not as a documented difference between the two programs.	sweep
c0644	p				NOT DOCUMENTED -- see enforcement/why in reconciliation.tsv		sweep
c0645	df_between		2		both sides: no value defined (documented)	This row belongs to the sweep study, a grid of group-count and imbalance shapes that is otherwise checked against R exactly like any other analysis. Here the plugin side of this particular shape was not run in this pass, so there is nothing on that side to set beside R's value yet; it is listed as incomplete, not as a documented difference between the two programs.	sweep
c0645	df_between				NOT DOCUMENTED -- see enforcement/why in reconciliation.tsv		sweep
c0645	df_within		44		both sides: no value defined (documented)	This row belongs to the sweep study, a grid of group-count and imbalance shapes that is otherwise checked against R exactly like any other analysis. Here the plugin side of this particular shape was not run in this pass, so there is nothing on that side to set beside R's value yet; it is listed as incomplete, not as a documented difference between the two programs.	sweep
c0645	df_within				NOT DOCUMENTED -- see enforcement/why in reconciliation.tsv		sweep
c0645	eta_squared		0.33973732659897665		both sides: no value defined (documented)	This row belongs to the sweep study, a grid of group-count and imbalance shapes that is otherwise checked against R exactly like any other analysis. Here the plugin side of this particular shape was not run in this pass, so there is nothing on that side to set beside R's value yet; it is listed as incomplete, not as a documented difference between the two programs.	sweep
c0645	eta_squared		0.33973732659897665		both sides: no value defined (documented)	This row belongs to the sweep study, a grid of group-count and imbalance shapes that is otherwise checked against R exactly like any other analysis. Here the plugin side of this particular shape was not run in this pass, so there is nothing on that side to set beside R's value yet; it is listed as incomplete, not as a documented difference between the two programs.	sweep
c0645	eta_squared				NOT DOCUMENTED -- see enforcement/why in reconciliation.tsv		sweep
c0645	f		11.320072277715861		both sides: no value defined (documented)	This row belongs to the sweep study, a grid of group-count and imbalance shapes that is otherwise checked against R exactly like any other analysis. Here the plugin side of this particular shape was not run in this pass, so there is nothing on that side to set beside R's value yet; it is listed as incomplete, not as a documented difference between the two programs.	sweep
c0645	f				NOT DOCUMENTED -- see enforcement/why in reconciliation.tsv		sweep
c0645	ms_between		36.814899539435324		both sides: no value defined (documented)	This row belongs to the sweep study, a grid of group-count and imbalance shapes that is otherwise checked against R exactly like any other analysis. Here the plugin side of this particular shape was not run in this pass, so there is nothing on that side to set beside R's value yet; it is listed as incomplete, not as a documented difference between the two programs.	sweep
c0645	ms_between				NOT DOCUMENTED -- see enforcement/why in reconciliation.tsv		sweep
c0645	ms_within		3.2521788409343757		both sides: no value defined (documented)	This row belongs to the sweep study, a grid of group-count and imbalance shapes that is otherwise checked against R exactly like any other analysis. Here the plugin side of this particular shape was not run in this pass, so there is nothing on that side to set beside R's value yet; it is listed as incomplete, not as a documented difference between the two programs.	sweep
c0645	ms_within				NOT DOCUMENTED -- see enforcement/why in reconciliation.tsv		sweep
c0645	n		47		both sides: no value defined (documented)	This row belongs to the sweep study, a grid of group-count and imbalance shapes that is otherwise checked against R exactly like any other analysis. Here the plugin side of this particular shape was not run in this pass, so there is nothing on that side to set beside R's value yet; it is listed as incomplete, not as a documented difference between the two programs.	sweep
c0645	n				NOT DOCUMENTED -- see enforcement/why in reconciliation.tsv		sweep
c0645	p		0.00010808574301531406		both sides: no value defined (documented)	This row belongs to the sweep study, a grid of group-count and imbalance shapes that is otherwise checked against R exactly like any other analysis. Here the plugin side of this particular shape was not run in this pass, so there is nothing on that side to set beside R's value yet; it is listed as incomplete, not as a documented difference between the two programs.	sweep
c0645	p				NOT DOCUMENTED -- see enforcement/why in reconciliation.tsv		sweep
c0645	posthoc_g1__g2_ci_high		0.66263105276953516		both sides: no value defined (documented)	This row belongs to the sweep study, a grid of group-count and imbalance shapes that is otherwise checked against R exactly like any other analysis. Here the plugin side of this particular shape was not run in this pass, so there is nothing on that side to set beside R's value yet; it is listed as incomplete, not as a documented difference between the two programs.	sweep
c0645	posthoc_g1__g2_ci_high				NOT DOCUMENTED -- see enforcement/why in reconciliation.tsv		sweep
c0645	posthoc_g1__g2_ci_low		-2.3254244371295072		both sides: no value defined (documented)	This row belongs to the sweep study, a grid of group-count and imbalance shapes that is otherwise checked against R exactly like any other analysis. Here the plugin side of this particular shape was not run in this pass, so there is nothing on that side to set beside R's value yet; it is listed as incomplete, not as a documented difference between the two programs.	sweep
c0645	posthoc_g1__g2_ci_low				NOT DOCUMENTED -- see enforcement/why in reconciliation.tsv		sweep
c0645	posthoc_g1__g2_cohens_d		-0.4831320685733223		both sides: no value defined (documented)	This row belongs to the sweep study, a grid of group-count and imbalance shapes that is otherwise checked against R exactly like any other analysis. Here the plugin side of this particular shape was not run in this pass, so there is nothing on that side to set beside R's value yet; it is listed as incomplete, not as a documented difference between the two programs.	sweep
c0645	posthoc_g1__g2_cohens_d		-0.4831320685733223		both sides: no value defined (documented)	This row belongs to the sweep study, a grid of group-count and imbalance shapes that is otherwise checked against R exactly like any other analysis. Here the plugin side of this particular shape was not run in this pass, so there is nothing on that side to set beside R's value yet; it is listed as incomplete, not as a documented difference between the two programs.	sweep
c0645	posthoc_g1__g2_cohens_d				NOT DOCUMENTED -- see enforcement/why in reconciliation.tsv		sweep
c0645	posthoc_g1__g2_diff		-0.83139669217998602		both sides: no value defined (documented)	This row belongs to the sweep study, a grid of group-count and imbalance shapes that is otherwise checked against R exactly like any other analysis. Here the plugin side of this particular shape was not run in this pass, so there is nothing on that side to set beside R's value yet; it is listed as incomplete, not as a documented difference between the two programs.	sweep
c0645	posthoc_g1__g2_diff				NOT DOCUMENTED -- see enforcement/why in reconciliation.tsv		sweep
c0645	posthoc_g1__g2_padj		0.37586112430681617		both sides: no value defined (documented)	This row belongs to the sweep study, a grid of group-count and imbalance shapes that is otherwise checked against R exactly like any other analysis. Here the plugin side of this particular shape was not run in this pass, so there is nothing on that side to set beside R's value yet; it is listed as incomplete, not as a documented difference between the two programs.	sweep
c0645	posthoc_g1__g2_padj				NOT DOCUMENTED -- see enforcement/why in reconciliation.tsv		sweep
c0645	posthoc_g1__g3_ci_high		-2.0173576221357141		both sides: no value defined (documented)	This row belongs to the sweep study, a grid of group-count and imbalance shapes that is otherwise checked against R exactly like any other analysis. Here the plugin side of this particular shape was not run in this pass, so there is nothing on that side to set beside R's value yet; it is listed as incomplete, not as a documented difference between the two programs.	sweep
c0645	posthoc_g1__g3_ci_high				NOT DOCUMENTED -- see enforcement/why in reconciliation.tsv		sweep
c0645	posthoc_g1__g3_ci_low		-6.2431062210743224		both sides: no value defined (documented)	This row belongs to the sweep study, a grid of group-count and imbalance shapes that is otherwise checked against R exactly like any other analysis. Here the plugin side of this particular shape was not run in this pass, so there is nothing on that side to set beside R's value yet; it is listed as incomplete, not as a documented difference between the two programs.	sweep
c0645	posthoc_g1__g3_ci_low				NOT DOCUMENTED -- see enforcement/why in reconciliation.tsv		sweep
c0645	posthoc_g1__g3_cohens_d		-2.2962312394124216		both sides: no value defined (documented)	This row belongs to the sweep study, a grid of group-count and imbalance shapes that is otherwise checked against R exactly like any other analysis. Here the plugin side of this particular shape was not run in this pass, so there is nothing on that side to set beside R's value yet; it is listed as incomplete, not as a documented difference between the two programs.	sweep
c0645	posthoc_g1__g3_cohens_d		-2.2962312394124216		both sides: no value defined (documented)	This row belongs to the sweep study, a grid of group-count and imbalance shapes that is otherwise checked against R exactly like any other analysis. Here the plugin side of this particular shape was not run in this pass, so there is nothing on that side to set beside R's value yet; it is listed as incomplete, not as a documented difference between the two programs.	sweep
c0645	posthoc_g1__g3_cohens_d				NOT DOCUMENTED -- see enforcement/why in reconciliation.tsv		sweep
c0645	posthoc_g1__g3_diff		-4.1302319216050183		both sides: no value defined (documented)	This row belongs to the sweep study, a grid of group-count and imbalance shapes that is otherwise checked against R exactly like any other analysis. Here the plugin side of this particular shape was not run in this pass, so there is nothing on that side to set beside R's value yet; it is listed as incomplete, not as a documented difference between the two programs.	sweep
c0645	posthoc_g1__g3_diff				NOT DOCUMENTED -- see enforcement/why in reconciliation.tsv		sweep
c0645	posthoc_g1__g3_padj		6.6005237050914545e-05		both sides: no value defined (documented)	This row belongs to the sweep study, a grid of group-count and imbalance shapes that is otherwise checked against R exactly like any other analysis. Here the plugin side of this particular shape was not run in this pass, so there is nothing on that side to set beside R's value yet; it is listed as incomplete, not as a documented difference between the two programs.	sweep
c0645	posthoc_g1__g3_padj				NOT DOCUMENTED -- see enforcement/why in reconciliation.tsv		sweep
c0645	posthoc_g2__g3_ci_high		-0.97056114929178694		both sides: no value defined (documented)	This row belongs to the sweep study, a grid of group-count and imbalance shapes that is otherwise checked against R exactly like any other analysis. Here the plugin side of this particular shape was not run in this pass, so there is nothing on that side to set beside R's value yet; it is listed as incomplete, not as a documented difference between the two programs.	sweep
c0645	posthoc_g2__g3_ci_high				NOT DOCUMENTED -- see enforcement/why in reconciliation.tsv		sweep
c0645	posthoc_g2__g3_ci_low		-5.6271093095582776		both sides: no value defined (documented)	This row belongs to the sweep study, a grid of group-count and imbalance shapes that is otherwise checked against R exactly like any other analysis. Here the plugin side of this particular shape was not run in this pass, so there is nothing on that side to set beside R's value yet; it is listed as incomplete, not as a documented difference between the two programs.	sweep
c0645	posthoc_g2__g3_ci_low				NOT DOCUMENTED -- see enforcement/why in reconciliation.tsv		sweep
c0645	posthoc_g2__g3_cohens_d		-1.6361985282304523		both sides: no value defined (documented)	This row belongs to the sweep study, a grid of group-count and imbalance shapes that is otherwise checked against R exactly like any other analysis. Here the plugin side of this particular shape was not run in this pass, so there is nothing on that side to set beside R's value yet; it is listed as incomplete, not as a documented difference between the two programs.	sweep
c0645	posthoc_g2__g3_cohens_d		-1.6361985282304523		both sides: no value defined (documented)	This row belongs to the sweep study, a grid of group-count and imbalance shapes that is otherwise checked against R exactly like any other analysis. Here the plugin side of this particular shape was not run in this pass, so there is nothing on that side to set beside R's value yet; it is listed as incomplete, not as a documented difference between the two programs.	sweep
c0645	posthoc_g2__g3_cohens_d				NOT DOCUMENTED -- see enforcement/why in reconciliation.tsv		sweep
c0645	posthoc_g2__g3_diff		-3.2988352294250323		both sides: no value defined (documented)	This row belongs to the sweep study, a grid of group-count and imbalance shapes that is otherwise checked against R exactly like any other analysis. Here the plugin side of this particular shape was not run in this pass, so there is nothing on that side to set beside R's value yet; it is listed as incomplete, not as a documented difference between the two programs.	sweep
c0645	posthoc_g2__g3_diff				NOT DOCUMENTED -- see enforcement/why in reconciliation.tsv		sweep
c0645	posthoc_g2__g3_padj		0.0036436445157722597		both sides: no value defined (documented)	This row belongs to the sweep study, a grid of group-count and imbalance shapes that is otherwise checked against R exactly like any other analysis. Here the plugin side of this particular shape was not run in this pass, so there is nothing on that side to set beside R's value yet; it is listed as incomplete, not as a documented difference between the two programs.	sweep
c0645	posthoc_g2__g3_padj				NOT DOCUMENTED -- see enforcement/why in reconciliation.tsv		sweep
c0645	ss_between		73.629799078870647		both sides: no value defined (documented)	This row belongs to the sweep study, a grid of group-count and imbalance shapes that is otherwise checked against R exactly like any other analysis. Here the plugin side of this particular shape was not run in this pass, so there is nothing on that side to set beside R's value yet; it is listed as incomplete, not as a documented difference between the two programs.	sweep
c0645	ss_between				NOT DOCUMENTED -- see enforcement/why in reconciliation.tsv		sweep
c0645	ss_total		216.72566807998317		both sides: no value defined (documented)	This row belongs to the sweep study, a grid of group-count and imbalance shapes that is otherwise checked against R exactly like any other analysis. Here the plugin side of this particular shape was not run in this pass, so there is nothing on that side to set beside R's value yet; it is listed as incomplete, not as a documented difference between the two programs.	sweep
c0645	ss_total				NOT DOCUMENTED -- see enforcement/why in reconciliation.tsv		sweep
c0645	ss_within		143.09586900111253		both sides: no value defined (documented)	This row belongs to the sweep study, a grid of group-count and imbalance shapes that is otherwise checked against R exactly like any other analysis. Here the plugin side of this particular shape was not run in this pass, so there is nothing on that side to set beside R's value yet; it is listed as incomplete, not as a documented difference between the two programs.	sweep
c0645	ss_within				NOT DOCUMENTED -- see enforcement/why in reconciliation.tsv		sweep
c0646	df		2		both sides: no value defined (documented)	This row belongs to the sweep study, a grid of group-count and imbalance shapes that is otherwise checked against R exactly like any other analysis. Here the plugin side of this particular shape was not run in this pass, so there is nothing on that side to set beside R's value yet; it is listed as incomplete, not as a documented difference between the two programs.	sweep
c0646	df				NOT DOCUMENTED -- see enforcement/why in reconciliation.tsv		sweep
c0646	epsilon_squared		0.20789777983348817		both sides: no value defined (documented)	This row belongs to the sweep study, a grid of group-count and imbalance shapes that is otherwise checked against R exactly like any other analysis. Here the plugin side of this particular shape was not run in this pass, so there is nothing on that side to set beside R's value yet; it is listed as incomplete, not as a documented difference between the two programs.	sweep
c0646	epsilon_squared				NOT DOCUMENTED -- see enforcement/why in reconciliation.tsv		sweep
c0646	eta_squared		0.1718931334622831		reported by R only (documented)	For the Kruskal-Wallis test R reports eta-squared and the plugin reports epsilon-squared. Both summarise the same effect, neither is derivable from the other, and each side reports its own choice.	sweep
c0646	eta_squared		0.1718931334622831		reported by R only (documented)	For the Kruskal-Wallis test R reports eta-squared and the plugin reports epsilon-squared. Both summarise the same effect, neither is derivable from the other, and each side reports its own choice.	sweep
c0646	h		9.5632978723404563		both sides: no value defined (documented)	This row belongs to the sweep study, a grid of group-count and imbalance shapes that is otherwise checked against R exactly like any other analysis. Here the plugin side of this particular shape was not run in this pass, so there is nothing on that side to set beside R's value yet; it is listed as incomplete, not as a documented difference between the two programs.	sweep
c0646	h				NOT DOCUMENTED -- see enforcement/why in reconciliation.tsv		sweep
c0646	n		47		both sides: no value defined (documented)	This row belongs to the sweep study, a grid of group-count and imbalance shapes that is otherwise checked against R exactly like any other analysis. Here the plugin side of this particular shape was not run in this pass, so there is nothing on that side to set beside R's value yet; it is listed as incomplete, not as a documented difference between the two programs.	sweep
c0646	n				NOT DOCUMENTED -- see enforcement/why in reconciliation.tsv		sweep
c0646	p		0.0083821659091582231		both sides: no value defined (documented)	This row belongs to the sweep study, a grid of group-count and imbalance shapes that is otherwise checked against R exactly like any other analysis. Here the plugin side of this particular shape was not run in this pass, so there is nothing on that side to set beside R's value yet; it is listed as incomplete, not as a documented difference between the two programs.	sweep
c0646	p				NOT DOCUMENTED -- see enforcement/why in reconciliation.tsv		sweep
c0647	df_between		2		both sides: no value defined (documented)	This row belongs to the sweep study, a grid of group-count and imbalance shapes that is otherwise checked against R exactly like any other analysis. Here the plugin side of this particular shape was not run in this pass, so there is nothing on that side to set beside R's value yet; it is listed as incomplete, not as a documented difference between the two programs.	sweep
c0647	df_between				NOT DOCUMENTED -- see enforcement/why in reconciliation.tsv		sweep
c0647	df_within		40		both sides: no value defined (documented)	This row belongs to the sweep study, a grid of group-count and imbalance shapes that is otherwise checked against R exactly like any other analysis. Here the plugin side of this particular shape was not run in this pass, so there is nothing on that side to set beside R's value yet; it is listed as incomplete, not as a documented difference between the two programs.	sweep
c0647	df_within				NOT DOCUMENTED -- see enforcement/why in reconciliation.tsv		sweep
c0647	eta_squared		0.2665912580357705		both sides: no value defined (documented)	This row belongs to the sweep study, a grid of group-count and imbalance shapes that is otherwise checked against R exactly like any other analysis. Here the plugin side of this particular shape was not run in this pass, so there is nothing on that side to set beside R's value yet; it is listed as incomplete, not as a documented difference between the two programs.	sweep
c0647	eta_squared		0.2665912580357705		both sides: no value defined (documented)	This row belongs to the sweep study, a grid of group-count and imbalance shapes that is otherwise checked against R exactly like any other analysis. Here the plugin side of this particular shape was not run in this pass, so there is nothing on that side to set beside R's value yet; it is listed as incomplete, not as a documented difference between the two programs.	sweep
c0647	eta_squared				NOT DOCUMENTED -- see enforcement/why in reconciliation.tsv		sweep
c0647	f		7.2699231078642619		both sides: no value defined (documented)	This row belongs to the sweep study, a grid of group-count and imbalance shapes that is otherwise checked against R exactly like any other analysis. Here the plugin side of this particular shape was not run in this pass, so there is nothing on that side to set beside R's value yet; it is listed as incomplete, not as a documented difference between the two programs.	sweep
c0647	f				NOT DOCUMENTED -- see enforcement/why in reconciliation.tsv		sweep
c0647	ms_between		24.507548357327419		both sides: no value defined (documented)	This row belongs to the sweep study, a grid of group-count and imbalance shapes that is otherwise checked against R exactly like any other analysis. Here the plugin side of this particular shape was not run in this pass, so there is nothing on that side to set beside R's value yet; it is listed as incomplete, not as a documented difference between the two programs.	sweep
c0647	ms_between				NOT DOCUMENTED -- see enforcement/why in reconciliation.tsv		sweep
c0647	ms_within		3.3710876984126976		both sides: no value defined (documented)	This row belongs to the sweep study, a grid of group-count and imbalance shapes that is otherwise checked against R exactly like any other analysis. Here the plugin side of this particular shape was not run in this pass, so there is nothing on that side to set beside R's value yet; it is listed as incomplete, not as a documented difference between the two programs.	sweep
c0647	ms_within				NOT DOCUMENTED -- see enforcement/why in reconciliation.tsv		sweep
c0647	n		43		both sides: no value defined (documented)	This row belongs to the sweep study, a grid of group-count and imbalance shapes that is otherwise checked against R exactly like any other analysis. Here the plugin side of this particular shape was not run in this pass, so there is nothing on that side to set beside R's value yet; it is listed as incomplete, not as a documented difference between the two programs.	sweep
c0647	n				NOT DOCUMENTED -- see enforcement/why in reconciliation.tsv		sweep
c0647	p		0.0020273169233730568		both sides: no value defined (documented)	This row belongs to the sweep study, a grid of group-count and imbalance shapes that is otherwise checked against R exactly like any other analysis. Here the plugin side of this particular shape was not run in this pass, so there is nothing on that side to set beside R's value yet; it is listed as incomplete, not as a documented difference between the two programs.	sweep
c0647	p				NOT DOCUMENTED -- see enforcement/why in reconciliation.tsv		sweep
c0647	posthoc_g1__g2_ci_high		1.046582550437535		both sides: no value defined (documented)	This row belongs to the sweep study, a grid of group-count and imbalance shapes that is otherwise checked against R exactly like any other analysis. Here the plugin side of this particular shape was not run in this pass, so there is nothing on that side to set beside R's value yet; it is listed as incomplete, not as a documented difference between the two programs.	sweep
c0647	posthoc_g1__g2_ci_high				NOT DOCUMENTED -- see enforcement/why in reconciliation.tsv		sweep
c0647	posthoc_g1__g2_ci_low		-2.7719793758343596		both sides: no value defined (documented)	This row belongs to the sweep study, a grid of group-count and imbalance shapes that is otherwise checked against R exactly like any other analysis. Here the plugin side of this particular shape was not run in this pass, so there is nothing on that side to set beside R's value yet; it is listed as incomplete, not as a documented difference between the two programs.	sweep
c0647	posthoc_g1__g2_ci_low				NOT DOCUMENTED -- see enforcement/why in reconciliation.tsv		sweep
c0647	posthoc_g1__g2_cohens_d		-0.46684662007566641		both sides: no value defined (documented)	This row belongs to the sweep study, a grid of group-count and imbalance shapes that is otherwise checked against R exactly like any other analysis. Here the plugin side of this particular shape was not run in this pass, so there is nothing on that side to set beside R's value yet; it is listed as incomplete, not as a documented difference between the two programs.	sweep
c0647	posthoc_g1__g2_cohens_d		-0.46684662007566641		both sides: no value defined (documented)	This row belongs to the sweep study, a grid of group-count and imbalance shapes that is otherwise checked against R exactly like any other analysis. Here the plugin side of this particular shape was not run in this pass, so there is nothing on that side to set beside R's value yet; it is listed as incomplete, not as a documented difference between the two programs.	sweep
c0647	posthoc_g1__g2_cohens_d				NOT DOCUMENTED -- see enforcement/why in reconciliation.tsv		sweep
c0647	posthoc_g1__g2_diff		-0.8626984126984123		both sides: no value defined (documented)	This row belongs to the sweep study, a grid of group-count and imbalance shapes that is otherwise checked against R exactly like any other analysis. Here the plugin side of this particular shape was not run in this pass, so there is nothing on that side to set beside R's value yet; it is listed as incomplete, not as a documented difference between the two programs.	sweep
c0647	posthoc_g1__g2_diff				NOT DOCUMENTED -- see enforcement/why in reconciliation.tsv		sweep
c0647	posthoc_g1__g2_padj		0.51981364729055057		both sides: no value defined (documented)	This row belongs to the sweep study, a grid of group-count and imbalance shapes that is otherwise checked against R exactly like any other analysis. Here the plugin side of this particular shape was not run in this pass, so there is nothing on that side to set beside R's value yet; it is listed as incomplete, not as a documented difference between the two programs.	sweep
c0647	posthoc_g1__g2_padj				NOT DOCUMENTED -- see enforcement/why in reconciliation.tsv		sweep
c0647	posthoc_g1__g3_ci_high		-0.82991688038639122		both sides: no value defined (documented)	This row belongs to the sweep study, a grid of group-count and imbalance shapes that is otherwise checked against R exactly like any other analysis. Here the plugin side of this particular shape was not run in this pass, so there is nothing on that side to set beside R's value yet; it is listed as incomplete, not as a documented difference between the two programs.	sweep
c0647	posthoc_g1__g3_ci_high				NOT DOCUMENTED -- see enforcement/why in reconciliation.tsv		sweep
c0647	posthoc_g1__g3_ci_low		-3.9443688338993228		both sides: no value defined (documented)	This row belongs to the sweep study, a grid of group-count and imbalance shapes that is otherwise checked against R exactly like any other analysis. Here the plugin side of this particular shape was not run in this pass, so there is nothing on that side to set beside R's value yet; it is listed as incomplete, not as a documented difference between the two programs.	sweep
c0647	posthoc_g1__g3_ci_low				NOT DOCUMENTED -- see enforcement/why in reconciliation.tsv		sweep
c0647	posthoc_g1__g3_cohens_d		-1.2688569282744691		both sides: no value defined (documented)	This row belongs to the sweep study, a grid of group-count and imbalance shapes that is otherwise checked against R exactly like any other analysis. Here the plugin side of this particular shape was not run in this pass, so there is nothing on that side to set beside R's value yet; it is listed as incomplete, not as a documented difference between the two programs.	sweep
c0647	posthoc_g1__g3_cohens_d		-1.2688569282744691		both sides: no value defined (documented)	This row belongs to the sweep study, a grid of group-count and imbalance shapes that is otherwise checked against R exactly like any other analysis. Here the plugin side of this particular shape was not run in this pass, so there is nothing on that side to set beside R's value yet; it is listed as incomplete, not as a documented difference between the two programs.	sweep
c0647	posthoc_g1__g3_cohens_d				NOT DOCUMENTED -- see enforcement/why in reconciliation.tsv		sweep
c0647	posthoc_g1__g3_diff		-2.387142857142857		both sides: no value defined (documented)	This row belongs to the sweep study, a grid of group-count and imbalance shapes that is otherwise checked against R exactly like any other analysis. Here the plugin side of this particular shape was not run in this pass, so there is nothing on that side to set beside R's value yet; it is listed as incomplete, not as a documented difference between the two programs.	sweep
c0647	posthoc_g1__g3_diff				NOT DOCUMENTED -- see enforcement/why in reconciliation.tsv		sweep
c0647	posthoc_g1__g3_padj		0.0016803304845498523		both sides: no value defined (documented)	This row belongs to the sweep study, a grid of group-count and imbalance shapes that is otherwise checked against R exactly like any other analysis. Here the plugin side of this particular shape was not run in this pass, so there is nothing on that side to set beside R's value yet; it is listed as incomplete, not as a documented difference between the two programs.	sweep
c0647	posthoc_g1__g3_padj				NOT DOCUMENTED -- see enforcement/why in reconciliation.tsv		sweep
c0647	posthoc_g2__g3_ci_high		0.26927263448659344		both sides: no value defined (documented)	This row belongs to the sweep study, a grid of group-count and imbalance shapes that is otherwise checked against R exactly like any other analysis. Here the plugin side of this particular shape was not run in this pass, so there is nothing on that side to set beside R's value yet; it is listed as incomplete, not as a documented difference between the two programs.	sweep
c0647	posthoc_g2__g3_ci_high				NOT DOCUMENTED -- see enforcement/why in reconciliation.tsv		sweep
c0647	posthoc_g2__g3_ci_low		-3.3181615233754829		both sides: no value defined (documented)	This row belongs to the sweep study, a grid of group-count and imbalance shapes that is otherwise checked against R exactly like any other analysis. Here the plugin side of this particular shape was not run in this pass, so there is nothing on that side to set beside R's value yet; it is listed as incomplete, not as a documented difference between the two programs.	sweep
c0647	posthoc_g2__g3_ci_low				NOT DOCUMENTED -- see enforcement/why in reconciliation.tsv		sweep
c0647	posthoc_g2__g3_cohens_d		-0.86062769998641975		both sides: no value defined (documented)	This row belongs to the sweep study, a grid of group-count and imbalance shapes that is otherwise checked against R exactly like any other analysis. Here the plugin side of this particular shape was not run in this pass, so there is nothing on that side to set beside R's value yet; it is listed as incomplete, not as a documented difference between the two programs.	sweep
c0647	posthoc_g2__g3_cohens_d		-0.86062769998641986		both sides: no value defined (documented)	This row belongs to the sweep study, a grid of group-count and imbalance shapes that is otherwise checked against R exactly like any other analysis. Here the plugin side of this particular shape was not run in this pass, so there is nothing on that side to set beside R's value yet; it is listed as incomplete, not as a documented difference between the two programs.	sweep
c0647	posthoc_g2__g3_cohens_d				NOT DOCUMENTED -- see enforcement/why in reconciliation.tsv		sweep
c0647	posthoc_g2__g3_diff		-1.5244444444444447		both sides: no value defined (documented)	This row belongs to the sweep study, a grid of group-count and imbalance shapes that is otherwise checked against R exactly like any other analysis. Here the plugin side of this particular shape was not run in this pass, so there is nothing on that side to set beside R's value yet; it is listed as incomplete, not as a documented difference between the two programs.	sweep
c0647	posthoc_g2__g3_diff				NOT DOCUMENTED -- see enforcement/why in reconciliation.tsv		sweep
c0647	posthoc_g2__g3_padj		0.1093723871280613		both sides: no value defined (documented)	This row belongs to the sweep study, a grid of group-count and imbalance shapes that is otherwise checked against R exactly like any other analysis. Here the plugin side of this particular shape was not run in this pass, so there is nothing on that side to set beside R's value yet; it is listed as incomplete, not as a documented difference between the two programs.	sweep
c0647	posthoc_g2__g3_padj				NOT DOCUMENTED -- see enforcement/why in reconciliation.tsv		sweep
c0647	ss_between		49.015096714654838		both sides: no value defined (documented)	This row belongs to the sweep study, a grid of group-count and imbalance shapes that is otherwise checked against R exactly like any other analysis. Here the plugin side of this particular shape was not run in this pass, so there is nothing on that side to set beside R's value yet; it is listed as incomplete, not as a documented difference between the two programs.	sweep
c0647	ss_between				NOT DOCUMENTED -- see enforcement/why in reconciliation.tsv		sweep
c0647	ss_total		183.85860465116275		both sides: no value defined (documented)	This row belongs to the sweep study, a grid of group-count and imbalance shapes that is otherwise checked against R exactly like any other analysis. Here the plugin side of this particular shape was not run in this pass, so there is nothing on that side to set beside R's value yet; it is listed as incomplete, not as a documented difference between the two programs.	sweep
c0647	ss_total				NOT DOCUMENTED -- see enforcement/why in reconciliation.tsv		sweep
c0647	ss_within		134.8435079365079		both sides: no value defined (documented)	This row belongs to the sweep study, a grid of group-count and imbalance shapes that is otherwise checked against R exactly like any other analysis. Here the plugin side of this particular shape was not run in this pass, so there is nothing on that side to set beside R's value yet; it is listed as incomplete, not as a documented difference between the two programs.	sweep
c0647	ss_within				NOT DOCUMENTED -- see enforcement/why in reconciliation.tsv		sweep
c0648	df		2		both sides: no value defined (documented)	This row belongs to the sweep study, a grid of group-count and imbalance shapes that is otherwise checked against R exactly like any other analysis. Here the plugin side of this particular shape was not run in this pass, so there is nothing on that side to set beside R's value yet; it is listed as incomplete, not as a documented difference between the two programs.	sweep
c0648	df				NOT DOCUMENTED -- see enforcement/why in reconciliation.tsv		sweep
c0648	epsilon_squared		0.27373375640554393		both sides: no value defined (documented)	This row belongs to the sweep study, a grid of group-count and imbalance shapes that is otherwise checked against R exactly like any other analysis. Here the plugin side of this particular shape was not run in this pass, so there is nothing on that side to set beside R's value yet; it is listed as incomplete, not as a documented difference between the two programs.	sweep
c0648	epsilon_squared				NOT DOCUMENTED -- see enforcement/why in reconciliation.tsv		sweep
c0648	eta_squared		0.23742044422582112		reported by R only (documented)	For the Kruskal-Wallis test R reports eta-squared and the plugin reports epsilon-squared. Both summarise the same effect, neither is derivable from the other, and each side reports its own choice.	sweep
c0648	eta_squared		0.23742044422582112		reported by R only (documented)	For the Kruskal-Wallis test R reports eta-squared and the plugin reports epsilon-squared. Both summarise the same effect, neither is derivable from the other, and each side reports its own choice.	sweep
c0648	h		11.496817769032845		both sides: no value defined (documented)	This row belongs to the sweep study, a grid of group-count and imbalance shapes that is otherwise checked against R exactly like any other analysis. Here the plugin side of this particular shape was not run in this pass, so there is nothing on that side to set beside R's value yet; it is listed as incomplete, not as a documented difference between the two programs.	sweep
c0648	h				NOT DOCUMENTED -- see enforcement/why in reconciliation.tsv		sweep
c0648	n		43		both sides: no value defined (documented)	This row belongs to the sweep study, a grid of group-count and imbalance shapes that is otherwise checked against R exactly like any other analysis. Here the plugin side of this particular shape was not run in this pass, so there is nothing on that side to set beside R's value yet; it is listed as incomplete, not as a documented difference between the two programs.	sweep
c0648	n				NOT DOCUMENTED -- see enforcement/why in reconciliation.tsv		sweep
c0648	p		0.0031878489992945478		both sides: no value defined (documented)	This row belongs to the sweep study, a grid of group-count and imbalance shapes that is otherwise checked against R exactly like any other analysis. Here the plugin side of this particular shape was not run in this pass, so there is nothing on that side to set beside R's value yet; it is listed as incomplete, not as a documented difference between the two programs.	sweep
c0648	p				NOT DOCUMENTED -- see enforcement/why in reconciliation.tsv		sweep
c0649	df_between		2		both sides: no value defined (documented)	This row belongs to the sweep study, a grid of group-count and imbalance shapes that is otherwise checked against R exactly like any other analysis. Here the plugin side of this particular shape was not run in this pass, so there is nothing on that side to set beside R's value yet; it is listed as incomplete, not as a documented difference between the two programs.	sweep
c0649	df_between				NOT DOCUMENTED -- see enforcement/why in reconciliation.tsv		sweep
c0649	df_within		39		both sides: no value defined (documented)	This row belongs to the sweep study, a grid of group-count and imbalance shapes that is otherwise checked against R exactly like any other analysis. Here the plugin side of this particular shape was not run in this pass, so there is nothing on that side to set beside R's value yet; it is listed as incomplete, not as a documented difference between the two programs.	sweep
c0649	df_within				NOT DOCUMENTED -- see enforcement/why in reconciliation.tsv		sweep
c0649	eta_squared		0.42509764394607552		both sides: no value defined (documented)	This row belongs to the sweep study, a grid of group-count and imbalance shapes that is otherwise checked against R exactly like any other analysis. Here the plugin side of this particular shape was not run in this pass, so there is nothing on that side to set beside R's value yet; it is listed as incomplete, not as a documented difference between the two programs.	sweep
c0649	eta_squared		0.42509764394607552		both sides: no value defined (documented)	This row belongs to the sweep study, a grid of group-count and imbalance shapes that is otherwise checked against R exactly like any other analysis. Here the plugin side of this particular shape was not run in this pass, so there is nothing on that side to set beside R's value yet; it is listed as incomplete, not as a documented difference between the two programs.	sweep
c0649	eta_squared				NOT DOCUMENTED -- see enforcement/why in reconciliation.tsv		sweep
c0649	f		14.418803418803428		both sides: no value defined (documented)	This row belongs to the sweep study, a grid of group-count and imbalance shapes that is otherwise checked against R exactly like any other analysis. Here the plugin side of this particular shape was not run in this pass, so there is nothing on that side to set beside R's value yet; it is listed as incomplete, not as a documented difference between the two programs.	sweep
c0649	f				NOT DOCUMENTED -- see enforcement/why in reconciliation.tsv		sweep
c0649	ms_between		40.166666666666671		both sides: no value defined (documented)	This row belongs to the sweep study, a grid of group-count and imbalance shapes that is otherwise checked against R exactly like any other analysis. Here the plugin side of this particular shape was not run in this pass, so there is nothing on that side to set beside R's value yet; it is listed as incomplete, not as a documented difference between the two programs.	sweep
c0649	ms_between				NOT DOCUMENTED -- see enforcement/why in reconciliation.tsv		sweep
c0649	ms_within		2.7857142857142843		both sides: no value defined (documented)	This row belongs to the sweep study, a grid of group-count and imbalance shapes that is otherwise checked against R exactly like any other analysis. Here the plugin side of this particular shape was not run in this pass, so there is nothing on that side to set beside R's value yet; it is listed as incomplete, not as a documented difference between the two programs.	sweep
c0649	ms_within				NOT DOCUMENTED -- see enforcement/why in reconciliation.tsv		sweep
c0649	n		42		both sides: no value defined (documented)	This row belongs to the sweep study, a grid of group-count and imbalance shapes that is otherwise checked against R exactly like any other analysis. Here the plugin side of this particular shape was not run in this pass, so there is nothing on that side to set beside R's value yet; it is listed as incomplete, not as a documented difference between the two programs.	sweep
c0649	n				NOT DOCUMENTED -- see enforcement/why in reconciliation.tsv		sweep
c0649	p		2.0515623724613779e-05		both sides: no value defined (documented)	This row belongs to the sweep study, a grid of group-count and imbalance shapes that is otherwise checked against R exactly like any other analysis. Here the plugin side of this particular shape was not run in this pass, so there is nothing on that side to set beside R's value yet; it is listed as incomplete, not as a documented difference between the two programs.	sweep
c0649	p				NOT DOCUMENTED -- see enforcement/why in reconciliation.tsv		sweep
c0649	posthoc_g1__g2_ci_high		-0.5345080439917389		both sides: no value defined (documented)	This row belongs to the sweep study, a grid of group-count and imbalance shapes that is otherwise checked against R exactly like any other analysis. Here the plugin side of this particular shape was not run in this pass, so there is nothing on that side to set beside R's value yet; it is listed as incomplete, not as a documented difference between the two programs.	sweep
c0649	posthoc_g1__g2_ci_high				NOT DOCUMENTED -- see enforcement/why in reconciliation.tsv		sweep
c0649	posthoc_g1__g2_ci_low		-3.608349098865407		both sides: no value defined (documented)	This row belongs to the sweep study, a grid of group-count and imbalance shapes that is otherwise checked against R exactly like any other analysis. Here the plugin side of this particular shape was not run in this pass, so there is nothing on that side to set beside R's value yet; it is listed as incomplete, not as a documented difference between the two programs.	sweep
c0649	posthoc_g1__g2_ci_low				NOT DOCUMENTED -- see enforcement/why in reconciliation.tsv		sweep
c0649	posthoc_g1__g2_cohens_d		-1.6509858194472646		both sides: no value defined (documented)	This row belongs to the sweep study, a grid of group-count and imbalance shapes that is otherwise checked against R exactly like any other analysis. Here the plugin side of this particular shape was not run in this pass, so there is nothing on that side to set beside R's value yet; it is listed as incomplete, not as a documented difference between the two programs.	sweep
c0649	posthoc_g1__g2_cohens_d		-1.6509858194472646		both sides: no value defined (documented)	This row belongs to the sweep study, a grid of group-count and imbalance shapes that is otherwise checked against R exactly like any other analysis. Here the plugin side of this particular shape was not run in this pass, so there is nothing on that side to set beside R's value yet; it is listed as incomplete, not as a documented difference between the two programs.	sweep
c0649	posthoc_g1__g2_cohens_d				NOT DOCUMENTED -- see enforcement/why in reconciliation.tsv		sweep
c0649	posthoc_g1__g2_diff		-2.071428571428573		both sides: no value defined (documented)	This row belongs to the sweep study, a grid of group-count and imbalance shapes that is otherwise checked against R exactly like any other analysis. Here the plugin side of this particular shape was not run in this pass, so there is nothing on that side to set beside R's value yet; it is listed as incomplete, not as a documented difference between the two programs.	sweep
c0649	posthoc_g1__g2_diff				NOT DOCUMENTED -- see enforcement/why in reconciliation.tsv		sweep
c0649	posthoc_g1__g2_padj		0.006010084176054975		both sides: no value defined (documented)	This row belongs to the sweep study, a grid of group-count and imbalance shapes that is otherwise checked against R exactly like any other analysis. Here the plugin side of this particular shape was not run in this pass, so there is nothing on that side to set beside R's value yet; it is listed as incomplete, not as a documented difference between the two programs.	sweep
c0649	posthoc_g1__g2_padj				NOT DOCUMENTED -- see enforcement/why in reconciliation.tsv		sweep
c0649	posthoc_g1__g3_ci_high		-1.8202223297060218		both sides: no value defined (documented)	This row belongs to the sweep study, a grid of group-count and imbalance shapes that is otherwise checked against R exactly like any other analysis. Here the plugin side of this particular shape was not run in this pass, so there is nothing on that side to set beside R's value yet; it is listed as incomplete, not as a documented difference between the two programs.	sweep
c0649	posthoc_g1__g3_ci_high				NOT DOCUMENTED -- see enforcement/why in reconciliation.tsv		sweep
c0649	posthoc_g1__g3_ci_low		-4.8940633845796899		both sides: no value defined (documented)	This row belongs to the sweep study, a grid of group-count and imbalance shapes that is otherwise checked against R exactly like any other analysis. Here the plugin side of this particular shape was not run in this pass, so there is nothing on that side to set beside R's value yet; it is listed as incomplete, not as a documented difference between the two programs.	sweep
c0649	posthoc_g1__g3_ci_low				NOT DOCUMENTED -- see enforcement/why in reconciliation.tsv		sweep
c0649	posthoc_g1__g3_cohens_d		-1.8995043031176606		both sides: no value defined (documented)	This row belongs to the sweep study, a grid of group-count and imbalance shapes that is otherwise checked against R exactly like any other analysis. Here the plugin side of this particular shape was not run in this pass, so there is nothing on that side to set beside R's value yet; it is listed as incomplete, not as a documented difference between the two programs.	sweep
c0649	posthoc_g1__g3_cohens_d		-1.8995043031176606		both sides: no value defined (documented)	This row belongs to the sweep study, a grid of group-count and imbalance shapes that is otherwise checked against R exactly like any other analysis. Here the plugin side of this particular shape was not run in this pass, so there is nothing on that side to set beside R's value yet; it is listed as incomplete, not as a documented difference between the two programs.	sweep
c0649	posthoc_g1__g3_cohens_d				NOT DOCUMENTED -- see enforcement/why in reconciliation.tsv		sweep
c0649	posthoc_g1__g3_diff		-3.3571428571428559		both sides: no value defined (documented)	This row belongs to the sweep study, a grid of group-count and imbalance shapes that is otherwise checked against R exactly like any other analysis. Here the plugin side of this particular shape was not run in this pass, so there is nothing on that side to set beside R's value yet; it is listed as incomplete, not as a documented difference between the two programs.	sweep
c0649	posthoc_g1__g3_diff				NOT DOCUMENTED -- see enforcement/why in reconciliation.tsv		sweep
c0649	posthoc_g1__g3_padj		1.3293043486961587e-05		both sides: no value defined (documented)	This row belongs to the sweep study, a grid of group-count and imbalance shapes that is otherwise checked against R exactly like any other analysis. Here the plugin side of this particular shape was not run in this pass, so there is nothing on that side to set beside R's value yet; it is listed as incomplete, not as a documented difference between the two programs.	sweep
c0649	posthoc_g1__g3_padj				NOT DOCUMENTED -- see enforcement/why in reconciliation.tsv		sweep
c0649	posthoc_g2__g3_ci_high		0.25120624172255113		both sides: no value defined (documented)	This row belongs to the sweep study, a grid of group-count and imbalance shapes that is otherwise checked against R exactly like any other analysis. Here the plugin side of this particular shape was not run in this pass, so there is nothing on that side to set beside R's value yet; it is listed as incomplete, not as a documented difference between the two programs.	sweep
c0649	posthoc_g2__g3_ci_high				NOT DOCUMENTED -- see enforcement/why in reconciliation.tsv		sweep
c0649	posthoc_g2__g3_ci_low		-2.822634813151117		both sides: no value defined (documented)	This row belongs to the sweep study, a grid of group-count and imbalance shapes that is otherwise checked against R exactly like any other analysis. Here the plugin side of this particular shape was not run in this pass, so there is nothing on that side to set beside R's value yet; it is listed as incomplete, not as a documented difference between the two programs.	sweep
c0649	posthoc_g2__g3_ci_low				NOT DOCUMENTED -- see enforcement/why in reconciliation.tsv		sweep
c0649	posthoc_g2__g3_cohens_d		-0.67211416570211668		both sides: no value defined (documented)	This row belongs to the sweep study, a grid of group-count and imbalance shapes that is otherwise checked against R exactly like any other analysis. Here the plugin side of this particular shape was not run in this pass, so there is nothing on that side to set beside R's value yet; it is listed as incomplete, not as a documented difference between the two programs.	sweep
c0649	posthoc_g2__g3_cohens_d		-0.67211416570211668		both sides: no value defined (documented)	This row belongs to the sweep study, a grid of group-count and imbalance shapes that is otherwise checked against R exactly like any other analysis. Here the plugin side of this particular shape was not run in this pass, so there is nothing on that side to set beside R's value yet; it is listed as incomplete, not as a documented difference between the two programs.	sweep
c0649	posthoc_g2__g3_cohens_d				NOT DOCUMENTED -- see enforcement/why in reconciliation.tsv		sweep
c0649	posthoc_g2__g3_diff		-1.2857142857142829		both sides: no value defined (documented)	This row belongs to the sweep study, a grid of group-count and imbalance shapes that is otherwise checked against R exactly like any other analysis. Here the plugin side of this particular shape was not run in this pass, so there is nothing on that side to set beside R's value yet; it is listed as incomplete, not as a documented difference between the two programs.	sweep
c0649	posthoc_g2__g3_diff				NOT DOCUMENTED -- see enforcement/why in reconciliation.tsv		sweep
c0649	posthoc_g2__g3_padj		0.11656928668673638		both sides: no value defined (documented)	This row belongs to the sweep study, a grid of group-count and imbalance shapes that is otherwise checked against R exactly like any other analysis. Here the plugin side of this particular shape was not run in this pass, so there is nothing on that side to set beside R's value yet; it is listed as incomplete, not as a documented difference between the two programs.	sweep
c0649	posthoc_g2__g3_padj				NOT DOCUMENTED -- see enforcement/why in reconciliation.tsv		sweep
c0649	ss_between		80.333333333333343		both sides: no value defined (documented)	This row belongs to the sweep study, a grid of group-count and imbalance shapes that is otherwise checked against R exactly like any other analysis. Here the plugin side of this particular shape was not run in this pass, so there is nothing on that side to set beside R's value yet; it is listed as incomplete, not as a documented difference between the two programs.	sweep
c0649	ss_between				NOT DOCUMENTED -- see enforcement/why in reconciliation.tsv		sweep
c0649	ss_total		188.97619047619042		both sides: no value defined (documented)	This row belongs to the sweep study, a grid of group-count and imbalance shapes that is otherwise checked against R exactly like any other analysis. Here the plugin side of this particular shape was not run in this pass, so there is nothing on that side to set beside R's value yet; it is listed as incomplete, not as a documented difference between the two programs.	sweep
c0649	ss_total				NOT DOCUMENTED -- see enforcement/why in reconciliation.tsv		sweep
c0649	ss_within		108.64285714285708		both sides: no value defined (documented)	This row belongs to the sweep study, a grid of group-count and imbalance shapes that is otherwise checked against R exactly like any other analysis. Here the plugin side of this particular shape was not run in this pass, so there is nothing on that side to set beside R's value yet; it is listed as incomplete, not as a documented difference between the two programs.	sweep
c0649	ss_within				NOT DOCUMENTED -- see enforcement/why in reconciliation.tsv		sweep
c0650	df		2		both sides: no value defined (documented)	This row belongs to the sweep study, a grid of group-count and imbalance shapes that is otherwise checked against R exactly like any other analysis. Here the plugin side of this particular shape was not run in this pass, so there is nothing on that side to set beside R's value yet; it is listed as incomplete, not as a documented difference between the two programs.	sweep
c0650	df				NOT DOCUMENTED -- see enforcement/why in reconciliation.tsv		sweep
c0650	epsilon_squared		0.47435897435897445		both sides: no value defined (documented)	This row belongs to the sweep study, a grid of group-count and imbalance shapes that is otherwise checked against R exactly like any other analysis. Here the plugin side of this particular shape was not run in this pass, so there is nothing on that side to set beside R's value yet; it is listed as incomplete, not as a documented difference between the two programs.	sweep
c0650	epsilon_squared				NOT DOCUMENTED -- see enforcement/why in reconciliation.tsv		sweep
c0650	eta_squared		0.44740302432610135		reported by R only (documented)	For the Kruskal-Wallis test R reports eta-squared and the plugin reports epsilon-squared. Both summarise the same effect, neither is derivable from the other, and each side reports its own choice.	sweep
c0650	eta_squared		0.44740302432610135		reported by R only (documented)	For the Kruskal-Wallis test R reports eta-squared and the plugin reports epsilon-squared. Both summarise the same effect, neither is derivable from the other, and each side reports its own choice.	sweep
c0650	h		19.448717948717952		both sides: no value defined (documented)	This row belongs to the sweep study, a grid of group-count and imbalance shapes that is otherwise checked against R exactly like any other analysis. Here the plugin side of this particular shape was not run in this pass, so there is nothing on that side to set beside R's value yet; it is listed as incomplete, not as a documented difference between the two programs.	sweep
c0650	h				NOT DOCUMENTED -- see enforcement/why in reconciliation.tsv		sweep
c0650	n		42		both sides: no value defined (documented)	This row belongs to the sweep study, a grid of group-count and imbalance shapes that is otherwise checked against R exactly like any other analysis. Here the plugin side of this particular shape was not run in this pass, so there is nothing on that side to set beside R's value yet; it is listed as incomplete, not as a documented difference between the two programs.	sweep
c0650	n				NOT DOCUMENTED -- see enforcement/why in reconciliation.tsv		sweep
c0650	p		5.9808726811097175e-05		both sides: no value defined (documented)	This row belongs to the sweep study, a grid of group-count and imbalance shapes that is otherwise checked against R exactly like any other analysis. Here the plugin side of this particular shape was not run in this pass, so there is nothing on that side to set beside R's value yet; it is listed as incomplete, not as a documented difference between the two programs.	sweep
c0650	p				NOT DOCUMENTED -- see enforcement/why in reconciliation.tsv		sweep
c0651	df_between		2		both sides: no value defined (documented)	This row belongs to the sweep study, a grid of group-count and imbalance shapes that is otherwise checked against R exactly like any other analysis. Here the plugin side of this particular shape was not run in this pass, so there is nothing on that side to set beside R's value yet; it is listed as incomplete, not as a documented difference between the two programs.	sweep
c0651	df_between				NOT DOCUMENTED -- see enforcement/why in reconciliation.tsv		sweep
c0651	df_within		57		both sides: no value defined (documented)	This row belongs to the sweep study, a grid of group-count and imbalance shapes that is otherwise checked against R exactly like any other analysis. Here the plugin side of this particular shape was not run in this pass, so there is nothing on that side to set beside R's value yet; it is listed as incomplete, not as a documented difference between the two programs.	sweep
c0651	df_within				NOT DOCUMENTED -- see enforcement/why in reconciliation.tsv		sweep
c0651	eta_squared		0.0055199513926612841		both sides: no value defined (documented)	This row belongs to the sweep study, a grid of group-count and imbalance shapes that is otherwise checked against R exactly like any other analysis. Here the plugin side of this particular shape was not run in this pass, so there is nothing on that side to set beside R's value yet; it is listed as incomplete, not as a documented difference between the two programs.	sweep
c0651	eta_squared		0.0055199513926612841		both sides: no value defined (documented)	This row belongs to the sweep study, a grid of group-count and imbalance shapes that is otherwise checked against R exactly like any other analysis. Here the plugin side of this particular shape was not run in this pass, so there is nothing on that side to set beside R's value yet; it is listed as incomplete, not as a documented difference between the two programs.	sweep
c0651	eta_squared				NOT DOCUMENTED -- see enforcement/why in reconciliation.tsv		sweep
c0651	f		0.15819182588042288		both sides: no value defined (documented)	This row belongs to the sweep study, a grid of group-count and imbalance shapes that is otherwise checked against R exactly like any other analysis. Here the plugin side of this particular shape was not run in this pass, so there is nothing on that side to set beside R's value yet; it is listed as incomplete, not as a documented difference between the two programs.	sweep
c0651	f				NOT DOCUMENTED -- see enforcement/why in reconciliation.tsv		sweep
c0651	ms_between		17.84660166994848		both sides: no value defined (documented)	This row belongs to the sweep study, a grid of group-count and imbalance shapes that is otherwise checked against R exactly like any other analysis. Here the plugin side of this particular shape was not run in this pass, so there is nothing on that side to set beside R's value yet; it is listed as incomplete, not as a documented difference between the two programs.	sweep
c0651	ms_between				NOT DOCUMENTED -- see enforcement/why in reconciliation.tsv		sweep
c0651	ms_within		112.81620634076705		both sides: no value defined (documented)	This row belongs to the sweep study, a grid of group-count and imbalance shapes that is otherwise checked against R exactly like any other analysis. Here the plugin side of this particular shape was not run in this pass, so there is nothing on that side to set beside R's value yet; it is listed as incomplete, not as a documented difference between the two programs.	sweep
c0651	ms_within				NOT DOCUMENTED -- see enforcement/why in reconciliation.tsv		sweep
c0651	n		60		both sides: no value defined (documented)	This row belongs to the sweep study, a grid of group-count and imbalance shapes that is otherwise checked against R exactly like any other analysis. Here the plugin side of this particular shape was not run in this pass, so there is nothing on that side to set beside R's value yet; it is listed as incomplete, not as a documented difference between the two programs.	sweep
c0651	n				NOT DOCUMENTED -- see enforcement/why in reconciliation.tsv		sweep
c0651	p		0.85405950066239544		both sides: no value defined (documented)	This row belongs to the sweep study, a grid of group-count and imbalance shapes that is otherwise checked against R exactly like any other analysis. Here the plugin side of this particular shape was not run in this pass, so there is nothing on that side to set beside R's value yet; it is listed as incomplete, not as a documented difference between the two programs.	sweep
c0651	p				NOT DOCUMENTED -- see enforcement/why in reconciliation.tsv		sweep
c0651	posthoc_g1__g2_ci_high		7.1915646519210625		both sides: no value defined (documented)	This row belongs to the sweep study, a grid of group-count and imbalance shapes that is otherwise checked against R exactly like any other analysis. Here the plugin side of this particular shape was not run in this pass, so there is nothing on that side to set beside R's value yet; it is listed as incomplete, not as a documented difference between the two programs.	sweep
c0651	posthoc_g1__g2_ci_high				NOT DOCUMENTED -- see enforcement/why in reconciliation.tsv		sweep
c0651	posthoc_g1__g2_ci_low		-8.9738495580434616		both sides: no value defined (documented)	This row belongs to the sweep study, a grid of group-count and imbalance shapes that is otherwise checked against R exactly like any other analysis. Here the plugin side of this particular shape was not run in this pass, so there is nothing on that side to set beside R's value yet; it is listed as incomplete, not as a documented difference between the two programs.	sweep
c0651	posthoc_g1__g2_ci_low				NOT DOCUMENTED -- see enforcement/why in reconciliation.tsv		sweep
c0651	posthoc_g1__g2_cohens_d		-0.48552891393469044		both sides: no value defined (documented)	This row belongs to the sweep study, a grid of group-count and imbalance shapes that is otherwise checked against R exactly like any other analysis. Here the plugin side of this particular shape was not run in this pass, so there is nothing on that side to set beside R's value yet; it is listed as incomplete, not as a documented difference between the two programs.	sweep
c0651	posthoc_g1__g2_cohens_d		-0.48552891393469044		both sides: no value defined (documented)	This row belongs to the sweep study, a grid of group-count and imbalance shapes that is otherwise checked against R exactly like any other analysis. Here the plugin side of this particular shape was not run in this pass, so there is nothing on that side to set beside R's value yet; it is listed as incomplete, not as a documented difference between the two programs.	sweep
c0651	posthoc_g1__g2_cohens_d				NOT DOCUMENTED -- see enforcement/why in reconciliation.tsv		sweep
c0651	posthoc_g1__g2_diff		-0.89114245306119955		both sides: no value defined (documented)	This row belongs to the sweep study, a grid of group-count and imbalance shapes that is otherwise checked against R exactly like any other analysis. Here the plugin side of this particular shape was not run in this pass, so there is nothing on that side to set beside R's value yet; it is listed as incomplete, not as a documented difference between the two programs.	sweep
c0651	posthoc_g1__g2_diff				NOT DOCUMENTED -- see enforcement/why in reconciliation.tsv		sweep
c0651	posthoc_g1__g2_padj		0.96196545110969001		both sides: no value defined (documented)	This row belongs to the sweep study, a grid of group-count and imbalance shapes that is otherwise checked against R exactly like any other analysis. Here the plugin side of this particular shape was not run in this pass, so there is nothing on that side to set beside R's value yet; it is listed as incomplete, not as a documented difference between the two programs.	sweep
c0651	posthoc_g1__g2_padj				NOT DOCUMENTED -- see enforcement/why in reconciliation.tsv		sweep
c0651	posthoc_g1__g3_ci_high		6.1944338659915967		both sides: no value defined (documented)	This row belongs to the sweep study, a grid of group-count and imbalance shapes that is otherwise checked against R exactly like any other analysis. Here the plugin side of this particular shape was not run in this pass, so there is nothing on that side to set beside R's value yet; it is listed as incomplete, not as a documented difference between the two programs.	sweep
c0651	posthoc_g1__g3_ci_high				NOT DOCUMENTED -- see enforcement/why in reconciliation.tsv		sweep
c0651	posthoc_g1__g3_ci_low		-9.9709803439729274		both sides: no value defined (documented)	This row belongs to the sweep study, a grid of group-count and imbalance shapes that is otherwise checked against R exactly like any other analysis. Here the plugin side of this particular shape was not run in this pass, so there is nothing on that side to set beside R's value yet; it is listed as incomplete, not as a documented difference between the two programs.	sweep
c0651	posthoc_g1__g3_ci_low				NOT DOCUMENTED -- see enforcement/why in reconciliation.tsv		sweep
c0651	posthoc_g1__g3_cohens_d		-0.14594190910605565		both sides: no value defined (documented)	This row belongs to the sweep study, a grid of group-count and imbalance shapes that is otherwise checked against R exactly like any other analysis. Here the plugin side of this particular shape was not run in this pass, so there is nothing on that side to set beside R's value yet; it is listed as incomplete, not as a documented difference between the two programs.	sweep
c0651	posthoc_g1__g3_cohens_d		-0.14594190910605565		both sides: no value defined (documented)	This row belongs to the sweep study, a grid of group-count and imbalance shapes that is otherwise checked against R exactly like any other analysis. Here the plugin side of this particular shape was not run in this pass, so there is nothing on that side to set beside R's value yet; it is listed as incomplete, not as a documented difference between the two programs.	sweep
c0651	posthoc_g1__g3_cohens_d				NOT DOCUMENTED -- see enforcement/why in reconciliation.tsv		sweep
c0651	posthoc_g1__g3_diff		-1.8882732389906653		both sides: no value defined (documented)	This row belongs to the sweep study, a grid of group-count and imbalance shapes that is otherwise checked against R exactly like any other analysis. Here the plugin side of this particular shape was not run in this pass, so there is nothing on that side to set beside R's value yet; it is listed as incomplete, not as a documented difference between the two programs.	sweep
c0651	posthoc_g1__g3_diff				NOT DOCUMENTED -- see enforcement/why in reconciliation.tsv		sweep
c0651	posthoc_g1__g3_padj		0.84063356394995703		both sides: no value defined (documented)	This row belongs to the sweep study, a grid of group-count and imbalance shapes that is otherwise checked against R exactly like any other analysis. Here the plugin side of this particular shape was not run in this pass, so there is nothing on that side to set beside R's value yet; it is listed as incomplete, not as a documented difference between the two programs.	sweep
c0651	posthoc_g1__g3_padj				NOT DOCUMENTED -- see enforcement/why in reconciliation.tsv		sweep
c0651	posthoc_g2__g3_ci_high		7.0855763190527963		both sides: no value defined (documented)	This row belongs to the sweep study, a grid of group-count and imbalance shapes that is otherwise checked against R exactly like any other analysis. Here the plugin side of this particular shape was not run in this pass, so there is nothing on that side to set beside R's value yet; it is listed as incomplete, not as a documented difference between the two programs.	sweep
c0651	posthoc_g2__g3_ci_high				NOT DOCUMENTED -- see enforcement/why in reconciliation.tsv		sweep
c0651	posthoc_g2__g3_ci_low		-9.0798378909117279		both sides: no value defined (documented)	This row belongs to the sweep study, a grid of group-count and imbalance shapes that is otherwise checked against R exactly like any other analysis. Here the plugin side of this particular shape was not run in this pass, so there is nothing on that side to set beside R's value yet; it is listed as incomplete, not as a documented difference between the two programs.	sweep
c0651	posthoc_g2__g3_ci_low				NOT DOCUMENTED -- see enforcement/why in reconciliation.tsv		sweep
c0651	posthoc_g2__g3_cohens_d		-0.077004958561643716		both sides: no value defined (documented)	This row belongs to the sweep study, a grid of group-count and imbalance shapes that is otherwise checked against R exactly like any other analysis. Here the plugin side of this particular shape was not run in this pass, so there is nothing on that side to set beside R's value yet; it is listed as incomplete, not as a documented difference between the two programs.	sweep
c0651	posthoc_g2__g3_cohens_d		-0.077004958561643716		both sides: no value defined (documented)	This row belongs to the sweep study, a grid of group-count and imbalance shapes that is otherwise checked against R exactly like any other analysis. Here the plugin side of this particular shape was not run in this pass, so there is nothing on that side to set beside R's value yet; it is listed as incomplete, not as a documented difference between the two programs.	sweep
c0651	posthoc_g2__g3_cohens_d				NOT DOCUMENTED -- see enforcement/why in reconciliation.tsv		sweep
c0651	posthoc_g2__g3_diff		-0.9971307859294658		both sides: no value defined (documented)	This row belongs to the sweep study, a grid of group-count and imbalance shapes that is otherwise checked against R exactly like any other analysis. Here the plugin side of this particular shape was not run in this pass, so there is nothing on that side to set beside R's value yet; it is listed as incomplete, not as a documented difference between the two programs.	sweep
c0651	posthoc_g2__g3_diff				NOT DOCUMENTED -- see enforcement/why in reconciliation.tsv		sweep
c0651	posthoc_g2__g3_padj		0.95262025946682383		both sides: no value defined (documented)	This row belongs to the sweep study, a grid of group-count and imbalance shapes that is otherwise checked against R exactly like any other analysis. Here the plugin side of this particular shape was not run in this pass, so there is nothing on that side to set beside R's value yet; it is listed as incomplete, not as a documented difference between the two programs.	sweep
c0651	posthoc_g2__g3_padj				NOT DOCUMENTED -- see enforcement/why in reconciliation.tsv		sweep
c0651	ss_between		35.693203339896961		both sides: no value defined (documented)	This row belongs to the sweep study, a grid of group-count and imbalance shapes that is otherwise checked against R exactly like any other analysis. Here the plugin side of this particular shape was not run in this pass, so there is nothing on that side to set beside R's value yet; it is listed as incomplete, not as a documented difference between the two programs.	sweep
c0651	ss_between				NOT DOCUMENTED -- see enforcement/why in reconciliation.tsv		sweep
c0651	ss_total		6466.2169647636192		both sides: no value defined (documented)	This row belongs to the sweep study, a grid of group-count and imbalance shapes that is otherwise checked against R exactly like any other analysis. Here the plugin side of this particular shape was not run in this pass, so there is nothing on that side to set beside R's value yet; it is listed as incomplete, not as a documented difference between the two programs.	sweep
c0651	ss_total				NOT DOCUMENTED -- see enforcement/why in reconciliation.tsv		sweep
c0651	ss_within		6430.5237614237221		both sides: no value defined (documented)	This row belongs to the sweep study, a grid of group-count and imbalance shapes that is otherwise checked against R exactly like any other analysis. Here the plugin side of this particular shape was not run in this pass, so there is nothing on that side to set beside R's value yet; it is listed as incomplete, not as a documented difference between the two programs.	sweep
c0651	ss_within				NOT DOCUMENTED -- see enforcement/why in reconciliation.tsv		sweep
c0652	df		2		both sides: no value defined (documented)	This row belongs to the sweep study, a grid of group-count and imbalance shapes that is otherwise checked against R exactly like any other analysis. Here the plugin side of this particular shape was not run in this pass, so there is nothing on that side to set beside R's value yet; it is listed as incomplete, not as a documented difference between the two programs.	sweep
c0652	df				NOT DOCUMENTED -- see enforcement/why in reconciliation.tsv		sweep
c0652	epsilon_squared		0.041783828841344905		both sides: no value defined (documented)	This row belongs to the sweep study, a grid of group-count and imbalance shapes that is otherwise checked against R exactly like any other analysis. Here the plugin side of this particular shape was not run in this pass, so there is nothing on that side to set beside R's value yet; it is listed as incomplete, not as a documented difference between the two programs.	sweep
c0652	epsilon_squared				NOT DOCUMENTED -- see enforcement/why in reconciliation.tsv		sweep
c0652	eta_squared		0.0081622088006903393		reported by R only (documented)	For the Kruskal-Wallis test R reports eta-squared and the plugin reports epsilon-squared. Both summarise the same effect, neither is derivable from the other, and each side reports its own choice.	sweep
c0652	eta_squared		0.0081622088006903393		reported by R only (documented)	For the Kruskal-Wallis test R reports eta-squared and the plugin reports epsilon-squared. Both summarise the same effect, neither is derivable from the other, and each side reports its own choice.	sweep
c0652	h		2.4652459016393493		both sides: no value defined (documented)	This row belongs to the sweep study, a grid of group-count and imbalance shapes that is otherwise checked against R exactly like any other analysis. Here the plugin side of this particular shape was not run in this pass, so there is nothing on that side to set beside R's value yet; it is listed as incomplete, not as a documented difference between the two programs.	sweep
c0652	h				NOT DOCUMENTED -- see enforcement/why in reconciliation.tsv		sweep
c0652	n		60		both sides: no value defined (documented)	This row belongs to the sweep study, a grid of group-count and imbalance shapes that is otherwise checked against R exactly like any other analysis. Here the plugin side of this particular shape was not run in this pass, so there is nothing on that side to set beside R's value yet; it is listed as incomplete, not as a documented difference between the two programs.	sweep
c0652	n				NOT DOCUMENTED -- see enforcement/why in reconciliation.tsv		sweep
c0652	p		0.29152691321374008		both sides: no value defined (documented)	This row belongs to the sweep study, a grid of group-count and imbalance shapes that is otherwise checked against R exactly like any other analysis. Here the plugin side of this particular shape was not run in this pass, so there is nothing on that side to set beside R's value yet; it is listed as incomplete, not as a documented difference between the two programs.	sweep
c0652	p				NOT DOCUMENTED -- see enforcement/why in reconciliation.tsv		sweep
c0653	df_between		2		both sides: no value defined (documented)	This row belongs to the sweep study, a grid of group-count and imbalance shapes that is otherwise checked against R exactly like any other analysis. Here the plugin side of this particular shape was not run in this pass, so there is nothing on that side to set beside R's value yet; it is listed as incomplete, not as a documented difference between the two programs.	sweep
c0653	df_between				NOT DOCUMENTED -- see enforcement/why in reconciliation.tsv		sweep
c0653	df_within		27		both sides: no value defined (documented)	This row belongs to the sweep study, a grid of group-count and imbalance shapes that is otherwise checked against R exactly like any other analysis. Here the plugin side of this particular shape was not run in this pass, so there is nothing on that side to set beside R's value yet; it is listed as incomplete, not as a documented difference between the two programs.	sweep
c0653	df_within				NOT DOCUMENTED -- see enforcement/why in reconciliation.tsv		sweep
c0653	eta_squared		0.014185222018252248		both sides: no value defined (documented)	This row belongs to the sweep study, a grid of group-count and imbalance shapes that is otherwise checked against R exactly like any other analysis. Here the plugin side of this particular shape was not run in this pass, so there is nothing on that side to set beside R's value yet; it is listed as incomplete, not as a documented difference between the two programs.	sweep
c0653	eta_squared		0.014185222018252248		both sides: no value defined (documented)	This row belongs to the sweep study, a grid of group-count and imbalance shapes that is otherwise checked against R exactly like any other analysis. Here the plugin side of this particular shape was not run in this pass, so there is nothing on that side to set beside R's value yet; it is listed as incomplete, not as a documented difference between the two programs.	sweep
c0653	eta_squared				NOT DOCUMENTED -- see enforcement/why in reconciliation.tsv		sweep
c0653	f		0.1942560626231056		both sides: no value defined (documented)	This row belongs to the sweep study, a grid of group-count and imbalance shapes that is otherwise checked against R exactly like any other analysis. Here the plugin side of this particular shape was not run in this pass, so there is nothing on that side to set beside R's value yet; it is listed as incomplete, not as a documented difference between the two programs.	sweep
c0653	f				NOT DOCUMENTED -- see enforcement/why in reconciliation.tsv		sweep
c0653	ms_between		0.619886781842097		both sides: no value defined (documented)	This row belongs to the sweep study, a grid of group-count and imbalance shapes that is otherwise checked against R exactly like any other analysis. Here the plugin side of this particular shape was not run in this pass, so there is nothing on that side to set beside R's value yet; it is listed as incomplete, not as a documented difference between the two programs.	sweep
c0653	ms_between				NOT DOCUMENTED -- see enforcement/why in reconciliation.tsv		sweep
c0653	ms_within		3.1910807491491138		both sides: no value defined (documented)	This row belongs to the sweep study, a grid of group-count and imbalance shapes that is otherwise checked against R exactly like any other analysis. Here the plugin side of this particular shape was not run in this pass, so there is nothing on that side to set beside R's value yet; it is listed as incomplete, not as a documented difference between the two programs.	sweep
c0653	ms_within				NOT DOCUMENTED -- see enforcement/why in reconciliation.tsv		sweep
c0653	n		30		both sides: no value defined (documented)	This row belongs to the sweep study, a grid of group-count and imbalance shapes that is otherwise checked against R exactly like any other analysis. Here the plugin side of this particular shape was not run in this pass, so there is nothing on that side to set beside R's value yet; it is listed as incomplete, not as a documented difference between the two programs.	sweep
c0653	n				NOT DOCUMENTED -- see enforcement/why in reconciliation.tsv		sweep
c0653	p		0.82458774661399137		both sides: no value defined (documented)	This row belongs to the sweep study, a grid of group-count and imbalance shapes that is otherwise checked against R exactly like any other analysis. Here the plugin side of this particular shape was not run in this pass, so there is nothing on that side to set beside R's value yet; it is listed as incomplete, not as a documented difference between the two programs.	sweep
c0653	p				NOT DOCUMENTED -- see enforcement/why in reconciliation.tsv		sweep
c0653	posthoc_g1__g2_ci_high		1.5268177313555058		both sides: no value defined (documented)	This row belongs to the sweep study, a grid of group-count and imbalance shapes that is otherwise checked against R exactly like any other analysis. Here the plugin side of this particular shape was not run in this pass, so there is nothing on that side to set beside R's value yet; it is listed as incomplete, not as a documented difference between the two programs.	sweep
c0653	posthoc_g1__g2_ci_high				NOT DOCUMENTED -- see enforcement/why in reconciliation.tsv		sweep
c0653	posthoc_g1__g2_ci_low		-2.4347180770654639		both sides: no value defined (documented)	This row belongs to the sweep study, a grid of group-count and imbalance shapes that is otherwise checked against R exactly like any other analysis. Here the plugin side of this particular shape was not run in this pass, so there is nothing on that side to set beside R's value yet; it is listed as incomplete, not as a documented difference between the two programs.	sweep
c0653	posthoc_g1__g2_ci_low				NOT DOCUMENTED -- see enforcement/why in reconciliation.tsv		sweep
c0653	posthoc_g1__g2_cohens_d		-0.36340229560837517		both sides: no value defined (documented)	This row belongs to the sweep study, a grid of group-count and imbalance shapes that is otherwise checked against R exactly like any other analysis. Here the plugin side of this particular shape was not run in this pass, so there is nothing on that side to set beside R's value yet; it is listed as incomplete, not as a documented difference between the two programs.	sweep
c0653	posthoc_g1__g2_cohens_d		-0.36340229560837517		both sides: no value defined (documented)	This row belongs to the sweep study, a grid of group-count and imbalance shapes that is otherwise checked against R exactly like any other analysis. Here the plugin side of this particular shape was not run in this pass, so there is nothing on that side to set beside R's value yet; it is listed as incomplete, not as a documented difference between the two programs.	sweep
c0653	posthoc_g1__g2_cohens_d				NOT DOCUMENTED -- see enforcement/why in reconciliation.tsv		sweep
c0653	posthoc_g1__g2_diff		-0.45395017285497907		both sides: no value defined (documented)	This row belongs to the sweep study, a grid of group-count and imbalance shapes that is otherwise checked against R exactly like any other analysis. Here the plugin side of this particular shape was not run in this pass, so there is nothing on that side to set beside R's value yet; it is listed as incomplete, not as a documented difference between the two programs.	sweep
c0653	posthoc_g1__g2_diff				NOT DOCUMENTED -- see enforcement/why in reconciliation.tsv		sweep
c0653	posthoc_g1__g2_padj		0.83800926380446561		both sides: no value defined (documented)	This row belongs to the sweep study, a grid of group-count and imbalance shapes that is otherwise checked against R exactly like any other analysis. Here the plugin side of this particular shape was not run in this pass, so there is nothing on that side to set beside R's value yet; it is listed as incomplete, not as a documented difference between the two programs.	sweep
c0653	posthoc_g1__g2_padj				NOT DOCUMENTED -- see enforcement/why in reconciliation.tsv		sweep
c0653	posthoc_g1__g3_ci_high		1.5765557872946414		both sides: no value defined (documented)	This row belongs to the sweep study, a grid of group-count and imbalance shapes that is otherwise checked against R exactly like any other analysis. Here the plugin side of this particular shape was not run in this pass, so there is nothing on that side to set beside R's value yet; it is listed as incomplete, not as a documented difference between the two programs.	sweep
c0653	posthoc_g1__g3_ci_high				NOT DOCUMENTED -- see enforcement/why in reconciliation.tsv		sweep
c0653	posthoc_g1__g3_ci_low		-2.3849800211263283		both sides: no value defined (documented)	This row belongs to the sweep study, a grid of group-count and imbalance shapes that is otherwise checked against R exactly like any other analysis. Here the plugin side of this particular shape was not run in this pass, so there is nothing on that side to set beside R's value yet; it is listed as incomplete, not as a documented difference between the two programs.	sweep
c0653	posthoc_g1__g3_ci_low				NOT DOCUMENTED -- see enforcement/why in reconciliation.tsv		sweep
c0653	posthoc_g1__g3_cohens_d		-0.19534703694132216		both sides: no value defined (documented)	This row belongs to the sweep study, a grid of group-count and imbalance shapes that is otherwise checked against R exactly like any other analysis. Here the plugin side of this particular shape was not run in this pass, so there is nothing on that side to set beside R's value yet; it is listed as incomplete, not as a documented difference between the two programs.	sweep
c0653	posthoc_g1__g3_cohens_d		-0.19534703694132216		both sides: no value defined (documented)	This row belongs to the sweep study, a grid of group-count and imbalance shapes that is otherwise checked against R exactly like any other analysis. Here the plugin side of this particular shape was not run in this pass, so there is nothing on that side to set beside R's value yet; it is listed as incomplete, not as a documented difference between the two programs.	sweep
c0653	posthoc_g1__g3_cohens_d				NOT DOCUMENTED -- see enforcement/why in reconciliation.tsv		sweep
c0653	posthoc_g1__g3_diff		-0.40421211691584347		both sides: no value defined (documented)	This row belongs to the sweep study, a grid of group-count and imbalance shapes that is otherwise checked against R exactly like any other analysis. Here the plugin side of this particular shape was not run in this pass, so there is nothing on that side to set beside R's value yet; it is listed as incomplete, not as a documented difference between the two programs.	sweep
c0653	posthoc_g1__g3_diff				NOT DOCUMENTED -- see enforcement/why in reconciliation.tsv		sweep
c0653	posthoc_g1__g3_padj		0.86907055527404209		both sides: no value defined (documented)	This row belongs to the sweep study, a grid of group-count and imbalance shapes that is otherwise checked against R exactly like any other analysis. Here the plugin side of this particular shape was not run in this pass, so there is nothing on that side to set beside R's value yet; it is listed as incomplete, not as a documented difference between the two programs.	sweep
c0653	posthoc_g1__g3_padj				NOT DOCUMENTED -- see enforcement/why in reconciliation.tsv		sweep
c0653	posthoc_g2__g3_ci_high		2.0305059601496205		both sides: no value defined (documented)	This row belongs to the sweep study, a grid of group-count and imbalance shapes that is otherwise checked against R exactly like any other analysis. Here the plugin side of this particular shape was not run in this pass, so there is nothing on that side to set beside R's value yet; it is listed as incomplete, not as a documented difference between the two programs.	sweep
c0653	posthoc_g2__g3_ci_high				NOT DOCUMENTED -- see enforcement/why in reconciliation.tsv		sweep
c0653	posthoc_g2__g3_ci_low		-1.9310298482713493		both sides: no value defined (documented)	This row belongs to the sweep study, a grid of group-count and imbalance shapes that is otherwise checked against R exactly like any other analysis. Here the plugin side of this particular shape was not run in this pass, so there is nothing on that side to set beside R's value yet; it is listed as incomplete, not as a documented difference between the two programs.	sweep
c0653	posthoc_g2__g3_ci_low				NOT DOCUMENTED -- see enforcement/why in reconciliation.tsv		sweep
c0653	posthoc_g2__g3_cohens_d		0.025749127795063304		both sides: no value defined (documented)	This row belongs to the sweep study, a grid of group-count and imbalance shapes that is otherwise checked against R exactly like any other analysis. Here the plugin side of this particular shape was not run in this pass, so there is nothing on that side to set beside R's value yet; it is listed as incomplete, not as a documented difference between the two programs.	sweep
c0653	posthoc_g2__g3_cohens_d		0.0257491277950633		both sides: no value defined (documented)	This row belongs to the sweep study, a grid of group-count and imbalance shapes that is otherwise checked against R exactly like any other analysis. Here the plugin side of this particular shape was not run in this pass, so there is nothing on that side to set beside R's value yet; it is listed as incomplete, not as a documented difference between the two programs.	sweep
c0653	posthoc_g2__g3_cohens_d				NOT DOCUMENTED -- see enforcement/why in reconciliation.tsv		sweep
c0653	posthoc_g2__g3_diff		0.049738055939135606		both sides: no value defined (documented)	This row belongs to the sweep study, a grid of group-count and imbalance shapes that is otherwise checked against R exactly like any other analysis. Here the plugin side of this particular shape was not run in this pass, so there is nothing on that side to set beside R's value yet; it is listed as incomplete, not as a documented difference between the two programs.	sweep
c0653	posthoc_g2__g3_diff				NOT DOCUMENTED -- see enforcement/why in reconciliation.tsv		sweep
c0653	posthoc_g2__g3_padj		0.99786539045118083		both sides: no value defined (documented)	This row belongs to the sweep study, a grid of group-count and imbalance shapes that is otherwise checked against R exactly like any other analysis. Here the plugin side of this particular shape was not run in this pass, so there is nothing on that side to set beside R's value yet; it is listed as incomplete, not as a documented difference between the two programs.	sweep
c0653	posthoc_g2__g3_padj				NOT DOCUMENTED -- see enforcement/why in reconciliation.tsv		sweep
c0653	ss_between		1.239773563684194		both sides: no value defined (documented)	This row belongs to the sweep study, a grid of group-count and imbalance shapes that is otherwise checked against R exactly like any other analysis. Here the plugin side of this particular shape was not run in this pass, so there is nothing on that side to set beside R's value yet; it is listed as incomplete, not as a documented difference between the two programs.	sweep
c0653	ss_between				NOT DOCUMENTED -- see enforcement/why in reconciliation.tsv		sweep
c0653	ss_total		87.398953790710266		both sides: no value defined (documented)	This row belongs to the sweep study, a grid of group-count and imbalance shapes that is otherwise checked against R exactly like any other analysis. Here the plugin side of this particular shape was not run in this pass, so there is nothing on that side to set beside R's value yet; it is listed as incomplete, not as a documented difference between the two programs.	sweep
c0653	ss_total				NOT DOCUMENTED -- see enforcement/why in reconciliation.tsv		sweep
c0653	ss_within		86.15918022702607		both sides: no value defined (documented)	This row belongs to the sweep study, a grid of group-count and imbalance shapes that is otherwise checked against R exactly like any other analysis. Here the plugin side of this particular shape was not run in this pass, so there is nothing on that side to set beside R's value yet; it is listed as incomplete, not as a documented difference between the two programs.	sweep
c0653	ss_within				NOT DOCUMENTED -- see enforcement/why in reconciliation.tsv		sweep
c0654	df		2		both sides: no value defined (documented)	This row belongs to the sweep study, a grid of group-count and imbalance shapes that is otherwise checked against R exactly like any other analysis. Here the plugin side of this particular shape was not run in this pass, so there is nothing on that side to set beside R's value yet; it is listed as incomplete, not as a documented difference between the two programs.	sweep
c0654	df				NOT DOCUMENTED -- see enforcement/why in reconciliation.tsv		sweep
c0654	epsilon_squared		0.013081201334815835		both sides: no value defined (documented)	This row belongs to the sweep study, a grid of group-count and imbalance shapes that is otherwise checked against R exactly like any other analysis. Here the plugin side of this particular shape was not run in this pass, so there is nothing on that side to set beside R's value yet; it is listed as incomplete, not as a documented difference between the two programs.	sweep
c0654	epsilon_squared				NOT DOCUMENTED -- see enforcement/why in reconciliation.tsv		sweep
c0654	eta_squared		-0.060023894862605211		reported by R only (documented)	For the Kruskal-Wallis test R reports eta-squared and the plugin reports epsilon-squared. Both summarise the same effect, neither is derivable from the other, and each side reports its own choice.	sweep
c0654	eta_squared		0		reported by R only (documented)	For the Kruskal-Wallis test R reports eta-squared and the plugin reports epsilon-squared. Both summarise the same effect, neither is derivable from the other, and each side reports its own choice.	sweep
c0654	h		0.37935483870965925		both sides: no value defined (documented)	This row belongs to the sweep study, a grid of group-count and imbalance shapes that is otherwise checked against R exactly like any other analysis. Here the plugin side of this particular shape was not run in this pass, so there is nothing on that side to set beside R's value yet; it is listed as incomplete, not as a documented difference between the two programs.	sweep
c0654	h				NOT DOCUMENTED -- see enforcement/why in reconciliation.tsv		sweep
c0654	n		30		both sides: no value defined (documented)	This row belongs to the sweep study, a grid of group-count and imbalance shapes that is otherwise checked against R exactly like any other analysis. Here the plugin side of this particular shape was not run in this pass, so there is nothing on that side to set beside R's value yet; it is listed as incomplete, not as a documented difference between the two programs.	sweep
c0654	n				NOT DOCUMENTED -- see enforcement/why in reconciliation.tsv		sweep
c0654	p		0.82722593798491562		both sides: no value defined (documented)	This row belongs to the sweep study, a grid of group-count and imbalance shapes that is otherwise checked against R exactly like any other analysis. Here the plugin side of this particular shape was not run in this pass, so there is nothing on that side to set beside R's value yet; it is listed as incomplete, not as a documented difference between the two programs.	sweep
c0654	p				NOT DOCUMENTED -- see enforcement/why in reconciliation.tsv		sweep
c0655	df_between		4		both sides: no value defined (documented)	This row belongs to the sweep study, a grid of group-count and imbalance shapes that is otherwise checked against R exactly like any other analysis. Here the plugin side of this particular shape was not run in this pass, so there is nothing on that side to set beside R's value yet; it is listed as incomplete, not as a documented difference between the two programs.	sweep
c0655	df_between				NOT DOCUMENTED -- see enforcement/why in reconciliation.tsv		sweep
c0655	df_within		25		both sides: no value defined (documented)	This row belongs to the sweep study, a grid of group-count and imbalance shapes that is otherwise checked against R exactly like any other analysis. Here the plugin side of this particular shape was not run in this pass, so there is nothing on that side to set beside R's value yet; it is listed as incomplete, not as a documented difference between the two programs.	sweep
c0655	df_within				NOT DOCUMENTED -- see enforcement/why in reconciliation.tsv		sweep
c0655	eta_squared		0.13585560375875239		both sides: no value defined (documented)	This row belongs to the sweep study, a grid of group-count and imbalance shapes that is otherwise checked against R exactly like any other analysis. Here the plugin side of this particular shape was not run in this pass, so there is nothing on that side to set beside R's value yet; it is listed as incomplete, not as a documented difference between the two programs.	sweep
c0655	eta_squared		0.13585560375875239		both sides: no value defined (documented)	This row belongs to the sweep study, a grid of group-count and imbalance shapes that is otherwise checked against R exactly like any other analysis. Here the plugin side of this particular shape was not run in this pass, so there is nothing on that side to set beside R's value yet; it is listed as incomplete, not as a documented difference between the two programs.	sweep
c0655	eta_squared				NOT DOCUMENTED -- see enforcement/why in reconciliation.tsv		sweep
c0655	f		0.982587548082827		both sides: no value defined (documented)	This row belongs to the sweep study, a grid of group-count and imbalance shapes that is otherwise checked against R exactly like any other analysis. Here the plugin side of this particular shape was not run in this pass, so there is nothing on that side to set beside R's value yet; it is listed as incomplete, not as a documented difference between the two programs.	sweep
c0655	f				NOT DOCUMENTED -- see enforcement/why in reconciliation.tsv		sweep
c0655	ms_between		3.7816112795988919		both sides: no value defined (documented)	This row belongs to the sweep study, a grid of group-count and imbalance shapes that is otherwise checked against R exactly like any other analysis. Here the plugin side of this particular shape was not run in this pass, so there is nothing on that side to set beside R's value yet; it is listed as incomplete, not as a documented difference between the two programs.	sweep
c0655	ms_between				NOT DOCUMENTED -- see enforcement/why in reconciliation.tsv		sweep
c0655	ms_within		3.8486252822736988		both sides: no value defined (documented)	This row belongs to the sweep study, a grid of group-count and imbalance shapes that is otherwise checked against R exactly like any other analysis. Here the plugin side of this particular shape was not run in this pass, so there is nothing on that side to set beside R's value yet; it is listed as incomplete, not as a documented difference between the two programs.	sweep
c0655	ms_within				NOT DOCUMENTED -- see enforcement/why in reconciliation.tsv		sweep
c0655	n		30		both sides: no value defined (documented)	This row belongs to the sweep study, a grid of group-count and imbalance shapes that is otherwise checked against R exactly like any other analysis. Here the plugin side of this particular shape was not run in this pass, so there is nothing on that side to set beside R's value yet; it is listed as incomplete, not as a documented difference between the two programs.	sweep
c0655	n				NOT DOCUMENTED -- see enforcement/why in reconciliation.tsv		sweep
c0655	p		0.43491292626435407		both sides: no value defined (documented)	This row belongs to the sweep study, a grid of group-count and imbalance shapes that is otherwise checked against R exactly like any other analysis. Here the plugin side of this particular shape was not run in this pass, so there is nothing on that side to set beside R's value yet; it is listed as incomplete, not as a documented difference between the two programs.	sweep
c0655	p				NOT DOCUMENTED -- see enforcement/why in reconciliation.tsv		sweep
c0655	posthoc_g1__g2_ci_high		1.7559532097757646		both sides: no value defined (documented)	This row belongs to the sweep study, a grid of group-count and imbalance shapes that is otherwise checked against R exactly like any other analysis. Here the plugin side of this particular shape was not run in this pass, so there is nothing on that side to set beside R's value yet; it is listed as incomplete, not as a documented difference between the two programs.	sweep
c0655	posthoc_g1__g2_ci_high				NOT DOCUMENTED -- see enforcement/why in reconciliation.tsv		sweep
c0655	posthoc_g1__g2_ci_low		-4.8968868755643236		both sides: no value defined (documented)	This row belongs to the sweep study, a grid of group-count and imbalance shapes that is otherwise checked against R exactly like any other analysis. Here the plugin side of this particular shape was not run in this pass, so there is nothing on that side to set beside R's value yet; it is listed as incomplete, not as a documented difference between the two programs.	sweep
c0655	posthoc_g1__g2_ci_low				NOT DOCUMENTED -- see enforcement/why in reconciliation.tsv		sweep
c0655	posthoc_g1__g2_cohens_d		-0.74539484225133679		both sides: no value defined (documented)	This row belongs to the sweep study, a grid of group-count and imbalance shapes that is otherwise checked against R exactly like any other analysis. Here the plugin side of this particular shape was not run in this pass, so there is nothing on that side to set beside R's value yet; it is listed as incomplete, not as a documented difference between the two programs.	sweep
c0655	posthoc_g1__g2_cohens_d		-0.74539484225133679		both sides: no value defined (documented)	This row belongs to the sweep study, a grid of group-count and imbalance shapes that is otherwise checked against R exactly like any other analysis. Here the plugin side of this particular shape was not run in this pass, so there is nothing on that side to set beside R's value yet; it is listed as incomplete, not as a documented difference between the two programs.	sweep
c0655	posthoc_g1__g2_cohens_d				NOT DOCUMENTED -- see enforcement/why in reconciliation.tsv		sweep
c0655	posthoc_g1__g2_diff		-1.5704668328942795		both sides: no value defined (documented)	This row belongs to the sweep study, a grid of group-count and imbalance shapes that is otherwise checked against R exactly like any other analysis. Here the plugin side of this particular shape was not run in this pass, so there is nothing on that side to set beside R's value yet; it is listed as incomplete, not as a documented difference between the two programs.	sweep
c0655	posthoc_g1__g2_diff				NOT DOCUMENTED -- see enforcement/why in reconciliation.tsv		sweep
c0655	posthoc_g1__g2_padj		0.64150586419926037		both sides: no value defined (documented)	This row belongs to the sweep study, a grid of group-count and imbalance shapes that is otherwise checked against R exactly like any other analysis. Here the plugin side of this particular shape was not run in this pass, so there is nothing on that side to set beside R's value yet; it is listed as incomplete, not as a documented difference between the two programs.	sweep
c0655	posthoc_g1__g2_padj				NOT DOCUMENTED -- see enforcement/why in reconciliation.tsv		sweep
c0655	posthoc_g1__g3_ci_high		2.5537434091909095		both sides: no value defined (documented)	This row belongs to the sweep study, a grid of group-count and imbalance shapes that is otherwise checked against R exactly like any other analysis. Here the plugin side of this particular shape was not run in this pass, so there is nothing on that side to set beside R's value yet; it is listed as incomplete, not as a documented difference between the two programs.	sweep
c0655	posthoc_g1__g3_ci_high				NOT DOCUMENTED -- see enforcement/why in reconciliation.tsv		sweep
c0655	posthoc_g1__g3_ci_low		-4.0990966761491787		both sides: no value defined (documented)	This row belongs to the sweep study, a grid of group-count and imbalance shapes that is otherwise checked against R exactly like any other analysis. Here the plugin side of this particular shape was not run in this pass, so there is nothing on that side to set beside R's value yet; it is listed as incomplete, not as a documented difference between the two programs.	sweep
c0655	posthoc_g1__g3_ci_low				NOT DOCUMENTED -- see enforcement/why in reconciliation.tsv		sweep
c0655	posthoc_g1__g3_cohens_d		-0.29107206800532992		both sides: no value defined (documented)	This row belongs to the sweep study, a grid of group-count and imbalance shapes that is otherwise checked against R exactly like any other analysis. Here the plugin side of this particular shape was not run in this pass, so there is nothing on that side to set beside R's value yet; it is listed as incomplete, not as a documented difference between the two programs.	sweep
c0655	posthoc_g1__g3_cohens_d		-0.29107206800532992		both sides: no value defined (documented)	This row belongs to the sweep study, a grid of group-count and imbalance shapes that is otherwise checked against R exactly like any other analysis. Here the plugin side of this particular shape was not run in this pass, so there is nothing on that side to set beside R's value yet; it is listed as incomplete, not as a documented difference between the two programs.	sweep
c0655	posthoc_g1__g3_cohens_d				NOT DOCUMENTED -- see enforcement/why in reconciliation.tsv		sweep
c0655	posthoc_g1__g3_diff		-0.77267663347913462		both sides: no value defined (documented)	This row belongs to the sweep study, a grid of group-count and imbalance shapes that is otherwise checked against R exactly like any other analysis. Here the plugin side of this particular shape was not run in this pass, so there is nothing on that side to set beside R's value yet; it is listed as incomplete, not as a documented difference between the two programs.	sweep
c0655	posthoc_g1__g3_diff				NOT DOCUMENTED -- see enforcement/why in reconciliation.tsv		sweep
c0655	posthoc_g1__g3_padj		0.95850471921541591		both sides: no value defined (documented)	This row belongs to the sweep study, a grid of group-count and imbalance shapes that is otherwise checked against R exactly like any other analysis. Here the plugin side of this particular shape was not run in this pass, so there is nothing on that side to set beside R's value yet; it is listed as incomplete, not as a documented difference between the two programs.	sweep
c0655	posthoc_g1__g3_padj				NOT DOCUMENTED -- see enforcement/why in reconciliation.tsv		sweep
c0655	posthoc_g1__g4_ci_high		1.6190714278687111		both sides: no value defined (documented)	This row belongs to the sweep study, a grid of group-count and imbalance shapes that is otherwise checked against R exactly like any other analysis. Here the plugin side of this particular shape was not run in this pass, so there is nothing on that side to set beside R's value yet; it is listed as incomplete, not as a documented difference between the two programs.	sweep
c0655	posthoc_g1__g4_ci_high				NOT DOCUMENTED -- see enforcement/why in reconciliation.tsv		sweep
c0655	posthoc_g1__g4_ci_low		-5.0337686574713771		both sides: no value defined (documented)	This row belongs to the sweep study, a grid of group-count and imbalance shapes that is otherwise checked against R exactly like any other analysis. Here the plugin side of this particular shape was not run in this pass, so there is nothing on that side to set beside R's value yet; it is listed as incomplete, not as a documented difference between the two programs.	sweep
c0655	posthoc_g1__g4_ci_low				NOT DOCUMENTED -- see enforcement/why in reconciliation.tsv		sweep
c0655	posthoc_g1__g4_cohens_d		-0.83835239569474207		both sides: no value defined (documented)	This row belongs to the sweep study, a grid of group-count and imbalance shapes that is otherwise checked against R exactly like any other analysis. Here the plugin side of this particular shape was not run in this pass, so there is nothing on that side to set beside R's value yet; it is listed as incomplete, not as a documented difference between the two programs.	sweep
c0655	posthoc_g1__g4_cohens_d		-0.83835239569474207		both sides: no value defined (documented)	This row belongs to the sweep study, a grid of group-count and imbalance shapes that is otherwise checked against R exactly like any other analysis. Here the plugin side of this particular shape was not run in this pass, so there is nothing on that side to set beside R's value yet; it is listed as incomplete, not as a documented difference between the two programs.	sweep
c0655	posthoc_g1__g4_cohens_d				NOT DOCUMENTED -- see enforcement/why in reconciliation.tsv		sweep
c0655	posthoc_g1__g4_diff		-1.707348614801333		both sides: no value defined (documented)	This row belongs to the sweep study, a grid of group-count and imbalance shapes that is otherwise checked against R exactly like any other analysis. Here the plugin side of this particular shape was not run in this pass, so there is nothing on that side to set beside R's value yet; it is listed as incomplete, not as a documented difference between the two programs.	sweep
c0655	posthoc_g1__g4_diff				NOT DOCUMENTED -- see enforcement/why in reconciliation.tsv		sweep
c0655	posthoc_g1__g4_padj		0.56740878340027101		both sides: no value defined (documented)	This row belongs to the sweep study, a grid of group-count and imbalance shapes that is otherwise checked against R exactly like any other analysis. Here the plugin side of this particular shape was not run in this pass, so there is nothing on that side to set beside R's value yet; it is listed as incomplete, not as a documented difference between the two programs.	sweep
c0655	posthoc_g1__g4_padj				NOT DOCUMENTED -- see enforcement/why in reconciliation.tsv		sweep
c0655	posthoc_g1__g5_ci_high		1.4163971911246822		both sides: no value defined (documented)	This row belongs to the sweep study, a grid of group-count and imbalance shapes that is otherwise checked against R exactly like any other analysis. Here the plugin side of this particular shape was not run in this pass, so there is nothing on that side to set beside R's value yet; it is listed as incomplete, not as a documented difference between the two programs.	sweep
c0655	posthoc_g1__g5_ci_high				NOT DOCUMENTED -- see enforcement/why in reconciliation.tsv		sweep
c0655	posthoc_g1__g5_ci_low		-5.236442894215406		both sides: no value defined (documented)	This row belongs to the sweep study, a grid of group-count and imbalance shapes that is otherwise checked against R exactly like any other analysis. Here the plugin side of this particular shape was not run in this pass, so there is nothing on that side to set beside R's value yet; it is listed as incomplete, not as a documented difference between the two programs.	sweep
c0655	posthoc_g1__g5_ci_low				NOT DOCUMENTED -- see enforcement/why in reconciliation.tsv		sweep
c0655	posthoc_g1__g5_cohens_d		-0.91679727935410893		both sides: no value defined (documented)	This row belongs to the sweep study, a grid of group-count and imbalance shapes that is otherwise checked against R exactly like any other analysis. Here the plugin side of this particular shape was not run in this pass, so there is nothing on that side to set beside R's value yet; it is listed as incomplete, not as a documented difference between the two programs.	sweep
c0655	posthoc_g1__g5_cohens_d		-0.91679727935410893		both sides: no value defined (documented)	This row belongs to the sweep study, a grid of group-count and imbalance shapes that is otherwise checked against R exactly like any other analysis. Here the plugin side of this particular shape was not run in this pass, so there is nothing on that side to set beside R's value yet; it is listed as incomplete, not as a documented difference between the two programs.	sweep
c0655	posthoc_g1__g5_cohens_d				NOT DOCUMENTED -- see enforcement/why in reconciliation.tsv		sweep
c0655	posthoc_g1__g5_diff		-1.9100228515453619		both sides: no value defined (documented)	This row belongs to the sweep study, a grid of group-count and imbalance shapes that is otherwise checked against R exactly like any other analysis. Here the plugin side of this particular shape was not run in this pass, so there is nothing on that side to set beside R's value yet; it is listed as incomplete, not as a documented difference between the two programs.	sweep
c0655	posthoc_g1__g5_diff				NOT DOCUMENTED -- see enforcement/why in reconciliation.tsv		sweep
c0655	posthoc_g1__g5_padj		0.4598879452372947		both sides: no value defined (documented)	This row belongs to the sweep study, a grid of group-count and imbalance shapes that is otherwise checked against R exactly like any other analysis. Here the plugin side of this particular shape was not run in this pass, so there is nothing on that side to set beside R's value yet; it is listed as incomplete, not as a documented difference between the two programs.	sweep
c0655	posthoc_g1__g5_padj				NOT DOCUMENTED -- see enforcement/why in reconciliation.tsv		sweep
c0655	posthoc_g2__g3_ci_high		4.1242102420851889		both sides: no value defined (documented)	This row belongs to the sweep study, a grid of group-count and imbalance shapes that is otherwise checked against R exactly like any other analysis. Here the plugin side of this particular shape was not run in this pass, so there is nothing on that side to set beside R's value yet; it is listed as incomplete, not as a documented difference between the two programs.	sweep
c0655	posthoc_g2__g3_ci_high				NOT DOCUMENTED -- see enforcement/why in reconciliation.tsv		sweep
c0655	posthoc_g2__g3_ci_low		-2.5286298432548993		both sides: no value defined (documented)	This row belongs to the sweep study, a grid of group-count and imbalance shapes that is otherwise checked against R exactly like any other analysis. Here the plugin side of this particular shape was not run in this pass, so there is nothing on that side to set beside R's value yet; it is listed as incomplete, not as a documented difference between the two programs.	sweep
c0655	posthoc_g2__g3_ci_low				NOT DOCUMENTED -- see enforcement/why in reconciliation.tsv		sweep
c0655	posthoc_g2__g3_cohens_d		0.37260587199731221		both sides: no value defined (documented)	This row belongs to the sweep study, a grid of group-count and imbalance shapes that is otherwise checked against R exactly like any other analysis. Here the plugin side of this particular shape was not run in this pass, so there is nothing on that side to set beside R's value yet; it is listed as incomplete, not as a documented difference between the two programs.	sweep
c0655	posthoc_g2__g3_cohens_d		0.37260587199731221		both sides: no value defined (documented)	This row belongs to the sweep study, a grid of group-count and imbalance shapes that is otherwise checked against R exactly like any other analysis. Here the plugin side of this particular shape was not run in this pass, so there is nothing on that side to set beside R's value yet; it is listed as incomplete, not as a documented difference between the two programs.	sweep
c0655	posthoc_g2__g3_cohens_d				NOT DOCUMENTED -- see enforcement/why in reconciliation.tsv		sweep
c0655	posthoc_g2__g3_diff		0.79779019941514484		both sides: no value defined (documented)	This row belongs to the sweep study, a grid of group-count and imbalance shapes that is otherwise checked against R exactly like any other analysis. Here the plugin side of this particular shape was not run in this pass, so there is nothing on that side to set beside R's value yet; it is listed as incomplete, not as a documented difference between the two programs.	sweep
c0655	posthoc_g2__g3_diff				NOT DOCUMENTED -- see enforcement/why in reconciliation.tsv		sweep
c0655	posthoc_g2__g3_padj		0.95357391290346805		both sides: no value defined (documented)	This row belongs to the sweep study, a grid of group-count and imbalance shapes that is otherwise checked against R exactly like any other analysis. Here the plugin side of this particular shape was not run in this pass, so there is nothing on that side to set beside R's value yet; it is listed as incomplete, not as a documented difference between the two programs.	sweep
c0655	posthoc_g2__g3_padj				NOT DOCUMENTED -- see enforcement/why in reconciliation.tsv		sweep
c0655	posthoc_g2__g4_ci_high		3.1895382607629905		both sides: no value defined (documented)	This row belongs to the sweep study, a grid of group-count and imbalance shapes that is otherwise checked against R exactly like any other analysis. Here the plugin side of this particular shape was not run in this pass, so there is nothing on that side to set beside R's value yet; it is listed as incomplete, not as a documented difference between the two programs.	sweep
c0655	posthoc_g2__g4_ci_high				NOT DOCUMENTED -- see enforcement/why in reconciliation.tsv		sweep
c0655	posthoc_g2__g4_ci_low		-3.4633018245770977		both sides: no value defined (documented)	This row belongs to the sweep study, a grid of group-count and imbalance shapes that is otherwise checked against R exactly like any other analysis. Here the plugin side of this particular shape was not run in this pass, so there is nothing on that side to set beside R's value yet; it is listed as incomplete, not as a documented difference between the two programs.	sweep
c0655	posthoc_g2__g4_ci_low				NOT DOCUMENTED -- see enforcement/why in reconciliation.tsv		sweep
c0655	posthoc_g2__g4_cohens_d		-0.10544800225291259		both sides: no value defined (documented)	This row belongs to the sweep study, a grid of group-count and imbalance shapes that is otherwise checked against R exactly like any other analysis. Here the plugin side of this particular shape was not run in this pass, so there is nothing on that side to set beside R's value yet; it is listed as incomplete, not as a documented difference between the two programs.	sweep
c0655	posthoc_g2__g4_cohens_d		-0.10544800225291259		both sides: no value defined (documented)	This row belongs to the sweep study, a grid of group-count and imbalance shapes that is otherwise checked against R exactly like any other analysis. Here the plugin side of this particular shape was not run in this pass, so there is nothing on that side to set beside R's value yet; it is listed as incomplete, not as a documented difference between the two programs.	sweep
c0655	posthoc_g2__g4_cohens_d				NOT DOCUMENTED -- see enforcement/why in reconciliation.tsv		sweep
c0655	posthoc_g2__g4_diff		-0.13688178190705358		both sides: no value defined (documented)	This row belongs to the sweep study, a grid of group-count and imbalance shapes that is otherwise checked against R exactly like any other analysis. Here the plugin side of this particular shape was not run in this pass, so there is nothing on that side to set beside R's value yet; it is listed as incomplete, not as a documented difference between the two programs.	sweep
c0655	posthoc_g2__g4_diff				NOT DOCUMENTED -- see enforcement/why in reconciliation.tsv		sweep
c0655	posthoc_g2__g4_padj		0.99994821637742415		both sides: no value defined (documented)	This row belongs to the sweep study, a grid of group-count and imbalance shapes that is otherwise checked against R exactly like any other analysis. Here the plugin side of this particular shape was not run in this pass, so there is nothing on that side to set beside R's value yet; it is listed as incomplete, not as a documented difference between the two programs.	sweep
c0655	posthoc_g2__g4_padj				NOT DOCUMENTED -- see enforcement/why in reconciliation.tsv		sweep
c0655	posthoc_g2__g5_ci_high		2.9868640240189617		both sides: no value defined (documented)	This row belongs to the sweep study, a grid of group-count and imbalance shapes that is otherwise checked against R exactly like any other analysis. Here the plugin side of this particular shape was not run in this pass, so there is nothing on that side to set beside R's value yet; it is listed as incomplete, not as a documented difference between the two programs.	sweep
c0655	posthoc_g2__g5_ci_high				NOT DOCUMENTED -- see enforcement/why in reconciliation.tsv		sweep
c0655	posthoc_g2__g5_ci_low		-3.6659760613211265		both sides: no value defined (documented)	This row belongs to the sweep study, a grid of group-count and imbalance shapes that is otherwise checked against R exactly like any other analysis. Here the plugin side of this particular shape was not run in this pass, so there is nothing on that side to set beside R's value yet; it is listed as incomplete, not as a documented difference between the two programs.	sweep
c0655	posthoc_g2__g5_ci_low				NOT DOCUMENTED -- see enforcement/why in reconciliation.tsv		sweep
c0655	posthoc_g2__g5_cohens_d		-0.24778388556566708		both sides: no value defined (documented)	This row belongs to the sweep study, a grid of group-count and imbalance shapes that is otherwise checked against R exactly like any other analysis. Here the plugin side of this particular shape was not run in this pass, so there is nothing on that side to set beside R's value yet; it is listed as incomplete, not as a documented difference between the two programs.	sweep
c0655	posthoc_g2__g5_cohens_d		-0.24778388556566708		both sides: no value defined (documented)	This row belongs to the sweep study, a grid of group-count and imbalance shapes that is otherwise checked against R exactly like any other analysis. Here the plugin side of this particular shape was not run in this pass, so there is nothing on that side to set beside R's value yet; it is listed as incomplete, not as a documented difference between the two programs.	sweep
c0655	posthoc_g2__g5_cohens_d				NOT DOCUMENTED -- see enforcement/why in reconciliation.tsv		sweep
c0655	posthoc_g2__g5_diff		-0.33955601865108243		both sides: no value defined (documented)	This row belongs to the sweep study, a grid of group-count and imbalance shapes that is otherwise checked against R exactly like any other analysis. Here the plugin side of this particular shape was not run in this pass, so there is nothing on that side to set beside R's value yet; it is listed as incomplete, not as a documented difference between the two programs.	sweep
c0655	posthoc_g2__g5_diff				NOT DOCUMENTED -- see enforcement/why in reconciliation.tsv		sweep
c0655	posthoc_g2__g5_padj		0.99811688120116748		both sides: no value defined (documented)	This row belongs to the sweep study, a grid of group-count and imbalance shapes that is otherwise checked against R exactly like any other analysis. Here the plugin side of this particular shape was not run in this pass, so there is nothing on that side to set beside R's value yet; it is listed as incomplete, not as a documented difference between the two programs.	sweep
c0655	posthoc_g2__g5_padj				NOT DOCUMENTED -- see enforcement/why in reconciliation.tsv		sweep
c0655	posthoc_g3__g4_ci_high		2.3917480613478457		both sides: no value defined (documented)	This row belongs to the sweep study, a grid of group-count and imbalance shapes that is otherwise checked against R exactly like any other analysis. Here the plugin side of this particular shape was not run in this pass, so there is nothing on that side to set beside R's value yet; it is listed as incomplete, not as a documented difference between the two programs.	sweep
c0655	posthoc_g3__g4_ci_high				NOT DOCUMENTED -- see enforcement/why in reconciliation.tsv		sweep
c0655	posthoc_g3__g4_ci_low		-4.2610920239922425		both sides: no value defined (documented)	This row belongs to the sweep study, a grid of group-count and imbalance shapes that is otherwise checked against R exactly like any other analysis. Here the plugin side of this particular shape was not run in this pass, so there is nothing on that side to set beside R's value yet; it is listed as incomplete, not as a documented difference between the two programs.	sweep
c0655	posthoc_g3__g4_ci_low				NOT DOCUMENTED -- see enforcement/why in reconciliation.tsv		sweep
c0655	posthoc_g3__g4_cohens_d		-0.45111132397800729		both sides: no value defined (documented)	This row belongs to the sweep study, a grid of group-count and imbalance shapes that is otherwise checked against R exactly like any other analysis. Here the plugin side of this particular shape was not run in this pass, so there is nothing on that side to set beside R's value yet; it is listed as incomplete, not as a documented difference between the two programs.	sweep
c0655	posthoc_g3__g4_cohens_d		-0.45111132397800729		both sides: no value defined (documented)	This row belongs to the sweep study, a grid of group-count and imbalance shapes that is otherwise checked against R exactly like any other analysis. Here the plugin side of this particular shape was not run in this pass, so there is nothing on that side to set beside R's value yet; it is listed as incomplete, not as a documented difference between the two programs.	sweep
c0655	posthoc_g3__g4_cohens_d				NOT DOCUMENTED -- see enforcement/why in reconciliation.tsv		sweep
c0655	posthoc_g3__g4_diff		-0.93467198132219842		both sides: no value defined (documented)	This row belongs to the sweep study, a grid of group-count and imbalance shapes that is otherwise checked against R exactly like any other analysis. Here the plugin side of this particular shape was not run in this pass, so there is nothing on that side to set beside R's value yet; it is listed as incomplete, not as a documented difference between the two programs.	sweep
c0655	posthoc_g3__g4_diff				NOT DOCUMENTED -- see enforcement/why in reconciliation.tsv		sweep
c0655	posthoc_g3__g4_padj		0.92029192114317759		both sides: no value defined (documented)	This row belongs to the sweep study, a grid of group-count and imbalance shapes that is otherwise checked against R exactly like any other analysis. Here the plugin side of this particular shape was not run in this pass, so there is nothing on that side to set beside R's value yet; it is listed as incomplete, not as a documented difference between the two programs.	sweep
c0655	posthoc_g3__g4_padj				NOT DOCUMENTED -- see enforcement/why in reconciliation.tsv		sweep
c0655	posthoc_g3__g5_ci_high		2.1890738246038168		both sides: no value defined (documented)	This row belongs to the sweep study, a grid of group-count and imbalance shapes that is otherwise checked against R exactly like any other analysis. Here the plugin side of this particular shape was not run in this pass, so there is nothing on that side to set beside R's value yet; it is listed as incomplete, not as a documented difference between the two programs.	sweep
c0655	posthoc_g3__g5_ci_high				NOT DOCUMENTED -- see enforcement/why in reconciliation.tsv		sweep
c0655	posthoc_g3__g5_ci_low		-4.4637662607362714		both sides: no value defined (documented)	This row belongs to the sweep study, a grid of group-count and imbalance shapes that is otherwise checked against R exactly like any other analysis. Here the plugin side of this particular shape was not run in this pass, so there is nothing on that side to set beside R's value yet; it is listed as incomplete, not as a documented difference between the two programs.	sweep
c0655	posthoc_g3__g5_ci_low				NOT DOCUMENTED -- see enforcement/why in reconciliation.tsv		sweep
c0655	posthoc_g3__g5_cohens_d		-0.53700025364807058		both sides: no value defined (documented)	This row belongs to the sweep study, a grid of group-count and imbalance shapes that is otherwise checked against R exactly like any other analysis. Here the plugin side of this particular shape was not run in this pass, so there is nothing on that side to set beside R's value yet; it is listed as incomplete, not as a documented difference between the two programs.	sweep
c0655	posthoc_g3__g5_cohens_d		-0.53700025364807069		both sides: no value defined (documented)	This row belongs to the sweep study, a grid of group-count and imbalance shapes that is otherwise checked against R exactly like any other analysis. Here the plugin side of this particular shape was not run in this pass, so there is nothing on that side to set beside R's value yet; it is listed as incomplete, not as a documented difference between the two programs.	sweep
c0655	posthoc_g3__g5_cohens_d				NOT DOCUMENTED -- see enforcement/why in reconciliation.tsv		sweep
c0655	posthoc_g3__g5_diff		-1.1373462180662273		both sides: no value defined (documented)	This row belongs to the sweep study, a grid of group-count and imbalance shapes that is otherwise checked against R exactly like any other analysis. Here the plugin side of this particular shape was not run in this pass, so there is nothing on that side to set beside R's value yet; it is listed as incomplete, not as a documented difference between the two programs.	sweep
c0655	posthoc_g3__g5_diff				NOT DOCUMENTED -- see enforcement/why in reconciliation.tsv		sweep
c0655	posthoc_g3__g5_padj		0.85098569996497342		both sides: no value defined (documented)	This row belongs to the sweep study, a grid of group-count and imbalance shapes that is otherwise checked against R exactly like any other analysis. Here the plugin side of this particular shape was not run in this pass, so there is nothing on that side to set beside R's value yet; it is listed as incomplete, not as a documented difference between the two programs.	sweep
c0655	posthoc_g3__g5_padj				NOT DOCUMENTED -- see enforcement/why in reconciliation.tsv		sweep
c0655	posthoc_g4__g5_ci_high		3.1237458059260153		both sides: no value defined (documented)	This row belongs to the sweep study, a grid of group-count and imbalance shapes that is otherwise checked against R exactly like any other analysis. Here the plugin side of this particular shape was not run in this pass, so there is nothing on that side to set beside R's value yet; it is listed as incomplete, not as a documented difference between the two programs.	sweep
c0655	posthoc_g4__g5_ci_high				NOT DOCUMENTED -- see enforcement/why in reconciliation.tsv		sweep
c0655	posthoc_g4__g5_ci_low		-3.5290942794140729		both sides: no value defined (documented)	This row belongs to the sweep study, a grid of group-count and imbalance shapes that is otherwise checked against R exactly like any other analysis. Here the plugin side of this particular shape was not run in this pass, so there is nothing on that side to set beside R's value yet; it is listed as incomplete, not as a documented difference between the two programs.	sweep
c0655	posthoc_g4__g5_ci_low				NOT DOCUMENTED -- see enforcement/why in reconciliation.tsv		sweep
c0655	posthoc_g4__g5_cohens_d		-0.16090993621720109		both sides: no value defined (documented)	This row belongs to the sweep study, a grid of group-count and imbalance shapes that is otherwise checked against R exactly like any other analysis. Here the plugin side of this particular shape was not run in this pass, so there is nothing on that side to set beside R's value yet; it is listed as incomplete, not as a documented difference between the two programs.	sweep
c0655	posthoc_g4__g5_cohens_d		-0.16090993621720109		both sides: no value defined (documented)	This row belongs to the sweep study, a grid of group-count and imbalance shapes that is otherwise checked against R exactly like any other analysis. Here the plugin side of this particular shape was not run in this pass, so there is nothing on that side to set beside R's value yet; it is listed as incomplete, not as a documented difference between the two programs.	sweep
c0655	posthoc_g4__g5_cohens_d				NOT DOCUMENTED -- see enforcement/why in reconciliation.tsv		sweep
c0655	posthoc_g4__g5_diff		-0.20267423674402885		both sides: no value defined (documented)	This row belongs to the sweep study, a grid of group-count and imbalance shapes that is otherwise checked against R exactly like any other analysis. Here the plugin side of this particular shape was not run in this pass, so there is nothing on that side to set beside R's value yet; it is listed as incomplete, not as a documented difference between the two programs.	sweep
c0655	posthoc_g4__g5_diff				NOT DOCUMENTED -- see enforcement/why in reconciliation.tsv		sweep
c0655	posthoc_g4__g5_padj		0.99975344024673996		both sides: no value defined (documented)	This row belongs to the sweep study, a grid of group-count and imbalance shapes that is otherwise checked against R exactly like any other analysis. Here the plugin side of this particular shape was not run in this pass, so there is nothing on that side to set beside R's value yet; it is listed as incomplete, not as a documented difference between the two programs.	sweep
c0655	posthoc_g4__g5_padj				NOT DOCUMENTED -- see enforcement/why in reconciliation.tsv		sweep
c0655	ss_between		15.126445118395567		both sides: no value defined (documented)	This row belongs to the sweep study, a grid of group-count and imbalance shapes that is otherwise checked against R exactly like any other analysis. Here the plugin side of this particular shape was not run in this pass, so there is nothing on that side to set beside R's value yet; it is listed as incomplete, not as a documented difference between the two programs.	sweep
c0655	ss_between				NOT DOCUMENTED -- see enforcement/why in reconciliation.tsv		sweep
c0655	ss_total		111.34207717523803		both sides: no value defined (documented)	This row belongs to the sweep study, a grid of group-count and imbalance shapes that is otherwise checked against R exactly like any other analysis. Here the plugin side of this particular shape was not run in this pass, so there is nothing on that side to set beside R's value yet; it is listed as incomplete, not as a documented difference between the two programs.	sweep
c0655	ss_total				NOT DOCUMENTED -- see enforcement/why in reconciliation.tsv		sweep
c0655	ss_within		96.215632056842466		both sides: no value defined (documented)	This row belongs to the sweep study, a grid of group-count and imbalance shapes that is otherwise checked against R exactly like any other analysis. Here the plugin side of this particular shape was not run in this pass, so there is nothing on that side to set beside R's value yet; it is listed as incomplete, not as a documented difference between the two programs.	sweep
c0655	ss_within				NOT DOCUMENTED -- see enforcement/why in reconciliation.tsv		sweep
c0656	df		4		both sides: no value defined (documented)	This row belongs to the sweep study, a grid of group-count and imbalance shapes that is otherwise checked against R exactly like any other analysis. Here the plugin side of this particular shape was not run in this pass, so there is nothing on that side to set beside R's value yet; it is listed as incomplete, not as a documented difference between the two programs.	sweep
c0656	df				NOT DOCUMENTED -- see enforcement/why in reconciliation.tsv		sweep
c0656	epsilon_squared		0.11049314052651091		both sides: no value defined (documented)	This row belongs to the sweep study, a grid of group-count and imbalance shapes that is otherwise checked against R exactly like any other analysis. Here the plugin side of this particular shape was not run in this pass, so there is nothing on that side to set beside R's value yet; it is listed as incomplete, not as a documented difference between the two programs.	sweep
c0656	epsilon_squared				NOT DOCUMENTED -- see enforcement/why in reconciliation.tsv		sweep
c0656	eta_squared		-0.031827956989247355		reported by R only (documented)	For the Kruskal-Wallis test R reports eta-squared and the plugin reports epsilon-squared. Both summarise the same effect, neither is derivable from the other, and each side reports its own choice.	sweep
c0656	eta_squared		0		reported by R only (documented)	For the Kruskal-Wallis test R reports eta-squared and the plugin reports epsilon-squared. Both summarise the same effect, neither is derivable from the other, and each side reports its own choice.	sweep
c0656	h		3.2043010752688161		both sides: no value defined (documented)	This row belongs to the sweep study, a grid of group-count and imbalance shapes that is otherwise checked against R exactly like any other analysis. Here the plugin side of this particular shape was not run in this pass, so there is nothing on that side to set beside R's value yet; it is listed as incomplete, not as a documented difference between the two programs.	sweep
c0656	h				NOT DOCUMENTED -- see enforcement/why in reconciliation.tsv		sweep
c0656	n		30		both sides: no value defined (documented)	This row belongs to the sweep study, a grid of group-count and imbalance shapes that is otherwise checked against R exactly like any other analysis. Here the plugin side of this particular shape was not run in this pass, so there is nothing on that side to set beside R's value yet; it is listed as incomplete, not as a documented difference between the two programs.	sweep
c0656	n				NOT DOCUMENTED -- see enforcement/why in reconciliation.tsv		sweep
c0656	p		0.52423652934343434		both sides: no value defined (documented)	This row belongs to the sweep study, a grid of group-count and imbalance shapes that is otherwise checked against R exactly like any other analysis. Here the plugin side of this particular shape was not run in this pass, so there is nothing on that side to set beside R's value yet; it is listed as incomplete, not as a documented difference between the two programs.	sweep
c0656	p				NOT DOCUMENTED -- see enforcement/why in reconciliation.tsv		sweep
c0657	df_between		4		both sides: no value defined (documented)	This row belongs to the sweep study, a grid of group-count and imbalance shapes that is otherwise checked against R exactly like any other analysis. Here the plugin side of this particular shape was not run in this pass, so there is nothing on that side to set beside R's value yet; it is listed as incomplete, not as a documented difference between the two programs.	sweep
c0657	df_between				NOT DOCUMENTED -- see enforcement/why in reconciliation.tsv		sweep
c0657	df_within		60		both sides: no value defined (documented)	This row belongs to the sweep study, a grid of group-count and imbalance shapes that is otherwise checked against R exactly like any other analysis. Here the plugin side of this particular shape was not run in this pass, so there is nothing on that side to set beside R's value yet; it is listed as incomplete, not as a documented difference between the two programs.	sweep
c0657	df_within				NOT DOCUMENTED -- see enforcement/why in reconciliation.tsv		sweep
c0657	eta_squared		0.53281053464955552		both sides: no value defined (documented)	This row belongs to the sweep study, a grid of group-count and imbalance shapes that is otherwise checked against R exactly like any other analysis. Here the plugin side of this particular shape was not run in this pass, so there is nothing on that side to set beside R's value yet; it is listed as incomplete, not as a documented difference between the two programs.	sweep
c0657	eta_squared		0.53281053464955552		both sides: no value defined (documented)	This row belongs to the sweep study, a grid of group-count and imbalance shapes that is otherwise checked against R exactly like any other analysis. Here the plugin side of this particular shape was not run in this pass, so there is nothing on that side to set beside R's value yet; it is listed as incomplete, not as a documented difference between the two programs.	sweep
c0657	eta_squared				NOT DOCUMENTED -- see enforcement/why in reconciliation.tsv		sweep
c0657	f		17.106888345070701		both sides: no value defined (documented)	This row belongs to the sweep study, a grid of group-count and imbalance shapes that is otherwise checked against R exactly like any other analysis. Here the plugin side of this particular shape was not run in this pass, so there is nothing on that side to set beside R's value yet; it is listed as incomplete, not as a documented difference between the two programs.	sweep
c0657	f				NOT DOCUMENTED -- see enforcement/why in reconciliation.tsv		sweep
c0657	ms_between		48.899029502242982		both sides: no value defined (documented)	This row belongs to the sweep study, a grid of group-count and imbalance shapes that is otherwise checked against R exactly like any other analysis. Here the plugin side of this particular shape was not run in this pass, so there is nothing on that side to set beside R's value yet; it is listed as incomplete, not as a documented difference between the two programs.	sweep
c0657	ms_between				NOT DOCUMENTED -- see enforcement/why in reconciliation.tsv		sweep
c0657	ms_within		2.8584409108119941		both sides: no value defined (documented)	This row belongs to the sweep study, a grid of group-count and imbalance shapes that is otherwise checked against R exactly like any other analysis. Here the plugin side of this particular shape was not run in this pass, so there is nothing on that side to set beside R's value yet; it is listed as incomplete, not as a documented difference between the two programs.	sweep
c0657	ms_within				NOT DOCUMENTED -- see enforcement/why in reconciliation.tsv		sweep
c0657	n		65		both sides: no value defined (documented)	This row belongs to the sweep study, a grid of group-count and imbalance shapes that is otherwise checked against R exactly like any other analysis. Here the plugin side of this particular shape was not run in this pass, so there is nothing on that side to set beside R's value yet; it is listed as incomplete, not as a documented difference between the two programs.	sweep
c0657	n				NOT DOCUMENTED -- see enforcement/why in reconciliation.tsv		sweep
c0657	p		2.0646160629508594e-09		both sides: no value defined (documented)	This row belongs to the sweep study, a grid of group-count and imbalance shapes that is otherwise checked against R exactly like any other analysis. Here the plugin side of this particular shape was not run in this pass, so there is nothing on that side to set beside R's value yet; it is listed as incomplete, not as a documented difference between the two programs.	sweep
c0657	p				NOT DOCUMENTED -- see enforcement/why in reconciliation.tsv		sweep
c0657	posthoc_g1__g2_ci_high		0.60471391214575743		both sides: no value defined (documented)	This row belongs to the sweep study, a grid of group-count and imbalance shapes that is otherwise checked against R exactly like any other analysis. Here the plugin side of this particular shape was not run in this pass, so there is nothing on that side to set beside R's value yet; it is listed as incomplete, not as a documented difference between the two programs.	sweep
c0657	posthoc_g1__g2_ci_high				NOT DOCUMENTED -- see enforcement/why in reconciliation.tsv		sweep
c0657	posthoc_g1__g2_ci_low		-4.6521406117645574		both sides: no value defined (documented)	This row belongs to the sweep study, a grid of group-count and imbalance shapes that is otherwise checked against R exactly like any other analysis. Here the plugin side of this particular shape was not run in this pass, so there is nothing on that side to set beside R's value yet; it is listed as incomplete, not as a documented difference between the two programs.	sweep
c0657	posthoc_g1__g2_ci_low				NOT DOCUMENTED -- see enforcement/why in reconciliation.tsv		sweep
c0657	posthoc_g1__g2_cohens_d		-1.009196178648152		both sides: no value defined (documented)	This row belongs to the sweep study, a grid of group-count and imbalance shapes that is otherwise checked against R exactly like any other analysis. Here the plugin side of this particular shape was not run in this pass, so there is nothing on that side to set beside R's value yet; it is listed as incomplete, not as a documented difference between the two programs.	sweep
c0657	posthoc_g1__g2_cohens_d		-1.009196178648152		both sides: no value defined (documented)	This row belongs to the sweep study, a grid of group-count and imbalance shapes that is otherwise checked against R exactly like any other analysis. Here the plugin side of this particular shape was not run in this pass, so there is nothing on that side to set beside R's value yet; it is listed as incomplete, not as a documented difference between the two programs.	sweep
c0657	posthoc_g1__g2_cohens_d				NOT DOCUMENTED -- see enforcement/why in reconciliation.tsv		sweep
c0657	posthoc_g1__g2_diff		-2.0237133498094		both sides: no value defined (documented)	This row belongs to the sweep study, a grid of group-count and imbalance shapes that is otherwise checked against R exactly like any other analysis. Here the plugin side of this particular shape was not run in this pass, so there is nothing on that side to set beside R's value yet; it is listed as incomplete, not as a documented difference between the two programs.	sweep
c0657	posthoc_g1__g2_diff				NOT DOCUMENTED -- see enforcement/why in reconciliation.tsv		sweep
c0657	posthoc_g1__g2_padj		0.20699170693201752		both sides: no value defined (documented)	This row belongs to the sweep study, a grid of group-count and imbalance shapes that is otherwise checked against R exactly like any other analysis. Here the plugin side of this particular shape was not run in this pass, so there is nothing on that side to set beside R's value yet; it is listed as incomplete, not as a documented difference between the two programs.	sweep
c0657	posthoc_g1__g2_padj				NOT DOCUMENTED -- see enforcement/why in reconciliation.tsv		sweep
c0657	posthoc_g1__g3_ci_high		1.2461806399512447		both sides: no value defined (documented)	This row belongs to the sweep study, a grid of group-count and imbalance shapes that is otherwise checked against R exactly like any other analysis. Here the plugin side of this particular shape was not run in this pass, so there is nothing on that side to set beside R's value yet; it is listed as incomplete, not as a documented difference between the two programs.	sweep
c0657	posthoc_g1__g3_ci_high				NOT DOCUMENTED -- see enforcement/why in reconciliation.tsv		sweep
c0657	posthoc_g1__g3_ci_low		-2.3933658422883184		both sides: no value defined (documented)	This row belongs to the sweep study, a grid of group-count and imbalance shapes that is otherwise checked against R exactly like any other analysis. Here the plugin side of this particular shape was not run in this pass, so there is nothing on that side to set beside R's value yet; it is listed as incomplete, not as a documented difference between the two programs.	sweep
c0657	posthoc_g1__g3_ci_low				NOT DOCUMENTED -- see enforcement/why in reconciliation.tsv		sweep
c0657	posthoc_g1__g3_cohens_d		-0.33376508437694835		both sides: no value defined (documented)	This row belongs to the sweep study, a grid of group-count and imbalance shapes that is otherwise checked against R exactly like any other analysis. Here the plugin side of this particular shape was not run in this pass, so there is nothing on that side to set beside R's value yet; it is listed as incomplete, not as a documented difference between the two programs.	sweep
c0657	posthoc_g1__g3_cohens_d		-0.33376508437694835		both sides: no value defined (documented)	This row belongs to the sweep study, a grid of group-count and imbalance shapes that is otherwise checked against R exactly like any other analysis. Here the plugin side of this particular shape was not run in this pass, so there is nothing on that side to set beside R's value yet; it is listed as incomplete, not as a documented difference between the two programs.	sweep
c0657	posthoc_g1__g3_cohens_d				NOT DOCUMENTED -- see enforcement/why in reconciliation.tsv		sweep
c0657	posthoc_g1__g3_diff		-0.57359260116853683		both sides: no value defined (documented)	This row belongs to the sweep study, a grid of group-count and imbalance shapes that is otherwise checked against R exactly like any other analysis. Here the plugin side of this particular shape was not run in this pass, so there is nothing on that side to set beside R's value yet; it is listed as incomplete, not as a documented difference between the two programs.	sweep
c0657	posthoc_g1__g3_diff				NOT DOCUMENTED -- see enforcement/why in reconciliation.tsv		sweep
c0657	posthoc_g1__g3_padj		0.90079898523356028		both sides: no value defined (documented)	This row belongs to the sweep study, a grid of group-count and imbalance shapes that is otherwise checked against R exactly like any other analysis. Here the plugin side of this particular shape was not run in this pass, so there is nothing on that side to set beside R's value yet; it is listed as incomplete, not as a documented difference between the two programs.	sweep
c0657	posthoc_g1__g3_padj				NOT DOCUMENTED -- see enforcement/why in reconciliation.tsv		sweep
c0657	posthoc_g1__g4_ci_high		-0.99448436142483132		both sides: no value defined (documented)	This row belongs to the sweep study, a grid of group-count and imbalance shapes that is otherwise checked against R exactly like any other analysis. Here the plugin side of this particular shape was not run in this pass, so there is nothing on that side to set beside R's value yet; it is listed as incomplete, not as a documented difference between the two programs.	sweep
c0657	posthoc_g1__g4_ci_high				NOT DOCUMENTED -- see enforcement/why in reconciliation.tsv		sweep
c0657	posthoc_g1__g4_ci_low		-5.2305784553324699		both sides: no value defined (documented)	This row belongs to the sweep study, a grid of group-count and imbalance shapes that is otherwise checked against R exactly like any other analysis. Here the plugin side of this particular shape was not run in this pass, so there is nothing on that side to set beside R's value yet; it is listed as incomplete, not as a documented difference between the two programs.	sweep
c0657	posthoc_g1__g4_ci_low				NOT DOCUMENTED -- see enforcement/why in reconciliation.tsv		sweep
c0657	posthoc_g1__g4_cohens_d		-1.60392408350662		both sides: no value defined (documented)	This row belongs to the sweep study, a grid of group-count and imbalance shapes that is otherwise checked against R exactly like any other analysis. Here the plugin side of this particular shape was not run in this pass, so there is nothing on that side to set beside R's value yet; it is listed as incomplete, not as a documented difference between the two programs.	sweep
c0657	posthoc_g1__g4_cohens_d		-1.60392408350662		both sides: no value defined (documented)	This row belongs to the sweep study, a grid of group-count and imbalance shapes that is otherwise checked against R exactly like any other analysis. Here the plugin side of this particular shape was not run in this pass, so there is nothing on that side to set beside R's value yet; it is listed as incomplete, not as a documented difference between the two programs.	sweep
c0657	posthoc_g1__g4_cohens_d				NOT DOCUMENTED -- see enforcement/why in reconciliation.tsv		sweep
c0657	posthoc_g1__g4_diff		-3.1125314083786506		both sides: no value defined (documented)	This row belongs to the sweep study, a grid of group-count and imbalance shapes that is otherwise checked against R exactly like any other analysis. Here the plugin side of this particular shape was not run in this pass, so there is nothing on that side to set beside R's value yet; it is listed as incomplete, not as a documented difference between the two programs.	sweep
c0657	posthoc_g1__g4_diff				NOT DOCUMENTED -- see enforcement/why in reconciliation.tsv		sweep
c0657	posthoc_g1__g4_padj		0.0010355203350921327		both sides: no value defined (documented)	This row belongs to the sweep study, a grid of group-count and imbalance shapes that is otherwise checked against R exactly like any other analysis. Here the plugin side of this particular shape was not run in this pass, so there is nothing on that side to set beside R's value yet; it is listed as incomplete, not as a documented difference between the two programs.	sweep
c0657	posthoc_g1__g4_padj				NOT DOCUMENTED -- see enforcement/why in reconciliation.tsv		sweep
c0657	posthoc_g1__g5_ci_high		-2.4572265256544883		both sides: no value defined (documented)	This row belongs to the sweep study, a grid of group-count and imbalance shapes that is otherwise checked against R exactly like any other analysis. Here the plugin side of this particular shape was not run in this pass, so there is nothing on that side to set beside R's value yet; it is listed as incomplete, not as a documented difference between the two programs.	sweep
c0657	posthoc_g1__g5_ci_high				NOT DOCUMENTED -- see enforcement/why in reconciliation.tsv		sweep
c0657	posthoc_g1__g5_ci_low		-5.3969659548976159		both sides: no value defined (documented)	This row belongs to the sweep study, a grid of group-count and imbalance shapes that is otherwise checked against R exactly like any other analysis. Here the plugin side of this particular shape was not run in this pass, so there is nothing on that side to set beside R's value yet; it is listed as incomplete, not as a documented difference between the two programs.	sweep
c0657	posthoc_g1__g5_ci_low				NOT DOCUMENTED -- see enforcement/why in reconciliation.tsv		sweep
c0657	posthoc_g1__g5_cohens_d		-2.0991659059515104		both sides: no value defined (documented)	This row belongs to the sweep study, a grid of group-count and imbalance shapes that is otherwise checked against R exactly like any other analysis. Here the plugin side of this particular shape was not run in this pass, so there is nothing on that side to set beside R's value yet; it is listed as incomplete, not as a documented difference between the two programs.	sweep
c0657	posthoc_g1__g5_cohens_d		-2.09916590595151		both sides: no value defined (documented)	This row belongs to the sweep study, a grid of group-count and imbalance shapes that is otherwise checked against R exactly like any other analysis. Here the plugin side of this particular shape was not run in this pass, so there is nothing on that side to set beside R's value yet; it is listed as incomplete, not as a documented difference between the two programs.	sweep
c0657	posthoc_g1__g5_cohens_d				NOT DOCUMENTED -- see enforcement/why in reconciliation.tsv		sweep
c0657	posthoc_g1__g5_diff		-3.9270962402760521		both sides: no value defined (documented)	This row belongs to the sweep study, a grid of group-count and imbalance shapes that is otherwise checked against R exactly like any other analysis. Here the plugin side of this particular shape was not run in this pass, so there is nothing on that side to set beside R's value yet; it is listed as incomplete, not as a documented difference between the two programs.	sweep
c0657	posthoc_g1__g5_diff				NOT DOCUMENTED -- see enforcement/why in reconciliation.tsv		sweep
c0657	posthoc_g1__g5_padj		3.3101431595738973e-09		both sides: no value defined (documented)	This row belongs to the sweep study, a grid of group-count and imbalance shapes that is otherwise checked against R exactly like any other analysis. Here the plugin side of this particular shape was not run in this pass, so there is nothing on that side to set beside R's value yet; it is listed as incomplete, not as a documented difference between the two programs.	sweep
c0657	posthoc_g1__g5_padj				NOT DOCUMENTED -- see enforcement/why in reconciliation.tsv		sweep
c0657	posthoc_g2__g3_ci_high		4.226444842896286		both sides: no value defined (documented)	This row belongs to the sweep study, a grid of group-count and imbalance shapes that is otherwise checked against R exactly like any other analysis. Here the plugin side of this particular shape was not run in this pass, so there is nothing on that side to set beside R's value yet; it is listed as incomplete, not as a documented difference between the two programs.	sweep
c0657	posthoc_g2__g3_ci_high				NOT DOCUMENTED -- see enforcement/why in reconciliation.tsv		sweep
c0657	posthoc_g2__g3_ci_low		-1.3262033456145597		both sides: no value defined (documented)	This row belongs to the sweep study, a grid of group-count and imbalance shapes that is otherwise checked against R exactly like any other analysis. Here the plugin side of this particular shape was not run in this pass, so there is nothing on that side to set beside R's value yet; it is listed as incomplete, not as a documented difference between the two programs.	sweep
c0657	posthoc_g2__g3_ci_low				NOT DOCUMENTED -- see enforcement/why in reconciliation.tsv		sweep
c0657	posthoc_g2__g3_cohens_d		1.3816380487266011		both sides: no value defined (documented)	This row belongs to the sweep study, a grid of group-count and imbalance shapes that is otherwise checked against R exactly like any other analysis. Here the plugin side of this particular shape was not run in this pass, so there is nothing on that side to set beside R's value yet; it is listed as incomplete, not as a documented difference between the two programs.	sweep
c0657	posthoc_g2__g3_cohens_d		1.3816380487266011		both sides: no value defined (documented)	This row belongs to the sweep study, a grid of group-count and imbalance shapes that is otherwise checked against R exactly like any other analysis. Here the plugin side of this particular shape was not run in this pass, so there is nothing on that side to set beside R's value yet; it is listed as incomplete, not as a documented difference between the two programs.	sweep
c0657	posthoc_g2__g3_cohens_d				NOT DOCUMENTED -- see enforcement/why in reconciliation.tsv		sweep
c0657	posthoc_g2__g3_diff		1.4501207486408632		both sides: no value defined (documented)	This row belongs to the sweep study, a grid of group-count and imbalance shapes that is otherwise checked against R exactly like any other analysis. Here the plugin side of this particular shape was not run in this pass, so there is nothing on that side to set beside R's value yet; it is listed as incomplete, not as a documented difference between the two programs.	sweep
c0657	posthoc_g2__g3_diff				NOT DOCUMENTED -- see enforcement/why in reconciliation.tsv		sweep
c0657	posthoc_g2__g3_padj		0.5862746701504572		both sides: no value defined (documented)	This row belongs to the sweep study, a grid of group-count and imbalance shapes that is otherwise checked against R exactly like any other analysis. Here the plugin side of this particular shape was not run in this pass, so there is nothing on that side to set beside R's value yet; it is listed as incomplete, not as a documented difference between the two programs.	sweep
c0657	posthoc_g2__g3_padj				NOT DOCUMENTED -- see enforcement/why in reconciliation.tsv		sweep
c0657	posthoc_g2__g4_ci_high		1.8915383161546506		both sides: no value defined (documented)	This row belongs to the sweep study, a grid of group-count and imbalance shapes that is otherwise checked against R exactly like any other analysis. Here the plugin side of this particular shape was not run in this pass, so there is nothing on that side to set beside R's value yet; it is listed as incomplete, not as a documented difference between the two programs.	sweep
c0657	posthoc_g2__g4_ci_high				NOT DOCUMENTED -- see enforcement/why in reconciliation.tsv		sweep
c0657	posthoc_g2__g4_ci_low		-4.0691744332931519		both sides: no value defined (documented)	This row belongs to the sweep study, a grid of group-count and imbalance shapes that is otherwise checked against R exactly like any other analysis. Here the plugin side of this particular shape was not run in this pass, so there is nothing on that side to set beside R's value yet; it is listed as incomplete, not as a documented difference between the two programs.	sweep
c0657	posthoc_g2__g4_ci_low				NOT DOCUMENTED -- see enforcement/why in reconciliation.tsv		sweep
c0657	posthoc_g2__g4_cohens_d		-0.70955850896699557		both sides: no value defined (documented)	This row belongs to the sweep study, a grid of group-count and imbalance shapes that is otherwise checked against R exactly like any other analysis. Here the plugin side of this particular shape was not run in this pass, so there is nothing on that side to set beside R's value yet; it is listed as incomplete, not as a documented difference between the two programs.	sweep
c0657	posthoc_g2__g4_cohens_d		-0.70955850896699557		both sides: no value defined (documented)	This row belongs to the sweep study, a grid of group-count and imbalance shapes that is otherwise checked against R exactly like any other analysis. Here the plugin side of this particular shape was not run in this pass, so there is nothing on that side to set beside R's value yet; it is listed as incomplete, not as a documented difference between the two programs.	sweep
c0657	posthoc_g2__g4_cohens_d				NOT DOCUMENTED -- see enforcement/why in reconciliation.tsv		sweep
c0657	posthoc_g2__g4_diff		-1.0888180585692506		both sides: no value defined (documented)	This row belongs to the sweep study, a grid of group-count and imbalance shapes that is otherwise checked against R exactly like any other analysis. Here the plugin side of this particular shape was not run in this pass, so there is nothing on that side to set beside R's value yet; it is listed as incomplete, not as a documented difference between the two programs.	sweep
c0657	posthoc_g2__g4_diff				NOT DOCUMENTED -- see enforcement/why in reconciliation.tsv		sweep
c0657	posthoc_g2__g4_padj		0.84167083207930893		both sides: no value defined (documented)	This row belongs to the sweep study, a grid of group-count and imbalance shapes that is otherwise checked against R exactly like any other analysis. Here the plugin side of this particular shape was not run in this pass, so there is nothing on that side to set beside R's value yet; it is listed as incomplete, not as a documented difference between the two programs.	sweep
c0657	posthoc_g2__g4_padj				NOT DOCUMENTED -- see enforcement/why in reconciliation.tsv		sweep
c0657	posthoc_g2__g5_ci_high		0.65726503636930378		both sides: no value defined (documented)	This row belongs to the sweep study, a grid of group-count and imbalance shapes that is otherwise checked against R exactly like any other analysis. Here the plugin side of this particular shape was not run in this pass, so there is nothing on that side to set beside R's value yet; it is listed as incomplete, not as a documented difference between the two programs.	sweep
c0657	posthoc_g2__g5_ci_high				NOT DOCUMENTED -- see enforcement/why in reconciliation.tsv		sweep
c0657	posthoc_g2__g5_ci_low		-4.464030817302608		both sides: no value defined (documented)	This row belongs to the sweep study, a grid of group-count and imbalance shapes that is otherwise checked against R exactly like any other analysis. Here the plugin side of this particular shape was not run in this pass, so there is nothing on that side to set beside R's value yet; it is listed as incomplete, not as a documented difference between the two programs.	sweep
c0657	posthoc_g2__g5_ci_low				NOT DOCUMENTED -- see enforcement/why in reconciliation.tsv		sweep
c0657	posthoc_g2__g5_cohens_d		-1.1193343312321009		both sides: no value defined (documented)	This row belongs to the sweep study, a grid of group-count and imbalance shapes that is otherwise checked against R exactly like any other analysis. Here the plugin side of this particular shape was not run in this pass, so there is nothing on that side to set beside R's value yet; it is listed as incomplete, not as a documented difference between the two programs.	sweep
c0657	posthoc_g2__g5_cohens_d		-1.1193343312321007		both sides: no value defined (documented)	This row belongs to the sweep study, a grid of group-count and imbalance shapes that is otherwise checked against R exactly like any other analysis. Here the plugin side of this particular shape was not run in this pass, so there is nothing on that side to set beside R's value yet; it is listed as incomplete, not as a documented difference between the two programs.	sweep
c0657	posthoc_g2__g5_cohens_d				NOT DOCUMENTED -- see enforcement/why in reconciliation.tsv		sweep
c0657	posthoc_g2__g5_diff		-1.9033828904666521		both sides: no value defined (documented)	This row belongs to the sweep study, a grid of group-count and imbalance shapes that is otherwise checked against R exactly like any other analysis. Here the plugin side of this particular shape was not run in this pass, so there is nothing on that side to set beside R's value yet; it is listed as incomplete, not as a documented difference between the two programs.	sweep
c0657	posthoc_g2__g5_diff				NOT DOCUMENTED -- see enforcement/why in reconciliation.tsv		sweep
c0657	posthoc_g2__g5_padj		0.23761813673243082		both sides: no value defined (documented)	This row belongs to the sweep study, a grid of group-count and imbalance shapes that is otherwise checked against R exactly like any other analysis. Here the plugin side of this particular shape was not run in this pass, so there is nothing on that side to set beside R's value yet; it is listed as incomplete, not as a documented difference between the two programs.	sweep
c0657	posthoc_g2__g5_padj				NOT DOCUMENTED -- see enforcement/why in reconciliation.tsv		sweep
c0657	posthoc_g3__g4_ci_high		-0.23992404038848525		both sides: no value defined (documented)	This row belongs to the sweep study, a grid of group-count and imbalance shapes that is otherwise checked against R exactly like any other analysis. Here the plugin side of this particular shape was not run in this pass, so there is nothing on that side to set beside R's value yet; it is listed as incomplete, not as a documented difference between the two programs.	sweep
c0657	posthoc_g3__g4_ci_high				NOT DOCUMENTED -- see enforcement/why in reconciliation.tsv		sweep
c0657	posthoc_g3__g4_ci_low		-4.8379535740317419		both sides: no value defined (documented)	This row belongs to the sweep study, a grid of group-count and imbalance shapes that is otherwise checked against R exactly like any other analysis. Here the plugin side of this particular shape was not run in this pass, so there is nothing on that side to set beside R's value yet; it is listed as incomplete, not as a documented difference between the two programs.	sweep
c0657	posthoc_g3__g4_ci_low				NOT DOCUMENTED -- see enforcement/why in reconciliation.tsv		sweep
c0657	posthoc_g3__g4_cohens_d		-2.2423624149961392		both sides: no value defined (documented)	This row belongs to the sweep study, a grid of group-count and imbalance shapes that is otherwise checked against R exactly like any other analysis. Here the plugin side of this particular shape was not run in this pass, so there is nothing on that side to set beside R's value yet; it is listed as incomplete, not as a documented difference between the two programs.	sweep
c0657	posthoc_g3__g4_cohens_d		-2.2423624149961392		both sides: no value defined (documented)	This row belongs to the sweep study, a grid of group-count and imbalance shapes that is otherwise checked against R exactly like any other analysis. Here the plugin side of this particular shape was not run in this pass, so there is nothing on that side to set beside R's value yet; it is listed as incomplete, not as a documented difference between the two programs.	sweep
c0657	posthoc_g3__g4_cohens_d				NOT DOCUMENTED -- see enforcement/why in reconciliation.tsv		sweep
c0657	posthoc_g3__g4_diff		-2.5389388072101138		both sides: no value defined (documented)	This row belongs to the sweep study, a grid of group-count and imbalance shapes that is otherwise checked against R exactly like any other analysis. Here the plugin side of this particular shape was not run in this pass, so there is nothing on that side to set beside R's value yet; it is listed as incomplete, not as a documented difference between the two programs.	sweep
c0657	posthoc_g3__g4_diff				NOT DOCUMENTED -- see enforcement/why in reconciliation.tsv		sweep
c0657	posthoc_g3__g4_padj		0.023313744182463125		both sides: no value defined (documented)	This row belongs to the sweep study, a grid of group-count and imbalance shapes that is otherwise checked against R exactly like any other analysis. Here the plugin side of this particular shape was not run in this pass, so there is nothing on that side to set beside R's value yet; it is listed as incomplete, not as a documented difference between the two programs.	sweep
c0657	posthoc_g3__g4_padj				NOT DOCUMENTED -- see enforcement/why in reconciliation.tsv		sweep
c0657	posthoc_g3__g5_ci_high		-1.6330785221914121		both sides: no value defined (documented)	This row belongs to the sweep study, a grid of group-count and imbalance shapes that is otherwise checked against R exactly like any other analysis. Here the plugin side of this particular shape was not run in this pass, so there is nothing on that side to set beside R's value yet; it is listed as incomplete, not as a documented difference between the two programs.	sweep
c0657	posthoc_g3__g5_ci_high				NOT DOCUMENTED -- see enforcement/why in reconciliation.tsv		sweep
c0657	posthoc_g3__g5_ci_low		-5.0739287560236184		both sides: no value defined (documented)	This row belongs to the sweep study, a grid of group-count and imbalance shapes that is otherwise checked against R exactly like any other analysis. Here the plugin side of this particular shape was not run in this pass, so there is nothing on that side to set beside R's value yet; it is listed as incomplete, not as a documented difference between the two programs.	sweep
c0657	posthoc_g3__g5_ci_low				NOT DOCUMENTED -- see enforcement/why in reconciliation.tsv		sweep
c0657	posthoc_g3__g5_cohens_d		-2.2227450247666463		both sides: no value defined (documented)	This row belongs to the sweep study, a grid of group-count and imbalance shapes that is otherwise checked against R exactly like any other analysis. Here the plugin side of this particular shape was not run in this pass, so there is nothing on that side to set beside R's value yet; it is listed as incomplete, not as a documented difference between the two programs.	sweep
c0657	posthoc_g3__g5_cohens_d		-2.2227450247666467		both sides: no value defined (documented)	This row belongs to the sweep study, a grid of group-count and imbalance shapes that is otherwise checked against R exactly like any other analysis. Here the plugin side of this particular shape was not run in this pass, so there is nothing on that side to set beside R's value yet; it is listed as incomplete, not as a documented difference between the two programs.	sweep
c0657	posthoc_g3__g5_cohens_d				NOT DOCUMENTED -- see enforcement/why in reconciliation.tsv		sweep
c0657	posthoc_g3__g5_diff		-3.3535036391075153		both sides: no value defined (documented)	This row belongs to the sweep study, a grid of group-count and imbalance shapes that is otherwise checked against R exactly like any other analysis. Here the plugin side of this particular shape was not run in this pass, so there is nothing on that side to set beside R's value yet; it is listed as incomplete, not as a documented difference between the two programs.	sweep
c0657	posthoc_g3__g5_diff				NOT DOCUMENTED -- see enforcement/why in reconciliation.tsv		sweep
c0657	posthoc_g3__g5_padj		8.5879508048281039e-06		both sides: no value defined (documented)	This row belongs to the sweep study, a grid of group-count and imbalance shapes that is otherwise checked against R exactly like any other analysis. Here the plugin side of this particular shape was not run in this pass, so there is nothing on that side to set beside R's value yet; it is listed as incomplete, not as a documented difference between the two programs.	sweep
c0657	posthoc_g3__g5_padj				NOT DOCUMENTED -- see enforcement/why in reconciliation.tsv		sweep
c0657	posthoc_g4__g5_ci_high		1.218760333178265		both sides: no value defined (documented)	This row belongs to the sweep study, a grid of group-count and imbalance shapes that is otherwise checked against R exactly like any other analysis. Here the plugin side of this particular shape was not run in this pass, so there is nothing on that side to set beside R's value yet; it is listed as incomplete, not as a documented difference between the two programs.	sweep
c0657	posthoc_g4__g5_ci_high				NOT DOCUMENTED -- see enforcement/why in reconciliation.tsv		sweep
c0657	posthoc_g4__g5_ci_low		-2.847889996973068		both sides: no value defined (documented)	This row belongs to the sweep study, a grid of group-count and imbalance shapes that is otherwise checked against R exactly like any other analysis. Here the plugin side of this particular shape was not run in this pass, so there is nothing on that side to set beside R's value yet; it is listed as incomplete, not as a documented difference between the two programs.	sweep
c0657	posthoc_g4__g5_ci_low				NOT DOCUMENTED -- see enforcement/why in reconciliation.tsv		sweep
c0657	posthoc_g4__g5_cohens_d		-0.4860330953434373		both sides: no value defined (documented)	This row belongs to the sweep study, a grid of group-count and imbalance shapes that is otherwise checked against R exactly like any other analysis. Here the plugin side of this particular shape was not run in this pass, so there is nothing on that side to set beside R's value yet; it is listed as incomplete, not as a documented difference between the two programs.	sweep
c0657	posthoc_g4__g5_cohens_d		-0.4860330953434373		both sides: no value defined (documented)	This row belongs to the sweep study, a grid of group-count and imbalance shapes that is otherwise checked against R exactly like any other analysis. Here the plugin side of this particular shape was not run in this pass, so there is nothing on that side to set beside R's value yet; it is listed as incomplete, not as a documented difference between the two programs.	sweep
c0657	posthoc_g4__g5_cohens_d				NOT DOCUMENTED -- see enforcement/why in reconciliation.tsv		sweep
c0657	posthoc_g4__g5_diff		-0.81456483189740148		both sides: no value defined (documented)	This row belongs to the sweep study, a grid of group-count and imbalance shapes that is otherwise checked against R exactly like any other analysis. Here the plugin side of this particular shape was not run in this pass, so there is nothing on that side to set beside R's value yet; it is listed as incomplete, not as a documented difference between the two programs.	sweep
c0657	posthoc_g4__g5_diff				NOT DOCUMENTED -- see enforcement/why in reconciliation.tsv		sweep
c0657	posthoc_g4__g5_padj		0.7918305342132419		both sides: no value defined (documented)	This row belongs to the sweep study, a grid of group-count and imbalance shapes that is otherwise checked against R exactly like any other analysis. Here the plugin side of this particular shape was not run in this pass, so there is nothing on that side to set beside R's value yet; it is listed as incomplete, not as a documented difference between the two programs.	sweep
c0657	posthoc_g4__g5_padj				NOT DOCUMENTED -- see enforcement/why in reconciliation.tsv		sweep
c0657	ss_between		195.59611800897193		both sides: no value defined (documented)	This row belongs to the sweep study, a grid of group-count and imbalance shapes that is otherwise checked against R exactly like any other analysis. Here the plugin side of this particular shape was not run in this pass, so there is nothing on that side to set beside R's value yet; it is listed as incomplete, not as a documented difference between the two programs.	sweep
c0657	ss_between				NOT DOCUMENTED -- see enforcement/why in reconciliation.tsv		sweep
c0657	ss_total		367.10257265769155		both sides: no value defined (documented)	This row belongs to the sweep study, a grid of group-count and imbalance shapes that is otherwise checked against R exactly like any other analysis. Here the plugin side of this particular shape was not run in this pass, so there is nothing on that side to set beside R's value yet; it is listed as incomplete, not as a documented difference between the two programs.	sweep
c0657	ss_total				NOT DOCUMENTED -- see enforcement/why in reconciliation.tsv		sweep
c0657	ss_within		171.50645464871965		both sides: no value defined (documented)	This row belongs to the sweep study, a grid of group-count and imbalance shapes that is otherwise checked against R exactly like any other analysis. Here the plugin side of this particular shape was not run in this pass, so there is nothing on that side to set beside R's value yet; it is listed as incomplete, not as a documented difference between the two programs.	sweep
c0657	ss_within				NOT DOCUMENTED -- see enforcement/why in reconciliation.tsv		sweep
c0658	df		4		both sides: no value defined (documented)	This row belongs to the sweep study, a grid of group-count and imbalance shapes that is otherwise checked against R exactly like any other analysis. Here the plugin side of this particular shape was not run in this pass, so there is nothing on that side to set beside R's value yet; it is listed as incomplete, not as a documented difference between the two programs.	sweep
c0658	df				NOT DOCUMENTED -- see enforcement/why in reconciliation.tsv		sweep
c0658	epsilon_squared		0.57074291112927433		both sides: no value defined (documented)	This row belongs to the sweep study, a grid of group-count and imbalance shapes that is otherwise checked against R exactly like any other analysis. Here the plugin side of this particular shape was not run in this pass, so there is nothing on that side to set beside R's value yet; it is listed as incomplete, not as a documented difference between the two programs.	sweep
c0658	epsilon_squared				NOT DOCUMENTED -- see enforcement/why in reconciliation.tsv		sweep
c0658	eta_squared		0.5421257718712259		reported by R only (documented)	For the Kruskal-Wallis test R reports eta-squared and the plugin reports epsilon-squared. Both summarise the same effect, neither is derivable from the other, and each side reports its own choice.	sweep
c0658	eta_squared		0.5421257718712259		reported by R only (documented)	For the Kruskal-Wallis test R reports eta-squared and the plugin reports epsilon-squared. Both summarise the same effect, neither is derivable from the other, and each side reports its own choice.	sweep
c0658	h		36.527546312273557		both sides: no value defined (documented)	This row belongs to the sweep study, a grid of group-count and imbalance shapes that is otherwise checked against R exactly like any other analysis. Here the plugin side of this particular shape was not run in this pass, so there is nothing on that side to set beside R's value yet; it is listed as incomplete, not as a documented difference between the two programs.	sweep
c0658	h				NOT DOCUMENTED -- see enforcement/why in reconciliation.tsv		sweep
c0658	n		65		both sides: no value defined (documented)	This row belongs to the sweep study, a grid of group-count and imbalance shapes that is otherwise checked against R exactly like any other analysis. Here the plugin side of this particular shape was not run in this pass, so there is nothing on that side to set beside R's value yet; it is listed as incomplete, not as a documented difference between the two programs.	sweep
c0658	n				NOT DOCUMENTED -- see enforcement/why in reconciliation.tsv		sweep
c0658	p		2.2536447361298893e-07		both sides: no value defined (documented)	This row belongs to the sweep study, a grid of group-count and imbalance shapes that is otherwise checked against R exactly like any other analysis. Here the plugin side of this particular shape was not run in this pass, so there is nothing on that side to set beside R's value yet; it is listed as incomplete, not as a documented difference between the two programs.	sweep
c0658	p				NOT DOCUMENTED -- see enforcement/why in reconciliation.tsv		sweep
c0659	df_between		4		both sides: no value defined (documented)	This row belongs to the sweep study, a grid of group-count and imbalance shapes that is otherwise checked against R exactly like any other analysis. Here the plugin side of this particular shape was not run in this pass, so there is nothing on that side to set beside R's value yet; it is listed as incomplete, not as a documented difference between the two programs.	sweep
c0659	df_between				NOT DOCUMENTED -- see enforcement/why in reconciliation.tsv		sweep
c0659	df_within		55		both sides: no value defined (documented)	This row belongs to the sweep study, a grid of group-count and imbalance shapes that is otherwise checked against R exactly like any other analysis. Here the plugin side of this particular shape was not run in this pass, so there is nothing on that side to set beside R's value yet; it is listed as incomplete, not as a documented difference between the two programs.	sweep
c0659	df_within				NOT DOCUMENTED -- see enforcement/why in reconciliation.tsv		sweep
c0659	eta_squared		0.42772873035353737		both sides: no value defined (documented)	This row belongs to the sweep study, a grid of group-count and imbalance shapes that is otherwise checked against R exactly like any other analysis. Here the plugin side of this particular shape was not run in this pass, so there is nothing on that side to set beside R's value yet; it is listed as incomplete, not as a documented difference between the two programs.	sweep
c0659	eta_squared		0.42772873035353737		both sides: no value defined (documented)	This row belongs to the sweep study, a grid of group-count and imbalance shapes that is otherwise checked against R exactly like any other analysis. Here the plugin side of this particular shape was not run in this pass, so there is nothing on that side to set beside R's value yet; it is listed as incomplete, not as a documented difference between the two programs.	sweep
c0659	eta_squared				NOT DOCUMENTED -- see enforcement/why in reconciliation.tsv		sweep
c0659	f		10.277066758906953		both sides: no value defined (documented)	This row belongs to the sweep study, a grid of group-count and imbalance shapes that is otherwise checked against R exactly like any other analysis. Here the plugin side of this particular shape was not run in this pass, so there is nothing on that side to set beside R's value yet; it is listed as incomplete, not as a documented difference between the two programs.	sweep
c0659	f				NOT DOCUMENTED -- see enforcement/why in reconciliation.tsv		sweep
c0659	ms_between		45.016666666666666		both sides: no value defined (documented)	This row belongs to the sweep study, a grid of group-count and imbalance shapes that is otherwise checked against R exactly like any other analysis. Here the plugin side of this particular shape was not run in this pass, so there is nothing on that side to set beside R's value yet; it is listed as incomplete, not as a documented difference between the two programs.	sweep
c0659	ms_between				NOT DOCUMENTED -- see enforcement/why in reconciliation.tsv		sweep
c0659	ms_within		4.3803030303030299		both sides: no value defined (documented)	This row belongs to the sweep study, a grid of group-count and imbalance shapes that is otherwise checked against R exactly like any other analysis. Here the plugin side of this particular shape was not run in this pass, so there is nothing on that side to set beside R's value yet; it is listed as incomplete, not as a documented difference between the two programs.	sweep
c0659	ms_within				NOT DOCUMENTED -- see enforcement/why in reconciliation.tsv		sweep
c0659	n		60		both sides: no value defined (documented)	This row belongs to the sweep study, a grid of group-count and imbalance shapes that is otherwise checked against R exactly like any other analysis. Here the plugin side of this particular shape was not run in this pass, so there is nothing on that side to set beside R's value yet; it is listed as incomplete, not as a documented difference between the two programs.	sweep
c0659	n				NOT DOCUMENTED -- see enforcement/why in reconciliation.tsv		sweep
c0659	p		2.7541688013570727e-06		both sides: no value defined (documented)	This row belongs to the sweep study, a grid of group-count and imbalance shapes that is otherwise checked against R exactly like any other analysis. Here the plugin side of this particular shape was not run in this pass, so there is nothing on that side to set beside R's value yet; it is listed as incomplete, not as a documented difference between the two programs.	sweep
c0659	p				NOT DOCUMENTED -- see enforcement/why in reconciliation.tsv		sweep
c0659	posthoc_g1__g2_ci_high		0.99310558582133668		both sides: no value defined (documented)	This row belongs to the sweep study, a grid of group-count and imbalance shapes that is otherwise checked against R exactly like any other analysis. Here the plugin side of this particular shape was not run in this pass, so there is nothing on that side to set beside R's value yet; it is listed as incomplete, not as a documented difference between the two programs.	sweep
c0659	posthoc_g1__g2_ci_high				NOT DOCUMENTED -- see enforcement/why in reconciliation.tsv		sweep
c0659	posthoc_g1__g2_ci_low		-3.8264389191546759		both sides: no value defined (documented)	This row belongs to the sweep study, a grid of group-count and imbalance shapes that is otherwise checked against R exactly like any other analysis. Here the plugin side of this particular shape was not run in this pass, so there is nothing on that side to set beside R's value yet; it is listed as incomplete, not as a documented difference between the two programs.	sweep
c0659	posthoc_g1__g2_ci_low				NOT DOCUMENTED -- see enforcement/why in reconciliation.tsv		sweep
c0659	posthoc_g1__g2_cohens_d		-0.81229142036474389		both sides: no value defined (documented)	This row belongs to the sweep study, a grid of group-count and imbalance shapes that is otherwise checked against R exactly like any other analysis. Here the plugin side of this particular shape was not run in this pass, so there is nothing on that side to set beside R's value yet; it is listed as incomplete, not as a documented difference between the two programs.	sweep
c0659	posthoc_g1__g2_cohens_d		-0.81229142036474378		both sides: no value defined (documented)	This row belongs to the sweep study, a grid of group-count and imbalance shapes that is otherwise checked against R exactly like any other analysis. Here the plugin side of this particular shape was not run in this pass, so there is nothing on that side to set beside R's value yet; it is listed as incomplete, not as a documented difference between the two programs.	sweep
c0659	posthoc_g1__g2_cohens_d				NOT DOCUMENTED -- see enforcement/why in reconciliation.tsv		sweep
c0659	posthoc_g1__g2_diff		-1.4166666666666696		both sides: no value defined (documented)	This row belongs to the sweep study, a grid of group-count and imbalance shapes that is otherwise checked against R exactly like any other analysis. Here the plugin side of this particular shape was not run in this pass, so there is nothing on that side to set beside R's value yet; it is listed as incomplete, not as a documented difference between the two programs.	sweep
c0659	posthoc_g1__g2_diff				NOT DOCUMENTED -- see enforcement/why in reconciliation.tsv		sweep
c0659	posthoc_g1__g2_padj		0.46788441993693175		both sides: no value defined (documented)	This row belongs to the sweep study, a grid of group-count and imbalance shapes that is otherwise checked against R exactly like any other analysis. Here the plugin side of this particular shape was not run in this pass, so there is nothing on that side to set beside R's value yet; it is listed as incomplete, not as a documented difference between the two programs.	sweep
c0659	posthoc_g1__g2_padj				NOT DOCUMENTED -- see enforcement/why in reconciliation.tsv		sweep
c0659	posthoc_g1__g3_ci_high		-0.34022774751199369		both sides: no value defined (documented)	This row belongs to the sweep study, a grid of group-count and imbalance shapes that is otherwise checked against R exactly like any other analysis. Here the plugin side of this particular shape was not run in this pass, so there is nothing on that side to set beside R's value yet; it is listed as incomplete, not as a documented difference between the two programs.	sweep
c0659	posthoc_g1__g3_ci_high				NOT DOCUMENTED -- see enforcement/why in reconciliation.tsv		sweep
c0659	posthoc_g1__g3_ci_low		-5.1597722524880059		both sides: no value defined (documented)	This row belongs to the sweep study, a grid of group-count and imbalance shapes that is otherwise checked against R exactly like any other analysis. Here the plugin side of this particular shape was not run in this pass, so there is nothing on that side to set beside R's value yet; it is listed as incomplete, not as a documented difference between the two programs.	sweep
c0659	posthoc_g1__g3_ci_low				NOT DOCUMENTED -- see enforcement/why in reconciliation.tsv		sweep
c0659	posthoc_g1__g3_cohens_d		-1.795929700600553		both sides: no value defined (documented)	This row belongs to the sweep study, a grid of group-count and imbalance shapes that is otherwise checked against R exactly like any other analysis. Here the plugin side of this particular shape was not run in this pass, so there is nothing on that side to set beside R's value yet; it is listed as incomplete, not as a documented difference between the two programs.	sweep
c0659	posthoc_g1__g3_cohens_d		-1.795929700600553		both sides: no value defined (documented)	This row belongs to the sweep study, a grid of group-count and imbalance shapes that is otherwise checked against R exactly like any other analysis. Here the plugin side of this particular shape was not run in this pass, so there is nothing on that side to set beside R's value yet; it is listed as incomplete, not as a documented difference between the two programs.	sweep
c0659	posthoc_g1__g3_cohens_d				NOT DOCUMENTED -- see enforcement/why in reconciliation.tsv		sweep
c0659	posthoc_g1__g3_diff		-2.75		both sides: no value defined (documented)	This row belongs to the sweep study, a grid of group-count and imbalance shapes that is otherwise checked against R exactly like any other analysis. Here the plugin side of this particular shape was not run in this pass, so there is nothing on that side to set beside R's value yet; it is listed as incomplete, not as a documented difference between the two programs.	sweep
c0659	posthoc_g1__g3_diff				NOT DOCUMENTED -- see enforcement/why in reconciliation.tsv		sweep
c0659	posthoc_g1__g3_padj		0.017683532988979622		both sides: no value defined (documented)	This row belongs to the sweep study, a grid of group-count and imbalance shapes that is otherwise checked against R exactly like any other analysis. Here the plugin side of this particular shape was not run in this pass, so there is nothing on that side to set beside R's value yet; it is listed as incomplete, not as a documented difference between the two programs.	sweep
c0659	posthoc_g1__g3_padj				NOT DOCUMENTED -- see enforcement/why in reconciliation.tsv		sweep
c0659	posthoc_g1__g4_ci_high		-1.6735610808453258		both sides: no value defined (documented)	This row belongs to the sweep study, a grid of group-count and imbalance shapes that is otherwise checked against R exactly like any other analysis. Here the plugin side of this particular shape was not run in this pass, so there is nothing on that side to set beside R's value yet; it is listed as incomplete, not as a documented difference between the two programs.	sweep
c0659	posthoc_g1__g4_ci_high				NOT DOCUMENTED -- see enforcement/why in reconciliation.tsv		sweep
c0659	posthoc_g1__g4_ci_low		-6.493105585821338		both sides: no value defined (documented)	This row belongs to the sweep study, a grid of group-count and imbalance shapes that is otherwise checked against R exactly like any other analysis. Here the plugin side of this particular shape was not run in this pass, so there is nothing on that side to set beside R's value yet; it is listed as incomplete, not as a documented difference between the two programs.	sweep
c0659	posthoc_g1__g4_ci_low				NOT DOCUMENTED -- see enforcement/why in reconciliation.tsv		sweep
c0659	posthoc_g1__g4_cohens_d		-1.8639252429305964		both sides: no value defined (documented)	This row belongs to the sweep study, a grid of group-count and imbalance shapes that is otherwise checked against R exactly like any other analysis. Here the plugin side of this particular shape was not run in this pass, so there is nothing on that side to set beside R's value yet; it is listed as incomplete, not as a documented difference between the two programs.	sweep
c0659	posthoc_g1__g4_cohens_d		-1.8639252429305968		both sides: no value defined (documented)	This row belongs to the sweep study, a grid of group-count and imbalance shapes that is otherwise checked against R exactly like any other analysis. Here the plugin side of this particular shape was not run in this pass, so there is nothing on that side to set beside R's value yet; it is listed as incomplete, not as a documented difference between the two programs.	sweep
c0659	posthoc_g1__g4_cohens_d				NOT DOCUMENTED -- see enforcement/why in reconciliation.tsv		sweep
c0659	posthoc_g1__g4_diff		-4.0833333333333321		both sides: no value defined (documented)	This row belongs to the sweep study, a grid of group-count and imbalance shapes that is otherwise checked against R exactly like any other analysis. Here the plugin side of this particular shape was not run in this pass, so there is nothing on that side to set beside R's value yet; it is listed as incomplete, not as a documented difference between the two programs.	sweep
c0659	posthoc_g1__g4_diff				NOT DOCUMENTED -- see enforcement/why in reconciliation.tsv		sweep
c0659	posthoc_g1__g4_padj		0.00012829372281486506		both sides: no value defined (documented)	This row belongs to the sweep study, a grid of group-count and imbalance shapes that is otherwise checked against R exactly like any other analysis. Here the plugin side of this particular shape was not run in this pass, so there is nothing on that side to set beside R's value yet; it is listed as incomplete, not as a documented difference between the two programs.	sweep
c0659	posthoc_g1__g4_padj				NOT DOCUMENTED -- see enforcement/why in reconciliation.tsv		sweep
c0659	posthoc_g1__g5_ci_high		-2.3402277475119955		both sides: no value defined (documented)	This row belongs to the sweep study, a grid of group-count and imbalance shapes that is otherwise checked against R exactly like any other analysis. Here the plugin side of this particular shape was not run in this pass, so there is nothing on that side to set beside R's value yet; it is listed as incomplete, not as a documented difference between the two programs.	sweep
c0659	posthoc_g1__g5_ci_high				NOT DOCUMENTED -- see enforcement/why in reconciliation.tsv		sweep
c0659	posthoc_g1__g5_ci_low		-7.1597722524880076		both sides: no value defined (documented)	This row belongs to the sweep study, a grid of group-count and imbalance shapes that is otherwise checked against R exactly like any other analysis. Here the plugin side of this particular shape was not run in this pass, so there is nothing on that side to set beside R's value yet; it is listed as incomplete, not as a documented difference between the two programs.	sweep
c0659	posthoc_g1__g5_ci_low				NOT DOCUMENTED -- see enforcement/why in reconciliation.tsv		sweep
c0659	posthoc_g1__g5_cohens_d		-2.7100989375927416		both sides: no value defined (documented)	This row belongs to the sweep study, a grid of group-count and imbalance shapes that is otherwise checked against R exactly like any other analysis. Here the plugin side of this particular shape was not run in this pass, so there is nothing on that side to set beside R's value yet; it is listed as incomplete, not as a documented difference between the two programs.	sweep
c0659	posthoc_g1__g5_cohens_d		-2.7100989375927416		both sides: no value defined (documented)	This row belongs to the sweep study, a grid of group-count and imbalance shapes that is otherwise checked against R exactly like any other analysis. Here the plugin side of this particular shape was not run in this pass, so there is nothing on that side to set beside R's value yet; it is listed as incomplete, not as a documented difference between the two programs.	sweep
c0659	posthoc_g1__g5_cohens_d				NOT DOCUMENTED -- see enforcement/why in reconciliation.tsv		sweep
c0659	posthoc_g1__g5_diff		-4.7500000000000018		both sides: no value defined (documented)	This row belongs to the sweep study, a grid of group-count and imbalance shapes that is otherwise checked against R exactly like any other analysis. Here the plugin side of this particular shape was not run in this pass, so there is nothing on that side to set beside R's value yet; it is listed as incomplete, not as a documented difference between the two programs.	sweep
c0659	posthoc_g1__g5_diff				NOT DOCUMENTED -- see enforcement/why in reconciliation.tsv		sweep
c0659	posthoc_g1__g5_padj		7.959036362303884e-06		both sides: no value defined (documented)	This row belongs to the sweep study, a grid of group-count and imbalance shapes that is otherwise checked against R exactly like any other analysis. Here the plugin side of this particular shape was not run in this pass, so there is nothing on that side to set beside R's value yet; it is listed as incomplete, not as a documented difference between the two programs.	sweep
c0659	posthoc_g1__g5_padj				NOT DOCUMENTED -- see enforcement/why in reconciliation.tsv		sweep
c0659	posthoc_g2__g3_ci_high		1.0764389191546759		both sides: no value defined (documented)	This row belongs to the sweep study, a grid of group-count and imbalance shapes that is otherwise checked against R exactly like any other analysis. Here the plugin side of this particular shape was not run in this pass, so there is nothing on that side to set beside R's value yet; it is listed as incomplete, not as a documented difference between the two programs.	sweep
c0659	posthoc_g2__g3_ci_high				NOT DOCUMENTED -- see enforcement/why in reconciliation.tsv		sweep
c0659	posthoc_g2__g3_ci_low		-3.7431055858213367		both sides: no value defined (documented)	This row belongs to the sweep study, a grid of group-count and imbalance shapes that is otherwise checked against R exactly like any other analysis. Here the plugin side of this particular shape was not run in this pass, so there is nothing on that side to set beside R's value yet; it is listed as incomplete, not as a documented difference between the two programs.	sweep
c0659	posthoc_g2__g3_ci_low				NOT DOCUMENTED -- see enforcement/why in reconciliation.tsv		sweep
c0659	posthoc_g2__g3_cohens_d		-0.67966334108722404		both sides: no value defined (documented)	This row belongs to the sweep study, a grid of group-count and imbalance shapes that is otherwise checked against R exactly like any other analysis. Here the plugin side of this particular shape was not run in this pass, so there is nothing on that side to set beside R's value yet; it is listed as incomplete, not as a documented difference between the two programs.	sweep
c0659	posthoc_g2__g3_cohens_d		-0.67966334108722404		both sides: no value defined (documented)	This row belongs to the sweep study, a grid of group-count and imbalance shapes that is otherwise checked against R exactly like any other analysis. Here the plugin side of this particular shape was not run in this pass, so there is nothing on that side to set beside R's value yet; it is listed as incomplete, not as a documented difference between the two programs.	sweep
c0659	posthoc_g2__g3_cohens_d				NOT DOCUMENTED -- see enforcement/why in reconciliation.tsv		sweep
c0659	posthoc_g2__g3_diff		-1.3333333333333304		both sides: no value defined (documented)	This row belongs to the sweep study, a grid of group-count and imbalance shapes that is otherwise checked against R exactly like any other analysis. Here the plugin side of this particular shape was not run in this pass, so there is nothing on that side to set beside R's value yet; it is listed as incomplete, not as a documented difference between the two programs.	sweep
c0659	posthoc_g2__g3_diff				NOT DOCUMENTED -- see enforcement/why in reconciliation.tsv		sweep
c0659	posthoc_g2__g3_padj		0.52858971687386713		both sides: no value defined (documented)	This row belongs to the sweep study, a grid of group-count and imbalance shapes that is otherwise checked against R exactly like any other analysis. Here the plugin side of this particular shape was not run in this pass, so there is nothing on that side to set beside R's value yet; it is listed as incomplete, not as a documented difference between the two programs.	sweep
c0659	posthoc_g2__g3_padj				NOT DOCUMENTED -- see enforcement/why in reconciliation.tsv		sweep
c0659	posthoc_g2__g4_ci_high		-0.25689441417865622		both sides: no value defined (documented)	This row belongs to the sweep study, a grid of group-count and imbalance shapes that is otherwise checked against R exactly like any other analysis. Here the plugin side of this particular shape was not run in this pass, so there is nothing on that side to set beside R's value yet; it is listed as incomplete, not as a documented difference between the two programs.	sweep
c0659	posthoc_g2__g4_ci_high				NOT DOCUMENTED -- see enforcement/why in reconciliation.tsv		sweep
c0659	posthoc_g2__g4_ci_low		-5.0764389191546684		both sides: no value defined (documented)	This row belongs to the sweep study, a grid of group-count and imbalance shapes that is otherwise checked against R exactly like any other analysis. Here the plugin side of this particular shape was not run in this pass, so there is nothing on that side to set beside R's value yet; it is listed as incomplete, not as a documented difference between the two programs.	sweep
c0659	posthoc_g2__g4_ci_low				NOT DOCUMENTED -- see enforcement/why in reconciliation.tsv		sweep
c0659	posthoc_g2__g4_cohens_d		-1.0621700090875885		both sides: no value defined (documented)	This row belongs to the sweep study, a grid of group-count and imbalance shapes that is otherwise checked against R exactly like any other analysis. Here the plugin side of this particular shape was not run in this pass, so there is nothing on that side to set beside R's value yet; it is listed as incomplete, not as a documented difference between the two programs.	sweep
c0659	posthoc_g2__g4_cohens_d		-1.0621700090875885		both sides: no value defined (documented)	This row belongs to the sweep study, a grid of group-count and imbalance shapes that is otherwise checked against R exactly like any other analysis. Here the plugin side of this particular shape was not run in this pass, so there is nothing on that side to set beside R's value yet; it is listed as incomplete, not as a documented difference between the two programs.	sweep
c0659	posthoc_g2__g4_cohens_d				NOT DOCUMENTED -- see enforcement/why in reconciliation.tsv		sweep
c0659	posthoc_g2__g4_diff		-2.6666666666666625		both sides: no value defined (documented)	This row belongs to the sweep study, a grid of group-count and imbalance shapes that is otherwise checked against R exactly like any other analysis. Here the plugin side of this particular shape was not run in this pass, so there is nothing on that side to set beside R's value yet; it is listed as incomplete, not as a documented difference between the two programs.	sweep
c0659	posthoc_g2__g4_diff				NOT DOCUMENTED -- see enforcement/why in reconciliation.tsv		sweep
c0659	posthoc_g2__g4_padj		0.023050135566599073		both sides: no value defined (documented)	This row belongs to the sweep study, a grid of group-count and imbalance shapes that is otherwise checked against R exactly like any other analysis. Here the plugin side of this particular shape was not run in this pass, so there is nothing on that side to set beside R's value yet; it is listed as incomplete, not as a documented difference between the two programs.	sweep
c0659	posthoc_g2__g4_padj				NOT DOCUMENTED -- see enforcement/why in reconciliation.tsv		sweep
c0659	posthoc_g2__g5_ci_high		-0.92356108084532584		both sides: no value defined (documented)	This row belongs to the sweep study, a grid of group-count and imbalance shapes that is otherwise checked against R exactly like any other analysis. Here the plugin side of this particular shape was not run in this pass, so there is nothing on that side to set beside R's value yet; it is listed as incomplete, not as a documented difference between the two programs.	sweep
c0659	posthoc_g2__g5_ci_high				NOT DOCUMENTED -- see enforcement/why in reconciliation.tsv		sweep
c0659	posthoc_g2__g5_ci_low		-5.743105585821338		both sides: no value defined (documented)	This row belongs to the sweep study, a grid of group-count and imbalance shapes that is otherwise checked against R exactly like any other analysis. Here the plugin side of this particular shape was not run in this pass, so there is nothing on that side to set beside R's value yet; it is listed as incomplete, not as a documented difference between the two programs.	sweep
c0659	posthoc_g2__g5_ci_low				NOT DOCUMENTED -- see enforcement/why in reconciliation.tsv		sweep
c0659	posthoc_g2__g5_cohens_d		-1.5582862608135188		both sides: no value defined (documented)	This row belongs to the sweep study, a grid of group-count and imbalance shapes that is otherwise checked against R exactly like any other analysis. Here the plugin side of this particular shape was not run in this pass, so there is nothing on that side to set beside R's value yet; it is listed as incomplete, not as a documented difference between the two programs.	sweep
c0659	posthoc_g2__g5_cohens_d		-1.5582862608135186		both sides: no value defined (documented)	This row belongs to the sweep study, a grid of group-count and imbalance shapes that is otherwise checked against R exactly like any other analysis. Here the plugin side of this particular shape was not run in this pass, so there is nothing on that side to set beside R's value yet; it is listed as incomplete, not as a documented difference between the two programs.	sweep
c0659	posthoc_g2__g5_cohens_d				NOT DOCUMENTED -- see enforcement/why in reconciliation.tsv		sweep
c0659	posthoc_g2__g5_diff		-3.3333333333333321		both sides: no value defined (documented)	This row belongs to the sweep study, a grid of group-count and imbalance shapes that is otherwise checked against R exactly like any other analysis. Here the plugin side of this particular shape was not run in this pass, so there is nothing on that side to set beside R's value yet; it is listed as incomplete, not as a documented difference between the two programs.	sweep
c0659	posthoc_g2__g5_diff				NOT DOCUMENTED -- see enforcement/why in reconciliation.tsv		sweep
c0659	posthoc_g2__g5_padj		0.002354228807245673		both sides: no value defined (documented)	This row belongs to the sweep study, a grid of group-count and imbalance shapes that is otherwise checked against R exactly like any other analysis. Here the plugin side of this particular shape was not run in this pass, so there is nothing on that side to set beside R's value yet; it is listed as incomplete, not as a documented difference between the two programs.	sweep
c0659	posthoc_g2__g5_padj				NOT DOCUMENTED -- see enforcement/why in reconciliation.tsv		sweep
c0659	posthoc_g3__g4_ci_high		1.0764389191546742		both sides: no value defined (documented)	This row belongs to the sweep study, a grid of group-count and imbalance shapes that is otherwise checked against R exactly like any other analysis. Here the plugin side of this particular shape was not run in this pass, so there is nothing on that side to set beside R's value yet; it is listed as incomplete, not as a documented difference between the two programs.	sweep
c0659	posthoc_g3__g4_ci_high				NOT DOCUMENTED -- see enforcement/why in reconciliation.tsv		sweep
c0659	posthoc_g3__g4_ci_low		-3.7431055858213385		both sides: no value defined (documented)	This row belongs to the sweep study, a grid of group-count and imbalance shapes that is otherwise checked against R exactly like any other analysis. Here the plugin side of this particular shape was not run in this pass, so there is nothing on that side to set beside R's value yet; it is listed as incomplete, not as a documented difference between the two programs.	sweep
c0659	posthoc_g3__g4_ci_low				NOT DOCUMENTED -- see enforcement/why in reconciliation.tsv		sweep
c0659	posthoc_g3__g4_cohens_d		-0.56313152736915428		both sides: no value defined (documented)	This row belongs to the sweep study, a grid of group-count and imbalance shapes that is otherwise checked against R exactly like any other analysis. Here the plugin side of this particular shape was not run in this pass, so there is nothing on that side to set beside R's value yet; it is listed as incomplete, not as a documented difference between the two programs.	sweep
c0659	posthoc_g3__g4_cohens_d		-0.56313152736915428		both sides: no value defined (documented)	This row belongs to the sweep study, a grid of group-count and imbalance shapes that is otherwise checked against R exactly like any other analysis. Here the plugin side of this particular shape was not run in this pass, so there is nothing on that side to set beside R's value yet; it is listed as incomplete, not as a documented difference between the two programs.	sweep
c0659	posthoc_g3__g4_cohens_d				NOT DOCUMENTED -- see enforcement/why in reconciliation.tsv		sweep
c0659	posthoc_g3__g4_diff		-1.3333333333333321		both sides: no value defined (documented)	This row belongs to the sweep study, a grid of group-count and imbalance shapes that is otherwise checked against R exactly like any other analysis. Here the plugin side of this particular shape was not run in this pass, so there is nothing on that side to set beside R's value yet; it is listed as incomplete, not as a documented difference between the two programs.	sweep
c0659	posthoc_g3__g4_diff				NOT DOCUMENTED -- see enforcement/why in reconciliation.tsv		sweep
c0659	posthoc_g3__g4_padj		0.52858971687386558		both sides: no value defined (documented)	This row belongs to the sweep study, a grid of group-count and imbalance shapes that is otherwise checked against R exactly like any other analysis. Here the plugin side of this particular shape was not run in this pass, so there is nothing on that side to set beside R's value yet; it is listed as incomplete, not as a documented difference between the two programs.	sweep
c0659	posthoc_g3__g4_padj				NOT DOCUMENTED -- see enforcement/why in reconciliation.tsv		sweep
c0659	posthoc_g3__g5_ci_high		0.40977225248800453		both sides: no value defined (documented)	This row belongs to the sweep study, a grid of group-count and imbalance shapes that is otherwise checked against R exactly like any other analysis. Here the plugin side of this particular shape was not run in this pass, so there is nothing on that side to set beside R's value yet; it is listed as incomplete, not as a documented difference between the two programs.	sweep
c0659	posthoc_g3__g5_ci_high				NOT DOCUMENTED -- see enforcement/why in reconciliation.tsv		sweep
c0659	posthoc_g3__g5_ci_low		-4.4097722524880076		both sides: no value defined (documented)	This row belongs to the sweep study, a grid of group-count and imbalance shapes that is otherwise checked against R exactly like any other analysis. Here the plugin side of this particular shape was not run in this pass, so there is nothing on that side to set beside R's value yet; it is listed as incomplete, not as a documented difference between the two programs.	sweep
c0659	posthoc_g3__g5_ci_low				NOT DOCUMENTED -- see enforcement/why in reconciliation.tsv		sweep
c0659	posthoc_g3__g5_cohens_d		-1.0155048005794951		both sides: no value defined (documented)	This row belongs to the sweep study, a grid of group-count and imbalance shapes that is otherwise checked against R exactly like any other analysis. Here the plugin side of this particular shape was not run in this pass, so there is nothing on that side to set beside R's value yet; it is listed as incomplete, not as a documented difference between the two programs.	sweep
c0659	posthoc_g3__g5_cohens_d		-1.0155048005794951		both sides: no value defined (documented)	This row belongs to the sweep study, a grid of group-count and imbalance shapes that is otherwise checked against R exactly like any other analysis. Here the plugin side of this particular shape was not run in this pass, so there is nothing on that side to set beside R's value yet; it is listed as incomplete, not as a documented difference between the two programs.	sweep
c0659	posthoc_g3__g5_cohens_d				NOT DOCUMENTED -- see enforcement/why in reconciliation.tsv		sweep
c0659	posthoc_g3__g5_diff		-2.0000000000000018		both sides: no value defined (documented)	This row belongs to the sweep study, a grid of group-count and imbalance shapes that is otherwise checked against R exactly like any other analysis. Here the plugin side of this particular shape was not run in this pass, so there is nothing on that side to set beside R's value yet; it is listed as incomplete, not as a documented difference between the two programs.	sweep
c0659	posthoc_g3__g5_diff				NOT DOCUMENTED -- see enforcement/why in reconciliation.tsv		sweep
c0659	posthoc_g3__g5_padj		0.14774630609698214		both sides: no value defined (documented)	This row belongs to the sweep study, a grid of group-count and imbalance shapes that is otherwise checked against R exactly like any other analysis. Here the plugin side of this particular shape was not run in this pass, so there is nothing on that side to set beside R's value yet; it is listed as incomplete, not as a documented difference between the two programs.	sweep
c0659	posthoc_g3__g5_padj				NOT DOCUMENTED -- see enforcement/why in reconciliation.tsv		sweep
c0659	posthoc_g4__g5_ci_high		1.7431055858213367		both sides: no value defined (documented)	This row belongs to the sweep study, a grid of group-count and imbalance shapes that is otherwise checked against R exactly like any other analysis. Here the plugin side of this particular shape was not run in this pass, so there is nothing on that side to set beside R's value yet; it is listed as incomplete, not as a documented difference between the two programs.	sweep
c0659	posthoc_g4__g5_ci_high				NOT DOCUMENTED -- see enforcement/why in reconciliation.tsv		sweep
c0659	posthoc_g4__g5_ci_low		-3.0764389191546759		both sides: no value defined (documented)	This row belongs to the sweep study, a grid of group-count and imbalance shapes that is otherwise checked against R exactly like any other analysis. Here the plugin side of this particular shape was not run in this pass, so there is nothing on that side to set beside R's value yet; it is listed as incomplete, not as a documented difference between the two programs.	sweep
c0659	posthoc_g4__g5_ci_low				NOT DOCUMENTED -- see enforcement/why in reconciliation.tsv		sweep
c0659	posthoc_g4__g5_cohens_d		-0.26490647141300921		both sides: no value defined (documented)	This row belongs to the sweep study, a grid of group-count and imbalance shapes that is otherwise checked against R exactly like any other analysis. Here the plugin side of this particular shape was not run in this pass, so there is nothing on that side to set beside R's value yet; it is listed as incomplete, not as a documented difference between the two programs.	sweep
c0659	posthoc_g4__g5_cohens_d		-0.26490647141300921		both sides: no value defined (documented)	This row belongs to the sweep study, a grid of group-count and imbalance shapes that is otherwise checked against R exactly like any other analysis. Here the plugin side of this particular shape was not run in this pass, so there is nothing on that side to set beside R's value yet; it is listed as incomplete, not as a documented difference between the two programs.	sweep
c0659	posthoc_g4__g5_cohens_d				NOT DOCUMENTED -- see enforcement/why in reconciliation.tsv		sweep
c0659	posthoc_g4__g5_diff		-0.66666666666666963		both sides: no value defined (documented)	This row belongs to the sweep study, a grid of group-count and imbalance shapes that is otherwise checked against R exactly like any other analysis. Here the plugin side of this particular shape was not run in this pass, so there is nothing on that side to set beside R's value yet; it is listed as incomplete, not as a documented difference between the two programs.	sweep
c0659	posthoc_g4__g5_diff				NOT DOCUMENTED -- see enforcement/why in reconciliation.tsv		sweep
c0659	posthoc_g4__g5_padj		0.93526172316496425		both sides: no value defined (documented)	This row belongs to the sweep study, a grid of group-count and imbalance shapes that is otherwise checked against R exactly like any other analysis. Here the plugin side of this particular shape was not run in this pass, so there is nothing on that side to set beside R's value yet; it is listed as incomplete, not as a documented difference between the two programs.	sweep
c0659	posthoc_g4__g5_padj				NOT DOCUMENTED -- see enforcement/why in reconciliation.tsv		sweep
c0659	ss_between		180.06666666666666		both sides: no value defined (documented)	This row belongs to the sweep study, a grid of group-count and imbalance shapes that is otherwise checked against R exactly like any other analysis. Here the plugin side of this particular shape was not run in this pass, so there is nothing on that side to set beside R's value yet; it is listed as incomplete, not as a documented difference between the two programs.	sweep
c0659	ss_between				NOT DOCUMENTED -- see enforcement/why in reconciliation.tsv		sweep
c0659	ss_total		420.98333333333329		both sides: no value defined (documented)	This row belongs to the sweep study, a grid of group-count and imbalance shapes that is otherwise checked against R exactly like any other analysis. Here the plugin side of this particular shape was not run in this pass, so there is nothing on that side to set beside R's value yet; it is listed as incomplete, not as a documented difference between the two programs.	sweep
c0659	ss_total				NOT DOCUMENTED -- see enforcement/why in reconciliation.tsv		sweep
c0659	ss_within		240.91666666666663		both sides: no value defined (documented)	This row belongs to the sweep study, a grid of group-count and imbalance shapes that is otherwise checked against R exactly like any other analysis. Here the plugin side of this particular shape was not run in this pass, so there is nothing on that side to set beside R's value yet; it is listed as incomplete, not as a documented difference between the two programs.	sweep
c0659	ss_within				NOT DOCUMENTED -- see enforcement/why in reconciliation.tsv		sweep
c0660	df		4		both sides: no value defined (documented)	This row belongs to the sweep study, a grid of group-count and imbalance shapes that is otherwise checked against R exactly like any other analysis. Here the plugin side of this particular shape was not run in this pass, so there is nothing on that side to set beside R's value yet; it is listed as incomplete, not as a documented difference between the two programs.	sweep
c0660	df				NOT DOCUMENTED -- see enforcement/why in reconciliation.tsv		sweep
c0660	epsilon_squared		0.43718389024950982		both sides: no value defined (documented)	This row belongs to the sweep study, a grid of group-count and imbalance shapes that is otherwise checked against R exactly like any other analysis. Here the plugin side of this particular shape was not run in this pass, so there is nothing on that side to set beside R's value yet; it is listed as incomplete, not as a documented difference between the two programs.	sweep
c0660	epsilon_squared				NOT DOCUMENTED -- see enforcement/why in reconciliation.tsv		sweep
c0660	eta_squared		0.39625180954038325		reported by R only (documented)	For the Kruskal-Wallis test R reports eta-squared and the plugin reports epsilon-squared. Both summarise the same effect, neither is derivable from the other, and each side reports its own choice.	sweep
c0660	eta_squared		0.39625180954038325		reported by R only (documented)	For the Kruskal-Wallis test R reports eta-squared and the plugin reports epsilon-squared. Both summarise the same effect, neither is derivable from the other, and each side reports its own choice.	sweep
c0660	h		25.793849524721079		both sides: no value defined (documented)	This row belongs to the sweep study, a grid of group-count and imbalance shapes that is otherwise checked against R exactly like any other analysis. Here the plugin side of this particular shape was not run in this pass, so there is nothing on that side to set beside R's value yet; it is listed as incomplete, not as a documented difference between the two programs.	sweep
c0660	h				NOT DOCUMENTED -- see enforcement/why in reconciliation.tsv		sweep
c0660	n		60		both sides: no value defined (documented)	This row belongs to the sweep study, a grid of group-count and imbalance shapes that is otherwise checked against R exactly like any other analysis. Here the plugin side of this particular shape was not run in this pass, so there is nothing on that side to set beside R's value yet; it is listed as incomplete, not as a documented difference between the two programs.	sweep
c0660	n				NOT DOCUMENTED -- see enforcement/why in reconciliation.tsv		sweep
c0660	p		3.482213929527164e-05		both sides: no value defined (documented)	This row belongs to the sweep study, a grid of group-count and imbalance shapes that is otherwise checked against R exactly like any other analysis. Here the plugin side of this particular shape was not run in this pass, so there is nothing on that side to set beside R's value yet; it is listed as incomplete, not as a documented difference between the two programs.	sweep
c0660	p				NOT DOCUMENTED -- see enforcement/why in reconciliation.tsv		sweep
c0661	df_between		2		both sides: no value defined (documented)	This row belongs to the sweep study, a grid of group-count and imbalance shapes that is otherwise checked against R exactly like any other analysis. Here the plugin side of this particular shape was not run in this pass, so there is nothing on that side to set beside R's value yet; it is listed as incomplete, not as a documented difference between the two programs.	sweep
c0661	df_between				NOT DOCUMENTED -- see enforcement/why in reconciliation.tsv		sweep
c0661	df_within		597		both sides: no value defined (documented)	This row belongs to the sweep study, a grid of group-count and imbalance shapes that is otherwise checked against R exactly like any other analysis. Here the plugin side of this particular shape was not run in this pass, so there is nothing on that side to set beside R's value yet; it is listed as incomplete, not as a documented difference between the two programs.	sweep
c0661	df_within				NOT DOCUMENTED -- see enforcement/why in reconciliation.tsv		sweep
c0661	eta_squared		0.0088533497952475674		both sides: no value defined (documented)	This row belongs to the sweep study, a grid of group-count and imbalance shapes that is otherwise checked against R exactly like any other analysis. Here the plugin side of this particular shape was not run in this pass, so there is nothing on that side to set beside R's value yet; it is listed as incomplete, not as a documented difference between the two programs.	sweep
c0661	eta_squared		0.0088533497952475674		both sides: no value defined (documented)	This row belongs to the sweep study, a grid of group-count and imbalance shapes that is otherwise checked against R exactly like any other analysis. Here the plugin side of this particular shape was not run in this pass, so there is nothing on that side to set beside R's value yet; it is listed as incomplete, not as a documented difference between the two programs.	sweep
c0661	eta_squared				NOT DOCUMENTED -- see enforcement/why in reconciliation.tsv		sweep
c0661	f		2.666330873776813		both sides: no value defined (documented)	This row belongs to the sweep study, a grid of group-count and imbalance shapes that is otherwise checked against R exactly like any other analysis. Here the plugin side of this particular shape was not run in this pass, so there is nothing on that side to set beside R's value yet; it is listed as incomplete, not as a documented difference between the two programs.	sweep
c0661	f				NOT DOCUMENTED -- see enforcement/why in reconciliation.tsv		sweep
c0661	ms_between		10.540866015426751		both sides: no value defined (documented)	This row belongs to the sweep study, a grid of group-count and imbalance shapes that is otherwise checked against R exactly like any other analysis. Here the plugin side of this particular shape was not run in this pass, so there is nothing on that side to set beside R's value yet; it is listed as incomplete, not as a documented difference between the two programs.	sweep
c0661	ms_between				NOT DOCUMENTED -- see enforcement/why in reconciliation.tsv		sweep
c0661	ms_within		3.9533225673885668		both sides: no value defined (documented)	This row belongs to the sweep study, a grid of group-count and imbalance shapes that is otherwise checked against R exactly like any other analysis. Here the plugin side of this particular shape was not run in this pass, so there is nothing on that side to set beside R's value yet; it is listed as incomplete, not as a documented difference between the two programs.	sweep
c0661	ms_within				NOT DOCUMENTED -- see enforcement/why in reconciliation.tsv		sweep
c0661	n		600		both sides: no value defined (documented)	This row belongs to the sweep study, a grid of group-count and imbalance shapes that is otherwise checked against R exactly like any other analysis. Here the plugin side of this particular shape was not run in this pass, so there is nothing on that side to set beside R's value yet; it is listed as incomplete, not as a documented difference between the two programs.	sweep
c0661	n				NOT DOCUMENTED -- see enforcement/why in reconciliation.tsv		sweep
c0661	p		0.070334495765067534		both sides: no value defined (documented)	This row belongs to the sweep study, a grid of group-count and imbalance shapes that is otherwise checked against R exactly like any other analysis. Here the plugin side of this particular shape was not run in this pass, so there is nothing on that side to set beside R's value yet; it is listed as incomplete, not as a documented difference between the two programs.	sweep
c0661	p				NOT DOCUMENTED -- see enforcement/why in reconciliation.tsv		sweep
c0661	posthoc_g1__g2_ci_high		0.31796888362019843		both sides: no value defined (documented)	This row belongs to the sweep study, a grid of group-count and imbalance shapes that is otherwise checked against R exactly like any other analysis. Here the plugin side of this particular shape was not run in this pass, so there is nothing on that side to set beside R's value yet; it is listed as incomplete, not as a documented difference between the two programs.	sweep
c0661	posthoc_g1__g2_ci_high				NOT DOCUMENTED -- see enforcement/why in reconciliation.tsv		sweep
c0661	posthoc_g1__g2_ci_low		-0.61635964916272679		both sides: no value defined (documented)	This row belongs to the sweep study, a grid of group-count and imbalance shapes that is otherwise checked against R exactly like any other analysis. Here the plugin side of this particular shape was not run in this pass, so there is nothing on that side to set beside R's value yet; it is listed as incomplete, not as a documented difference between the two programs.	sweep
c0661	posthoc_g1__g2_ci_low				NOT DOCUMENTED -- see enforcement/why in reconciliation.tsv		sweep
c0661	posthoc_g1__g2_cohens_d		-0.077861025289203967		both sides: no value defined (documented)	This row belongs to the sweep study, a grid of group-count and imbalance shapes that is otherwise checked against R exactly like any other analysis. Here the plugin side of this particular shape was not run in this pass, so there is nothing on that side to set beside R's value yet; it is listed as incomplete, not as a documented difference between the two programs.	sweep
c0661	posthoc_g1__g2_cohens_d		-0.077861025289203967		both sides: no value defined (documented)	This row belongs to the sweep study, a grid of group-count and imbalance shapes that is otherwise checked against R exactly like any other analysis. Here the plugin side of this particular shape was not run in this pass, so there is nothing on that side to set beside R's value yet; it is listed as incomplete, not as a documented difference between the two programs.	sweep
c0661	posthoc_g1__g2_cohens_d				NOT DOCUMENTED -- see enforcement/why in reconciliation.tsv		sweep
c0661	posthoc_g1__g2_diff		-0.14919538277126421		both sides: no value defined (documented)	This row belongs to the sweep study, a grid of group-count and imbalance shapes that is otherwise checked against R exactly like any other analysis. Here the plugin side of this particular shape was not run in this pass, so there is nothing on that side to set beside R's value yet; it is listed as incomplete, not as a documented difference between the two programs.	sweep
c0661	posthoc_g1__g2_diff				NOT DOCUMENTED -- see enforcement/why in reconciliation.tsv		sweep
c0661	posthoc_g1__g2_padj		0.73352155711914324		both sides: no value defined (documented)	This row belongs to the sweep study, a grid of group-count and imbalance shapes that is otherwise checked against R exactly like any other analysis. Here the plugin side of this particular shape was not run in this pass, so there is nothing on that side to set beside R's value yet; it is listed as incomplete, not as a documented difference between the two programs.	sweep
c0661	posthoc_g1__g2_padj				NOT DOCUMENTED -- see enforcement/why in reconciliation.tsv		sweep
c0661	posthoc_g1__g3_ci_high		0.016510005390030502		both sides: no value defined (documented)	This row belongs to the sweep study, a grid of group-count and imbalance shapes that is otherwise checked against R exactly like any other analysis. Here the plugin side of this particular shape was not run in this pass, so there is nothing on that side to set beside R's value yet; it is listed as incomplete, not as a documented difference between the two programs.	sweep
c0661	posthoc_g1__g3_ci_high				NOT DOCUMENTED -- see enforcement/why in reconciliation.tsv		sweep
c0661	posthoc_g1__g3_ci_low		-0.91781852739289471		both sides: no value defined (documented)	This row belongs to the sweep study, a grid of group-count and imbalance shapes that is otherwise checked against R exactly like any other analysis. Here the plugin side of this particular shape was not run in this pass, so there is nothing on that side to set beside R's value yet; it is listed as incomplete, not as a documented difference between the two programs.	sweep
c0661	posthoc_g1__g3_ci_low				NOT DOCUMENTED -- see enforcement/why in reconciliation.tsv		sweep
c0661	posthoc_g1__g3_cohens_d		-0.22114135365962431		both sides: no value defined (documented)	This row belongs to the sweep study, a grid of group-count and imbalance shapes that is otherwise checked against R exactly like any other analysis. Here the plugin side of this particular shape was not run in this pass, so there is nothing on that side to set beside R's value yet; it is listed as incomplete, not as a documented difference between the two programs.	sweep
c0661	posthoc_g1__g3_cohens_d		-0.22114135365962431		both sides: no value defined (documented)	This row belongs to the sweep study, a grid of group-count and imbalance shapes that is otherwise checked against R exactly like any other analysis. Here the plugin side of this particular shape was not run in this pass, so there is nothing on that side to set beside R's value yet; it is listed as incomplete, not as a documented difference between the two programs.	sweep
c0661	posthoc_g1__g3_cohens_d				NOT DOCUMENTED -- see enforcement/why in reconciliation.tsv		sweep
c0661	posthoc_g1__g3_diff		-0.45065426100143213		both sides: no value defined (documented)	This row belongs to the sweep study, a grid of group-count and imbalance shapes that is otherwise checked against R exactly like any other analysis. Here the plugin side of this particular shape was not run in this pass, so there is nothing on that side to set beside R's value yet; it is listed as incomplete, not as a documented difference between the two programs.	sweep
c0661	posthoc_g1__g3_diff				NOT DOCUMENTED -- see enforcement/why in reconciliation.tsv		sweep
c0661	posthoc_g1__g3_padj		0.061382632535928683		both sides: no value defined (documented)	This row belongs to the sweep study, a grid of group-count and imbalance shapes that is otherwise checked against R exactly like any other analysis. Here the plugin side of this particular shape was not run in this pass, so there is nothing on that side to set beside R's value yet; it is listed as incomplete, not as a documented difference between the two programs.	sweep
c0661	posthoc_g1__g3_padj				NOT DOCUMENTED -- see enforcement/why in reconciliation.tsv		sweep
c0661	posthoc_g2__g3_ci_high		0.16570538816129471		both sides: no value defined (documented)	This row belongs to the sweep study, a grid of group-count and imbalance shapes that is otherwise checked against R exactly like any other analysis. Here the plugin side of this particular shape was not run in this pass, so there is nothing on that side to set beside R's value yet; it is listed as incomplete, not as a documented difference between the two programs.	sweep
c0661	posthoc_g2__g3_ci_high				NOT DOCUMENTED -- see enforcement/why in reconciliation.tsv		sweep
c0661	posthoc_g2__g3_ci_low		-0.76862314462163051		both sides: no value defined (documented)	This row belongs to the sweep study, a grid of group-count and imbalance shapes that is otherwise checked against R exactly like any other analysis. Here the plugin side of this particular shape was not run in this pass, so there is nothing on that side to set beside R's value yet; it is listed as incomplete, not as a documented difference between the two programs.	sweep
c0661	posthoc_g2__g3_ci_low				NOT DOCUMENTED -- see enforcement/why in reconciliation.tsv		sweep
c0661	posthoc_g2__g3_cohens_d		-0.15006719259647414		both sides: no value defined (documented)	This row belongs to the sweep study, a grid of group-count and imbalance shapes that is otherwise checked against R exactly like any other analysis. Here the plugin side of this particular shape was not run in this pass, so there is nothing on that side to set beside R's value yet; it is listed as incomplete, not as a documented difference between the two programs.	sweep
c0661	posthoc_g2__g3_cohens_d		-0.15006719259647414		both sides: no value defined (documented)	This row belongs to the sweep study, a grid of group-count and imbalance shapes that is otherwise checked against R exactly like any other analysis. Here the plugin side of this particular shape was not run in this pass, so there is nothing on that side to set beside R's value yet; it is listed as incomplete, not as a documented difference between the two programs.	sweep
c0661	posthoc_g2__g3_cohens_d				NOT DOCUMENTED -- see enforcement/why in reconciliation.tsv		sweep
c0661	posthoc_g2__g3_diff		-0.30145887823016793		both sides: no value defined (documented)	This row belongs to the sweep study, a grid of group-count and imbalance shapes that is otherwise checked against R exactly like any other analysis. Here the plugin side of this particular shape was not run in this pass, so there is nothing on that side to set beside R's value yet; it is listed as incomplete, not as a documented difference between the two programs.	sweep
c0661	posthoc_g2__g3_diff				NOT DOCUMENTED -- see enforcement/why in reconciliation.tsv		sweep
c0661	posthoc_g2__g3_padj		0.28401083385577397		both sides: no value defined (documented)	This row belongs to the sweep study, a grid of group-count and imbalance shapes that is otherwise checked against R exactly like any other analysis. Here the plugin side of this particular shape was not run in this pass, so there is nothing on that side to set beside R's value yet; it is listed as incomplete, not as a documented difference between the two programs.	sweep
c0661	posthoc_g2__g3_padj				NOT DOCUMENTED -- see enforcement/why in reconciliation.tsv		sweep
c0661	ss_between		21.081732030853502		both sides: no value defined (documented)	This row belongs to the sweep study, a grid of group-count and imbalance shapes that is otherwise checked against R exactly like any other analysis. Here the plugin side of this particular shape was not run in this pass, so there is nothing on that side to set beside R's value yet; it is listed as incomplete, not as a documented difference between the two programs.	sweep
c0661	ss_between				NOT DOCUMENTED -- see enforcement/why in reconciliation.tsv		sweep
c0661	ss_total		2381.2153047618276		both sides: no value defined (documented)	This row belongs to the sweep study, a grid of group-count and imbalance shapes that is otherwise checked against R exactly like any other analysis. Here the plugin side of this particular shape was not run in this pass, so there is nothing on that side to set beside R's value yet; it is listed as incomplete, not as a documented difference between the two programs.	sweep
c0661	ss_total				NOT DOCUMENTED -- see enforcement/why in reconciliation.tsv		sweep
c0661	ss_within		2360.1335727309743		both sides: no value defined (documented)	This row belongs to the sweep study, a grid of group-count and imbalance shapes that is otherwise checked against R exactly like any other analysis. Here the plugin side of this particular shape was not run in this pass, so there is nothing on that side to set beside R's value yet; it is listed as incomplete, not as a documented difference between the two programs.	sweep
c0661	ss_within				NOT DOCUMENTED -- see enforcement/why in reconciliation.tsv		sweep
c0662	df		2		both sides: no value defined (documented)	This row belongs to the sweep study, a grid of group-count and imbalance shapes that is otherwise checked against R exactly like any other analysis. Here the plugin side of this particular shape was not run in this pass, so there is nothing on that side to set beside R's value yet; it is listed as incomplete, not as a documented difference between the two programs.	sweep
c0662	df				NOT DOCUMENTED -- see enforcement/why in reconciliation.tsv		sweep
c0662	epsilon_squared		0.0080202039450109237		both sides: no value defined (documented)	This row belongs to the sweep study, a grid of group-count and imbalance shapes that is otherwise checked against R exactly like any other analysis. Here the plugin side of this particular shape was not run in this pass, so there is nothing on that side to set beside R's value yet; it is listed as incomplete, not as a documented difference between the two programs.	sweep
c0662	epsilon_squared				NOT DOCUMENTED -- see enforcement/why in reconciliation.tsv		sweep
c0662	eta_squared		0.0046969885478417807		reported by R only (documented)	For the Kruskal-Wallis test R reports eta-squared and the plugin reports epsilon-squared. Both summarise the same effect, neither is derivable from the other, and each side reports its own choice.	sweep
c0662	eta_squared		0.0046969885478417807		reported by R only (documented)	For the Kruskal-Wallis test R reports eta-squared and the plugin reports epsilon-squared. Both summarise the same effect, neither is derivable from the other, and each side reports its own choice.	sweep
c0662	h		4.8041021630615433		both sides: no value defined (documented)	This row belongs to the sweep study, a grid of group-count and imbalance shapes that is otherwise checked against R exactly like any other analysis. Here the plugin side of this particular shape was not run in this pass, so there is nothing on that side to set beside R's value yet; it is listed as incomplete, not as a documented difference between the two programs.	sweep
c0662	h				NOT DOCUMENTED -- see enforcement/why in reconciliation.tsv		sweep
c0662	n		600		both sides: no value defined (documented)	This row belongs to the sweep study, a grid of group-count and imbalance shapes that is otherwise checked against R exactly like any other analysis. Here the plugin side of this particular shape was not run in this pass, so there is nothing on that side to set beside R's value yet; it is listed as incomplete, not as a documented difference between the two programs.	sweep
c0662	n				NOT DOCUMENTED -- see enforcement/why in reconciliation.tsv		sweep
c0662	p		0.090532074062800671		both sides: no value defined (documented)	This row belongs to the sweep study, a grid of group-count and imbalance shapes that is otherwise checked against R exactly like any other analysis. Here the plugin side of this particular shape was not run in this pass, so there is nothing on that side to set beside R's value yet; it is listed as incomplete, not as a documented difference between the two programs.	sweep
c0662	p				NOT DOCUMENTED -- see enforcement/why in reconciliation.tsv		sweep
c0663	df_between				certified field not reported by the plugin		nist
c0663	df_within				certified field not reported by the plugin		nist
c0663	eta_squared				certified field not reported by the plugin		nist
c0663	f				certified field not reported by the plugin		nist
c0663	ms_between				certified field not reported by the plugin		nist
c0663	ms_within				certified field not reported by the plugin		nist
c0663	ss_between				certified field not reported by the plugin		nist
c0663	ss_within				certified field not reported by the plugin		nist
c0664	df_between				certified field not reported by the plugin		nist
c0664	df_within				certified field not reported by the plugin		nist
c0664	eta_squared				certified field not reported by the plugin		nist
c0664	f				certified field not reported by the plugin		nist
c0664	ms_between				certified field not reported by the plugin		nist
c0664	ms_within				certified field not reported by the plugin		nist
c0664	residual_sd				certified field not reported by the plugin		nist
c0664	ss_between				certified field not reported by the plugin		nist
c0664	ss_within				certified field not reported by the plugin		nist
c0665	df_between				certified field not reported by the plugin		nist
c0665	df_within				certified field not reported by the plugin		nist
c0665	eta_squared				certified field not reported by the plugin		nist
c0665	f				certified field not reported by the plugin		nist
c0665	ms_between				certified field not reported by the plugin		nist
c0665	ms_within				certified field not reported by the plugin		nist
c0665	residual_sd				certified field not reported by the plugin		nist
c0665	ss_between				certified field not reported by the plugin		nist
c0665	ss_within				certified field not reported by the plugin		nist
c0666	df_between				certified field not reported by the plugin		nist
c0666	df_within				certified field not reported by the plugin		nist
c0666	eta_squared				certified field not reported by the plugin		nist
c0666	f				certified field not reported by the plugin		nist
c0666	ms_between				certified field not reported by the plugin		nist
c0666	ms_within				certified field not reported by the plugin		nist
c0666	residual_sd				certified field not reported by the plugin		nist
c0666	ss_between				certified field not reported by the plugin		nist
c0666	ss_within				certified field not reported by the plugin		nist
c0667	df_between				certified field not reported by the plugin		nist
c0667	df_within				certified field not reported by the plugin		nist
c0667	eta_squared				certified field not reported by the plugin		nist
c0667	f				certified field not reported by the plugin		nist
c0667	ms_between				certified field not reported by the plugin		nist
c0667	ms_within				certified field not reported by the plugin		nist
c0667	residual_sd				certified field not reported by the plugin		nist
c0667	ss_between				certified field not reported by the plugin		nist
c0667	ss_within				certified field not reported by the plugin		nist
c0668	df_between				certified field not reported by the plugin		nist
c0668	df_within				certified field not reported by the plugin		nist
c0668	eta_squared				certified field not reported by the plugin		nist
c0668	f				certified field not reported by the plugin		nist
c0668	ms_between				certified field not reported by the plugin		nist
c0668	ms_within				certified field not reported by the plugin		nist
c0668	residual_sd				certified field not reported by the plugin		nist
c0668	ss_between				certified field not reported by the plugin		nist
c0668	ss_within				certified field not reported by the plugin		nist
c0669	df_between				certified field not reported by the plugin		nist
c0669	df_within				certified field not reported by the plugin		nist
c0669	eta_squared				certified field not reported by the plugin		nist
c0669	f				certified field not reported by the plugin		nist
c0669	ms_between				certified field not reported by the plugin		nist
c0669	ms_within				certified field not reported by the plugin		nist
c0669	residual_sd				certified field not reported by the plugin		nist
c0669	ss_between				certified field not reported by the plugin		nist
c0669	ss_within				certified field not reported by the plugin		nist
c0670	df_between				certified field not reported by the plugin		nist
c0670	df_within				certified field not reported by the plugin		nist
c0670	eta_squared				certified field not reported by the plugin		nist
c0670	f				certified field not reported by the plugin		nist
c0670	ms_between				certified field not reported by the plugin		nist
c0670	ms_within				certified field not reported by the plugin		nist
c0670	residual_sd				certified field not reported by the plugin		nist
c0670	ss_between				certified field not reported by the plugin		nist
c0670	ss_within				certified field not reported by the plugin		nist
c0671	df_between				certified field not reported by the plugin		nist
c0671	df_within				certified field not reported by the plugin		nist
c0671	eta_squared				certified field not reported by the plugin		nist
c0671	f				certified field not reported by the plugin		nist
c0671	ms_between				certified field not reported by the plugin		nist
c0671	ms_within				certified field not reported by the plugin		nist
c0671	residual_sd				certified field not reported by the plugin		nist
c0671	ss_between				certified field not reported by the plugin		nist
c0671	ss_within				certified field not reported by the plugin		nist
c0672	df_between				certified field not reported by the plugin		nist
c0672	df_within				certified field not reported by the plugin		nist
c0672	eta_squared				certified field not reported by the plugin		nist
c0672	f				certified field not reported by the plugin		nist
c0672	ms_between				certified field not reported by the plugin		nist
c0672	ms_within				certified field not reported by the plugin		nist
c0672	residual_sd				certified field not reported by the plugin		nist
c0672	ss_between				certified field not reported by the plugin		nist
c0672	ss_within				certified field not reported by the plugin		nist
c0673	df_between				certified field not reported by the plugin		nist
c0673	df_within				certified field not reported by the plugin		nist
c0673	eta_squared				certified field not reported by the plugin		nist
c0673	f				certified field not reported by the plugin		nist
c0673	ms_between				certified field not reported by the plugin		nist
c0673	ms_within				certified field not reported by the plugin		nist
c0673	residual_sd				certified field not reported by the plugin		nist
c0673	ss_between				certified field not reported by the plugin		nist
c0673	ss_within				certified field not reported by the plugin		nist
