grp,y
All,66.66164557485818
All,51.00289905899069
All,41.8793937235037
All,57.55334163585718
All,59.685819490497344
All,40.17555845265239
All,39.762429365308556
All,56.36486804213029
All,50.066759856198686
All,33.46755434607892
All,43.39103926701779
All,57.81084279684263
All,45.54311668544721
All,36.51921010268935
All,53.996957675231066
All,61.7767194532655
All,45.6181549613369
All,45.07360218311829
All,63.898401439160196
All,61.33170271855637
All,43.955938101627304
All,50.760650824144484
All,65.13906784826237
All,52.49960807874125
All,38.56593374866114
All,51.569026711161776
All,58.81804320522815
All,40.8239024431046
All,35.597299570473744
All,53.08162348285748
All,52.88087742496586
All,35.54915685182142
All,41.33005768201131
All,59.19295582100662
All,51.544072110267884
All,38.84078968951382
All,53.101268646411334
All,65.29916800272608
All,50.593949550839454
All,44.15582934312282
All,61.57452371776778
All,63.5619952969653
All,44.64900379851864
All,45.62658053514331
All,61.6345205174015
All,53.387145237476815
All,36.16794242529216
All,45.642284147726095
All,57.64214966682539
All,42.99482524652254
All,33.58418252208229
All,50.47980409688874
All,56.38526630411086
All,39.760961420042705
All,40.706002625431736
All,60.182216110348286
All,57.54753997386158
All,41.995780474621284
All,51.49045150972406
All,66.78303246099613
All,54.66160121701603
All,42.807760542430145
All,57.27014123114681
All,63.722729945459356
All,45.1219622027834
All,40.421798741229246
All,56.91768429499287
All,54.091832079393974
All,35.40201976630743
All,40.75357675323434
All,56.62391693328277
All,46.72965321787805
All,33.9863958604633
All,48.71738251241128
All,60.04499361734962
All,45.37588690216274
All,41.125561570253396
All,60.189153465565184
All,62.51370449246009
All,45.24055409006618
All,48.931512342790796
All,65.84376844686936
All,57.354481565267584
All,41.201111341007596
All,51.571953573935836
All,62.13705458265306
All,45.77103091087957
All,36.10574197843368
All,51.91628121877052
All,55.023049988971415
All,36.72625418359329
All,37.608033948161776
All,55.97985626267397
All,51.665882852988254
All,36.583392324966034
All,47.629668130400155
All,63.10811827179221
All,51.40331884892769
All,42.041340267610664
All,58.73350525498702
All,65.59812531273398
All,47.99821052641391
All,45.50514108237414
All,62.57440905930236
All,58.59833641473917
All,39.782976837742495
All,45.40091368740271
All,59.43167979823438
All,47.049107252535634
All,33.548192268364986
All,47.490541652671695
All,56.40411618962534
All,40.18980936251209
All,36.496598111051014
All,55.62251436319065
All,57.078047963744815
All,40.7423404902279
All,46.834290428202266
All,64.7925724536625
All,56.815484415837545
All,42.94398238328539
All,55.621797347384
All,66.34021775748835
All,49.99103986018642
All,41.639773202885934
All,57.5345959487049
All,58.67149605264756
All,39.15049011986602
All,39.813716016460184
All,56.344534267274845
All,49.28192765220535
All,33.31517667455299
All,44.23976017860786
All,58.16636646882145
All,45.381646285409346
All,37.26692220237335
All,55.20893120581591
All,62.02291316895849
All,45.587470310568946
All,45.899894395494016
All,64.49909771398266
All,60.77727519466596
All,43.52781419393669
All,51.05531703510165
All,64.75666993804023
All,51.27441709388679
All,38.03861411798241
All,51.6251194263522
All,58.070786399951686
All,39.86523941919099
All,35.76585681389621
All,53.51922820569771
All,52.51557798146449
All,35.52336186443112
All,42.39104770360281
All,59.94006777217014
All,51.49613115800723
All,39.407521781175596
All,54.2765029793129
All,65.55337820516222
All,50.22031467729709
All,44.525662996184124
All,61.99096134161893
All,62.820131685018374
All,43.78143068893897
All,45.63334844097097
All,61.3167274705363
All,52.166522644650804
All,35.51593291930284
All,45.88042190256988
All,57.325816737743885
All,42.26121430416152
All,33.897564453755905
All,51.34396312891697
All,56.44365675514714
All,39.802694695678284
All,41.79648334911857
All,61.14723943233929
All,57.501514946379274
All,42.217841050876544
All,52.42453246080185
All,66.94548662946538
All,53.93120963087717
All,42.67599797745244
All,57.48890708098421
All,62.91649388272504
All,43.97733169291657
All,40.245444433719626
All,56.80807649120294
All,53.09851689209433
All,34.78564898383641
All,41.23335980130754
All,56.8179680670957
All,46.303334231770194
All,34.397961093592556
All,49.878431993764536
All,60.439898141792035
All,45.378201722316774
All,42.03404665495547
All,61.17126469356857
All,62.36905314460826
All,45.01406601901457
All,49.485828202804555
All,65.87817885556807
All,56.34621821653493
All,40.6280260318313
All,51.65211112221779
All,61.43896781414419
All,44.56472879116551
All,35.87763613270825
All,52.13124165746898
All,54.43267333088088
All,36.26011773385316
All,38.31344790774416
All,56.65784739948377
All,51.54057709190877
All,36.981738044904425
All,48.88606743961423
All,63.69183481527509
All,51.24991662474167
All,42.57866849810364
All,59.55495502944726
All,65.30373903603196
All,47.31201049197297
All,45.63485052874496
All,62.51734517319719
All,57.47282728121551
All,38.915236690965074
All,45.4466773656265
All,59.0200097451915
All,45.99838973505326
All,33.382083006341226
All,48.078918598990526
All,56.30501157021151
All,39.91575383724483
All,37.32995541324923
All,56.65703692175869
All,57.17193212221134
All,40.98225315113754
All,47.958211218652636
All,65.40167466921226
All,56.42370115675686
All,42.990634332743205
All,56.169164030848904
All,65.91695146856969
All,48.93646816299817
All,41.3965541880003
All,57.481089747182956
All,57.63684553230651
All,38.181189543177275
All,39.93387702409852
All,56.35475326406271
All,48.555646184276604
All,33.270787706268464
All,45.159417432914644
All,58.54162447658051
All,45.264925908970945
All,38.067395688823666
All,56.40183105491788
All,62.212034058316746
All,45.53372056543268
All,46.690157216923176
All,65.00033992203178
All,60.13250924912166
All,43.06472526335241
All,51.30096501780996
All,64.29697753873167
All,50.028653301358766
All,37.548296529322265
All,51.69491782944777
All,57.33367104045807
All,38.98410903417066
All,36.03237419526141
All,54.004156839439766
All,52.19793281245832
All,35.58843730360064
All,43.50976137048019
All,60.676270363789094
All,51.44511421428976
All,39.98985121540113
All,55.40637692269996
All,65.71518477981641
All,49.79171488850541
All,44.854120191138115
All,62.31537888078154
All,61.99103548185371
All,42.895881831008246
All,45.631982472951194
All,60.96101681226002
All,50.95335304756357
All,34.93800258395166
All,46.17500285561344
All,57.04083764145427
All,41.60861280754165
All,34.31592988010809
All,52.25396505853262
All,56.52117655454864
All,39.8986441039071
All,42.917905826859446
All,62.06706351809936
All,57.40451427014417
All,42.42090426396661
All,53.298873111433274
All,66.99946388213824
All,53.13200570075778
All,42.51522146583371
All,57.64481956591544
All,62.04567169738234
All,42.84221381788875
All,40.10772567329076
All,56.70422566467642
All,52.136628231184034
All,34.26646790830705
All,41.7966296975236
All,57.04884447692777
All,45.940311097799
All,34.89850824619646
All,51.06767097282539
All,60.81436129512334
All,45.3875622172141
All,42.94243125648043
All,62.08072118912312
All,62.13693813133768
All,44.745965702258104
All,49.98404846582748
All,65.81160574044803
All,55.27522523228616
All,40.05325355431698
All,51.71393870966318
All,60.7109074399503
All,43.39667506544215
All,35.729258493073864
All,52.38875276995961
All,53.88501970582917
All,35.89319042858981
All,39.108131885123356
All,57.36095225808516
All,51.44258008018721
All,37.43497596889208
All,50.14375069917147
All,64.21468651922562
All,51.05743112828017
All,43.09070636792423
All,60.29220913655219
All,64.90534779398305
All,46.57901426477592
All,45.731072675962956
All,62.3886544631684
All,56.306821630412315
All,38.08054136887242
All,45.52350150131762
All,58.614554670554064
All,45.00595269527337
All,33.320691915474626
All,48.730983349192506
All,56.242531633708296
All,39.72008954138857
All,38.23732206671504
All,57.691776391091864
All,57.24696344373359
All,41.23428879744505
All,49.05689867721903
All,65.91965515003864
All,55.95874336852534
All,43.000607551244535
All,56.64171361118868
All,65.39642303928683
All,47.847386399365085
All,41.15674132398051
All,57.39990407154892
All,56.591891814932374
All,37.27681328571595
All,40.127522790931735
All,56.398727367607904
All,47.8912884367334
All,33.33354641557659
All,46.1441991840168
All,58.93066699926659
All,45.187169365574384
All,38.91134927474116
All,57.56511621691954
All,62.33714861657327
All,45.451894870057245
All,47.438522322559756
All,65.39914706006424
All,59.40003237625454
All,42.570843483765884
All,51.50145954557342
All,63.767367680706926
All,48.77287782344479
All,37.10343461607799
All,51.78469118281169
All,56.61428124797182
All,38.18690250010885
All,36.39780373929336
All,54.53455342543039
All,51.92639047547887
All,35.73980572032461
All,44.67699239481931
All,61.39261004002371
All,51.38418147366523
All,40.57944047743665
All,56.4819413029482
All,65.78012005826832
All,49.30740612069937
All,45.140316445232536
All,62.54903356512955
All,61.08135438023988
All,42.00069577291456
All,45.62913853082527
All,60.57545759993537
All,49.75796671561492
All,34.4416109939231
All,46.52935610361055
All,56.790382095731026
All,41.03917246600248
All,34.83606229351148
All,53.20315639266681
All,56.61209596061225
All,40.041965031780045
All,44.05990273944499
All,62.93216016252518
All,57.25094824959893
All,42.59991372736082
All,54.10825617992249
All,66.94432460784964
All,52.268071798698486
All,42.329583516354546
All,57.742720565335965
All,61.11933413026167
All,41.72699730135884
All,40.015884966131345
All,56.61247895774604
All,51.21372865620815
All,33.84889240321978
All,42.44245704512239
All,57.31445932531564
All,45.63825974608332
All,35.481412496887856
All,52.27518839352059
All,61.160317032293484
All,45.39705457007025
All,43.841803178646934
All,62.90990546700826
All,61.814942942557714
All,44.436005044065794
All,50.4257778567062
All,65.64741006103137
All,54.149642485878196
All,39.484724867606886
All,51.76414455351132
All,59.96199767099167
All,42.27669539016301
All,35.66613887719827
All,52.69141243862888
All,53.3830806640774
All,35.6257604245675
All,39.98679449355222
All,58.08235029284121
All,51.36612726452821
All,37.93490253581107
All,51.39196471636153
All,64.66867028056026
All,50.82116348309479
All,43.57228640704405
All,60.94142061198663
All,64.40467856170537
All,45.80406009466842
All,45.79800128911338
All,62.19463339345607
All,55.11060193704135
All,37.28839212241806
All,45.63769263112874
All,58.22200067303402
All,44.078656118691505
All,33.36611213748873
All,49.44453557429638
All,56.21450568897698
All,39.59914947790332
All,39.210217553525524
All,58.71692498041429
All,57.29591863633834
All,41.491052397007195
All,50.12140195572251
All,66.34084372709512
All,55.419824757129874
All,42.973817562991975
All,57.04010582794692
All,64.78422169611568
All,46.732651396232995
All,40.927657468769425
All,57.29827848401731
All,55.54650450413517
All,36.44589426684363
All,40.398412301749005
All,56.478785221375915
All,47.29120054694776
All,33.501460524564976
All,47.187359670886465
All,59.32692603179509
All,45.14211254207401
All,39.78926061563105
All,58.68848572461333
All,62.39191353382798
All,45.337673050136914
All,48.14000460504901
All,65.69368239589001
All,58.58357106093486
All,42.051188080396095
All,51.66140325504372
All,63.175820021596195
All,47.51782680615517
All,36.71222898739674
All,51.900282530233696
All,55.91956666524927
All,37.479017551826864
All,36.86196983442187
All,55.107585403267024
All,51.69849114490479
All,35.972003739194946
All,45.882965503088094
All,62.080013682274235
All,51.30660420169144
All,41.168264246147324
All,57.4949655638871
All,65.74473125469719
All,48.76763437561729
All,45.38433759670179
All,62.694239398787374
All,60.0986278936665
All,41.104693032763734
All,45.63169054601915
All,60.16816263600472
All,48.59033888773455
All,34.033444100427694
All,46.94592642566684
All,56.57670243746132
All,40.55394957391256
All,35.453642733911536
All,54.18409452195295
All,56.71016263896195
All,40.22542279258123
All,45.21205581054962
All,63.733434347579006
All,57.03589769240645
All,42.75056974635441
All,54.848463130652014
All,66.78060323507377
All,51.344492370213985
All,42.12400340522596
All,57.78813736188985
All,60.14699992344996
All,40.642035088468006
All,39.9767918505062
All,56.538675684266394
All,50.33660029542996
All,33.53624089606285
All,43.16881939745793
All,57.61180425825272
All,45.393960985331766
All,36.1392627275334
All,53.49070442521684
All,61.46972588554435
All,45.39996539441087
All,44.7237191525767
All,63.65208241474228
All,61.40170014426871
All,44.08490397025495
All,50.8116164786326
All,65.38997664913748
All,52.978339166921714
All,38.93069822756865
All,51.809566163000156
All,59.20125900254615
All,41.21405921272999
All,35.692933209381025
All,53.04091857736263
All,52.928872048506136
All,35.456984057477285
All,40.94314445272383
All,58.81457528610741
All,51.3050113343537
All,38.47304443181694
All,52.62011671158175
All,65.04637076116019
All,50.53713923565199
All,44.01908115577558
All,61.49984030251126
All,63.80460399518175
All,44.99287539504208
All,45.840533578617546
All,61.94218417251077
All,53.89470544391357
All,36.54806501356401
All,45.795096119476554
All,57.848428016621774
All,43.22243254051484
All,33.51928929079726
All,50.216348072259315
All,56.21788198044241
All,39.548402805098
All,40.2395246004027
All,59.722505660172544
All,57.31171499035566
All,41.74545098933591
All,51.14341356901982
All,66.66057472797128
All,54.80719937974239
All,42.9111348865478
All,57.36601421069754
All,64.08687402833999
All,45.60166630025986
All,40.71682529568297
All,57.183487165095016
All,54.510271073906175
All,35.69623127091962
All,40.749378423940065
All,56.59633884201275
All,46.75668969875945
All,33.771418823863335
All,48.28129470634846
All,59.723313931236575
All,45.123127117670116
All,40.691496878628556
All,59.76200889073748
All,62.370681886717264
All,45.187505278346165
All,48.79055705466243
All,65.88326827846181
All,57.68791736154719
All,41.51155866242115
All,51.78604679087295
All,62.530799622890214
All,46.27427758081246
All,36.382502388992634
All,52.04700186784873
All,55.255751711708044
All,36.86479844828116
All,37.423556261477366
All,55.71947017080538
All,51.51092186032682
All,36.278771602344065
All,47.11745724785843
All,62.72941687776023
All,51.20588589128193
All,41.748724784893305
All,58.43803540907001
All,65.60663840726733
All,48.17365267804654
All,45.58722571282044
All,62.75431614480605
All,59.05119458993861
All,40.21706013939814
All,45.64660957219454
All,59.74716256807551
All,47.45996667727301
All,33.71931832686341
All,47.42621565963642
All,56.40110497350248
All,40.15291144298638
All,36.163302972184255
All,55.18863704409168
All,56.80870775548283
All,40.44151371232459
All,46.364029049597825
All,64.46234635745525
All,56.755207275760576
All,42.869397157177886
All,55.516312874403965
All,66.51000124563586
All,50.367302385173645
All,41.90408871891862
All,57.7871810149589
All,59.13850893630546
All,39.59751107609904
All,39.996825976747665
All,56.48804854541429
All,49.511165996330305
All,33.330694303919685
All,43.972608479660245
All,57.936990699722976
All,45.20337046302294
All,36.86396639325397
All,54.70369838774936
All,61.734701313941265
All,45.38989952444196
All,45.58031396937023
All,64.30148143374717
All,60.896929610159106
All,43.69435137706926
All,51.1431298292794
All,65.0446442195239
All,51.77080709280684
All,38.39963876868901
All,51.857047739275444
All,58.4374823039545
All,40.21736578907244
All,35.813344314794215
All,53.438025930886
All,52.52342056423464
All,35.38491245256897
All,41.969962740105785
All,59.5496151005461
All,51.25269487926551
All,39.04078581072176
All,53.81790596476593
All,65.34107099922062
All,50.2021887222931
All,44.4276581924616
All,61.96583673453477
All,63.10911385850666
All,44.15200996114631
All,45.864181029350874
All,61.63870174934705
All,52.669791207842835
All,35.868482405740046
All,46.000988215260115
All,57.49922132657889
All,42.44222334886798
All,33.78000282372262
All,51.04219222564642
All,56.24878265459351
All,39.56253993080161
All,41.31560694715807
All,60.69850277192982
All,57.2875329370438
All,41.99080728993745
All,52.11536887803088
All,66.87525061441598
All,54.122180860951545
All,42.81437088458661
All,57.62207909956906
All,63.311755980448254
All,44.46426401071386
All,40.53184490605353
All,57.06271529885277
All,53.49237400756014
All,35.03478815352635
All,41.18226611940634
All,56.75185523775228
All,46.28802748437861
All,34.139238572925336
All,49.41762971479209
All,60.112330795635046
All,45.123339254316576
All,41.608445764071426
All,60.77625078433317
All,62.2686001606948
All,44.99867959973464
All,49.38711118250516
All,65.9683851226963
All,56.71888042235583
All,40.95845594775347
All,51.88118932292675
All,61.84113390231298
All,45.05291406862087
All,36.121579158687446
All,52.229527565920066
All,54.628256523440044
All,36.347490596912436
All,38.080108965686605
All,56.36551649812617
All,51.35958487825581
All,36.65315318281009
All,48.36992300794087
All,63.33189330676863
All,51.075880061684366
All,42.31375983725207
All,59.30463882066628
All,65.36457783950998
All,47.52772273998794
All,45.75095001484676
All,62.733524488691
All,57.948088466126
All,39.347227264489966
All,45.680840928497965
All,59.32028239102791
All,46.37575317541335
All,33.504096096754814
All,47.97073794667571
All,56.26393637241815
All,39.83495830711137
All,36.95869288516937
All,56.2080420134793
All,56.900759088701335
All,40.68258918819488
All,47.505700099342455
All,65.11102692160961
All,56.405568165388765
All,42.953799894323495
All,56.109685242410116
All,66.13536441225588
All,49.343421673969864
All,41.67604565400713
All,57.746436762241714
All,58.1038916292232
All,38.603308489774925
All,40.08176649440437
All,56.46513473781392
All,48.742423594111074
All,33.23327137585851
All,44.8496529891694
All,58.28530525018393
All,45.06170061615786
All,37.64686309636618
All,55.90354056567241
All,61.947634966717345
All,45.36089249158143
All,46.40440020176498
All,64.8533654222346
All,60.301461619189894
All,43.266990827099136
All,51.42280427533473
All,64.61762268330513
All,50.537045066923895
All,37.90009380582501
All,51.913317667787005
All,57.67910747149589
All,39.29443948111329
All,36.03005554324719
All,53.88251742193185
All,52.166765666602984
All,35.40653325897006
All,43.05918766276627
All,60.27902056792985
All,51.202428184644575
All,39.62949634419228
All,54.975451201177194
All,65.54685407699895
All,49.81401536492314
All,44.79552093064056
All,62.33890029386835
All,62.32327115100373
All,43.28875630072386
All,45.87497048617523
All,61.29195470221068
All,51.44650586561291
All,35.258088404158244
All,46.25997622989968
All,57.178991199687744
All,41.74192941566104
All,34.14686316460507
All,51.91687853098203
All,56.302571891843
All,39.6355682330391
All,42.428433773610735
All,61.63499417858562
All,57.216935431485815
All,42.22096607949921
All,53.03053436077355
All,66.98239127225894
All,53.36714619238265
All,42.68624862525752
All,57.811846828622
All,62.466993632122644
All,43.33058375972548
All,40.3802692762335
All,56.94293760395618
All,52.50147466527484
All,34.46760417707499
All,41.69788453126793
All,56.94484301806678
All,45.8844686181172
All,34.59972728193997
All,50.587319102779595
All,60.48617909611894
All,45.135751464103215
All,42.530645096258134
All,61.72239116906852
All,62.081694642785266
All,44.76937628418471
All,49.927602452923104
All,65.95065461669178
All,55.68322355839662
All,40.398991020876316
All,51.95307095690042
All,61.115885556455396
All,43.86419332438964
All,35.93617075531728
All,52.45181754383803
All,54.04163069657818
All,35.92921040897054
All,38.828054581017696
All,57.04018023250717
All,51.23967806926195
All,37.08760498148379
All,49.629628390046726
All,63.878783368805266
All,50.91090291151817
All,42.85694146177208
All,60.089239266275584
All,65.01843048106613
All,46.833101247054664
All,45.87836328597891
All,62.636988376492745
All,56.79892592294275
All,38.50474119671504
All,45.7411812523054
All,58.895022172643564
All,45.34590037628581
All,33.39161402565314
All,48.57898956597063
All,56.16458527928342
All,39.59796031545773
All,37.83256107204651
All,57.23307770983919
All,56.979159463108445
All,40.94098086438196
All,48.62728782973716
All,65.67238373363668
All,55.9845886151881
All,43.0021014780415
All,56.62752896062574
All,65.66064458592707
All,48.28057603985898
All,41.446579406946015
All,57.67284811056822
All,57.053236780718514
All,37.66888177714097
All,40.23668941378022
All,56.47369828915982
All,48.0343941952403
All,33.243819790404714
All,45.79475671029161
All,58.65127838448694
All,44.963513347398326
All,38.478845220209394
All,57.07962605323241
All,62.10131900150659
All,45.30751598779136
All,47.189557104634446
All,65.30408563883572
All,59.61724442479452
All,42.806391169876214
All,51.65398870063753
All,64.11589898539863
All,49.28743590254031
All,37.44056567935887
All,51.98486795938219
All,56.93410839464549
All,38.452235799694144
All,36.34467822843763
All,54.373190517563074
All,51.85797668915461
All,35.517826858499184
All,44.20201166909393
All,60.99402194934206
All,51.14737037865539
All,40.23065822582471
All,56.0834119264083
All,65.65869435008844
All,49.37125083223504
All,45.12113461821722
All,62.61963171476658
All,61.453153531317994
All,42.41105819185331
All,45.879336995269675
All,60.90996179177535
All,50.23535001503738
All,34.724730046986416
All,46.575908362399694
All,56.891508372330364
All,41.12437670719993
All,34.61732472867404
All,52.83431167205478
All,56.37393617456402
All,39.760916955190304
All,43.56770901767917
All,62.522283068329735
All,57.09398235743962
All,42.43039179816295
All,53.88308344962144
All,66.98066824399017
All,52.54552399102891
All,42.53035918860486
All,57.93969602685883
All,61.561354188655116
All,42.210942580776134
All,40.2694793979943
All,56.830800833423936
All,51.54560552142317
All,33.999716748493604
All,42.29597370794419
All,57.173854209812745
All,45.54428466047946
All,35.146757971393896
All,51.78075558093134
All,60.836883873562556
All,45.15336580993488
All,43.44890912414009
All,62.59233522403223
All,61.80694587701865
All,44.49870816809715
All,50.41098041221211
All,65.83280742591656
All,54.58858776533724
All,39.840784435756646
All,52.008258677859885
All,60.36422330317705
All,42.71821509961151
All,35.832269054617534
All,52.7170315566427
All,53.4995007623707
All,35.61093077391362
All,39.66273448859817
All,57.737133519779
All,51.145786125108486
All,37.57411249420767
All,50.88578318183517
All,64.36182017521415
All,50.70583911249391
All,43.372564375927254
All,60.78733509094289
All,64.5692346046595
All,46.0940109091319
All,45.97314444331461
All,62.47060570758621
All,55.61378493154144
All,37.69913548010946
All,45.834157321015084
All,58.47844375894599
All,44.377812417828956
All,33.384624827636834
All,49.24943386820816
All,56.10149910987615
All,39.438809010848516
All,38.77684757168528
All,58.25414037737844
All,57.03668872454173
All,41.20912505744743
All,49.719474376414965
All,66.14019781633229
All,55.490851449807415
All,43.0135708232279
All,57.069854077045875
All,65.09084658087723
All,47.18720623238248
All,41.222786134891855
All,57.573596367402175
All,55.99655932609721
All,36.80313383925416
All,40.46587449500959
All,56.516664789399876
All,47.39008516692837
All,33.36102312006203
All,46.80175145501869
All,59.0287654468129
All,44.902822005195816
All,39.350483879470715
All,58.22150874063876
All,62.18906363816771
All,45.22497472096522
All,47.93020744495342
All,65.65112168919866
All,58.84733612589383
All,42.31700248824252
All,51.840823246011176
All,63.54713285102168
All,48.03261783811392
All,37.029384006950195
All,52.077837467095236
All,56.209885890224214
All,37.69675950336664
All,36.75771378987904
All,54.90785886426992
All,51.59518490830709
All,35.71383619170724
All,45.38898855017692
All,61.68565128758215
All,51.08071209419828
All,40.8359902722036
All,57.133102008456525
All,65.67253689196248
All,48.873496196129615
All,45.40393719061166
All,62.80971510333422
All,60.505780847353414
All,41.527408757508056
All,45.88401002317934
All,60.500866011007574
All,49.04654709584902
All,34.275545968167236
All,46.951794556720834
All,56.63965140287467
All,40.591297308556015
All,35.18771461373686
All,53.78755939552862
All,56.456975481726865
All,39.93154969206481
All,44.72300374860148
All,63.351027527687265
All,56.913338222740286
All,42.61425589703096
All,54.66815889552534
All,66.8699234102525
All,51.66176731860577
All,42.351104067679984
All,58.01075217867765
All,60.604128743965425
All,41.11570348289192
All,40.20656097876828
All,56.732512005397865
All,50.63207228839676
All,33.63509765390396
All,42.97518651493831
All,57.4365012694823
All,45.264812191620415
All,35.77335681238011
All,52.98788790987109
All,61.15641672616714
All,45.16930657786218
All,44.354449723980494
All,63.378814485191626
All,61.442350046171384
All,44.18674635498262
All,50.83720342598961
All,65.61863589171939
All,53.44340270379582
All,39.29185662781179
All,52.053527560669906
All,59.59529232134842
All,41.624596261980706
All,35.815048995896824
All,53.027465787514735
All,53.00453211882596
All,35.392482315649914
All,40.57845396654555
All,58.44934656695542
All,51.07198118094986
All,38.10431223167098
All,52.12767596953678
All,64.77325107046957
All,50.45623913083757
All,43.855722536310886
All,61.39550429196997
All,64.01918276029151
All,45.31559664191746
All,46.039728159612125
All,62.24094872944896
All,54.40307809762135
All,36.939799583543945
All,45.96590847774296
All,58.077065124433005
All,43.478010481492014
All,33.48475379066311
All,49.97950159517017
All,56.07221575544307
All,39.35348248057082
All,39.782787367227066
All,59.26137826713961
All,57.066187424571204
All,41.47968457748502
All,50.77351990493351
All,66.50920834795585
All,54.92395752319033
All,42.98843298896321
All,57.43770902155811
All,64.43196091863082
All,46.072366044960695
All,41.01203809514961
All,57.45597742894654
All,54.94367020133602
All,36.01430034574694
All,40.77272308107854
All,56.59606950124747
All,46.81146830750018
All,33.58242354695783
All,47.86356412638615
All,59.41103875690513
All,44.87320111133075
All,40.252158369634735
All,59.31903354855414
All,62.20480819516496
All,45.109193195523986
All,48.62168119065909
All,65.89310609184068
All,57.9958808972694
All,41.804097989290504
All,51.988156248390304
All,62.91954396976987
All,46.78335215178132
All,36.67457921749635
All,52.19790064958263
All,55.513170139082746
All,37.032995889413655
All,37.268531073938476
All,55.48336921587504
All,51.37563002100954
All,35.988749148323535
All,46.61014953041092
All,62.34486888291278
All,50.99579778677612
All,41.437567310230655
All,58.116593917609045
All,65.58536397586474
All,48.32134841885622
All,45.644334854220304
All,62.911875943912776
All,59.48902978087658
All,40.64673950233434
All,45.89589477409451
All,60.07280799689622
All,47.88991661751414
All,33.91686414732546
All,47.389739615804444
All,56.425368623818336
All,40.14332607164232
All,35.853276591327926
All,54.768934244116174
All,56.54530403798035
All,40.14008277514101
All,45.88388971703706
All,64.11236602844465
All,56.670371510025475
All,42.768512652179545
All,55.38192081714398
All,66.6511718497084
All,50.721311389745956
All,42.153624520694386
All,58.03079175567852
All,59.6050084951573
All,40.055142198206596
All,40.198184548354895
All,56.6537340408032
All,49.76736729722548
All,33.376603691655895
All,43.73308606422027
All,57.72948905567567
All,45.04251466185396
All,36.471801873841045
All,54.19834541922311
All,61.436821755391264
All,45.17694056863907
All,45.23899077370075
All,64.07547658597831
All,60.9869663318126
All,43.834530861437756
All,51.20721816411896
All,65.31293243702522
All,52.256786389619236
All,38.76051122955123
All,52.09573905022982
All,58.81808626615096
All,40.592351838510574
All,35.888782030281874
All,53.384500758947894
All,52.55840592983278
All,35.272570365695735
All,41.568545770635225
All,59.1691807846273
All,51.01193131898538
All,38.669617595902025
All,53.344807524217
All,65.10595290582272
All,50.15840658769035
All,44.302372857429766
All,61.911434086000554
All,63.371602914971504
All,44.503867465209964
All,46.0832226123287
All,61.95515562895399
All,53.17742141492636
All,36.235848985853316
All,46.142074444311085
All,57.69676391702881
All,42.652060523818506
All,33.69247046612955
All,50.765606647426075
All,56.07340970800809
All,39.337123169123785
All,40.841023209657855
All,60.24482022058235
All,57.06068035341782
All,41.745666132521585
All,51.78136848962249
All,66.77518472944062
All,54.284554450192296
All,42.927864711562044
All,57.73314270188636
All,63.69088339539372
All,44.9456109599758
All,40.82186367373334
All,57.32727767871123
All,53.90405004364376
All,35.30984277947687
All,41.159688133365805
All,56.71301963507152
All,46.29947344978141
All,33.90445998749775
All,48.97229699465785
All,59.790889475931735
All,44.86790216699218
All,41.174187250737816
All,60.36246504170165
All,62.14322394747654
All,44.95689110105983
All,49.2602651821287
All,66.02983310152752
All,57.068069863330344
All,41.27370266743836
All,52.1014506596833
All,62.24179226701476
All,45.55038883833563
All,36.38375922794054
All,52.35016356995576
All,54.849934017907984
All,36.46485622297487
All,37.87535931095442
All,56.09563345233916
All,51.195720299176486
All,36.33599228933449
All,47.85512661844942
All,62.96269205941805
All,50.88624585378171
All,42.02793311260452
All,59.026812170449055
All,65.39524760170752
All,47.71641172197895
All,45.84368250270317
All,62.92982475381523
All,58.41153680118977
All,39.77830189213238
All,45.921950399333255
All,59.63380067505638
All,46.774753516768854
All,33.65411023337382
All,47.89088961763067
All,56.24965490707865
All,39.78001286982455
All,36.60822978018334
All,55.77008701284407
All,56.632159102582676
All,40.378907781721836
All,47.04007218900896
All,64.79803702954698
All,56.36124416803844
All,42.88996231851908
All,56.021579802446055
All,66.3265888338751
All,49.73051671797879
All,41.94371892466701
All,58.006137382518325
All,58.57395617973433
All,39.03931439359714
All,40.25049077165412
All,56.599490372595696
All,48.95709533904615
All,33.225942398336244
All,44.566158765732126
All,58.04866130377255
All,44.87305694730256
All,37.23373154456855
All,55.40156754907632
All,61.67034160550289
All,45.169993192712866
All,46.0948740713053
All,64.67696253636026
All,60.440949506766344
All,43.444066017904674
All,51.52292419621905
All,64.92141459702994
All,51.038434985827195
All,38.25521299188187
All,52.14171815695833
All,58.04132271145914
All,39.6297843541397
All,36.056761667019295
All,53.78856337890436
All,52.16181128131407
All,35.24880736185666
All,42.62544727656522
All,59.888491978100646
All,50.95901530355721
All,39.26134676458924
All,54.527021078863
All,65.3535393763776
All,49.80947431587246
All,44.70938516284301
All,62.33393489823361
All,62.63092403369874
All,43.66562491487821
All,46.10931661323197
All,61.6208149401585
All,51.94750056133261
All,35.59599805140257
All,46.36769022695364
All,57.34269160960002
All,41.90451482565334
All,34.00707599969419
All,51.603177135403165
All,56.10095190231638
All,39.384127159610046
All,41.94172615915126
All,61.194506963420075
All,57.01349806100154
All,42.00053157149087
All,52.73574362690373
All,66.93498485488311
All,53.574350122872936
All,42.83397478989697
All,57.95915225688056
All,62.87532262568522
All,43.81687890398775
All,40.65982409142152
All,57.19465086095268
All,52.88672854133482
All,34.6963517318967
All,41.62821755218231
All,56.86767136296979
All,45.85399752347763
All,34.322521062789164
All,50.1193200837454
All,60.16073773406711
All,44.8799737807174
All,42.10695918023398
All,61.342610603330556
All,61.99980726136932
All,44.76564616069402
All,49.84323811699234
All,66.06225169491523
All,56.07008712209111
All,40.732509763926416
All,52.18668138008669
All,61.52285300945151
All,44.3443322408128
All,36.16399108136535
All,52.53906871178668
All,54.22531855629447
All,35.995138045966826
All,38.57529684017372
All,56.73967526425427
All,51.051105483073535
All,36.74833450591175
All,49.113281484812454
All,63.53032435204298
All,50.74606473280455
All,42.60020524127693
All,59.857614681203025
All,65.10138727573282
All,47.06129361076987
All,46.00424929302872
All,62.868187258701056
All,57.28259079033274
All,38.931543168527654
All,45.96906693992728
All,59.19160698657017
All,45.70971533749806
All,33.491727777862266
All,48.455392484323426
All,56.11254356591416
All,39.499850215394915
All,37.44584117798781
All,56.782110620808716
All,56.710516163330205
All,40.64031633552342
All,48.18152018317553
All,65.40049097757078
All,55.982989871331135
All,42.976300689335275
All,56.58541464864726
All,65.89948114129272
All,48.69659846166881
All,41.727749359790316
All,57.94354562882896
All,57.521074573222094
All,38.077925232810195
All,40.36898269356985
All,56.5740799573041
All,48.205912987756946
All,33.18365334569038
All,45.469842878321366
All,58.3890609293386
All,44.751391453362174
All,38.050261060343324
All,56.58693658876766
All,61.849541727194705
All,45.14265861606771
All,46.91515529621776
All,65.17897045895853
All,59.80556722753526
All,43.018300659489505
All,51.7871242795154
All,64.45063778428364
All,49.79850423588519
All,37.78446209559655
All,52.19813142821566
All,57.273323817155095
All,38.74438301801663
All,36.321242241057476
All,54.23910372948508
All,51.81445265862796
All,35.317760158884695
All,43.74079011861639
All,60.59874210610578
All,50.906441805883
All,39.870850708929765
All,55.664627663910174
All,65.51045884475421
All,49.40746793626618
All,45.07457766680869
All,62.66293862910028
All,61.80262656146857
All,42.808378964846426
All,46.12417752931214
All,61.24584449008303
All,50.723936625103256
All,35.028437533773044
All,46.6470897173354
All,57.01919951126688
All,41.23886814357734
All,34.42670630579387
All,52.48670132471112
All,56.14998236690309
All,39.48824356521542
All,43.07472213298388
All,62.100623236220386
All,56.918394533043006
All,42.238301314433386
All,53.63023205547269
All,66.98659874525293
All,52.79611074501232
All,42.70976961663326
All,58.119617297062966
All,61.99369688702394
All,42.69636479275785
All,40.53338862731191
All,57.06499777666513
All,51.90017114062207
All,34.1794618238787
All,42.17871167240299
All,57.05922192807663
All,45.47392887612869
All,34.83101213867338
All,51.295374388357686
All,60.51274939759562
All,44.90238429966706
All,43.04106161685845
All,62.25093642968863
All,61.77096160035285
All,44.533943476780074
All,50.3688903954954
All,65.99244285099911
All,55.009041641539866
All,40.18778622884117
All,52.25022507335874
All,60.771888563231045
All,43.175508530085324
All,36.02168929603253
All,52.76831006384972
All,53.64357156910931
All,35.62550089275033
All,39.36433552669833
All,57.40969086074256
All,50.93676128801269
All,37.21799907897501
All,50.37383805265358
All,64.03928323447954
All,50.56976321521613
All,43.148170280593575
All,60.60386089895655
All,64.70413246246918
All,46.359585553531275
All,46.12916992786231
All,62.732422154972184
All,56.11201685087087
All,38.11597817879313
All,46.04394286314206
All,58.75362249780162
All,44.702718810837666
All,33.433111544083054
All,49.0823733482047
All,56.01311349231637
All,39.3003157734709
All,38.35851102841194
All,57.79565293648861
All,56.77320880444876
All,40.91662533563772
All,49.29859227072246
All,65.91299309687561
All,55.533579839092795
All,43.026154329540454
All,57.07277455080873
All,65.37424310051549
All,47.62754293433423
All,41.512538814477665
All,57.85008912499255
All,56.45647392467747
All,37.18020314381448
All,40.558426543515004
All,56.581003964508085
All,47.51748222588024
All,33.2491052626946
All,46.43857221176812
All,58.745003281160436
All,44.671854440444655
All,38.91210545199324
All,57.74391174004141
All,61.96743101829751
All,45.08970229328381
All,47.69368866050743
All,65.57830489551456
All,59.0832017153418
All,42.5610933675487
All,52.00346113089315
All,63.90789707283907
All,48.54748419978837
All,37.356666694053025
All,52.27136754423967
All,56.52190393933611
All,37.94273416759771
All,36.68339183529971
All,54.73458698810205
All,51.51507258331962
All,35.475011523003786
All,44.90550107881959
All,61.29111799724968
All,50.84737131012919
All,40.48963947252834
All,56.74852474084362
All,65.5720812096044
All,48.95135596042368
All,45.39673749931231
All,62.8994812811653
All,60.89317848348495
All,41.94025264053892
All,46.134341542312775
All,60.8383666804381
All,49.51715315591102
All,34.54071848137616
All,46.98381946493297
All,56.72977771483183
All,40.65752903546625
All,34.9483510606575
All,53.4097878677386
All,56.21499458656063
All,39.64268252706215
All,44.22962266390692
All,62.95362887300184
All,56.7696592433407
All,42.4536484361507
All,54.45935472730823
All,66.92917691516051
All,51.95364334444885
All,42.559104369600774
All,58.21922165856973
All,61.05502174314588
All,41.59439063814687
All,40.44981022448385
All,56.944850605973166
All,50.95217470723753
All,33.76377946035264
All,42.810495619017736
All,57.28591698116872
All,45.1571864288879
All,35.4234354576537
All,52.49068448380157
All,60.83895775270598
All,44.92814509059963
All,43.967405551818466
All,63.07967470619276
All,61.45406715634306
All,44.26121061151867
All,50.83652859654062
All,65.82358148471285
All,53.89288595569938
All,39.64726855605623
All,52.29874414158522
All,59.998118668210545
All,42.05383689966408
All,35.962512580648635
All,53.04075977347535
All,53.10800031866614
All,35.35645771720471
All,40.23740056810041
All,58.09912285057894
All,50.84708422761219
All,37.736782484108225
All,51.62601693463461
All,64.48152452557692
All,50.35245329602742
All,43.66636808581847
All,61.26146580105389
All,64.20498934888072
All,45.615828541382676
All,46.22238240236832
All,62.52872770386244
All,54.91005293377673
All,37.34105906235338
All,46.15296504641128
All,58.32676461892054
All,43.76084727593372
All,33.4805548708832
All,49.76992514198179
All,55.949511402748264
All,39.17792908991635
All,39.33786981628604
All,58.80103696153265
All,56.81305144668246
All,41.20030074774415
All,50.38215616385056
All,66.32971549137774
All,55.01197518459594
All,43.039100963541976
All,57.484065776171434
All,64.75629799052949
All,46.532012432260515
All,41.30526054140935
All,57.73303478039553
All,55.39014022018301
All,36.35477958736446
All,40.8227626042238
All,56.622905246101055
All,46.89443898554973
All,33.42050900974798
All,47.46583441104132
All,59.11016127198378
All,44.62827109782298
All,39.809707140060134
All,58.86216261071698
All,62.01757704412759
All,45.00655433765586
All,48.4251990647307
All,65.87291100460222
All,58.27733574050697
All,42.0771632444
All,52.17634167324778
All,63.30111944266547
All,47.296069052210306
All,36.980015557622615
All,52.36742234808531
All,55.79426579652177
All,37.23044421824999
All,37.14326008732033
All,55.27250064754
All,51.26148902354751
All,35.715234878446225
All,46.10991281803027
All,61.956655309184214
All,50.77503885291263
All,41.10950486805089
All,57.77030647089994
All,65.53477253346438
All,48.44108562405228
All,45.675626008961274
All,63.04567025523172
All,59.9099578485089
All,41.06987667321863
All,46.14659790799669
All,60.40658195323198
All,48.33724641458632
All,34.139644229122204
All,47.380563948525044
All,56.4770078640627
All,40.16180671149294
All,35.567888261369994
All,54.36523950325043
All,56.28993030441664
All,39.84023019165412
All,45.39595801380605
All,63.74438695133978
All,56.5622218837998
All,42.64198200956872
All,55.218623961717526
All,66.76304306155731
All,51.051762949455835
All,42.386620590563886
All,58.26336387766294
All,60.068790054445124
All,40.52127305591087
All,40.41600333981306
All,56.840263590395324
All,50.04977360793998
All,33.4528244431697
All,43.5218069917129
All,57.54507305069524
All,44.900773026551875
All,36.092482197700555
All,53.695078952574185
All,61.13138830778867
All,44.95043260884263
All,44.87734448483051
All,63.82192045327268
All,61.047537038136284
All,43.94783785141405
All,51.246464580841256
All,65.55988361245917
All,52.73032277948963
All,39.11905050576424
All,52.33906662202813
All,59.21069110972716
All,40.988706289772956
All,35.991270452492536
All,53.35840749755507
All,52.620938853527264
All,35.18738210913858
All,41.18840516598733
All,58.800746250768135
All,50.775995304920926
All,38.29617819180532
All,52.85916982257033
All,64.84956165661859
All,50.08994399046571
All,44.150163836718846
All,61.8274390179014
All,63.60661178619041
All,44.835463977065245
All,46.288553173754785
All,62.263938561903416
All,53.68722102686522
All,36.61604467020794
All,46.302093027444954
All,57.91737005665232
All,42.89027022353557
All,33.63521186875894
All,50.51511461731201
All,55.91898884100151
All,39.12832164538137
All,40.374885517066275
All,59.78838666796073
All,56.82296311333714
All,41.484078115593825
All,51.42370041092134
All,66.64581723228017
All,54.41816496267919
All,43.01567471911426
All,57.82072308751805
All,64.0520256372551
All,45.41923970417578
All,41.1133212128416
All,57.59971993765484
All,54.3318061494517
All,35.60957653817697
All,41.16502750469896
All,56.70152149725057
All,46.33837699747058
All,33.6949462042796
All,48.54424304112463
All,59.47766113788966
All,44.61406776442188
All,40.73336633760039
All,59.93170025173342
All,61.994214116050955
All,44.889392314475145
All,49.105340758042416
All,66.06189318896111
All,57.392523052187656
All,41.57202691831962
All,52.31084992979049
All,62.638748060987275
All,46.05502377405771
All,36.66235269276805
All,52.49179005302468
All,55.09690667667189
All,36.612076185512365
All,37.699761396119165
All,55.849376975276186
All,51.05064697480939
All,36.03228118407593
All,47.34388289802797
All,62.58636593527639
All,50.682875735662705
All,41.72263780442062
All,58.722364077347976
All,65.39595631944377
All,47.877603865676406
All,45.91196880371599
All,63.10463684588615
All,58.861162835267386
All,40.20627569304615
All,46.16786896586059
All,59.95864231121855
All,47.19386064807951
All,33.83117204599551
All,47.83908350669951
All,56.26253041906082
All,39.75191353617694
All,36.2801338747778
All,55.34513920720098
All,56.36828333642702
All,40.07336894181121
All,46.56331075551092
All,64.46428717686423
All,56.29174817923769
All,42.79951847547487
All,55.90458601701338
All,66.48969088828815
All,50.09624483983981
All,42.19767108099904
All,58.258057756273196
All,59.04484609202782
All,39.48719005351497
All,40.43842586985377
All,56.75671171264497
All,49.19915752286757
All,33.24898626773266
All,44.30979912504466
All,57.83311482768482
All,44.70084213401466
All,36.83013512260724
All,54.89811693710952
All,61.3821848669151
All,44.96270741318455
All,45.762785949589144
All,64.47171667811668
All,60.55085914291816
All,43.59518332390013
All,51.59998944346411
All,65.20653954029062
All,51.53070083711348
All,38.61146435146681
All,52.37806382799027
All,58.4185546598035
All,39.9888593753433
All,36.111841153903136
All,53.72231339292318
All,52.18373045360963
All,35.11653115047915
All,42.21031932288804
All,59.506765396409826
All,50.71705099184863
All,38.887503643803356
All,54.06291193729829
All,65.13657805305986
All,49.77882468022828
All,44.59580686755769
All,62.29990857988347
All,62.912776502703224
All,44.0247705579348
All,46.33299089805113
All,61.94541439194912
All,52.4541947217769
All,35.94987160104309
All,46.49674927778308
All,57.531102002811224
All,42.09617606760388
All,33.897075013075025
All,51.31400376952418
All,55.91795336814095
All,39.14631915493873
All,41.45997958014312
All,60.747756698467775
All,56.796090358960384
All,41.76107800203857
All,52.41543663301507
All,66.85751127779322
All,53.75318929097239
All,42.957356153507156
All,58.0851664007908
All,63.268677242601456
All,44.298913540271585
All,40.94423961726184
All,57.45742832395295
All,53.29082660863503
All,34.951703280480494
All,41.58728913242882
All,56.817652817618225
All,45.84984711644377
All,34.06841307239223
All,49.665622489454556
All,59.840187418314784
All,44.62238959199914
All,41.67337238512745
All,60.943003884331894
All,61.89234260799088
All,44.73521220047876
All,49.73074170161421
All,66.14551791474722
All,56.43434362112508
All,41.05192268057471
All,52.412649906435945
All,61.929620289635736
All,44.83504961468458
All,36.41105578343521
All,52.64936227946549
All,54.43553601983445
All,36.09110065125377
All,38.35067382237067
All,56.460830426995294
All,50.878683398648015
All,36.41927664449724
All,48.59691942391887
All,63.17136700946787
All,50.564628364225314
All,42.32173853949767
All,59.597974903802246
All,65.1541605175307
All,47.2628630834827
All,46.107430715256356
All,63.08047468031455
All,57.75571062104848
All,39.35874758533905
All,46.2050877135475
All,59.50252675971778
All,46.09607014193396
All,33.62032587124326
All,48.36016590230822
All,56.08702688262518
All,39.426983079953494
All,37.07890588322945
All,56.340947594301404
All,56.44321083661769
All,40.33440108126415
All,47.721447930829896
All,65.10536273128594
All,55.95472532265998
All,42.92333998377667
All,56.514848527419794
All,66.1117651081885
All,49.093762501827676
All,41.99823323329482
All,58.20982453210931
All,57.99325555469819
All,38.50204899010002
All,40.52296692787564
All,56.69899889191891
All,48.40560212662871
All,33.15349571821964
All,45.1705599441868
All,58.14562672699475
All,44.55277683640914
All,37.627780337752284
All,56.08921903740136
All,61.58373500522396
All,44.958828331013116
All,46.61629400510758
All,65.02412663652585
All,59.96462304336485
All,43.205562858923805
All,51.8993327607115
All,64.76963406585143
All,50.303901355606605
All,38.13295738662707
All,52.42252758793135
All,57.630336122897404
All,39.062285447821054
All,36.32710210104473
All,54.132575486320285
All,51.79672538816128
All,35.141083536311854
All,43.2952518207604
All,60.208920363092766
All,50.66355981010734
All,39.50202854366319
All,55.227250674737796
All,65.33653098100721
All,49.41653670607735
All,45.000475441340235
All,62.67812899964248
All,62.12834290740945
All,43.190788025221885
All,46.361550047929086
All,61.580921915581214
All,51.22166502892588
All,35.351028717780274
All,46.74171716997861
All,57.17286841426337
All,41.38271905756366
All,34.26496847818537
All,52.16168642021875
All,55.94203315896344
All,39.226034856207825
All,42.58315000076727
All,61.669264080169
All,56.72592750740958
All,42.024914646239466
All,53.35039087592069
All,66.96211725932191
All,53.0191471383136
All,42.866547213925884
All,58.28074337716697
All,62.41427866527741
All,43.181057089315324
All,40.80552270762297
All,57.31326766120215
All,52.27606050353525
All,34.387363986902
All,42.09059517736696
All,56.971144167609594
All,45.4283720652501
All,34.53587888268795
All,50.821104515751344
All,60.1900956104096
All,44.646221867978184
All,42.62013413155901
All,61.887141525181875
All,61.70781801555442
All,44.54188642811518
All,50.29903304517573
All,66.12520071244417
All,55.40934428320189
All,40.523722847764205
All,52.487879948725904
All,61.182841195302565
All,43.64665022043615
All,36.23292025036811
All,52.84433645762228
All,53.81500554204087
All,35.66986183657816
All,39.092653749268095
All,57.101609508029945
All,50.7410045101692
All,36.86872980551247
All,49.85831154030752
All,63.70300963294893
All,50.41447241183558
All,42.9001182602244
All,60.39137893483064
All,64.80904954613368
All,46.59981152733232
All,46.264576095974576
All,62.97816504671979
All,56.60312647286357
All,38.53673773764016
All,46.265074797323166
All,59.045920504673866
All,45.05226970308935
All,33.51112141382822
All,48.94359229625143
All,55.95021722845302
All,39.18510339297812
All,37.957101827352076
All,57.34361020326281
All,56.50765034001698
All,40.615574125526635
All,48.860449915830046
All,65.66039890500407
All,55.54853571728923
All,43.01143884534126
All,57.04809247394885
All,65.63302689156643
All,48.05181212532083
All,41.79481208810398
All,58.12557828754962
All,56.92417334485356
All,37.57535758604436
All,40.67484216420964
All,56.671177070430545
All,47.67341358667896
All,33.16641215649651
All,46.09914620948639
All,58.47741797418295
All,44.451279921092706
All,38.47632653588288
All,57.257800707679024
All,61.72879308214764
All,44.93316005096303
All,47.431181243954455
All,65.47529219432373
All,59.29053143940413
All,42.78222471425259
All,52.14760779219226
All,64.25605487096085
All,49.0602168112887
All,37.69196549913926
All,52.47904894244984
All,56.85422325774793
All,38.21612369267291
All,36.638873919053246
All,54.5883119519037
All,51.45929396695648
All,35.25719236614354
All,44.434544246613264
All,60.89860137060689
All,50.60870274414995
All,40.131102584354636
All,56.34270863948371
All,65.44424532959458
All,49.0014320961814
All,45.36230684482002
All,62.96247362978956
All,61.25919802609321
All,42.341228846231445
All,46.380525875201265
All,61.1785121602015
All,50.00020633380464
All,34.827436961220464
All,47.041048196524834
All,56.846752574299714
All,40.752981037854795
All,34.73655733018816
All,53.052339486741964
All,55.986154025519674
All,39.360972370893776
All,43.73409973462908
All,62.543220069858194
All,56.60643238341031
All,42.26979622627974
All,54.222482811326344
All,66.95809937114879
All,52.21918859739284
All,42.746531508198565
All,58.41165885395944
All,61.49752353766886
All,42.07590062048758
All,40.70454085324347
All,57.174050769871556
All,51.29576052325308
All,33.92177739553625
All,42.67493612282657
All,57.1608829934157
All,45.07247631304209
All,35.09135810939694
All,52.00123510850937
All,60.51953083572774
All,44.678513162920474
All,43.56430749234543
All,62.75588280394714
All,61.43742840949085
All,44.30820812462179
All,50.808863345986374
All,66.00347757661527
All,54.32496558373533
All,39.99483561836524
All,52.543040184478635
All,60.4076544014059
All,42.50000031627439
All,36.13405064546425
All,53.08013499368144
All,53.23925287982176
All,35.34955922622253
All,39.92126614351551
All,57.76566236228958
All,50.63237422340986
All,37.372646450350906
All,51.11726294481571
All,64.17300544651386
All,50.22712057029592
All,43.45179052248701
All,61.09784172704831
All,64.36144082968892
All,45.892368409272294
All,46.38681507444727
All,62.80349024713418
All,55.41342462204399
All,37.749709983045285
All,46.35441677981807
All,58.596099683246294
All,44.070075102572424
All,33.50650471313488
All,49.58811819519283
All,55.850872546491345
All,39.023364953453594
All,38.90678875219903
All,58.34367315206428
All,56.554440823114426
All,40.90920583133278
All,49.97083417407111
All,66.12303195171317
All,55.0715178812986
All,43.06274743997718
All,57.5040685836588
All,65.05830425319338
All,46.97862467968234
All,41.59433456203104
All,58.01250632845128
All,55.84771098895533
All,36.71609981791798
All,40.898498214122014
All,56.676477404746514
All,47.00588762422878
All,33.286626674427936
All,47.08963271874425
All,58.82260026607044
All,44.3904736582557
All,39.36633001195915
All,58.39340626838578
All,61.81059896116857
All,44.88067251860593
All,48.201589024220155
All,65.82247747777335
All,58.531395947055756
All,42.32930950777677
All,52.34874350485465
All,63.673390450386016
All,47.81022362963913
All,37.29678566838698
All,52.55390013635508
All,56.097855257637775
All,37.45657821442927
All,37.04787892256825
All,55.087658604062426
All,51.16985463956892
All,35.460051799915945
All,45.618875756560456
All,61.566969516711865
All,50.5456556600131
All,40.76628074761687
All,57.400439338757565
All,65.45549594357901
All,48.53281850850832
All,45.68041239841133
All,63.15441146331095
All,60.31218732595605
All,41.48437907508048
All,46.39654231022949
All,60.74639472079786
All,48.80014438499516
All,34.3863362038387
All,47.39797986396778
All,56.55595694231635
All,40.20894854547622
All,35.308372468116644
All,53.97928825138187
All,56.04462770366232
All,39.544136587255004
All,44.90236863370405
All,63.36026024364702
All,56.43213578589759
All,42.49061524246973
All,55.02659169932995
All,66.84508881427921
All,51.35749168549761
All,42.60142047957386
All,58.48289220977745
All,60.527657747896576
All,40.99375052971117
All,40.64840416185513
All,57.046181947498795
All,50.3574724356621
All,33.559109726745014
All,43.33922328890556
All,57.38481206945786
All,44.77973058321919
All,35.727995275304814
All,53.196090156591275
All,60.82055076579794
All,44.71229844272997
All,44.496918360306985
All,63.54180237949459
All,61.07895910179222
All,44.03392086048095
All,51.25989738393131
All,65.78396120583113
All,53.189455822810025
All,39.47309784945643
All,52.58487476425127
All,59.61331215535088
All,41.404818791071826
All,36.119760994770616
All,53.35933643833473
All,52.711259534347946
All,35.13024496501145
All,40.83103003054536
All,58.44621516467048
All,50.547012399050786
All,37.92265060292503
All,52.36302653880306
All,64.57354920015106
All,49.99792224808447
All,43.971551234707945
All,61.713702895834956
All,63.81330557593329
All,45.145384041259376
All,46.47833660299178
All,62.56293628140165
All,54.196982601053165
All,37.00701609704398
All,46.47934752855074
All,58.15982331875842
All,43.15623486191927
All,33.608305066225235
All,50.29146971821508
All,55.78684269512467
All,38.93792253023593
All,39.919304285300036
All,59.33140552484338
All,56.57644596076713
All,41.20780710395397
All,51.043672154855024
All,66.48783674156152
All,54.52301355789848
All,43.07715314220271
All,57.88357827859347
All,64.39342808604977
All,45.88306678657727
All,41.40403642215361
All,57.87794633512569
All,54.77380559069396
All,35.93261846606627
All,41.19752772651165
All,56.7172545953771
All,46.405283669319
All,33.511881051482455
All,48.135175818194455
All,59.17467686574174
All,44.364007756062364
All,40.28812364543465
All,59.48584163900643
All,61.82299066420225
All,44.797030632693954
All,48.92255480648983
All,66.0640972139671
All,57.69111722372858
All,41.85179591950535
All,52.50740447914979
All,63.029819071265166
All,46.564650627730146
All,36.95544925906992
All,52.652921694001165
All,55.368222357491426
All,36.78884599165091
All,37.55371469262935
All,55.62778168839583
All,50.92591667562306
All,35.743976574148704
All,46.8383771142897
All,62.20508209353913
All,50.46771187438765
All,41.39944434909205
All,58.392333916328255
All,65.36707728393444
All,48.01098966845332
All,45.954877198548225
All,63.25646876877741
All,59.295032387912755
All,40.62898979856198
All,46.41643449527083
All,60.29281089643808
All,47.63142817345061
All,34.03418078779605
All,47.81486552982372
All,56.302761101007405
All,39.751505513392935
All,35.97585097705146
All,54.935084737113485
All,56.11125007110913
All,39.7681508967538
All,46.07746703281458
All,64.11147096633155
All,56.19824304104455
All,42.68302768449969
All,55.75860821800205
All,66.62389046678207
All,50.43922394334679
All,42.436086289070396
All,58.500103934155504
All,59.51435693895674
All,39.94485644734852
All,40.643841725529796
All,56.93555032308294
All,49.46794531510072
All,33.302421791496606
All,44.081282315384776
All,57.63995738102386
All,44.54681027184841
All,36.43816124371512
All,54.39539831468631
All,61.085250987472456
All,44.74082028777729
All,45.40947911582125
All,64.2383724956095
All,60.63124352707479
All,43.71973343653825
All,51.652799653038834
All,65.47128274185125
All,52.01177348801255
All,38.966660315954094
All,52.620250687265646
All,58.808946492682765
All,40.37024797388409
All,36.19448557653461
All,53.68361971913962
All,52.2330236826789
All,35.010837019462265
All,41.81547857829337
All,59.13586220266432
All,50.47870139481077
All,38.51010985892024
All,53.58503831901959
All,64.89743552600616
All,49.72295369234156
All,44.455046039953814
All,62.23640951197936
All,63.16775374320948
All,44.364585529615226
All,46.544029326321024
All,62.26358632160264
All,52.96441081505486
All,36.31776572969968
All,46.64563452430702
All,57.743234082577224
All,42.3165546018984
All,33.81720302096225
All,51.0503553028871
All,55.75509852728464
All,38.92406999832912
All,40.98536741551622
All,60.296926750961404
All,56.566677724029304
All,41.504200955930955
All,52.07069769502765
All,66.75040194920814
All,53.903400274388446
All,43.05549804892128
All,58.18843952091685
All,63.645154755878295
All,44.77453177355156
All,41.231343692944336
All,57.72926213268314
All,53.71209217971304
All,35.23250598798527
All,41.57459627403459
All,56.79494519279811
All,45.87281442022984
All,33.83880223256036
All,49.228090364390106
All,59.52664182205201
All,44.365173847943396
All,41.231947994011676
All,60.52530391433288
All,61.76050927415195
All,44.67867288377633
All,49.590065667629865
All,66.199729382458
All,56.77464965623048
All,41.355432937307626
All,52.6288999347958
All,62.333990384803045
All,45.334245050689056
All,36.67559797813733
All,52.78141629052544
All,54.67157599975272
All,36.217058757709076
All,38.15484318346072
All,56.20490582765006
All,50.72413674400927
All,36.102493189415405
All,48.082752405608915
All,62.80402066865157
All,50.368403015598375
All,42.022916069143896
All,59.311117435830745
All,65.17685937564846
All,47.43724079613605
All,46.18674463617796
All,63.27217617129691
All,58.21623657531958
All,39.78416071434095
All,46.4471277289808
All,59.82590757442388
All,46.50350750508576
All,33.77654526825813
All,48.293117275327454
All,56.0884944007325
All,39.38044162082304
All,36.73339133512091
All,55.91159810319362
All,56.17940781774089
All,40.02537902804275
All,47.249009094695516
All,64.78851042526138
All,55.90072608736695
All,42.84351981299932
All,56.41547147257111
All,66.29647367937328
All,49.47048932452065
All,42.25608240642602
All,58.469532827779744
All,58.4675987754483
All,38.93927833403409
All,40.69708560414611
All,56.84743178358288
All,48.63305395135713
All,33.15363103939295
All,44.89786224684855
All,57.92247064657565
All,44.36956685489169
All,37.2135595652798
All,55.588669335568255
All,61.30589094969437
All,44.757646390740874
All,46.2940970792925
All,64.8400433728772
All,60.094199540621915
All,43.36731946062422
All,51.98920283482463
All,65.07101987506223
All,50.8014794300308
All,38.483867128183974
All,52.656035050104485
All,58.00344335992369
All,39.404740799751224
All,36.36170147165681
All,54.05372230535694
All,51.805548203682626
All,34.98914787050614
All,42.86723297244833
All,59.82666635875936
All,50.420899296419186
All,39.12626320610705
All,54.77304862506018
All,65.13816820172957
All,49.39909715238711
All,44.898824138906356
All,62.66453398123471
All,62.4290033758508
All,43.55650876927444
All,46.58939148040152
All,61.91300656753877
All,51.726419188463
All,35.69069865230952
All,46.85847181710069
All,57.35176931319085
All,41.55583498885444
All,34.13271391820177
All,51.860492744571744
All,55.75178804152106
All,38.976326959039696
All,42.095197402953794
All,61.23033716123621
All,56.51841845632516
All,41.79163575186243
All,53.04440540801113
All,66.9073916913679
All,53.214108805676844
All,42.99956351874636
All,58.42143812031602
All,62.821076363212676
All,43.66282243682201
All,41.0837502657865
All,57.57371994557806
All,52.671781266811614
All,34.62250527226112
All,42.031382273753664
All,56.910040510570184
All,45.408650891750405
All,34.262951818247906
All,50.35993908260471
All,59.87108785218979
All,44.387024775167134
All,42.18808261555837
All,61.50250595063761
All,61.61849450947581
All,44.522877741052596
All,50.201097267399774
All,66.23011202504748
All,55.78795106187141
All,40.84665962056667
All,52.71908327302266
All,61.5949014152689
All,44.12963808938815
All,36.46436432587175
All,52.9440510308833
All,54.0133508334953
All,35.744239602178396
All,38.84859556862839
All,56.814356755055755
All,50.56038850440467
All,36.52844141342057
All,49.34140671993864
All,63.35502006862355
All,50.241616343317524
All,42.62956730077097
All,60.15043337467607
All,64.88382919844415
All,46.8138687389188
All,46.37798596011697
All,63.20600199995659
All,57.084980020622666
All,38.959217506650646
All,46.49551465301899
All,59.35361372041299
All,45.42521798499001
All,33.618041737957604
All,48.83316271658159
All,55.91352368256909
All,39.094476104702814
All,37.57442270290266
All,56.90011579640194
All,56.24219196250796
All,40.308049657410145
All,48.40684402656568
All,65.3837224894239
All,55.5364046821736
All,42.96946157057682
All,56.99519071309001
All,65.86594732295691
All,48.45826108347288
All,42.067553093707566
All,58.39788539470319
All,57.39753180173069
All,37.98675545439474
All,40.813761293401214
All,56.78640094054149
All,47.85773450933464
All,33.11348908011344
All,45.784660155442225
All,58.227685861731224
All,44.24311117298983
All,38.04534134257619
All,56.76532606089688
All,61.47501862161532
All,44.75678156129587
All,47.143573369455176
All,65.34231030823645
All,59.46885054535655
All,42.979301690057994
All,52.27166177938834
All,64.58961237852246
All,49.56862028570873
All,38.033131072683496
All,52.69897257748153
All,57.20532151108879
All,38.51595744983144
All,36.62386405543336
All,54.46941296799566
All,51.42884404178233
All,35.0619282796661
All,43.97808906672464
All,60.51026854995823
All,50.366858108854935
All,39.76234946271338
All,55.9172488960398
All,65.29006029703847
All,49.02410786322907
All,45.30037779733707
All,62.99777620402273
All,61.60233471085743
All,42.72841768345068
All,46.62043119323491
All,61.51912618167922
All,50.493682768325115
All,35.134061167533
All,47.12238126108104
All,56.99008358919816
All,40.87782411622562
All,34.55318724285813
All,52.71665123758249
All,55.772305602465316
All,39.0885358463523
All,43.23863913408898
All,62.121849856736
All,56.425339585644416
All,42.06389106071903
All,53.95813769117163
All,66.95659272245169
All,52.45762521837691
All,42.91203975819694
All,58.58626528119348
All,61.929519955901725
All,42.55802716475869
All,40.9686935395338
All,57.418366991571595
All,51.6615433379993
All,34.108421686770846
All,42.568530858875704
All,57.06207455930272
All,45.011942810087085
All,34.778889844351056
All,51.52163308632634
All,60.200321295715725
All,44.42249685947756
All,43.146975734905645
All,62.4087941990583
All,61.39316952775618
All,44.32781677517275
All,50.753637757995705
All,66.15712428845974
All,54.737918070463095
All,40.33251354178604
All,52.78424367063352
All,60.8217687296627
All,42.96121177484923
All,36.32825831023031
All,53.144769624347525
All,53.39809964547229
All,35.372274875511685
All,39.631192808871894
All,57.450618248625595
All,50.429844132570054
All,37.014084597039975
All,50.60357800293694
All,63.84959638608016
All,50.08170674552378
All,43.212916261986734
All,60.904915160469066
All,64.48811688535916
All,46.14415674970172
All,46.53145537549749
All,63.06327292013839
All,55.91100540528415
All,38.16358477872617
All,46.56833253899819
All,58.88352129117301
All,44.40467502307273
All,33.56224994366971
All,49.43441645230236
All,55.77725623770704
All,38.89129662207797
All,38.491487321408755
All,57.891454034203626
All,56.292516509037874
All,40.60838193711267
All,49.541183314561714
All,65.89024175559841
All,55.103015476699305
All,43.059145836350815
All,57.49685151295323
All,65.33651944086677
All,47.41030157553323
All,41.87713313120685
All,58.292219099677304
All,56.31434276190356
All,37.09657909333142
All,40.998786332012465
All,56.75625445492909
All,47.14593431424022
All,33.18157498974095
All,46.736361010875996
All,58.550189038477804
All,44.16190730982107
All,38.9242269545533
All,57.91483820781888
All,61.5855920072276
All,44.73277254829723
All,47.951490773682096
All,65.74176654457838
All,58.75733107915953
All,42.55922134206469
All,52.503593732747625
All,64.03426631266683
All,48.32360478115642
All,37.6228067044329
All,52.75556528989963
All,56.42261791963569
All,37.710672914347946
All,36.982356413455136
All,54.929479582435405
All,51.10194880501122
All,35.22492545424268
All,45.13911560668902
All,61.178004546260325
All,50.3097451141355
All,40.40973445745417
All,57.00839215511
All,65.34832372573125
All,48.596667806863344
All,45.6581669942472
All,63.23695004021863
All,60.69402967855321
All,41.88821184349963
All,46.64355870116879
All,61.09011308515156
All,49.276708179914245
All,34.65548847497302
All,47.44112353896049
All,56.66198398054577
All,40.28518494844682
All,35.075821816667776
All,53.61270786614076
All,55.81137318126281
All,39.253968050766744
All,44.40529314497451
All,62.96192200354317
All,56.28161517782103
All,42.31537454868977
All,54.80615914922899
All,66.89694650394
All,51.63747739633642
All,42.79648091196488
All,58.687442366734565
All,60.979437133133054
All,41.47039117216782
All,40.89342995256995
All,57.269914233349134
All,50.68940191644513
All,33.6950476734523
All,43.18562244022628
All,57.24962719236788
All,44.680853987824996
All,35.38025192279028
All,52.703542158596036
All,60.506482441545984
All,44.46453331798285
All,44.099370399665304
All,63.23625811954831
All,61.08171367008874
All,44.09259370111594
All,51.246696348710095
All,65.98375200124333
All,53.63230806321704
All,39.82052923526968
All,52.8309913775685
All,60.023898643326056
All,41.83896912575836
All,36.27306210556684
All,53.38671579556301
All,52.829442129787566
All,35.10190175863029
All,40.49778169673849
All,58.10740246934378
All,50.327066525526526
All,37.551227175592544
All,51.85847122462875
All,64.27967214155937
All,49.88360170953235
All,43.76721545841475
All,61.57024376996299
All,63.99100631227524
All,45.43234407823893
All,46.650831381051546
All,62.85008305176757
All,54.704496140431246
All,37.4066563692998
All,46.67204253328762
All,58.42277231823216
All,43.44917833909432
All,33.61166122238168
All,50.09526663235587
All,55.67815793503287
All,38.76761253571079
All,39.4763348566335
All,58.876076057603356
All,56.323240454178254
All,40.91871007307496
All,50.64272218163315
All,66.30208826851782
All,54.59926788323333
All,43.11181294840429
All,57.920606386750194
All,64.71344207965035
All,46.335070074530336
All,41.69183928122955
All,58.15982125159987
All,55.228124271834055
All,36.277470828144274
All,41.25627858609531
All,56.75994686929007
All,46.50057642922831
All,33.35630448684043
All,47.74669228449119
All,58.88390011677376
All,44.11987562576437
All,39.84063288661442
All,59.02685606043702
All,61.63109570465847
All,44.680804097303835
All,48.71228939971116
All,66.03614117762912
All,57.962876719375664
All,42.11149279728953
All,52.689205750547956
All,63.41284830435569
All,47.077074651040846
All,37.26106305524914
All,52.831956130180416
All,55.66278134904969
All,36.99469676904313
All,37.43745346458282
All,55.43173219839508
All,50.82296026968034
All,35.47295473018192
All,46.34076265846931
All,61.82102747871279
All,50.2427655556594
All,41.060035096985274
All,58.03790553149311
All,65.30914687626876
All,48.11642540318865
All,45.97162888679331
All,63.38395433029373
All,59.711297630388415
All,41.04432377616319
All,46.66547211469621
All,60.634247453078075
All,48.085702817006904
All,34.261894700976356
All,47.817620344081746
All,56.37037891343785
All,39.77947823595116
All,35.696696637569666
All,54.541717780378924
All,55.86313238783884
All,39.465437462472146
All,45.5846484693423
All,63.741383671719944
All,56.082028609696685
All,42.54120847986858
All,55.58371741620036
All,66.72856568009813
All,50.758206175884325
All,42.657246329751956
All,58.73023404251778
All,59.98028561861803
All,40.410184669364654
All,40.86491227082253
All,57.134625042501504
All,49.76263669393785
All,33.38610096207476
All,43.881156482437376
All,57.47034242841588
All,44.41261209345933
All,36.059838624726666
All,53.89561325317351
All,60.781669447448564
All,44.50620695803242
All,45.03642532359221
All,63.97782962941791
All,60.6823220312333
All,43.8172687342001
All,51.68029646305219
All,65.71403830841197
All,52.479648739656305
All,39.318628131588504
All,52.86613846094874
All,59.21055734180088
All,40.77240937915451
All,36.30373422448642
All,53.672169107573154
All,52.31002819825648
All,34.932711633583835
All,41.4424859094589
All,58.77773270731399
All,50.24611077505528
All,38.13133762656016
All,53.09539297339604
All,64.6376967693361
All,49.64289766671192
All,44.28752724110101
All,62.14319061204489
All,63.39492988639644
All,44.68358076649147
All,46.74054525292203
All,62.57319293965359
All,53.47594866511584
All,36.69766492243098
All,46.812712689821154
All,57.97795381695148
All,42.56512829164218
All,33.76763708693008
All,50.81307690901521
All,55.61378622374444
All,38.7192217860345
All,40.52002735739361
All,59.844216475070134
All,56.327291312913566
All,41.231605100378026
All,51.702753560882456
All,66.61425054903049
All,54.0248858502796
All,43.12766013740332
All,58.26765005295396
All,64.0029420847431
All,45.24161988980683
All,41.51895510910691
All,58.00808533517683
All,54.148744725401734
All,35.53746809121454
All,41.5894756096077
All,56.799539910049205
All,45.92353947600168
All,33.63495483519097
All,48.808492559894766
All,59.222165844224335
All,44.110503376234846
All,40.78480184094659
All,60.09134217511067
All,61.60565076714461
All,44.596784791702
All,49.421329058646606
All,66.2243215822566
All,57.08979838834871
All,41.64134433822541
All,52.833410426163894
All,62.73377144499243
All,45.83977198965177
All,36.95575783240565
All,52.933818312452836
All,54.93257560266537
All,36.37280628008648
All,37.98830136169078
All,55.97302137655557
All,50.58908424374781
All,35.799983697337495
All,47.572978725550016
All,62.43043426073134
All,50.15928478917276
All,41.70523851578171
All,58.9979932454043
All,65.16975916455854
All,47.584020489887415
All,46.24117199307946
All,63.441728947534926
All,58.66218832539967
All,40.20560741925756
All,46.6930384630933
All,60.159794777734305
All,46.930448607946055
All,33.95937219336772
All,48.25388892476878
All,56.117241382011564
All,39.361161084933784
All,36.41081694596355
All,55.495997091016314
All,55.92124590666252
All,39.7154197306153
All,46.76621642963849
All,64.451562369561
All,55.8220707398307
All,42.73730454759172
All,56.28708955673358
All,66.45273471648076
All,49.82532144363719
All,42.49942888765387
All,58.72055113006306
All,58.941904494834034
All,39.38756983685149
All,40.88967047366425
All,57.01821144132475
All,48.88769808499316
All,33.18417728037025
All,44.652550799056264
All,57.72096169053221
All,44.20357201973537
All,36.809715811825384
All,55.087495552008356
All,61.018064015594106
All,44.54084030160054
All,45.94982869674123
All,64.62737118295064
All,60.1942509308828
All,43.502867869694754
All,52.05545365267463
All,65.35302010181643
All,51.28913656408725
All,38.83500158464967
All,52.89657680494576
All,58.390842796646275
All,39.77041006134307
All,36.42432463588119
All,54.00249418838501
All,51.841516318310404
All,34.86316916332223
All,42.45847138460404
All,59.454037355204214
All,50.180633362100565
All,38.745675078964965
All,54.3038845807814
All,64.916760660753
All,49.355946237690496
All,44.769786381663366
All,62.621645129638274
All,62.70344756880903
All,43.9038682575539
All,46.80569777234776
All,62.23991988679267
All,52.236040663017036
All,36.04555259420619
All,46.99590656655074
All,57.55500205745107
All,41.75795518371636
All,34.03038308080429
All,51.5842038077455
All,55.5808374972673
All,38.741090316857544
All,41.6130533408733
All,60.786009927395725
All,56.29778829829896
All,41.53999204928197
All,52.71327298630909
All,66.8227557311441
All,53.38063486680722
All,43.10783573869363
All,58.54017977041072
All,63.21213884876973
All,44.13948622256137
All,41.365910881060515
All,57.84438664825303
All,53.085722281862104
All,34.883818655022395
All,42.00066631946699
All,56.876166022834916
All,45.415652924866635
All,34.01370510434058
All,49.913793217545965
All,59.55786225574019
All,44.12696123411001
All,41.746934257538136
All,61.09869923560094
All,61.50411621783541
All,44.47742137781621
All,50.074937525275686
All,66.30636006330491
All,56.14344137007224
All,41.15474577203479
All,52.94173123182739
All,62.005874471009115
All,44.62240490128542
All,36.714314963522284
All,53.066252071620966
All,54.23799382900514
All,35.84869375983213
All,38.6329125210433
All,56.54927156528466
All,50.396696029966044
All,36.19922751388109
All,48.82533491136387
All,62.99739408564128
All,50.05294804811179
All,42.33781457896897
All,59.8817286190947
All,64.92848153985005
All,47.001094166597944
All,46.468155220067
All,63.4141965715014
All,57.55549339074849
All,39.381219319121094
All,46.7331718182889
All,59.67488037063897
All,45.82018213174581
All,33.75310155037794
All,48.75099001516749
All,55.90358702660917
All,39.029601138363255
All,37.212174878962216
All,56.46721732818052
All,55.97900680742782
All,39.996175454436454
All,47.93966347739097
All,65.084401483318
All,55.49802807778384
All,42.90042593318169
All,56.913613439046415
All,66.07189468500039
All,48.845243770541366
All,42.32877143446793
All,58.664844649512496
All,57.87438487925475
All,38.41246849633947
All,40.97369802922069
All,56.925739473911975
All,48.07013438804511
All,33.090718229665804
All,45.49615644505573
All,57.99737148031413
All,44.04929185715849
All,37.62132446551815
All,56.268670319251015
All,61.20805695857106
All,44.5621213288038
All,46.83190334692394
All,65.1797512420001
All,59.61784856446159
All,43.1513769199693
All,52.37413865571269
All,64.90665118778348
All,50.07052550481403
All,38.37798870279292
All,52.929155215302195
All,57.57356032322506
All,38.84111755819742
All,36.63790210579032
All,54.378104155134594
All,51.42456714328489
All,34.890646762750464
All,43.53802512547151
All,60.12825376104894
All,50.12400741042298
All,39.38541772012893
All,55.47385190287609
All,65.11070108896816
All,49.01992905292658
All,45.210848780153555
All,63.004626776515146
All,61.92121039372846
All,43.09998663769275
All,46.851965468739046
All,61.858021284609094
All,50.99549705646851
All,35.4588447671194
All,47.22657908008582
All,57.1591175934465
All,41.03206250801909
All,34.39893830267858
All,52.40402932729257
All,55.57520809200981
All,38.8274428409359
All,42.74544939019311
All,61.691622237318036
All,56.2281632985926
All,41.83726076541911
All,53.66707293689621
All,66.92472579333831
All,52.66833373213377
All,43.0544182760912
All,58.741341394242646
All,62.348950187002195
All,43.03856633787522
All,41.240160333566855
All,57.67595910934276
All,52.04810471956184
All,34.32288554398981
All,42.49113604637993
All,56.990006692256664
All,44.9767078548609
All,34.48769119877226
All,51.05391206991236
All,59.88350524114251
All,44.16222395072327
All,42.71731935890164
All,62.039892247810485
All,61.322180689358035
All,44.32028044494113
All,50.670444030026395
All,66.2834646626352
All,55.13012957034065
All,40.65832398231216
All,53.02019892387996
All,61.238295984236125
All,43.435513343596604
All,36.543607298380806
All,53.23369038205176
All,53.58418509402113
All,35.424928890312785
All,39.36817640515665
All,57.15552906807344
All,50.24141452932289
All,36.663253996642936
All,50.08715438342361
All,63.513277129200254
All,49.91779600645411
All,42.95082010939775
All,60.68313383691237
All,64.58476217616035
All,46.370283302152465
All,46.65485208773389
All,63.30619107880719
All,56.40063763729181
All,38.58049427242212
All,46.79271034183684
All,59.18736714991869
All,44.76348276504106
All,33.64727370015476
All,49.30898998082711
All,55.72946737798075
All,38.78310609869054
All,38.093823864250375
All,57.44651013917767
All,56.02945408441216
All,40.29987546808715
All,49.09494120468589
All,65.63257091823274
All,55.10705959739528
All,43.028235679113806
All,57.46170369044112
All,65.58961240704778
All,47.82523236753923
All,42.15157261036504
All,58.56999265738461
All,56.78793788730926
All,37.494432361623026
All,41.12234527453606
All,56.86154512182445
All,47.3145325525861
All,33.10599477763434
All,46.40728805776015
All,58.294664790687065
All,43.94462029486954
All,38.48559842922694
All,57.42858372012306
All,61.34437178874367
All,44.56421309599085
All,47.67570176640231
All,65.63090607853732
All,58.954570326684994
All,42.765720369165955
All,52.639226205449624
All,64.3817133235148
All,48.83400762076889
All,37.95595077495677
All,52.97055748918661
All,56.767103571678554
All,37.99184772112395
All,36.946494862512324
All,54.79843881967514
All,51.05885247456296
All,35.01147392152816
All,44.672646349313005
All,60.79194046465044
All,50.06944224924153
All,40.04179112310277
All,56.59568993296723
All,65.21419845369306
All,48.63291999150137
All,45.60852562658138
All,63.29228125069332
All,61.05390897023109
All,42.2794095285865
All,46.88549780487957
All,61.435572672636205
All,49.764955668266715
All,34.945528602607666
All,47.508981208063574
All,56.79469228416084
All,40.39078489284216
All,34.87118077598711
All,53.26700835532214
All,55.59206799195276
All,38.97186356844061
All,43.90692754086512
All,62.55138216815727
All,56.11227782384425
All,42.11736874374061
All,54.55782532483346
All,66.91841906863866
All,51.89085085082264
All,42.97038073517798
All,58.87516200471418
All,61.4219876842845
All,41.94899374340071
All,41.14905615724152
All,57.50977508039613
All,51.04435685285306
All,33.86006372881529
All,43.06112582804314
All,57.14028587804924
All,44.60548295792545
All,35.05107485470365
All,52.219557648889314
All,60.19136756707361
All,44.209193331318204
All,43.68646384188662
All,62.90656334468855
All,61.05644280045726
All,44.12383651919013
All,51.206197554024094
All,66.15797428199922
All,54.05709576657574
All,40.159267634311554
All,53.07524059316371
All,60.44034553835671
All,42.28933705531557
All,36.44984620680156
All,53.43981508145609
All,52.97539424984431
All,35.102936515746386
All,40.18988595672886
All,57.78602393640417
All,50.118187839204836
All,37.18409693532117
All,51.3476453175612
All,63.969781579158465
All,49.74837438327787
All,43.537993334826815
All,61.397246354201975
All,64.13919679473814
All,45.69519972935782
All,46.80440071990198
All,63.1233736397327
All,55.207561757629
All,37.812817199611445
All,46.878294116071565
All,58.70473850773167
All,43.76817042322276
All,33.645025175127174
All,49.926937798660475
All,55.59397834170973
All,38.618968099939316
All,39.047965707808466
All,58.42458074762441
All,56.065492685158844
All,40.61872635326736
All,50.222411692091086
All,66.08956834689583
All,54.64726100505668
All,43.119330667141305
All,57.93085207158698
All,65.0105343906178
All,46.773300349059575
All,41.97458344370134
All,58.44318158813181
All,55.69276176332412
All,36.64251771752659
All,41.34022151458811
All,56.82916202204679
All,46.62447335159012
All,33.229106595406215
All,47.380269272674624
All,58.607215356917195
All,43.88379410546444
All,39.393088366525944
All,58.556780728478664
All,61.42018448913714
All,44.54185557566511
All,48.47508966789831
All,65.97788704636939
All,58.20697852267167
All,42.34972533031524
All,52.854430404154805
All,63.78571642693118
All,47.59008716968677
All,37.57714413640337
All,53.027183296569255
All,55.97934265942915
All,37.2289979009468
All,37.35104549564002
All,55.26195804127235
All,50.743079368467676
All,35.22100062561527
All,45.85314871229171
All,61.43639619569443
All,50.01010547084846
All,40.70619462298629
All,57.66040049512854
All,65.22286142221752
All,48.19393386638753
All,45.96160255283409
All,63.48586109409821
All,60.1082076687029
All,41.4502078304487
All,46.91280686482593
All,60.980842333804276
All,48.55483444488212
All,34.512938195415785
All,47.84657499913433
All,56.46524936574414
All,39.83636129534789
All,35.44384861135712
All,54.166730267814366
All,55.62594612183643
All,39.16740537878466
All,45.08700665116972
All,63.35591190396344
All,55.94453415137127
All,42.3749344562066
All,55.380150991989474
All,66.80325642909298
All,51.05208503755765
All,42.85954056384571
All,58.946470156784066
All,60.4404430082075
All,40.881008154992806
All,41.09972606025498
All,57.35243000292334
All,50.08225709703613
All,33.499709790525955
All,43.709806605071016
All,57.32527867523469
All,44.29978533832041
All,35.697125603452996
All,53.40094269058541
All,60.473600621700065
All,44.260821668149205
All,44.64521637756848
All,63.6911375767815
All,60.704479044198926
All,43.887505831219
All,51.681569722808135
All,65.93331850668883
All,52.932398797754395
All,39.66522242027266
All,53.11356304912022
All,59.62137345956187
All,41.193687430413966
All,36.43847971429592
All,53.687484681740195
All,52.414915932427334
All,34.88299018190388
All,41.09277935502933
All,58.434244915875354
All,50.02138903193159
All,37.753375961990486
All,52.596035451104164
All,64.3590571344664
All,49.53983592138255
All,44.09383719731132
All,62.02017104861404
All,63.59353328381358
All,44.98039437766849
All,46.920740382155294
All,62.87213778538141
All,53.98659805767468
All,37.08749309557151
All,46.99624561010016
All,58.23398797451359
All,42.84121431945473
All,33.74838753665989
All,50.602857274013324
All,55.49528377113876
All,38.53352222251175
All,40.06604914726991
All,59.39182856609396
All,56.080016220775185
All,40.94509431380958
All,51.312966427381866
All,66.4498096043309
All,54.117715456132835
All,43.173260705835936
All,58.32161233277283
All,64.34032621576894
All,45.698118477513894
All,41.80489626982951
All,58.29178388673002
All,54.59891007000714
All,35.86516631386215
All,41.63110732853673
All,56.83126206941774
All,46.00250154658161
All,33.45799723880854
All,48.40849262023056
All,58.92876365416747
All,43.86054422361275
All,40.33409015125098
All,59.64303822925607
All,61.42923767695753
All,44.490458181846975
All,49.22481690414479
All,66.21889266848456
All,57.37872640761225
All,41.90807111106279
All,53.02422767338152
All,63.12678941897399
All,46.34945000612878
All,37.249593345058386
All,53.10503367644954
All,55.2175210461326
All,36.55797163690468
All,37.851380794212226
All,55.76615036812837
All,50.475028978083415
All,35.51367392230552
All,47.06977218498686
All,62.05278390943369
All,49.939245632416124
All,41.37032390263443
All,58.65970136837904
All,65.13329970141362
All,47.70296078332613
All,46.269843534065274
All,63.5876909934693
All,59.091665400890925
All,40.62094368230921
All,46.9406512168294
All,60.502164278458096
All,47.37520211162972
All,34.16764800087683
All,48.241960200306174
All,56.173397434281995
All,39.369923767573184
All,36.112576682450786
All,55.09599387110385
All,55.670825939385715
All,39.4067057953378
All,46.275145895671216
All,64.09625437868947
All,55.71997898319575
All,42.6053197954927
All,56.129675269458055
All,66.57983176013164
All,50.15693104416212
All,42.72649614969234
All,58.96080497764464
All,59.413966811598186
All,39.84482309337771
All,41.09895127013423
All,57.2100335721221
All,49.168804630421576
All,33.24508555543394
All,44.43526876351627
All,57.542335079888524
All,44.05650544285436
All,36.418314514798084
All,54.587905228028895
All,60.72235907816205
All,44.31023377012705
All,45.58488614416053
All,64.38691819318308
All,60.26489814163171
All,43.611665230276216
All,52.096942320084075
All,65.6139627345054
All,51.764828834484646
All,39.18417837334329
All,53.14203230853867
All,58.79064128439935
All,40.15782514484861
All,36.51410069609504
All,53.97867497634115
All,51.905063311391004
All,34.76422147364255
All,42.07059654420533
All,59.093026379646226
All,49.94492064897279
All,38.36242121548198
All,53.82170634989697
All,64.67382316455188
All,49.288033183987125
All,44.61369033328893
All,62.54911741378634
All,62.95066050825317
All,44.231306816725045
All,47.008535546401106
All,62.55950486824486
All,52.748340972769036
All,36.4136169349051
All,47.15245459320088
All,57.78151729387407
All,41.98865400405158
All,33.95825170269107
All,51.333754673424544
All,55.43065375360926
All,38.522218239323216
All,41.138878478606856
All,60.33847324719179
All,56.06603050931075
All,41.27162557374209
All,52.3581371249337
All,66.70870692404206
All,53.518529910135804
All,43.19053245312211
All,58.635569840854586
All,63.58559823144871
All,44.60890873109115
All,41.64982763110295
All,58.123233770804504
All,53.5161628092975
All,35.17009417341124
All,41.99787842496323
All,56.86960979408086
All,45.450111413540135
All,33.789484946012074
All,49.48449309843864
All,59.25251337463335
All,43.86820880389861
All,41.29877584416497
All,60.6774954315511
All,61.365947449497085
All,44.40618158269702
All,49.92057477199731
All,66.35328510451589
All,56.47452672364458
All,41.44622510776586
All,53.153768474458865
All,62.41356329022104
All,45.12283010751318
All,36.980966538532385
All,53.20960288290177
All,54.4881626207423
All,35.98311704552736
All,38.44619701344351
All,56.30755688312062
All,50.25160950283726
All,35.88312648490125
All,48.31230301248814
All,62.63225805837972
All,49.85031374210372
All,42.02628800736075
All,59.58612531583129
All,64.94318335233034
All,47.16098561188096
All,46.533979524064385
All,63.601118338519626
All,58.01264409524335
All,39.80055615175846
All,46.97591570967788
All,60.00781149005691
All,46.235654079218726
All,33.915376089218
All,48.69681364148273
All,55.92079899583897
All,38.99150189479144
All,36.87194831284886
All,56.04689464907964
All,55.72024988382807
All,39.68210802653344
All,47.4608784918213
All,64.7639956247039
All,55.43439803603029
All,42.804700419626585
All,56.8030688580776
All,66.24990656587632
All,49.21123024425428
All,42.57655072506833
All,58.92431550068011
All,58.352541952678685
All,38.8504929932499
All,41.15304930001342
All,57.08810907545649
All,48.31013844614644
All,33.098316502045876
All,45.23452724429121
All,57.787918517897744
All,43.87168525079698
All,37.20641836563529
All,55.77003558956731
All,60.92992662686039
All,44.35084575001996
All,46.49735370835788
All,64.98817006824228
All,59.73738101061172
All,43.29765593731776
All,52.453679669086384
All,65.20533942550658
All,50.563802042867785
All,38.72435089815126
All,53.167551015802665
All,57.95719468507022
All,39.19034525903986
All,36.68036650664007
All,54.314433363944495
All,51.447151997700935
All,34.74464497408513
All,43.11614976975611
All,59.75464600473414
All,49.88232631856107
All,39.00240097394899
All,55.01432549867868
All,64.90747979317746
All,48.98960074855952
All,45.09378471608761
All,62.98242131148869
All,62.21458142927464
All,43.45420089889816
All,47.07308864605329
All,62.19301147571152
All,51.503514194319436
All,35.79994541346254
All,47.3522692444348
All,57.35304439539113
All,41.215533768452865
All,34.27434771707567
All,52.115641725662286
All,55.39651701642304
All,38.57970449100948
All,42.25673071918293
All,61.25468437546053
All,56.01677608916987
All,41.59136151433539
All,53.350196895001176
All,66.86273388288777
All,52.85085652508388
All,43.17259812452179
All,58.87529648767546
All,62.753818622876906
All,43.51532918799897
All,41.51679690802897
All,57.9449029858604
All,52.45390230164503
All,34.56418990064439
All,42.442442220422905
All,56.945031199745536
All,44.96774777252781
All,34.219308599700284
All,50.600034416544574
All,59.57123696072235
All,43.899851543015394
All,42.27732537659159
All,61.650779745661396
All,61.225501306085675
All,44.286007561842574
All,50.55903892266317
All,66.38159078761959
All,55.500105127030885
All,40.970365951032115
All,53.24877915652558
All,61.655048093476246
All,43.92087510847666
All,36.77845481387285
All,53.34577822156084
All,53.79699031842885
All,35.507679756904466
All,39.13306083713155
All,56.88180994446993
All,50.06892241095534
All,36.32227586178371
All,49.57020007561111
All,63.16609324752103
All,49.73708168683257
All,42.666719093332304
All,60.43310763895866
All,64.65128775214158
All,46.56999222616025
All,46.75568203530012
All,63.53044980577523
All,56.88020614702624
All,38.99824029063299
All,47.025489021998936
All,59.50587129813675
All,45.145195343980035
All,33.76089864136044
All,49.21184232996574
All,55.70815402261446
All,38.70004277802121
All,37.71556125585232
All,57.01092309563231
All,55.76743110625981
All,39.98578526566037
All,48.633943768687175
All,65.35138038012465
All,55.08440011627517
All,42.970122962845885
All,57.39807350252288
All,65.8163887742301
All,48.22170712861742
All,42.41562483739882
All,58.843651764630486
All,57.26635284091843
All,37.90778171553773
All,41.267762745562585
All,56.99150239939174
All,47.511469411641905
All,33.0603655288617
All,46.10354221378897
All,58.05765857477143
All,43.740598659774065
All,38.0526327306193
All,56.93680751362579
All,61.08884090742016
All,44.376478779802035
All,47.37517268456731
All,65.49019009927171
All,59.1227057071057
All,42.94777205440648
All,52.75408635117482
All,64.71376648673845
All,49.33924611074949
All,38.29405726158622
All,53.196935651478036
All,57.12974071251992
All,38.29907141232152
All,36.93993125762508
All,54.69484760608088
All,51.041499290594146
All,34.82119844410488
All,44.221407156116314
All,60.410931786230265
All,49.826907799272625
All,39.66445038940575
All,56.16397435585783
All,65.05421027103823
All,48.64202553307437
All,45.531289150843094
All,63.31955102216338
All,61.39037088044155
All,42.65608739511425
All,47.12024285276675
All,61.780590470331376
All,50.262836280544626
All,35.25477238464323
All,47.60039511663368
All,56.9535226043068
All,40.525851303200206
All,34.6952402777913
All,52.943573717723226
All,55.38852664992095
All,38.699922613562244
All,43.4094796484969
All,62.13071294661595
All,55.92584785273274
All,41.89784684617645
All,54.28225035350716
All,66.90947611293474
All,52.116898709318406
All,43.12182916370087
All,59.04429160396034
All,61.85321508973713
All,42.427351848586014
All,41.413202497182375
All,57.763978414543224
All,51.42099557953767
All,34.053423942690344
All,42.965688131695416
All,57.0573975339578
All,44.554822437119284
All,34.742188184330416
All,51.74620671901147
All,59.87738863480689
All,43.948383475480846
All,43.26005705443048
All,62.554126340944826
All,61.0039456675529
All,44.12779586699764
All,51.13789731217246
All,66.30548524761593
All,54.462139118782
All,40.4872950156144
All,53.315455434065385
All,60.8605056487595
All,42.754012739275595
All,36.64865741671877
All,53.5177493984785
All,53.14885741349148
All,35.133771035660324
All,39.908426076206936
All,57.48368629109387
All,49.92234090491583
All,36.82343294217453
All,50.83272587760564
All,63.64581239656399
All,49.59375580461216
All,43.28487332403858
All,61.19506104369444
All,64.25752351403433
All,45.93295239716613
All,46.93752209652196
All,63.380874937409075
All,55.704002281224945
All,38.22332129314416
All,47.09614081805592
All,59.00412470922847
All,44.11213202210422
All,33.70797694040032
All,49.78675100742113
All,55.53519873161508
All,38.49344620778581
All,38.63610704337582
All,57.97907274850584
All,55.80537079815996
All,40.30986639724706
All,49.78441571220043
All,65.8514192891534
All,54.667489384812896
All,43.09954827341595
All,57.91351215335999
All,65.28329603755783
All,47.19589247293779
All,42.250158692901145
All,58.72584932542029
All,56.16565277021561
All,37.02603433624119
All,41.448155792704526
All,56.92430206374102
All,46.77702626188018
All,33.1310224515144
All,47.03725506268605
All,58.34641715354212
All,43.65784282608968
All,38.94769236509883
All,58.07771152885016
All,61.19201577990166
All,44.381466100763284
All,48.21166073902513
All,65.8893635880114
All,58.422756913733124
All,42.56523397386883
All,53.001350945913565
All,64.14635399024415
All,48.101478237736295
All,37.90159035740062
All,53.236795387655754
All,56.316531121277706
All,37.490960594447664
All,37.294391776450226
All,55.11902952273552
All,50.6874387193945
All,34.98979760203921
All,45.37758816979768
All,61.05337684467175
All,49.77184567241476
All,40.3397994457309
All,57.2612705718705
All,65.10907312463812
All,48.24370416406055
All,45.92433802168065
All,63.56109756025055
All,60.48411856765253
All,41.84463471073562
All,47.15627635379822
All,61.3304474201702
All,49.03688664650622
All,34.78580979888232
All,47.90080349878461
All,56.587072259271565
All,39.922521292095006
All,35.218340114523215
All,53.8117021900912
All,55.401638147373596
All,38.87621168547852
All,44.5867249700169
All,62.95702275104986
All,55.7873099910755
All,42.185229217451095
All,55.148311425674166
All,66.84766704237562
All,51.31990167384298
All,43.04147527500721
All,59.14690980612377
All,60.8926665379551
All,41.35513512201162
All,41.34629738978264
All,57.5873433707651
All,50.425684953539886
All,33.642770097309366
All,43.567452373238005
All,57.205624239783994
All,44.20974577471144
All,35.351898861267685
All,52.91353443150635
All,60.16322325301885
All,44.00668640345467
All,44.23755501618988
All,63.37948969142828
All,60.6982616634926
All,43.93032717752073
All,51.655862845843416
All,66.1277623644052
All,53.368183302224935
All,40.004337581166276
All,53.36034911794031
All,60.03931980606694
All,41.63232005213894
All,36.597474445362664
All,53.7289287629367
All,52.54769244639213
All,34.86235150547487
All,40.767665916133915
All,58.10717376964487
All,49.80659941936692
All,37.37841804008561
All,52.08908031304863
All,64.06331253609419
All,49.41508387533784
All,43.874721462247095
All,61.867436788805925
All,63.762950892174125
All,45.25379944535411
All,47.08291523717726
All,63.15837787154217
All,54.49415140426286
All,37.4851255681412
All,47.19440036998404
All,58.50993146495988
All,43.14397303158143
All,33.7592979343612
All,50.42022470921885
All,55.400719576697185
All,38.36861445596463
All,39.62546258841419
All,58.941956396430356
All,55.82697935071494
All,40.6465612407844
All,50.90282617468007
All,66.25798614885277
All,54.18212468814118
All,43.191880046914854
All,58.349283537132536
All,64.65570404731777
All,46.14203423484964
All,42.0870058330079
All,58.57820892161442
All,55.06063112787542
All,36.21405404008412
All,41.6985200062204
All,56.88977147866349
All,46.110016248529284
All,33.30890937188801
All,48.02963927676405
All,58.648367087934396
All,43.61743905883793
All,39.88199714759925
All,59.18238871360391
All,61.232859110297866
All,44.36075167555963
All,49.0009786638391
All,66.18320581968158
All,57.64051977452215
All,42.154147054516535
All,53.19947668225867
All,63.51090058908843
All,46.86107730119144
All,37.55509160169797
All,53.293414423596886
All,55.52525344753541
All,36.77201982691794
All,37.74424807980387
All,55.58511390902079
All,50.38334961013946
All,35.24540467356029
All,46.5752696403554
All,61.67326036424508
All,49.71032185279643
All,41.019898276764735
All,58.29748265542611
All,65.06808271456127
All,47.79398648702775
All,46.2720449092849
All,63.7087494482959
All,59.502858073441274
All,41.02806894537461
All,47.18778973443155
All,60.850934246266384
All,47.83597382175911
All,34.40007587809231
All,48.25665058360144
All,56.25692572450559
All,39.40735440809425
All,35.8399310784101
All,54.71334152105195
All,55.43019857858476
All,39.10142022711365
All,45.77792476476356
All,63.72441977683226
All,55.59580450713751
All,42.44834878829384
All,55.9433677763994
All,66.6772081423355
All,50.464127554567554
All,42.93560943519945
All,59.18827689270665
All,59.88158633059817
All,40.30889278452844
All,41.323066016584505
All,57.42146435309929
All,49.47548828785986
All,33.33614038760068
All,44.24649784032405
All,57.38768511305774
All,43.92997284753557
All,36.04135758963733
All,54.09209272133996
All,60.42091922212494
All,44.06773609885699
All,45.2007918265773
All,64.11964553045775
All,60.30642802687004
All,43.693331528566155
All,52.112670595824504
All,65.8522885194672
All,52.22658198993299
All,39.52923508522557
All,53.390249821728304
All,59.20086614313094
All,40.56539727954189
All,36.63000866892611
All,53.9818836641757
All,51.996458541472876
All,34.69323067083572
All,41.70512030151839
All,58.74555073794214
All,49.715892779302926
All,37.97868289049119
All,53.3285353356725
All,64.41098639528563
All,49.19645390077426
All,44.43102785867125
All,62.446771285216876
All,63.1697784219992
All,44.53738698644234
All,47.1960533544142
All,62.869638549981055
All,53.26111413609644
All,36.792850585681194
All,47.32643848637914
All,58.030122509180494
All,42.24734328814276
All,33.91642925137914
All,51.10992664632439
All,55.3025822190597
All,38.32151590126108
All,40.67479274925267
All,59.88992880913682
All,55.825199519162986
All,40.988283472393825
All,51.98028101560928
All,66.56590379724388
All,53.62776502112862
All,43.246978440444344
All,58.70634128215133
All,63.9396805960403
All,45.06899741841885
All,41.93331973238212
All,58.40817310314288
All,53.96128236657631
All,35.47998587575701
All,42.02229083526686
All,56.89029443729935
All,45.51260095191261
All,33.59150183388542
All,49.07376550649541
All,58.957082052500255
All,43.61294172902882
All,40.8457417716098
All,60.240762941842995
All,61.20538430780452
All,44.30997899444503
All,49.73819642216294
All,66.37038826646962
All,56.78005810128869
All,41.719446150988546
All,53.353200081490584
All,62.81578114276677
All,45.62875199543254
All,37.262424832871595
All,53.37263958304352
All,54.76293139575211
All,36.14723591558492
All,38.288878988206534
All,56.090272731232226
All,50.12670118561532
All,35.58210968433284
All,47.80450085810142
All,62.2617729063373
All,49.63564206020124
All,41.69653802345227
All,59.264635480803264
All,64.92827700200522
All,47.293204523531834
All,46.574500921282265
All,63.76525236809409
All,58.45448284818452
All,40.21506471939622
All,47.2215881725457
All,60.35042195135185
All,46.67000783016272
All,34.10379215506906
All,48.67020868873643
All,55.96538658345506
All,38.981051952346206
All,36.55521258085449
All,55.64104848451028
All,55.46804554898187
All,39.36802437290159
All,46.97252936189009
All,64.42417777295161
All,55.34665164782284
All,42.68281645130728
All,56.663430996134565
All,66.3991733787185
All,49.55481539974743
All,42.8090597096512
All,59.17419507966831
All,58.82979876322867
All,39.29876126996622
All,41.35010420881922
All,57.27228494873889
All,48.577110379291135
All,33.136334231472446
All,45.00050943959243
All,57.6006414635733
All,43.71206339208889
All,36.80272104125084
All,55.27163093840183
All,60.64270365552128
All,44.12472342130494
All,46.141244460763275
All,64.7682817726686
All,59.827470121173576
All,43.41750174478976
All,52.50905969738983
All,65.48394232985832
All,51.04637036699888
All,39.07003004360002
All,53.41206343855082
All,58.35438297998705
All,39.56224810274301
All,36.75047792891454
All,54.27828196317287
All,51.497127658761265
All,34.62508220216687
All,42.71415782673364
All,59.39147701088504
All,49.643983503889885
All,38.615436769183326
All,54.540568628774444
All,64.68183799649671
All,48.93398316554767
All,44.94941671160458
All,62.93071752600876
All,62.481345773090794
All,43.78943332416962
All,47.28182451199049
All,62.52192487991901
All,52.015561804386806
All,36.15543537962179
All,47.4979545389531
All,57.570901434001875
All,41.427909613450424
All,34.179789341366984
All,51.85251150493465
All,55.23777501955336
All,38.3472615043589
All,41.77466240664379
All,60.8132142420759
All,55.793129735067886
All,41.327769402610876
All,53.00856754463648
All,66.7710173997447
All,53.00490038832522
All,43.26565847627291
All,58.986657971714635
All,63.14220632467544
All,43.98615430654815
All,41.796435014194174
All,58.22320167471615
All,52.87727859875491
All,34.83120903274658
All,42.421976117387324
All,56.927334660438376
All,44.98588754057574
All,33.975165453929066
All,50.16187995430734
All,59.265636442743116
All,43.637553538603115
All,41.829047325140365
All,61.24316974195817
All,61.10431393989418
All,44.22556869418438
All,50.41934525853533
All,66.45074906332293
All,55.8464772044109
All,41.26682679249754
All,53.46789884855564
All,62.06982718781717
All,44.41520680079034
All,37.031053078369425
All,53.47977487589561
All,54.03583594976935
All,35.620519247131746
All,38.926533289006855
All,56.63074443415249
All,49.91411049377777
All,35.993223285473995
All,49.054926136502274
All,62.81014427529859
All,49.54135639507288
All,42.36196547779643
All,60.15560516236526
All,64.68777150543137
All,46.74268639350247
All,46.832757803635616
All,63.73435432492377
All,57.347650358154965
All,39.41462832767313
All,47.26456022956007
All,59.83717430360681
All,45.54837848607328
All,33.90229088226042
All,49.1428106042429
All,55.71380359031815
All,38.6432161514248
All,37.35835679734394
All,56.5867136744666
All,55.50861445000893
All,39.668250450020665
All,48.16011473224522
All,65.04815816594096
All,55.035940722089094
All,42.88507954774002
All,57.30557187905375
All,66.01579779506218
All,48.598126540055674
All,42.66732889458464
All,59.11103901807679
All,57.74741052485069
All,38.33466718034164
All,41.43350408157738
All,57.14512847193904
All,47.73636666919428
All,33.045002628904186
All,45.82610500334076
All,57.840685855841
All,43.55175469263018
All,37.6274933969882
All,56.44170129942787
All,60.820977908581945
All,44.1711715282142
All,47.05100203399718
All,65.32007712012235
All,59.26149432560045
All,43.10449165905829
All,52.84674025413995
All,65.0285408559352
All,49.83716558381124
All,38.63494532416644
All,53.43268922943906
All,57.508845569454294
All,38.631168016687916
All,36.96213944243128
All,54.61885154610913
All,51.050670103174475
All,34.65547472370792
All,43.787251291710525
All,60.03709504304871
All,49.58431562164776
All,39.279774891399384
All,55.71499439589926
All,64.8695905557695
All,48.62459621342288
All,45.426424661045544
All,63.31806094570693
All,61.702091019648904
All,43.01645225567349
All,47.34572189924812
All,62.12297745477511
All,50.76824274791462
All,35.58143358216266
All,47.71407030530327
All,57.137756339773205
All,40.690320368800016
All,34.54863320091981
All,52.643654032156206
All,55.20246638077959
All,38.44019296319512
All,42.9151564689721
All,61.70203689460269
All,55.72414570572203
All,41.6581908523102
All,53.980251766236286
All,66.8702540711179
All,52.31506754447884
All,43.24967326911096
All,59.19317471589913
All,62.27108328390289
All,42.903266604307845
All,41.68374505956936
All,58.030647819776
All,51.81784761731034
All,34.274239178308434
All,42.89909768899229
All,57.00141000069316
All,44.52993553761334
All,34.45520749216216
All,51.285495004229965
All,59.56671374901866
All,43.68424540327729
All,42.822092872111085
All,62.18047994268011
All,60.92517386370662
All,44.10478381439077
All,51.04145517332971
All,66.42528762989508
All,54.845871823724195
All,40.8026640058105
All,53.549490425533165
All,61.28220199017252
All,43.231007672025164
All,36.86792001250978
All,53.61948462404053
All,53.34940846475204
All,35.194662400031845
All,39.654336630518436
All,57.20187796795773
All,49.74141325551997
All,36.4713797371562
All,50.31591311833769
All,63.30977207221076
All,49.42137618951223
All,43.008989855921996
All,60.964201976442034
All,64.34579862758943
All,46.144754943318446
All,47.04879612647725
All,63.6207371699138
All,56.19167573109101
All,38.63597489678622
All,47.32355507258733
All,59.31922433164579
All,44.479841313921135
All,33.79993416675185
All,49.674807946057456
All,55.50255973693338
All,38.392375900514395
All,38.24257984026294
All,57.54166351361944
All,55.54505238347691
All,39.99420013602253
All,49.3305135200036
All,65.58892260213082
All,54.66060991152661
All,43.05247411516318
All,57.86794034738567
All,65.53045038022503
All,47.60107607258533
All,42.51650318807485
All,59.005644169824144
All,56.644678976054884
All,37.42619690378482
All,41.57874557689159
All,57.044610790043194
All,46.95812033729114
All,33.06262787458004
All,46.71886169726125
All,58.103199788386725
All,43.44404621673312
All,38.506642471279385
All,57.59179100012953
All,60.94844162458349
All,44.20104741233831
All,47.922863754434076
All,65.77076624583194
All,58.60970721591046
All,42.75689911701502
All,53.128345802659254
All,64.49275336765041
All,48.60904929906885
All,38.232259546240414
All,53.458897383968974
All,56.67284527251971
All,37.779642361045084
All,37.267227154349385
All,55.00335447889367
All,50.65705938908524
All,34.7809176201858
All,44.91606588412285
All,60.674139888953626
All,49.53013326740339
All,39.96280721482713
All,56.84208943170315
All,64.9687850968431
All,48.26609053679992
All,45.85953898346174
All,63.6087195328723
All,60.83750275783345
All,42.22567125644259
All,47.393743338076156
All,61.6808885444186
All,49.529847814131784
All,35.078890832912
All,47.97923224655695
All,56.73538338827676
All,40.03815962842022
All,35.02105391443348
All,53.47809255174172
All,55.19207506162829
All,38.59398121123483
All,44.08600610692339
All,62.546752454334126
All,55.612018462685505
All,41.973260458543955
All,54.88876407452995
All,66.86166796574898
All,51.56085031545395
All,43.201682336593656
All,59.32973704322785
All,61.33483261270455
All,41.830361156600134
All,41.602577843893684
All,57.8376367584392
All,50.79165806515502
All,33.81464224996019
All,43.45414701992796
All,57.112081696077496
All,44.14377892561993
All,35.0259426160925
All,52.43549083870091
All,59.85272182050342
All,43.74587913704679
All,43.81524515316526
All,63.04421635383319
All,60.6643764484753
All,43.94578169976464
All,51.602577276015495
All,66.29614354056275
All,53.785259851835896
All,40.333919961469284
All,53.60432275682195
All,60.46227199107071
All,42.08644934019382
All,36.779337864599185
All,53.795706623695025
All,52.70819681864722
All,34.871314126783794
All,40.46831410314966
All,57.79819092488954
All,49.60374653328434
All,37.0086485311267
All,51.576685021771134
All,63.75234905863906
All,49.27008535952991
All,43.63108016094695
All,61.685240183402364
All,63.90273174326222
All,45.50271104514723
All,47.225479058409086
All,63.429935521365024
All,54.99641639161916
All,37.88840131271243
All,47.40525998712729
All,58.80425544213839
All,43.47241268737343
All,33.80004602088834
All,50.26554419032257
All,55.331076568127145
All,38.226027516669234
All,39.20022590351752
All,58.496771406251376
All,55.57033704239211
All,40.337976333244846
All,50.47394186350269
All,66.039836491588
All,54.21851384030412
All,43.18326290283457
All,58.34976980017734
All,64.94759160034597
All,46.571451394624155
All,42.363151255909266
All,58.865189226697375
All,55.53187911918583
All,36.5824701990975
All,41.79059630819984
All,56.97456463791794
All,46.246233629183465
All,33.18851908047923
All,47.673357605416996
All,58.382824463379414
All,43.38329471028787
All,39.430722493484815
All,58.711455888513754
All,61.01821344099345
All,44.20886608772359
All,48.75042572198583
All,66.11719064091834
All,57.87441919825144
All,42.37823399404189
All,53.35737209817541
All,63.88400393210674
All,47.372443318313984
All,37.87018043805071
All,53.497208905857505
All,55.85447545167614
All,37.014255448403546
All,37.66690309839588
All,55.43057622604907
All,50.31529233184504
All,34.99692116272744
All,46.091558765899975
All,61.2940563502875
All,49.47460226066726
All,40.65578577049451
All,57.91271270066688
All,64.97486831830517
All,47.85718895787742
All,46.24722086707955
All,63.80372824747683
All,59.894057718186474
All,41.42493819922625
All,47.43228286595439
All,61.203977145327116
All,48.31087694656585
All,34.65522834505949
All,48.29712371516674
All,56.36762315394628
All,39.4739164946249
All,35.59400001711651
All,54.349686833554046
All,55.20135239476786
All,38.801733773055794
All,45.27671943106733
All,63.33797884125242
All,55.451027072308285
All,42.26732785631295
All,55.728472216250545
All,66.74447017739416
All,50.74586442624378
All,43.12520547382501
All,59.401018111495276
All,60.34258279283821
All,40.77760099915105
All,41.56007186129938
All,57.65094875260475
All,49.806713370110934
All,33.456960934954246
All,44.08655558671713
All,57.257958839442175
All,43.82546319870698
All,35.680771904957005
All,53.60222662650104
All,60.11591331119601
All,43.81533108705799
All,44.79918455369759
All,63.82666182854212
All,60.31929162024173
All,43.74765175449477
All,52.10179075430231
All,66.06655997054852
All,52.67250274920075
All,39.86804178914761
All,53.63905892961565
All,59.619476507251356
All,40.99142610026754
All,36.77088344568581
All,54.01157666833155
All,52.1158055079904
All,34.65096904272134
All,41.36342823604819
All,58.413440966389764
All,49.49564194784952
All,37.59665301045978
All,52.82645496524709
All,64.12998746594026
All,49.08244456577917
All,44.22245173744095
All,62.3145937928921
All,63.36009365726138
All,44.82080175971524
All,47.366492455936154
All,63.16824430691149
All,53.77214930806584
All,37.18115675134846
All,47.516080035711816
All,58.29948890018275
All,42.53327564947365
All,33.904858333273225
All,50.913342848000724
All,55.19783365280822
All,38.14068984945791
All,40.22286319564594
All,59.44257645971653
All,55.57739875619178
All,40.69180789095552
All,51.58112021894782
All,66.39516205756512
All,53.70847784900429
All,43.276658602507965
All,58.751365890968856
All,64.27271619484634
All,45.51771891315457
All,42.21421520215593
All,58.69707434272928
All,54.41917115220993
All,35.81201955161083
All,42.073021228892664
All,56.93797655066079
All,45.60353406071975
All,33.42082356610178
All,48.68322795438603
All,58.673543603509174
All,43.363318297055834
All,40.39000178134079
All,59.79045380760479
All,61.02394655183418
All,44.18978585471941
All,49.52815536164858
All,66.35733441762956
All,57.059032479180615
All,41.972871673627125
All,53.53810318342013
All,63.210364244405206
All,46.13798007446146
All,37.55671801823042
All,53.553779640627
All,55.06122571366686
All,36.34061206036461
All,38.16122352545219
All,55.898330134072026
All,50.023424013906734
All,35.29807004870958
All,47.3040886772852
All,61.88812161070132
All,49.41093282193423
All,41.35022867028793
All,58.91841674565474
All,64.8842684065922
All,47.39757787589769
All,46.588913468182206
All,63.905208020847326
All,58.879144730293916
All,40.62261793150752
All,47.46801604048805
All,60.70066193496894
All,47.1215087414905
All,34.31713432511955
All,48.67058844354407
All,56.03741068735534
All,38.99896993782198
All,36.263308457852794
All,55.25148952920527
All,55.22447516058063
All,39.056109365125174
All,46.47671476256657
All,64.06672427325346
All,55.23606429738225
All,42.535465319046466
All,56.49474052603078
All,66.51904300746757
All,49.8747269899193
All,43.024562887262135
All,59.412430421082114
All,59.30395007217846
All,39.75515357277041
All,41.563053999694304
All,57.47690820509576
All,48.87025593138345
All,33.20465488656876
All,44.79468048426977
All,57.43671800434964
All,43.57209675153081
All,36.41227395370139
All,54.77565972501519
All,60.34850952101693
All,43.88561485590492
All,45.76502554461072
All,64.52095717703511
All,59.88830463553601
All,43.510438465180954
All,52.53919442185622
All,65.74083226777718
All,51.51621374343457
All,39.41285105535082
All,53.66055744159811
All,58.763197568079235
All,39.955307907012525
All,36.84730384737371
All,54.26936558815318
All,51.574860367025195
All,34.53297313064001
All,42.33363191504348
All,59.04070952413226
All,49.41112801563113
All,38.22669424655331
All,54.054560479514
All,64.43533842647193
All,48.85408659529519
All,44.778140780575406
All,62.84923751805068
All,62.72054926751431
All,44.1041737778984
All,47.476272197330445
All,62.84261631122972
All,52.52944257902181
All,36.52331268295307
All,47.66202168757757
All,57.81157931590078
All,41.668697719566225
All,34.11547156531159
All,51.61551101659405
All,55.10040289335838
All,38.131972888414396
All,41.30139030884678
All,60.369408085130885
All,55.55924386036273
All,41.04817132624389
All,52.6433864899293
All,66.65013954472181
All,53.13033811127948
All,43.33283196197362
All,59.07407996579087
All,63.512282047512564
All,44.44892023032982
All,42.076895075302225
All,58.508797008146225
All,53.31647048660944
All,35.12267702353955
All,42.42910350599569
All,56.93693735649258
All,45.03179592478507
All,33.75655394611287
All,49.74123522527014
All,58.968777093431996
All,43.377507998124756
All,41.37459347355722
All,60.81887571889196
All,60.95993739355302
All,44.139693207680736
All,50.25145246192779
All,66.4903445765576
All,56.16801348204426
All,41.54599265192922
All,53.67552588887643
All,62.480438262478565
All,44.91636977293663
All,37.29955947355574
All,53.63429020105117
All,54.29988600796089
All,35.76327240463701
All,38.74912034424809
All,56.40347715379419
All,49.778617053598744
All,35.67810925802539
All,48.54353402570536
All,62.44757157488519
All,49.33250156646593
All,42.03803899223301
All,59.85154936658577
All,64.69445766022238
All,46.88793076335023
All,46.885034674257085
All,63.91631983879329
All,57.80097609371773
All,39.82748018775853
All,47.507780703715056
All,60.179334001742305
All,45.97147480873441
All,34.07046483188328
All,49.101566498477304
All,55.746740001474194
All,38.613589318790616
All,37.023752715869094
All,56.175830186019056
All,55.255147713218214
All,39.34943802698785
All,47.67545461171542
All,64.7245108107666
All,54.962733600845624
All,42.77354159826492
All,57.183974638377826
All,66.18693838532677
All,48.9530110354052
All,42.90480248736854
All,59.37002737958078
All,58.228912761251244
All,38.77305797450707
All,41.61792120320163
All,57.321280507560566
All,47.98868289316412
All,33.060055530250104
All,45.57580555450259
All,57.64513774295735
All,43.379915786312
All,37.21230676242439
All,55.94547122154678
