grp,y
All,11.566653819254967
All,11.94769526175639
All,10.85475976046766
All,9.114959113410295
All,8.044939764669806
All,8.454471024888026
All,10.033627800968699
All,11.587335727698306
All,11.939779621690173
All,10.824236970483513
All,9.084928212449357
All,8.038127539867016
All,8.476032832161936
All,10.067246094442273
All,11.607568853103242
All,11.931315553098555
All,10.793481146261223
All,9.055156027203068
All,8.031869989836713
All,8.498025506456647
All,10.100845375613629
All,11.627347475014211
All,11.922305449004233
All,10.76250098330988
All,9.025650975078982
All,8.026168883758702
All,8.520442829844214
All,10.13441614505095
All,11.646666001476163
All,11.912751856809006
All,10.731305240565236
All,8.996421397958851
All,8.02102583349093
All,8.543278464336813
All,10.167948911383494
All,11.66551897061556
All,11.90265747757356
All,10.699902737913325
All,8.967475559840146
All,8.01644229311377
All,8.566525953678685
All,10.201434193985015
All,11.68390105218461
All,11.892025165253816
All,10.668302353696841
All,8.938821644499592
All,8.012419558518907
All,8.590178725171503
All,10.234862525654192
All,11.701807049068236
All,11.880857925894013
All,10.636513022204962
All,8.910467753179377
All,8.00895876704297
All,8.614230091532608
All,10.268224455291314
All,11.719231898753499
All,11.86915891677683
All,10.604543731147453
All,8.882421902296768
All,8.006060897145952
All,8.638673252785754
All,10.301510550570338
All,11.736170674760842
All,11.856931445530757
All,10.572403519113507
All,8.85469202117756
All,8.003726768134593
All,8.66350129818357
All,10.334711400605613
All,11.752618588037002
All,11.844178969194905
All,10.540101473016332
All,8.827285949814332
All,8.00195703993073
All,8.688707208161496
All,10.367817618612685
All,11.76857098830897
All,11.83090509324161
All,10.507646725524072
All,8.800211436649825
All,8.000752212884722
All,8.714283856322321
All,10.400819844562164
All,11.784023365398742
All,11.817113570557119
All,10.47504845247768
All,8.773476136386222
All,8.000112627633985
All,8.740224011451092
All,10.433708747825962
All,11.798971350498505
All,11.802808300380468
All,10.442315870296666
All,8.747087607820994
All,8.00003846500669
All,8.766520339559518
All,10.466475029815486
All,11.813410717405802
All,11.787993327201116
All,10.409458233373487
All,8.721053311709813
All,8.000529745970628
All,8.793165405959535
All,10.499109426610488
All,11.827337383718353
All,11.772672839615439
All,10.376484831456885
All,8.69538060865716
All,8.001586331627292
All,8.820151677365194
All,10.531602711578255
All,11.840747411988339
All,11.756851169142488
All,10.343404987025556
All,8.670076757035384
All,8.003207923251145
All,8.847471524022673
All,10.563945697982259
All,11.85363701083557
All,11.740532788999408
All,10.31022805265239
All,8.645148910932418
All,8.005394062374073
All,8.875117221867313
All,10.596129241579387
All,11.866002536019426
All,11.723722312836653
All,10.276963408360215
All,8.620604118129222
All,8.00814413091501
All,8.903080954707457
All,10.628144243205432
All,11.877840491469197
All,11.706424493433637
All,10.243620458969936
All,8.596449318107153
All,8.011457351354684
All,8.93135481643431
All,10.659981651347564
All,11.889147530272469
All,11.68864422135498
All,10.210208631441319
All,8.572691340085989
All,8.015332786955451
All,8.959930813257127
All,10.691632464703495
All,11.899920455621467
All,11.670386523567812
All,10.176737372208002
All,263.9174183855057
All,8.019769342026127
All,8.988800865963444
All,10.723087734726256
All,11.910156221716788
All,11.651656562020495
All,10.143216144506388
All,8.526392604064428
All,8.024765762231763
All,9.017956812203062
All,10.754338568154493
All,11.919851934628637
All,11.632459632183252
All,10.10965442570055
All,8.503864935977626
All,8.030320634948312
All,9.047390408796067
All,10.785376129526481
All,11.929004853114897
All,11.612801161550973
All,10.07606170460227
All,8.481760266017886
All,8.036432389661975
All,9.077093334063033
All,10.81619164367832
All,11.937612389396282
All,11.592686708108602
All,10.042447478788699
All,8.460084843777459
All,8.04309929841324
All,9.107057190178185
All,10.846776398225055
All,11.945672109887855
All,11.572121958759976
All,10.00882125191695
All,8.43884479748843
All,8.050319476285464
All,9.137273505543337
All,10.877121746023557
All,11.953181735887132
All,11.551112727719708
All,9.975192531036999
All,8.418046132290357
All,8.05809088193771
All,9.167733737183198
All,10.907219107617703
All,11.960139144218356
All,11.529664954869599
All,9.941570823904165
All,8.39769472853234
All,8.066411318181988
All,9.198429273160857
All,10.937059973663674
All,11.966542367832696
All,11.507784704079159
All,9.907965636290568
All,8.37779634011038
All,8.075278432604362
All,9.229351435012251
All,10.966635907335926
All,11.97238959636448
All,11.48547816149108
All,9.874386469297981
All,8.358356592840856
All,8.084689718230095
All,9.260491480200225
All,10.995938546712663
All,11.977679176642948
All,11.462751633772509
All,9.840842816671433
All,8.339380982869654
All,8.094642514232468
All,9.291840604585907
All,11.024959607139634
All,11.982409613159698
All,11.439611546331669
All,9.80734416211491
All,8.320874875118516
All,8.105134006684976
All,9.323389944918045
All,11.053690883572816
All,11.98657956849152
All,11.416064441501494
All,9.773899976610444
All,8.30284350176811
All,8.116161229357019
All,9.355130581339044
All,11.082124252897868
All,11.990187863678463
All,11.392116976689824
All,9.740519715739953
All,8.285291960778677
All,8.127721064552423
All,9.387053539906482
All,11.110251676226905
All,11.993233478557226
All,11.367775922497044
All,9.707212817012293
All,8.268225214448897
All,8.139810243990949
All,9.419149795130718
All,11.138065201171448
All,11.995715552049536
All,11.343048160802143
All,9.673988697194844
All,8.25164808801268
All,8.152425349732383
All,9.451410272526264
All,11.165556964090452
All,11.997633382405617
All,11.317940682816682
All,9.640856749650961
All,8.235565268275144
All,8.165562815142739
All,9.483825851177548
All,11.192719192313941
All,11.998986427402606
All,11.292460587108486
All,9.60782634168462
All,8.219981302287446
All,8.179218925902816
All,9.516387366317817
All,11.21954420634024
All,11.99977430449783
All,11.266615077594558
All,9.574906811891557
All,8.204900596061115
All,8.193389821058181
All,9.549085611919878
All,11.246024422007306
All,11.99999679093698
All,11.240411461504209
All,9.54210746751941
All,8.190327413322551
All,8.20807149411083
All,9.581911343299389
All,11.272152352637121
All,11.99965382381708
All,11.213857147313355
All,9.509437581836114
All,8.176265874307314
All,8.223259794152012
All,9.61485527972786
All,11.297920611152104
All,11.998745500104276
All,11.186959642649779
All,9.47690639150795
All,8.162719954595538
All,8.238950427035656
All,9.647908107057578
All,11.323321912163822
All,263.6730834035491
All,11.159726552170644
All,9.4445230939884
All,8.149693483987514
All,8.255138956592539
All,9.681060480354006
All,11.348349074032635
All,11.995233969900447
All,11.132165575412088
All,9.412296844917579
All,8.137190145421277
All,8.271820805884435
All,9.714303026538374
All,11.372995020898486
All,11.992631756214642
All,11.104284504612906
All,9.380236755533828
All,8.125213473931149
All,8.288991258498358
All,9.747626347037574
All,11.397252784680923
All,11.989466171265688
All,11.076091222511101
All,9.348351890097295
All,8.11376685564832
All,8.306645459879698
All,9.781021020441287
All,11.421115507049505
All,11.985738110050637
All,11.047593700115318
All,9.316651263327877
All,8.102853526843543
All,8.324778418704941
All,9.814477605166125
All,11.444576441362766
All,11.981448626593929
All,11.018799994451312
All,9.285143837856069
All,8.092476573012002
All,8.343385008292811
All,9.847986642124347
All,11.46762895457558
All,11.976598933649356
All,10.989718246283624
All,9.253838521689097
All,8.082638928001181
All,8.362459968053649
All,9.881538657398647
All,11.490266529114825
All,11.971190402357188
All,10.960356677814548
All,9.222744165692491
All,8.073343373181235
All,8.38199790497699
All,9.915124164920577
All,11.512482764721607
All,11.965224561856528
All,10.930723590359095
All,9.191869561087278
All,8.064592536658656
All,8.401993295155918
All,9.948733669152407
All,11.534271380261103
All,11.958703098852919
All,10.900827361998095
All,9.1612234369651
All,8.056388892533274
All,8.422440485349094
All,9.982357667772229
All,11.555626215498325
All,11.951627857141569
All,10.870676445209575
All,9.130814457819838
All,8.048734760198634
All,8.443333694579009
All,10.015986654359827
All,11.576541232839723
All,11.944000837085992
All,10.840279364478613
All,9.100651221098026
All,8.041632303686425
All,8.464667015766352
All,10.049611121084869
All,11.597010519040452
All,11.935824195052465
All,10.809644713887844
All,9.07074225476823
All,8.035083531054523
All,8.486434417400393
All,10.083221561394913
All,11.61702828687579
All,11.927100242800398
All,10.778781154687264
All,9.041096014909543
All,8.029090293819298
All,8.508629745243825
All,10.11680847270305
All,11.63658887677762
All,11.917831446828613
All,10.747697412845575
All,9.011720883321438
All,8.023654286432146
All,8.531246724073014
All,10.150362359075004
All,11.655686758434484
All,11.90802042767818
All,10.71640227658321
All,8.982625165153589
All,8.01877704580036
All,8.554278959452118
All,10.183873733913202
All,11.674316532355077
All,11.897669959191397
All,10.684904593887245
All,8.953817086557894
All,8.014459950852707
All,8.577719939540872
All,10.217333122639358
All,11.69247293139509
All,11.886782967727584
All,10.653213270010465
All,8.925304792362803
All,8.0107042221495
All,8.601563036935989
All,10.250731065373076
All,11.710150822245993
All,11.87536253133575
All,10.621337264953183
All,8.897096343770171
All,8.00751092153752
All,8.625801510544438
All,10.284058119606296
All,11.72734520688662
All,11.863411878884204
All,10.589285590930118
All,8.869199716076718
All,8.004880951849824
All,8.650428507489636
All,10.317304862873415
All,11.744051223996173
All,11.850934389147884
All,10.55706730982249
All,8.841622796418806
All,8.002815056650444
All,8.675437065048877
All,10.350461895414583
All,11.760264150328606
All,11.837933589852941
All,10.524691530615558
All,8.81437338154263
All,8.00131382002423
All,263.27708384277383
All,10.383519842833726
All,11.775979402048224
All,11.82441315667939
All,10.492167406823906
All,8.787459175599954
All,8.000377666411653
All,8.726570473729737
All,10.416469358748842
All,11.791192536025333
All,11.810376912221939
All,10.459504133903067
All,8.760887787969574
All,8.000006860488838
All,8.752680868044283
All,10.449301127434346
All,11.805899251092656
All,11.795828824909055
All,10.42671094664982
All,8.73466673110649
All,8.000201507092713
All,8.779143913445887
All,10.482005866455342
All,11.820095389261335
All,11.780773007881255
All,10.393797116591374
All,8.708803418417558
All,8.000961551191388
All,8.805952128110942
All,10.514574329291342
All,11.833776936896456
All,11.765213717828034
All,10.360771949363613
All,8.683305162165615
All,8.002286777899693
All,8.833097932626996
All,10.546997307950964
All,11.846940025852005
All,11.749155353784419
All,10.327644782080803
All,8.658179171402187
All,8.00417681253995
All,8.86057365213603
All,10.579265635575155
All,11.859580934564214
All,11.7326024558873
All,10.294424980695293
All,8.633432549928953
All,8.006631120747894
All,8.888371518503797
All,10.611370189028822
All,11.871696089103938
All,11.715559704091588
All,10.261121937349614
All,8.609072294289817
All,8.009649008623747
All,8.916483672516451
All,10.643301891480611
All,11.883282064187053
All,11.6980319168474
All,10.227745067721182
All,8.585105291792457
All,8.013229622928437
All,8.944902166102468
All,10.675051714968529
All,11.894335584142846
All,11.680024049737527
All,10.194303808359772
All,8.561538318561176
All,8.017371951324781
All,8.973618964579689
All,10.706610682952826
All,11.904853523840277
All,11.661541194076413
All,10.16080761402023
All,8.538378037621186
All,8.022074822663733
All,9.00262594892733
All,10.737969872853805
All,11.914832909571318
All,11.642588575470766
All,10.127265954988903
All,8.515630997014481
All,8.027336907315489
All,9.031914918080865
All,10.769120418574364
All,11.924270919891853
All,11.623171552341875
All,10.093688314406247
All,8.493303627948993
All,8.033156717545397
All,9.061477591251085
All,10.800053513007109
All,11.933164886419338
All,11.60329561441103
All,10.06008418558579
All,8.471402242980004
All,8.039532607934651
All,9.0913056102652
All,10.830760410523734
All,11.941512294587195
All,11.582966381147168
All,10.026463069329672
All,8.449933034225486
All,8.046462775845384
All,9.121390541929818
All,10.861232429448066
All,11.949310784355868
All,11.562189600178163
All,9.992834471243183
All,8.4289020716155
All,8.053945261930398
All,9.151723880415656
All,10.891460954510501
All,11.956558150879891
All,11.540971145665885
All,9.959207899046811
All,8.408315301175776
All,8.061977950687075
All,9.182297049661852
All,10.92143743928379
All,11.96325234513138
All,11.519317016645129
All,9.925592859888392
All,8.38817854334696
All,8.070558571055633
All,9.213101405800543
All,10.95115340859923
All,11.969391474479295
All,11.497233335327872
All,9.891998857654597
All,8.368497491339083
All,8.0796846970609
All,9.244128239601558
All,10.980600460943338
All,11.974973803224641
All,11.474726345372456
All,9.858435390285184
All,8.349277709521386
All,8.089353748498645
All,9.275368778934231
All,11.009770270832078
All,11.979997753090982
All,11.451802410117736
All,9.824911947085964
All,8.330524631849482
All,8.099562991664577
All,9.306814191246893
All,11.038654591166011
All,11.98446190367094
All,11.428468010784336
All,262.7457708447139
All,8.312243560329383
All,8.110309540127686
All,9.33845558606555
All,11.067245255561359
All,11.988364992827515
All,11.404729744642735
All,9.758023031164992
All,8.294439663517617
All,8.121590355546136
All,9.370284017505764
All,11.095534180658296
All,11.991705917051139
All,11.380594323146916
All,9.724676469760919
All,8.277117975060907
All,8.133402248526046
All,9.40229048680339
All,11.123513368407682
All,11.994483731771567
All,11.356068570038149
All,9.691407749817
All,8.260283392272186
All,8.145741879523753
All,9.434465944858138
All,11.1511749083308
All,11.996697651624892
All,11.33115941941459
All,9.65822627730593
All,8.243940674746352
All,8.15860575978936
All,9.466801294791342
All,11.178510979757194
All,11.998347050675708
All,11.305873913771299
All,9.62514143353407
All,8.22809444301494
All,8.171990252353673
All,9.499287394519417
All,11.205513854035203
All,11.999431462593964
All,11.280219202009672
All,9.592162572487537
All,8.212749177238988
All,8.185891573056239
All,9.531915059336834
All,11.232175896716532
All,11.99995058078689
All,11.254202537415035
All,9.559299018188245
All,8.197909215943238
All,8.20030579161493
All,9.564675064514413
All,11.258489569715982
All,11.999904258485637
All,11.227831275607336
All,9.526560062058419
All,8.183578754788783
All,8.215228832737807
All,9.597558147906753
All,11.284447433441237
All,11.99929250878678
All,11.201112872460289
All,9.493954960292097
All,8.16976184538716
All,8.230656477274545
All,9.630555012570225
All,11.310042148897484
All,11.998115504648608
All,11.174054881993904
All,9.461492931239931
All,8.156462394155128
All,8.246584363409987
All,9.663656329393024
All,11.33526647976181
All,11.996373578842263
All,11.146664954239327
All,9.429183152801357
All,8.143684161209553
All,8.263007987897069
All,9.696852739730986
All,11.360113294428597
All,11.994067223857602
All,11.118950833074678
All,9.397034759830422
All,8.131430759305053
All,8.279922707329659
All,9.730134858055084
All,11.38457556802702
All,11.991197091763967
All,11.090920354037127
All,9.365056841553754
All,8.119705652811957
All,8.297323739456159
All,9.76349327460432
All,11.408646384405817
All,11.987763994025903
All,11.062581442106275
All,9.333258438999279
All,8.10851215673711
All,8.315206164530668
All,9.796918558045427
All,11.432318938089837
All,11.983768901273587
All,11.033942109464085
All,9.301648542441798
All,8.097853435786837
All,8.333564926704739
All,9.83040125814095
All,11.455586536203633
All,11.979212943028594
All,11.005010453230224
All,9.270236088859692
All,8.087732503471678
All,8.352394835456465
All,9.863931908419286
All,11.478442600363254
All,11.974097407384368
All,10.975794653171416
All,9.239029959408837
All,8.07815222125496
All,8.371690567057591
All,9.897501028852673
All,11.500880668537224
All,11.968423740642107
All,10.946302969390374
All,9.208038976912297
All,8.069115297743298
All,8.39144666607957
All,9.931099128536804
All,11.52289439687231
All,11.96219354690199
All,10.916543739989056
All,9.177271903364382
All,8.060624287921016
All,8.411657546934919
All,9.96471670837346
All,11.544477561488163
All,11.955408587609368
All,10.88652537871185
All,9.146737437455087
All,8.052681592427943
All,8.432317495457347
All,9.998344263757762
All,11.565624060236505
All,11.948070781057101
All,10.85625637256739
All,9.116444212109268
All,8.04528945688029
All,8.453420670516914
All,10.031972287263562
All,262.10108275196006
All,11.940182201842891
All,10.825745279427624
All,9.086400792046506
All,8.038449971236192
All,8.474961105671042
All,10.065591271333046
All,11.606583270513433
All,11.931745080282854
All,10.79500072560991
All,9.056615671360237
All,8.032165069204448
All,8.496932710852384
All,10.099191710964094
All,11.626384401757825
All,11.922761801781135
All,10.764031403436677
All,9.02709727111482
All,8.026436527697982
All,8.519329274089507
All,10.132764106396921
All,11.645725709840242
All,11.913234906155092
All,10.732846068778485
All,8.997853936966283
All,8.02126596633156
All,8.5421444632642
All,10.166298965801507
All,11.66460172644629
All,11.903167086917694
All,10.70145353857914
All,8.96889393680138
All,8.016654846963625
All,8.565371827901313
All,10.19978680795939
All,11.683007114811762
All,11.892561190515554
All,10.669862688361421
All,8.940225458400633
All,8.012604473283261
All,8.58900480099199
All,10.233218164945832
All,11.70093667123238
All,11.881420215524342
All,10.638082449719432
All,8.91185660712401
All,8.009115990441375
All,8.613036700851461
All,10.266583584806
All,11.718385326534023
All,11.869747311801241
All,10.6061218077919
All,8.883795403617956
All,8.00619038472705
All,8.637460733006845
All,10.299873634226604
All,11.73534814750678
All,11.857545779593867
All,10.573989798722472
All,8.856049781549277
All,8.00382848328874
All,8.66226999211927
All,10.333078901204525
All,11.751820338299318
All,11.844819068607825
All,10.5416955071056
All,8.828627585360744
All,8.002030953900267
All,8.68745746393572
All,10.366189997706057
All,11.767797241774486
All,11.83157077703082
All,10.509248063416567
All,8.801536568053828
All,8.000798304772168
All,8.713016027271639
All,10.399197562322724
All,11.78327434082679
All,11.817804650515578
All,10.476656641431784
All,8.774784388997265
All,8.000130884407906
All,8.738938456025474
All,10.43209226291733
All,11.798247259658625
All,11.803524581121147
All,10.4439304556336
All,8.748378611760257
All,8.000028881505395
All,8.765217421220317
All,10.464864799261745
All,11.812711765018184
All,11.788734606211843
All,10.41107875860575
All,8.7223267019755
All,8.000492324903636
All,8.791845493077226
All,10.49750590566789
All,11.826663767395981
All,11.773438907316553
All,10.37811083841809
All,8.696636025227187
All,8.001521083574563
All,8.818815143115298
All,10.530006353605616
All,11.840099322180798
All,11.757641808945802
All,10.345036015999028
All,8.671313844969102
All,8.00311486666007
All,8.846118746279636
All,10.562356954313428
All,11.853014630775585
All,11.741347777369397
All,10.311863642502042
All,8.646367320471551
All,8.005273223554283
All,8.87374858309843
All,10.59454856139571
All,11.865406041670703
All,11.72456141935402
All,10.278603096660285
All,8.621803504796045
All,8.007995544030946
All,8.901696841863993
All,10.626572073408028
All,11.877270051476925
All,11.707287480860002
All,10.245263782135634
All,8.597629342802556
All,8.011281058415888
All,8.929955620842636
All,10.658418436431864
All,11.888603305915659
All,11.689530845700414
All,10.211855124860687
All,8.573851669184853
All,8.015128837804761
All,8.958516930508157
All,10.690078646632685
All,11.899402600767079
All,11.671296534159467
All,10.17838657037223
All,8.550477206538652
All,8.019537794325492
All,8.987372695800115
All,10.721543752807074
All,11.909664882776582
All,11.652589701573486
All,10.144867581142522
All,8.52751256346142
All,261.36963925628476
All,9.01651475840822
All,10.752804858912835
All,11.919387250517426
All,11.633415636873742
All,10.111307633902422
All,8.504964232682845
All,8.0300340943267
All,9.045934879077345
All,10.783853126583507
All,11.928566955211553
All,11.613779761090239
All,10.077716216962731
All,8.482838589230404
All,8.036118470217284
All,9.07562473993837
All,10.814679777628697
All,11.93720140150651
All,11.593687625820069
All,10.044102827532274
All,8.4611418886259
All,8.0427580888991
All,9.105575946859286
All,10.84527609651423
All,11.94528814820907
All,11.573144911656916
All,10.010476969031187
All,8.43988026511732
All,8.049951073171039
All,9.135780031817822
All,10.875633432827733
All,11.952824908975819
All,11.552157426585376
All,9.976848148405859
All,8.41905972994494
All,8.057695389380603
All,9.16622845529702
All,10.905743203723707
All,11.95980955295914
All,11.530731104339315
All,9.943225873439475
All,8.398686169640783
All,8.065988847998756
All,9.19691260869794
All,10.935596896349526
All,11.966240105410016
All,11.508872002723251
All,9.909619650064585
All,8.378765344365455
All,8.074829104238775
All,9.227823816774993
All,10.96518607025368
All,11.972114748236184
All,11.486586301900799
All,9.876038979676188
All,8.35930288627863
All,8.084213658719595
All,9.258953340088063
All,10.994502359770495
All,11.97743182051605
All,11.463880302646345
All,9.842493356443864
All,8.340304297947108
All,8.094139858171964
All,9.290292377472724
All,11.023537476386753
All,11.982189818968553
All,11.440760424564075
All,9.808992264629305
All,8.32177495078946
All,8.104604896189038
All,9.321832068530078
All,11.052283211084465
All,11.986387398377893
All,11.417233204273465
All,9.77554517590328
All,8.303720083556486
All,8.11560581401965
All,9.353563496130105
All,11.0807314366612
All,11.990023371974088
All,11.393305293560095
All,9.742161546668418
All,8.286144800851092
All,8.127139501404589
All,9.385477688934293
All,11.108874110029237
All,11.993096711768402
All,11.368983457496277
All,9.708850815386297
All,8.269054071684206
All,8.13920269745649
All,9.417565623931424
All,11.136703274488026
All,11.995606548843941
All,11.34427457252727
All,9.675622399907358
All,8.252452728070283
All,8.151791991581145
All,9.449818228987986
All,11.164211061975085
All,11.997552173601443
All,11.319185624527583
All,9.642485694810018
All,8.236345463661499
All,8.16490382444234
All,9.482226385414627
All,11.19138969528995
All,11.998933035959778
All,11.293723706826405
All,9.609450068743003
All,8.220736832419933
All,8.178534488967943
All,9.514780930542507
All,11.218231490292455
All,11.99974874551157
All,11.267896018200936
All,9.576524861777244
All,8.205631247330924
All,8.1926801313977
All,9.547472660315377
All,11.24472885807653
All,11.999999071633509
All,11.24170986084247
All,9.543719382765852
All,8.191032979154638
All,8.207336752373458
All,9.580292331891151
All,11.270874307114335
All,11.999683943551585
All,11.215172638290651
All,9.511042906710701
All,8.176946155218957
All,8.222500208069121
All,9.613230666254447
All,11.296660445375586
All,11.99880345036108
All,11.188291853340802
All,9.478504672141893
All,8.163374758252823
All,8.238166211362914
All,9.64627835084157
All,11.322079982416929
All,11.997357841001412
All,11.161075105923244
All,9.446113878504242
All,8.15032262525957
All,8.254330333049182
All,9.679426042171649
All,11.347125731442642
All,11.99534752418571
All,260.58164225008005
All,9.413879683556992
All,8.13779344643282
All,8.270988003090306
All,9.71266436848985
All,11.37179061133774
All,11.992773068285269
All,11.105664596157212
All,9.381811200785334
All,8.12579076411255
All,8.288134511909547
All,9.745983932416365
All,11.39606764866864
All,11.989635201168912
All,11.07748649986904
All,9.349917496822238
All,8.114317971783843
All,8.305765011721679
All,9.779375313602623
All,11.419949979655916
All,11.98593480999709
All,11.049003768803793
All,9.318207588886814
All,8.103378313117688
All,8.323874517904382
All,9.81282907139626
All,11.443430852114364
All,11.981672940971208
All,11.020224455805598
All,9.286690442233377
All,8.092974881053363
All,8.342457910407209
All,9.846335747508446
All,11.466503627361567
All,11.976850799037681
All,10.991156697569608
All,9.25537496761739
All,8.083110616924573
All,8.361509935198763
All,9.879885868689575
All,11.489161782095923
All,11.971469747547316
All,10.961808712343071
All,9.224270018776767
All,8.073788309627348
All,8.381025205753044
All,9.913469949406942
All,11.511398910239734
All,11.965531307869988
All,10.932188797600457
All,9.193384389927216
All,8.065010594831783
All,8.40099820457134
All,9.947078494525872
All,11.53320872475144
All,11.959037158964234
All,10.902305327698103
All,9.162726813277539
All,8.05677995423701
All,8.42142328474309
All,9.980702001995846
All,11.55458505940267
All,11.951989136902895
All,10.87216675150718
All,9.13230595655935
All,8.049098714869164
All,8.442294671542031
All,10.014330965535175
All,11.575521870521186
All,11.944389234353704
All,10.841781590023533
All,9.102130420577096
All,8.041969048423901
All,8.46360646405844
All,10.04795587732027
All,11.59601323870059
All,11.936239600016027
All,10.811158433960212
All,9.072208736776982
All,8.035392970652033
All,8.48535263686847
All,10.081567230673082
All,11.616053370472908
All,11.927542538013538
All,10.780305941316989
All,9.042549364833679
All,8.029372340789799
All,8.50752704173671
All,10.115155522748221
All,11.635636599947006
All,11.918300507242463
All,10.749232834934158
All,9.013160690258953
All,8.0239088610333
All,8.530123409354868
All,10.14871125722103
All,11.65475739041073
All,11.908516120676456
All,10.71794790002491
All,8.984051022032254
All,8.019004076057008
All,8.5531353511146
All,10.182224946971997
All,11.6734103358959
All,11.898192144628322
All,10.686459981692327
All,8.955228590249135
All,8.014659372577157
All,8.57655636091328
All,10.21568711676744
All,11.691590162706847
All,11.887331497967113
All,10.65477798242801
All,8.926701543795987
All,8.010875978959854
All,8.600379816993609
All,10.249088305941129
All,11.709291730911673
All,11.875937251293413
All,10.622910859596809
All,8.898477948045727
All,8.00765496487345
All,8.624598983816096
All,10.282419071067263
All,11.7265100357945
All,11.864012626071059
All,10.590867622901763
All,8.870565782577113
All,8.004997240986341
All,8.64920701396206
All,10.315669988630841
All,11.743240209271868
All,11.851560993716173
All,10.558657331838527
All,8.842972938920216
All,8.002903558709454
All,8.67419695007155
All,10.348831657692388
All,11.75947752126812
All,11.838585874644657
All,10.52628909313357
All,8.815707218323
All,8.001374509983764
All,8.699561726809073
All,10.381894702544063
All,11.775217381052965
All,11.82509093727586
All,10.493772058169025
All,8.788776329547208
All,8.000410527113031
All,8.72529417286148
All,259.7696287658405
All,11.790455338539592
All,11.811079996996087
All,10.461115420397096
All,8.762187886688512
All,8.00001188264144
All,8.751387012965854
All,10.447687558853023
All,11.805187085542036
All,11.796557015079717
All,10.428328412738187
All,8.73594940702344
All,8.00017868927664
All,8.777832869964998
All,10.48039876887808
All,11.819408456994434
All,11.781526097569037
All,10.395420304972257
All,8.710068308885463
All,8.00091089985785
All,8.804624266895287
All,10.512974157088834
All,11.833115432127782
All,11.765991494114175
All,10.362400401117565
All,8.684551909565492
All,8.002208307369221
All,8.831753629099193
All,10.545404513535027
All,11.846304135606927
All,11.749957596770383
All,10.329278036799716
All,8.659407423244504
All,8.004070544998282
All,8.859213286367202
All,10.577680669272151
All,11.85897083862639
All,11.733428938757095
All,10.296062576614027
All,8.63464195895355
All,8.006497086239754
All,8.886995475106769
All,10.609793498951996
All,11.871111959963937
All,11.716410193176058
All,10.262763411475207
All,8.610262518563495
All,8.00948724504435
All,8.91509234053579
All,10.641733923403079
All,11.882724066994093
All,11.698906171689883
All,10.229389955964084
All,8.586275994806732
All,8.013040176012737
All,8.943495938905613
All,10.673492912197995
All,11.89380387665797
All,11.680921823162608
All,10.195951645665394
All,8.562689169326418
All,8.017154874634636
All,8.972198239745463
All,10.705061486204858
All,11.904348256391636
All,11.662462232259097
All,10.162457934499638
All,8.539508710760465
All,8.021830177572578
All,9.001191128133232
All,10.736430720128512
All,11.914354225011916
All,11.643532618008413
All,10.128918292052006
All,8.516741172855784
All,8.027064762991154
All,9.030466406990207
All,10.767591745032243
All,11.923818953558714
All,11.624138332328018
All,10.095342200892357
All,8.494392992615076
All,8.032857150930509
All,9.060015799397004
All,10.7985357508457
All,11.932739766095656
All,11.60428485851037
All,10.061739153896047
All,8.472470488478107
All,8.039205703724827
All,9.089830950936058
All,10.829253988856147
All,11.941114140466096
All,11.583977809673728
All,10.028118651559577
All,8.450979858533515
All,8.046108626465442
All,9.11990343205207
All,10.859737774180314
All,11.94893970900634
All,11.563222927173555
All,9.994490199314097
All,8.429927178767642
All,8.053563967507916
All,9.150224740435657
All,10.889978488222338
All,11.956214259215137
All,11.54202607898036
All,9.960863304839775
All,8.409318401346388
All,8.061569619024395
All,9.180786303427613
All,10.919967581108807
All,11.962935734378842
All,11.52039325802038
All,9.927247475374989
All,8.389159352932104
All,8.070123317599178
All,9.21157948044096
All,10.949696574106465
All,11.969102234153478
All,11.49833058048093
All,9.893652215030198
All,8.369455733037315
All,8.07922264486873
All,9.242595565406377
All,10.979157062019773
All,11.974712015101627
All,11.475844284082386
All,9.860087022100405
All,8.350213112411684
All,8.088865028205566
All,9.273825789231976
All,11.008340715565698
All,11.979763491185441
All,11.452940726312818
All,9.826561386379284
All,8.331436931468096
All,8.099047741445062
All,9.305261322282982
All,11.037239283731022
All,11.984255234215123
All,11.42962638263174
All,9.793084786477971
All,8.313132498744242
All,8.109767905657003
All,9.336893276878543
All,11.065844596103522
All,11.988185974252472
All,11.405907844639037
All,9.759666687142477
All,258.9671274958259
All,8.121022489959024
All,9.368712709802802
All,11.094148565182378
All,11.991554599970296
All,11.381791818211001
All,9.726316536579565
All,8.277959443762747
All,8.132808312373644
All,9.400710624835952
All,11.122143188665103
All,11.994360158966366
All,11.35728512160571
All,9.693043763785031
All,8.26110076588586
All,8.14512204072807
All,9.43287797529601
All,11.149820551708496
All,11.996601858032752
All,11.33239468353337
All,9.659857775877416
All,8.244733722178193
All,8.157960193595624
All,9.465205666596981
All,11.177172829168665
All,11.998279063380096
All,11.307127541198664
All,9.626767955440162
All,8.228862940048728
All,8.171319141281028
All,9.49768455882059
All,11.204192287811884
All,11.999391300816727
All,11.281490838310837
All,9.593783657866195
All,8.213492906599582
All,8.185195106845965
All,9.530305469298622
All,11.230871288501366
All,11.999938255882856
All,11.255491823063611
All,9.560914208714708
All,8.198627967358197
All,8.199584167177084
All,9.563059175211754
All,11.257202288357417
All,11.999919773939395
All,11.229137846087333
All,9.528168901074114
All,8.184272325047509
All,8.214482254095374
All,9.595936416195334
All,11.283177842888591
All,11.999335860211687
All,11.20243635836865
All,9.495556992934201
All,8.170430038398546
All,8.229885155505539
All,9.62892789695799
All,11.308790608098581
All,11.998186679788029
All,11.175394909145304
All,9.46308770457041
All,8.157105021002716
All,8.245788516588076
All,9.662024289910093
All,11.334033342561147
All,11.996472557573052
All,11.148021143771414
All,9.43077021593436
All,8.144301040205146
All,8.262187841029712
All,9.69521623779914
All,11.358898909467818
All,11.994193978195778
All,11.120322801555552
All,9.398613664060194
All,8.13202171604025
All,8.279078492294818
All,9.72849435635799
All,11.383380278645987
All,11.991351585872646
All,11.092307713574122
All,9.366627140480855
All,8.120270520207196
All,8.296455694936537
All,9.761849236956255
All,11.407470528545222
All,11.987946184225375
All,11.063983800455066
All,9.334819688657223
All,8.109050775089067
All,8.314314535945973
All,9.795271449260833
All,11.431162848196156
All,11.983978736053695
All,11.035359070139972
All,9.303200301423006
All,8.09836565281336
All,8.332649966142654
All,9.828751543902564
All,11.454450539134804
All,11.979450363063355
All,11.006441615619641
All,9.27177791843964
All,8.088218174354997
All,8.35145680160113
All,9.862280055146021
All,11.477327017296744
All,11.974362345548672
All,10.977239612645583
All,9.240561423670524
All,8.07861120868276
All,8.370729725116846
All,9.895847503568437
All,11.499785814878901
All,11.968716122030761
All,10.947761317420094
All,9.209559642868857
All,8.069547471947333
All,8.390463287709734
All,9.929444398737997
All,11.521820582166965
All,11.962513288850776
All,10.918015064259626
All,9.17878134108193
All,8.061029526713925
All,8.410651910163706
All,9.963061241897488
All,11.543425089332453
All,11.955755599718481
All,10.888009263240033
All,9.148235220174683
All,8.053059781237623
All,8.43128988460566
All,9.996688528650306
All,11.564593228192834
All,11.948444965216813
All,10.857752397818416
All,9.117929916366947
All,8.045640488782421
All,8.452371376118181
All,10.030316751645804
All,11.585319013938774
All,11.940583452261148
All,10.827253022434208
All,9.087873997793416
All,8.038773746984544
All,8.473890424389506
All,10.06393640326999
All,11.605596586826485
All,258.20727436529205
All,10.796519760092247
All,9.05807596208079
All,8.032461497258799
All,8.495840945398951
All,10.097537978331781
All,11.62542021383334
All,11.92321683676299
All,10.765561299922352
All,9.028544233944864
All,8.026705524250087
All,8.518216733135858
All,10.131111976750828
All,11.644784290280404
All,11.913716644235514
All,10.734386394724307
All,8.99928716281022
All,8.021507455328727
All,8.541011461355959
All,10.164648906243908
All,11.663683341415917
All,11.90367539189627
All,10.703003858492808
All,8.970313020447229
All,8.01686876013031
All,8.564218685368814
All,10.198139285006828
All,11.682112023963445
All,11.893095918680624
All,10.671422563925061
All,8.941629998634996
All,8.012790750140415
All,8.58783184386019
All,10.231573644397914
All,11.700065127632797
All,11.881981215693768
All,10.639651439913955
All,8.913246206844919
All,8.00927457832346
All,8.611844260747446
All,10.264942531613247
All,11.71753757659216
All,11.870334425364925
All,10.60769946902105
All,8.885169669947537
All,8.006321238796973
All,8.636249147065747
All,10.298236512359667
All,11.734524430904635
All,11.85815884055873
All,10.57557568493867
All,8.857408325945205
All,8.003931566550468
All,8.66103960288943
All,10.331446173522567
All,11.751020887923895
All,11.845457903644919
All,10.54328916993541
All,8.829970023725519
All,8.002106237209345
All,8.686208619281507
All,10.364562125825431
All,11.767022283652294
All,11.832235205524082
All,10.510849052287883
All,8.80286252084375
All,8.000845766843968
All,8.711749080275617
All,10.397575006487145
All,11.782524094059694
All,11.818494484613073
All,10.478264503701675
All,8.776093481329184
All,8.000150511823609
All,8.737653764888238
All,10.430475481867298
All,11.797521936361713
All,11.804239625787899
All,10.445544736715611
All,8.749670473517945
All,8.000020668715793
All,8.763915349158864
All,10.463254250105514
All,11.812011570260104
All,11.78947465928515
All,10.412699002098885
All,8.723600967914635
All,8.000456274230705
All,8.790526408222785
All,10.495902043751785
All,11.825988899140768
All,11.77420375956335
All,10.379736586235163
All,8.697892335078084
All,8.001457205210821
All,8.817479418408901
All,10.528409632384863
All,11.839449971232183
All,11.758431244121535
All,10.346666808496634
All,8.672551843538924
All,8.003023178665666
All,8.844766759367213
All,10.560767825224596
All,11.85239098072285
All,11.742161572279354
All,10.313499018610955
All,8.647586657744215
All,8.005153751851907
All,8.872380716223688
All,10.592967473728654
All,11.864808268836613
All,11.72539934391611
All,10.28024259401514
All,8.623003836031533
All,8.007848322398482
All,8.900313481759962
All,10.624999474179507
All,11.876698324868139
All,11.708149298170012
All,10.246906937206107
All,8.598810328634706
All,8.01110612847692
All,8.92855715862289
All,10.656854770258722
All,11.888057787174784
All,11.690416312099236
All,10.213501473081866
All,8.57501297571681
All,8.01492624901677
All,8.957103761555858
All,10.688524355605717
All,11.898883444127199
All,11.672205399301637
All,10.18003564627641
All,8.551618505437588
All,8.019307603965826
All,8.985945219656804
All,10.719999276366682
All,11.909172235017483
All,11.653521708498204
All,10.146518918491264
All,8.528633532050897
All,8.024248954595768
All,9.015073378660471
All,10.751270633724356
All,11.918921250923976
All,11.634370522077145
All,10.112960765817686
All,8.506064554034364
All,8.029748903852207
All,257.5214443233879
All,10.782329586414399
All,11.928127735534527
All,11.614757254600137
All,10.079370676059332
All,8.483917952253307
All,8.035805896749707
All,9.074156779348995
All,10.813167353225463
All,11.936789085925216
All,11.594687451272563
All,10.045758146049339
All,8.462199988154865
All,8.042418220811516
All,9.104095316547838
All,10.843775215480228
All,11.944902853296412
All,11.574166786374121
All,10.012132678964866
All,8.44091680199894
All,8.04958400655337
All,9.134287150399018
All,10.874144519502906
All,11.952466743665212
All,11.55320106165562
All,9.978503781642091
All,8.420074411121863
All,8.05730122801258
All,9.164723744849296
All,10.904266679064195
All,11.959478618513616
All,11.531796204698407
All,9.944880961885659
All,8.39967870823487
All,8.065567703320472
All,9.195396494643713
All,10.934133177809267
All,11.965936495393757
All,11.509958267238162
All,9.911273725782365
All,8.379735459759155
All,8.074381095319355
All,9.226296727760998
All,10.963735571665964
All,11.97183854848797
All,11.487693423455115
All,9.877691575013092
All,8.360250304193904
All,8.083738912223426
All,9.257415707863736
All,10.993065491230576
All,11.977183109125114
All,11.46500796822665
All,9.844144004165955
All,8.341228750523237
All,8.093638508322748
All,9.288744636768783
All,11.022114644136497
All,11.98196866625241
All,11.44190831534876
All,9.810640498053745
All,8.322676176658394
All,8.10407708473203
All,9.32027465693518
All,11.050874817397101
All,11.986193866862402
All,11.41840099572239
All,9.777190529029596
All,8.304597827917009
All,8.115051690181447
All,9.351996853966712
All,11.079337879728177
All,11.989857516375881
All,11.39449265550665
All,9.743803554310697
All,8.286998815541091
All,8.126559221851164
All,9.383902259134805
All,11.107495783847241
All,11.992958578979355
All,11.370190054241064
All,9.710489013304036
All,8.269884115250472
All,8.138596426248757
All,9.415981851912536
All,11.13534056874721
All,11.995496177917977
All,11.34550006293253
All,9.677256324937167
All,8.253258565837006
All,8.151159900128407
All,9.448226562525393
All,11.162864361949474
All,11.99746959574344
All,11.320429662113975
All,9.64411488499702
All,8.237126867796281
All,8.164246091454064
All,9.480627274516005
All,11.190059381728135
All,11.99887827451673
All,11.294985939870458
All,9.611074063470763
All,8.221493581998445
All,8.177851300403063
All,9.513174827319837
All,11.216917939310493
All,11.999721815966026
All,11.269176089834817
All,9.578143201898449
All,8.206363128399556
All,8.191971680412319
All,9.545860018857779
All,11.243432441051233
All,11.999999981599188
All,11.24300740915524
All,9.545331610731456
All,8.19173978479068
All,8.206603239266062
All,9.578673608136059
All,11.269595390577923
All,11.999712692771217
All,11.216487296430065
All,9.51264856669973
All,8.177627685589302
All,8.221741840223748
All,9.611606317859373
All,11.295399390912591
All,11.99886003070647
All,11.189623249617387
All,9.480103310190762
All,8.16403082067018
All,8.237383203190804
All,9.644648837054264
All,11.320837146561619
All,11.997442236475761
All,11.162422863914832
All,9.447705042634437
All,8.150953034237135
All,8.253522905927959
All,9.677791823699813
All,11.345901465578734
All,11.99545971092812
All,11.134893829611817
All,9.415462923903302
All,8.138398023736901
All,8.270156385301712
All,9.711025907371551
All,11.3705852615987
All,11.992913014577509
All,11.107043929916786
All,256.9379558461781
All,8.126369338812676
All,8.287278938574698
All,9.744341691888955
All,11.394881555839497
All,11.989802867444341
All,11.078881038754453
All,9.35148354909146
All,8.114870380301268
All,8.30488572473434
All,9.777729757972448
All,11.418783479077414
All,11.986130148851856
All,11.050413118541115
All,9.319764381722806
All,8.1039043992714
All,8.322971765862935
All,9.811180665906939
All,11.442284273587827
All,11.981895897177722
All,11.021648217933091
All,9.28823753548841
All,8.093474496104411
All,8.341531948544109
All,9.844684958208873
All,11.465377295056125
All,11.977101309560151
All,10.992594469550742
All,9.256911923886278
All,8.08358361961825
All,8.36056102530877
All,9.878233162302843
All,11.48805601445655
All,11.971747741559636
All,10.963260087680752
All,9.225796403519906
All,8.074234566232908
All,8.38005361611896
All,9.911815793197928
All,11.510314019896898
All,11.965836706775642
All,10.933653365951349
All,9.194899771593859
All,8.06542997918039
All,8.400004209887886
All,9.945423356169808
All,11.532145018433186
All,11.95936987641859
All,10.903782674989053
All,9.164230763428233
All,8.057172347757227
All,8.420407166039631
All,9.979046349445651
All,11.553542837847598
All,11.95234907883771
All,10.873656460051672
All,9.133798049986428
All,8.049464006620603
All,8.441256716102853
All,10.012675266888685
All,11.574501428393859
All,11.94477629900359
All,10.843283238640188
All,9.103610235425316
All,8.042307135128693
All,8.462546965341952
All,10.046300600688582
All,11.595014864507926
All,11.936653677947323
All,10.812671598092276
All,9.073675854662184
All,8.035703756723859
All,8.484271894423962
All,10.079912844047751
All,11.615077346482206
All,11.927983512155086
All,10.781830193151961
All,9.04400337096128
All,8.02965573836101
All,8.506425361119206
All,10.113502493869628
All,11.634683202106963
All,11.918768252918733
All,10.75076774352433
All,9.014601173542625
All,8.024164789979643
All,8.52900110203963
All,10.14706005344591
All,11.653826888272883
All,11.909010505643264
All,10.719493031409819
All,8.98547757520774
All,8.01923246402034
All,8.551992734408469
All,10.180576035139719
All,11.672502992538542
All,11.898713029109445
All,10.688014899020827
All,8.956640809991006
All,8.014860154986101
All,8.575393757865115
All,10.214040963070733
All,11.690706234660897
All,11.887878734694326
All,10.65634224608348
All,8.928099030831262
All,8.011049099047696
All,8.59919755630328
All,10.247445375792477
All,11.708431468087177
All,11.876510685547988
All,10.624484027318887
All,8.899860307266383
All,8.007800373694426
All,8.623397399740245
All,10.280779828967761
All,11.725673681411429
All,11.86461209572735
All,10.592449249913091
All,8.871932623153313
All,8.005114897429419
All,8.647986446221555
All,10.31403489803932
All,11.742427999790383
All,11.852186329288115
All,10.560246970970077
All,8.844323874408525
All,8.002993429509925
All,8.672957743754132
All,10.347201180892588
All,11.758689686321961
All,11.839236899332686
All,10.52788629495063
All,8.817041866777165
All,8.001436569732757
All,8.698304232272113
All,10.38026930051663
All,11.774454143384734
All,11.825767467017569
All,10.49537637110002
All,8.790094313625763
All,8.00044475826454
All,8.72401874563328
All,10.413229907653479
All,11.789716913936948
All,11.811781840518094
All,10.462726390858634
All,8.763488833761109
All,8.000018275517386
All,8.750094013643725
All,10.446073683441874
All,256.48090164390595
All,11.797283973951544
All,10.429945585265045
All,8.73723294927763
All,8.000157242069582
All,8.776522664115413
All,10.478791342052402
All,11.818720277767255
All,11.782277966260015
All,10.39704322234572
All,8.711334083428534
All,8.000861618631513
All,8.80329722494912
All,10.511373633311083
All,11.832452671004539
All,11.766768060050348
All,10.36402860449425
All,8.685799558528512
All,8.00213120605672
All,8.83041012624734
All,10.543811345317303
All,11.845666979968415
All,11.750758640395413
All,10.330911065843079
All,8.660636593883133
All,8.003965645398274
All,8.85785370245488
All,10.576095307046497
All,11.858359468613513
All,11.734254233594134
All,10.297699969621839
All,8.635852303747441
All,8.006364418010213
All,8.885620194524632
All,10.608216390943486
All,11.870526548427817
All,11.717259505891548
All,10.264404705511874
All,8.61145369531588
All,8.009326845694194
All,8.913701752113484
All,10.64016551550353
All,11.882164779446516
All,11.699779262160455
All,10.231034686991082
All,8.58744766673917
All,8.012852090891284
All,8.942090435800356
All,10.67193364783817
All,11.893270871224756
All,11.681818444541577
All,10.197599348672018
All,8.563841005175348
All,8.01693915691857
All,8.970778219331256
All,10.703511806231687
All,11.903841683768077
All,11.663382131047179
All,10.164108143636282
All,8.540640384870521
All,8.021586888251225
All,8.999756991888916
All,10.734891062678724
All,11.913874228419608
All,11.64447553412517
All,10.130570540759154
All,8.517852365271573
All,8.026793970849027
All,9.029018560384364
All,10.766062545408932
All,11.923365668705905
All,11.625103999185121
All,10.096996022034304
All,8.495483389172847
All,8.032558932527921
All,9.05855465177569
All,10.797017441395658
All,11.93231332113832
All,11.60527300308803
All,10.063394079892516
All,8.473539780892757
All,8.038880143376334
All,9.088356915405502
All,10.827746998845972
All,11.940714655971835
All,11.584988152596297
All,10.029774214517465
All,8.452027744486958
All,8.045755816215639
All,9.118416925362258
All,10.85824252967754
All,11.948567297920402
All,11.564255182789577
All,9.99614593116158
All,8.43095336199398
All,8.05318400710596
All,9.148726182862925
All,10.888495411973304
All,11.955869026828074
All,11.543079955443055
All,9.962518737455913
All,8.410322591715401
All,8.061162615895439
All,9.17927611865417
All,10.918497092419559
All,11.962617778297352
All,11.52146845736988
All,9.9289021407239
All,8.39014126653238
All,8.06968938681409
All,9.210058095437585
All,10.9482390887246
All,11.968811644272405
All,11.499426798729688
All,9.895305645292927
All,8.370415092254863
All,8.078761909111687
All,9.241063410310039
All,10.977712992015302
All,11.974448873578645
All,11.476961211299354
All,9.861738749806733
All,8.351149646009524
All,8.08837761773886
All,9.272283297224648
All,11.006910469216937
All,11.97952787241789
All,11.454078046712253
All,9.828210944541715
All,8.332350374662678
All,8.098533794073033
All,9.303708929469588
All,11.035823265407563
All,11.984047204818715
All,11.430783774662194
All,9.794731708721036
All,8.314022593280054
All,8.10922756668657
All,9.335331422161955
All,11.06444320615231
All,11.988005593042846
All,11.40708498107394
All,9.761310507836406
All,8.296171483625066
All,8.120455912158729
All,9.36714183476231
All,11.092762199814898
All,11.991401917946133
All,11.382988366242472
All,9.727956790971483
All,8.278802092692306
All,256.16915385353906
All,9.399131173600708
All,11.120772239843834
All,11.994235219295033
All,11.358500742936712
All,9.6946799881299
All,8.261919331281614
All,8.144503473202114
All,9.431290394419891
All,11.148465407038389
All,11.996504696038123
All,11.333629034474646
All,9.661489507570955
All,8.245527972609413
All,8.157315889872782
All,9.463610404932775
All,11.175833871786022
All,11.99820970653246
All,11.308380272765588
All,9.628394733146935
All,8.229632650958973
All,8.170649283523508
All,9.496082067391336
All,11.202869896276422
All,11.999349768725178
All,11.282761596321732
All,9.59540502165184
All,8.214237860371039
All,8.184499884440797
All,9.528696201172728
All,11.229565836689542
All,11.999924560289651
All,11.256780248241277
All,9.56252970017553
All,8.199347953371937
All,8.198863776682773
All,9.561443585373144
All,11.255914145355295
All,11.999933918716646
All,11.230443574158535
All,9.529778063466239
All,8.184967139743879
All,8.213736899185536
All,9.594314961415256
All,11.281907372889634
All,11.999377841360275
All,11.203759020168503
All,9.497159371304482
All,8.171099485334508
All,8.229115046912503
All,9.62730103566631
All,11.307538170299258
All,11.998256485438759
All,11.176734130721298
All,9.464682845882402
All,8.157748910907214
All,8.244993872042514
All,9.66039248206391
All,11.332799291059732
All,11.996570167989956
All,11.149376546488767
All,9.432357669198172
All,8.144919191033322
All,8.261368885199277
All,9.69357994475542
All,11.35768359316461
All,11.994319365781731
All,11.121694002205746
All,9.400192980459561
All,8.132613953023855
All,8.278235456720859
All,9.726854040741337
All,11.382184041143336
All,11.991504715177165
All,11.09369432448102
All,9.368197873499586
All,8.120836675904703
All,8.295588817967705
All,9.760205362528565
All,11.40629370805238
All,11.988127011954584
All,11.065385429586001
All,9.33638139420718
All,8.109590689432846
All,8.313424062672226
All,9.793624480790626
All,11.430005777432324
All,11.98418721108277
All,11.03677532121622
All,9.30475253796707
All,8.09887917315478
All,8.331736148325037
All,9.827101947031776
All,11.4533135452354
All,11.979686426450678
All,11.00787208822806
All,9.273320247118267
All,8.088705155508155
All,8.350519897600826
All,9.860628296261062
All,11.476210421721213
All,11.974625930552696
All,10.978683902353398
All,9.242093408425395
All,8.079071512964681
All,8.369769999822397
All,9.894194049666527
All,11.498689933318607
All,11.969007154128825
All,10.949219015886875
All,9.211080850565743
All,8.06998096921746
All,8.389481012461088
All,9.927789717295584
All,11.520745724457775
All,11.962831685760094
All,10.919485759354322
All,9.180291341634822
All,8.061436094410775
All,8.409647362677092
All,9.96140580073853
All,11.542371559365916
All,11.956101271419751
All,10.889492539157088
All,9.149733586664887
All,8.053439304413331
All,8.430263348894005
All,9.995032795812195
All,11.56356132383056
All,11.948817813979144
All,10.859247835194923
All,9.11941622516545
All,8.045992860135659
All,8.451323142411091
All,10.028661195249757
All,11.584309026928507
All,11.94098337267004
All,10.828760198470116
All,9.089347828680243
All,8.039098866890228
All,8.472820789051486
All,10.062281491386887
All,11.604608802718502
All,11.932600162502357
All,10.798038248667435
All,9.059536898363412
All,8.03275927379668
All,8.494750210844458
All,10.095884178850278
All,11.624454911901388
All,11.923670553637784
All,256.01558479299916
All,9.029991862577607
All,8.026975873230626
All,8.517105207745544
All,10.129459757245534
All,11.643841743441627
All,11.91419707072017
All,10.735926217346854
All,9.000721074508647
All,8.021750300316842
All,8.539879459388326
All,10.162998733841363
All,11.662763816154227
All,11.904182392160877
All,10.704553696591715
All,8.971732809805454
All,8.017084032467238
All,8.56306652687196
All,10.196491626256615
All,11.681215780253169
All,11.893629349382676
All,10.672981979318891
All,8.943035264239517
All,8.01297838896269
All,8.586659854580068
All,10.229928965137129
All,11.699192418866692
All,11.882540926017587
All,10.641219991713077
All,8.914636551389648
All,8.009434530580577
All,8.610652772037659
All,10.263301296838408
All,11.716688649508999
All,11.870920257065466
All,10.609276713754017
All,8.886544700343826
All,8.006453459265988
All,8.635038495792934
All,10.296599186091642
All,11.73369952551875
All,11.858770628005264
All,10.577161176674576
All,8.858767653434139
All,8.004036017849122
All,8.659810131337007
All,10.329813218678531
All,11.75022023745896
All,11.846095473868298
All,10.544882460413433
All,8.831313263988944
All,8.002182889806377
All,8.684960675055244
All,10.362934004086638
All,11.766246114473558
All,11.832898378266192
All,10.51244969104098
All,8.804189294110326
All,8.000894599067589
All,8.710483016202643
All,10.395952178167052
All,11.781772625611545
All,11.819183072376555
All,10.479872038185237
All,8.777403412484706
All,8.000171509867645
All,8.73636993891969
All,10.42885840578456
All,11.796795381104943
All,11.804953433890617
All,10.447158712436746
All,8.750963192208832
All,8.000013826643514
All,8.762614124267666
All,10.461643383450689
All,11.811310133611272
All,11.790213485913926
All,10.414318962741815
All,8.724876108653763
All,8.000421593976547
All,8.789208152299933
All,10.49429784196119
All,11.825312779415501
All,11.774967395831567
All,10.381362073793786
All,8.699149537349141
All,8.001394696579839
All,8.816144504161967
All,10.526812549010469
All,11.838799359587568
All,11.759219474128841
All,10.348297363400908
All,8.673790751895899
All,8.002932859330777
All,8.843415564212078
All,10.559178311804489
All,11.851766061104707
All,11.742974173171227
All,10.315134179858154
All,8.648806921914655
All,8.005035647348796
All,8.871013622180387
All,10.591385979662439
All,11.864209217926899
All,11.726236085948594
All,10.281881899301547
All,8.624205111013184
All,8.007702466118575
All,8.898930875343588
All,10.623426446597756
All,11.876125312034532
All,11.709009944773127
All,10.248549923054572
All,8.599992274794095
All,8.010932561657677
All,8.927159430733173
All,10.655290653899607
All,11.887510974423929
All,11.691300619944505
All,10.21514767497645
All,8.576175258886217
All,8.014725020730301
All,8.955691307369303
All,10.686969592687955
All,11.898362986057654
All,11.673113118371633
All,10.181684598790554
All,8.55276079700727
All,8.019078771104907
All,8.9845184385119
All,10.718454306463236
All,11.908678278777067
All,11.65445258215553
All,10.148170155420733
All,8.529755509064547
All,8.023992581857557
All,9.013632673947493
All,10.749735893641144
All,11.918453936167701
All,11.635324287138978
All,10.114613820313737
All,8.50716589927821
All,8.0294650637204
All,9.043025782288074
All,10.780805510063391
All,11.927687194384742
All,11.615733641410866
All,10.081025080757534
All,8.48499835434676
All,8.035494669473481
All,9.072689453300645
All,256.0265354527641
All,11.936375442935145
All,11.595686183780769
All,10.047413433205339
All,8.463259141639424
All,8.042079694383379
All,9.102615300259178
All,10.842273756151805
All,11.944516225413963
All,11.575187582211475
All,10.01378838058345
All,8.44195440742249
All,8.04921827668406
All,9.132794862310144
All,10.872655007069165
All,11.952107240200734
All,11.554243632214781
All,9.98015942961087
All,8.421090175125663
All,8.05690839810369
All,9.163219606871095
All,10.902789534651685
All,11.959146341108617
All,11.532860255216853
All,9.946536088108768
All,8.400672343634486
All,8.065147884435932
All,9.193880932037374
All,10.932668819046127
All,11.965631537991927
All,11.511043496879552
All,9.912927862309642
All,8.380706685626535
All,8.073934406153167
All,9.224770169016509
All,10.962284412566703
All,11.97156099730924
All,11.48879952539517
All,9.879344254175999
All,8.36119884593758
All,8.083265479066895
All,9.255878584581666
All,10.991627942077784
All,11.976933042640608
All,11.466134629740836
All,9.84579475870663
All,8.342154339964102
All,8.09313846502846
All,9.2871973835349
All,11.020691111363682
All,11.981746155162808
All,11.443055217898566
All,9.812288861258475
All,8.323578552107616
All,8.103550572675568
All,9.318717711200533
All,11.049465703476525
All,11.985998974077704
All,11.41956781504786
All,9.778836034862115
All,8.305476734248222
All,8.114498858222396
All,9.35043065592269
All,11.077943583053946
All,11.989690296997475
All,11.395679061715871
All,9.745445737540791
All,8.287854004263304
All,8.125980226289869
All,9.38232725158739
All,11.106116698625383
All,11.992819080284807
All,11.371395711904361
All,9.712127409642687
All,8.270715344579012
All,8.137991430783185
All,9.414398480160115
All,11.13397708488305
All,11.99538443934729
All,11.346724631178308
All,9.678890471164658
All,8.25406560076025
All,8.150529075807423
All,9.446635274229413
All,11.161516864936283
All,11.997385648888189
All,11.321672794722769
All,9.645744319095265
All,8.23790948014392
All,8.16358961662854
All,9.479028519577437
All,11.188728252540754
All,11.998822143110994
All,11.296247285375507
All,9.61269832475526
All,8.222251550504433
All,8.177169360676668
All,9.511569057750684
All,11.215603554294663
All,11.99969351587965
All,11.270455291619058
All,9.579761831145408
All,8.207096238765352
All,8.191264468587612
All,9.544247688651945
All,11.242135171819761
All,11.999999520833393
All,11.244304105553134
All,9.546944150311198
All,8.192447829746428
All,8.205870955291271
All,9.577055173144087
All,11.268315603904497
All,11.999740071456273
All,11.217801120830941
All,9.514254560702955
All,8.178310464951016
All,8.220984691135703
All,9.609982235656023
All,11.294137448627056
All,11.998915241101681
All,11.190953830566585
All,9.481702304558791
All,8.164688141397916
All,8.236601403055758
All,9.64301956681225
All,11.319593405450119
All,11.997525262971617
All,11.16376982522161
All,9.449296585288897
All,8.151584710488237
All,8.25271667578253
All,9.676157826058647
All,11.344676277280069
All,11.995570530050816
All,11.136256790453167
All,9.417046564870864
All,8.139003876919121
All,8.269325953088675
All,9.70938764430597
All,11.36937897250731
All,11.9930515949954
All,11.108422504946184
All,9.384961361265482
All,8.126949197635154
All,8.286424539080077
All,9.742699626581445
All,11.393694507006483
All,11.989969169977048
All,11.08027483821195
All,9.353050045831855
All,256.2015536712523
All,8.30400759952038
All,9.776084354678684
All,11.417616006113157
All,11.986324126481085
All,11.051821748360885
All,9.321321640768774
All,8.104431784944085
All,8.322070163199065
All,9.809532389827694
All,11.441136706569369
All,11.982117495060653
All,11.023071279857891
All,9.289785116561266
All,8.093975417822799
All,8.340607123338453
All,9.843034275357137
All,11.464249958431285
All,11.977350465045149
All,10.994031561241828
All,9.258449389441855
All,8.084057935757997
All,8.359613239034092
All,9.876580539370703
All,11.486949226954406
All,11.972024384203522
All,10.964710802832766
All,9.227323318875667
All,8.07468214269219
All,8.379083136740503
All,9.910161697427801
All,11.509228094436718
All,11.96614075836416
All,10.935117294408409
All,9.196415705048828
All,8.065850689416902
All,8.399011311786872
All,9.943768255218709
All,11.531080262035074
All,11.959701250988001
All,10.905259402857912
All,9.165735286386324
All,8.05756607282496
All,8.419392129934849
All,9.977390711256144
All,11.552499551547772
All,11.952707682699298
All,10.875145569821955
All,9.135290737078856
All,8.049830635202644
All,8.440219828973209
All,10.011019559555228
All,11.573479907157191
All,11.945162030770476
All,10.844784309299605
All,9.10509066462797
All,8.042646563569063
All,8.461488520343107
All,10.044645292323821
All,11.594015397146576
All,11.937066428562419
All,10.814184205246859
All,9.075143607418221
All,8.036015889057083
All,8.483192190807426
All,10.078258402653349
All,11.614100215573085
All,11.92842316492278
All,10.783353909147301
All,9.04545803229662
All,8.029940486338603
All,8.505324704146897
All,10.111849387200316
All,11.633728683911054
All,11.919234683537102
All,10.752302137563586
All,9.016042332184497
All,8.024422073095755
All,8.527879802896646
All,10.145408748880413
All,11.652895252658997
All,11.909503582239532
All,10.72103766967885
All,8.986904823702144
All,8.019462209533947
All,8.550851110117227
All,10.178926999547263
All,11.671594502904926
All,11.899232612277702
All,10.689569344807909
All,8.958053744815135
All,8.015062297941837
All,8.574232131193268
All,10.212394662677685
All,11.689821147862569
All,11.888424677533974
All,10.657906059904029
All,8.929497252510743
All,8.011223582294352
All,8.598016255674635
All,10.245802276053691
All,11.707570034362515
All,11.877082833706421
All,10.626056767041005
All,8.901243420485477
All,8.00794714790074
All,8.62219675914099
All,10.279140394431382
All,11.724836144310732
All,11.865210287442551
All,10.594030470879565
All,8.873300236867873
All,8.005233921098407
All,8.646766805104827
All,10.312399592218588
All,11.74161459610866
All,11.852810395434823
All,10.561836226127545
All,8.84567560195766
All,8.003084668990315
All,8.671719446946357
All,10.345570466133442
All,11.757900646030137
All,11.83988666347075
All,10.529483134972946
All,8.818377325989943
All,8.001499999228646
All,8.697047629872841
All,10.378643637865647
All,11.773689689566211
All,11.826442745440616
All,10.496980344516581
All,8.79141312693223
All,8.000480359842715
All,8.722744192918572
All,10.411609756730652
All,11.788977262723842
All,11.81248244230689
All,10.464337044183354
All,8.76479062829646
All,8.000026039112292
All,8.748801870964698
All,10.444459502307103
All,11.803759043289375
All,11.798009701026704
All,10.431562463121482
All,8.738517356988742
All,8.000137165486244
All,8.775213296795283
All,10.477183587079098
All,11.81803085205169
All,256.5334128049395
All,10.398665867599362
All,8.712600741179081
All,8.000813707546124
All,8.801971003182402
All,10.509772759055801
All,11.831788653981011
All,11.767543415104216
All,10.365656558378644
All,8.687048108199152
All,8.002055474015073
All,8.82906742499232
All,10.542217804389912
All,11.845028559372807
All,11.751558484110227
All,10.332543868090886
All,8.66186668247556
All,8.003862113811836
All,8.856494901330134
All,10.574509549985288
All,11.857746824944883
All,11.73507833983273
All,10.29933715859629
All,8.637063583481767
All,8.006233116150241
All,8.884245677700616
All,10.6066388660843
All,11.869939854896877
All,11.718107641656433
All,10.26604581833416
All,8.61264582373001
All,8.009167810683225
All,8.912311908202783
All,10.638596668856035
All,11.881604201927829
All,11.700651187660311
All,10.23267925967482
All,8.58862030678659
All,8.012665367692886
All,8.940685657750457
All,10.67037392295847
All,11.892736568208543
All,11.682713913259795
All,10.199246916251271
All,8.564993825318137
All,8.016724798324532
All,8.9693589043104
All,10.701961644095622
All,11.903333806316505
All,11.66430088980988
All,10.165758240298372
All,8.541773059175664
All,8.021344954866443
All,8.998323541176497
All,10.7333509015602
All,11.913392920123599
All,11.645417323174732
All,10.132222699977726
All,8.518964573500881
All,8.02652453107479
All,9.027571379256331
All,10.764532820752594
All,11.922911065644156
All,11.62606855225188
All,10.098649776698045
All,8.496574816874466
All,8.032262062542044
All,9.057094149388769
All,10.795498585696748
All,11.931885551839745
All,11.606260047466295
All,10.065048962440853
All,8.47461011949095
All,8.03855592711212
All,9.086883504684291
All,10.826239441526775
All,11.94031384137823
All,11.585997409222283
All,10.031429757069581
All,8.453076691367269
All,8.04540434533795
All,9.116931022879283
All,10.856746696964736
All,11.948193551353086
All,11.565286366318396
All,9.997801665650055
All,8.431980620591133
All,8.052805380984994
All,9.147228208723691
All,10.88701172678036
All,11.955522453955474
All,11.54413277433161
All,9.964174195760426
All,8.41132787159513
All,8.060756941579319
All,9.177766496377176
All,10.917025974223867
All,11.96229847710487
All,11.522542613957315
All,9.930556854800397
All,8.391124283474413
All,8.06925677899777
All,9.208537251833329
All,10.946780953451748
All,11.968519705035357
All,11.500521989322383
All,9.89695914730958
All,8.37137556833408
All,8.07830249010529
All,9.239531775363263
All,10.976268251920235
All,11.974184378836043
All,11.478077126257704
All,9.86339057227304
All,8.352087309672656
All,8.087891517432785
All,9.27074130396942
All,11.005479532766234
All,11.979290896949681
All,11.455214370536096
All,9.829860620442027
All,8.333264960807186
All,8.098021149900806
All,9.302157013869815
All,11.034406537166713
All,11.983837815624375
All,11.431940186082464
All,9.796378771647955
All,8.31491384332727
All,8.10868852358694
All,9.333770022986869
All,11.06304108666819
All,11.987823849322288
All,11.408261153141323
All,9.762954492119485
All,8.297039145594091
All,8.119890622533566
All,9.365571393461122
All,11.091375085505257
All,11.991247871083356
All,11.384183966420766
All,9.729597231812496
All,8.27964592127195
All,8.131624279602844
All,9.397552134180806
All,11.119400522884044
All,11.994108912843195
All,11.359715433197842
All,9.696316421731098
All,8.262739087898092
All,8.143886177370085
All,257.00841012230325
All,11.147109475249435
All,11.99640616570754
All,11.334862471391927
All,9.663121471267543
All,8.246323425495655
All,8.156672849062504
All,9.462015510891185
All,11.174494108527492
All,11.99813898018036
All,11.309632107613496
All,9.630021765539228
All,8.230403575218563
All,8.169980679540485
All,9.494479921330612
All,11.201546680335138
All,11.99930686634779
All,11.284031475172121
All,9.59702666273258
All,8.214984038042488
All,8.183805906317216
All,9.527087256062314
All,11.228259542175056
All,11.999909494016666
All,11.258067812064459
All,9.564145491463508
All,8.200069173490906
All,8.198144620625332
All,9.559828296106522
All,11.254625141592994
All,11.999946692807702
All,11.231748458925862
All,9.531387548132813
All,8.185663198401402
All,8.21299276851944
All,9.592693784677804
All,11.280636024315276
All,11.999418452203791
All,11.205080856952799
All,9.498762094304064
All,8.171770185736232
All,8.228346152023349
All,9.625674429809287
All,11.306284836358408
All,11.998324921552928
All,11.17807254580403
All,9.466278354082434
All,8.158394063427675
All,8.24420043031825
All,9.658760906973535
All,11.33156432610334
All,11.996666410026062
All,11.15073116146318
All,9.433945511504158
All,8.145538613270167
All,8.26055112096705
All,9.691943861721509
All,11.356467346351243
All,11.994443386529476
All,11.12306443408492
All,9.40177270794611
All,8.133207469849886
All,8.277393601185103
All,9.725213912330018
All,11.380986856339419
All,11.991656479572573
All,11.095080185807294
All,9.369769039534281
All,8.121404119516226
All,8.294723109144146
All,9.758561652447904
All,11.405115923734005
All,11.988306477089695
All,11.066786328537876
All,9.33794355457817
All,8.110131899398409
All,8.312534745319851
All,9.791977653762679
All,11.428847726591838
All,11.984394326217846
All,11.038190861722178
All,9.306305251009928
All,8.09939399645943
All,8.330823473878567
All,9.825452468659844
All,11.452175555284677
All,11.979921133028743
All,11.009301870075868
All,9.27486307383788
All,8.08919344659719
All,8.349584124097682
All,9.858976632896693
All,11.475092814401322
All,11.974888162215677
All,10.980127521304393
All,9.243625912623482
All,8.079533133785182
All,8.36881139183148
All,9.892540668280846
All,11.497593024607873
All,11.969296836736838
All,10.950676063791459
All,9.212602598961206
All,8.070415789256396
All,8.388499841007254
All,9.926135085343624
All,11.519669824481563
All,11.9631487374119
All,10.92095582426457
All,9.181801903987536
All,8.061843990732918
All,8.408643905163693
All,9.95975038603026
All,11.541316972311039
All,11.956445602476125
All,10.890975205446425
All,9.151232535898563
All,8.053820161695162
All,8.42923788902636
All,9.993377066378889
All,11.562528347856919
All,11.949189327088503
All,10.86074268367281
All,9.120903137485497
All,8.046346570698354
All,8.450275970114065
All,10.027005619210307
All,11.583297954086829
All,11.94138196279531
All,10.83026680650176
All,9.090822283696872
All,8.039425330730376
All,8.471752200389489
All,10.060626536818637
All,11.603619918866888
All,11.933025716951471
All,10.799556190294545
All,9.060998479207626
All,8.033058398613882
All,8.493660507936905
All,10.094230313653044
All,11.623488496623688
All,11.924122952094804
All,10.768619517777053
All,9.031440156020302
All,8.027247574454314
All,8.515994698680524
All,10.127807449012503
All,11.64289806997029
All,11.9146761852796
All,10.737465535590779
All,257.60693260066955
All,8.0219945011296
All,8.538748458137603
All,10.161348449725521
All,11.661843151290672
All,11.90468808736438
All,10.706103051813226
All,8.973153303902398
All,8.017300663826784
All,8.561915353199453
All,10.194843832836865
All,11.680318384295436
All,11.894161482255896
All,10.674540933473498
All,8.944441254252231
All,8.01316738962161
All,8.585488833955187
All,10.228284128291358
All,11.698318545532555
All,11.883099346112651
All,10.642788104042845
All,8.916027639804925
All,8.009595847103034
All,8.609462235539194
All,10.261659881604979
All,11.715838545865775
All,11.871504806501193
All,10.610853540909162
All,8.887920493863856
All,8.00658704604358
All,8.633828780017309
All,10.294961656545144
All,11.732873431914829
All,11.859381141513916
All,10.578746272844853
All,8.860127763085375
All,8.004141837113087
All,8.658581578305148
All,10.328180037792261
All,11.749418387452591
All,11.84673177884143
All,10.546475377447244
All,8.832657305229855
All,8.002260911638798
All,8.6837136321112
All,10.361305633604415
All,11.765468734770456
All,11.833560294802359
All,10.514049978578171
All,8.805516886945323
All,8.000944801409595
All,8.709217835920786
All,10.394329078475348
All,11.78101993599768
All,11.819870413334655
All,10.481479243781825
All,8.778714181565684
All,8.000193878525614
All,8.735086979000254
All,10.427241035776072
All,11.79606759438577
All,11.805666004939887
All,10.448772381690173
All,8.752256766946408
All,8.000008355293243
All,8.761313747437644
All,10.460032200401745
All,11.810607455552717
All,11.790951085591502
All,10.41593863942561
All,8.726152123319828
All,8.000388284164941
All,8.787890726212698
All,10.492693301396226
All,11.824635408683013
All,11.775729815598353
All,10.382987299979463
All,8.700407631178196
All,8.001333557724482
All,8.814810401288304
All,10.52521510457592
All,11.838147487693046
All,11.760006498427169
All,10.349927679593653
All,8.675030569191941
All,8.002843908717242
All,8.842065161740667
All,10.55758841514316
All,11.851139872349712
All,11.743785579488756
All,10.316769125124079
All,8.650028112146208
All,8.004918910125944
All,8.869647301906047
All,10.589804080279663
All,11.863608889351719
All,11.727071644877771
All,10.283521011395306
All,8.625407328917195
All,8.00755797529107
All,8.897549023561515
All,10.621852991741308
All,11.875551013369062
All,11.709869420079134
All,10.250192738556338
All,8.601175180471468
All,8.010760358077166
All,8.925762438132013
All,10.653726088427156
All,11.886962868037413
All,11.69218376863075
All,10.216793729415736
All,8.577338517896006
All,8.014525153083348
All,8.954279568915377
All,10.685414358943913
All,11.897841226915293
All,11.674019690746965
All,10.183333426783845
All,8.553904080465752
All,8.018851295899413
All,8.983092353343663
All,10.716908844156247
All,11.908183014394082
All,11.655382321908244
All,10.149821290800359
All,8.530878493733097
All,8.02373756340721
All,9.012192645257283
All,10.74820063971379
All,11.91798530656856
All,11.636276931405304
All,10.116266796256948
All,8.508268267659107
All,8.029182574125578
All,9.041572217210424
All,10.779280898575454
All,11.927245332064313
All,11.616708920852837
All,10.08267942992483
All,8.486079794771037
All,8.035184788601997
All,9.07122276279958
All,10.810140833504798
All,11.93596047281945
All,11.596683822660875
All,10.049068687865342
All,8.464319348353234
All,8.041742509846838
All,9.101135899006437
All,10.840771719556978
All,258.304266763751
All,11.57620729846894
All,10.015444072751498
All,8.442993080677685
All,8.048853883813516
All,9.131303168574373
All,10.871164896547986
All,11.951746398828924
All,11.55528513754917
All,9.981815091178603
All,8.422107021259887
All,8.056516899923329
All,9.161716042393927
All,10.90131177149734
All,11.958812720971649
All,11.5339232551651
All,9.948191250973757
All,8.401667075158217
All,8.064729391632522
All,9.192365921916597
All,10.93120382106413
All,11.965325233413662
All,11.512127690903194
All,9.914582058514087
All,8.381679021302615
All,8.07348903704648
All,9.22324414158841
All,10.960832593951068
All,11.971282094889988
All,11.489904606963638
All,9.880997016031767
All,8.362148510859164
All,8.082793359574676
All,9.25434197129408
All,10.990189713296383
All,11.976681621233984
All,11.467260286416263
All,9.847445618933843
All,8.3430810656361
All,8.092639728631472
All,9.285650618831939
All,11.019266879044535
All,11.981522285852341
All,11.444201131428388
All,9.813937353114893
All,8.324482076518423
All,8.103025360380721
All,9.317161232393856
All,11.048055870287332
All,11.985802720157233
All,11.420733661449859
All,9.780481692272387
All,8.30635680194739
All,8.113947318520932
All,9.348864903070385
All,11.076548547594493
All,11.989521713953547
All,11.396864511374147
All,9.74708809523456
All,8.288710366432198
All,8.125402515117688
All,9.380752667372146
All,11.104736855309412
All,11.992678215780252
All,11.372600429660677
All,9.713766003278899
All,8.271547759099786
All,8.137387711474666
All,9.412815509758044
All,11.132612823829092
All,11.995271333208494
All,11.34794827642482
All,9.680524837469171
All,8.254873832287563
All,8.149899519050111
All,9.445044365191096
All,11.160168571859591
All,11.997300333093262
All,11.322915021502988
All,9.647373995989112
All,8.238693300167823
All,8.162934400415963
All,9.477430121695313
All,11.187396308639018
All,11.998764641781003
All,11.297507742476727
All,9.614322851482612
All,8.2230107374181
All,8.176488670255575
All,9.509963622934483
All,11.214288336146161
All,11.999663845271849
All,11.271733622676413
All,9.581380748410103
All,8.207830577926375
All,8.19055849640847
All,9.542635670803575
All,11.240837051271749
All,11.999997689336439
All,11.245599949148334
All,9.548557000399455
All,8.193157113536316
All,8.205139900951268
All,9.575437028023124
All,11.267034947970302
All,11.999766079587982
All,11.219114110592285
All,9.515860887619024
All,8.178994492836708
All,8.220228761323394
All,9.608358420757934
All,11.292874619384394
All,11.998969081508843
All,11.192283595277553
All,9.483301654151186
All,8.165346719985347
All,8.235820811493918
All,9.641390541232841
All,11.318348759933821
All,11.99760692043213
All,11.165115988920048
All,9.450888505376174
All,8.152217653579681
All,8.251911643164792
All,9.674524050366918
All,11.343450167386683
All,11.995679981477801
All,11.137618972542665
All,9.418630605375611
All,8.139611005564666
All,8.26849670702057
All,9.707749580416593
All,11.36817174489081
All,11.99318880944408
All,11.109800320301524
All,9.38653707433457
All,8.127530340182329
All,8.285571314011609
All,9.741057737617892
All,11.392506502982345
All,11.990134108653008
All,11.0816678972857
All,9.354616985969157
All,8.115979072966422
All,8.30313063668103
All,9.774439104849485
All,11.416447561563773
All,11.986516742751748
All,11.053229657298832
All,9.322879364958498
All,8.104960469774142
All,259.071619121033
All,9.807884244288877
All,11.43998815184455
All,11.982337734468272
All,11.024493640604293
All,9.291333184390647
All,8.094477645865002
All,8.339683435423321
All,9.841383700083423
All,11.463121618259994
All,11.977598265321804
All,10.995467971657341
All,9.259987363231662
All,8.084533565019063
All,8.358666577024565
All,9.874928001026488
All,11.485841420348507
All,11.9722996752896
All,10.96616085680584
All,9.228850763797137
All,8.07513103869825
All,8.378113768283203
All,9.90850766322886
All,11.508141134602708
All,11.966443462427073
All,10.936580581967707
All,9.197932189252528
All,8.066272725253326
All,8.398019510948117
All,9.942113192807373
All,11.530014456287294
All,11.960031282445215
All,10.906735510293796
All,9.167240381121697
All,8.057961129170259
All,8.418378177124833
All,9.975735088562722
All,11.551455201217362
All,11.95306494824213
All,10.876634079797034
All,9.136784016812982
All,8.050198600363862
All,8.439184010862894
All,10.009363844668433
All,11.572457307511577
All,11.945546429389834
All,10.846284800972384
All,9.106571707171637
All,8.042987333512613
All,8.460431129787617
All,10.042989953361161
All,11.593014837301954
All,11.93747785157877
All,10.815696254388307
All,9.076611994038746
All,8.03632936743765
All,8.482113526759298
All,10.07660390762241
All,11.613121978414433
All,11.928861496015177
All,10.784877088258291
All,9.046913347841928
All,8.030226584527655
All,8.504225071573229
All,10.110196203873716
All,11.632773046013732
All,11.919699798777636
All,10.75383601600157
All,9.017484165198042
All,8.02468071020523
All,8.52675951269472
All,10.143757344657196
All,11.651962484206814
All,11.909995350127728
All,10.72258181377294
All,8.988332766536884
All,8.019693312440246
All,8.549710479022366
All,10.177277841323464
All,11.67068486761795
All,11.899750893776844
All,10.69112331798736
All,8.959467393754313
All,8.015265801305986
All,8.573071481694194
All,10.210748216717061
All,11.688934902918957
All,11.88896932611234
All,10.65946942281916
All,8.93089620787575
All,8.011399428580187
All,8.596835915917945
All,10.244159007849545
All,11.706707430327373
All,11.877653695376424
All,10.627629077684828
All,8.902627286754312
All,8.00809528739192
All,8.62099706284022
All,10.277500768582188
All,11.72399742506666
All,11.865807200806353
All,10.595611284718771
All,8.874668622784604
All,8.005354311911699
All,8.645548091448106
All,10.310764072290327
All,11.740799998783507
All,11.8534331917291
All,10.563425096221273
All,8.847028120640823
All,8.003177277088039
All,8.670482060495889
All,10.343939514531241
All,11.757110400933646
All,11.840535166613346
All,10.53107961210522
All,8.819713595047157
All,8.001564798428006
All,8.695791920472836
All,10.37701771570573
All,11.772924020121746
All,11.827116772082741
All,10.498583977320719
All,8.792732768562376
All,8.000517331823144
All,8.72147051559159
All,10.409989323703709
All,11.788236385406597
All,11.813181801882122
All,10.465947379266929
All,8.766093269401642
All,8.000035173420843
All,8.747510585813298
All,10.442845016555458
All,11.80304316756636
All,11.79873419580741
All,10.43317904520068
All,8.739802629277552
All,8.000118459540388
All,8.77390476890236
All,10.47557550506095
All,11.817340180319679
All,11.783778038590711
All,10.400288239620627
All,8.713868281268628
All,8.00076716663455
All,8.800645602502993
All,10.508171535418853
All,11.831123381512471
All,11.768317558744165
All,259.8773050742404
All,8.688297557722727
All,8.001981111296121
All,8.827725526254744
All,10.54062389184545
All,11.844388874258005
All,11.752357127367295
All,10.334176442425413
All,8.663097688178384
All,8.003759950309954
All,8.855136883924981
All,10.572923399174046
All,11.857132908039882
All,11.735901256907846
All,10.300974142414855
All,8.63827579732569
All,8.006103180749719
All,8.882871925575637
All,10.605060925456046
All,11.869351879773381
All,11.718954599888963
All,10.267686748818658
All,8.613838902989821
All,8.009010140120484
All,8.910922809756624
All,10.63702738453669
All,11.881042334821771
All,11.701521947592578
All,10.23432367288771
All,8.589793914144979
All,8.012480006545616
All,8.93928160571755
All,10.66881373862659
All,11.892200967975672
All,11.683608228703296
All,10.20089434727306
All,8.566147628965634
All,8.016511798999261
All,8.967940295656035
All,10.70041100085952
All,11.902824624385286
All,11.665218507918265
All,10.16740822335635
All,8.542906732899288
All,8.021104377584113
All,8.996890776979201
All,10.731810237827245
All,11.912910300453362
All,11.646357984511367
All,10.133874768574934
All,8.520077796780829
All,8.026256443852889
All,9.02612486459677
All,10.76300257211207
All,11.92245514468516
All,11.62703199086669
All,10.100303463751516
All,8.497667274972802
All,8.031966541176423
All,9.055634293237619
All,10.793979184790777
All,11.931456458492757
All,11.607245990969489
All,10.066703800406406
All,8.47568150353882
All,8.038233055154569
All,9.085410719781036
All,10.824731317930539
All,11.939911696960097
All,11.5870055788597
All,10.033085278080366
All,8.454126698456397
All,8.045054214072973
All,9.115445725621944
All,10.855250277067505
All,11.947818469560751
All,11.566316477054128
All,9.999457401646103
All,8.433008953854774
All,8.05242808940462
All,9.145730819045442
All,10.885527433659147
All,11.955174540834586
All,11.54518453492417
All,9.965829678618263
All,8.412334240296037
All,8.060352596353738
All,9.176257437630028
All,10.915554227530391
All,11.96197783102032
All,11.523615727045904
All,9.932211616471752
All,8.392108403085288
All,8.068825494446834
All,9.207016950670946
All,10.945322169288064
All,11.968226416642176
All,11.50161615150931
All,9.898612719946449
All,8.372337160616432
All,8.077844388164662
All,9.238000661614514
All,10.97482284272356
All,11.973918531055167
All,11.479192028192319
All,9.865042488366315
All,8.35302610275921
All,8.087406727620094
All,9.269199810523542
All,11.004047907194696
All,11.97905256494336
All,11.456349697006484
All,9.831510412950948
All,8.334180689274543
All,8.097509809279867
All,9.300605576548143
All,11.032989099978277
All,11.98362706677544
All,11.433095616099665
All,9.798025974129438
All,8.315806248274566
All,8.108150776727111
All,9.33220908042213
All,11.061638238612508
All,11.98764074321541
All,11.40943636003443
All,9.764598638866339
All,8.297907974714626
All,8.119326621471119
All,9.364001386976
All,11.0899872232049
All,11.991092459487415
All,11.385378617927442
All,9.731237857977854
All,8.280490928923113
All,8.131034183795943
All,9.395973507657168
All,11.118028038724727
All,11.993981239697456
All,11.36092919155626
All,9.697953063466166
All,8.263560035174137
All,8.143270153654548
All,9.42811640307814
All,11.145752757271314
All,11.99630626710859
All,11.336094993440877
All,9.66475366585003
All,8.24712008029153
All,8.156031071605687
All,9.460420985566172
All,260.68805719997744
All,11.998066884372214
All,11.310883044884074
All,9.631649051501482
All,8.231175712298711
All,8.169313329789647
All,9.492878121735153
All,11.200222640895284
All,11.999262593713976
All,11.285300473990974
All,9.59864857999833
All,8.215731439103138
All,8.183113172951039
All,9.525478635070536
All,11.226952405853915
All,11.999893057074214
All,11.259354513651768
All,9.565761581470793
All,8.200791627220607
All,8.197426699498038
All,9.55821330851762
All,11.25333527795289
All,11.999958096203803
All,11.233052499494633
All,9.532997353969867
All,8.1863605005436
All,8.212249862606475
All,9.591072887094525
All,11.27936379803721
All,11.999457692714385
All,11.206401867816682
All,9.500365160835818
All,8.172442139143858
All,8.227578471365263
All,9.624048080502632
All,11.305030607133993
All,11.99839198808369
All,11.179410153475828
All,9.467874228076559
All,8.159040478121582
All,8.243408191958427
All,9.657129565755849
All,11.330328448538712
All,11.996761283615383
All,11.152084987765502
All,9.435533741765372
All,8.146159306491658
All,8.25973454889372
All,9.690307989819171
All,11.355250169861959
All,11.994566040354112
All,11.124434096254955
All,9.403352845436718
All,8.133802266111402
All,8.276552926264994
All,9.723573972246768
All,11.379788725053762
All,11.991806878954815
All,11.09646529660274
All,9.371340637507258
All,8.121972850653322
All,8.293858569058477
All,9.756918107841269
All,11.403937176397633
All,11.98848457950761
All,11.068186496351714
All,9.339506168700822
All,8.110674404614677
All,8.311646584498599
All,9.790330969306574
All,11.427688696467431
All,11.98460008131714
All,11.039605690687297
All,9.307858439486978
All,8.099910122374185
All,8.329911943428007
All,9.823803109915904
All,11.45103657006289
All,11.980154482636621
All,11.010730960182357
All,9.276406397542349
All,8.08968304728785
All,8.348649481733297
All,9.857325066185366
All,11.473974196103654
All,11.97514904035811
All,10.981570468510354
All,9.245158935214036
All,8.079996070827757
All,8.36785390180162
All,9.8908873605432
All,11.49649508949758
All,11.96958516965618
All,10.952132460134838
All,9.214124887011456
All,8.070851931766487
All,8.387519774019887
All,9.9244805040166
All,11.518592882976007
All,11.963464443588729
All,10.922425257984056
All,9.183313027106022
All,8.06225321540068
All,8.407641538311523
All,9.95809499890815
All,11.540261328889729
All,11.956788592651892
All,10.892457261091472
All,9.152732066847971
All,8.05420235282188
All,8.428213505704694
All,9.991721341483805
All,11.561494300980158
All,11.94955950429017
All,10.862236942226735
All,9.122390652309235
All,8.04670162022838
All,8.44922985994509
All,10.025350024662588
All,11.58228579610725
All,11.941779222364106
All,10.831772845497806
All,9.092297361832356
All,8.039753138281151
All,8.470684659136476
All,10.058971540698126
All,11.60262993594857
All,11.933449946570862
All,10.801073583932817
All,9.062460703610915
All,8.03335887150564
All,8.492571837422238
All,10.092576383874036
All,11.622520968662855
All,11.924574031823742
All,10.770147837050713
All,9.03288911328153
All,8.02752062773486
All,8.514885206702205
All,10.126155053185077
All,11.641953270512378
All,11.915153987585821
All,10.739004348400668
All,9.003590951536518
All,8.022240057599497
All,8.537618458378008
All,10.159698055026071
All,11.660921347457256
All,11.90519247715964
All,10.707651923095897
All,8.974574501765671
All,261.47039888849525
All,8.56076516514153
All,10.193195905878735
All,11.679419836705046
All,11.894692316936014
All,10.676099425321713
All,8.945847967707978
All,8.013357751987437
All,8.584318782787804
All,10.226639134986563
All,11.697443508228583
All,11.883656475595625
All,10.644355775826805
All,8.917419471137723
All,8.0097585277804
All,8.608272652067026
All,10.260018287039733
All,11.714987266246059
All,11.872088073271636
All,10.612429949407082
All,8.889297049565839
All,8.006721999038051
All,8.632620000569304
All,10.293323924842031
All,11.732046150658364
All,11.859990380666765
All,10.580330972361388
All,8.861488653965246
All,8.004249024269864
All,8.657353944634849
All,10.32654663198174
All,11.748615338455227
All,11.847366818127513
All,10.548067919945554
All,8.834002146528196
All,8.002340302653195
All,8.682467491305426
All,10.359677015496583
All,11.764690145075562
All,11.834220954679475
All,10.515649913803998
All,8.8068452984374
All,8.000996373835527
All,8.707953540296803
All,10.392705708523108
All,11.78026602573335
All,11.820556507015539
All,10.483086119388151
All,8.780025787674127
All,8.000217617782205
All,8.733804886008164
All,10.425623372952105
All,11.795338576703795
All,11.806377338447533
All,10.45038574337127
All,8.753551196845162
All,8.000004254668735
All,8.760014219561459
All,10.45842070206249
All,11.809903536565448
All,11.79168745781296
All,10.417558031038421
All,8.727429011036888
All,8.000356344818703
All,8.786574130862912
All,10.49108842315527
All,11.823956787408294
All,11.776491018340336
All,10.384612263678767
All,8.701666615704035
All,8.001273788686607
All,8.813477110703722
All,10.523617300177811
All,11.837494355995203
All,11.760792316477763
All,10.35155775595885
All,8.676271294575962
All,8.002756326886129
All,8.840715552878125
All,10.555998136328956
All,11.85051241488652
All,11.74459579067494
All,10.3184038532864
All,8.651250227602247
All,8.004803540263264
All,8.868281756335977
All,10.588221776666245
All,11.863007283523178
All,11.727906020131208
All,10.285159929174377
All,8.626610488920592
All,8.00741485001515
All,8.896167927362333
All,10.620279110688124
All,11.874975429264861
All,11.710727723499687
All,10.251835382583668
All,8.602359044854806
All,8.010589517853361
All,8.924366181775712
All,10.652161074912378
All,11.886413468391488
All,11.693065757551725
All,10.218439635272025
All,8.57850275194988
All,8.01432664621273
All,8.952868547163185
All,10.683858655441204
All,11.89731816705757
All,11.674925115807046
All,10.184982129127592
All,8.555048355028212
All,8.0186251785055
All,8.98166696512909
All,10.715362890503645
All,11.907686442207552
All,11.656310927118112
All,10.151472323496698
All,8.532002485287201
All,8.023483899419297
All,9.010753293575606
All,10.746664872996192
All,11.91751536244825
All,11.637228454223473
All,10.11791969251579
All,8.509371658422438
All,8.02890143526166
All,9.04011930900714
All,10.777755752995086
All,11.926802148875709
All,11.617683092258432
All,10.08433372242557
All,8.487162272783767
All,8.034876254347552
All,9.069756708849813
All,10.808626740261017
All,11.935544175862995
All,11.597680367228039
All,10.050723908895346
All,8.465380607570538
All,8.041406667432714
All,9.09965711380517
All,10.83926910672684
All,11.943738971800752
All,11.577225934448478
All,10.017099754335614
All,8.444032821051513
All,8.048490828191879
All,9.129812070213651
All,10.869674188959412
All,11.951384219796793
All,262.1920266199318
All,9.983470765208741
All,8.423124948827907
All,8.056126733739493
All,9.16021305244704
All,10.899833390615598
All,11.958477758331725
All,11.534985203814895
All,9.949846449347598
All,8.402662902125128
All,8.06431222519752
All,9.190851465321384
All,10.929738184866936
All,11.965017581868636
All,11.513210848566912
All,9.916236313260153
All,8.382652466119922
All,8.07304498830441
All,9.221718646521328
All,10.959380116812891
All,11.97100184142167
All,11.49100866740192
All,9.882649859448103
All,8.363099298308574
All,8.082322554069952
All,9.252805869055805
All,10.98875080587366
All,11.976428845077493
All,11.46838493748237
All,9.84909658371751
All,8.344008926903065
All,8.092142299474148
All,9.284104343719571
All,11.017841948154002
All,11.981297058474254
All,11.4453460551516
All,9.815585972491371
All,8.325386749271818
All,8.102501448207022
All,9.315605221580624
All,11.046645318797324
All,11.985605105235713
All,11.421898534129676
All,9.782127500133893
All,8.307238030412073
All,8.11339707145567
All,9.34729959648463
All,11.075152774305543
All,11.989351767359496
All,11.398049003669993
All,9.748730626264582
All,8.289567901459916
All,8.124826088730408
All,9.379178507566948
All,11.103356254843886
All,11.992535985562387
All,11.373804206683017
All,9.715404793090087
All,8.272381358242974
All,8.136785268736471
All,9.41123294179298
All,11.131247786521854
All,11.99515685957908
All,11.349170997834431
All,9.682159422731916
All,8.255683259864126
All,8.149271230288635
All,9.44345383650036
All,11.158819483642363
All,11.99721364841706
All,11.324156341601887
All,9.649003914559847
All,8.239478327331001
All,8.162280443264859
All,9.475832081963807
All,11.186063550937261
All,11.998705770566229
All,11.29876731031059
All,9.615947642540762
All,8.223771142219753
All,8.175809229607054
All,9.508358523973312
All,11.21297228576603
All,11.999632804162934
All,11.27301108213181
All,9.5829999525812
All,8.20856614537852
All,8.18985376435855
All,9.541023966416162
All,11.239538080295814
All,11.999994487109582
All,11.246894939051284
All,9.550170159891282
All,8.193867635674813
All,8.204410076746491
All,9.573819173883965
All,11.265753423654463
All,11.999790717148525
All,11.220426264815302
All,9.517467546348337
All,8.179679768776817
All,8.219474051305738
All,9.606734874277567
All,11.291610904049064
All,11.999021551891104
All,11.19361254283746
All,9.484901357870047
All,8.166006555981287
All,8.23504142903963
All,9.639761761431176
All,11.317103210867128
All,11.997687208801247
All,11.166461354087899
All,9.452480801806532
All,8.152851863078197
All,8.251107808627374
All,9.67289049774615
All,11.342223136738575
All,11.995788065134153
All,11.138980374947838
All,9.420215044330154
All,8.140219409256762
All,8.267668647665507
All,9.706111716824742
All,11.366963579575605
All,11.993324657829355
All,11.111177375036988
All,9.38811320785013
All,8.128112766056383
All,8.284719263953363
All,9.739416026125397
All,11.391317544582604
All,11.990297683359227
All,11.083060215022089
All,9.35618436843073
All,8.116535356354138
All,8.302254836818294
All,9.772794009611996
All,11.41527814622911
All,11.98670799753199
All,11.05463684438848
All,9.324437553222651
All,8.105490453399376
All,8.320270408475356
All,9.806236230418712
All,11.438838610201813
All,11.982556615249395
All,11.02591529919785
All,9.292881737916838
All,8.094981179887228
All,8.338760885432794
All,262.8231438027242
All,11.461992275315268
All,11.977844710220491
All,10.996903699813993
All,9.261525844199936
All,8.085010507074944
All,8.357721039928737
All,9.873275548401427
All,11.484732595397187
All,11.972573614628894
All,10.967610248604567
All,9.230378737237876
All,8.075581253943806
All,8.377145511410633
All,9.906853691736542
All,11.507053141141025
All,11.966744818756998
All,10.938043227627562
All,9.199449223166862
All,8.066696086399947
All,8.397028808052454
All,9.940458170069673
All,11.528947601919434
All,11.960359970564312
All,10.908210996283414
All,9.16874604660116
All,8.05835751652247
All,8.417365308303678
All,9.974079482498729
All,11.550409787573278
All,11.953420875220955
All,10.878121988957147
All,9.13827788816659
All,8.050567901852368
All,8.438149262482957
All,10.00770812336489
All,11.571433630157593
All,11.945929494598529
All,10.847784712631375
All,9.108053362039637
All,8.043329444725419
All,8.459374794399888
All,10.04133458493375
All,11.592013185658985
All,11.937887946713944
All,10.817207744478656
All,9.078081013517776
All,8.036644191650973
All,8.481035903017968
All,10.074949360090686
All,11.612142635677776
All,11.92929850513198
All,10.786399729442246
All,9.048369316600976
All,8.030514032731773
All,8.503126464153063
All,10.108542945022416
All,11.631816289069173
All,11.920163598321944
All,10.75536937778533
All,9.01892667159349
All,8.024940701130877
All,8.525640232200745
All,10.14210584190671
All,11.651028583556648
All,11.91048580897027
All,10.724125462634209
All,8.989761402734473
All,8.019925772581038
All,8.548570841906887
All,10.175628561600414
All,11.6697740873008
All,11.900267873252089
All,10.692676817495416
All,8.960881755838114
All,8.015470664938855
All,8.571911810163046
All,10.209101626315924
All,11.688047500436733
All,11.889512680055539
All,10.661032333755681
All,8.932295895967872
All,8.01157663778483
All,8.595656537841203
All,10.242515572308081
All,11.705843656573899
All,11.878223270166908
All,10.629200958174048
All,8.904011905125572
All,8.008244792066272
All,8.61979831166148
All,10.275860952543475
All,11.723157524253349
All,11.866402835410142
All,10.597191690345538
All,8.876037779964161
All,8.005476069786816
All,8.644330306085656
All,10.309128339374118
All,11.739984208374116
All,11.854054717743416
All,10.565013580162743
All,8.848381429532159
All,8.003271253739705
All,8.669245585252153
All,10.342308327205574
All,11.75631895157388
All,11.841182408316543
All,10.532675725254597
All,8.821050673031507
All,8.00163096728636
All,8.694537104932367
All,10.375391535149893
All,11.772157135575469
All,11.827789546481252
All,10.500187268411597
All,8.794053237612124
All,8.000555674180518
All,8.72019771452422
All,10.408368609685017
All,11.7874942824938
All,11.813879918764659
All,10.467557395007015
All,8.767396756184944
All,8.000045678436768
All,8.746220159075945
All,10.441230227293008
All,11.802326056098929
All,11.799457457797715
All,10.43479533039291
All,8.741088765261765
All,8.000101124244832
All,8.772597081332389
All,10.473967097098761
All,11.816648263045344
All,11.784526241202128
All,10.401910337298046
All,8.715136702829493
All,8.000721995928647
All,8.799321023820728
All,10.506569963499421
All,11.830456854054695
All,11.76909049044026
All,10.368911713206428
All,8.689547906241536
All,8.00190811795091
All,8.826384430953935
All,10.539029608775015
All,11.843747925061898
All,11.753154569618381
All,10.335808787725957
All,263.3376910989273
All,8.00365915496256
All,8.853779651169043
All,10.571336855701603
All,11.856517718319942
All,11.736722984255705
All,10.302610919956955
All,8.639488944449399
All,8.005974611897845
All,8.881498939092724
All,10.603482570139763
All,11.86876262345982
All,11.719800380009362
All,10.269327495838928
All,8.615032932276307
All,8.008853834113989
All,8.909534457725897
All,10.635457663619738
All,11.880479178514042
All,11.702391541359514
All,10.235967925503184
All,8.590968488010956
All,8.012296007576362
All,8.937878280665466
All,10.667253095913543
All,11.891664070893079
All,11.684501390259884
All,10.202541640609649
All,8.567302415325793
All,8.01630015908897
All,8.966522394340036
All,10.698859877584859
All,11.902314138322973
All,11.666134984742428
All,10.16905809167756
All,8.544041405264721
All,8.020865156568922
All,8.995458700277819
All,10.730269072537467
All,11.912426369740203
All,11.647297517490639
All,10.13552674541987
All,8.52119203434937
All,8.025989709367353
All,9.024679017398661
All,10.761471800535723
All,11.921997906141012
All,11.62799431437004
All,10.101957082059522
All,8.498760762717923
All,8.031672368633515
All,9.054175084321571
All,10.792459239717836
All,11.931026041391913
All,11.608230832920798
All,10.06835859265546
All,8.476753932302957
All,8.037911527724702
All,9.083938561706754
All,10.82322262909254
All,11.939508222992943
All,11.588012660818409
All,10.034740776416541
All,8.455177765033556
All,8.044705422661062
All,9.113961034607803
All,10.853753271010211
All,11.947442052800156
All,11.567345514289638
All,10.00111313801312
All,8.434038361080395
All,8.05205213262311
All,9.144234014853202
All,10.884042533628582
All,11.954825287704233
All,11.54623523650018
All,9.967485184896177
All,8.41334169712922
All,8.059949580496264
All,9.174748943448645
All,10.914081853347412
All,11.961655840263198
All,11.524687795901057
All,9.933866424602035
All,8.393093624689444
All,8.068395533456746
All,9.205497192991146
All,10.943862737232147
All,11.967931779294195
All,11.502709284539366
All,9.900266362070688
All,8.373299868443661
All,8.077387603603393
All,9.236470070114851
All,10.973376765417495
All,11.973651330418152
All,11.48030591634
All,9.866694496955752
All,8.35396602462474
All,8.086923248633578
All,9.26765881794308
All,11.002615593482332
All,11.978812876562076
All,11.457484025344055
All,9.833160320935953
All,8.335097559437388
All,8.096999772560252
All,9.2990546185666
All,11.03157095481528
All,11.983414958416581
All,11.434250063922224
All,9.799673315037904
All,8.316699807511057
All,8.107614326476227
All,9.330648595539268
All,11.060234662946346
All,11.987456274847554
All,11.410610600948784
All,9.766242946948317
All,8.298777970390248
All,8.11876390935778
All,9.362431816381678
All,11.08859861386388
All,11.990935683264999
All,11.386572319942415
All,9.732878668343577
All,8.281337115067354
All,8.130445368913866
All,9.39439529511346
All,11.116654788308047
All,11.993852199945282
All,11.362142017181096
All,9.699589912214757
All,8.2643821725462
All,8.142655402478379
All,9.426529994787854
All,11.144395254032757
All,11.996205000309656
All,11.337326599775412
All,9.666386090197973
All,8.247917936451254
All,8.155390557941653
All,9.458826830049256
All,11.171812168054391
All,11.997993419157513
All,11.312133083720322
All,9.63327658991975
All,8.231949061670857
All,8.168647234729107
All,9.491276669704538
All,11.198897778863948
All,263.714422435314
All,11.286568591909608
All,9.600270772335703
All,8.216480063039928
All,8.182421684816855
All,9.523870339298561
All,11.225644428620907
All,11.99987524947358
All,11.260640352119927
All,9.567377969090215
All,8.201515314066487
All,8.196710013792341
All,9.55659862371507
All,11.252044555320433
All,11.999968128897137
All,11.234355694972177
All,9.534607479875419
All,8.1870590456918
All,8.21150818195662
All,9.58945226977588
All,11.278090694926322
All,11.999495562865192
All,11.207722051853326
All,9.501968569799292
All,8.173115345097035
All,8.226812005463755
All,9.622421988859651
All,11.303775483486994
All,11.998457684985004
All,11.180746952820309
All,9.469470466772338
All,8.159688154546437
All,8.24261715750689
All,9.65549845953071
All,11.329091659212537
All,11.996854788692973
All,11.153438024468985
All,9.437122358891548
All,8.146781270271715
All,8.258919169538714
All,9.688672330168231
All,11.354032064529967
All,11.994687327171444
All,11.125802987775627
All,9.404933391848848
All,8.134398341401246
All,8.275713432536008
All,9.721934221617351
All,11.37858964810884
All,11.991955913220856
All,11.097849655919195
All,9.372912666342687
All,8.12254286892558
All,8.292995198304173
All,9.755274729834634
All,11.402757466850169
All,11.98866131908641
All,11.06958593206635
All,9.341069235502465
All,8.111218204709989
All,8.310759580816452
All,9.788684428549535
All,11.426528687854736
All,11.984804476239413
All,11.041019807142288
All,9.309412102334996
All,8.100427550545737
All,8.329001557599089
All,9.822153871932182
All,11.449896590350342
All,11.98038647511458
All,11.012159357569256
All,9.277950217172238
All,8.090173957244037
All,8.347715971147988
All,9.855673597257642
All,11.472854567593952
All,11.975408564800908
All,10.98301274298075
All,9.246692475146796
All,8.080460323775508
All,8.366897530388258
All,9.889234127588528
All,11.495396128741422
All,11.96987215268932
All,10.953588203920042
All,9.215647713674423
All,8.07128939644834
All,8.386540812171768
All,9.922825974448052
All,11.517514900678318
All,11.963778804074462
All,10.92389405950406
All,9.184824709952956
All,8.06266376813371
All,8.406640262806745
All,9.956439640505383
All,11.539204629826648
All,11.957130241711601
All,10.893938705076886
All,9.15423217848662
All,8.054585877531858
All,8.427190199632209
All,9.99006562226354
All,11.560459183908694
All,11.94992834533074
All,10.863730609833818
All,9.12387876861554
All,8.047058008482008
All,8.448184812620843
All,10.02369441273992
All,11.581272553682632
All,11.942175151103724
All,10.833278314424408
All,9.093773062076135
All,8.040082289318153
All,8.46961816602322
All,10.05731650416145
All,11.601638854643141
All,11.933872851069893
All,10.802590428543528
All,9.063923570572324
All,8.033660692265695
All,8.491484200047793
All,10.090922390646346
All,11.621552328681197
All,11.925023792515812
All,10.771675628490588
All,9.034338733366635
All,8.027795032885198
All,8.513776732570081
All,10.124502570894391
All,11.64100734571646
All,11.915630477310845
All,10.740542654722294
All,9.005026914899833
All,8.022486969558445
All,8.536489460885248
All,10.158047550875954
All,11.659998405285247
All,11.905695561201517
All,10.709200309379032
All,8.975996402419671
All,8.017738003019208
All,8.55961596348586
All,10.191547846509842
All,11.678520138097337
All,11.895221853058633
All,10.677657453793685
All,8.947255403643416
All,8.01354947592991
All,263.9377822708898
All,10.224993986351972
All,11.69656730755546
All,11.884212314084978
All,10.64592300599225
All,8.918812044434894
All,8.009922572501004
All,8.607084022437757
All,10.258376514266859
All,11.714134811232352
All,11.872670056977366
All,10.61400593816563
All,8.890674366504818
All,8.00685831815698
All,8.631412158276046
All,10.29168599210385
All,11.731217682317256
All,11.860598345045588
All,10.581915274138957
All,8.86285032514254
All,8.00435757924605
All,8.656127231168835
All,10.32491300236824
All,11.747811091016372
All,11.848000591291665
All,10.54966008681776
All,8.835347786960046
All,8.002421062795076
All,8.681222253490613
All,10.358048150878448
All,11.763910345922065
All,11.834880357443659
All,10.51724949562016
All,8.808174527677565
All,8.001049316310064
All,8.70669013019651
All,10.391082069425613
All,11.779510895336088
All,11.821241352949734
All,10.4846926639038
All,8.781338229911823
All,8.00024272762111
All,8.732523660823535
All,10.424005418419567
All,11.794608328558263
All,11.807087433926423
All,10.451998796371635
All,8.754846481016514
All,8.000001524772795
All,8.758715541529051
All,10.456808889536504
All,11.809198377133072
All,11.79242260207281
All,10.41917713647215
All,8.728706770930508
All,8.000325775959709
All,8.785258367155095
All,10.489483208340014
All,11.8232769160557
All,11.77725100353623
All,10.38623696377889
All,8.702926490061712
All,8.001215389507239
All,8.812144633320553
All,10.522019136910341
All,11.836839964941314
All,11.761576927740762
All,10.353187591377509
All,8.677512927198972
All,8.002670113897407
All,8.83936673854869
All,10.554407476454426
All,11.849883689145853
All,11.745404806175376
All,10.320038363225628
All,8.652473267445849
All,8.004689537840013
All,8.86691698640757
All,10.586639069904901
All,11.862404400853263
All,11.728739211137507
All,10.2867986515128
All,8.627814590197453
All,8.007273090388757
All,8.894787587691841
All,10.618704804516018
All,11.874398560117365
All,11.71158485444559
All,10.253477854012555
All,8.603543867133375
All,8.010420041103256
All,8.922970662623515
All,10.650595614429601
All,11.88586277586209
All,11.69394658610343
All,10.220085391418175
All,8.579667960247992
All,8.014129500254716
All,8.951458243078246
All,10.6823024832452
All,11.896793806842682
All,11.675829392929833
All,10.186630704690018
All,8.55619361991166
All,8.018400419078013
All,8.980242274844315
All,10.713816446567522
All,11.90718856255836
All,11.657238397149717
All,10.153123252379096
All,8.533127482957129
All,8.023231590068088
All,9.009314619890525
All,10.745128594539223
All,11.917044104128601
All,11.63817885494187
All,10.119572507954695
All,8.510476070810764
All,8.028621647321025
All,9.038667058673202
All,10.77623007436673
All,11.926357645123407
All,11.618656154958916
All,10.085987957127774
All,8.488245787643649
All,8.034569066921433
All,9.06829129245854
All,10.807112092813002
All,11.935126552350638
All,11.59867581679981
All,10.05237909516183
All,8.466442918562235
All,8.041072167371551
All,9.098178945667264
All,10.837765918690408
All,11.943348346602368
All,11.578243489450275
All,10.018755424199236
All,8.445073627832517
All,8.048129110067777
All,9.12832156824911
All,10.868182885327577
All,11.951020703352967
All,11.557364949686828
All,9.985126450567451
All,8.424143957132626
All,8.055737899820231
All,9.158710638062182
All,10.89835439301806
All,11.958141453418238
All,11.536046100438996
All,263.998547897737
All,8.40365982385162
All,8.063896385416381
All,9.189337563288856
All,10.928271911458234
All,11.964708583568216
All,11.514292969127156
All,9.917890625415891
All,8.383627019411822
All,8.07260226023105
All,9.2201936848633
All,10.957926982149244
All,11.970720237096057
All,11.492111705953938
All,9.884302783293114
All,8.364051207632606
All,8.081853062875915
All,9.25127027891795
All,10.987311220795009
All,11.976174714344237
All,11.469508582166506
All,9.850747651924301
All,8.344937923130095
All,8.091646177897136
All,9.282558559256714
All,11.016416319671034
All,11.981070473183161
All,11.446489988284766
All,9.817234718258906
All,8.326292569748265
All,8.101978836514402
All,9.314049679828983
All,11.045234049971693
All,11.985406129448476
All,11.423062432289587
All,9.783773457315938
All,8.308120419037337
All,8.112848117403125
All,9.345734737237372
All,11.073756264142949
All,11.98918045733208
All,11.399232537790292
All,9.750373329506926
All,8.2904266087592
All,8.124250947522771
All,9.377604773253262
All,11.101974898176538
All,11.992392389728538
All,11.375007042147017
All,9.71704377795398
All,8.27321614143588
All,8.136184102982158
All,9.409650777347817
All,11.129881973896136
All,11.995041018537435
All,11.350392794567117
All,9.683794225830805
All,8.256493882936075
All,8.148644209953257
All,9.441863689246427
All,11.15746960121144
All,11.99712559491909
All,11.325396754170072
All,9.650634073691275
All,8.240264561095856
All,8.1616277456245
All,9.474234401479912
All,11.184729980347443
All,11.998645529506987
All,11.30002598801452
All,9.617572696813456
All,8.2245327643874
All,8.175131039196025
All,9.506753761966365
All,11.211655404055525
All,11.99960039257423
All,11.274287669108318
All,9.584619442550737
All,8.20930294061806
All,8.189150272920463
All,9.539412576596973
All,11.238238259783655
All,11.999989914155016
All,11.248189074375158
All,9.551783627681955
All,8.19457939567378
All,8.203681483177936
All,9.572201611833657
All,11.264471031834585
All,11.99981398412103
All,11.221737582598521
All,9.519074535787983
All,8.18036629230243
All,8.218720561599572
All,9.605111597326754
All,11.290346303489255
All,11.999072652212446
All,11.194940672336948
All,9.486501414619871
All,8.166667648933872
All,8.23426325622834
All,9.638133228525353
All,11.315856759102328
All,11.997766128023985
All,11.167805919803836
All,9.454073473486044
All,8.153487338548421
All,8.250305172720312
All,9.67125716931503
All,11.340995186176034
All,11.995894780945616
All,11.140340996734132
All,9.421799880650315
All,8.140829087578766
All,8.266841775590555
All,9.704474054655652
All,11.365754477391052
All,11.993459140058267
All,11.112553668209543
All,9.389689760732804
All,8.128696474857183
All,8.283868389490241
All,9.73777449322733
All,11.39012763262148
All,11.990459893983683
All,11.08445179046458
All,9.35775219214062
All,8.117092930604306
All,8.301380200531934
All,9.771149070092804
All,11.414107760912575
All,11.986897890690527
All,11.056043308666935
All,9.325996204494164
All,8.106021735456846
All,8.319372257649746
All,9.804588349348501
All,11.43768808242775
All,11.98277413725413
All,11.027336254664984
All,9.294430776075961
All,8.095486019543815
All,8.337839473998141
All,9.838082876799518
All,11.460861930370497
All,11.978089799571897
All,10.998338744726214
All,9.263064831293944
All,8.085488761599024
All,8.356776628394133
All,9.871623182630781
All,263.89421025407034
All,11.972846202033958
All,10.969058977236374
All,9.231907238151503
All,8.07603278811955
All,8.37617836678747
All,9.905199784082605
All,11.505964114796745
All,11.967044827147566
All,10.939505230383116
All,9.200966805750442
All,8.067120772567078
All,8.396039203778333
All,9.938803188138994
All,11.527879699664435
All,11.960687315119662
All,10.909685859817136
All,9.170252281793607
All,8.058755234610146
All,8.416353524167237
All,9.972423894200682
All,11.549363311330863
All,11.95377546339203
All,10.879609296283347
All,9.139772350113374
All,8.050938539414648
All,8.437115584541445
All,10.006052396778463
All,11.570408875796268
All,11.946311226133389
All,10.849284043246943
All,9.109535628218124
All,8.043672896973192
All,8.458319514903321
All,10.03967918817885
All,11.591010442905263
All,11.93829671368733
All,10.818718674482811
All,9.079550664849306
All,8.036960361480762
All,8.47995932032319
All,10.07329476119033
All,11.611162188033783
All,11.92973419197392
All,10.787921831653094
All,9.049825937574294
All,8.030802830754263
All,8.502028882638738
All,10.10688961177859
All,11.630858413734682
All,11.920626081851646
All,10.756902221865639
All,9.02036985038299
All,8.025202045694654
All,8.524521962183675
All,10.140454241762658
All,11.650093551347537
All,11.910974958431286
All,10.725668615205539
All,8.99119073131342
All,8.020159589796746
All,8.547432199550606
All,10.173979161507564
All,11.66886216257719
All,11.900783550348262
All,10.694229842265658
All,8.962296830098742
All,8.015676888700145
All,8.570753117393984
All,10.207454892605506
All,11.687158941025066
All,11.890054738991774
All,10.662594791643286
All,8.93369631582858
All,8.01175520978653
All,8.594478122254008
All,10.240871970553847
All,11.704978713693619
All,11.878791557687816
All,10.630772407428756
All,8.905397274648767
All,8.008395661821496
All,8.618600506425697
All,10.274220947438215
All,11.722316442447825
All,11.866997190845037
All,10.598771686678447
All,8.87740770746892
All,8.005599194640375
All,8.643113449854113
All,10.307492394592833
All,11.739167225438706
All,11.854674973052145
All,10.566601676864131
All,8.849735527701926
All,8.0033665988808
All,8.668010022061228
All,10.340676905273506
All,11.755526298492834
All,11.841828388135681
All,10.534271473325404
All,8.822388559028074
All,8.00169850575839
All,8.69328318411076
All,10.373765097315344
All,11.771389036453822
All,11.828461068175791
All,10.501790216691258
All,8.795374533177196
All,8.000595386888497
All,8.718925790590193
All,10.40674761578358
All,11.786750954493655
All,11.81457679247642
All,10.469167090297512
All,8.768701087751566
All,8.000057554152882
All,8.744930591636345
All,10.43961513562559
All,11.80160770937975
All,11.800179486501124
All,10.436411317592205
All,8.74237576406061
All,8.000085159611448
All,8.771290234983768
All,10.472358364296644
All,11.81595510070214
All,11.78527322076039
All,10.40353215952078
All,8.716406004990255
All,8.000678195459423
All,8.797997268041975
All,10.504968044394293
All,11.829789072064129
All,11.769862209661488
All,10.370538911918397
All,8.690799152900006
All,8.001836494029426
All,8.825044140008295
All,10.537434956273906
All,11.843105712224476
All,11.75395081031782
All,10.337440902874661
All,8.665562447541532
All,8.003559727838905
All,8.852423203994013
All,10.569749920653578
All,11.855901256206357
All,11.737543521313576
All,10.304247490098097
All,8.640703024020112
All,263.629077525423
All,8.880126719192123
All,10.601903801216332
All,11.868172086361023
All,11.72064498143703
All,10.270968058272258
All,8.616227910771777
All,8.008698892770779
All,8.908146853064425
All,10.633887507182731
All,11.879914733389993
All,11.703259968365604
All,10.237612016395229
All,8.592144027577572
All,8.012113370911434
All,8.936475683554452
All,10.66569199588808
All,11.891125877328438
All,11.685393397315943
