cell_id	quantity	value	source
c0001	n_group1	20	emlRunTwoGroupAnalysis
c0001	n_group2	20	emlRunTwoGroupAnalysis
c0001	n	40	emlRunTwoGroupAnalysis
c0001	mean_group1	123.65340661246606	emlRunTwoGroupAnalysis
c0001	mean_group2	133.9342280328801	emlRunTwoGroupAnalysis
c0001	sd_group1	15.746002363591481	emlRunTwoGroupAnalysis
c0001	sd_group2	25.312138796756305	emlRunTwoGroupAnalysis
c0001	median_group1	123.09982926178384	emlRunTwoGroupAnalysis
c0001	median_group2	135.4196823775431	emlRunTwoGroupAnalysis
c0001	mean_diff	-10.280821420414043	emlRunTwoGroupAnalysis
c0001	t	-1.5423383217837563	emlRunTwoGroupAnalysis
c0001	df	31.789784909512843	emlRunTwoGroupAnalysis
c0001	p	0.13288837133543763	emlRunTwoGroupAnalysis
c0001	cohens_d	-0.4877302019398362	emlRunTwoGroupAnalysis
c0001	hedges_g	-0.47802944435466926	emlRunTwoGroupAnalysis
c0002	n_group1	20	emlRunTwoGroupAnalysis
c0002	n_group2	20	emlRunTwoGroupAnalysis
c0002	n	40	emlRunTwoGroupAnalysis
c0002	mean_group1	123.65340661246606	emlRunTwoGroupAnalysis
c0002	mean_group2	133.9342280328801	emlRunTwoGroupAnalysis
c0002	sd_group1	15.746002363591481	emlRunTwoGroupAnalysis
c0002	sd_group2	25.312138796756305	emlRunTwoGroupAnalysis
c0002	median_group1	123.09982926178384	emlRunTwoGroupAnalysis
c0002	median_group2	135.4196823775431	emlRunTwoGroupAnalysis
c0002	mean_diff	-10.280821420414043	emlRunTwoGroupAnalysis
c0002	t	-1.5423383217837563	emlRunTwoGroupAnalysis
c0002	df	31.789784909512843	emlRunTwoGroupAnalysis
c0002	p	0.13288837133543763	emlRunTwoGroupAnalysis
c0002	cohens_d	-0.4877302019398362	emlRunTwoGroupAnalysis
c0002	hedges_g	-0.47802944435466926	emlRunTwoGroupAnalysis
c0003	n_group1	20	emlRunTwoGroupAnalysis
c0003	n_group2	20	emlRunTwoGroupAnalysis
c0003	n	40	emlRunTwoGroupAnalysis
c0003	mean_group1	123.65340661246606	emlRunTwoGroupAnalysis
c0003	mean_group2	133.9342280328801	emlRunTwoGroupAnalysis
c0003	sd_group1	15.746002363591481	emlRunTwoGroupAnalysis
c0003	sd_group2	25.312138796756305	emlRunTwoGroupAnalysis
c0003	median_group1	123.09982926178384	emlRunTwoGroupAnalysis
c0003	median_group2	135.4196823775431	emlRunTwoGroupAnalysis
c0003	mean_diff	-10.280821420414043	emlRunTwoGroupAnalysis
c0003	t	-1.542338321783756	emlRunTwoGroupAnalysis
c0003	df	38	emlRunTwoGroupAnalysis
c0003	p	0.13127893707327898	emlRunTwoGroupAnalysis
c0003	cohens_d	-0.4877302019398362	emlRunTwoGroupAnalysis
c0003	hedges_g	-0.47802944435466926	emlRunTwoGroupAnalysis
c0004	n_group1	20	emlRunTwoGroupAnalysis
c0004	n_group2	20	emlRunTwoGroupAnalysis
c0004	n	40	emlRunTwoGroupAnalysis
c0004	mean_group1	123.65340661246606	emlRunTwoGroupAnalysis
c0004	mean_group2	133.9342280328801	emlRunTwoGroupAnalysis
c0004	sd_group1	15.746002363591481	emlRunTwoGroupAnalysis
c0004	sd_group2	25.312138796756305	emlRunTwoGroupAnalysis
c0004	median_group1	123.09982926178384	emlRunTwoGroupAnalysis
c0004	median_group2	135.4196823775431	emlRunTwoGroupAnalysis
c0004	mean_diff	-10.280821420414043	emlRunTwoGroupAnalysis
c0004	t	-1.542338321783756	emlRunTwoGroupAnalysis
c0004	df	38	emlRunTwoGroupAnalysis
c0004	p	0.13127893707327898	emlRunTwoGroupAnalysis
c0004	cohens_d	-0.4877302019398362	emlRunTwoGroupAnalysis
c0004	hedges_g	-0.47802944435466926	emlRunTwoGroupAnalysis
c0005	n_group1	20	emlRunTwoGroupAnalysis
c0005	n_group2	20	emlRunTwoGroupAnalysis
c0005	n	40	emlRunTwoGroupAnalysis
c0005	mean_group1	123.65340661246606	emlRunTwoGroupAnalysis
c0005	mean_group2	133.9342280328801	emlRunTwoGroupAnalysis
c0005	sd_group1	15.746002363591481	emlRunTwoGroupAnalysis
c0005	sd_group2	25.312138796756305	emlRunTwoGroupAnalysis
c0005	median_group1	123.09982926178384	emlRunTwoGroupAnalysis
c0005	median_group2	135.4196823775431	emlRunTwoGroupAnalysis
c0005	mean_diff	-10.280821420414043	emlRunTwoGroupAnalysis
c0005	u1	138	emlRunTwoGroupAnalysis
c0005	u2	262	emlRunTwoGroupAnalysis
c0005	rank_biserial	-0.31	emlRunTwoGroupAnalysis
c0005	p	0.0964995524361003	emlRunTwoGroupAnalysis
c0005	p_method	exact	emlRunTwoGroupAnalysis
c0006	n_group1	20	emlRunTwoGroupAnalysis
c0006	n_group2	20	emlRunTwoGroupAnalysis
c0006	n	40	emlRunTwoGroupAnalysis
c0006	mean_group1	123.65340661246606	emlRunTwoGroupAnalysis
c0006	mean_group2	133.9342280328801	emlRunTwoGroupAnalysis
c0006	sd_group1	15.746002363591481	emlRunTwoGroupAnalysis
c0006	sd_group2	25.312138796756305	emlRunTwoGroupAnalysis
c0006	median_group1	123.09982926178384	emlRunTwoGroupAnalysis
c0006	median_group2	135.4196823775431	emlRunTwoGroupAnalysis
c0006	mean_diff	-10.280821420414043	emlRunTwoGroupAnalysis
c0006	u1	138	emlRunTwoGroupAnalysis
c0006	u2	262	emlRunTwoGroupAnalysis
c0006	rank_biserial	-0.31	emlRunTwoGroupAnalysis
c0006	p	0.0964995524361003	emlRunTwoGroupAnalysis
c0006	p_method	exact	emlRunTwoGroupAnalysis
c0007	n_group1	20	emlRunTwoGroupAnalysis
c0007	n_group2	20	emlRunTwoGroupAnalysis
c0007	n	40	emlRunTwoGroupAnalysis
c0007	mean_group1	123.65340661246606	emlRunTwoGroupAnalysis
c0007	mean_group2	133.9342280328801	emlRunTwoGroupAnalysis
c0007	sd_group1	15.746002363591481	emlRunTwoGroupAnalysis
c0007	sd_group2	25.312138796756305	emlRunTwoGroupAnalysis
c0007	median_group1	123.09982926178384	emlRunTwoGroupAnalysis
c0007	median_group2	135.4196823775431	emlRunTwoGroupAnalysis
c0007	mean_diff	-10.280821420414043	emlRunTwoGroupAnalysis
c0007	t	-1.5423383217837563	emlRunTwoGroupAnalysis
c0007	df	31.789784909512843	emlRunTwoGroupAnalysis
c0007	p	0.13288837133543763	emlRunTwoGroupAnalysis
c0007	cohens_d	-0.4877302019398362	emlRunTwoGroupAnalysis
c0007	hedges_g	-0.47802944435466926	emlRunTwoGroupAnalysis
c0007	u1	138	emlRunTwoGroupAnalysis
c0007	u2	262	emlRunTwoGroupAnalysis
c0007	rank_biserial	-0.31	emlRunTwoGroupAnalysis
c0007	mw_p	0.0964995524361003	emlRunTwoGroupAnalysis
c0007	p_method	exact	emlRunTwoGroupAnalysis
c0008	n_group1	20	emlRunTwoGroupAnalysis
c0008	n_group2	20	emlRunTwoGroupAnalysis
c0008	n	40	emlRunTwoGroupAnalysis
c0008	mean_group1	123.65340661246606	emlRunTwoGroupAnalysis
c0008	mean_group2	133.9342280328801	emlRunTwoGroupAnalysis
c0008	sd_group1	15.746002363591481	emlRunTwoGroupAnalysis
c0008	sd_group2	25.312138796756305	emlRunTwoGroupAnalysis
c0008	median_group1	123.09982926178384	emlRunTwoGroupAnalysis
c0008	median_group2	135.4196823775431	emlRunTwoGroupAnalysis
c0008	mean_diff	-10.280821420414043	emlRunTwoGroupAnalysis
c0008	t	-1.5423383217837563	emlRunTwoGroupAnalysis
c0008	df	31.789784909512843	emlRunTwoGroupAnalysis
c0008	p	0.13288837133543763	emlRunTwoGroupAnalysis
c0008	cohens_d	-0.4877302019398362	emlRunTwoGroupAnalysis
c0008	hedges_g	-0.47802944435466926	emlRunTwoGroupAnalysis
c0008	u1	138	emlRunTwoGroupAnalysis
c0008	u2	262	emlRunTwoGroupAnalysis
c0008	rank_biserial	-0.31	emlRunTwoGroupAnalysis
c0008	mw_p	0.0964995524361003	emlRunTwoGroupAnalysis
c0008	p_method	exact	emlRunTwoGroupAnalysis
c0009	n_group1	20	emlRunTwoGroupAnalysis
c0009	n_group2	20	emlRunTwoGroupAnalysis
c0009	n	40	emlRunTwoGroupAnalysis
c0009	mean_group1	0.7992990952036713	emlRunTwoGroupAnalysis
c0009	mean_group2	2.1413878317564627	emlRunTwoGroupAnalysis
c0009	sd_group1	0.32813464539627635	emlRunTwoGroupAnalysis
c0009	sd_group2	0.8398656625139178	emlRunTwoGroupAnalysis
c0009	median_group1	0.7859934519885785	emlRunTwoGroupAnalysis
c0009	median_group2	2.342522159725755	emlRunTwoGroupAnalysis
c0009	mean_diff	-1.3420887365527916	emlRunTwoGroupAnalysis
c0009	t	-6.65638586880313	emlRunTwoGroupAnalysis
c0009	df	24.668456862621873	emlRunTwoGroupAnalysis
c0009	p	6.039394008344945e-07	emlRunTwoGroupAnalysis
c0009	cohens_d	-2.1049340330376625	emlRunTwoGroupAnalysis
c0009	hedges_g	-2.063067741579696	emlRunTwoGroupAnalysis
c0010	n_group1	20	emlRunTwoGroupAnalysis
c0010	n_group2	20	emlRunTwoGroupAnalysis
c0010	n	40	emlRunTwoGroupAnalysis
c0010	mean_group1	0.7992990952036713	emlRunTwoGroupAnalysis
c0010	mean_group2	2.1413878317564627	emlRunTwoGroupAnalysis
c0010	sd_group1	0.32813464539627635	emlRunTwoGroupAnalysis
c0010	sd_group2	0.8398656625139178	emlRunTwoGroupAnalysis
c0010	median_group1	0.7859934519885785	emlRunTwoGroupAnalysis
c0010	median_group2	2.342522159725755	emlRunTwoGroupAnalysis
c0010	mean_diff	-1.3420887365527916	emlRunTwoGroupAnalysis
c0010	t	-6.65638586880313	emlRunTwoGroupAnalysis
c0010	df	24.668456862621873	emlRunTwoGroupAnalysis
c0010	p	6.039394008344945e-07	emlRunTwoGroupAnalysis
c0010	cohens_d	-2.1049340330376625	emlRunTwoGroupAnalysis
c0010	hedges_g	-2.063067741579696	emlRunTwoGroupAnalysis
c0011	n_group1	20	emlRunTwoGroupAnalysis
c0011	n_group2	20	emlRunTwoGroupAnalysis
c0011	n	40	emlRunTwoGroupAnalysis
c0011	mean_group1	0.7992990952036713	emlRunTwoGroupAnalysis
c0011	mean_group2	2.1413878317564627	emlRunTwoGroupAnalysis
c0011	sd_group1	0.32813464539627635	emlRunTwoGroupAnalysis
c0011	sd_group2	0.8398656625139178	emlRunTwoGroupAnalysis
c0011	median_group1	0.7859934519885785	emlRunTwoGroupAnalysis
c0011	median_group2	2.342522159725755	emlRunTwoGroupAnalysis
c0011	mean_diff	-1.3420887365527916	emlRunTwoGroupAnalysis
c0011	t	-6.65638586880313	emlRunTwoGroupAnalysis
c0011	df	38	emlRunTwoGroupAnalysis
c0011	p	7.200024603263687e-08	emlRunTwoGroupAnalysis
c0011	cohens_d	-2.1049340330376625	emlRunTwoGroupAnalysis
c0011	hedges_g	-2.063067741579696	emlRunTwoGroupAnalysis
c0012	n_group1	20	emlRunTwoGroupAnalysis
c0012	n_group2	20	emlRunTwoGroupAnalysis
c0012	n	40	emlRunTwoGroupAnalysis
c0012	mean_group1	0.7992990952036713	emlRunTwoGroupAnalysis
c0012	mean_group2	2.1413878317564627	emlRunTwoGroupAnalysis
c0012	sd_group1	0.32813464539627635	emlRunTwoGroupAnalysis
c0012	sd_group2	0.8398656625139178	emlRunTwoGroupAnalysis
c0012	median_group1	0.7859934519885785	emlRunTwoGroupAnalysis
c0012	median_group2	2.342522159725755	emlRunTwoGroupAnalysis
c0012	mean_diff	-1.3420887365527916	emlRunTwoGroupAnalysis
c0012	t	-6.65638586880313	emlRunTwoGroupAnalysis
c0012	df	38	emlRunTwoGroupAnalysis
c0012	p	7.200024603263687e-08	emlRunTwoGroupAnalysis
c0012	cohens_d	-2.1049340330376625	emlRunTwoGroupAnalysis
c0012	hedges_g	-2.063067741579696	emlRunTwoGroupAnalysis
c0013	n_group1	20	emlRunTwoGroupAnalysis
c0013	n_group2	20	emlRunTwoGroupAnalysis
c0013	n	40	emlRunTwoGroupAnalysis
c0013	mean_group1	0.7992990952036713	emlRunTwoGroupAnalysis
c0013	mean_group2	2.1413878317564627	emlRunTwoGroupAnalysis
c0013	sd_group1	0.32813464539627635	emlRunTwoGroupAnalysis
c0013	sd_group2	0.8398656625139178	emlRunTwoGroupAnalysis
c0013	median_group1	0.7859934519885785	emlRunTwoGroupAnalysis
c0013	median_group2	2.342522159725755	emlRunTwoGroupAnalysis
c0013	mean_diff	-1.3420887365527916	emlRunTwoGroupAnalysis
c0013	u1	24	emlRunTwoGroupAnalysis
c0013	u2	376	emlRunTwoGroupAnalysis
c0013	rank_biserial	-0.88	emlRunTwoGroupAnalysis
c0013	p	1.0605997934914123e-07	emlRunTwoGroupAnalysis
c0013	p_method	exact	emlRunTwoGroupAnalysis
c0014	n_group1	20	emlRunTwoGroupAnalysis
c0014	n_group2	20	emlRunTwoGroupAnalysis
c0014	n	40	emlRunTwoGroupAnalysis
c0014	mean_group1	0.7992990952036713	emlRunTwoGroupAnalysis
c0014	mean_group2	2.1413878317564627	emlRunTwoGroupAnalysis
c0014	sd_group1	0.32813464539627635	emlRunTwoGroupAnalysis
c0014	sd_group2	0.8398656625139178	emlRunTwoGroupAnalysis
c0014	median_group1	0.7859934519885785	emlRunTwoGroupAnalysis
c0014	median_group2	2.342522159725755	emlRunTwoGroupAnalysis
c0014	mean_diff	-1.3420887365527916	emlRunTwoGroupAnalysis
c0014	u1	24	emlRunTwoGroupAnalysis
c0014	u2	376	emlRunTwoGroupAnalysis
c0014	rank_biserial	-0.88	emlRunTwoGroupAnalysis
c0014	p	1.0605997934914123e-07	emlRunTwoGroupAnalysis
c0014	p_method	exact	emlRunTwoGroupAnalysis
c0015	n_group1	20	emlRunTwoGroupAnalysis
c0015	n_group2	20	emlRunTwoGroupAnalysis
c0015	n	40	emlRunTwoGroupAnalysis
c0015	mean_group1	0.7992990952036713	emlRunTwoGroupAnalysis
c0015	mean_group2	2.1413878317564627	emlRunTwoGroupAnalysis
c0015	sd_group1	0.32813464539627635	emlRunTwoGroupAnalysis
c0015	sd_group2	0.8398656625139178	emlRunTwoGroupAnalysis
c0015	median_group1	0.7859934519885785	emlRunTwoGroupAnalysis
c0015	median_group2	2.342522159725755	emlRunTwoGroupAnalysis
c0015	mean_diff	-1.3420887365527916	emlRunTwoGroupAnalysis
c0015	t	-6.65638586880313	emlRunTwoGroupAnalysis
c0015	df	24.668456862621873	emlRunTwoGroupAnalysis
c0015	p	6.039394008344945e-07	emlRunTwoGroupAnalysis
c0015	cohens_d	-2.1049340330376625	emlRunTwoGroupAnalysis
c0015	hedges_g	-2.063067741579696	emlRunTwoGroupAnalysis
c0015	u1	24	emlRunTwoGroupAnalysis
c0015	u2	376	emlRunTwoGroupAnalysis
c0015	rank_biserial	-0.88	emlRunTwoGroupAnalysis
c0015	mw_p	1.0605997934914123e-07	emlRunTwoGroupAnalysis
c0015	p_method	exact	emlRunTwoGroupAnalysis
c0016	n_group1	20	emlRunTwoGroupAnalysis
c0016	n_group2	20	emlRunTwoGroupAnalysis
c0016	n	40	emlRunTwoGroupAnalysis
c0016	mean_group1	0.7992990952036713	emlRunTwoGroupAnalysis
c0016	mean_group2	2.1413878317564627	emlRunTwoGroupAnalysis
c0016	sd_group1	0.32813464539627635	emlRunTwoGroupAnalysis
c0016	sd_group2	0.8398656625139178	emlRunTwoGroupAnalysis
c0016	median_group1	0.7859934519885785	emlRunTwoGroupAnalysis
c0016	median_group2	2.342522159725755	emlRunTwoGroupAnalysis
c0016	mean_diff	-1.3420887365527916	emlRunTwoGroupAnalysis
c0016	t	-6.65638586880313	emlRunTwoGroupAnalysis
c0016	df	24.668456862621873	emlRunTwoGroupAnalysis
c0016	p	6.039394008344945e-07	emlRunTwoGroupAnalysis
c0016	cohens_d	-2.1049340330376625	emlRunTwoGroupAnalysis
c0016	hedges_g	-2.063067741579696	emlRunTwoGroupAnalysis
c0016	u1	24	emlRunTwoGroupAnalysis
c0016	u2	376	emlRunTwoGroupAnalysis
c0016	rank_biserial	-0.88	emlRunTwoGroupAnalysis
c0016	mw_p	1.0605997934914123e-07	emlRunTwoGroupAnalysis
c0016	p_method	exact	emlRunTwoGroupAnalysis
c0017	n_group1	24	emlRunTwoGroupAnalysis
c0017	n_group2	24	emlRunTwoGroupAnalysis
c0017	n	48	emlRunTwoGroupAnalysis
c0017	mean_group1	95.26051014410355	emlRunTwoGroupAnalysis
c0017	mean_group2	89.13421448105278	emlRunTwoGroupAnalysis
c0017	sd_group1	5.857231403651492	emlRunTwoGroupAnalysis
c0017	sd_group2	4.9840777494869775	emlRunTwoGroupAnalysis
c0017	median_group1	95.27021171593253	emlRunTwoGroupAnalysis
c0017	median_group2	90.33935299990364	emlRunTwoGroupAnalysis
c0017	mean_diff	6.126295663050769	emlRunTwoGroupAnalysis
c0017	t	3.9024095083039763	emlRunTwoGroupAnalysis
c0017	df	44.85122186889205	emlRunTwoGroupAnalysis
c0017	p	0.00031662029464293065	emlRunTwoGroupAnalysis
c0017	cohens_d	1.1265285900537279	emlRunTwoGroupAnalysis
c0017	hedges_g	1.108044010464055	emlRunTwoGroupAnalysis
c0018	n_group1	24	emlRunTwoGroupAnalysis
c0018	n_group2	24	emlRunTwoGroupAnalysis
c0018	n	48	emlRunTwoGroupAnalysis
c0018	mean_group1	89.13421448105278	emlRunTwoGroupAnalysis
c0018	mean_group2	95.26051014410355	emlRunTwoGroupAnalysis
c0018	sd_group1	4.9840777494869775	emlRunTwoGroupAnalysis
c0018	sd_group2	5.857231403651492	emlRunTwoGroupAnalysis
c0018	median_group1	90.33935299990364	emlRunTwoGroupAnalysis
c0018	median_group2	95.27021171593253	emlRunTwoGroupAnalysis
c0018	mean_diff	-6.126295663050769	emlRunTwoGroupAnalysis
c0018	t	-3.9024095083039763	emlRunTwoGroupAnalysis
c0018	df	44.85122186889205	emlRunTwoGroupAnalysis
c0018	p	0.00031662029464293065	emlRunTwoGroupAnalysis
c0018	cohens_d	-1.1265285900537279	emlRunTwoGroupAnalysis
c0018	hedges_g	-1.108044010464055	emlRunTwoGroupAnalysis
c0019	n_group1	24	emlRunTwoGroupAnalysis
c0019	n_group2	24	emlRunTwoGroupAnalysis
c0019	n	48	emlRunTwoGroupAnalysis
c0019	mean_group1	95.26051014410355	emlRunTwoGroupAnalysis
c0019	mean_group2	89.13421448105278	emlRunTwoGroupAnalysis
c0019	sd_group1	5.857231403651492	emlRunTwoGroupAnalysis
c0019	sd_group2	4.9840777494869775	emlRunTwoGroupAnalysis
c0019	median_group1	95.27021171593253	emlRunTwoGroupAnalysis
c0019	median_group2	90.33935299990364	emlRunTwoGroupAnalysis
c0019	mean_diff	6.126295663050769	emlRunTwoGroupAnalysis
c0019	t	3.9024095083039763	emlRunTwoGroupAnalysis
c0019	df	46	emlRunTwoGroupAnalysis
c0019	p	0.0003088228165246715	emlRunTwoGroupAnalysis
c0019	cohens_d	1.1265285900537279	emlRunTwoGroupAnalysis
c0019	hedges_g	1.108044010464055	emlRunTwoGroupAnalysis
c0020	n_group1	24	emlRunTwoGroupAnalysis
c0020	n_group2	24	emlRunTwoGroupAnalysis
c0020	n	48	emlRunTwoGroupAnalysis
c0020	mean_group1	89.13421448105278	emlRunTwoGroupAnalysis
c0020	mean_group2	95.26051014410355	emlRunTwoGroupAnalysis
c0020	sd_group1	4.9840777494869775	emlRunTwoGroupAnalysis
c0020	sd_group2	5.857231403651492	emlRunTwoGroupAnalysis
c0020	median_group1	90.33935299990364	emlRunTwoGroupAnalysis
c0020	median_group2	95.27021171593253	emlRunTwoGroupAnalysis
c0020	mean_diff	-6.126295663050769	emlRunTwoGroupAnalysis
c0020	t	-3.9024095083039763	emlRunTwoGroupAnalysis
c0020	df	46	emlRunTwoGroupAnalysis
c0020	p	0.0003088228165246715	emlRunTwoGroupAnalysis
c0020	cohens_d	-1.1265285900537279	emlRunTwoGroupAnalysis
c0020	hedges_g	-1.108044010464055	emlRunTwoGroupAnalysis
c0021	n_group1	24	emlRunTwoGroupAnalysis
c0021	n_group2	24	emlRunTwoGroupAnalysis
c0021	n	48	emlRunTwoGroupAnalysis
c0021	mean_group1	95.26051014410355	emlRunTwoGroupAnalysis
c0021	mean_group2	89.13421448105278	emlRunTwoGroupAnalysis
c0021	sd_group1	5.857231403651492	emlRunTwoGroupAnalysis
c0021	sd_group2	4.9840777494869775	emlRunTwoGroupAnalysis
c0021	median_group1	95.27021171593253	emlRunTwoGroupAnalysis
c0021	median_group2	90.33935299990364	emlRunTwoGroupAnalysis
c0021	mean_diff	6.126295663050769	emlRunTwoGroupAnalysis
c0021	u1	431	emlRunTwoGroupAnalysis
c0021	u2	145	emlRunTwoGroupAnalysis
c0021	rank_biserial	0.4965277777777778	emlRunTwoGroupAnalysis
c0021	p	0.0027296853011788804	emlRunTwoGroupAnalysis
c0021	p_method	exact	emlRunTwoGroupAnalysis
c0022	n_group1	24	emlRunTwoGroupAnalysis
c0022	n_group2	24	emlRunTwoGroupAnalysis
c0022	n	48	emlRunTwoGroupAnalysis
c0022	mean_group1	89.13421448105278	emlRunTwoGroupAnalysis
c0022	mean_group2	95.26051014410355	emlRunTwoGroupAnalysis
c0022	sd_group1	4.9840777494869775	emlRunTwoGroupAnalysis
c0022	sd_group2	5.857231403651492	emlRunTwoGroupAnalysis
c0022	median_group1	90.33935299990364	emlRunTwoGroupAnalysis
c0022	median_group2	95.27021171593253	emlRunTwoGroupAnalysis
c0022	mean_diff	-6.126295663050769	emlRunTwoGroupAnalysis
c0022	u1	145	emlRunTwoGroupAnalysis
c0022	u2	431	emlRunTwoGroupAnalysis
c0022	rank_biserial	-0.4965277777777778	emlRunTwoGroupAnalysis
c0022	p	0.0027296853011788804	emlRunTwoGroupAnalysis
c0022	p_method	exact	emlRunTwoGroupAnalysis
c0023	n_group1	24	emlRunTwoGroupAnalysis
c0023	n_group2	24	emlRunTwoGroupAnalysis
c0023	n	48	emlRunTwoGroupAnalysis
c0023	mean_group1	95.26051014410355	emlRunTwoGroupAnalysis
c0023	mean_group2	89.13421448105278	emlRunTwoGroupAnalysis
c0023	sd_group1	5.857231403651492	emlRunTwoGroupAnalysis
c0023	sd_group2	4.9840777494869775	emlRunTwoGroupAnalysis
c0023	median_group1	95.27021171593253	emlRunTwoGroupAnalysis
c0023	median_group2	90.33935299990364	emlRunTwoGroupAnalysis
c0023	mean_diff	6.126295663050769	emlRunTwoGroupAnalysis
c0023	t	3.9024095083039763	emlRunTwoGroupAnalysis
c0023	df	44.85122186889205	emlRunTwoGroupAnalysis
c0023	p	0.00031662029464293065	emlRunTwoGroupAnalysis
c0023	cohens_d	1.1265285900537279	emlRunTwoGroupAnalysis
c0023	hedges_g	1.108044010464055	emlRunTwoGroupAnalysis
c0023	u1	431	emlRunTwoGroupAnalysis
c0023	u2	145	emlRunTwoGroupAnalysis
c0023	rank_biserial	0.4965277777777778	emlRunTwoGroupAnalysis
c0023	mw_p	0.0027296853011788804	emlRunTwoGroupAnalysis
c0023	p_method	exact	emlRunTwoGroupAnalysis
c0024	n_group1	24	emlRunTwoGroupAnalysis
c0024	n_group2	24	emlRunTwoGroupAnalysis
c0024	n	48	emlRunTwoGroupAnalysis
c0024	mean_group1	89.13421448105278	emlRunTwoGroupAnalysis
c0024	mean_group2	95.26051014410355	emlRunTwoGroupAnalysis
c0024	sd_group1	4.9840777494869775	emlRunTwoGroupAnalysis
c0024	sd_group2	5.857231403651492	emlRunTwoGroupAnalysis
c0024	median_group1	90.33935299990364	emlRunTwoGroupAnalysis
c0024	median_group2	95.27021171593253	emlRunTwoGroupAnalysis
c0024	mean_diff	-6.126295663050769	emlRunTwoGroupAnalysis
c0024	t	-3.9024095083039763	emlRunTwoGroupAnalysis
c0024	df	44.85122186889205	emlRunTwoGroupAnalysis
c0024	p	0.00031662029464293065	emlRunTwoGroupAnalysis
c0024	cohens_d	-1.1265285900537279	emlRunTwoGroupAnalysis
c0024	hedges_g	-1.108044010464055	emlRunTwoGroupAnalysis
c0024	u1	145	emlRunTwoGroupAnalysis
c0024	u2	431	emlRunTwoGroupAnalysis
c0024	rank_biserial	-0.4965277777777778	emlRunTwoGroupAnalysis
c0024	mw_p	0.0027296853011788804	emlRunTwoGroupAnalysis
c0024	p_method	exact	emlRunTwoGroupAnalysis
c0025	n_group1	24	emlRunTwoGroupAnalysis
c0025	n_group2	24	emlRunTwoGroupAnalysis
c0025	n	48	emlRunTwoGroupAnalysis
c0025	mean_group1	87.42731120137347	emlRunTwoGroupAnalysis
c0025	mean_group2	96.96741342378286	emlRunTwoGroupAnalysis
c0025	sd_group1	3.485128329960061	emlRunTwoGroupAnalysis
c0025	sd_group2	4.370170708306684	emlRunTwoGroupAnalysis
c0025	median_group1	88.11273799482314	emlRunTwoGroupAnalysis
c0025	median_group2	97.88766049774816	emlRunTwoGroupAnalysis
c0025	mean_diff	-9.540102222409388	emlRunTwoGroupAnalysis
c0025	t	-8.361260986258113	emlRunTwoGroupAnalysis
c0025	df	43.829915078239196	emlRunTwoGroupAnalysis
c0025	p	1.2663016289237533e-10	emlRunTwoGroupAnalysis
c0025	cohens_d	-2.413688140590419	emlRunTwoGroupAnalysis
c0025	hedges_g	-2.3740832775329577	emlRunTwoGroupAnalysis
c0026	n_group1	24	emlRunTwoGroupAnalysis
c0026	n_group2	24	emlRunTwoGroupAnalysis
c0026	n	48	emlRunTwoGroupAnalysis
c0026	mean_group1	96.96741342378286	emlRunTwoGroupAnalysis
c0026	mean_group2	87.42731120137347	emlRunTwoGroupAnalysis
c0026	sd_group1	4.370170708306684	emlRunTwoGroupAnalysis
c0026	sd_group2	3.485128329960061	emlRunTwoGroupAnalysis
c0026	median_group1	97.88766049774816	emlRunTwoGroupAnalysis
c0026	median_group2	88.11273799482314	emlRunTwoGroupAnalysis
c0026	mean_diff	9.540102222409388	emlRunTwoGroupAnalysis
c0026	t	8.361260986258113	emlRunTwoGroupAnalysis
c0026	df	43.829915078239196	emlRunTwoGroupAnalysis
c0026	p	1.2663016289237533e-10	emlRunTwoGroupAnalysis
c0026	cohens_d	2.413688140590419	emlRunTwoGroupAnalysis
c0026	hedges_g	2.3740832775329577	emlRunTwoGroupAnalysis
c0027	n_group1	24	emlRunTwoGroupAnalysis
c0027	n_group2	24	emlRunTwoGroupAnalysis
c0027	n	48	emlRunTwoGroupAnalysis
c0027	mean_group1	87.42731120137347	emlRunTwoGroupAnalysis
c0027	mean_group2	96.96741342378286	emlRunTwoGroupAnalysis
c0027	sd_group1	3.485128329960061	emlRunTwoGroupAnalysis
c0027	sd_group2	4.370170708306684	emlRunTwoGroupAnalysis
c0027	median_group1	88.11273799482314	emlRunTwoGroupAnalysis
c0027	median_group2	97.88766049774816	emlRunTwoGroupAnalysis
c0027	mean_diff	-9.540102222409388	emlRunTwoGroupAnalysis
c0027	t	-8.361260986258113	emlRunTwoGroupAnalysis
c0027	df	46	emlRunTwoGroupAnalysis
c0027	p	8.725917123891967e-11	emlRunTwoGroupAnalysis
c0027	cohens_d	-2.413688140590419	emlRunTwoGroupAnalysis
c0027	hedges_g	-2.3740832775329577	emlRunTwoGroupAnalysis
c0028	n_group1	24	emlRunTwoGroupAnalysis
c0028	n_group2	24	emlRunTwoGroupAnalysis
c0028	n	48	emlRunTwoGroupAnalysis
c0028	mean_group1	96.96741342378286	emlRunTwoGroupAnalysis
c0028	mean_group2	87.42731120137347	emlRunTwoGroupAnalysis
c0028	sd_group1	4.370170708306684	emlRunTwoGroupAnalysis
c0028	sd_group2	3.485128329960061	emlRunTwoGroupAnalysis
c0028	median_group1	97.88766049774816	emlRunTwoGroupAnalysis
c0028	median_group2	88.11273799482314	emlRunTwoGroupAnalysis
c0028	mean_diff	9.540102222409388	emlRunTwoGroupAnalysis
c0028	t	8.361260986258113	emlRunTwoGroupAnalysis
c0028	df	46	emlRunTwoGroupAnalysis
c0028	p	8.725917123891967e-11	emlRunTwoGroupAnalysis
c0028	cohens_d	2.413688140590419	emlRunTwoGroupAnalysis
c0028	hedges_g	2.3740832775329577	emlRunTwoGroupAnalysis
c0029	n_group1	24	emlRunTwoGroupAnalysis
c0029	n_group2	24	emlRunTwoGroupAnalysis
c0029	n	48	emlRunTwoGroupAnalysis
c0029	mean_group1	87.42731120137347	emlRunTwoGroupAnalysis
c0029	mean_group2	96.96741342378286	emlRunTwoGroupAnalysis
c0029	sd_group1	3.485128329960061	emlRunTwoGroupAnalysis
c0029	sd_group2	4.370170708306684	emlRunTwoGroupAnalysis
c0029	median_group1	88.11273799482314	emlRunTwoGroupAnalysis
c0029	median_group2	97.88766049774816	emlRunTwoGroupAnalysis
c0029	mean_diff	-9.540102222409388	emlRunTwoGroupAnalysis
c0029	u1	14	emlRunTwoGroupAnalysis
c0029	u2	562	emlRunTwoGroupAnalysis
c0029	rank_biserial	-0.9513888888888888	emlRunTwoGroupAnalysis
c0029	p	3.1506217019544155e-11	emlRunTwoGroupAnalysis
c0029	p_method	exact	emlRunTwoGroupAnalysis
c0030	n_group1	24	emlRunTwoGroupAnalysis
c0030	n_group2	24	emlRunTwoGroupAnalysis
c0030	n	48	emlRunTwoGroupAnalysis
c0030	mean_group1	96.96741342378286	emlRunTwoGroupAnalysis
c0030	mean_group2	87.42731120137347	emlRunTwoGroupAnalysis
c0030	sd_group1	4.370170708306684	emlRunTwoGroupAnalysis
c0030	sd_group2	3.485128329960061	emlRunTwoGroupAnalysis
c0030	median_group1	97.88766049774816	emlRunTwoGroupAnalysis
c0030	median_group2	88.11273799482314	emlRunTwoGroupAnalysis
c0030	mean_diff	9.540102222409388	emlRunTwoGroupAnalysis
c0030	u1	562	emlRunTwoGroupAnalysis
c0030	u2	14	emlRunTwoGroupAnalysis
c0030	rank_biserial	0.9513888888888888	emlRunTwoGroupAnalysis
c0030	p	3.1506217019544155e-11	emlRunTwoGroupAnalysis
c0030	p_method	exact	emlRunTwoGroupAnalysis
c0031	n_group1	24	emlRunTwoGroupAnalysis
c0031	n_group2	24	emlRunTwoGroupAnalysis
c0031	n	48	emlRunTwoGroupAnalysis
c0031	mean_group1	87.42731120137347	emlRunTwoGroupAnalysis
c0031	mean_group2	96.96741342378286	emlRunTwoGroupAnalysis
c0031	sd_group1	3.485128329960061	emlRunTwoGroupAnalysis
c0031	sd_group2	4.370170708306684	emlRunTwoGroupAnalysis
c0031	median_group1	88.11273799482314	emlRunTwoGroupAnalysis
c0031	median_group2	97.88766049774816	emlRunTwoGroupAnalysis
c0031	mean_diff	-9.540102222409388	emlRunTwoGroupAnalysis
c0031	t	-8.361260986258113	emlRunTwoGroupAnalysis
c0031	df	43.829915078239196	emlRunTwoGroupAnalysis
c0031	p	1.2663016289237533e-10	emlRunTwoGroupAnalysis
c0031	cohens_d	-2.413688140590419	emlRunTwoGroupAnalysis
c0031	hedges_g	-2.3740832775329577	emlRunTwoGroupAnalysis
c0031	u1	14	emlRunTwoGroupAnalysis
c0031	u2	562	emlRunTwoGroupAnalysis
c0031	rank_biserial	-0.9513888888888888	emlRunTwoGroupAnalysis
c0031	mw_p	3.1506217019544155e-11	emlRunTwoGroupAnalysis
c0031	p_method	exact	emlRunTwoGroupAnalysis
c0032	n_group1	24	emlRunTwoGroupAnalysis
c0032	n_group2	24	emlRunTwoGroupAnalysis
c0032	n	48	emlRunTwoGroupAnalysis
c0032	mean_group1	96.96741342378286	emlRunTwoGroupAnalysis
c0032	mean_group2	87.42731120137347	emlRunTwoGroupAnalysis
c0032	sd_group1	4.370170708306684	emlRunTwoGroupAnalysis
c0032	sd_group2	3.485128329960061	emlRunTwoGroupAnalysis
c0032	median_group1	97.88766049774816	emlRunTwoGroupAnalysis
c0032	median_group2	88.11273799482314	emlRunTwoGroupAnalysis
c0032	mean_diff	9.540102222409388	emlRunTwoGroupAnalysis
c0032	t	8.361260986258113	emlRunTwoGroupAnalysis
c0032	df	43.829915078239196	emlRunTwoGroupAnalysis
c0032	p	1.2663016289237533e-10	emlRunTwoGroupAnalysis
c0032	cohens_d	2.413688140590419	emlRunTwoGroupAnalysis
c0032	hedges_g	2.3740832775329577	emlRunTwoGroupAnalysis
c0032	u1	562	emlRunTwoGroupAnalysis
c0032	u2	14	emlRunTwoGroupAnalysis
c0032	rank_biserial	0.9513888888888888	emlRunTwoGroupAnalysis
c0032	mw_p	3.1506217019544155e-11	emlRunTwoGroupAnalysis
c0032	p_method	exact	emlRunTwoGroupAnalysis
c0033	refused	1	emlRunTwoGroupAnalysis
c0033	refuse_reason	Group column "voice_type" has 3 groups. This test compares exactly 2.	emlRunTwoGroupAnalysis
c0034	refused	1	emlRunTwoGroupAnalysis
c0034	refuse_reason	Group column "fam" has 5 groups. This test compares exactly 2.	emlRunTwoGroupAnalysis
c0035	f	18.060297415058738	emlRunAnovaAnalysis
c0035	df_between	2	emlRunAnovaAnalysis
c0035	df_within	42	emlRunAnovaAnalysis
c0035	p	2.1885613623027198e-06	emlRunAnovaAnalysis
c0035	eta_squared	0.46236968508324866	emlRunAnovaAnalysis
c0035	n	45	emlRunAnovaAnalysis
c0035	ss_between	601.7837208125036	emlRunAnovaAnalysis
c0035	ss_within	699.736989188529	emlRunAnovaAnalysis
c0035	ss_total	1301.5207100010325	emlRunAnovaAnalysis
c0035	ms_between	300.8918604062518	emlRunAnovaAnalysis
c0035	ms_within	16.66040450448879	emlRunAnovaAnalysis
c0035	posthoc_soprano__mezzo_cohens_d	1.7838798367260675	emlRunAnovaAnalysis
c0035	posthoc_soprano__alto_cohens_d	2.0839749765563775	emlRunAnovaAnalysis
c0035	posthoc_mezzo__alto_cohens_d	0.5859358150444196	emlRunAnovaAnalysis
c0036	f	18.060297415058745	emlRunAnovaAnalysis
c0036	df_between	2	emlRunAnovaAnalysis
c0036	df_within	42	emlRunAnovaAnalysis
c0036	p	2.188561362302708e-06	emlRunAnovaAnalysis
c0036	eta_squared	0.4623696850832487	emlRunAnovaAnalysis
c0036	n	45	emlRunAnovaAnalysis
c0036	ss_between	601.7837208125037	emlRunAnovaAnalysis
c0036	ss_within	699.7369891885289	emlRunAnovaAnalysis
c0036	ss_total	1301.5207100010325	emlRunAnovaAnalysis
c0036	ms_between	300.89186040625185	emlRunAnovaAnalysis
c0036	ms_within	16.660404504488785	emlRunAnovaAnalysis
c0036	posthoc_alto__mezzo_cohens_d	-0.5859358150444196	emlRunAnovaAnalysis
c0036	posthoc_alto__soprano_cohens_d	-2.0839749765563775	emlRunAnovaAnalysis
c0036	posthoc_mezzo__soprano_cohens_d	-1.7838798367260675	emlRunAnovaAnalysis
c0037	f	18.060297415058738	emlRunAnovaAnalysis
c0037	df_between	2	emlRunAnovaAnalysis
c0037	df_within	42	emlRunAnovaAnalysis
c0037	p	2.1885613623027198e-06	emlRunAnovaAnalysis
c0037	eta_squared	0.46236968508324866	emlRunAnovaAnalysis
c0037	n	45	emlRunAnovaAnalysis
c0037	ss_between	601.7837208125036	emlRunAnovaAnalysis
c0037	ss_within	699.736989188529	emlRunAnovaAnalysis
c0037	ss_total	1301.5207100010325	emlRunAnovaAnalysis
c0037	ms_between	300.8918604062518	emlRunAnovaAnalysis
c0037	ms_within	16.66040450448879	emlRunAnovaAnalysis
c0037	posthoc_soprano__mezzo_padj	0.0005832285197066453	emlRunAnovaAnalysis
c0037	posthoc_soprano__mezzo_diff	6.06695930108711	emlRunAnovaAnalysis
c0037	posthoc_soprano__mezzo_q	5.756704543022689	emlRunAnovaAnalysis
c0037	posthoc_soprano__mezzo_cohens_d	1.7838798367260675	emlRunAnovaAnalysis
c0037	posthoc_soprano__mezzo_ci_low	2.4459642897222884	emlRunAnovaAnalysis
c0037	posthoc_soprano__mezzo_ci_high	9.68795431245193	emlRunAnovaAnalysis
c0037	posthoc_soprano__alto_padj	1.8425076472412505e-06	emlRunAnovaAnalysis
c0037	posthoc_soprano__alto_diff	8.740701015662026	emlRunAnovaAnalysis
c0037	posthoc_soprano__alto_q	8.293715310905158	emlRunAnovaAnalysis
c0037	posthoc_soprano__alto_cohens_d	2.0839749765563775	emlRunAnovaAnalysis
c0037	posthoc_soprano__alto_ci_low	5.119706004297205	emlRunAnovaAnalysis
c0037	posthoc_soprano__alto_ci_high	12.361696027026847	emlRunAnovaAnalysis
c0037	posthoc_mezzo__alto_padj	0.1839679169391801	emlRunAnovaAnalysis
c0037	posthoc_mezzo__alto_diff	2.6737417145749163	emlRunAnovaAnalysis
c0037	posthoc_mezzo__alto_q	2.537010767882469	emlRunAnovaAnalysis
c0037	posthoc_mezzo__alto_cohens_d	0.5859358150444196	emlRunAnovaAnalysis
c0037	posthoc_mezzo__alto_ci_low	-0.947253296789905	emlRunAnovaAnalysis
c0037	posthoc_mezzo__alto_ci_high	6.294736725939737	emlRunAnovaAnalysis
c0038	f	18.060297415058745	emlRunAnovaAnalysis
c0038	df_between	2	emlRunAnovaAnalysis
c0038	df_within	42	emlRunAnovaAnalysis
c0038	p	2.188561362302708e-06	emlRunAnovaAnalysis
c0038	eta_squared	0.4623696850832487	emlRunAnovaAnalysis
c0038	n	45	emlRunAnovaAnalysis
c0038	ss_between	601.7837208125037	emlRunAnovaAnalysis
c0038	ss_within	699.7369891885289	emlRunAnovaAnalysis
c0038	ss_total	1301.5207100010325	emlRunAnovaAnalysis
c0038	ms_between	300.89186040625185	emlRunAnovaAnalysis
c0038	ms_within	16.660404504488785	emlRunAnovaAnalysis
c0038	posthoc_alto__mezzo_padj	0.1839679169391801	emlRunAnovaAnalysis
c0038	posthoc_alto__mezzo_diff	-2.6737417145749163	emlRunAnovaAnalysis
c0038	posthoc_alto__mezzo_q	2.537010767882469	emlRunAnovaAnalysis
c0038	posthoc_alto__mezzo_cohens_d	-0.5859358150444196	emlRunAnovaAnalysis
c0038	posthoc_alto__mezzo_ci_low	-6.294736725939737	emlRunAnovaAnalysis
c0038	posthoc_alto__mezzo_ci_high	0.947253296789905	emlRunAnovaAnalysis
c0038	posthoc_alto__soprano_padj	1.8425076472412505e-06	emlRunAnovaAnalysis
c0038	posthoc_alto__soprano_diff	-8.740701015662026	emlRunAnovaAnalysis
c0038	posthoc_alto__soprano_q	8.293715310905158	emlRunAnovaAnalysis
c0038	posthoc_alto__soprano_cohens_d	-2.0839749765563775	emlRunAnovaAnalysis
c0038	posthoc_alto__soprano_ci_low	-12.361696027026847	emlRunAnovaAnalysis
c0038	posthoc_alto__soprano_ci_high	-5.119706004297205	emlRunAnovaAnalysis
c0038	posthoc_mezzo__soprano_padj	0.0005832285197066453	emlRunAnovaAnalysis
c0038	posthoc_mezzo__soprano_diff	-6.06695930108711	emlRunAnovaAnalysis
c0038	posthoc_mezzo__soprano_q	5.756704543022689	emlRunAnovaAnalysis
c0038	posthoc_mezzo__soprano_cohens_d	-1.7838798367260675	emlRunAnovaAnalysis
c0038	posthoc_mezzo__soprano_ci_low	-9.68795431245193	emlRunAnovaAnalysis
c0038	posthoc_mezzo__soprano_ci_high	-2.4459642897222884	emlRunAnovaAnalysis
c0039	f	3.5048768688621763	emlRunAnovaAnalysis
c0039	df_between	2	emlRunAnovaAnalysis
c0039	df_within	42	emlRunAnovaAnalysis
c0039	p	0.039111292861892175	emlRunAnovaAnalysis
c0039	eta_squared	0.14302772821991808	emlRunAnovaAnalysis
c0039	n	45	emlRunAnovaAnalysis
c0039	ss_between	3.1544807056635245	emlRunAnovaAnalysis
c0039	ss_within	18.90054837802034	emlRunAnovaAnalysis
c0039	ss_total	22.055029083683863	emlRunAnovaAnalysis
c0039	ms_between	1.5772403528317622	emlRunAnovaAnalysis
c0039	ms_within	0.4500130566195319	emlRunAnovaAnalysis
c0039	posthoc_soprano__mezzo_cohens_d	0.266496933006928	emlRunAnovaAnalysis
c0039	posthoc_soprano__alto_cohens_d	1.1593536170403687	emlRunAnovaAnalysis
c0039	posthoc_mezzo__alto_cohens_d	0.6333530468010096	emlRunAnovaAnalysis
c0040	f	3.5048768688621763	emlRunAnovaAnalysis
c0040	df_between	2	emlRunAnovaAnalysis
c0040	df_within	42	emlRunAnovaAnalysis
c0040	p	0.039111292861892175	emlRunAnovaAnalysis
c0040	eta_squared	0.14302772821991808	emlRunAnovaAnalysis
c0040	n	45	emlRunAnovaAnalysis
c0040	ss_between	3.1544807056635245	emlRunAnovaAnalysis
c0040	ss_within	18.90054837802034	emlRunAnovaAnalysis
c0040	ss_total	22.055029083683863	emlRunAnovaAnalysis
c0040	ms_between	1.5772403528317622	emlRunAnovaAnalysis
c0040	ms_within	0.4500130566195319	emlRunAnovaAnalysis
c0040	posthoc_alto__mezzo_cohens_d	-0.6333530468010096	emlRunAnovaAnalysis
c0040	posthoc_alto__soprano_cohens_d	-1.1593536170403687	emlRunAnovaAnalysis
c0040	posthoc_mezzo__soprano_cohens_d	-0.266496933006928	emlRunAnovaAnalysis
c0041	f	3.5048768688621763	emlRunAnovaAnalysis
c0041	df_between	2	emlRunAnovaAnalysis
c0041	df_within	42	emlRunAnovaAnalysis
c0041	p	0.039111292861892175	emlRunAnovaAnalysis
c0041	eta_squared	0.14302772821991808	emlRunAnovaAnalysis
c0041	n	45	emlRunAnovaAnalysis
c0041	ss_between	3.1544807056635245	emlRunAnovaAnalysis
c0041	ss_within	18.90054837802034	emlRunAnovaAnalysis
c0041	ss_total	22.055029083683863	emlRunAnovaAnalysis
c0041	ms_between	1.5772403528317622	emlRunAnovaAnalysis
c0041	ms_within	0.4500130566195319	emlRunAnovaAnalysis
c0041	posthoc_soprano__mezzo_padj	0.6846336598598793	emlRunAnovaAnalysis
c0041	posthoc_soprano__mezzo_diff	0.20413117157659855	emlRunAnovaAnalysis
c0041	posthoc_soprano__mezzo_q	1.1785347712990972	emlRunAnovaAnalysis
c0041	posthoc_soprano__mezzo_cohens_d	0.266496933006928	emlRunAnovaAnalysis
c0041	posthoc_soprano__mezzo_ci_low	-0.39097946547958695	emlRunAnovaAnalysis
c0041	posthoc_soprano__mezzo_ci_high	0.799241808632784	emlRunAnovaAnalysis
c0041	posthoc_soprano__alto_padj	0.03414776471912487	emlRunAnovaAnalysis
c0041	posthoc_soprano__alto_diff	0.6351658757520413	emlRunAnovaAnalysis
c0041	posthoc_soprano__alto_q	3.667078694228382	emlRunAnovaAnalysis
c0041	posthoc_soprano__alto_cohens_d	1.1593536170403687	emlRunAnovaAnalysis
c0041	posthoc_soprano__alto_ci_low	0.04005523869585581	emlRunAnovaAnalysis
c0041	posthoc_soprano__alto_ci_high	1.230276512808227	emlRunAnovaAnalysis
c0041	posthoc_mezzo__alto_padj	0.1955998205327223	emlRunAnovaAnalysis
c0041	posthoc_mezzo__alto_diff	0.43103470417544276	emlRunAnovaAnalysis
c0041	posthoc_mezzo__alto_q	2.4885439229292845	emlRunAnovaAnalysis
c0041	posthoc_mezzo__alto_cohens_d	0.6333530468010096	emlRunAnovaAnalysis
c0041	posthoc_mezzo__alto_ci_low	-0.16407593288074274	emlRunAnovaAnalysis
c0041	posthoc_mezzo__alto_ci_high	1.0261453412316284	emlRunAnovaAnalysis
c0042	f	3.5048768688621763	emlRunAnovaAnalysis
c0042	df_between	2	emlRunAnovaAnalysis
c0042	df_within	42	emlRunAnovaAnalysis
c0042	p	0.039111292861892175	emlRunAnovaAnalysis
c0042	eta_squared	0.14302772821991808	emlRunAnovaAnalysis
c0042	n	45	emlRunAnovaAnalysis
c0042	ss_between	3.1544807056635245	emlRunAnovaAnalysis
c0042	ss_within	18.90054837802034	emlRunAnovaAnalysis
c0042	ss_total	22.055029083683863	emlRunAnovaAnalysis
c0042	ms_between	1.5772403528317622	emlRunAnovaAnalysis
c0042	ms_within	0.4500130566195319	emlRunAnovaAnalysis
c0042	posthoc_alto__mezzo_padj	0.1955998205327223	emlRunAnovaAnalysis
c0042	posthoc_alto__mezzo_diff	-0.43103470417544276	emlRunAnovaAnalysis
c0042	posthoc_alto__mezzo_q	2.4885439229292845	emlRunAnovaAnalysis
c0042	posthoc_alto__mezzo_cohens_d	-0.6333530468010096	emlRunAnovaAnalysis
c0042	posthoc_alto__mezzo_ci_low	-1.0261453412316284	emlRunAnovaAnalysis
c0042	posthoc_alto__mezzo_ci_high	0.16407593288074274	emlRunAnovaAnalysis
c0042	posthoc_alto__soprano_padj	0.03414776471912487	emlRunAnovaAnalysis
c0042	posthoc_alto__soprano_diff	-0.6351658757520413	emlRunAnovaAnalysis
c0042	posthoc_alto__soprano_q	3.667078694228382	emlRunAnovaAnalysis
c0042	posthoc_alto__soprano_cohens_d	-1.1593536170403687	emlRunAnovaAnalysis
c0042	posthoc_alto__soprano_ci_low	-1.230276512808227	emlRunAnovaAnalysis
c0042	posthoc_alto__soprano_ci_high	-0.04005523869585581	emlRunAnovaAnalysis
c0042	posthoc_mezzo__soprano_padj	0.6846336598598793	emlRunAnovaAnalysis
c0042	posthoc_mezzo__soprano_diff	-0.20413117157659855	emlRunAnovaAnalysis
c0042	posthoc_mezzo__soprano_q	1.1785347712990972	emlRunAnovaAnalysis
c0042	posthoc_mezzo__soprano_cohens_d	-0.266496933006928	emlRunAnovaAnalysis
c0042	posthoc_mezzo__soprano_ci_low	-0.799241808632784	emlRunAnovaAnalysis
c0042	posthoc_mezzo__soprano_ci_high	0.39097946547958695	emlRunAnovaAnalysis
c0043	f	14.58143824444943	emlRunAnovaAnalysis
c0043	df_between	2	emlRunAnovaAnalysis
c0043	df_within	42	emlRunAnovaAnalysis
c0043	p	1.5520714651039688e-05	emlRunAnovaAnalysis
c0043	eta_squared	0.4098046330862996	emlRunAnovaAnalysis
c0043	n	45	emlRunAnovaAnalysis
c0043	ss_between	439.3317208770335	emlRunAnovaAnalysis
c0043	ss_within	632.7198993507832	emlRunAnovaAnalysis
c0043	ss_total	1072.0516202278168	emlRunAnovaAnalysis
c0043	ms_between	219.66586043851675	emlRunAnovaAnalysis
c0043	ms_within	15.06475950835198	emlRunAnovaAnalysis
c0043	posthoc_soprano__mezzo_cohens_d	0.9239481535297805	emlRunAnovaAnalysis
c0043	posthoc_soprano__alto_cohens_d	2.099855690215333	emlRunAnovaAnalysis
c0043	posthoc_mezzo__alto_cohens_d	0.9900841245897888	emlRunAnovaAnalysis
c0044	f	14.58143824444943	emlRunAnovaAnalysis
c0044	df_between	2	emlRunAnovaAnalysis
c0044	df_within	42	emlRunAnovaAnalysis
c0044	p	1.5520714651039688e-05	emlRunAnovaAnalysis
c0044	eta_squared	0.4098046330862996	emlRunAnovaAnalysis
c0044	n	45	emlRunAnovaAnalysis
c0044	ss_between	439.3317208770335	emlRunAnovaAnalysis
c0044	ss_within	632.7198993507832	emlRunAnovaAnalysis
c0044	ss_total	1072.0516202278168	emlRunAnovaAnalysis
c0044	ms_between	219.66586043851675	emlRunAnovaAnalysis
c0044	ms_within	15.06475950835198	emlRunAnovaAnalysis
c0044	posthoc_alto__mezzo_cohens_d	-0.9900841245897888	emlRunAnovaAnalysis
c0044	posthoc_alto__soprano_cohens_d	-2.099855690215333	emlRunAnovaAnalysis
c0044	posthoc_mezzo__soprano_cohens_d	-0.9239481535297805	emlRunAnovaAnalysis
c0045	f	14.58143824444943	emlRunAnovaAnalysis
c0045	df_between	2	emlRunAnovaAnalysis
c0045	df_within	42	emlRunAnovaAnalysis
c0045	p	1.5520714651039688e-05	emlRunAnovaAnalysis
c0045	eta_squared	0.4098046330862996	emlRunAnovaAnalysis
c0045	n	45	emlRunAnovaAnalysis
c0045	ss_between	439.3317208770335	emlRunAnovaAnalysis
c0045	ss_within	632.7198993507832	emlRunAnovaAnalysis
c0045	ss_total	1072.0516202278168	emlRunAnovaAnalysis
c0045	ms_between	219.66586043851675	emlRunAnovaAnalysis
c0045	ms_within	15.06475950835198	emlRunAnovaAnalysis
c0045	posthoc_soprano__mezzo_padj	0.03703083549194496	emlRunAnovaAnalysis
c0045	posthoc_soprano__mezzo_diff	3.626583563810925	emlRunAnovaAnalysis
c0045	posthoc_soprano__mezzo_q	3.6187802959101156	emlRunAnovaAnalysis
c0045	posthoc_soprano__mezzo_cohens_d	0.9239481535297805	emlRunAnovaAnalysis
c0045	posthoc_soprano__mezzo_ci_low	0.18335179065428253	emlRunAnovaAnalysis
c0045	posthoc_soprano__mezzo_ci_high	7.069815336967568	emlRunAnovaAnalysis
c0045	posthoc_soprano__alto_padj	8.55884971515509e-06	emlRunAnovaAnalysis
c0045	posthoc_soprano__alto_diff	7.650165159727322	emlRunAnovaAnalysis
c0045	posthoc_soprano__alto_q	7.633704408947307	emlRunAnovaAnalysis
c0045	posthoc_soprano__alto_cohens_d	2.099855690215333	emlRunAnovaAnalysis
c0045	posthoc_soprano__alto_ci_low	4.20693338657068	emlRunAnovaAnalysis
c0045	posthoc_soprano__alto_ci_high	11.093396932883966	emlRunAnovaAnalysis
c0045	posthoc_mezzo__alto_padj	0.01865530971022124	emlRunAnovaAnalysis
c0045	posthoc_mezzo__alto_diff	4.023581595916397	emlRunAnovaAnalysis
c0045	posthoc_mezzo__alto_q	4.014924113037192	emlRunAnovaAnalysis
c0045	posthoc_mezzo__alto_cohens_d	0.9900841245897888	emlRunAnovaAnalysis
c0045	posthoc_mezzo__alto_ci_low	0.5803498227597546	emlRunAnovaAnalysis
c0045	posthoc_mezzo__alto_ci_high	7.46681336907304	emlRunAnovaAnalysis
c0046	f	14.58143824444943	emlRunAnovaAnalysis
c0046	df_between	2	emlRunAnovaAnalysis
c0046	df_within	42	emlRunAnovaAnalysis
c0046	p	1.5520714651039688e-05	emlRunAnovaAnalysis
c0046	eta_squared	0.4098046330862996	emlRunAnovaAnalysis
c0046	n	45	emlRunAnovaAnalysis
c0046	ss_between	439.3317208770335	emlRunAnovaAnalysis
c0046	ss_within	632.7198993507832	emlRunAnovaAnalysis
c0046	ss_total	1072.0516202278168	emlRunAnovaAnalysis
c0046	ms_between	219.66586043851675	emlRunAnovaAnalysis
c0046	ms_within	15.06475950835198	emlRunAnovaAnalysis
c0046	posthoc_alto__mezzo_padj	0.01865530971022124	emlRunAnovaAnalysis
c0046	posthoc_alto__mezzo_diff	-4.023581595916397	emlRunAnovaAnalysis
c0046	posthoc_alto__mezzo_q	4.014924113037192	emlRunAnovaAnalysis
c0046	posthoc_alto__mezzo_cohens_d	-0.9900841245897888	emlRunAnovaAnalysis
c0046	posthoc_alto__mezzo_ci_low	-7.46681336907304	emlRunAnovaAnalysis
c0046	posthoc_alto__mezzo_ci_high	-0.5803498227597546	emlRunAnovaAnalysis
c0046	posthoc_alto__soprano_padj	8.55884971515509e-06	emlRunAnovaAnalysis
c0046	posthoc_alto__soprano_diff	-7.650165159727322	emlRunAnovaAnalysis
c0046	posthoc_alto__soprano_q	7.633704408947307	emlRunAnovaAnalysis
c0046	posthoc_alto__soprano_cohens_d	-2.099855690215333	emlRunAnovaAnalysis
c0046	posthoc_alto__soprano_ci_low	-11.093396932883966	emlRunAnovaAnalysis
c0046	posthoc_alto__soprano_ci_high	-4.20693338657068	emlRunAnovaAnalysis
c0046	posthoc_mezzo__soprano_padj	0.03703083549194496	emlRunAnovaAnalysis
c0046	posthoc_mezzo__soprano_diff	-3.626583563810925	emlRunAnovaAnalysis
c0046	posthoc_mezzo__soprano_q	3.6187802959101156	emlRunAnovaAnalysis
c0046	posthoc_mezzo__soprano_cohens_d	-0.9239481535297805	emlRunAnovaAnalysis
c0046	posthoc_mezzo__soprano_ci_low	-7.069815336967568	emlRunAnovaAnalysis
c0046	posthoc_mezzo__soprano_ci_high	-0.18335179065428253	emlRunAnovaAnalysis
c0047	f	5.850226710964229	emlRunAnovaAnalysis
c0047	df_between	2	emlRunAnovaAnalysis
c0047	df_within	42	emlRunAnovaAnalysis
c0047	p	0.0057371749261637605	emlRunAnovaAnalysis
c0047	eta_squared	0.21788369885812928	emlRunAnovaAnalysis
c0047	n	45	emlRunAnovaAnalysis
c0047	ss_between	4.576651015945773	emlRunAnovaAnalysis
c0047	ss_within	16.42836698187044	emlRunAnovaAnalysis
c0047	ss_total	21.00501799781621	emlRunAnovaAnalysis
c0047	ms_between	2.2883255079728864	emlRunAnovaAnalysis
c0047	ms_within	0.391151594806439	emlRunAnovaAnalysis
c0047	posthoc_soprano__mezzo_cohens_d	0.07714998118881532	emlRunAnovaAnalysis
c0047	posthoc_soprano__alto_cohens_d	1.2644075236587833	emlRunAnovaAnalysis
c0047	posthoc_mezzo__alto_cohens_d	1.02902754303771	emlRunAnovaAnalysis
c0048	f	5.850226710964229	emlRunAnovaAnalysis
c0048	df_between	2	emlRunAnovaAnalysis
c0048	df_within	42	emlRunAnovaAnalysis
c0048	p	0.0057371749261637605	emlRunAnovaAnalysis
c0048	eta_squared	0.21788369885812928	emlRunAnovaAnalysis
c0048	n	45	emlRunAnovaAnalysis
c0048	ss_between	4.576651015945773	emlRunAnovaAnalysis
c0048	ss_within	16.42836698187044	emlRunAnovaAnalysis
c0048	ss_total	21.00501799781621	emlRunAnovaAnalysis
c0048	ms_between	2.2883255079728864	emlRunAnovaAnalysis
c0048	ms_within	0.391151594806439	emlRunAnovaAnalysis
c0048	posthoc_alto__mezzo_cohens_d	-1.02902754303771	emlRunAnovaAnalysis
c0048	posthoc_alto__soprano_cohens_d	-1.2644075236587833	emlRunAnovaAnalysis
c0048	posthoc_mezzo__soprano_cohens_d	-0.07714998118881532	emlRunAnovaAnalysis
c0049	f	5.850226710964229	emlRunAnovaAnalysis
c0049	df_between	2	emlRunAnovaAnalysis
c0049	df_within	42	emlRunAnovaAnalysis
c0049	p	0.0057371749261637605	emlRunAnovaAnalysis
c0049	eta_squared	0.21788369885812928	emlRunAnovaAnalysis
c0049	n	45	emlRunAnovaAnalysis
c0049	ss_between	4.576651015945773	emlRunAnovaAnalysis
c0049	ss_within	16.42836698187044	emlRunAnovaAnalysis
c0049	ss_total	21.00501799781621	emlRunAnovaAnalysis
c0049	ms_between	2.2883255079728864	emlRunAnovaAnalysis
c0049	ms_within	0.391151594806439	emlRunAnovaAnalysis
c0049	posthoc_soprano__mezzo_padj	0.9709730427642729	emlRunAnovaAnalysis
c0049	posthoc_soprano__mezzo_diff	0.05280871789667163	emlRunAnovaAnalysis
c0049	posthoc_soprano__mezzo_q	0.3270233029265829	emlRunAnovaAnalysis
c0049	posthoc_soprano__mezzo_cohens_d	0.07714998118881532	emlRunAnovaAnalysis
c0049	posthoc_soprano__mezzo_ci_low	-0.5020184366763555	emlRunAnovaAnalysis
c0049	posthoc_soprano__mezzo_ci_high	0.6076358724696987	emlRunAnovaAnalysis
c0049	posthoc_soprano__alto_padj	0.010219555938660717	emlRunAnovaAnalysis
c0049	posthoc_soprano__alto_diff	0.7013662327457819	emlRunAnovaAnalysis
c0049	posthoc_soprano__alto_q	4.343281017397246	emlRunAnovaAnalysis
c0049	posthoc_soprano__alto_cohens_d	1.2644075236587833	emlRunAnovaAnalysis
c0049	posthoc_soprano__alto_ci_low	0.1465390781727548	emlRunAnovaAnalysis
c0049	posthoc_soprano__alto_ci_high	1.2561933873188091	emlRunAnovaAnalysis
c0049	posthoc_mezzo__alto_padj	0.01861086246125264	emlRunAnovaAnalysis
c0049	posthoc_mezzo__alto_diff	0.6485575148491103	emlRunAnovaAnalysis
c0049	posthoc_mezzo__alto_q	4.016257714470663	emlRunAnovaAnalysis
c0049	posthoc_mezzo__alto_cohens_d	1.02902754303771	emlRunAnovaAnalysis
c0049	posthoc_mezzo__alto_ci_low	0.09373036027608317	emlRunAnovaAnalysis
c0049	posthoc_mezzo__alto_ci_high	1.2033846694221375	emlRunAnovaAnalysis
c0050	f	5.850226710964229	emlRunAnovaAnalysis
c0050	df_between	2	emlRunAnovaAnalysis
c0050	df_within	42	emlRunAnovaAnalysis
c0050	p	0.0057371749261637605	emlRunAnovaAnalysis
c0050	eta_squared	0.21788369885812928	emlRunAnovaAnalysis
c0050	n	45	emlRunAnovaAnalysis
c0050	ss_between	4.576651015945773	emlRunAnovaAnalysis
c0050	ss_within	16.42836698187044	emlRunAnovaAnalysis
c0050	ss_total	21.00501799781621	emlRunAnovaAnalysis
c0050	ms_between	2.2883255079728864	emlRunAnovaAnalysis
c0050	ms_within	0.391151594806439	emlRunAnovaAnalysis
c0050	posthoc_alto__mezzo_padj	0.01861086246125264	emlRunAnovaAnalysis
c0050	posthoc_alto__mezzo_diff	-0.6485575148491103	emlRunAnovaAnalysis
c0050	posthoc_alto__mezzo_q	4.016257714470663	emlRunAnovaAnalysis
c0050	posthoc_alto__mezzo_cohens_d	-1.02902754303771	emlRunAnovaAnalysis
c0050	posthoc_alto__mezzo_ci_low	-1.2033846694221375	emlRunAnovaAnalysis
c0050	posthoc_alto__mezzo_ci_high	-0.09373036027608317	emlRunAnovaAnalysis
c0050	posthoc_alto__soprano_padj	0.010219555938660717	emlRunAnovaAnalysis
c0050	posthoc_alto__soprano_diff	-0.7013662327457819	emlRunAnovaAnalysis
c0050	posthoc_alto__soprano_q	4.343281017397246	emlRunAnovaAnalysis
c0050	posthoc_alto__soprano_cohens_d	-1.2644075236587833	emlRunAnovaAnalysis
c0050	posthoc_alto__soprano_ci_low	-1.2561933873188091	emlRunAnovaAnalysis
c0050	posthoc_alto__soprano_ci_high	-0.1465390781727548	emlRunAnovaAnalysis
c0050	posthoc_mezzo__soprano_padj	0.9709730427642729	emlRunAnovaAnalysis
c0050	posthoc_mezzo__soprano_diff	-0.05280871789667163	emlRunAnovaAnalysis
c0050	posthoc_mezzo__soprano_q	0.3270233029265829	emlRunAnovaAnalysis
c0050	posthoc_mezzo__soprano_cohens_d	-0.07714998118881532	emlRunAnovaAnalysis
c0050	posthoc_mezzo__soprano_ci_low	-0.6076358724696987	emlRunAnovaAnalysis
c0050	posthoc_mezzo__soprano_ci_high	0.5020184366763555	emlRunAnovaAnalysis
c0051	f	14.268732135759207	emlRunAnovaAnalysis
c0051	df_between	2	emlRunAnovaAnalysis
c0051	df_within	42	emlRunAnovaAnalysis
c0051	p	1.868178583330422e-05	emlRunAnovaAnalysis
c0051	eta_squared	0.4045717345561181	emlRunAnovaAnalysis
c0051	n	45	emlRunAnovaAnalysis
c0051	ss_between	480.4134915226291	emlRunAnovaAnalysis
c0051	ss_within	707.0483365996986	emlRunAnovaAnalysis
c0051	ss_total	1187.4618281223277	emlRunAnovaAnalysis
c0051	ms_between	240.20674576131455	emlRunAnovaAnalysis
c0051	ms_within	16.834484204754727	emlRunAnovaAnalysis
c0051	posthoc_soprano__mezzo_cohens_d	1.4258188182833162	emlRunAnovaAnalysis
c0051	posthoc_soprano__alto_cohens_d	1.860017468818369	emlRunAnovaAnalysis
c0051	posthoc_mezzo__alto_cohens_d	0.5296260067829929	emlRunAnovaAnalysis
c0052	f	14.268732135759207	emlRunAnovaAnalysis
c0052	df_between	2	emlRunAnovaAnalysis
c0052	df_within	42	emlRunAnovaAnalysis
c0052	p	1.868178583330422e-05	emlRunAnovaAnalysis
c0052	eta_squared	0.4045717345561181	emlRunAnovaAnalysis
c0052	n	45	emlRunAnovaAnalysis
c0052	ss_between	480.4134915226291	emlRunAnovaAnalysis
c0052	ss_within	707.0483365996986	emlRunAnovaAnalysis
c0052	ss_total	1187.4618281223277	emlRunAnovaAnalysis
c0052	ms_between	240.20674576131455	emlRunAnovaAnalysis
c0052	ms_within	16.834484204754727	emlRunAnovaAnalysis
c0052	posthoc_alto__mezzo_cohens_d	-0.5296260067829929	emlRunAnovaAnalysis
c0052	posthoc_alto__soprano_cohens_d	-1.860017468818369	emlRunAnovaAnalysis
c0052	posthoc_mezzo__soprano_cohens_d	-1.4258188182833162	emlRunAnovaAnalysis
c0053	f	14.268732135759207	emlRunAnovaAnalysis
c0053	df_between	2	emlRunAnovaAnalysis
c0053	df_within	42	emlRunAnovaAnalysis
c0053	p	1.868178583330422e-05	emlRunAnovaAnalysis
c0053	eta_squared	0.4045717345561181	emlRunAnovaAnalysis
c0053	n	45	emlRunAnovaAnalysis
c0053	ss_between	480.4134915226291	emlRunAnovaAnalysis
c0053	ss_within	707.0483365996986	emlRunAnovaAnalysis
c0053	ss_total	1187.4618281223277	emlRunAnovaAnalysis
c0053	ms_between	240.20674576131455	emlRunAnovaAnalysis
c0053	ms_within	16.834484204754727	emlRunAnovaAnalysis
c0053	posthoc_soprano__mezzo_padj	0.0018107645839104552	emlRunAnovaAnalysis
c0053	posthoc_soprano__mezzo_diff	5.529493667274593	emlRunAnovaAnalysis
c0053	posthoc_soprano__mezzo_q	5.219526264683642	emlRunAnovaAnalysis
c0053	posthoc_soprano__mezzo_cohens_d	1.4258188182833162	emlRunAnovaAnalysis
c0053	posthoc_soprano__mezzo_ci_low	1.8896304553089398	emlRunAnovaAnalysis
c0053	posthoc_soprano__mezzo_ci_high	9.169356879240247	emlRunAnovaAnalysis
c0053	posthoc_soprano__alto_padj	1.6871230530049394e-05	emlRunAnovaAnalysis
c0053	posthoc_soprano__alto_diff	7.775722186793658	emlRunAnovaAnalysis
c0053	posthoc_soprano__alto_q	7.3398377180630465	emlRunAnovaAnalysis
c0053	posthoc_soprano__alto_cohens_d	1.860017468818369	emlRunAnovaAnalysis
c0053	posthoc_soprano__alto_ci_low	4.135858974828004	emlRunAnovaAnalysis
c0053	posthoc_soprano__alto_ci_high	11.415585398759312	emlRunAnovaAnalysis
c0053	posthoc_mezzo__alto_padj	0.30156231884928536	emlRunAnovaAnalysis
c0053	posthoc_mezzo__alto_diff	2.2462285195190645	emlRunAnovaAnalysis
c0053	posthoc_mezzo__alto_q	2.120311453379405	emlRunAnovaAnalysis
c0053	posthoc_mezzo__alto_cohens_d	0.5296260067829929	emlRunAnovaAnalysis
c0053	posthoc_mezzo__alto_ci_low	-1.393634692446589	emlRunAnovaAnalysis
c0053	posthoc_mezzo__alto_ci_high	5.8860917314847185	emlRunAnovaAnalysis
c0054	f	14.268732135759207	emlRunAnovaAnalysis
c0054	df_between	2	emlRunAnovaAnalysis
c0054	df_within	42	emlRunAnovaAnalysis
c0054	p	1.868178583330422e-05	emlRunAnovaAnalysis
c0054	eta_squared	0.4045717345561181	emlRunAnovaAnalysis
c0054	n	45	emlRunAnovaAnalysis
c0054	ss_between	480.4134915226291	emlRunAnovaAnalysis
c0054	ss_within	707.0483365996986	emlRunAnovaAnalysis
c0054	ss_total	1187.4618281223277	emlRunAnovaAnalysis
c0054	ms_between	240.20674576131455	emlRunAnovaAnalysis
c0054	ms_within	16.834484204754727	emlRunAnovaAnalysis
c0054	posthoc_alto__mezzo_padj	0.30156231884928536	emlRunAnovaAnalysis
c0054	posthoc_alto__mezzo_diff	-2.2462285195190645	emlRunAnovaAnalysis
c0054	posthoc_alto__mezzo_q	2.120311453379405	emlRunAnovaAnalysis
c0054	posthoc_alto__mezzo_cohens_d	-0.5296260067829929	emlRunAnovaAnalysis
c0054	posthoc_alto__mezzo_ci_low	-5.8860917314847185	emlRunAnovaAnalysis
c0054	posthoc_alto__mezzo_ci_high	1.393634692446589	emlRunAnovaAnalysis
c0054	posthoc_alto__soprano_padj	1.6871230530049394e-05	emlRunAnovaAnalysis
c0054	posthoc_alto__soprano_diff	-7.775722186793658	emlRunAnovaAnalysis
c0054	posthoc_alto__soprano_q	7.3398377180630465	emlRunAnovaAnalysis
c0054	posthoc_alto__soprano_cohens_d	-1.860017468818369	emlRunAnovaAnalysis
c0054	posthoc_alto__soprano_ci_low	-11.415585398759312	emlRunAnovaAnalysis
c0054	posthoc_alto__soprano_ci_high	-4.135858974828004	emlRunAnovaAnalysis
c0054	posthoc_mezzo__soprano_padj	0.0018107645839104552	emlRunAnovaAnalysis
c0054	posthoc_mezzo__soprano_diff	-5.529493667274593	emlRunAnovaAnalysis
c0054	posthoc_mezzo__soprano_q	5.219526264683642	emlRunAnovaAnalysis
c0054	posthoc_mezzo__soprano_cohens_d	-1.4258188182833162	emlRunAnovaAnalysis
c0054	posthoc_mezzo__soprano_ci_low	-9.169356879240247	emlRunAnovaAnalysis
c0054	posthoc_mezzo__soprano_ci_high	-1.8896304553089398	emlRunAnovaAnalysis
c0055	f	2.4239587364474815	emlRunAnovaAnalysis
c0055	df_between	2	emlRunAnovaAnalysis
c0055	df_within	42	emlRunAnovaAnalysis
c0055	p	0.10086465526567019	emlRunAnovaAnalysis
c0055	eta_squared	0.10348202725766513	emlRunAnovaAnalysis
c0055	n	45	emlRunAnovaAnalysis
c0055	ss_between	1.4501740000834427	emlRunAnovaAnalysis
c0055	ss_within	12.563602483755448	emlRunAnovaAnalysis
c0055	ss_total	14.01377648383889	emlRunAnovaAnalysis
c0055	ms_between	0.7250870000417213	emlRunAnovaAnalysis
c0055	ms_within	0.2991333924703678	emlRunAnovaAnalysis
c0055	posthoc_soprano__mezzo_cohens_d	0.36455850872861606	emlRunAnovaAnalysis
c0055	posthoc_soprano__alto_cohens_d	0.8596757972777409	emlRunAnovaAnalysis
c0055	posthoc_mezzo__alto_cohens_d	0.42851602861862575	emlRunAnovaAnalysis
c0056	f	2.4239587364474815	emlRunAnovaAnalysis
c0056	df_between	2	emlRunAnovaAnalysis
c0056	df_within	42	emlRunAnovaAnalysis
c0056	p	0.10086465526567019	emlRunAnovaAnalysis
c0056	eta_squared	0.10348202725766513	emlRunAnovaAnalysis
c0056	n	45	emlRunAnovaAnalysis
c0056	ss_between	1.4501740000834427	emlRunAnovaAnalysis
c0056	ss_within	12.563602483755448	emlRunAnovaAnalysis
c0056	ss_total	14.01377648383889	emlRunAnovaAnalysis
c0056	ms_between	0.7250870000417213	emlRunAnovaAnalysis
c0056	ms_within	0.2991333924703678	emlRunAnovaAnalysis
c0056	posthoc_alto__mezzo_cohens_d	-0.42851602861862575	emlRunAnovaAnalysis
c0056	posthoc_alto__soprano_cohens_d	-0.8596757972777409	emlRunAnovaAnalysis
c0056	posthoc_mezzo__soprano_cohens_d	-0.36455850872861606	emlRunAnovaAnalysis
c0057	f	2.4239587364474815	emlRunAnovaAnalysis
c0057	df_between	2	emlRunAnovaAnalysis
c0057	df_within	42	emlRunAnovaAnalysis
c0057	p	0.10086465526567019	emlRunAnovaAnalysis
c0057	eta_squared	0.10348202725766513	emlRunAnovaAnalysis
c0057	n	45	emlRunAnovaAnalysis
c0057	ss_between	1.4501740000834427	emlRunAnovaAnalysis
c0057	ss_within	12.563602483755448	emlRunAnovaAnalysis
c0057	ss_total	14.01377648383889	emlRunAnovaAnalysis
c0057	ms_between	0.7250870000417213	emlRunAnovaAnalysis
c0057	ms_within	0.2991333924703678	emlRunAnovaAnalysis
c0057	posthoc_soprano__mezzo_padj	0.4918076922535109	emlRunAnovaAnalysis
c0057	posthoc_soprano__mezzo_diff	0.22882514536508758	emlRunAnovaAnalysis
c0057	posthoc_soprano__mezzo_q	1.6203802020212905	emlRunAnovaAnalysis
c0057	posthoc_soprano__mezzo_cohens_d	0.36455850872861606	emlRunAnovaAnalysis
c0057	posthoc_soprano__mezzo_ci_low	-0.25637129259091623	emlRunAnovaAnalysis
c0057	posthoc_soprano__mezzo_ci_high	0.7140215833210914	emlRunAnovaAnalysis
c0057	posthoc_soprano__alto_padj	0.0826352792918282	emlRunAnovaAnalysis
c0057	posthoc_soprano__alto_diff	0.43959973362963467	emlRunAnovaAnalysis
c0057	posthoc_soprano__alto_q	3.1129389388163506	emlRunAnovaAnalysis
c0057	posthoc_soprano__alto_cohens_d	0.8596757972777409	emlRunAnovaAnalysis
c0057	posthoc_soprano__alto_ci_low	-0.04559670432636914	emlRunAnovaAnalysis
c0057	posthoc_soprano__alto_ci_high	0.9247961715856385	emlRunAnovaAnalysis
c0057	posthoc_mezzo__alto_padj	0.546680965043483	emlRunAnovaAnalysis
c0057	posthoc_mezzo__alto_diff	0.2107745882645471	emlRunAnovaAnalysis
c0057	posthoc_mezzo__alto_q	1.4925587367950603	emlRunAnovaAnalysis
c0057	posthoc_mezzo__alto_cohens_d	0.42851602861862575	emlRunAnovaAnalysis
c0057	posthoc_mezzo__alto_ci_low	-0.2744218496914567	emlRunAnovaAnalysis
c0057	posthoc_mezzo__alto_ci_high	0.695971026220551	emlRunAnovaAnalysis
c0058	f	2.4239587364474815	emlRunAnovaAnalysis
c0058	df_between	2	emlRunAnovaAnalysis
c0058	df_within	42	emlRunAnovaAnalysis
c0058	p	0.10086465526567019	emlRunAnovaAnalysis
c0058	eta_squared	0.10348202725766513	emlRunAnovaAnalysis
c0058	n	45	emlRunAnovaAnalysis
c0058	ss_between	1.4501740000834427	emlRunAnovaAnalysis
c0058	ss_within	12.563602483755448	emlRunAnovaAnalysis
c0058	ss_total	14.01377648383889	emlRunAnovaAnalysis
c0058	ms_between	0.7250870000417213	emlRunAnovaAnalysis
c0058	ms_within	0.2991333924703678	emlRunAnovaAnalysis
c0058	posthoc_alto__mezzo_padj	0.546680965043483	emlRunAnovaAnalysis
c0058	posthoc_alto__mezzo_diff	-0.2107745882645471	emlRunAnovaAnalysis
c0058	posthoc_alto__mezzo_q	1.4925587367950603	emlRunAnovaAnalysis
c0058	posthoc_alto__mezzo_cohens_d	-0.42851602861862575	emlRunAnovaAnalysis
c0058	posthoc_alto__mezzo_ci_low	-0.695971026220551	emlRunAnovaAnalysis
c0058	posthoc_alto__mezzo_ci_high	0.2744218496914567	emlRunAnovaAnalysis
c0058	posthoc_alto__soprano_padj	0.0826352792918282	emlRunAnovaAnalysis
c0058	posthoc_alto__soprano_diff	-0.43959973362963467	emlRunAnovaAnalysis
c0058	posthoc_alto__soprano_q	3.1129389388163506	emlRunAnovaAnalysis
c0058	posthoc_alto__soprano_cohens_d	-0.8596757972777409	emlRunAnovaAnalysis
c0058	posthoc_alto__soprano_ci_low	-0.9247961715856385	emlRunAnovaAnalysis
c0058	posthoc_alto__soprano_ci_high	0.04559670432636914	emlRunAnovaAnalysis
c0058	posthoc_mezzo__soprano_padj	0.4918076922535109	emlRunAnovaAnalysis
c0058	posthoc_mezzo__soprano_diff	-0.22882514536508758	emlRunAnovaAnalysis
c0058	posthoc_mezzo__soprano_q	1.6203802020212905	emlRunAnovaAnalysis
c0058	posthoc_mezzo__soprano_cohens_d	-0.36455850872861606	emlRunAnovaAnalysis
c0058	posthoc_mezzo__soprano_ci_low	-0.7140215833210914	emlRunAnovaAnalysis
c0058	posthoc_mezzo__soprano_ci_high	0.25637129259091623	emlRunAnovaAnalysis
c0059	f	44.30747283440199	emlRunAnovaAnalysis
c0059	df_between	1	emlRunAnovaAnalysis
c0059	df_within	38	emlRunAnovaAnalysis
c0059	p	7.2000246032637e-08	emlRunAnovaAnalysis
c0059	eta_squared	0.5383165259313226	emlRunAnovaAnalysis
c0059	n	40	emlRunAnovaAnalysis
c0059	ss_between	18.01202176781868	emlRunAnovaAnalysis
c0059	ss_within	15.44788685500636	emlRunAnovaAnalysis
c0059	ss_total	33.45990862282504	emlRunAnovaAnalysis
c0059	ms_between	18.01202176781868	emlRunAnovaAnalysis
c0059	ms_within	0.40652333828964105	emlRunAnovaAnalysis
c0059	posthoc_control__patient_cohens_d	-2.1049340330376625	emlRunAnovaAnalysis
c0060	f	44.30747283440199	emlRunAnovaAnalysis
c0060	df_between	1	emlRunAnovaAnalysis
c0060	df_within	38	emlRunAnovaAnalysis
c0060	p	7.2000246032637e-08	emlRunAnovaAnalysis
c0060	eta_squared	0.5383165259313226	emlRunAnovaAnalysis
c0060	n	40	emlRunAnovaAnalysis
c0060	ss_between	18.01202176781868	emlRunAnovaAnalysis
c0060	ss_within	15.44788685500636	emlRunAnovaAnalysis
c0060	ss_total	33.45990862282504	emlRunAnovaAnalysis
c0060	ms_between	18.01202176781868	emlRunAnovaAnalysis
c0060	ms_within	0.40652333828964105	emlRunAnovaAnalysis
c0060	posthoc_control__patient_cohens_d	-2.1049340330376625	emlRunAnovaAnalysis
c0061	f	44.30747283440199	emlRunAnovaAnalysis
c0061	df_between	1	emlRunAnovaAnalysis
c0061	df_within	38	emlRunAnovaAnalysis
c0061	p	7.2000246032637e-08	emlRunAnovaAnalysis
c0061	eta_squared	0.5383165259313226	emlRunAnovaAnalysis
c0061	n	40	emlRunAnovaAnalysis
c0061	ss_between	18.01202176781868	emlRunAnovaAnalysis
c0061	ss_within	15.44788685500636	emlRunAnovaAnalysis
c0061	ss_total	33.45990862282504	emlRunAnovaAnalysis
c0061	ms_between	18.01202176781868	emlRunAnovaAnalysis
c0061	ms_within	0.40652333828964105	emlRunAnovaAnalysis
c0061	posthoc_control__patient_padj	7.2000246032637e-08	emlRunAnovaAnalysis
c0061	posthoc_control__patient_diff	-1.3420887365527916	emlRunAnovaAnalysis
c0061	posthoc_control__patient_q	9.413551172050003	emlRunAnovaAnalysis
c0061	posthoc_control__patient_cohens_d	-2.1049340330376625	emlRunAnovaAnalysis
c0061	posthoc_control__patient_ci_low	-1.750255669672308	emlRunAnovaAnalysis
c0061	posthoc_control__patient_ci_high	-0.9339218034332751	emlRunAnovaAnalysis
c0062	f	44.30747283440199	emlRunAnovaAnalysis
c0062	df_between	1	emlRunAnovaAnalysis
c0062	df_within	38	emlRunAnovaAnalysis
c0062	p	7.2000246032637e-08	emlRunAnovaAnalysis
c0062	eta_squared	0.5383165259313226	emlRunAnovaAnalysis
c0062	n	40	emlRunAnovaAnalysis
c0062	ss_between	18.01202176781868	emlRunAnovaAnalysis
c0062	ss_within	15.44788685500636	emlRunAnovaAnalysis
c0062	ss_total	33.45990862282504	emlRunAnovaAnalysis
c0062	ms_between	18.01202176781868	emlRunAnovaAnalysis
c0062	ms_within	0.40652333828964105	emlRunAnovaAnalysis
c0062	posthoc_control__patient_padj	7.2000246032637e-08	emlRunAnovaAnalysis
c0062	posthoc_control__patient_diff	-1.3420887365527916	emlRunAnovaAnalysis
c0062	posthoc_control__patient_q	9.413551172050003	emlRunAnovaAnalysis
c0062	posthoc_control__patient_cohens_d	-2.1049340330376625	emlRunAnovaAnalysis
c0062	posthoc_control__patient_ci_low	-1.750255669672308	emlRunAnovaAnalysis
c0062	posthoc_control__patient_ci_high	-0.9339218034332751	emlRunAnovaAnalysis
c0063	f	15.2287999705013	emlRunAnovaAnalysis
c0063	df_between	1	emlRunAnovaAnalysis
c0063	df_within	46	emlRunAnovaAnalysis
c0063	p	0.00030882281652466976	emlRunAnovaAnalysis
c0063	eta_squared	0.24871955644791674	emlRunAnovaAnalysis
c0063	n	48	emlRunAnovaAnalysis
c0063	ss_between	450.37798261337645	emlRunAnovaAnalysis
c0063	ss_within	1360.4083867636054	emlRunAnovaAnalysis
c0063	ss_total	1810.7863693769818	emlRunAnovaAnalysis
c0063	ms_between	450.37798261337645	emlRunAnovaAnalysis
c0063	ms_within	29.574095364426206	emlRunAnovaAnalysis
c0063	posthoc_soprano__alto_cohens_d	1.1265285900537279	emlRunAnovaAnalysis
c0064	f	15.2287999705013	emlRunAnovaAnalysis
c0064	df_between	1	emlRunAnovaAnalysis
c0064	df_within	46	emlRunAnovaAnalysis
c0064	p	0.00030882281652466976	emlRunAnovaAnalysis
c0064	eta_squared	0.24871955644791674	emlRunAnovaAnalysis
c0064	n	48	emlRunAnovaAnalysis
c0064	ss_between	450.37798261337645	emlRunAnovaAnalysis
c0064	ss_within	1360.4083867636054	emlRunAnovaAnalysis
c0064	ss_total	1810.7863693769818	emlRunAnovaAnalysis
c0064	ms_between	450.37798261337645	emlRunAnovaAnalysis
c0064	ms_within	29.574095364426206	emlRunAnovaAnalysis
c0064	posthoc_alto__soprano_cohens_d	-1.1265285900537279	emlRunAnovaAnalysis
c0065	f	15.2287999705013	emlRunAnovaAnalysis
c0065	df_between	1	emlRunAnovaAnalysis
c0065	df_within	46	emlRunAnovaAnalysis
c0065	p	0.00030882281652466976	emlRunAnovaAnalysis
c0065	eta_squared	0.24871955644791674	emlRunAnovaAnalysis
c0065	n	48	emlRunAnovaAnalysis
c0065	ss_between	450.37798261337645	emlRunAnovaAnalysis
c0065	ss_within	1360.4083867636054	emlRunAnovaAnalysis
c0065	ss_total	1810.7863693769818	emlRunAnovaAnalysis
c0065	ms_between	450.37798261337645	emlRunAnovaAnalysis
c0065	ms_within	29.574095364426206	emlRunAnovaAnalysis
c0065	posthoc_soprano__alto_padj	0.0003088228165246731	emlRunAnovaAnalysis
c0065	posthoc_soprano__alto_diff	6.126295663050769	emlRunAnovaAnalysis
c0065	posthoc_soprano__alto_q	5.518840452577204	emlRunAnovaAnalysis
c0065	posthoc_soprano__alto_cohens_d	1.1265285900537279	emlRunAnovaAnalysis
c0065	posthoc_soprano__alto_ci_low	2.9663009081195995	emlRunAnovaAnalysis
c0065	posthoc_soprano__alto_ci_high	9.286290417981938	emlRunAnovaAnalysis
c0066	f	15.2287999705013	emlRunAnovaAnalysis
c0066	df_between	1	emlRunAnovaAnalysis
c0066	df_within	46	emlRunAnovaAnalysis
c0066	p	0.00030882281652466976	emlRunAnovaAnalysis
c0066	eta_squared	0.24871955644791674	emlRunAnovaAnalysis
c0066	n	48	emlRunAnovaAnalysis
c0066	ss_between	450.37798261337645	emlRunAnovaAnalysis
c0066	ss_within	1360.4083867636054	emlRunAnovaAnalysis
c0066	ss_total	1810.7863693769818	emlRunAnovaAnalysis
c0066	ms_between	450.37798261337645	emlRunAnovaAnalysis
c0066	ms_within	29.574095364426206	emlRunAnovaAnalysis
c0066	posthoc_alto__soprano_padj	0.0003088228165246731	emlRunAnovaAnalysis
c0066	posthoc_alto__soprano_diff	-6.126295663050769	emlRunAnovaAnalysis
c0066	posthoc_alto__soprano_q	5.518840452577204	emlRunAnovaAnalysis
c0066	posthoc_alto__soprano_cohens_d	-1.1265285900537279	emlRunAnovaAnalysis
c0066	posthoc_alto__soprano_ci_low	-9.286290417981938	emlRunAnovaAnalysis
c0066	posthoc_alto__soprano_ci_high	-2.9663009081195995	emlRunAnovaAnalysis
c0067	f	38.388946070974654	emlRunAnovaAnalysis
c0067	df_between	4	emlRunAnovaAnalysis
c0067	df_within	45	emlRunAnovaAnalysis
c0067	p	5.751195695646285e-14	emlRunAnovaAnalysis
c0067	eta_squared	0.7733634395880494	emlRunAnovaAnalysis
c0067	n	50	emlRunAnovaAnalysis
c0067	ss_between	1142.9847619047619	emlRunAnovaAnalysis
c0067	ss_within	334.9552380952381	emlRunAnovaAnalysis
c0067	ss_total	1477.94	emlRunAnovaAnalysis
c0067	ms_between	285.74619047619046	emlRunAnovaAnalysis
c0067	ms_within	7.443449735449735	emlRunAnovaAnalysis
c0067	posthoc_welch__paired_cohens_d	-0.9467621366623015	emlRunAnovaAnalysis
c0067	posthoc_welch__corr_cohens_d	1.9411425885796207	emlRunAnovaAnalysis
c0067	posthoc_welch__perfect_cohens_d	3.640679257301507	emlRunAnovaAnalysis
c0067	posthoc_welch__mwu_cohens_d	3.3763886032268258	emlRunAnovaAnalysis
c0067	posthoc_paired__corr_cohens_d	3.0043639277189063	emlRunAnovaAnalysis
c0067	posthoc_paired__perfect_cohens_d	5.540916385036406	emlRunAnovaAnalysis
c0067	posthoc_paired__mwu_cohens_d	5.303958509195748	emlRunAnovaAnalysis
c0067	posthoc_corr__perfect_cohens_d	0.9215557470842439	emlRunAnovaAnalysis
c0067	posthoc_corr__mwu_cohens_d	0.9827358526596335	emlRunAnovaAnalysis
c0067	posthoc_perfect__mwu_cohens_d	0.3464101615137754	emlRunAnovaAnalysis
c0068	f	38.38894607097467	emlRunAnovaAnalysis
c0068	df_between	4	emlRunAnovaAnalysis
c0068	df_within	45	emlRunAnovaAnalysis
c0068	p	5.751195695646222e-14	emlRunAnovaAnalysis
c0068	eta_squared	0.7733634395880497	emlRunAnovaAnalysis
c0068	n	50	emlRunAnovaAnalysis
c0068	ss_between	1142.984761904762	emlRunAnovaAnalysis
c0068	ss_within	334.9552380952381	emlRunAnovaAnalysis
c0068	ss_total	1477.94	emlRunAnovaAnalysis
c0068	ms_between	285.7461904761905	emlRunAnovaAnalysis
c0068	ms_within	7.443449735449735	emlRunAnovaAnalysis
c0068	posthoc_corr__mwu_cohens_d	0.9827358526596335	emlRunAnovaAnalysis
c0068	posthoc_corr__paired_cohens_d	-3.0043639277189063	emlRunAnovaAnalysis
c0068	posthoc_corr__perfect_cohens_d	0.9215557470842439	emlRunAnovaAnalysis
c0068	posthoc_corr__welch_cohens_d	-1.9411425885796207	emlRunAnovaAnalysis
c0068	posthoc_mwu__paired_cohens_d	-5.303958509195748	emlRunAnovaAnalysis
c0068	posthoc_mwu__perfect_cohens_d	-0.3464101615137754	emlRunAnovaAnalysis
c0068	posthoc_mwu__welch_cohens_d	-3.3763886032268258	emlRunAnovaAnalysis
c0068	posthoc_paired__perfect_cohens_d	5.540916385036406	emlRunAnovaAnalysis
c0068	posthoc_paired__welch_cohens_d	0.9467621366623015	emlRunAnovaAnalysis
c0068	posthoc_perfect__welch_cohens_d	-3.640679257301507	emlRunAnovaAnalysis
c0069	f	38.388946070974654	emlRunAnovaAnalysis
c0069	df_between	4	emlRunAnovaAnalysis
c0069	df_within	45	emlRunAnovaAnalysis
c0069	p	5.751195695646285e-14	emlRunAnovaAnalysis
c0069	eta_squared	0.7733634395880494	emlRunAnovaAnalysis
c0069	n	50	emlRunAnovaAnalysis
c0069	ss_between	1142.9847619047619	emlRunAnovaAnalysis
c0069	ss_within	334.9552380952381	emlRunAnovaAnalysis
c0069	ss_total	1477.94	emlRunAnovaAnalysis
c0069	ms_between	285.74619047619046	emlRunAnovaAnalysis
c0069	ms_within	7.443449735449735	emlRunAnovaAnalysis
c0069	posthoc_welch__paired_padj	0.1694218916539496	emlRunAnovaAnalysis
c0069	posthoc_welch__paired_diff	-2.666666666666666	emlRunAnovaAnalysis
c0069	posthoc_welch__paired_q	3.22831484169387	emlRunAnovaAnalysis
c0069	posthoc_welch__paired_cohens_d	-0.9467621366623015	emlRunAnovaAnalysis
c0069	posthoc_welch__paired_ci_low	-5.985977028384909	emlRunAnovaAnalysis
c0069	posthoc_welch__paired_ci_high	0.652643695051577	emlRunAnovaAnalysis
c0069	posthoc_welch__corr_padj	8.64330575450404e-06	emlRunAnovaAnalysis
c0069	posthoc_welch__corr_diff	6.428571428571429	emlRunAnovaAnalysis
c0069	posthoc_welch__corr_q	8.04823666311085	emlRunAnovaAnalysis
c0069	posthoc_welch__corr_cohens_d	1.9411425885796207	emlRunAnovaAnalysis
c0069	posthoc_welch__corr_ci_low	3.2188396115314863	emlRunAnovaAnalysis
c0069	posthoc_welch__corr_ci_high	9.638303245611372	emlRunAnovaAnalysis
c0069	posthoc_welch__perfect_padj	2.7870803840915002e-08	emlRunAnovaAnalysis
c0069	posthoc_welch__perfect_diff	9	emlRunAnovaAnalysis
c0069	posthoc_welch__perfect_q	10.431706978608155	emlRunAnovaAnalysis
c0069	posthoc_welch__perfect_cohens_d	3.640679257301507	emlRunAnovaAnalysis
c0069	posthoc_welch__perfect_ci_low	5.533093397055772	emlRunAnovaAnalysis
c0069	posthoc_welch__perfect_ci_high	12.466906602944228	emlRunAnovaAnalysis
c0069	posthoc_welch__mwu_padj	4.467722368546262e-06	emlRunAnovaAnalysis
c0069	posthoc_welch__mwu_diff	9.5	emlRunAnovaAnalysis
c0069	posthoc_welch__mwu_q	8.323719776041097	emlRunAnovaAnalysis
c0069	posthoc_welch__mwu_cohens_d	3.3763886032268258	emlRunAnovaAnalysis
c0069	posthoc_welch__mwu_ci_low	4.913713654960913	emlRunAnovaAnalysis
c0069	posthoc_welch__mwu_ci_high	14.086286345039088	emlRunAnovaAnalysis
c0069	posthoc_paired__corr_padj	7.043506587102934e-10	emlRunAnovaAnalysis
c0069	posthoc_paired__corr_diff	9.095238095238095	emlRunAnovaAnalysis
c0069	posthoc_paired__corr_q	11.984223704644299	emlRunAnovaAnalysis
c0069	posthoc_paired__corr_cohens_d	3.0043639277189063	emlRunAnovaAnalysis
c0069	posthoc_paired__corr_ci_low	6.045523646114974	emlRunAnovaAnalysis
c0069	posthoc_paired__corr_ci_high	12.144952544361216	emlRunAnovaAnalysis
c0069	posthoc_paired__perfect_padj	5.383817236467153e-12	emlRunAnovaAnalysis
c0069	posthoc_paired__perfect_diff	11.666666666666666	emlRunAnovaAnalysis
c0069	posthoc_paired__perfect_q	14.123877432410683	emlRunAnovaAnalysis
c0069	posthoc_paired__perfect_cohens_d	5.540916385036406	emlRunAnovaAnalysis
c0069	posthoc_paired__perfect_ci_low	8.347356304948423	emlRunAnovaAnalysis
c0069	posthoc_paired__perfect_ci_high	14.985977028384909	emlRunAnovaAnalysis
c0069	posthoc_paired__mwu_padj	8.60782752163462e-09	emlRunAnovaAnalysis
c0069	posthoc_paired__mwu_diff	12.166666666666666	emlRunAnovaAnalysis
c0069	posthoc_paired__mwu_q	10.923457037957593	emlRunAnovaAnalysis
c0069	posthoc_paired__mwu_cohens_d	5.303958509195748	emlRunAnovaAnalysis
c0069	posthoc_paired__mwu_ci_low	7.690909487980159	emlRunAnovaAnalysis
c0069	posthoc_paired__mwu_ci_high	16.64242384535317	emlRunAnovaAnalysis
c0069	posthoc_corr__perfect_padj	0.17153412233908777	emlRunAnovaAnalysis
c0069	posthoc_corr__perfect_diff	2.571428571428571	emlRunAnovaAnalysis
c0069	posthoc_corr__perfect_q	3.21929466524434	emlRunAnovaAnalysis
c0069	posthoc_corr__perfect_cohens_d	0.9215557470842439	emlRunAnovaAnalysis
c0069	posthoc_corr__perfect_ci_low	-0.6383032456113713	emlRunAnovaAnalysis
c0069	posthoc_corr__perfect_ci_high	5.781160388468514	emlRunAnovaAnalysis
c0069	posthoc_corr__mwu_padj	0.2893964076945733	emlRunAnovaAnalysis
c0069	posthoc_corr__mwu_diff	3.071428571428571	emlRunAnovaAnalysis
c0069	posthoc_corr__mwu_q	2.808187156246141	emlRunAnovaAnalysis
c0069	posthoc_corr__mwu_cohens_d	0.9827358526596335	emlRunAnovaAnalysis
c0069	posthoc_corr__mwu_ci_low	-1.323677727908481	emlRunAnovaAnalysis
c0069	posthoc_corr__mwu_ci_high	7.466534870765623	emlRunAnovaAnalysis
c0069	posthoc_perfect__mwu_padj	0.9979241604003726	emlRunAnovaAnalysis
c0069	posthoc_perfect__mwu_diff	0.5	emlRunAnovaAnalysis
c0069	posthoc_perfect__mwu_q	0.43809051452847875	emlRunAnovaAnalysis
c0069	posthoc_perfect__mwu_cohens_d	0.3464101615137754	emlRunAnovaAnalysis
c0069	posthoc_perfect__mwu_ci_low	-4.086286345039087	emlRunAnovaAnalysis
c0069	posthoc_perfect__mwu_ci_high	5.086286345039087	emlRunAnovaAnalysis
c0070	f	38.38894607097467	emlRunAnovaAnalysis
c0070	df_between	4	emlRunAnovaAnalysis
c0070	df_within	45	emlRunAnovaAnalysis
c0070	p	5.751195695646222e-14	emlRunAnovaAnalysis
c0070	eta_squared	0.7733634395880497	emlRunAnovaAnalysis
c0070	n	50	emlRunAnovaAnalysis
c0070	ss_between	1142.984761904762	emlRunAnovaAnalysis
c0070	ss_within	334.9552380952381	emlRunAnovaAnalysis
c0070	ss_total	1477.94	emlRunAnovaAnalysis
c0070	ms_between	285.7461904761905	emlRunAnovaAnalysis
c0070	ms_within	7.443449735449735	emlRunAnovaAnalysis
c0070	posthoc_corr__mwu_padj	0.2893964076945733	emlRunAnovaAnalysis
c0070	posthoc_corr__mwu_diff	3.071428571428571	emlRunAnovaAnalysis
c0070	posthoc_corr__mwu_q	2.808187156246141	emlRunAnovaAnalysis
c0070	posthoc_corr__mwu_cohens_d	0.9827358526596335	emlRunAnovaAnalysis
c0070	posthoc_corr__mwu_ci_low	-1.323677727908481	emlRunAnovaAnalysis
c0070	posthoc_corr__mwu_ci_high	7.466534870765623	emlRunAnovaAnalysis
c0070	posthoc_corr__paired_padj	7.043506587102934e-10	emlRunAnovaAnalysis
c0070	posthoc_corr__paired_diff	-9.095238095238095	emlRunAnovaAnalysis
c0070	posthoc_corr__paired_q	11.984223704644299	emlRunAnovaAnalysis
c0070	posthoc_corr__paired_cohens_d	-3.0043639277189063	emlRunAnovaAnalysis
c0070	posthoc_corr__paired_ci_low	-12.144952544361216	emlRunAnovaAnalysis
c0070	posthoc_corr__paired_ci_high	-6.045523646114974	emlRunAnovaAnalysis
c0070	posthoc_corr__perfect_padj	0.17153412233908777	emlRunAnovaAnalysis
c0070	posthoc_corr__perfect_diff	2.571428571428571	emlRunAnovaAnalysis
c0070	posthoc_corr__perfect_q	3.21929466524434	emlRunAnovaAnalysis
c0070	posthoc_corr__perfect_cohens_d	0.9215557470842439	emlRunAnovaAnalysis
c0070	posthoc_corr__perfect_ci_low	-0.6383032456113713	emlRunAnovaAnalysis
c0070	posthoc_corr__perfect_ci_high	5.781160388468514	emlRunAnovaAnalysis
c0070	posthoc_corr__welch_padj	8.64330575450404e-06	emlRunAnovaAnalysis
c0070	posthoc_corr__welch_diff	-6.428571428571429	emlRunAnovaAnalysis
c0070	posthoc_corr__welch_q	8.04823666311085	emlRunAnovaAnalysis
c0070	posthoc_corr__welch_cohens_d	-1.9411425885796207	emlRunAnovaAnalysis
c0070	posthoc_corr__welch_ci_low	-9.638303245611372	emlRunAnovaAnalysis
c0070	posthoc_corr__welch_ci_high	-3.2188396115314863	emlRunAnovaAnalysis
c0070	posthoc_mwu__paired_padj	8.60782752163462e-09	emlRunAnovaAnalysis
c0070	posthoc_mwu__paired_diff	-12.166666666666666	emlRunAnovaAnalysis
c0070	posthoc_mwu__paired_q	10.923457037957593	emlRunAnovaAnalysis
c0070	posthoc_mwu__paired_cohens_d	-5.303958509195748	emlRunAnovaAnalysis
c0070	posthoc_mwu__paired_ci_low	-16.64242384535317	emlRunAnovaAnalysis
c0070	posthoc_mwu__paired_ci_high	-7.690909487980159	emlRunAnovaAnalysis
c0070	posthoc_mwu__perfect_padj	0.9979241604003726	emlRunAnovaAnalysis
c0070	posthoc_mwu__perfect_diff	-0.5	emlRunAnovaAnalysis
c0070	posthoc_mwu__perfect_q	0.43809051452847875	emlRunAnovaAnalysis
c0070	posthoc_mwu__perfect_cohens_d	-0.3464101615137754	emlRunAnovaAnalysis
c0070	posthoc_mwu__perfect_ci_low	-5.086286345039087	emlRunAnovaAnalysis
c0070	posthoc_mwu__perfect_ci_high	4.086286345039087	emlRunAnovaAnalysis
c0070	posthoc_mwu__welch_padj	4.467722368546262e-06	emlRunAnovaAnalysis
c0070	posthoc_mwu__welch_diff	-9.5	emlRunAnovaAnalysis
c0070	posthoc_mwu__welch_q	8.323719776041097	emlRunAnovaAnalysis
c0070	posthoc_mwu__welch_cohens_d	-3.3763886032268258	emlRunAnovaAnalysis
c0070	posthoc_mwu__welch_ci_low	-14.086286345039088	emlRunAnovaAnalysis
c0070	posthoc_mwu__welch_ci_high	-4.913713654960913	emlRunAnovaAnalysis
c0070	posthoc_paired__perfect_padj	5.383817236467153e-12	emlRunAnovaAnalysis
c0070	posthoc_paired__perfect_diff	11.666666666666666	emlRunAnovaAnalysis
c0070	posthoc_paired__perfect_q	14.123877432410683	emlRunAnovaAnalysis
c0070	posthoc_paired__perfect_cohens_d	5.540916385036406	emlRunAnovaAnalysis
c0070	posthoc_paired__perfect_ci_low	8.347356304948423	emlRunAnovaAnalysis
c0070	posthoc_paired__perfect_ci_high	14.985977028384909	emlRunAnovaAnalysis
c0070	posthoc_paired__welch_padj	0.1694218916539496	emlRunAnovaAnalysis
c0070	posthoc_paired__welch_diff	2.666666666666666	emlRunAnovaAnalysis
c0070	posthoc_paired__welch_q	3.22831484169387	emlRunAnovaAnalysis
c0070	posthoc_paired__welch_cohens_d	0.9467621366623015	emlRunAnovaAnalysis
c0070	posthoc_paired__welch_ci_low	-0.652643695051577	emlRunAnovaAnalysis
c0070	posthoc_paired__welch_ci_high	5.985977028384909	emlRunAnovaAnalysis
c0070	posthoc_perfect__welch_padj	2.7870803840915002e-08	emlRunAnovaAnalysis
c0070	posthoc_perfect__welch_diff	-9	emlRunAnovaAnalysis
c0070	posthoc_perfect__welch_q	10.431706978608155	emlRunAnovaAnalysis
c0070	posthoc_perfect__welch_cohens_d	-3.640679257301507	emlRunAnovaAnalysis
c0070	posthoc_perfect__welch_ci_low	-12.466906602944228	emlRunAnovaAnalysis
c0070	posthoc_perfect__welch_ci_high	-5.533093397055772	emlRunAnovaAnalysis
c0071	f	14.728126446993498	emlRunAnovaAnalysis
c0071	df_between	3	emlRunAnovaAnalysis
c0071	df_within	46	emlRunAnovaAnalysis
c0071	p	7.41164814323742e-07	emlRunAnovaAnalysis
c0071	eta_squared	0.48993384069232887	emlRunAnovaAnalysis
c0071	n	50	emlRunAnovaAnalysis
c0071	ss_between	724.0928205128206	emlRunAnovaAnalysis
c0071	ss_within	753.8471794871795	emlRunAnovaAnalysis
c0071	ss_total	1477.94	emlRunAnovaAnalysis
c0071	ms_between	241.36427350427354	emlRunAnovaAnalysis
c0071	ms_within	16.38798216276477	emlRunAnovaAnalysis
c0071	posthoc_a__b_cohens_d	-0.5394390836538024	emlRunAnovaAnalysis
c0071	posthoc_a__x_cohens_d	2.0610761375286857	emlRunAnovaAnalysis
c0071	posthoc_a__y_cohens_d	1.268115831078051	emlRunAnovaAnalysis
c0071	posthoc_b__x_cohens_d	2.3059576224150797	emlRunAnovaAnalysis
c0071	posthoc_b__y_cohens_d	1.6467342426622067	emlRunAnovaAnalysis
c0071	posthoc_x__y_cohens_d	-0.6243480233815981	emlRunAnovaAnalysis
c0072	f	14.728126446993498	emlRunAnovaAnalysis
c0072	df_between	3	emlRunAnovaAnalysis
c0072	df_within	46	emlRunAnovaAnalysis
c0072	p	7.41164814323742e-07	emlRunAnovaAnalysis
c0072	eta_squared	0.48993384069232887	emlRunAnovaAnalysis
c0072	n	50	emlRunAnovaAnalysis
c0072	ss_between	724.0928205128206	emlRunAnovaAnalysis
c0072	ss_within	753.8471794871795	emlRunAnovaAnalysis
c0072	ss_total	1477.94	emlRunAnovaAnalysis
c0072	ms_between	241.36427350427354	emlRunAnovaAnalysis
c0072	ms_within	16.38798216276477	emlRunAnovaAnalysis
c0072	posthoc_a__b_cohens_d	-0.5394390836538024	emlRunAnovaAnalysis
c0072	posthoc_a__x_cohens_d	2.0610761375286857	emlRunAnovaAnalysis
c0072	posthoc_a__y_cohens_d	1.268115831078051	emlRunAnovaAnalysis
c0072	posthoc_b__x_cohens_d	2.3059576224150797	emlRunAnovaAnalysis
c0072	posthoc_b__y_cohens_d	1.6467342426622067	emlRunAnovaAnalysis
c0072	posthoc_x__y_cohens_d	-0.6243480233815981	emlRunAnovaAnalysis
c0073	f	14.728126446993498	emlRunAnovaAnalysis
c0073	df_between	3	emlRunAnovaAnalysis
c0073	df_within	46	emlRunAnovaAnalysis
c0073	p	7.41164814323742e-07	emlRunAnovaAnalysis
c0073	eta_squared	0.48993384069232887	emlRunAnovaAnalysis
c0073	n	50	emlRunAnovaAnalysis
c0073	ss_between	724.0928205128206	emlRunAnovaAnalysis
c0073	ss_within	753.8471794871795	emlRunAnovaAnalysis
c0073	ss_total	1477.94	emlRunAnovaAnalysis
c0073	ms_between	241.36427350427354	emlRunAnovaAnalysis
c0073	ms_within	16.38798216276477	emlRunAnovaAnalysis
c0073	posthoc_a__b_padj	0.3630686497416108	emlRunAnovaAnalysis
c0073	posthoc_a__b_diff	-2.615384615384615	emlRunAnovaAnalysis
c0073	posthoc_a__b_q	2.3294022981250175	emlRunAnovaAnalysis
c0073	posthoc_a__b_cohens_d	-0.5394390836538024	emlRunAnovaAnalysis
c0073	posthoc_a__b_ci_low	-6.847759615571146	emlRunAnovaAnalysis
c0073	posthoc_a__b_ci_high	1.616990384801916	emlRunAnovaAnalysis
c0073	posthoc_a__x_padj	0.000591227774525938	emlRunAnovaAnalysis
c0073	posthoc_a__x_diff	6.878205128205128	emlRunAnovaAnalysis
c0073	posthoc_a__x_q	6.002327323241281	emlRunAnovaAnalysis
c0073	posthoc_a__x_cohens_d	2.0610761375286857	emlRunAnovaAnalysis
c0073	posthoc_a__x_ci_low	2.5585554821347696	emlRunAnovaAnalysis
c0073	posthoc_a__x_ci_high	11.197854774275486	emlRunAnovaAnalysis
c0073	posthoc_a__y_padj	0.016221804938765107	emlRunAnovaAnalysis
c0073	posthoc_a__y_diff	5.044871794871795	emlRunAnovaAnalysis
c0073	posthoc_a__y_q	4.40245256606793	emlRunAnovaAnalysis
c0073	posthoc_a__y_cohens_d	1.268115831078051	emlRunAnovaAnalysis
c0073	posthoc_a__y_ci_low	0.7252221488014365	emlRunAnovaAnalysis
c0073	posthoc_a__y_ci_high	9.364521440942152	emlRunAnovaAnalysis
c0073	posthoc_b__x_padj	2.773739439113271e-06	emlRunAnovaAnalysis
c0073	posthoc_b__x_diff	9.493589743589743	emlRunAnovaAnalysis
c0073	posthoc_b__x_q	8.284666137670397	emlRunAnovaAnalysis
c0073	posthoc_b__x_cohens_d	2.3059576224150797	emlRunAnovaAnalysis
c0073	posthoc_b__x_ci_low	5.1739400975193846	emlRunAnovaAnalysis
c0073	posthoc_b__x_ci_high	13.813239389660101	emlRunAnovaAnalysis
c0073	posthoc_b__y_padj	0.0001252509041392703	emlRunAnovaAnalysis
c0073	posthoc_b__y_diff	7.66025641025641	emlRunAnovaAnalysis
c0073	posthoc_b__y_q	6.684791380497046	emlRunAnovaAnalysis
c0073	posthoc_b__y_cohens_d	1.6467342426622067	emlRunAnovaAnalysis
c0073	posthoc_b__y_ci_low	3.3406067641860515	emlRunAnovaAnalysis
c0073	posthoc_b__y_ci_high	11.979906056326769	emlRunAnovaAnalysis
c0073	posthoc_x__y_padj	0.6856897778530677	emlRunAnovaAnalysis
c0073	posthoc_x__y_diff	-1.8333333333333335	emlRunAnovaAnalysis
c0073	posthoc_x__y_q	1.5688062704098924	emlRunAnovaAnalysis
c0073	posthoc_x__y_cohens_d	-0.6243480233815981	emlRunAnovaAnalysis
c0073	posthoc_x__y_ci_low	-6.238528900772717	emlRunAnovaAnalysis
c0073	posthoc_x__y_ci_high	2.571862234106051	emlRunAnovaAnalysis
c0074	f	14.728126446993498	emlRunAnovaAnalysis
c0074	df_between	3	emlRunAnovaAnalysis
c0074	df_within	46	emlRunAnovaAnalysis
c0074	p	7.41164814323742e-07	emlRunAnovaAnalysis
c0074	eta_squared	0.48993384069232887	emlRunAnovaAnalysis
c0074	n	50	emlRunAnovaAnalysis
c0074	ss_between	724.0928205128206	emlRunAnovaAnalysis
c0074	ss_within	753.8471794871795	emlRunAnovaAnalysis
c0074	ss_total	1477.94	emlRunAnovaAnalysis
c0074	ms_between	241.36427350427354	emlRunAnovaAnalysis
c0074	ms_within	16.38798216276477	emlRunAnovaAnalysis
c0074	posthoc_a__b_padj	0.3630686497416108	emlRunAnovaAnalysis
c0074	posthoc_a__b_diff	-2.615384615384615	emlRunAnovaAnalysis
c0074	posthoc_a__b_q	2.3294022981250175	emlRunAnovaAnalysis
c0074	posthoc_a__b_cohens_d	-0.5394390836538024	emlRunAnovaAnalysis
c0074	posthoc_a__b_ci_low	-6.847759615571146	emlRunAnovaAnalysis
c0074	posthoc_a__b_ci_high	1.616990384801916	emlRunAnovaAnalysis
c0074	posthoc_a__x_padj	0.000591227774525938	emlRunAnovaAnalysis
c0074	posthoc_a__x_diff	6.878205128205128	emlRunAnovaAnalysis
c0074	posthoc_a__x_q	6.002327323241281	emlRunAnovaAnalysis
c0074	posthoc_a__x_cohens_d	2.0610761375286857	emlRunAnovaAnalysis
c0074	posthoc_a__x_ci_low	2.5585554821347696	emlRunAnovaAnalysis
c0074	posthoc_a__x_ci_high	11.197854774275486	emlRunAnovaAnalysis
c0074	posthoc_a__y_padj	0.016221804938765107	emlRunAnovaAnalysis
c0074	posthoc_a__y_diff	5.044871794871795	emlRunAnovaAnalysis
c0074	posthoc_a__y_q	4.40245256606793	emlRunAnovaAnalysis
c0074	posthoc_a__y_cohens_d	1.268115831078051	emlRunAnovaAnalysis
c0074	posthoc_a__y_ci_low	0.7252221488014365	emlRunAnovaAnalysis
c0074	posthoc_a__y_ci_high	9.364521440942152	emlRunAnovaAnalysis
c0074	posthoc_b__x_padj	2.773739439113271e-06	emlRunAnovaAnalysis
c0074	posthoc_b__x_diff	9.493589743589743	emlRunAnovaAnalysis
c0074	posthoc_b__x_q	8.284666137670397	emlRunAnovaAnalysis
c0074	posthoc_b__x_cohens_d	2.3059576224150797	emlRunAnovaAnalysis
c0074	posthoc_b__x_ci_low	5.1739400975193846	emlRunAnovaAnalysis
c0074	posthoc_b__x_ci_high	13.813239389660101	emlRunAnovaAnalysis
c0074	posthoc_b__y_padj	0.0001252509041392703	emlRunAnovaAnalysis
c0074	posthoc_b__y_diff	7.66025641025641	emlRunAnovaAnalysis
c0074	posthoc_b__y_q	6.684791380497046	emlRunAnovaAnalysis
c0074	posthoc_b__y_cohens_d	1.6467342426622067	emlRunAnovaAnalysis
c0074	posthoc_b__y_ci_low	3.3406067641860515	emlRunAnovaAnalysis
c0074	posthoc_b__y_ci_high	11.979906056326769	emlRunAnovaAnalysis
c0074	posthoc_x__y_padj	0.6856897778530677	emlRunAnovaAnalysis
c0074	posthoc_x__y_diff	-1.8333333333333335	emlRunAnovaAnalysis
c0074	posthoc_x__y_q	1.5688062704098924	emlRunAnovaAnalysis
c0074	posthoc_x__y_cohens_d	-0.6243480233815981	emlRunAnovaAnalysis
c0074	posthoc_x__y_ci_low	-6.238528900772717	emlRunAnovaAnalysis
c0074	posthoc_x__y_ci_high	2.571862234106051	emlRunAnovaAnalysis
c0076	h	22.764830917874377	emlRunKruskalWallisAnalysis
c0076	df	2	emlRunKruskalWallisAnalysis
c0076	p	1.139409340804031e-05	emlRunKruskalWallisAnalysis
c0076	epsilon_squared	0.5173825208607813	emlRunKruskalWallisAnalysis
c0076	n	45	emlRunKruskalWallisAnalysis
c0077	h	22.764830917874377	emlRunKruskalWallisAnalysis
c0077	df	2	emlRunKruskalWallisAnalysis
c0077	p	1.139409340804031e-05	emlRunKruskalWallisAnalysis
c0077	epsilon_squared	0.5173825208607813	emlRunKruskalWallisAnalysis
c0077	n	45	emlRunKruskalWallisAnalysis
c0077	posthoc_soprano__mezzo_padj	0.0011183146713231703	emlRunKruskalWallisAnalysis
c0077	posthoc_soprano__mezzo_z	3.5586459999074087	emlRunKruskalWallisAnalysis
c0077	posthoc_soprano__mezzo_rank_biserial	0.8577777777777778	emlRunKruskalWallisAnalysis
c0077	posthoc_soprano__mezzo_p	0.00037277155710772344	emlRunKruskalWallisAnalysis
c0077	posthoc_soprano__alto_padj	1.7552168909034326e-05	emlRunKruskalWallisAnalysis
c0077	posthoc_soprano__alto_z	4.531713265507092	emlRunKruskalWallisAnalysis
c0077	posthoc_soprano__alto_rank_biserial	0.8666666666666667	emlRunKruskalWallisAnalysis
c0077	posthoc_soprano__alto_p	5.850722969678109e-06	emlRunKruskalWallisAnalysis
c0077	posthoc_mezzo__alto_padj	0.9915596156265037	emlRunKruskalWallisAnalysis
c0077	posthoc_mezzo__alto_z	0.9730672655996826	emlRunKruskalWallisAnalysis
c0077	posthoc_mezzo__alto_rank_biserial	0.30666666666666664	emlRunKruskalWallisAnalysis
c0077	posthoc_mezzo__alto_p	0.33051987187550125	emlRunKruskalWallisAnalysis
c0078	h	22.764830917874377	emlRunKruskalWallisAnalysis
c0078	df	2	emlRunKruskalWallisAnalysis
c0078	p	1.139409340804031e-05	emlRunKruskalWallisAnalysis
c0078	epsilon_squared	0.5173825208607813	emlRunKruskalWallisAnalysis
c0078	n	45	emlRunKruskalWallisAnalysis
c0078	posthoc_soprano__mezzo_padj	0.0007455431142154469	emlRunKruskalWallisAnalysis
c0078	posthoc_soprano__mezzo_z	3.5586459999074087	emlRunKruskalWallisAnalysis
c0078	posthoc_soprano__mezzo_rank_biserial	0.8577777777777778	emlRunKruskalWallisAnalysis
c0078	posthoc_soprano__mezzo_p	0.00037277155710772344	emlRunKruskalWallisAnalysis
c0078	posthoc_soprano__alto_padj	1.7552168909034326e-05	emlRunKruskalWallisAnalysis
c0078	posthoc_soprano__alto_z	4.531713265507092	emlRunKruskalWallisAnalysis
c0078	posthoc_soprano__alto_rank_biserial	0.8666666666666667	emlRunKruskalWallisAnalysis
c0078	posthoc_soprano__alto_p	5.850722969678109e-06	emlRunKruskalWallisAnalysis
c0078	posthoc_mezzo__alto_padj	0.33051987187550125	emlRunKruskalWallisAnalysis
c0078	posthoc_mezzo__alto_z	0.9730672655996826	emlRunKruskalWallisAnalysis
c0078	posthoc_mezzo__alto_rank_biserial	0.30666666666666664	emlRunKruskalWallisAnalysis
c0078	posthoc_mezzo__alto_p	0.33051987187550125	emlRunKruskalWallisAnalysis
c0079	h	22.764830917874377	emlRunKruskalWallisAnalysis
c0079	df	2	emlRunKruskalWallisAnalysis
c0079	p	1.139409340804031e-05	emlRunKruskalWallisAnalysis
c0079	epsilon_squared	0.5173825208607813	emlRunKruskalWallisAnalysis
c0079	n	45	emlRunKruskalWallisAnalysis
c0079	posthoc_soprano__mezzo_padj	0.0005591573356615851	emlRunKruskalWallisAnalysis
c0079	posthoc_soprano__mezzo_z	3.5586459999074087	emlRunKruskalWallisAnalysis
c0079	posthoc_soprano__mezzo_rank_biserial	0.8577777777777778	emlRunKruskalWallisAnalysis
c0079	posthoc_soprano__mezzo_p	0.00037277155710772344	emlRunKruskalWallisAnalysis
c0079	posthoc_soprano__alto_padj	1.7552168909034326e-05	emlRunKruskalWallisAnalysis
c0079	posthoc_soprano__alto_z	4.531713265507092	emlRunKruskalWallisAnalysis
c0079	posthoc_soprano__alto_rank_biserial	0.8666666666666667	emlRunKruskalWallisAnalysis
c0079	posthoc_soprano__alto_p	5.850722969678109e-06	emlRunKruskalWallisAnalysis
c0079	posthoc_mezzo__alto_padj	0.33051987187550125	emlRunKruskalWallisAnalysis
c0079	posthoc_mezzo__alto_z	0.9730672655996826	emlRunKruskalWallisAnalysis
c0079	posthoc_mezzo__alto_rank_biserial	0.30666666666666664	emlRunKruskalWallisAnalysis
c0079	posthoc_mezzo__alto_p	0.33051987187550125	emlRunKruskalWallisAnalysis
c0080	h	22.764830917874406	emlRunKruskalWallisAnalysis
c0080	df	2	emlRunKruskalWallisAnalysis
c0080	p	1.1394093408040152e-05	emlRunKruskalWallisAnalysis
c0080	epsilon_squared	0.517382520860782	emlRunKruskalWallisAnalysis
c0080	n	45	emlRunKruskalWallisAnalysis
c0081	h	22.764830917874406	emlRunKruskalWallisAnalysis
c0081	df	2	emlRunKruskalWallisAnalysis
c0081	p	1.1394093408040152e-05	emlRunKruskalWallisAnalysis
c0081	epsilon_squared	0.517382520860782	emlRunKruskalWallisAnalysis
c0081	n	45	emlRunKruskalWallisAnalysis
c0081	posthoc_alto__mezzo_padj	0.9915596156265037	emlRunKruskalWallisAnalysis
c0081	posthoc_alto__mezzo_z	-0.9730672655996826	emlRunKruskalWallisAnalysis
c0081	posthoc_alto__mezzo_rank_biserial	-0.30666666666666664	emlRunKruskalWallisAnalysis
c0081	posthoc_alto__mezzo_p	0.33051987187550125	emlRunKruskalWallisAnalysis
c0081	posthoc_alto__soprano_padj	1.7552168909034326e-05	emlRunKruskalWallisAnalysis
c0081	posthoc_alto__soprano_z	-4.531713265507092	emlRunKruskalWallisAnalysis
c0081	posthoc_alto__soprano_rank_biserial	-0.8666666666666667	emlRunKruskalWallisAnalysis
c0081	posthoc_alto__soprano_p	5.850722969678109e-06	emlRunKruskalWallisAnalysis
c0081	posthoc_mezzo__soprano_padj	0.0011183146713231703	emlRunKruskalWallisAnalysis
c0081	posthoc_mezzo__soprano_z	-3.5586459999074087	emlRunKruskalWallisAnalysis
c0081	posthoc_mezzo__soprano_rank_biserial	-0.8577777777777778	emlRunKruskalWallisAnalysis
c0081	posthoc_mezzo__soprano_p	0.00037277155710772344	emlRunKruskalWallisAnalysis
c0082	h	22.764830917874406	emlRunKruskalWallisAnalysis
c0082	df	2	emlRunKruskalWallisAnalysis
c0082	p	1.1394093408040152e-05	emlRunKruskalWallisAnalysis
c0082	epsilon_squared	0.517382520860782	emlRunKruskalWallisAnalysis
c0082	n	45	emlRunKruskalWallisAnalysis
c0082	posthoc_alto__mezzo_padj	0.33051987187550125	emlRunKruskalWallisAnalysis
c0082	posthoc_alto__mezzo_z	-0.9730672655996826	emlRunKruskalWallisAnalysis
c0082	posthoc_alto__mezzo_rank_biserial	-0.30666666666666664	emlRunKruskalWallisAnalysis
c0082	posthoc_alto__mezzo_p	0.33051987187550125	emlRunKruskalWallisAnalysis
c0082	posthoc_alto__soprano_padj	1.7552168909034326e-05	emlRunKruskalWallisAnalysis
c0082	posthoc_alto__soprano_z	-4.531713265507092	emlRunKruskalWallisAnalysis
c0082	posthoc_alto__soprano_rank_biserial	-0.8666666666666667	emlRunKruskalWallisAnalysis
c0082	posthoc_alto__soprano_p	5.850722969678109e-06	emlRunKruskalWallisAnalysis
c0082	posthoc_mezzo__soprano_padj	0.0007455431142154469	emlRunKruskalWallisAnalysis
c0082	posthoc_mezzo__soprano_z	-3.5586459999074087	emlRunKruskalWallisAnalysis
c0082	posthoc_mezzo__soprano_rank_biserial	-0.8577777777777778	emlRunKruskalWallisAnalysis
c0082	posthoc_mezzo__soprano_p	0.00037277155710772344	emlRunKruskalWallisAnalysis
c0083	h	22.764830917874406	emlRunKruskalWallisAnalysis
c0083	df	2	emlRunKruskalWallisAnalysis
c0083	p	1.1394093408040152e-05	emlRunKruskalWallisAnalysis
c0083	epsilon_squared	0.517382520860782	emlRunKruskalWallisAnalysis
c0083	n	45	emlRunKruskalWallisAnalysis
c0083	posthoc_alto__mezzo_padj	0.33051987187550125	emlRunKruskalWallisAnalysis
c0083	posthoc_alto__mezzo_z	-0.9730672655996826	emlRunKruskalWallisAnalysis
c0083	posthoc_alto__mezzo_rank_biserial	-0.30666666666666664	emlRunKruskalWallisAnalysis
c0083	posthoc_alto__mezzo_p	0.33051987187550125	emlRunKruskalWallisAnalysis
c0083	posthoc_alto__soprano_padj	1.7552168909034326e-05	emlRunKruskalWallisAnalysis
c0083	posthoc_alto__soprano_z	-4.531713265507092	emlRunKruskalWallisAnalysis
c0083	posthoc_alto__soprano_rank_biserial	-0.8666666666666667	emlRunKruskalWallisAnalysis
c0083	posthoc_alto__soprano_p	5.850722969678109e-06	emlRunKruskalWallisAnalysis
c0083	posthoc_mezzo__soprano_padj	0.0005591573356615851	emlRunKruskalWallisAnalysis
c0083	posthoc_mezzo__soprano_z	-3.5586459999074087	emlRunKruskalWallisAnalysis
c0083	posthoc_mezzo__soprano_rank_biserial	-0.8577777777777778	emlRunKruskalWallisAnalysis
c0083	posthoc_mezzo__soprano_p	0.00037277155710772344	emlRunKruskalWallisAnalysis
c0084	h	6.0065700483091575	emlRunKruskalWallisAnalysis
c0084	df	2	emlRunKruskalWallisAnalysis
c0084	p	0.049623784987451965	emlRunKruskalWallisAnalysis
c0084	epsilon_squared	0.13651295564338994	emlRunKruskalWallisAnalysis
c0084	n	45	emlRunKruskalWallisAnalysis
c0085	h	6.0065700483091575	emlRunKruskalWallisAnalysis
c0085	df	2	emlRunKruskalWallisAnalysis
c0085	p	0.049623784987451965	emlRunKruskalWallisAnalysis
c0085	epsilon_squared	0.13651295564338994	emlRunKruskalWallisAnalysis
c0085	n	45	emlRunKruskalWallisAnalysis
c0085	posthoc_soprano__mezzo_padj	0.8163830445766329	emlRunKruskalWallisAnalysis
c0085	posthoc_soprano__mezzo_z	1.0981759140339278	emlRunKruskalWallisAnalysis
c0085	posthoc_soprano__mezzo_rank_biserial	0.13777777777777778	emlRunKruskalWallisAnalysis
c0085	posthoc_soprano__mezzo_p	0.2721276815255443	emlRunKruskalWallisAnalysis
c0085	posthoc_soprano__alto_padj	0.04326694158273954	emlRunKruskalWallisAnalysis
c0085	posthoc_soprano__alto_z	2.446569124936344	emlRunKruskalWallisAnalysis
c0085	posthoc_soprano__alto_rank_biserial	0.6177777777777778	emlRunKruskalWallisAnalysis
c0085	posthoc_soprano__alto_p	0.01442231386091318	emlRunKruskalWallisAnalysis
c0085	posthoc_mezzo__alto_padj	0.5325958392579394	emlRunKruskalWallisAnalysis
c0085	posthoc_mezzo__alto_z	1.3483932109024166	emlRunKruskalWallisAnalysis
c0085	posthoc_mezzo__alto_rank_biserial	0.19111111111111112	emlRunKruskalWallisAnalysis
c0085	posthoc_mezzo__alto_p	0.17753194641931314	emlRunKruskalWallisAnalysis
c0086	h	6.0065700483091575	emlRunKruskalWallisAnalysis
c0086	df	2	emlRunKruskalWallisAnalysis
c0086	p	0.049623784987451965	emlRunKruskalWallisAnalysis
c0086	epsilon_squared	0.13651295564338994	emlRunKruskalWallisAnalysis
c0086	n	45	emlRunKruskalWallisAnalysis
c0086	posthoc_soprano__mezzo_padj	0.35506389283862627	emlRunKruskalWallisAnalysis
c0086	posthoc_soprano__mezzo_z	1.0981759140339278	emlRunKruskalWallisAnalysis
c0086	posthoc_soprano__mezzo_rank_biserial	0.13777777777777778	emlRunKruskalWallisAnalysis
c0086	posthoc_soprano__mezzo_p	0.2721276815255443	emlRunKruskalWallisAnalysis
c0086	posthoc_soprano__alto_padj	0.04326694158273954	emlRunKruskalWallisAnalysis
c0086	posthoc_soprano__alto_z	2.446569124936344	emlRunKruskalWallisAnalysis
c0086	posthoc_soprano__alto_rank_biserial	0.6177777777777778	emlRunKruskalWallisAnalysis
c0086	posthoc_soprano__alto_p	0.01442231386091318	emlRunKruskalWallisAnalysis
c0086	posthoc_mezzo__alto_padj	0.35506389283862627	emlRunKruskalWallisAnalysis
c0086	posthoc_mezzo__alto_z	1.3483932109024166	emlRunKruskalWallisAnalysis
c0086	posthoc_mezzo__alto_rank_biserial	0.19111111111111112	emlRunKruskalWallisAnalysis
c0086	posthoc_mezzo__alto_p	0.17753194641931314	emlRunKruskalWallisAnalysis
c0087	h	6.0065700483091575	emlRunKruskalWallisAnalysis
c0087	df	2	emlRunKruskalWallisAnalysis
c0087	p	0.049623784987451965	emlRunKruskalWallisAnalysis
c0087	epsilon_squared	0.13651295564338994	emlRunKruskalWallisAnalysis
c0087	n	45	emlRunKruskalWallisAnalysis
c0087	posthoc_soprano__mezzo_padj	0.2721276815255443	emlRunKruskalWallisAnalysis
c0087	posthoc_soprano__mezzo_z	1.0981759140339278	emlRunKruskalWallisAnalysis
c0087	posthoc_soprano__mezzo_rank_biserial	0.13777777777777778	emlRunKruskalWallisAnalysis
c0087	posthoc_soprano__mezzo_p	0.2721276815255443	emlRunKruskalWallisAnalysis
c0087	posthoc_soprano__alto_padj	0.04326694158273954	emlRunKruskalWallisAnalysis
c0087	posthoc_soprano__alto_z	2.446569124936344	emlRunKruskalWallisAnalysis
c0087	posthoc_soprano__alto_rank_biserial	0.6177777777777778	emlRunKruskalWallisAnalysis
c0087	posthoc_soprano__alto_p	0.01442231386091318	emlRunKruskalWallisAnalysis
c0087	posthoc_mezzo__alto_padj	0.2662979196289697	emlRunKruskalWallisAnalysis
c0087	posthoc_mezzo__alto_z	1.3483932109024166	emlRunKruskalWallisAnalysis
c0087	posthoc_mezzo__alto_rank_biserial	0.19111111111111112	emlRunKruskalWallisAnalysis
c0087	posthoc_mezzo__alto_p	0.17753194641931314	emlRunKruskalWallisAnalysis
c0088	h	6.0065700483091575	emlRunKruskalWallisAnalysis
c0088	df	2	emlRunKruskalWallisAnalysis
c0088	p	0.049623784987451965	emlRunKruskalWallisAnalysis
c0088	epsilon_squared	0.13651295564338994	emlRunKruskalWallisAnalysis
c0088	n	45	emlRunKruskalWallisAnalysis
c0089	h	6.0065700483091575	emlRunKruskalWallisAnalysis
c0089	df	2	emlRunKruskalWallisAnalysis
c0089	p	0.049623784987451965	emlRunKruskalWallisAnalysis
c0089	epsilon_squared	0.13651295564338994	emlRunKruskalWallisAnalysis
c0089	n	45	emlRunKruskalWallisAnalysis
c0089	posthoc_alto__mezzo_padj	0.5325958392579394	emlRunKruskalWallisAnalysis
c0089	posthoc_alto__mezzo_z	-1.3483932109024166	emlRunKruskalWallisAnalysis
c0089	posthoc_alto__mezzo_rank_biserial	-0.19111111111111112	emlRunKruskalWallisAnalysis
c0089	posthoc_alto__mezzo_p	0.17753194641931314	emlRunKruskalWallisAnalysis
c0089	posthoc_alto__soprano_padj	0.04326694158273954	emlRunKruskalWallisAnalysis
c0089	posthoc_alto__soprano_z	-2.446569124936344	emlRunKruskalWallisAnalysis
c0089	posthoc_alto__soprano_rank_biserial	-0.6177777777777778	emlRunKruskalWallisAnalysis
c0089	posthoc_alto__soprano_p	0.01442231386091318	emlRunKruskalWallisAnalysis
c0089	posthoc_mezzo__soprano_padj	0.8163830445766329	emlRunKruskalWallisAnalysis
c0089	posthoc_mezzo__soprano_z	-1.0981759140339278	emlRunKruskalWallisAnalysis
c0089	posthoc_mezzo__soprano_rank_biserial	-0.13777777777777778	emlRunKruskalWallisAnalysis
c0089	posthoc_mezzo__soprano_p	0.2721276815255443	emlRunKruskalWallisAnalysis
c0090	h	6.0065700483091575	emlRunKruskalWallisAnalysis
c0090	df	2	emlRunKruskalWallisAnalysis
c0090	p	0.049623784987451965	emlRunKruskalWallisAnalysis
c0090	epsilon_squared	0.13651295564338994	emlRunKruskalWallisAnalysis
c0090	n	45	emlRunKruskalWallisAnalysis
c0090	posthoc_alto__mezzo_padj	0.35506389283862627	emlRunKruskalWallisAnalysis
c0090	posthoc_alto__mezzo_z	-1.3483932109024166	emlRunKruskalWallisAnalysis
c0090	posthoc_alto__mezzo_rank_biserial	-0.19111111111111112	emlRunKruskalWallisAnalysis
c0090	posthoc_alto__mezzo_p	0.17753194641931314	emlRunKruskalWallisAnalysis
c0090	posthoc_alto__soprano_padj	0.04326694158273954	emlRunKruskalWallisAnalysis
c0090	posthoc_alto__soprano_z	-2.446569124936344	emlRunKruskalWallisAnalysis
c0090	posthoc_alto__soprano_rank_biserial	-0.6177777777777778	emlRunKruskalWallisAnalysis
c0090	posthoc_alto__soprano_p	0.01442231386091318	emlRunKruskalWallisAnalysis
c0090	posthoc_mezzo__soprano_padj	0.35506389283862627	emlRunKruskalWallisAnalysis
c0090	posthoc_mezzo__soprano_z	-1.0981759140339278	emlRunKruskalWallisAnalysis
c0090	posthoc_mezzo__soprano_rank_biserial	-0.13777777777777778	emlRunKruskalWallisAnalysis
c0090	posthoc_mezzo__soprano_p	0.2721276815255443	emlRunKruskalWallisAnalysis
c0091	h	6.0065700483091575	emlRunKruskalWallisAnalysis
c0091	df	2	emlRunKruskalWallisAnalysis
c0091	p	0.049623784987451965	emlRunKruskalWallisAnalysis
c0091	epsilon_squared	0.13651295564338994	emlRunKruskalWallisAnalysis
c0091	n	45	emlRunKruskalWallisAnalysis
c0091	posthoc_alto__mezzo_padj	0.2662979196289697	emlRunKruskalWallisAnalysis
c0091	posthoc_alto__mezzo_z	-1.3483932109024166	emlRunKruskalWallisAnalysis
c0091	posthoc_alto__mezzo_rank_biserial	-0.19111111111111112	emlRunKruskalWallisAnalysis
c0091	posthoc_alto__mezzo_p	0.17753194641931314	emlRunKruskalWallisAnalysis
c0091	posthoc_alto__soprano_padj	0.04326694158273954	emlRunKruskalWallisAnalysis
c0091	posthoc_alto__soprano_z	-2.446569124936344	emlRunKruskalWallisAnalysis
c0091	posthoc_alto__soprano_rank_biserial	-0.6177777777777778	emlRunKruskalWallisAnalysis
c0091	posthoc_alto__soprano_p	0.01442231386091318	emlRunKruskalWallisAnalysis
c0091	posthoc_mezzo__soprano_padj	0.2721276815255443	emlRunKruskalWallisAnalysis
c0091	posthoc_mezzo__soprano_z	-1.0981759140339278	emlRunKruskalWallisAnalysis
c0091	posthoc_mezzo__soprano_rank_biserial	-0.13777777777777778	emlRunKruskalWallisAnalysis
c0091	posthoc_mezzo__soprano_p	0.2721276815255443	emlRunKruskalWallisAnalysis
c0092	h	19.33294685990336	emlRunKruskalWallisAnalysis
c0092	df	2	emlRunKruskalWallisAnalysis
c0092	p	6.337295087229487e-05	emlRunKruskalWallisAnalysis
c0092	epsilon_squared	0.43938515590689453	emlRunKruskalWallisAnalysis
c0092	n	45	emlRunKruskalWallisAnalysis
c0093	h	19.33294685990336	emlRunKruskalWallisAnalysis
c0093	df	2	emlRunKruskalWallisAnalysis
c0093	p	6.337295087229487e-05	emlRunKruskalWallisAnalysis
c0093	epsilon_squared	0.43938515590689453	emlRunKruskalWallisAnalysis
c0093	n	45	emlRunKruskalWallisAnalysis
c0093	posthoc_soprano__mezzo_padj	0.12720986673501603	emlRunKruskalWallisAnalysis
c0093	posthoc_soprano__mezzo_z	2.029540296822194	emlRunKruskalWallisAnalysis
c0093	posthoc_soprano__mezzo_rank_biserial	0.47555555555555556	emlRunKruskalWallisAnalysis
c0093	posthoc_soprano__mezzo_p	0.042403288911672006	emlRunKruskalWallisAnalysis
c0093	posthoc_soprano__alto_padj	3.3584903352032604e-05	emlRunKruskalWallisAnalysis
c0093	posthoc_soprano__alto_z	4.3927036561357085	emlRunKruskalWallisAnalysis
c0093	posthoc_soprano__alto_rank_biserial	0.8933333333333333	emlRunKruskalWallisAnalysis
c0093	posthoc_soprano__alto_p	1.1194967784010869e-05	emlRunKruskalWallisAnalysis
c0093	posthoc_mezzo__alto_padj	0.05435904138029881	emlRunKruskalWallisAnalysis
c0093	posthoc_mezzo__alto_z	2.3631633593135146	emlRunKruskalWallisAnalysis
c0093	posthoc_mezzo__alto_rank_biserial	0.5466666666666666	emlRunKruskalWallisAnalysis
c0093	posthoc_mezzo__alto_p	0.018119680460099603	emlRunKruskalWallisAnalysis
c0094	h	19.33294685990336	emlRunKruskalWallisAnalysis
c0094	df	2	emlRunKruskalWallisAnalysis
c0094	p	6.337295087229487e-05	emlRunKruskalWallisAnalysis
c0094	epsilon_squared	0.43938515590689453	emlRunKruskalWallisAnalysis
c0094	n	45	emlRunKruskalWallisAnalysis
c0094	posthoc_soprano__mezzo_padj	0.042403288911672006	emlRunKruskalWallisAnalysis
c0094	posthoc_soprano__mezzo_z	2.029540296822194	emlRunKruskalWallisAnalysis
c0094	posthoc_soprano__mezzo_rank_biserial	0.47555555555555556	emlRunKruskalWallisAnalysis
c0094	posthoc_soprano__mezzo_p	0.042403288911672006	emlRunKruskalWallisAnalysis
c0094	posthoc_soprano__alto_padj	3.3584903352032604e-05	emlRunKruskalWallisAnalysis
c0094	posthoc_soprano__alto_z	4.3927036561357085	emlRunKruskalWallisAnalysis
c0094	posthoc_soprano__alto_rank_biserial	0.8933333333333333	emlRunKruskalWallisAnalysis
c0094	posthoc_soprano__alto_p	1.1194967784010869e-05	emlRunKruskalWallisAnalysis
c0094	posthoc_mezzo__alto_padj	0.03623936092019921	emlRunKruskalWallisAnalysis
c0094	posthoc_mezzo__alto_z	2.3631633593135146	emlRunKruskalWallisAnalysis
c0094	posthoc_mezzo__alto_rank_biserial	0.5466666666666666	emlRunKruskalWallisAnalysis
c0094	posthoc_mezzo__alto_p	0.018119680460099603	emlRunKruskalWallisAnalysis
c0095	h	19.33294685990336	emlRunKruskalWallisAnalysis
c0095	df	2	emlRunKruskalWallisAnalysis
c0095	p	6.337295087229487e-05	emlRunKruskalWallisAnalysis
c0095	epsilon_squared	0.43938515590689453	emlRunKruskalWallisAnalysis
c0095	n	45	emlRunKruskalWallisAnalysis
c0095	posthoc_soprano__mezzo_padj	0.042403288911672006	emlRunKruskalWallisAnalysis
c0095	posthoc_soprano__mezzo_z	2.029540296822194	emlRunKruskalWallisAnalysis
c0095	posthoc_soprano__mezzo_rank_biserial	0.47555555555555556	emlRunKruskalWallisAnalysis
c0095	posthoc_soprano__mezzo_p	0.042403288911672006	emlRunKruskalWallisAnalysis
c0095	posthoc_soprano__alto_padj	3.3584903352032604e-05	emlRunKruskalWallisAnalysis
c0095	posthoc_soprano__alto_z	4.3927036561357085	emlRunKruskalWallisAnalysis
c0095	posthoc_soprano__alto_rank_biserial	0.8933333333333333	emlRunKruskalWallisAnalysis
c0095	posthoc_soprano__alto_p	1.1194967784010869e-05	emlRunKruskalWallisAnalysis
c0095	posthoc_mezzo__alto_padj	0.027179520690149405	emlRunKruskalWallisAnalysis
c0095	posthoc_mezzo__alto_z	2.3631633593135146	emlRunKruskalWallisAnalysis
c0095	posthoc_mezzo__alto_rank_biserial	0.5466666666666666	emlRunKruskalWallisAnalysis
c0095	posthoc_mezzo__alto_p	0.018119680460099603	emlRunKruskalWallisAnalysis
c0096	h	19.332946859903387	emlRunKruskalWallisAnalysis
c0096	df	2	emlRunKruskalWallisAnalysis
c0096	p	6.337295087229394e-05	emlRunKruskalWallisAnalysis
c0096	epsilon_squared	0.43938515590689514	emlRunKruskalWallisAnalysis
c0096	n	45	emlRunKruskalWallisAnalysis
c0097	h	19.332946859903387	emlRunKruskalWallisAnalysis
c0097	df	2	emlRunKruskalWallisAnalysis
c0097	p	6.337295087229394e-05	emlRunKruskalWallisAnalysis
c0097	epsilon_squared	0.43938515590689514	emlRunKruskalWallisAnalysis
c0097	n	45	emlRunKruskalWallisAnalysis
c0097	posthoc_alto__mezzo_padj	0.05435904138029881	emlRunKruskalWallisAnalysis
c0097	posthoc_alto__mezzo_z	-2.3631633593135146	emlRunKruskalWallisAnalysis
c0097	posthoc_alto__mezzo_rank_biserial	-0.5466666666666666	emlRunKruskalWallisAnalysis
c0097	posthoc_alto__mezzo_p	0.018119680460099603	emlRunKruskalWallisAnalysis
c0097	posthoc_alto__soprano_padj	3.3584903352032604e-05	emlRunKruskalWallisAnalysis
c0097	posthoc_alto__soprano_z	-4.3927036561357085	emlRunKruskalWallisAnalysis
c0097	posthoc_alto__soprano_rank_biserial	-0.8933333333333333	emlRunKruskalWallisAnalysis
c0097	posthoc_alto__soprano_p	1.1194967784010869e-05	emlRunKruskalWallisAnalysis
c0097	posthoc_mezzo__soprano_padj	0.12720986673501603	emlRunKruskalWallisAnalysis
c0097	posthoc_mezzo__soprano_z	-2.029540296822194	emlRunKruskalWallisAnalysis
c0097	posthoc_mezzo__soprano_rank_biserial	-0.47555555555555556	emlRunKruskalWallisAnalysis
c0097	posthoc_mezzo__soprano_p	0.042403288911672006	emlRunKruskalWallisAnalysis
c0098	h	19.332946859903387	emlRunKruskalWallisAnalysis
c0098	df	2	emlRunKruskalWallisAnalysis
c0098	p	6.337295087229394e-05	emlRunKruskalWallisAnalysis
c0098	epsilon_squared	0.43938515590689514	emlRunKruskalWallisAnalysis
c0098	n	45	emlRunKruskalWallisAnalysis
c0098	posthoc_alto__mezzo_padj	0.03623936092019921	emlRunKruskalWallisAnalysis
c0098	posthoc_alto__mezzo_z	-2.3631633593135146	emlRunKruskalWallisAnalysis
c0098	posthoc_alto__mezzo_rank_biserial	-0.5466666666666666	emlRunKruskalWallisAnalysis
c0098	posthoc_alto__mezzo_p	0.018119680460099603	emlRunKruskalWallisAnalysis
c0098	posthoc_alto__soprano_padj	3.3584903352032604e-05	emlRunKruskalWallisAnalysis
c0098	posthoc_alto__soprano_z	-4.3927036561357085	emlRunKruskalWallisAnalysis
c0098	posthoc_alto__soprano_rank_biserial	-0.8933333333333333	emlRunKruskalWallisAnalysis
c0098	posthoc_alto__soprano_p	1.1194967784010869e-05	emlRunKruskalWallisAnalysis
c0098	posthoc_mezzo__soprano_padj	0.042403288911672006	emlRunKruskalWallisAnalysis
c0098	posthoc_mezzo__soprano_z	-2.029540296822194	emlRunKruskalWallisAnalysis
c0098	posthoc_mezzo__soprano_rank_biserial	-0.47555555555555556	emlRunKruskalWallisAnalysis
c0098	posthoc_mezzo__soprano_p	0.042403288911672006	emlRunKruskalWallisAnalysis
c0099	h	19.332946859903387	emlRunKruskalWallisAnalysis
c0099	df	2	emlRunKruskalWallisAnalysis
c0099	p	6.337295087229394e-05	emlRunKruskalWallisAnalysis
c0099	epsilon_squared	0.43938515590689514	emlRunKruskalWallisAnalysis
c0099	n	45	emlRunKruskalWallisAnalysis
c0099	posthoc_alto__mezzo_padj	0.027179520690149405	emlRunKruskalWallisAnalysis
c0099	posthoc_alto__mezzo_z	-2.3631633593135146	emlRunKruskalWallisAnalysis
c0099	posthoc_alto__mezzo_rank_biserial	-0.5466666666666666	emlRunKruskalWallisAnalysis
c0099	posthoc_alto__mezzo_p	0.018119680460099603	emlRunKruskalWallisAnalysis
c0099	posthoc_alto__soprano_padj	3.3584903352032604e-05	emlRunKruskalWallisAnalysis
c0099	posthoc_alto__soprano_z	-4.3927036561357085	emlRunKruskalWallisAnalysis
c0099	posthoc_alto__soprano_rank_biserial	-0.8933333333333333	emlRunKruskalWallisAnalysis
c0099	posthoc_alto__soprano_p	1.1194967784010869e-05	emlRunKruskalWallisAnalysis
c0099	posthoc_mezzo__soprano_padj	0.042403288911672006	emlRunKruskalWallisAnalysis
c0099	posthoc_mezzo__soprano_z	-2.029540296822194	emlRunKruskalWallisAnalysis
c0099	posthoc_mezzo__soprano_rank_biserial	-0.47555555555555556	emlRunKruskalWallisAnalysis
c0099	posthoc_mezzo__soprano_p	0.042403288911672006	emlRunKruskalWallisAnalysis
c0100	h	9.908405797101466	emlRunKruskalWallisAnalysis
c0100	df	2	emlRunKruskalWallisAnalysis
c0100	p	0.007053700554304141	emlRunKruskalWallisAnalysis
c0100	epsilon_squared	0.22519104084321515	emlRunKruskalWallisAnalysis
c0100	n	45	emlRunKruskalWallisAnalysis
c0101	h	9.908405797101466	emlRunKruskalWallisAnalysis
c0101	df	2	emlRunKruskalWallisAnalysis
c0101	p	0.007053700554304141	emlRunKruskalWallisAnalysis
c0101	epsilon_squared	0.22519104084321515	emlRunKruskalWallisAnalysis
c0101	n	45	emlRunKruskalWallisAnalysis
c0101	posthoc_soprano__mezzo_padj	1	emlRunKruskalWallisAnalysis
c0101	posthoc_soprano__mezzo_z	0.33362306249131923	emlRunKruskalWallisAnalysis
c0101	posthoc_soprano__mezzo_rank_biserial	0.04888888888888889	emlRunKruskalWallisAnalysis
c0101	posthoc_soprano__mezzo_p	0.7386640130762098	emlRunKruskalWallisAnalysis
c0101	posthoc_soprano__alto_padj	0.012025238700269229	emlRunKruskalWallisAnalysis
c0101	posthoc_soprano__alto_z	2.877498913987632	emlRunKruskalWallisAnalysis
c0101	posthoc_soprano__alto_rank_biserial	0.6355555555555555	emlRunKruskalWallisAnalysis
c0101	posthoc_soprano__alto_p	0.004008412900089743	emlRunKruskalWallisAnalysis
c0101	posthoc_mezzo__alto_padj	0.03288901252094425	emlRunKruskalWallisAnalysis
c0101	posthoc_mezzo__alto_z	2.5438758514963125	emlRunKruskalWallisAnalysis
c0101	posthoc_mezzo__alto_rank_biserial	0.52	emlRunKruskalWallisAnalysis
c0101	posthoc_mezzo__alto_p	0.010963004173648082	emlRunKruskalWallisAnalysis
c0102	h	9.908405797101466	emlRunKruskalWallisAnalysis
c0102	df	2	emlRunKruskalWallisAnalysis
c0102	p	0.007053700554304141	emlRunKruskalWallisAnalysis
c0102	epsilon_squared	0.22519104084321515	emlRunKruskalWallisAnalysis
c0102	n	45	emlRunKruskalWallisAnalysis
c0102	posthoc_soprano__mezzo_padj	0.7386640130762098	emlRunKruskalWallisAnalysis
c0102	posthoc_soprano__mezzo_z	0.33362306249131923	emlRunKruskalWallisAnalysis
c0102	posthoc_soprano__mezzo_rank_biserial	0.04888888888888889	emlRunKruskalWallisAnalysis
c0102	posthoc_soprano__mezzo_p	0.7386640130762098	emlRunKruskalWallisAnalysis
c0102	posthoc_soprano__alto_padj	0.012025238700269229	emlRunKruskalWallisAnalysis
c0102	posthoc_soprano__alto_z	2.877498913987632	emlRunKruskalWallisAnalysis
c0102	posthoc_soprano__alto_rank_biserial	0.6355555555555555	emlRunKruskalWallisAnalysis
c0102	posthoc_soprano__alto_p	0.004008412900089743	emlRunKruskalWallisAnalysis
c0102	posthoc_mezzo__alto_padj	0.021926008347296164	emlRunKruskalWallisAnalysis
c0102	posthoc_mezzo__alto_z	2.5438758514963125	emlRunKruskalWallisAnalysis
c0102	posthoc_mezzo__alto_rank_biserial	0.52	emlRunKruskalWallisAnalysis
c0102	posthoc_mezzo__alto_p	0.010963004173648082	emlRunKruskalWallisAnalysis
c0103	h	9.908405797101466	emlRunKruskalWallisAnalysis
c0103	df	2	emlRunKruskalWallisAnalysis
c0103	p	0.007053700554304141	emlRunKruskalWallisAnalysis
c0103	epsilon_squared	0.22519104084321515	emlRunKruskalWallisAnalysis
c0103	n	45	emlRunKruskalWallisAnalysis
c0103	posthoc_soprano__mezzo_padj	0.7386640130762098	emlRunKruskalWallisAnalysis
c0103	posthoc_soprano__mezzo_z	0.33362306249131923	emlRunKruskalWallisAnalysis
c0103	posthoc_soprano__mezzo_rank_biserial	0.04888888888888889	emlRunKruskalWallisAnalysis
c0103	posthoc_soprano__mezzo_p	0.7386640130762098	emlRunKruskalWallisAnalysis
c0103	posthoc_soprano__alto_padj	0.012025238700269229	emlRunKruskalWallisAnalysis
c0103	posthoc_soprano__alto_z	2.877498913987632	emlRunKruskalWallisAnalysis
c0103	posthoc_soprano__alto_rank_biserial	0.6355555555555555	emlRunKruskalWallisAnalysis
c0103	posthoc_soprano__alto_p	0.004008412900089743	emlRunKruskalWallisAnalysis
c0103	posthoc_mezzo__alto_padj	0.016444506260472124	emlRunKruskalWallisAnalysis
c0103	posthoc_mezzo__alto_z	2.5438758514963125	emlRunKruskalWallisAnalysis
c0103	posthoc_mezzo__alto_rank_biserial	0.52	emlRunKruskalWallisAnalysis
c0103	posthoc_mezzo__alto_p	0.010963004173648082	emlRunKruskalWallisAnalysis
c0104	h	9.908405797101437	emlRunKruskalWallisAnalysis
c0104	df	2	emlRunKruskalWallisAnalysis
c0104	p	0.0070537005543042436	emlRunKruskalWallisAnalysis
c0104	epsilon_squared	0.22519104084321448	emlRunKruskalWallisAnalysis
c0104	n	45	emlRunKruskalWallisAnalysis
c0105	h	9.908405797101437	emlRunKruskalWallisAnalysis
c0105	df	2	emlRunKruskalWallisAnalysis
c0105	p	0.0070537005543042436	emlRunKruskalWallisAnalysis
c0105	epsilon_squared	0.22519104084321448	emlRunKruskalWallisAnalysis
c0105	n	45	emlRunKruskalWallisAnalysis
c0105	posthoc_alto__mezzo_padj	0.03288901252094425	emlRunKruskalWallisAnalysis
c0105	posthoc_alto__mezzo_z	-2.5438758514963125	emlRunKruskalWallisAnalysis
c0105	posthoc_alto__mezzo_rank_biserial	-0.52	emlRunKruskalWallisAnalysis
c0105	posthoc_alto__mezzo_p	0.010963004173648082	emlRunKruskalWallisAnalysis
c0105	posthoc_alto__soprano_padj	0.012025238700269229	emlRunKruskalWallisAnalysis
c0105	posthoc_alto__soprano_z	-2.877498913987632	emlRunKruskalWallisAnalysis
c0105	posthoc_alto__soprano_rank_biserial	-0.6355555555555555	emlRunKruskalWallisAnalysis
c0105	posthoc_alto__soprano_p	0.004008412900089743	emlRunKruskalWallisAnalysis
c0105	posthoc_mezzo__soprano_padj	1	emlRunKruskalWallisAnalysis
c0105	posthoc_mezzo__soprano_z	-0.33362306249131923	emlRunKruskalWallisAnalysis
c0105	posthoc_mezzo__soprano_rank_biserial	-0.04888888888888889	emlRunKruskalWallisAnalysis
c0105	posthoc_mezzo__soprano_p	0.7386640130762098	emlRunKruskalWallisAnalysis
c0106	h	9.908405797101437	emlRunKruskalWallisAnalysis
c0106	df	2	emlRunKruskalWallisAnalysis
c0106	p	0.0070537005543042436	emlRunKruskalWallisAnalysis
c0106	epsilon_squared	0.22519104084321448	emlRunKruskalWallisAnalysis
c0106	n	45	emlRunKruskalWallisAnalysis
c0106	posthoc_alto__mezzo_padj	0.021926008347296164	emlRunKruskalWallisAnalysis
c0106	posthoc_alto__mezzo_z	-2.5438758514963125	emlRunKruskalWallisAnalysis
c0106	posthoc_alto__mezzo_rank_biserial	-0.52	emlRunKruskalWallisAnalysis
c0106	posthoc_alto__mezzo_p	0.010963004173648082	emlRunKruskalWallisAnalysis
c0106	posthoc_alto__soprano_padj	0.012025238700269229	emlRunKruskalWallisAnalysis
c0106	posthoc_alto__soprano_z	-2.877498913987632	emlRunKruskalWallisAnalysis
c0106	posthoc_alto__soprano_rank_biserial	-0.6355555555555555	emlRunKruskalWallisAnalysis
c0106	posthoc_alto__soprano_p	0.004008412900089743	emlRunKruskalWallisAnalysis
c0106	posthoc_mezzo__soprano_padj	0.7386640130762098	emlRunKruskalWallisAnalysis
c0106	posthoc_mezzo__soprano_z	-0.33362306249131923	emlRunKruskalWallisAnalysis
c0106	posthoc_mezzo__soprano_rank_biserial	-0.04888888888888889	emlRunKruskalWallisAnalysis
c0106	posthoc_mezzo__soprano_p	0.7386640130762098	emlRunKruskalWallisAnalysis
c0107	h	9.908405797101437	emlRunKruskalWallisAnalysis
c0107	df	2	emlRunKruskalWallisAnalysis
c0107	p	0.0070537005543042436	emlRunKruskalWallisAnalysis
c0107	epsilon_squared	0.22519104084321448	emlRunKruskalWallisAnalysis
c0107	n	45	emlRunKruskalWallisAnalysis
c0107	posthoc_alto__mezzo_padj	0.016444506260472124	emlRunKruskalWallisAnalysis
c0107	posthoc_alto__mezzo_z	-2.5438758514963125	emlRunKruskalWallisAnalysis
c0107	posthoc_alto__mezzo_rank_biserial	-0.52	emlRunKruskalWallisAnalysis
c0107	posthoc_alto__mezzo_p	0.010963004173648082	emlRunKruskalWallisAnalysis
c0107	posthoc_alto__soprano_padj	0.012025238700269229	emlRunKruskalWallisAnalysis
c0107	posthoc_alto__soprano_z	-2.877498913987632	emlRunKruskalWallisAnalysis
c0107	posthoc_alto__soprano_rank_biserial	-0.6355555555555555	emlRunKruskalWallisAnalysis
c0107	posthoc_alto__soprano_p	0.004008412900089743	emlRunKruskalWallisAnalysis
c0107	posthoc_mezzo__soprano_padj	0.7386640130762098	emlRunKruskalWallisAnalysis
c0107	posthoc_mezzo__soprano_z	-0.33362306249131923	emlRunKruskalWallisAnalysis
c0107	posthoc_mezzo__soprano_rank_biserial	-0.04888888888888889	emlRunKruskalWallisAnalysis
c0107	posthoc_mezzo__soprano_p	0.7386640130762098	emlRunKruskalWallisAnalysis
c0108	h	18.617971014492753	emlRunKruskalWallisAnalysis
c0108	df	2	emlRunKruskalWallisAnalysis
c0108	p	9.060641812012781e-05	emlRunKruskalWallisAnalysis
c0108	epsilon_squared	0.42313570487483526	emlRunKruskalWallisAnalysis
c0108	n	45	emlRunKruskalWallisAnalysis
c0109	h	18.617971014492753	emlRunKruskalWallisAnalysis
c0109	df	2	emlRunKruskalWallisAnalysis
c0109	p	9.060641812012781e-05	emlRunKruskalWallisAnalysis
c0109	epsilon_squared	0.42313570487483526	emlRunKruskalWallisAnalysis
c0109	n	45	emlRunKruskalWallisAnalysis
c0109	posthoc_soprano__mezzo_padj	0.006996430363924881	emlRunKruskalWallisAnalysis
c0109	posthoc_soprano__mezzo_z	3.0443104452332914	emlRunKruskalWallisAnalysis
c0109	posthoc_soprano__mezzo_rank_biserial	0.6622222222222223	emlRunKruskalWallisAnalysis
c0109	posthoc_soprano__mezzo_p	0.002332143454641627	emlRunKruskalWallisAnalysis
c0109	posthoc_soprano__alto_padj	9.126436964201621e-05	emlRunKruskalWallisAnalysis
c0109	posthoc_soprano__alto_z	4.170288281141495	emlRunKruskalWallisAnalysis
c0109	posthoc_soprano__alto_rank_biserial	0.8755555555555555	emlRunKruskalWallisAnalysis
c0109	posthoc_soprano__alto_p	3.0421456547338738e-05	emlRunKruskalWallisAnalysis
c0109	posthoc_mezzo__alto_padj	0.7805247029506444	emlRunKruskalWallisAnalysis
c0109	posthoc_mezzo__alto_z	1.125977835908204	emlRunKruskalWallisAnalysis
c0109	posthoc_mezzo__alto_rank_biserial	0.25333333333333335	emlRunKruskalWallisAnalysis
c0109	posthoc_mezzo__alto_p	0.2601749009835481	emlRunKruskalWallisAnalysis
c0110	h	18.617971014492753	emlRunKruskalWallisAnalysis
c0110	df	2	emlRunKruskalWallisAnalysis
c0110	p	9.060641812012781e-05	emlRunKruskalWallisAnalysis
c0110	epsilon_squared	0.42313570487483526	emlRunKruskalWallisAnalysis
c0110	n	45	emlRunKruskalWallisAnalysis
c0110	posthoc_soprano__mezzo_padj	0.004664286909283254	emlRunKruskalWallisAnalysis
c0110	posthoc_soprano__mezzo_z	3.0443104452332914	emlRunKruskalWallisAnalysis
c0110	posthoc_soprano__mezzo_rank_biserial	0.6622222222222223	emlRunKruskalWallisAnalysis
c0110	posthoc_soprano__mezzo_p	0.002332143454641627	emlRunKruskalWallisAnalysis
c0110	posthoc_soprano__alto_padj	9.126436964201621e-05	emlRunKruskalWallisAnalysis
c0110	posthoc_soprano__alto_z	4.170288281141495	emlRunKruskalWallisAnalysis
c0110	posthoc_soprano__alto_rank_biserial	0.8755555555555555	emlRunKruskalWallisAnalysis
c0110	posthoc_soprano__alto_p	3.0421456547338738e-05	emlRunKruskalWallisAnalysis
c0110	posthoc_mezzo__alto_padj	0.2601749009835481	emlRunKruskalWallisAnalysis
c0110	posthoc_mezzo__alto_z	1.125977835908204	emlRunKruskalWallisAnalysis
c0110	posthoc_mezzo__alto_rank_biserial	0.25333333333333335	emlRunKruskalWallisAnalysis
c0110	posthoc_mezzo__alto_p	0.2601749009835481	emlRunKruskalWallisAnalysis
c0111	h	18.617971014492753	emlRunKruskalWallisAnalysis
c0111	df	2	emlRunKruskalWallisAnalysis
c0111	p	9.060641812012781e-05	emlRunKruskalWallisAnalysis
c0111	epsilon_squared	0.42313570487483526	emlRunKruskalWallisAnalysis
c0111	n	45	emlRunKruskalWallisAnalysis
c0111	posthoc_soprano__mezzo_padj	0.0034982151819624406	emlRunKruskalWallisAnalysis
c0111	posthoc_soprano__mezzo_z	3.0443104452332914	emlRunKruskalWallisAnalysis
c0111	posthoc_soprano__mezzo_rank_biserial	0.6622222222222223	emlRunKruskalWallisAnalysis
c0111	posthoc_soprano__mezzo_p	0.002332143454641627	emlRunKruskalWallisAnalysis
c0111	posthoc_soprano__alto_padj	9.126436964201621e-05	emlRunKruskalWallisAnalysis
c0111	posthoc_soprano__alto_z	4.170288281141495	emlRunKruskalWallisAnalysis
c0111	posthoc_soprano__alto_rank_biserial	0.8755555555555555	emlRunKruskalWallisAnalysis
c0111	posthoc_soprano__alto_p	3.0421456547338738e-05	emlRunKruskalWallisAnalysis
c0111	posthoc_mezzo__alto_padj	0.2601749009835481	emlRunKruskalWallisAnalysis
c0111	posthoc_mezzo__alto_z	1.125977835908204	emlRunKruskalWallisAnalysis
c0111	posthoc_mezzo__alto_rank_biserial	0.25333333333333335	emlRunKruskalWallisAnalysis
c0111	posthoc_mezzo__alto_p	0.2601749009835481	emlRunKruskalWallisAnalysis
c0112	h	18.617971014492753	emlRunKruskalWallisAnalysis
c0112	df	2	emlRunKruskalWallisAnalysis
c0112	p	9.060641812012781e-05	emlRunKruskalWallisAnalysis
c0112	epsilon_squared	0.42313570487483526	emlRunKruskalWallisAnalysis
c0112	n	45	emlRunKruskalWallisAnalysis
c0113	h	18.617971014492753	emlRunKruskalWallisAnalysis
c0113	df	2	emlRunKruskalWallisAnalysis
c0113	p	9.060641812012781e-05	emlRunKruskalWallisAnalysis
c0113	epsilon_squared	0.42313570487483526	emlRunKruskalWallisAnalysis
c0113	n	45	emlRunKruskalWallisAnalysis
c0113	posthoc_alto__mezzo_padj	0.7805247029506444	emlRunKruskalWallisAnalysis
c0113	posthoc_alto__mezzo_z	-1.125977835908204	emlRunKruskalWallisAnalysis
c0113	posthoc_alto__mezzo_rank_biserial	-0.25333333333333335	emlRunKruskalWallisAnalysis
c0113	posthoc_alto__mezzo_p	0.2601749009835481	emlRunKruskalWallisAnalysis
c0113	posthoc_alto__soprano_padj	9.126436964201621e-05	emlRunKruskalWallisAnalysis
c0113	posthoc_alto__soprano_z	-4.170288281141495	emlRunKruskalWallisAnalysis
c0113	posthoc_alto__soprano_rank_biserial	-0.8755555555555555	emlRunKruskalWallisAnalysis
c0113	posthoc_alto__soprano_p	3.0421456547338738e-05	emlRunKruskalWallisAnalysis
c0113	posthoc_mezzo__soprano_padj	0.006996430363924881	emlRunKruskalWallisAnalysis
c0113	posthoc_mezzo__soprano_z	-3.0443104452332914	emlRunKruskalWallisAnalysis
c0113	posthoc_mezzo__soprano_rank_biserial	-0.6622222222222223	emlRunKruskalWallisAnalysis
c0113	posthoc_mezzo__soprano_p	0.002332143454641627	emlRunKruskalWallisAnalysis
c0114	h	18.617971014492753	emlRunKruskalWallisAnalysis
c0114	df	2	emlRunKruskalWallisAnalysis
c0114	p	9.060641812012781e-05	emlRunKruskalWallisAnalysis
c0114	epsilon_squared	0.42313570487483526	emlRunKruskalWallisAnalysis
c0114	n	45	emlRunKruskalWallisAnalysis
c0114	posthoc_alto__mezzo_padj	0.2601749009835481	emlRunKruskalWallisAnalysis
c0114	posthoc_alto__mezzo_z	-1.125977835908204	emlRunKruskalWallisAnalysis
c0114	posthoc_alto__mezzo_rank_biserial	-0.25333333333333335	emlRunKruskalWallisAnalysis
c0114	posthoc_alto__mezzo_p	0.2601749009835481	emlRunKruskalWallisAnalysis
c0114	posthoc_alto__soprano_padj	9.126436964201621e-05	emlRunKruskalWallisAnalysis
c0114	posthoc_alto__soprano_z	-4.170288281141495	emlRunKruskalWallisAnalysis
c0114	posthoc_alto__soprano_rank_biserial	-0.8755555555555555	emlRunKruskalWallisAnalysis
c0114	posthoc_alto__soprano_p	3.0421456547338738e-05	emlRunKruskalWallisAnalysis
c0114	posthoc_mezzo__soprano_padj	0.004664286909283254	emlRunKruskalWallisAnalysis
c0114	posthoc_mezzo__soprano_z	-3.0443104452332914	emlRunKruskalWallisAnalysis
c0114	posthoc_mezzo__soprano_rank_biserial	-0.6622222222222223	emlRunKruskalWallisAnalysis
c0114	posthoc_mezzo__soprano_p	0.002332143454641627	emlRunKruskalWallisAnalysis
c0115	h	18.617971014492753	emlRunKruskalWallisAnalysis
c0115	df	2	emlRunKruskalWallisAnalysis
c0115	p	9.060641812012781e-05	emlRunKruskalWallisAnalysis
c0115	epsilon_squared	0.42313570487483526	emlRunKruskalWallisAnalysis
c0115	n	45	emlRunKruskalWallisAnalysis
c0115	posthoc_alto__mezzo_padj	0.2601749009835481	emlRunKruskalWallisAnalysis
c0115	posthoc_alto__mezzo_z	-1.125977835908204	emlRunKruskalWallisAnalysis
c0115	posthoc_alto__mezzo_rank_biserial	-0.25333333333333335	emlRunKruskalWallisAnalysis
c0115	posthoc_alto__mezzo_p	0.2601749009835481	emlRunKruskalWallisAnalysis
c0115	posthoc_alto__soprano_padj	9.126436964201621e-05	emlRunKruskalWallisAnalysis
c0115	posthoc_alto__soprano_z	-4.170288281141495	emlRunKruskalWallisAnalysis
c0115	posthoc_alto__soprano_rank_biserial	-0.8755555555555555	emlRunKruskalWallisAnalysis
c0115	posthoc_alto__soprano_p	3.0421456547338738e-05	emlRunKruskalWallisAnalysis
c0115	posthoc_mezzo__soprano_padj	0.0034982151819624406	emlRunKruskalWallisAnalysis
c0115	posthoc_mezzo__soprano_z	-3.0443104452332914	emlRunKruskalWallisAnalysis
c0115	posthoc_mezzo__soprano_rank_biserial	-0.6622222222222223	emlRunKruskalWallisAnalysis
c0115	posthoc_mezzo__soprano_p	0.002332143454641627	emlRunKruskalWallisAnalysis
c0116	h	3.088695652173925	emlRunKruskalWallisAnalysis
c0116	df	2	emlRunKruskalWallisAnalysis
c0116	p	0.21345103303458712	emlRunKruskalWallisAnalysis
c0116	epsilon_squared	0.07019762845849829	emlRunKruskalWallisAnalysis
c0116	n	45	emlRunKruskalWallisAnalysis
c0117	h	3.088695652173925	emlRunKruskalWallisAnalysis
c0117	df	2	emlRunKruskalWallisAnalysis
c0117	p	0.21345103303458712	emlRunKruskalWallisAnalysis
c0117	epsilon_squared	0.07019762845849829	emlRunKruskalWallisAnalysis
c0117	n	45	emlRunKruskalWallisAnalysis
c0117	posthoc_soprano__mezzo_padj	1	emlRunKruskalWallisAnalysis
c0117	posthoc_soprano__mezzo_z	0.7506518906054696	emlRunKruskalWallisAnalysis
c0117	posthoc_soprano__mezzo_rank_biserial	0.16444444444444445	emlRunKruskalWallisAnalysis
c0117	posthoc_soprano__mezzo_p	0.45286218341877005	emlRunKruskalWallisAnalysis
c0117	posthoc_soprano__alto_padj	0.23956858132054923	emlRunKruskalWallisAnalysis
c0117	posthoc_soprano__alto_z	1.751521078079428	emlRunKruskalWallisAnalysis
c0117	posthoc_soprano__alto_rank_biserial	0.3688888888888889	emlRunKruskalWallisAnalysis
c0117	posthoc_soprano__alto_p	0.07985619377351641	emlRunKruskalWallisAnalysis
c0117	posthoc_mezzo__alto_padj	0.9506701644688852	emlRunKruskalWallisAnalysis
c0117	posthoc_mezzo__alto_z	1.0008691874739584	emlRunKruskalWallisAnalysis
c0117	posthoc_mezzo__alto_rank_biserial	0.21777777777777776	emlRunKruskalWallisAnalysis
c0117	posthoc_mezzo__alto_p	0.31689005482296173	emlRunKruskalWallisAnalysis
c0118	h	3.088695652173925	emlRunKruskalWallisAnalysis
c0118	df	2	emlRunKruskalWallisAnalysis
c0118	p	0.21345103303458712	emlRunKruskalWallisAnalysis
c0118	epsilon_squared	0.07019762845849829	emlRunKruskalWallisAnalysis
c0118	n	45	emlRunKruskalWallisAnalysis
c0118	posthoc_soprano__mezzo_padj	0.6337801096459235	emlRunKruskalWallisAnalysis
c0118	posthoc_soprano__mezzo_z	0.7506518906054696	emlRunKruskalWallisAnalysis
c0118	posthoc_soprano__mezzo_rank_biserial	0.16444444444444445	emlRunKruskalWallisAnalysis
c0118	posthoc_soprano__mezzo_p	0.45286218341877005	emlRunKruskalWallisAnalysis
c0118	posthoc_soprano__alto_padj	0.23956858132054923	emlRunKruskalWallisAnalysis
c0118	posthoc_soprano__alto_z	1.751521078079428	emlRunKruskalWallisAnalysis
c0118	posthoc_soprano__alto_rank_biserial	0.3688888888888889	emlRunKruskalWallisAnalysis
c0118	posthoc_soprano__alto_p	0.07985619377351641	emlRunKruskalWallisAnalysis
c0118	posthoc_mezzo__alto_padj	0.6337801096459235	emlRunKruskalWallisAnalysis
c0118	posthoc_mezzo__alto_z	1.0008691874739584	emlRunKruskalWallisAnalysis
c0118	posthoc_mezzo__alto_rank_biserial	0.21777777777777776	emlRunKruskalWallisAnalysis
c0118	posthoc_mezzo__alto_p	0.31689005482296173	emlRunKruskalWallisAnalysis
c0119	h	3.088695652173925	emlRunKruskalWallisAnalysis
c0119	df	2	emlRunKruskalWallisAnalysis
c0119	p	0.21345103303458712	emlRunKruskalWallisAnalysis
c0119	epsilon_squared	0.07019762845849829	emlRunKruskalWallisAnalysis
c0119	n	45	emlRunKruskalWallisAnalysis
c0119	posthoc_soprano__mezzo_padj	0.45286218341877005	emlRunKruskalWallisAnalysis
c0119	posthoc_soprano__mezzo_z	0.7506518906054696	emlRunKruskalWallisAnalysis
c0119	posthoc_soprano__mezzo_rank_biserial	0.16444444444444445	emlRunKruskalWallisAnalysis
c0119	posthoc_soprano__mezzo_p	0.45286218341877005	emlRunKruskalWallisAnalysis
c0119	posthoc_soprano__alto_padj	0.23956858132054923	emlRunKruskalWallisAnalysis
c0119	posthoc_soprano__alto_z	1.751521078079428	emlRunKruskalWallisAnalysis
c0119	posthoc_soprano__alto_rank_biserial	0.3688888888888889	emlRunKruskalWallisAnalysis
c0119	posthoc_soprano__alto_p	0.07985619377351641	emlRunKruskalWallisAnalysis
c0119	posthoc_mezzo__alto_padj	0.45286218341877005	emlRunKruskalWallisAnalysis
c0119	posthoc_mezzo__alto_z	1.0008691874739584	emlRunKruskalWallisAnalysis
c0119	posthoc_mezzo__alto_rank_biserial	0.21777777777777776	emlRunKruskalWallisAnalysis
c0119	posthoc_mezzo__alto_p	0.31689005482296173	emlRunKruskalWallisAnalysis
c0120	h	3.0886956521738966	emlRunKruskalWallisAnalysis
c0120	df	2	emlRunKruskalWallisAnalysis
c0120	p	0.2134510330345902	emlRunKruskalWallisAnalysis
c0120	epsilon_squared	0.07019762845849765	emlRunKruskalWallisAnalysis
c0120	n	45	emlRunKruskalWallisAnalysis
c0121	h	3.0886956521738966	emlRunKruskalWallisAnalysis
c0121	df	2	emlRunKruskalWallisAnalysis
c0121	p	0.2134510330345902	emlRunKruskalWallisAnalysis
c0121	epsilon_squared	0.07019762845849765	emlRunKruskalWallisAnalysis
c0121	n	45	emlRunKruskalWallisAnalysis
c0121	posthoc_alto__mezzo_padj	0.9506701644688852	emlRunKruskalWallisAnalysis
c0121	posthoc_alto__mezzo_z	-1.0008691874739584	emlRunKruskalWallisAnalysis
c0121	posthoc_alto__mezzo_rank_biserial	-0.21777777777777776	emlRunKruskalWallisAnalysis
c0121	posthoc_alto__mezzo_p	0.31689005482296173	emlRunKruskalWallisAnalysis
c0121	posthoc_alto__soprano_padj	0.23956858132054923	emlRunKruskalWallisAnalysis
c0121	posthoc_alto__soprano_z	-1.751521078079428	emlRunKruskalWallisAnalysis
c0121	posthoc_alto__soprano_rank_biserial	-0.3688888888888889	emlRunKruskalWallisAnalysis
c0121	posthoc_alto__soprano_p	0.07985619377351641	emlRunKruskalWallisAnalysis
c0121	posthoc_mezzo__soprano_padj	1	emlRunKruskalWallisAnalysis
c0121	posthoc_mezzo__soprano_z	-0.7506518906054696	emlRunKruskalWallisAnalysis
c0121	posthoc_mezzo__soprano_rank_biserial	-0.16444444444444445	emlRunKruskalWallisAnalysis
c0121	posthoc_mezzo__soprano_p	0.45286218341877005	emlRunKruskalWallisAnalysis
c0122	h	3.0886956521738966	emlRunKruskalWallisAnalysis
c0122	df	2	emlRunKruskalWallisAnalysis
c0122	p	0.2134510330345902	emlRunKruskalWallisAnalysis
c0122	epsilon_squared	0.07019762845849765	emlRunKruskalWallisAnalysis
c0122	n	45	emlRunKruskalWallisAnalysis
c0122	posthoc_alto__mezzo_padj	0.6337801096459235	emlRunKruskalWallisAnalysis
c0122	posthoc_alto__mezzo_z	-1.0008691874739584	emlRunKruskalWallisAnalysis
c0122	posthoc_alto__mezzo_rank_biserial	-0.21777777777777776	emlRunKruskalWallisAnalysis
c0122	posthoc_alto__mezzo_p	0.31689005482296173	emlRunKruskalWallisAnalysis
c0122	posthoc_alto__soprano_padj	0.23956858132054923	emlRunKruskalWallisAnalysis
c0122	posthoc_alto__soprano_z	-1.751521078079428	emlRunKruskalWallisAnalysis
c0122	posthoc_alto__soprano_rank_biserial	-0.3688888888888889	emlRunKruskalWallisAnalysis
c0122	posthoc_alto__soprano_p	0.07985619377351641	emlRunKruskalWallisAnalysis
c0122	posthoc_mezzo__soprano_padj	0.6337801096459235	emlRunKruskalWallisAnalysis
c0122	posthoc_mezzo__soprano_z	-0.7506518906054696	emlRunKruskalWallisAnalysis
c0122	posthoc_mezzo__soprano_rank_biserial	-0.16444444444444445	emlRunKruskalWallisAnalysis
c0122	posthoc_mezzo__soprano_p	0.45286218341877005	emlRunKruskalWallisAnalysis
c0123	h	3.0886956521738966	emlRunKruskalWallisAnalysis
c0123	df	2	emlRunKruskalWallisAnalysis
c0123	p	0.2134510330345902	emlRunKruskalWallisAnalysis
c0123	epsilon_squared	0.07019762845849765	emlRunKruskalWallisAnalysis
c0123	n	45	emlRunKruskalWallisAnalysis
c0123	posthoc_alto__mezzo_padj	0.45286218341877005	emlRunKruskalWallisAnalysis
c0123	posthoc_alto__mezzo_z	-1.0008691874739584	emlRunKruskalWallisAnalysis
c0123	posthoc_alto__mezzo_rank_biserial	-0.21777777777777776	emlRunKruskalWallisAnalysis
c0123	posthoc_alto__mezzo_p	0.31689005482296173	emlRunKruskalWallisAnalysis
c0123	posthoc_alto__soprano_padj	0.23956858132054923	emlRunKruskalWallisAnalysis
c0123	posthoc_alto__soprano_z	-1.751521078079428	emlRunKruskalWallisAnalysis
c0123	posthoc_alto__soprano_rank_biserial	-0.3688888888888889	emlRunKruskalWallisAnalysis
c0123	posthoc_alto__soprano_p	0.07985619377351641	emlRunKruskalWallisAnalysis
c0123	posthoc_mezzo__soprano_padj	0.45286218341877005	emlRunKruskalWallisAnalysis
c0123	posthoc_mezzo__soprano_z	-0.7506518906054696	emlRunKruskalWallisAnalysis
c0123	posthoc_mezzo__soprano_rank_biserial	-0.16444444444444445	emlRunKruskalWallisAnalysis
c0123	posthoc_mezzo__soprano_p	0.45286218341877005	emlRunKruskalWallisAnalysis
c0124	h	22.66536585365853	emlRunKruskalWallisAnalysis
c0124	df	1	emlRunKruskalWallisAnalysis
c0124	p	1.928120924930415e-06	emlRunKruskalWallisAnalysis
c0124	epsilon_squared	0.5811632270168854	emlRunKruskalWallisAnalysis
c0124	n	40	emlRunKruskalWallisAnalysis
c0125	h	22.66536585365853	emlRunKruskalWallisAnalysis
c0125	df	1	emlRunKruskalWallisAnalysis
c0125	p	1.928120924930415e-06	emlRunKruskalWallisAnalysis
c0125	epsilon_squared	0.5811632270168854	emlRunKruskalWallisAnalysis
c0125	n	40	emlRunKruskalWallisAnalysis
c0125	posthoc_control__patient_padj	1.928120924930393e-06	emlRunKruskalWallisAnalysis
c0125	posthoc_control__patient_z	-4.7608156710440435	emlRunKruskalWallisAnalysis
c0125	posthoc_control__patient_rank_biserial	-0.88	emlRunKruskalWallisAnalysis
c0125	posthoc_control__patient_p	1.928120924930393e-06	emlRunKruskalWallisAnalysis
c0126	h	22.66536585365853	emlRunKruskalWallisAnalysis
c0126	df	1	emlRunKruskalWallisAnalysis
c0126	p	1.928120924930415e-06	emlRunKruskalWallisAnalysis
c0126	epsilon_squared	0.5811632270168854	emlRunKruskalWallisAnalysis
c0126	n	40	emlRunKruskalWallisAnalysis
c0126	posthoc_control__patient_padj	1.928120924930393e-06	emlRunKruskalWallisAnalysis
c0126	posthoc_control__patient_z	-4.7608156710440435	emlRunKruskalWallisAnalysis
c0126	posthoc_control__patient_rank_biserial	-0.88	emlRunKruskalWallisAnalysis
c0126	posthoc_control__patient_p	1.928120924930393e-06	emlRunKruskalWallisAnalysis
c0127	h	22.66536585365853	emlRunKruskalWallisAnalysis
c0127	df	1	emlRunKruskalWallisAnalysis
c0127	p	1.928120924930415e-06	emlRunKruskalWallisAnalysis
c0127	epsilon_squared	0.5811632270168854	emlRunKruskalWallisAnalysis
c0127	n	40	emlRunKruskalWallisAnalysis
c0127	posthoc_control__patient_padj	1.928120924930393e-06	emlRunKruskalWallisAnalysis
c0127	posthoc_control__patient_z	-4.7608156710440435	emlRunKruskalWallisAnalysis
c0127	posthoc_control__patient_rank_biserial	-0.88	emlRunKruskalWallisAnalysis
c0127	posthoc_control__patient_p	1.928120924930393e-06	emlRunKruskalWallisAnalysis
c0128	h	22.66536585365853	emlRunKruskalWallisAnalysis
c0128	df	1	emlRunKruskalWallisAnalysis
c0128	p	1.928120924930415e-06	emlRunKruskalWallisAnalysis
c0128	epsilon_squared	0.5811632270168854	emlRunKruskalWallisAnalysis
c0128	n	40	emlRunKruskalWallisAnalysis
c0129	h	22.66536585365853	emlRunKruskalWallisAnalysis
c0129	df	1	emlRunKruskalWallisAnalysis
c0129	p	1.928120924930415e-06	emlRunKruskalWallisAnalysis
c0129	epsilon_squared	0.5811632270168854	emlRunKruskalWallisAnalysis
c0129	n	40	emlRunKruskalWallisAnalysis
c0129	posthoc_control__patient_padj	1.928120924930393e-06	emlRunKruskalWallisAnalysis
c0129	posthoc_control__patient_z	-4.7608156710440435	emlRunKruskalWallisAnalysis
c0129	posthoc_control__patient_rank_biserial	-0.88	emlRunKruskalWallisAnalysis
c0129	posthoc_control__patient_p	1.928120924930393e-06	emlRunKruskalWallisAnalysis
c0130	h	22.66536585365853	emlRunKruskalWallisAnalysis
c0130	df	1	emlRunKruskalWallisAnalysis
c0130	p	1.928120924930415e-06	emlRunKruskalWallisAnalysis
c0130	epsilon_squared	0.5811632270168854	emlRunKruskalWallisAnalysis
c0130	n	40	emlRunKruskalWallisAnalysis
c0130	posthoc_control__patient_padj	1.928120924930393e-06	emlRunKruskalWallisAnalysis
c0130	posthoc_control__patient_z	-4.7608156710440435	emlRunKruskalWallisAnalysis
c0130	posthoc_control__patient_rank_biserial	-0.88	emlRunKruskalWallisAnalysis
c0130	posthoc_control__patient_p	1.928120924930393e-06	emlRunKruskalWallisAnalysis
c0131	h	22.66536585365853	emlRunKruskalWallisAnalysis
c0131	df	1	emlRunKruskalWallisAnalysis
c0131	p	1.928120924930415e-06	emlRunKruskalWallisAnalysis
c0131	epsilon_squared	0.5811632270168854	emlRunKruskalWallisAnalysis
c0131	n	40	emlRunKruskalWallisAnalysis
c0131	posthoc_control__patient_padj	1.928120924930393e-06	emlRunKruskalWallisAnalysis
c0131	posthoc_control__patient_z	-4.7608156710440435	emlRunKruskalWallisAnalysis
c0131	posthoc_control__patient_rank_biserial	-0.88	emlRunKruskalWallisAnalysis
c0131	posthoc_control__patient_p	1.928120924930393e-06	emlRunKruskalWallisAnalysis
c0132	h	8.694302721088434	emlRunKruskalWallisAnalysis
c0132	df	1	emlRunKruskalWallisAnalysis
c0132	p	0.003192062050495154	emlRunKruskalWallisAnalysis
c0132	epsilon_squared	0.1849851642784773	emlRunKruskalWallisAnalysis
c0132	n	48	emlRunKruskalWallisAnalysis
c0133	h	8.694302721088434	emlRunKruskalWallisAnalysis
c0133	df	1	emlRunKruskalWallisAnalysis
c0133	p	0.003192062050495154	emlRunKruskalWallisAnalysis
c0133	epsilon_squared	0.1849851642784773	emlRunKruskalWallisAnalysis
c0133	n	48	emlRunKruskalWallisAnalysis
c0133	posthoc_soprano__alto_padj	0.0031920620504951626	emlRunKruskalWallisAnalysis
c0133	posthoc_soprano__alto_z	2.9486103033613023	emlRunKruskalWallisAnalysis
c0133	posthoc_soprano__alto_rank_biserial	0.4965277777777778	emlRunKruskalWallisAnalysis
c0133	posthoc_soprano__alto_p	0.0031920620504951626	emlRunKruskalWallisAnalysis
c0134	h	8.694302721088434	emlRunKruskalWallisAnalysis
c0134	df	1	emlRunKruskalWallisAnalysis
c0134	p	0.003192062050495154	emlRunKruskalWallisAnalysis
c0134	epsilon_squared	0.1849851642784773	emlRunKruskalWallisAnalysis
c0134	n	48	emlRunKruskalWallisAnalysis
c0134	posthoc_soprano__alto_padj	0.0031920620504951626	emlRunKruskalWallisAnalysis
c0134	posthoc_soprano__alto_z	2.9486103033613023	emlRunKruskalWallisAnalysis
c0134	posthoc_soprano__alto_rank_biserial	0.4965277777777778	emlRunKruskalWallisAnalysis
c0134	posthoc_soprano__alto_p	0.0031920620504951626	emlRunKruskalWallisAnalysis
c0135	h	8.694302721088434	emlRunKruskalWallisAnalysis
c0135	df	1	emlRunKruskalWallisAnalysis
c0135	p	0.003192062050495154	emlRunKruskalWallisAnalysis
c0135	epsilon_squared	0.1849851642784773	emlRunKruskalWallisAnalysis
c0135	n	48	emlRunKruskalWallisAnalysis
c0135	posthoc_soprano__alto_padj	0.0031920620504951626	emlRunKruskalWallisAnalysis
c0135	posthoc_soprano__alto_z	2.9486103033613023	emlRunKruskalWallisAnalysis
c0135	posthoc_soprano__alto_rank_biserial	0.4965277777777778	emlRunKruskalWallisAnalysis
c0135	posthoc_soprano__alto_p	0.0031920620504951626	emlRunKruskalWallisAnalysis
c0136	h	8.694302721088434	emlRunKruskalWallisAnalysis
c0136	df	1	emlRunKruskalWallisAnalysis
c0136	p	0.003192062050495154	emlRunKruskalWallisAnalysis
c0136	epsilon_squared	0.1849851642784773	emlRunKruskalWallisAnalysis
c0136	n	48	emlRunKruskalWallisAnalysis
c0137	h	8.694302721088434	emlRunKruskalWallisAnalysis
c0137	df	1	emlRunKruskalWallisAnalysis
c0137	p	0.003192062050495154	emlRunKruskalWallisAnalysis
c0137	epsilon_squared	0.1849851642784773	emlRunKruskalWallisAnalysis
c0137	n	48	emlRunKruskalWallisAnalysis
c0137	posthoc_alto__soprano_padj	0.0031920620504951626	emlRunKruskalWallisAnalysis
c0137	posthoc_alto__soprano_z	-2.9486103033613023	emlRunKruskalWallisAnalysis
c0137	posthoc_alto__soprano_rank_biserial	-0.4965277777777778	emlRunKruskalWallisAnalysis
c0137	posthoc_alto__soprano_p	0.0031920620504951626	emlRunKruskalWallisAnalysis
c0138	h	8.694302721088434	emlRunKruskalWallisAnalysis
c0138	df	1	emlRunKruskalWallisAnalysis
c0138	p	0.003192062050495154	emlRunKruskalWallisAnalysis
c0138	epsilon_squared	0.1849851642784773	emlRunKruskalWallisAnalysis
c0138	n	48	emlRunKruskalWallisAnalysis
c0138	posthoc_alto__soprano_padj	0.0031920620504951626	emlRunKruskalWallisAnalysis
c0138	posthoc_alto__soprano_z	-2.9486103033613023	emlRunKruskalWallisAnalysis
c0138	posthoc_alto__soprano_rank_biserial	-0.4965277777777778	emlRunKruskalWallisAnalysis
c0138	posthoc_alto__soprano_p	0.0031920620504951626	emlRunKruskalWallisAnalysis
c0139	h	8.694302721088434	emlRunKruskalWallisAnalysis
c0139	df	1	emlRunKruskalWallisAnalysis
c0139	p	0.003192062050495154	emlRunKruskalWallisAnalysis
c0139	epsilon_squared	0.1849851642784773	emlRunKruskalWallisAnalysis
c0139	n	48	emlRunKruskalWallisAnalysis
c0139	posthoc_alto__soprano_padj	0.0031920620504951626	emlRunKruskalWallisAnalysis
c0139	posthoc_alto__soprano_z	-2.9486103033613023	emlRunKruskalWallisAnalysis
c0139	posthoc_alto__soprano_rank_biserial	-0.4965277777777778	emlRunKruskalWallisAnalysis
c0139	posthoc_alto__soprano_p	0.0031920620504951626	emlRunKruskalWallisAnalysis
c0140	h	35.99613677230833	emlRunKruskalWallisAnalysis
c0140	df	4	emlRunKruskalWallisAnalysis
c0140	p	2.898996303708729e-07	emlRunKruskalWallisAnalysis
c0140	epsilon_squared	0.7346150361695578	emlRunKruskalWallisAnalysis
c0140	n	50	emlRunKruskalWallisAnalysis
c0141	h	35.99613677230833	emlRunKruskalWallisAnalysis
c0141	df	4	emlRunKruskalWallisAnalysis
c0141	p	2.898996303708729e-07	emlRunKruskalWallisAnalysis
c0141	epsilon_squared	0.7346150361695578	emlRunKruskalWallisAnalysis
c0141	n	50	emlRunKruskalWallisAnalysis
c0141	posthoc_welch__paired_padj	1	emlRunKruskalWallisAnalysis
c0141	posthoc_welch__paired_z	-1.0817452644595082	emlRunKruskalWallisAnalysis
c0141	posthoc_welch__paired_rank_biserial	-0.525	emlRunKruskalWallisAnalysis
c0141	posthoc_welch__paired_p	0.27936573408149806	emlRunKruskalWallisAnalysis
c0141	posthoc_welch__corr_padj	0.08900831432503556	emlRunKruskalWallisAnalysis
c0141	posthoc_welch__corr_z	2.61583977397008	emlRunKruskalWallisAnalysis
c0141	posthoc_welch__corr_rank_biserial	0.8142857142857143	emlRunKruskalWallisAnalysis
c0141	posthoc_welch__corr_p	0.008900831432503555	emlRunKruskalWallisAnalysis
c0141	posthoc_welch__perfect_padj	0.003151482193808732	emlRunKruskalWallisAnalysis
c0141	posthoc_welch__perfect_z	3.602519113750257	emlRunKruskalWallisAnalysis
c0141	posthoc_welch__perfect_rank_biserial	1	emlRunKruskalWallisAnalysis
c0141	posthoc_welch__perfect_p	0.0003151482193808732	emlRunKruskalWallisAnalysis
c0141	posthoc_welch__mwu_padj	0.027340834091246095	emlRunKruskalWallisAnalysis
c0141	posthoc_welch__mwu_z	2.9961539743304506	emlRunKruskalWallisAnalysis
c0141	posthoc_welch__mwu_rank_biserial	1	emlRunKruskalWallisAnalysis
c0141	posthoc_welch__mwu_p	0.0027340834091246096	emlRunKruskalWallisAnalysis
c0141	posthoc_paired__corr_padj	0.0008478213817365165	emlRunKruskalWallisAnalysis
c0141	posthoc_paired__corr_z	3.930463856803697	emlRunKruskalWallisAnalysis
c0141	posthoc_paired__corr_rank_biserial	0.9523809523809523	emlRunKruskalWallisAnalysis
c0141	posthoc_paired__corr_p	8.478213817365165e-05	emlRunKruskalWallisAnalysis
c0141	posthoc_paired__perfect_padj	1.2696047946140148e-05	emlRunKruskalWallisAnalysis
c0141	posthoc_paired__perfect_z	4.844453761602964	emlRunKruskalWallisAnalysis
c0141	posthoc_paired__perfect_rank_biserial	1	emlRunKruskalWallisAnalysis
c0141	posthoc_paired__perfect_p	1.2696047946140147e-06	emlRunKruskalWallisAnalysis
c0141	posthoc_paired__mwu_padj	0.0010777421099225034	emlRunKruskalWallisAnalysis
c0141	posthoc_paired__mwu_z	3.872387985590581	emlRunKruskalWallisAnalysis
c0141	posthoc_paired__mwu_rank_biserial	1	emlRunKruskalWallisAnalysis
c0141	posthoc_paired__mwu_p	0.00010777421099225035	emlRunKruskalWallisAnalysis
c0141	posthoc_corr__perfect_padj	1	emlRunKruskalWallisAnalysis
c0141	posthoc_corr__perfect_z	1.2753255989088381	emlRunKruskalWallisAnalysis
c0141	posthoc_corr__perfect_rank_biserial	0.4714285714285714	emlRunKruskalWallisAnalysis
c0141	posthoc_corr__perfect_p	0.20219402066542563	emlRunKruskalWallisAnalysis
c0141	posthoc_corr__mwu_padj	1	emlRunKruskalWallisAnalysis
c0141	posthoc_corr__mwu_z	1.2161425788773854	emlRunKruskalWallisAnalysis
c0141	posthoc_corr__mwu_rank_biserial	0.6071428571428571	emlRunKruskalWallisAnalysis
c0141	posthoc_corr__mwu_p	0.22393061304446665	emlRunKruskalWallisAnalysis
c0141	posthoc_perfect__mwu_padj	1	emlRunKruskalWallisAnalysis
c0141	posthoc_perfect__mwu_z	0.2729054976618821	emlRunKruskalWallisAnalysis
c0141	posthoc_perfect__mwu_rank_biserial	0.2	emlRunKruskalWallisAnalysis
c0141	posthoc_perfect__mwu_p	0.7849258603601411	emlRunKruskalWallisAnalysis
c0142	h	35.99613677230833	emlRunKruskalWallisAnalysis
c0142	df	4	emlRunKruskalWallisAnalysis
c0142	p	2.898996303708729e-07	emlRunKruskalWallisAnalysis
c0142	epsilon_squared	0.7346150361695578	emlRunKruskalWallisAnalysis
c0142	n	50	emlRunKruskalWallisAnalysis
c0142	posthoc_welch__paired_padj	0.8087760826617025	emlRunKruskalWallisAnalysis
c0142	posthoc_welch__paired_z	-1.0817452644595082	emlRunKruskalWallisAnalysis
c0142	posthoc_welch__paired_rank_biserial	-0.525	emlRunKruskalWallisAnalysis
c0142	posthoc_welch__paired_p	0.27936573408149806	emlRunKruskalWallisAnalysis
c0142	posthoc_welch__corr_padj	0.04450415716251778	emlRunKruskalWallisAnalysis
c0142	posthoc_welch__corr_z	2.61583977397008	emlRunKruskalWallisAnalysis
c0142	posthoc_welch__corr_rank_biserial	0.8142857142857143	emlRunKruskalWallisAnalysis
c0142	posthoc_welch__corr_p	0.008900831432503555	emlRunKruskalWallisAnalysis
c0142	posthoc_welch__perfect_padj	0.0022060375356661123	emlRunKruskalWallisAnalysis
c0142	posthoc_welch__perfect_z	3.602519113750257	emlRunKruskalWallisAnalysis
c0142	posthoc_welch__perfect_rank_biserial	1	emlRunKruskalWallisAnalysis
c0142	posthoc_welch__perfect_p	0.0003151482193808732	emlRunKruskalWallisAnalysis
c0142	posthoc_welch__mwu_padj	0.01640450045474766	emlRunKruskalWallisAnalysis
c0142	posthoc_welch__mwu_z	2.9961539743304506	emlRunKruskalWallisAnalysis
c0142	posthoc_welch__mwu_rank_biserial	1	emlRunKruskalWallisAnalysis
c0142	posthoc_welch__mwu_p	0.0027340834091246096	emlRunKruskalWallisAnalysis
c0142	posthoc_paired__corr_padj	0.0007630392435628648	emlRunKruskalWallisAnalysis
c0142	posthoc_paired__corr_z	3.930463856803697	emlRunKruskalWallisAnalysis
c0142	posthoc_paired__corr_rank_biserial	0.9523809523809523	emlRunKruskalWallisAnalysis
c0142	posthoc_paired__corr_p	8.478213817365165e-05	emlRunKruskalWallisAnalysis
c0142	posthoc_paired__perfect_padj	1.2696047946140148e-05	emlRunKruskalWallisAnalysis
c0142	posthoc_paired__perfect_z	4.844453761602964	emlRunKruskalWallisAnalysis
c0142	posthoc_paired__perfect_rank_biserial	1	emlRunKruskalWallisAnalysis
c0142	posthoc_paired__perfect_p	1.2696047946140147e-06	emlRunKruskalWallisAnalysis
c0142	posthoc_paired__mwu_padj	0.0008621936879380028	emlRunKruskalWallisAnalysis
c0142	posthoc_paired__mwu_z	3.872387985590581	emlRunKruskalWallisAnalysis
c0142	posthoc_paired__mwu_rank_biserial	1	emlRunKruskalWallisAnalysis
c0142	posthoc_paired__mwu_p	0.00010777421099225035	emlRunKruskalWallisAnalysis
c0142	posthoc_corr__perfect_padj	0.8087760826617025	emlRunKruskalWallisAnalysis
c0142	posthoc_corr__perfect_z	1.2753255989088381	emlRunKruskalWallisAnalysis
c0142	posthoc_corr__perfect_rank_biserial	0.4714285714285714	emlRunKruskalWallisAnalysis
c0142	posthoc_corr__perfect_p	0.20219402066542563	emlRunKruskalWallisAnalysis
c0142	posthoc_corr__mwu_padj	0.8087760826617025	emlRunKruskalWallisAnalysis
c0142	posthoc_corr__mwu_z	1.2161425788773854	emlRunKruskalWallisAnalysis
c0142	posthoc_corr__mwu_rank_biserial	0.6071428571428571	emlRunKruskalWallisAnalysis
c0142	posthoc_corr__mwu_p	0.22393061304446665	emlRunKruskalWallisAnalysis
c0142	posthoc_perfect__mwu_padj	0.8087760826617025	emlRunKruskalWallisAnalysis
c0142	posthoc_perfect__mwu_z	0.2729054976618821	emlRunKruskalWallisAnalysis
c0142	posthoc_perfect__mwu_rank_biserial	0.2	emlRunKruskalWallisAnalysis
c0142	posthoc_perfect__mwu_p	0.7849258603601411	emlRunKruskalWallisAnalysis
c0143	h	35.99613677230833	emlRunKruskalWallisAnalysis
c0143	df	4	emlRunKruskalWallisAnalysis
c0143	p	2.898996303708729e-07	emlRunKruskalWallisAnalysis
c0143	epsilon_squared	0.7346150361695578	emlRunKruskalWallisAnalysis
c0143	n	50	emlRunKruskalWallisAnalysis
c0143	posthoc_welch__paired_padj	0.31040637120166453	emlRunKruskalWallisAnalysis
c0143	posthoc_welch__paired_z	-1.0817452644595082	emlRunKruskalWallisAnalysis
c0143	posthoc_welch__paired_rank_biserial	-0.525	emlRunKruskalWallisAnalysis
c0143	posthoc_welch__paired_p	0.27936573408149806	emlRunKruskalWallisAnalysis
c0143	posthoc_welch__corr_padj	0.014834719054172593	emlRunKruskalWallisAnalysis
c0143	posthoc_welch__corr_z	2.61583977397008	emlRunKruskalWallisAnalysis
c0143	posthoc_welch__corr_rank_biserial	0.8142857142857143	emlRunKruskalWallisAnalysis
c0143	posthoc_welch__corr_p	0.008900831432503555	emlRunKruskalWallisAnalysis
c0143	posthoc_welch__perfect_padj	0.000787870548452183	emlRunKruskalWallisAnalysis
c0143	posthoc_welch__perfect_z	3.602519113750257	emlRunKruskalWallisAnalysis
c0143	posthoc_welch__perfect_rank_biserial	1	emlRunKruskalWallisAnalysis
c0143	posthoc_welch__perfect_p	0.0003151482193808732	emlRunKruskalWallisAnalysis
c0143	posthoc_welch__mwu_padj	0.005468166818249219	emlRunKruskalWallisAnalysis
c0143	posthoc_welch__mwu_z	2.9961539743304506	emlRunKruskalWallisAnalysis
c0143	posthoc_welch__mwu_rank_biserial	1	emlRunKruskalWallisAnalysis
c0143	posthoc_welch__mwu_p	0.0027340834091246096	emlRunKruskalWallisAnalysis
c0143	posthoc_paired__corr_padj	0.0003592473699741678	emlRunKruskalWallisAnalysis
c0143	posthoc_paired__corr_z	3.930463856803697	emlRunKruskalWallisAnalysis
c0143	posthoc_paired__corr_rank_biserial	0.9523809523809523	emlRunKruskalWallisAnalysis
c0143	posthoc_paired__corr_p	8.478213817365165e-05	emlRunKruskalWallisAnalysis
c0143	posthoc_paired__perfect_padj	1.2696047946140148e-05	emlRunKruskalWallisAnalysis
c0143	posthoc_paired__perfect_z	4.844453761602964	emlRunKruskalWallisAnalysis
c0143	posthoc_paired__perfect_rank_biserial	1	emlRunKruskalWallisAnalysis
c0143	posthoc_paired__perfect_p	1.2696047946140147e-06	emlRunKruskalWallisAnalysis
c0143	posthoc_paired__mwu_padj	0.0003592473699741678	emlRunKruskalWallisAnalysis
c0143	posthoc_paired__mwu_z	3.872387985590581	emlRunKruskalWallisAnalysis
c0143	posthoc_paired__mwu_rank_biserial	1	emlRunKruskalWallisAnalysis
c0143	posthoc_paired__mwu_p	0.00010777421099225035	emlRunKruskalWallisAnalysis
c0143	posthoc_corr__perfect_padj	0.27991326630558333	emlRunKruskalWallisAnalysis
c0143	posthoc_corr__perfect_z	1.2753255989088381	emlRunKruskalWallisAnalysis
c0143	posthoc_corr__perfect_rank_biserial	0.4714285714285714	emlRunKruskalWallisAnalysis
c0143	posthoc_corr__perfect_p	0.20219402066542563	emlRunKruskalWallisAnalysis
c0143	posthoc_corr__mwu_padj	0.27991326630558333	emlRunKruskalWallisAnalysis
c0143	posthoc_corr__mwu_z	1.2161425788773854	emlRunKruskalWallisAnalysis
c0143	posthoc_corr__mwu_rank_biserial	0.6071428571428571	emlRunKruskalWallisAnalysis
c0143	posthoc_corr__mwu_p	0.22393061304446665	emlRunKruskalWallisAnalysis
c0143	posthoc_perfect__mwu_padj	0.7849258603601411	emlRunKruskalWallisAnalysis
c0143	posthoc_perfect__mwu_z	0.2729054976618821	emlRunKruskalWallisAnalysis
c0143	posthoc_perfect__mwu_rank_biserial	0.2	emlRunKruskalWallisAnalysis
c0143	posthoc_perfect__mwu_p	0.7849258603601411	emlRunKruskalWallisAnalysis
c0144	h	35.99613677230836	emlRunKruskalWallisAnalysis
c0144	df	4	emlRunKruskalWallisAnalysis
c0144	p	2.898996303708696e-07	emlRunKruskalWallisAnalysis
c0144	epsilon_squared	0.7346150361695584	emlRunKruskalWallisAnalysis
c0144	n	50	emlRunKruskalWallisAnalysis
c0145	h	35.99613677230836	emlRunKruskalWallisAnalysis
c0145	df	4	emlRunKruskalWallisAnalysis
c0145	p	2.898996303708696e-07	emlRunKruskalWallisAnalysis
c0145	epsilon_squared	0.7346150361695584	emlRunKruskalWallisAnalysis
c0145	n	50	emlRunKruskalWallisAnalysis
c0145	posthoc_corr__mwu_padj	1	emlRunKruskalWallisAnalysis
c0145	posthoc_corr__mwu_z	1.2161425788773854	emlRunKruskalWallisAnalysis
c0145	posthoc_corr__mwu_rank_biserial	0.6071428571428571	emlRunKruskalWallisAnalysis
c0145	posthoc_corr__mwu_p	0.22393061304446665	emlRunKruskalWallisAnalysis
c0145	posthoc_corr__paired_padj	0.0008478213817365165	emlRunKruskalWallisAnalysis
c0145	posthoc_corr__paired_z	-3.930463856803697	emlRunKruskalWallisAnalysis
c0145	posthoc_corr__paired_rank_biserial	-0.9523809523809523	emlRunKruskalWallisAnalysis
c0145	posthoc_corr__paired_p	8.478213817365165e-05	emlRunKruskalWallisAnalysis
c0145	posthoc_corr__perfect_padj	1	emlRunKruskalWallisAnalysis
c0145	posthoc_corr__perfect_z	1.2753255989088381	emlRunKruskalWallisAnalysis
c0145	posthoc_corr__perfect_rank_biserial	0.4714285714285714	emlRunKruskalWallisAnalysis
c0145	posthoc_corr__perfect_p	0.20219402066542563	emlRunKruskalWallisAnalysis
c0145	posthoc_corr__welch_padj	0.08900831432503556	emlRunKruskalWallisAnalysis
c0145	posthoc_corr__welch_z	-2.61583977397008	emlRunKruskalWallisAnalysis
c0145	posthoc_corr__welch_rank_biserial	-0.8142857142857143	emlRunKruskalWallisAnalysis
c0145	posthoc_corr__welch_p	0.008900831432503555	emlRunKruskalWallisAnalysis
c0145	posthoc_mwu__paired_padj	0.0010777421099225034	emlRunKruskalWallisAnalysis
c0145	posthoc_mwu__paired_z	-3.872387985590581	emlRunKruskalWallisAnalysis
c0145	posthoc_mwu__paired_rank_biserial	-1	emlRunKruskalWallisAnalysis
c0145	posthoc_mwu__paired_p	0.00010777421099225035	emlRunKruskalWallisAnalysis
c0145	posthoc_mwu__perfect_padj	1	emlRunKruskalWallisAnalysis
c0145	posthoc_mwu__perfect_z	-0.2729054976618821	emlRunKruskalWallisAnalysis
c0145	posthoc_mwu__perfect_rank_biserial	-0.2	emlRunKruskalWallisAnalysis
c0145	posthoc_mwu__perfect_p	0.7849258603601411	emlRunKruskalWallisAnalysis
c0145	posthoc_mwu__welch_padj	0.027340834091246095	emlRunKruskalWallisAnalysis
c0145	posthoc_mwu__welch_z	-2.9961539743304506	emlRunKruskalWallisAnalysis
c0145	posthoc_mwu__welch_rank_biserial	-1	emlRunKruskalWallisAnalysis
c0145	posthoc_mwu__welch_p	0.0027340834091246096	emlRunKruskalWallisAnalysis
c0145	posthoc_paired__perfect_padj	1.2696047946140148e-05	emlRunKruskalWallisAnalysis
c0145	posthoc_paired__perfect_z	4.844453761602964	emlRunKruskalWallisAnalysis
c0145	posthoc_paired__perfect_rank_biserial	1	emlRunKruskalWallisAnalysis
c0145	posthoc_paired__perfect_p	1.2696047946140147e-06	emlRunKruskalWallisAnalysis
c0145	posthoc_paired__welch_padj	1	emlRunKruskalWallisAnalysis
c0145	posthoc_paired__welch_z	1.0817452644595082	emlRunKruskalWallisAnalysis
c0145	posthoc_paired__welch_rank_biserial	0.525	emlRunKruskalWallisAnalysis
c0145	posthoc_paired__welch_p	0.27936573408149806	emlRunKruskalWallisAnalysis
c0145	posthoc_perfect__welch_padj	0.003151482193808732	emlRunKruskalWallisAnalysis
c0145	posthoc_perfect__welch_z	-3.602519113750257	emlRunKruskalWallisAnalysis
c0145	posthoc_perfect__welch_rank_biserial	-1	emlRunKruskalWallisAnalysis
c0145	posthoc_perfect__welch_p	0.0003151482193808732	emlRunKruskalWallisAnalysis
c0146	h	35.99613677230836	emlRunKruskalWallisAnalysis
c0146	df	4	emlRunKruskalWallisAnalysis
c0146	p	2.898996303708696e-07	emlRunKruskalWallisAnalysis
c0146	epsilon_squared	0.7346150361695584	emlRunKruskalWallisAnalysis
c0146	n	50	emlRunKruskalWallisAnalysis
c0146	posthoc_corr__mwu_padj	0.8087760826617025	emlRunKruskalWallisAnalysis
c0146	posthoc_corr__mwu_z	1.2161425788773854	emlRunKruskalWallisAnalysis
c0146	posthoc_corr__mwu_rank_biserial	0.6071428571428571	emlRunKruskalWallisAnalysis
c0146	posthoc_corr__mwu_p	0.22393061304446665	emlRunKruskalWallisAnalysis
c0146	posthoc_corr__paired_padj	0.0007630392435628648	emlRunKruskalWallisAnalysis
c0146	posthoc_corr__paired_z	-3.930463856803697	emlRunKruskalWallisAnalysis
c0146	posthoc_corr__paired_rank_biserial	-0.9523809523809523	emlRunKruskalWallisAnalysis
c0146	posthoc_corr__paired_p	8.478213817365165e-05	emlRunKruskalWallisAnalysis
c0146	posthoc_corr__perfect_padj	0.8087760826617025	emlRunKruskalWallisAnalysis
c0146	posthoc_corr__perfect_z	1.2753255989088381	emlRunKruskalWallisAnalysis
c0146	posthoc_corr__perfect_rank_biserial	0.4714285714285714	emlRunKruskalWallisAnalysis
c0146	posthoc_corr__perfect_p	0.20219402066542563	emlRunKruskalWallisAnalysis
c0146	posthoc_corr__welch_padj	0.04450415716251778	emlRunKruskalWallisAnalysis
c0146	posthoc_corr__welch_z	-2.61583977397008	emlRunKruskalWallisAnalysis
c0146	posthoc_corr__welch_rank_biserial	-0.8142857142857143	emlRunKruskalWallisAnalysis
c0146	posthoc_corr__welch_p	0.008900831432503555	emlRunKruskalWallisAnalysis
c0146	posthoc_mwu__paired_padj	0.0008621936879380028	emlRunKruskalWallisAnalysis
c0146	posthoc_mwu__paired_z	-3.872387985590581	emlRunKruskalWallisAnalysis
c0146	posthoc_mwu__paired_rank_biserial	-1	emlRunKruskalWallisAnalysis
c0146	posthoc_mwu__paired_p	0.00010777421099225035	emlRunKruskalWallisAnalysis
c0146	posthoc_mwu__perfect_padj	0.8087760826617025	emlRunKruskalWallisAnalysis
c0146	posthoc_mwu__perfect_z	-0.2729054976618821	emlRunKruskalWallisAnalysis
c0146	posthoc_mwu__perfect_rank_biserial	-0.2	emlRunKruskalWallisAnalysis
c0146	posthoc_mwu__perfect_p	0.7849258603601411	emlRunKruskalWallisAnalysis
c0146	posthoc_mwu__welch_padj	0.01640450045474766	emlRunKruskalWallisAnalysis
c0146	posthoc_mwu__welch_z	-2.9961539743304506	emlRunKruskalWallisAnalysis
c0146	posthoc_mwu__welch_rank_biserial	-1	emlRunKruskalWallisAnalysis
c0146	posthoc_mwu__welch_p	0.0027340834091246096	emlRunKruskalWallisAnalysis
c0146	posthoc_paired__perfect_padj	1.2696047946140148e-05	emlRunKruskalWallisAnalysis
c0146	posthoc_paired__perfect_z	4.844453761602964	emlRunKruskalWallisAnalysis
c0146	posthoc_paired__perfect_rank_biserial	1	emlRunKruskalWallisAnalysis
c0146	posthoc_paired__perfect_p	1.2696047946140147e-06	emlRunKruskalWallisAnalysis
c0146	posthoc_paired__welch_padj	0.8087760826617025	emlRunKruskalWallisAnalysis
c0146	posthoc_paired__welch_z	1.0817452644595082	emlRunKruskalWallisAnalysis
c0146	posthoc_paired__welch_rank_biserial	0.525	emlRunKruskalWallisAnalysis
c0146	posthoc_paired__welch_p	0.27936573408149806	emlRunKruskalWallisAnalysis
c0146	posthoc_perfect__welch_padj	0.0022060375356661123	emlRunKruskalWallisAnalysis
c0146	posthoc_perfect__welch_z	-3.602519113750257	emlRunKruskalWallisAnalysis
c0146	posthoc_perfect__welch_rank_biserial	-1	emlRunKruskalWallisAnalysis
c0146	posthoc_perfect__welch_p	0.0003151482193808732	emlRunKruskalWallisAnalysis
c0147	h	35.99613677230836	emlRunKruskalWallisAnalysis
c0147	df	4	emlRunKruskalWallisAnalysis
c0147	p	2.898996303708696e-07	emlRunKruskalWallisAnalysis
c0147	epsilon_squared	0.7346150361695584	emlRunKruskalWallisAnalysis
c0147	n	50	emlRunKruskalWallisAnalysis
c0147	posthoc_corr__mwu_padj	0.27991326630558333	emlRunKruskalWallisAnalysis
c0147	posthoc_corr__mwu_z	1.2161425788773854	emlRunKruskalWallisAnalysis
c0147	posthoc_corr__mwu_rank_biserial	0.6071428571428571	emlRunKruskalWallisAnalysis
c0147	posthoc_corr__mwu_p	0.22393061304446665	emlRunKruskalWallisAnalysis
c0147	posthoc_corr__paired_padj	0.0003592473699741678	emlRunKruskalWallisAnalysis
c0147	posthoc_corr__paired_z	-3.930463856803697	emlRunKruskalWallisAnalysis
c0147	posthoc_corr__paired_rank_biserial	-0.9523809523809523	emlRunKruskalWallisAnalysis
c0147	posthoc_corr__paired_p	8.478213817365165e-05	emlRunKruskalWallisAnalysis
c0147	posthoc_corr__perfect_padj	0.27991326630558333	emlRunKruskalWallisAnalysis
c0147	posthoc_corr__perfect_z	1.2753255989088381	emlRunKruskalWallisAnalysis
c0147	posthoc_corr__perfect_rank_biserial	0.4714285714285714	emlRunKruskalWallisAnalysis
c0147	posthoc_corr__perfect_p	0.20219402066542563	emlRunKruskalWallisAnalysis
c0147	posthoc_corr__welch_padj	0.014834719054172593	emlRunKruskalWallisAnalysis
c0147	posthoc_corr__welch_z	-2.61583977397008	emlRunKruskalWallisAnalysis
c0147	posthoc_corr__welch_rank_biserial	-0.8142857142857143	emlRunKruskalWallisAnalysis
c0147	posthoc_corr__welch_p	0.008900831432503555	emlRunKruskalWallisAnalysis
c0147	posthoc_mwu__paired_padj	0.0003592473699741678	emlRunKruskalWallisAnalysis
c0147	posthoc_mwu__paired_z	-3.872387985590581	emlRunKruskalWallisAnalysis
c0147	posthoc_mwu__paired_rank_biserial	-1	emlRunKruskalWallisAnalysis
c0147	posthoc_mwu__paired_p	0.00010777421099225035	emlRunKruskalWallisAnalysis
c0147	posthoc_mwu__perfect_padj	0.7849258603601411	emlRunKruskalWallisAnalysis
c0147	posthoc_mwu__perfect_z	-0.2729054976618821	emlRunKruskalWallisAnalysis
c0147	posthoc_mwu__perfect_rank_biserial	-0.2	emlRunKruskalWallisAnalysis
c0147	posthoc_mwu__perfect_p	0.7849258603601411	emlRunKruskalWallisAnalysis
c0147	posthoc_mwu__welch_padj	0.005468166818249219	emlRunKruskalWallisAnalysis
c0147	posthoc_mwu__welch_z	-2.9961539743304506	emlRunKruskalWallisAnalysis
c0147	posthoc_mwu__welch_rank_biserial	-1	emlRunKruskalWallisAnalysis
c0147	posthoc_mwu__welch_p	0.0027340834091246096	emlRunKruskalWallisAnalysis
c0147	posthoc_paired__perfect_padj	1.2696047946140148e-05	emlRunKruskalWallisAnalysis
c0147	posthoc_paired__perfect_z	4.844453761602964	emlRunKruskalWallisAnalysis
c0147	posthoc_paired__perfect_rank_biserial	1	emlRunKruskalWallisAnalysis
c0147	posthoc_paired__perfect_p	1.2696047946140147e-06	emlRunKruskalWallisAnalysis
c0147	posthoc_paired__welch_padj	0.31040637120166453	emlRunKruskalWallisAnalysis
c0147	posthoc_paired__welch_z	1.0817452644595082	emlRunKruskalWallisAnalysis
c0147	posthoc_paired__welch_rank_biserial	0.525	emlRunKruskalWallisAnalysis
c0147	posthoc_paired__welch_p	0.27936573408149806	emlRunKruskalWallisAnalysis
c0147	posthoc_perfect__welch_padj	0.000787870548452183	emlRunKruskalWallisAnalysis
c0147	posthoc_perfect__welch_z	-3.602519113750257	emlRunKruskalWallisAnalysis
c0147	posthoc_perfect__welch_rank_biserial	-1	emlRunKruskalWallisAnalysis
c0147	posthoc_perfect__welch_p	0.0003151482193808732	emlRunKruskalWallisAnalysis
c0148	h	21.13040959939141	emlRunKruskalWallisAnalysis
c0148	df	3	emlRunKruskalWallisAnalysis
c0148	p	9.891085324467644e-05	emlRunKruskalWallisAnalysis
c0148	epsilon_squared	0.4312328489671716	emlRunKruskalWallisAnalysis
c0148	n	50	emlRunKruskalWallisAnalysis
c0149	h	21.13040959939141	emlRunKruskalWallisAnalysis
c0149	df	3	emlRunKruskalWallisAnalysis
c0149	p	9.891085324467644e-05	emlRunKruskalWallisAnalysis
c0149	epsilon_squared	0.4312328489671716	emlRunKruskalWallisAnalysis
c0149	n	50	emlRunKruskalWallisAnalysis
c0149	posthoc_a__b_padj	1	emlRunKruskalWallisAnalysis
c0149	posthoc_a__b_z	-1.0509604508182437	emlRunKruskalWallisAnalysis
c0149	posthoc_a__b_rank_biserial	-0.41420118343195267	emlRunKruskalWallisAnalysis
c0149	posthoc_a__b_p	0.2932767544258882	emlRunKruskalWallisAnalysis
c0149	posthoc_a__x_padj	0.015063051903781344	emlRunKruskalWallisAnalysis
c0149	posthoc_a__x_z	3.0220719536024148	emlRunKruskalWallisAnalysis
c0149	posthoc_a__x_rank_biserial	0.7948717948717948	emlRunKruskalWallisAnalysis
c0149	posthoc_a__x_p	0.002510508650630224	emlRunKruskalWallisAnalysis
c0149	posthoc_a__y_padj	0.18280159738014579	emlRunKruskalWallisAnalysis
c0149	posthoc_a__y_z	2.1639663388190575	emlRunKruskalWallisAnalysis
c0149	posthoc_a__y_rank_biserial	0.6025641025641025	emlRunKruskalWallisAnalysis
c0149	posthoc_a__y_p	0.030466932896690963	emlRunKruskalWallisAnalysis
c0149	posthoc_b__x_padj	0.0003049523247415104	emlRunKruskalWallisAnalysis
c0149	posthoc_b__x_z	4.051798691342444	emlRunKruskalWallisAnalysis
c0149	posthoc_b__x_rank_biserial	0.7948717948717948	emlRunKruskalWallisAnalysis
c0149	posthoc_b__x_p	5.0825387456918405e-05	emlRunKruskalWallisAnalysis
c0149	posthoc_b__y_padj	0.008427922277866456	emlRunKruskalWallisAnalysis
c0149	posthoc_b__y_z	3.193693076559087	emlRunKruskalWallisAnalysis
c0149	posthoc_b__y_rank_biserial	0.7051282051282052	emlRunKruskalWallisAnalysis
c0149	posthoc_b__y_p	0.0014046537129777429	emlRunKruskalWallisAnalysis
c0149	posthoc_x__y_padj	1	emlRunKruskalWallisAnalysis
c0149	posthoc_x__y_z	-0.841441783558437	emlRunKruskalWallisAnalysis
c0149	posthoc_x__y_rank_biserial	-0.2638888888888889	emlRunKruskalWallisAnalysis
c0149	posthoc_x__y_p	0.4001004859287519	emlRunKruskalWallisAnalysis
c0150	h	21.13040959939141	emlRunKruskalWallisAnalysis
c0150	df	3	emlRunKruskalWallisAnalysis
c0150	p	9.891085324467644e-05	emlRunKruskalWallisAnalysis
c0150	epsilon_squared	0.4312328489671716	emlRunKruskalWallisAnalysis
c0150	n	50	emlRunKruskalWallisAnalysis
c0150	posthoc_a__b_padj	0.5865535088517764	emlRunKruskalWallisAnalysis
c0150	posthoc_a__b_z	-1.0509604508182437	emlRunKruskalWallisAnalysis
c0150	posthoc_a__b_rank_biserial	-0.41420118343195267	emlRunKruskalWallisAnalysis
c0150	posthoc_a__b_p	0.2932767544258882	emlRunKruskalWallisAnalysis
c0150	posthoc_a__x_padj	0.010042034602520896	emlRunKruskalWallisAnalysis
c0150	posthoc_a__x_z	3.0220719536024148	emlRunKruskalWallisAnalysis
c0150	posthoc_a__x_rank_biserial	0.7948717948717948	emlRunKruskalWallisAnalysis
c0150	posthoc_a__x_p	0.002510508650630224	emlRunKruskalWallisAnalysis
c0150	posthoc_a__y_padj	0.09140079869007289	emlRunKruskalWallisAnalysis
c0150	posthoc_a__y_z	2.1639663388190575	emlRunKruskalWallisAnalysis
c0150	posthoc_a__y_rank_biserial	0.6025641025641025	emlRunKruskalWallisAnalysis
c0150	posthoc_a__y_p	0.030466932896690963	emlRunKruskalWallisAnalysis
c0150	posthoc_b__x_padj	0.0003049523247415104	emlRunKruskalWallisAnalysis
c0150	posthoc_b__x_z	4.051798691342444	emlRunKruskalWallisAnalysis
c0150	posthoc_b__x_rank_biserial	0.7948717948717948	emlRunKruskalWallisAnalysis
c0150	posthoc_b__x_p	5.0825387456918405e-05	emlRunKruskalWallisAnalysis
c0150	posthoc_b__y_padj	0.007023268564888715	emlRunKruskalWallisAnalysis
c0150	posthoc_b__y_z	3.193693076559087	emlRunKruskalWallisAnalysis
c0150	posthoc_b__y_rank_biserial	0.7051282051282052	emlRunKruskalWallisAnalysis
c0150	posthoc_b__y_p	0.0014046537129777429	emlRunKruskalWallisAnalysis
c0150	posthoc_x__y_padj	0.5865535088517764	emlRunKruskalWallisAnalysis
c0150	posthoc_x__y_z	-0.841441783558437	emlRunKruskalWallisAnalysis
c0150	posthoc_x__y_rank_biserial	-0.2638888888888889	emlRunKruskalWallisAnalysis
c0150	posthoc_x__y_p	0.4001004859287519	emlRunKruskalWallisAnalysis
c0151	h	21.13040959939141	emlRunKruskalWallisAnalysis
c0151	df	3	emlRunKruskalWallisAnalysis
c0151	p	9.891085324467644e-05	emlRunKruskalWallisAnalysis
c0151	epsilon_squared	0.4312328489671716	emlRunKruskalWallisAnalysis
c0151	n	50	emlRunKruskalWallisAnalysis
c0151	posthoc_a__b_padj	0.35193210531106583	emlRunKruskalWallisAnalysis
c0151	posthoc_a__b_z	-1.0509604508182437	emlRunKruskalWallisAnalysis
c0151	posthoc_a__b_rank_biserial	-0.41420118343195267	emlRunKruskalWallisAnalysis
c0151	posthoc_a__b_p	0.2932767544258882	emlRunKruskalWallisAnalysis
c0151	posthoc_a__x_padj	0.005021017301260448	emlRunKruskalWallisAnalysis
c0151	posthoc_a__x_z	3.0220719536024148	emlRunKruskalWallisAnalysis
c0151	posthoc_a__x_rank_biserial	0.7948717948717948	emlRunKruskalWallisAnalysis
c0151	posthoc_a__x_p	0.002510508650630224	emlRunKruskalWallisAnalysis
c0151	posthoc_a__y_padj	0.045700399345036447	emlRunKruskalWallisAnalysis
c0151	posthoc_a__y_z	2.1639663388190575	emlRunKruskalWallisAnalysis
c0151	posthoc_a__y_rank_biserial	0.6025641025641025	emlRunKruskalWallisAnalysis
c0151	posthoc_a__y_p	0.030466932896690963	emlRunKruskalWallisAnalysis
c0151	posthoc_b__x_padj	0.0003049523247415104	emlRunKruskalWallisAnalysis
c0151	posthoc_b__x_z	4.051798691342444	emlRunKruskalWallisAnalysis
c0151	posthoc_b__x_rank_biserial	0.7948717948717948	emlRunKruskalWallisAnalysis
c0151	posthoc_b__x_p	5.0825387456918405e-05	emlRunKruskalWallisAnalysis
c0151	posthoc_b__y_padj	0.004213961138933228	emlRunKruskalWallisAnalysis
c0151	posthoc_b__y_z	3.193693076559087	emlRunKruskalWallisAnalysis
c0151	posthoc_b__y_rank_biserial	0.7051282051282052	emlRunKruskalWallisAnalysis
c0151	posthoc_b__y_p	0.0014046537129777429	emlRunKruskalWallisAnalysis
c0151	posthoc_x__y_padj	0.40010048592875186	emlRunKruskalWallisAnalysis
c0151	posthoc_x__y_z	-0.841441783558437	emlRunKruskalWallisAnalysis
c0151	posthoc_x__y_rank_biserial	-0.2638888888888889	emlRunKruskalWallisAnalysis
c0151	posthoc_x__y_p	0.4001004859287519	emlRunKruskalWallisAnalysis
c0152	h	21.13040959939141	emlRunKruskalWallisAnalysis
c0152	df	3	emlRunKruskalWallisAnalysis
c0152	p	9.891085324467644e-05	emlRunKruskalWallisAnalysis
c0152	epsilon_squared	0.4312328489671716	emlRunKruskalWallisAnalysis
c0152	n	50	emlRunKruskalWallisAnalysis
c0153	h	21.13040959939141	emlRunKruskalWallisAnalysis
c0153	df	3	emlRunKruskalWallisAnalysis
c0153	p	9.891085324467644e-05	emlRunKruskalWallisAnalysis
c0153	epsilon_squared	0.4312328489671716	emlRunKruskalWallisAnalysis
c0153	n	50	emlRunKruskalWallisAnalysis
c0153	posthoc_a__b_padj	1	emlRunKruskalWallisAnalysis
c0153	posthoc_a__b_z	-1.0509604508182437	emlRunKruskalWallisAnalysis
c0153	posthoc_a__b_rank_biserial	-0.41420118343195267	emlRunKruskalWallisAnalysis
c0153	posthoc_a__b_p	0.2932767544258882	emlRunKruskalWallisAnalysis
c0153	posthoc_a__x_padj	0.015063051903781344	emlRunKruskalWallisAnalysis
c0153	posthoc_a__x_z	3.0220719536024148	emlRunKruskalWallisAnalysis
c0153	posthoc_a__x_rank_biserial	0.7948717948717948	emlRunKruskalWallisAnalysis
c0153	posthoc_a__x_p	0.002510508650630224	emlRunKruskalWallisAnalysis
c0153	posthoc_a__y_padj	0.18280159738014579	emlRunKruskalWallisAnalysis
c0153	posthoc_a__y_z	2.1639663388190575	emlRunKruskalWallisAnalysis
c0153	posthoc_a__y_rank_biserial	0.6025641025641025	emlRunKruskalWallisAnalysis
c0153	posthoc_a__y_p	0.030466932896690963	emlRunKruskalWallisAnalysis
c0153	posthoc_b__x_padj	0.0003049523247415104	emlRunKruskalWallisAnalysis
c0153	posthoc_b__x_z	4.051798691342444	emlRunKruskalWallisAnalysis
c0153	posthoc_b__x_rank_biserial	0.7948717948717948	emlRunKruskalWallisAnalysis
c0153	posthoc_b__x_p	5.0825387456918405e-05	emlRunKruskalWallisAnalysis
c0153	posthoc_b__y_padj	0.008427922277866456	emlRunKruskalWallisAnalysis
c0153	posthoc_b__y_z	3.193693076559087	emlRunKruskalWallisAnalysis
c0153	posthoc_b__y_rank_biserial	0.7051282051282052	emlRunKruskalWallisAnalysis
c0153	posthoc_b__y_p	0.0014046537129777429	emlRunKruskalWallisAnalysis
c0153	posthoc_x__y_padj	1	emlRunKruskalWallisAnalysis
c0153	posthoc_x__y_z	-0.841441783558437	emlRunKruskalWallisAnalysis
c0153	posthoc_x__y_rank_biserial	-0.2638888888888889	emlRunKruskalWallisAnalysis
c0153	posthoc_x__y_p	0.4001004859287519	emlRunKruskalWallisAnalysis
c0154	h	21.13040959939141	emlRunKruskalWallisAnalysis
c0154	df	3	emlRunKruskalWallisAnalysis
c0154	p	9.891085324467644e-05	emlRunKruskalWallisAnalysis
c0154	epsilon_squared	0.4312328489671716	emlRunKruskalWallisAnalysis
c0154	n	50	emlRunKruskalWallisAnalysis
c0154	posthoc_a__b_padj	0.5865535088517764	emlRunKruskalWallisAnalysis
c0154	posthoc_a__b_z	-1.0509604508182437	emlRunKruskalWallisAnalysis
c0154	posthoc_a__b_rank_biserial	-0.41420118343195267	emlRunKruskalWallisAnalysis
c0154	posthoc_a__b_p	0.2932767544258882	emlRunKruskalWallisAnalysis
c0154	posthoc_a__x_padj	0.010042034602520896	emlRunKruskalWallisAnalysis
c0154	posthoc_a__x_z	3.0220719536024148	emlRunKruskalWallisAnalysis
c0154	posthoc_a__x_rank_biserial	0.7948717948717948	emlRunKruskalWallisAnalysis
c0154	posthoc_a__x_p	0.002510508650630224	emlRunKruskalWallisAnalysis
c0154	posthoc_a__y_padj	0.09140079869007289	emlRunKruskalWallisAnalysis
c0154	posthoc_a__y_z	2.1639663388190575	emlRunKruskalWallisAnalysis
c0154	posthoc_a__y_rank_biserial	0.6025641025641025	emlRunKruskalWallisAnalysis
c0154	posthoc_a__y_p	0.030466932896690963	emlRunKruskalWallisAnalysis
c0154	posthoc_b__x_padj	0.0003049523247415104	emlRunKruskalWallisAnalysis
c0154	posthoc_b__x_z	4.051798691342444	emlRunKruskalWallisAnalysis
c0154	posthoc_b__x_rank_biserial	0.7948717948717948	emlRunKruskalWallisAnalysis
c0154	posthoc_b__x_p	5.0825387456918405e-05	emlRunKruskalWallisAnalysis
c0154	posthoc_b__y_padj	0.007023268564888715	emlRunKruskalWallisAnalysis
c0154	posthoc_b__y_z	3.193693076559087	emlRunKruskalWallisAnalysis
c0154	posthoc_b__y_rank_biserial	0.7051282051282052	emlRunKruskalWallisAnalysis
c0154	posthoc_b__y_p	0.0014046537129777429	emlRunKruskalWallisAnalysis
c0154	posthoc_x__y_padj	0.5865535088517764	emlRunKruskalWallisAnalysis
c0154	posthoc_x__y_z	-0.841441783558437	emlRunKruskalWallisAnalysis
c0154	posthoc_x__y_rank_biserial	-0.2638888888888889	emlRunKruskalWallisAnalysis
c0154	posthoc_x__y_p	0.4001004859287519	emlRunKruskalWallisAnalysis
c0155	h	21.13040959939141	emlRunKruskalWallisAnalysis
c0155	df	3	emlRunKruskalWallisAnalysis
c0155	p	9.891085324467644e-05	emlRunKruskalWallisAnalysis
c0155	epsilon_squared	0.4312328489671716	emlRunKruskalWallisAnalysis
c0155	n	50	emlRunKruskalWallisAnalysis
c0155	posthoc_a__b_padj	0.35193210531106583	emlRunKruskalWallisAnalysis
c0155	posthoc_a__b_z	-1.0509604508182437	emlRunKruskalWallisAnalysis
c0155	posthoc_a__b_rank_biserial	-0.41420118343195267	emlRunKruskalWallisAnalysis
c0155	posthoc_a__b_p	0.2932767544258882	emlRunKruskalWallisAnalysis
c0155	posthoc_a__x_padj	0.005021017301260448	emlRunKruskalWallisAnalysis
c0155	posthoc_a__x_z	3.0220719536024148	emlRunKruskalWallisAnalysis
c0155	posthoc_a__x_rank_biserial	0.7948717948717948	emlRunKruskalWallisAnalysis
c0155	posthoc_a__x_p	0.002510508650630224	emlRunKruskalWallisAnalysis
c0155	posthoc_a__y_padj	0.045700399345036447	emlRunKruskalWallisAnalysis
c0155	posthoc_a__y_z	2.1639663388190575	emlRunKruskalWallisAnalysis
c0155	posthoc_a__y_rank_biserial	0.6025641025641025	emlRunKruskalWallisAnalysis
c0155	posthoc_a__y_p	0.030466932896690963	emlRunKruskalWallisAnalysis
c0155	posthoc_b__x_padj	0.0003049523247415104	emlRunKruskalWallisAnalysis
c0155	posthoc_b__x_z	4.051798691342444	emlRunKruskalWallisAnalysis
c0155	posthoc_b__x_rank_biserial	0.7948717948717948	emlRunKruskalWallisAnalysis
c0155	posthoc_b__x_p	5.0825387456918405e-05	emlRunKruskalWallisAnalysis
c0155	posthoc_b__y_padj	0.004213961138933228	emlRunKruskalWallisAnalysis
c0155	posthoc_b__y_z	3.193693076559087	emlRunKruskalWallisAnalysis
c0155	posthoc_b__y_rank_biserial	0.7051282051282052	emlRunKruskalWallisAnalysis
c0155	posthoc_b__y_p	0.0014046537129777429	emlRunKruskalWallisAnalysis
c0155	posthoc_x__y_padj	0.40010048592875186	emlRunKruskalWallisAnalysis
c0155	posthoc_x__y_z	-0.841441783558437	emlRunKruskalWallisAnalysis
c0155	posthoc_x__y_rank_biserial	-0.2638888888888889	emlRunKruskalWallisAnalysis
c0155	posthoc_x__y_p	0.4001004859287519	emlRunKruskalWallisAnalysis
c0157	n	45	emlRunPairwiseAnalysis
c0157	k	3	emlRunPairwiseAnalysis
c0157	posthoc_soprano__mezzo_padj	0.00013678587308803438	emlRunPairwiseAnalysis
c0157	posthoc_soprano__mezzo_t	4.885356132267499	emlRunPairwiseAnalysis
c0157	posthoc_soprano__mezzo_cohens_d	1.7838798367260675	emlRunPairwiseAnalysis
c0157	posthoc_soprano__mezzo_p	4.559529102934479e-05	emlRunPairwiseAnalysis
c0157	posthoc_soprano__alto_padj	2.9419936994394147e-05	emlRunPairwiseAnalysis
c0157	posthoc_soprano__alto_t	5.707200519681138	emlRunPairwiseAnalysis
c0157	posthoc_soprano__alto_cohens_d	2.0839749765563775	emlRunPairwiseAnalysis
c0157	posthoc_soprano__alto_p	9.806645664798049e-06	emlRunPairwiseAnalysis
c0157	posthoc_mezzo__alto_padj	0.3621781180488127	emlRunPairwiseAnalysis
c0157	posthoc_mezzo__alto_t	1.6046513157500177	emlRunPairwiseAnalysis
c0157	posthoc_mezzo__alto_cohens_d	0.5859358150444196	emlRunPairwiseAnalysis
c0157	posthoc_mezzo__alto_p	0.12072603934960424	emlRunPairwiseAnalysis
c0157	posthoc_soprano__mezzo_df	25.97323279874925	emlRunPairwiseAnalysis
c0157	posthoc_soprano__mezzo_diff	6.06695930108711	emlRunPairwiseAnalysis
c0157	posthoc_soprano__mezzo_ci_low	2.8888703289069655	emlRunPairwiseAnalysis
c0157	posthoc_soprano__mezzo_ci_high	9.245048273267255	emlRunPairwiseAnalysis
c0157	posthoc_soprano__alto_df	21.929060728962583	emlRunPairwiseAnalysis
c0157	posthoc_soprano__alto_diff	8.740701015662026	emlRunPairwiseAnalysis
c0157	posthoc_soprano__alto_ci_low	4.771153137549842	emlRunPairwiseAnalysis
c0157	posthoc_soprano__alto_ci_high	12.71024889377421	emlRunPairwiseAnalysis
c0157	posthoc_mezzo__alto_df	25.836932652512594	emlRunPairwiseAnalysis
c0157	posthoc_mezzo__alto_diff	2.6737417145749163	emlRunPairwiseAnalysis
c0157	posthoc_mezzo__alto_ci_low	-1.5919283797935755	emlRunPairwiseAnalysis
c0157	posthoc_mezzo__alto_ci_high	6.939411808943408	emlRunPairwiseAnalysis
c0158	n	45	emlRunPairwiseAnalysis
c0158	k	3	emlRunPairwiseAnalysis
c0158	posthoc_soprano__mezzo_padj	9.119058205868958e-05	emlRunPairwiseAnalysis
c0158	posthoc_soprano__mezzo_t	4.885356132267499	emlRunPairwiseAnalysis
c0158	posthoc_soprano__mezzo_cohens_d	1.7838798367260675	emlRunPairwiseAnalysis
c0158	posthoc_soprano__mezzo_p	4.559529102934479e-05	emlRunPairwiseAnalysis
c0158	posthoc_soprano__alto_padj	2.9419936994394147e-05	emlRunPairwiseAnalysis
c0158	posthoc_soprano__alto_t	5.707200519681138	emlRunPairwiseAnalysis
c0158	posthoc_soprano__alto_cohens_d	2.0839749765563775	emlRunPairwiseAnalysis
c0158	posthoc_soprano__alto_p	9.806645664798049e-06	emlRunPairwiseAnalysis
c0158	posthoc_mezzo__alto_padj	0.12072603934960424	emlRunPairwiseAnalysis
c0158	posthoc_mezzo__alto_t	1.6046513157500177	emlRunPairwiseAnalysis
c0158	posthoc_mezzo__alto_cohens_d	0.5859358150444196	emlRunPairwiseAnalysis
c0158	posthoc_mezzo__alto_p	0.12072603934960424	emlRunPairwiseAnalysis
c0158	posthoc_soprano__mezzo_df	25.97323279874925	emlRunPairwiseAnalysis
c0158	posthoc_soprano__mezzo_diff	6.06695930108711	emlRunPairwiseAnalysis
c0158	posthoc_soprano__alto_df	21.929060728962583	emlRunPairwiseAnalysis
c0158	posthoc_soprano__alto_diff	8.740701015662026	emlRunPairwiseAnalysis
c0158	posthoc_mezzo__alto_df	25.836932652512594	emlRunPairwiseAnalysis
c0158	posthoc_mezzo__alto_diff	2.6737417145749163	emlRunPairwiseAnalysis
c0159	n	45	emlRunPairwiseAnalysis
c0159	k	3	emlRunPairwiseAnalysis
c0159	posthoc_soprano__mezzo_padj	6.839293654401719e-05	emlRunPairwiseAnalysis
c0159	posthoc_soprano__mezzo_t	4.885356132267499	emlRunPairwiseAnalysis
c0159	posthoc_soprano__mezzo_cohens_d	1.7838798367260675	emlRunPairwiseAnalysis
c0159	posthoc_soprano__mezzo_p	4.559529102934479e-05	emlRunPairwiseAnalysis
c0159	posthoc_soprano__alto_padj	2.9419936994394147e-05	emlRunPairwiseAnalysis
c0159	posthoc_soprano__alto_t	5.707200519681138	emlRunPairwiseAnalysis
c0159	posthoc_soprano__alto_cohens_d	2.0839749765563775	emlRunPairwiseAnalysis
c0159	posthoc_soprano__alto_p	9.806645664798049e-06	emlRunPairwiseAnalysis
c0159	posthoc_mezzo__alto_padj	0.12072603934960424	emlRunPairwiseAnalysis
c0159	posthoc_mezzo__alto_t	1.6046513157500177	emlRunPairwiseAnalysis
c0159	posthoc_mezzo__alto_cohens_d	0.5859358150444196	emlRunPairwiseAnalysis
c0159	posthoc_mezzo__alto_p	0.12072603934960424	emlRunPairwiseAnalysis
c0159	posthoc_soprano__mezzo_df	25.97323279874925	emlRunPairwiseAnalysis
c0159	posthoc_soprano__mezzo_diff	6.06695930108711	emlRunPairwiseAnalysis
c0159	posthoc_soprano__alto_df	21.929060728962583	emlRunPairwiseAnalysis
c0159	posthoc_soprano__alto_diff	8.740701015662026	emlRunPairwiseAnalysis
c0159	posthoc_mezzo__alto_df	25.836932652512594	emlRunPairwiseAnalysis
c0159	posthoc_mezzo__alto_diff	2.6737417145749163	emlRunPairwiseAnalysis
c0160	n	45	emlRunPairwiseAnalysis
c0160	k	3	emlRunPairwiseAnalysis
c0160	posthoc_soprano__mezzo_padj	0.00011383243052292753	emlRunPairwiseAnalysis
c0160	posthoc_soprano__mezzo_t	4.885356132267499	emlRunPairwiseAnalysis
c0160	posthoc_soprano__mezzo_cohens_d	1.7838798367260675	emlRunPairwiseAnalysis
c0160	posthoc_soprano__mezzo_p	3.794414350764251e-05	emlRunPairwiseAnalysis
c0160	posthoc_soprano__alto_padj	1.2106082522989246e-05	emlRunPairwiseAnalysis
c0160	posthoc_soprano__alto_t	5.707200519681138	emlRunPairwiseAnalysis
c0160	posthoc_soprano__alto_cohens_d	2.0839749765563775	emlRunPairwiseAnalysis
c0160	posthoc_soprano__alto_p	4.0353608409964154e-06	emlRunPairwiseAnalysis
c0160	posthoc_mezzo__alto_padj	0.3593763406881737	emlRunPairwiseAnalysis
c0160	posthoc_mezzo__alto_t	1.6046513157500177	emlRunPairwiseAnalysis
c0160	posthoc_mezzo__alto_cohens_d	0.5859358150444196	emlRunPairwiseAnalysis
c0160	posthoc_mezzo__alto_p	0.11979211356272457	emlRunPairwiseAnalysis
c0160	posthoc_soprano__mezzo_df	28	emlRunPairwiseAnalysis
c0160	posthoc_soprano__mezzo_diff	6.06695930108711	emlRunPairwiseAnalysis
c0160	posthoc_soprano__mezzo_ci_low	2.904589874997413	emlRunPairwiseAnalysis
c0160	posthoc_soprano__mezzo_ci_high	9.229328727176807	emlRunPairwiseAnalysis
c0160	posthoc_soprano__alto_df	28	emlRunPairwiseAnalysis
c0160	posthoc_soprano__alto_diff	8.740701015662026	emlRunPairwiseAnalysis
c0160	posthoc_soprano__alto_ci_low	4.840734458967706	emlRunPairwiseAnalysis
c0160	posthoc_soprano__alto_ci_high	12.640667572356346	emlRunPairwiseAnalysis
c0160	posthoc_mezzo__alto_df	28	emlRunPairwiseAnalysis
c0160	posthoc_mezzo__alto_diff	2.6737417145749163	emlRunPairwiseAnalysis
c0160	posthoc_mezzo__alto_ci_low	-1.5692924100566872	emlRunPairwiseAnalysis
c0160	posthoc_mezzo__alto_ci_high	6.91677583920652	emlRunPairwiseAnalysis
c0161	n	45	emlRunPairwiseAnalysis
c0161	k	3	emlRunPairwiseAnalysis
c0161	posthoc_soprano__mezzo_padj	7.588828701528502e-05	emlRunPairwiseAnalysis
c0161	posthoc_soprano__mezzo_t	4.885356132267499	emlRunPairwiseAnalysis
c0161	posthoc_soprano__mezzo_cohens_d	1.7838798367260675	emlRunPairwiseAnalysis
c0161	posthoc_soprano__mezzo_p	3.794414350764251e-05	emlRunPairwiseAnalysis
c0161	posthoc_soprano__alto_padj	1.2106082522989246e-05	emlRunPairwiseAnalysis
c0161	posthoc_soprano__alto_t	5.707200519681138	emlRunPairwiseAnalysis
c0161	posthoc_soprano__alto_cohens_d	2.0839749765563775	emlRunPairwiseAnalysis
c0161	posthoc_soprano__alto_p	4.0353608409964154e-06	emlRunPairwiseAnalysis
c0161	posthoc_mezzo__alto_padj	0.11979211356272457	emlRunPairwiseAnalysis
c0161	posthoc_mezzo__alto_t	1.6046513157500177	emlRunPairwiseAnalysis
c0161	posthoc_mezzo__alto_cohens_d	0.5859358150444196	emlRunPairwiseAnalysis
c0161	posthoc_mezzo__alto_p	0.11979211356272457	emlRunPairwiseAnalysis
c0161	posthoc_soprano__mezzo_df	28	emlRunPairwiseAnalysis
c0161	posthoc_soprano__mezzo_diff	6.06695930108711	emlRunPairwiseAnalysis
c0161	posthoc_soprano__alto_df	28	emlRunPairwiseAnalysis
c0161	posthoc_soprano__alto_diff	8.740701015662026	emlRunPairwiseAnalysis
c0161	posthoc_mezzo__alto_df	28	emlRunPairwiseAnalysis
c0161	posthoc_mezzo__alto_diff	2.6737417145749163	emlRunPairwiseAnalysis
c0162	n	45	emlRunPairwiseAnalysis
c0162	k	3	emlRunPairwiseAnalysis
c0162	posthoc_soprano__mezzo_padj	5.691621526146377e-05	emlRunPairwiseAnalysis
c0162	posthoc_soprano__mezzo_t	4.885356132267499	emlRunPairwiseAnalysis
c0162	posthoc_soprano__mezzo_cohens_d	1.7838798367260675	emlRunPairwiseAnalysis
c0162	posthoc_soprano__mezzo_p	3.794414350764251e-05	emlRunPairwiseAnalysis
c0162	posthoc_soprano__alto_padj	1.2106082522989246e-05	emlRunPairwiseAnalysis
c0162	posthoc_soprano__alto_t	5.707200519681138	emlRunPairwiseAnalysis
c0162	posthoc_soprano__alto_cohens_d	2.0839749765563775	emlRunPairwiseAnalysis
c0162	posthoc_soprano__alto_p	4.0353608409964154e-06	emlRunPairwiseAnalysis
c0162	posthoc_mezzo__alto_padj	0.11979211356272457	emlRunPairwiseAnalysis
c0162	posthoc_mezzo__alto_t	1.6046513157500177	emlRunPairwiseAnalysis
c0162	posthoc_mezzo__alto_cohens_d	0.5859358150444196	emlRunPairwiseAnalysis
c0162	posthoc_mezzo__alto_p	0.11979211356272457	emlRunPairwiseAnalysis
c0162	posthoc_soprano__mezzo_df	28	emlRunPairwiseAnalysis
c0162	posthoc_soprano__mezzo_diff	6.06695930108711	emlRunPairwiseAnalysis
c0162	posthoc_soprano__alto_df	28	emlRunPairwiseAnalysis
c0162	posthoc_soprano__alto_diff	8.740701015662026	emlRunPairwiseAnalysis
c0162	posthoc_mezzo__alto_df	28	emlRunPairwiseAnalysis
c0162	posthoc_mezzo__alto_diff	2.6737417145749163	emlRunPairwiseAnalysis
c0163	n	45	emlRunPairwiseAnalysis
c0163	k	3	emlRunPairwiseAnalysis
c0163	posthoc_soprano__mezzo_padj	3.5315159757582505e-05	emlRunPairwiseAnalysis
c0163	posthoc_soprano__mezzo_u	209	emlRunPairwiseAnalysis
c0163	posthoc_soprano__mezzo_rank_biserial	0.8577777777777778	emlRunPairwiseAnalysis
c0163	posthoc_soprano__mezzo_p	1.1771719919194169e-05	emlRunPairwiseAnalysis
c0163	posthoc_soprano__alto_padj	2.6457359555516363e-05	emlRunPairwiseAnalysis
c0163	posthoc_soprano__alto_u	210	emlRunPairwiseAnalysis
c0163	posthoc_soprano__alto_rank_biserial	0.8666666666666667	emlRunPairwiseAnalysis
c0163	posthoc_soprano__alto_p	8.819119851838787e-06	emlRunPairwiseAnalysis
c0163	posthoc_mezzo__alto_padj	0.48205641761162765	emlRunPairwiseAnalysis
c0163	posthoc_mezzo__alto_u	147	emlRunPairwiseAnalysis
c0163	posthoc_mezzo__alto_rank_biserial	0.30666666666666664	emlRunPairwiseAnalysis
c0163	posthoc_mezzo__alto_p	0.16068547253720922	emlRunPairwiseAnalysis
c0163	posthoc_soprano__mezzo_diff	5.366045374070282	emlRunPairwiseAnalysis
c0163	posthoc_soprano__mezzo_ci_low	2.397453815657002	emlRunPairwiseAnalysis
c0163	posthoc_soprano__mezzo_ci_high	8.907664475835816	emlRunPairwiseAnalysis
c0163	posthoc_soprano__alto_diff	8.933763658652666	emlRunPairwiseAnalysis
c0163	posthoc_soprano__alto_ci_low	4.102188605132383	emlRunPairwiseAnalysis
c0163	posthoc_soprano__alto_ci_high	13.004944793208296	emlRunPairwiseAnalysis
c0163	posthoc_mezzo__alto_diff	2.906383714648129	emlRunPairwiseAnalysis
c0163	posthoc_mezzo__alto_ci_low	-1.8072110847671752	emlRunPairwiseAnalysis
c0163	posthoc_mezzo__alto_ci_high	7.861025991484524	emlRunPairwiseAnalysis
c0164	n	45	emlRunPairwiseAnalysis
c0164	k	3	emlRunPairwiseAnalysis
c0164	posthoc_soprano__mezzo_padj	2.6457359555516363e-05	emlRunPairwiseAnalysis
c0164	posthoc_soprano__mezzo_u	209	emlRunPairwiseAnalysis
c0164	posthoc_soprano__mezzo_rank_biserial	0.8577777777777778	emlRunPairwiseAnalysis
c0164	posthoc_soprano__mezzo_p	1.1771719919194169e-05	emlRunPairwiseAnalysis
c0164	posthoc_soprano__alto_padj	2.6457359555516363e-05	emlRunPairwiseAnalysis
c0164	posthoc_soprano__alto_u	210	emlRunPairwiseAnalysis
c0164	posthoc_soprano__alto_rank_biserial	0.8666666666666667	emlRunPairwiseAnalysis
c0164	posthoc_soprano__alto_p	8.819119851838787e-06	emlRunPairwiseAnalysis
c0164	posthoc_mezzo__alto_padj	0.16068547253720922	emlRunPairwiseAnalysis
c0164	posthoc_mezzo__alto_u	147	emlRunPairwiseAnalysis
c0164	posthoc_mezzo__alto_rank_biserial	0.30666666666666664	emlRunPairwiseAnalysis
c0164	posthoc_mezzo__alto_p	0.16068547253720922	emlRunPairwiseAnalysis
c0164	posthoc_soprano__mezzo_diff	5.366045374070282	emlRunPairwiseAnalysis
c0164	posthoc_soprano__alto_diff	8.933763658652666	emlRunPairwiseAnalysis
c0164	posthoc_mezzo__alto_diff	2.906383714648129	emlRunPairwiseAnalysis
c0165	n	45	emlRunPairwiseAnalysis
c0165	k	3	emlRunPairwiseAnalysis
c0165	posthoc_soprano__mezzo_padj	1.7657579878791253e-05	emlRunPairwiseAnalysis
c0165	posthoc_soprano__mezzo_u	209	emlRunPairwiseAnalysis
c0165	posthoc_soprano__mezzo_rank_biserial	0.8577777777777778	emlRunPairwiseAnalysis
c0165	posthoc_soprano__mezzo_p	1.1771719919194169e-05	emlRunPairwiseAnalysis
c0165	posthoc_soprano__alto_padj	1.7657579878791253e-05	emlRunPairwiseAnalysis
c0165	posthoc_soprano__alto_u	210	emlRunPairwiseAnalysis
c0165	posthoc_soprano__alto_rank_biserial	0.8666666666666667	emlRunPairwiseAnalysis
c0165	posthoc_soprano__alto_p	8.819119851838787e-06	emlRunPairwiseAnalysis
c0165	posthoc_mezzo__alto_padj	0.16068547253720922	emlRunPairwiseAnalysis
c0165	posthoc_mezzo__alto_u	147	emlRunPairwiseAnalysis
c0165	posthoc_mezzo__alto_rank_biserial	0.30666666666666664	emlRunPairwiseAnalysis
c0165	posthoc_mezzo__alto_p	0.16068547253720922	emlRunPairwiseAnalysis
c0165	posthoc_soprano__mezzo_diff	5.366045374070282	emlRunPairwiseAnalysis
c0165	posthoc_soprano__alto_diff	8.933763658652666	emlRunPairwiseAnalysis
c0165	posthoc_mezzo__alto_diff	2.906383714648129	emlRunPairwiseAnalysis
c0166	n	45	emlRunPairwiseAnalysis
c0166	k	3	emlRunPairwiseAnalysis
c0166	posthoc_soprano__mezzo_padj	0.0009270066767263035	emlRunPairwiseAnalysis
c0166	posthoc_soprano__mezzo_diff	6.06695930108711	emlRunPairwiseAnalysis
c0166	posthoc_soprano__mezzo_f	8.284911798914516	emlRunPairwiseAnalysis
c0166	posthoc_soprano__alto_padj	3.5004777216961405e-06	emlRunPairwiseAnalysis
c0166	posthoc_soprano__alto_diff	8.740701015662026	emlRunPairwiseAnalysis
c0166	posthoc_soprano__alto_f	17.19642841458566	emlRunPairwiseAnalysis
c0166	posthoc_mezzo__alto_padj	0.21215537358434644	emlRunPairwiseAnalysis
c0166	posthoc_mezzo__alto_diff	2.6737417145749163	emlRunPairwiseAnalysis
c0166	posthoc_mezzo__alto_f	1.6091059090878987	emlRunPairwiseAnalysis
c0166	posthoc_soprano__mezzo_ci_low	2.2847010308495888	emlRunPairwiseAnalysis
c0166	posthoc_soprano__mezzo_ci_high	9.84921757132463	emlRunPairwiseAnalysis
c0166	posthoc_soprano__alto_ci_low	4.958442745424505	emlRunPairwiseAnalysis
c0166	posthoc_soprano__alto_ci_high	12.522959285899546	emlRunPairwiseAnalysis
c0166	posthoc_mezzo__alto_ci_low	-1.1085165556626047	emlRunPairwiseAnalysis
c0166	posthoc_mezzo__alto_ci_high	6.455999984812437	emlRunPairwiseAnalysis
c0167	n	45	emlRunPairwiseAnalysis
c0167	k	3	emlRunPairwiseAnalysis
c0167	posthoc_alto__mezzo_padj	0.3621781180488127	emlRunPairwiseAnalysis
c0167	posthoc_alto__mezzo_t	-1.6046513157500177	emlRunPairwiseAnalysis
c0167	posthoc_alto__mezzo_cohens_d	-0.5859358150444196	emlRunPairwiseAnalysis
c0167	posthoc_alto__mezzo_p	0.12072603934960424	emlRunPairwiseAnalysis
c0167	posthoc_alto__soprano_padj	2.9419936994394147e-05	emlRunPairwiseAnalysis
c0167	posthoc_alto__soprano_t	-5.707200519681138	emlRunPairwiseAnalysis
c0167	posthoc_alto__soprano_cohens_d	-2.0839749765563775	emlRunPairwiseAnalysis
c0167	posthoc_alto__soprano_p	9.806645664798049e-06	emlRunPairwiseAnalysis
c0167	posthoc_mezzo__soprano_padj	0.00013678587308803438	emlRunPairwiseAnalysis
c0167	posthoc_mezzo__soprano_t	-4.885356132267499	emlRunPairwiseAnalysis
c0167	posthoc_mezzo__soprano_cohens_d	-1.7838798367260675	emlRunPairwiseAnalysis
c0167	posthoc_mezzo__soprano_p	4.559529102934479e-05	emlRunPairwiseAnalysis
c0167	posthoc_alto__mezzo_df	25.836932652512594	emlRunPairwiseAnalysis
c0167	posthoc_alto__mezzo_diff	-2.6737417145749163	emlRunPairwiseAnalysis
c0167	posthoc_alto__mezzo_ci_low	-6.939411808943408	emlRunPairwiseAnalysis
c0167	posthoc_alto__mezzo_ci_high	1.5919283797935755	emlRunPairwiseAnalysis
c0167	posthoc_alto__soprano_df	21.929060728962583	emlRunPairwiseAnalysis
c0167	posthoc_alto__soprano_diff	-8.740701015662026	emlRunPairwiseAnalysis
c0167	posthoc_alto__soprano_ci_low	-12.71024889377421	emlRunPairwiseAnalysis
c0167	posthoc_alto__soprano_ci_high	-4.771153137549842	emlRunPairwiseAnalysis
c0167	posthoc_mezzo__soprano_df	25.97323279874925	emlRunPairwiseAnalysis
c0167	posthoc_mezzo__soprano_diff	-6.06695930108711	emlRunPairwiseAnalysis
c0167	posthoc_mezzo__soprano_ci_low	-9.245048273267255	emlRunPairwiseAnalysis
c0167	posthoc_mezzo__soprano_ci_high	-2.8888703289069655	emlRunPairwiseAnalysis
c0168	n	45	emlRunPairwiseAnalysis
c0168	k	3	emlRunPairwiseAnalysis
c0168	posthoc_alto__mezzo_padj	0.12072603934960424	emlRunPairwiseAnalysis
c0168	posthoc_alto__mezzo_t	-1.6046513157500177	emlRunPairwiseAnalysis
c0168	posthoc_alto__mezzo_cohens_d	-0.5859358150444196	emlRunPairwiseAnalysis
c0168	posthoc_alto__mezzo_p	0.12072603934960424	emlRunPairwiseAnalysis
c0168	posthoc_alto__soprano_padj	2.9419936994394147e-05	emlRunPairwiseAnalysis
c0168	posthoc_alto__soprano_t	-5.707200519681138	emlRunPairwiseAnalysis
c0168	posthoc_alto__soprano_cohens_d	-2.0839749765563775	emlRunPairwiseAnalysis
c0168	posthoc_alto__soprano_p	9.806645664798049e-06	emlRunPairwiseAnalysis
c0168	posthoc_mezzo__soprano_padj	9.119058205868958e-05	emlRunPairwiseAnalysis
c0168	posthoc_mezzo__soprano_t	-4.885356132267499	emlRunPairwiseAnalysis
c0168	posthoc_mezzo__soprano_cohens_d	-1.7838798367260675	emlRunPairwiseAnalysis
c0168	posthoc_mezzo__soprano_p	4.559529102934479e-05	emlRunPairwiseAnalysis
c0168	posthoc_alto__mezzo_df	25.836932652512594	emlRunPairwiseAnalysis
c0168	posthoc_alto__mezzo_diff	-2.6737417145749163	emlRunPairwiseAnalysis
c0168	posthoc_alto__soprano_df	21.929060728962583	emlRunPairwiseAnalysis
c0168	posthoc_alto__soprano_diff	-8.740701015662026	emlRunPairwiseAnalysis
c0168	posthoc_mezzo__soprano_df	25.97323279874925	emlRunPairwiseAnalysis
c0168	posthoc_mezzo__soprano_diff	-6.06695930108711	emlRunPairwiseAnalysis
c0169	n	45	emlRunPairwiseAnalysis
c0169	k	3	emlRunPairwiseAnalysis
c0169	posthoc_alto__mezzo_padj	0.12072603934960424	emlRunPairwiseAnalysis
c0169	posthoc_alto__mezzo_t	-1.6046513157500177	emlRunPairwiseAnalysis
c0169	posthoc_alto__mezzo_cohens_d	-0.5859358150444196	emlRunPairwiseAnalysis
c0169	posthoc_alto__mezzo_p	0.12072603934960424	emlRunPairwiseAnalysis
c0169	posthoc_alto__soprano_padj	2.9419936994394147e-05	emlRunPairwiseAnalysis
c0169	posthoc_alto__soprano_t	-5.707200519681138	emlRunPairwiseAnalysis
c0169	posthoc_alto__soprano_cohens_d	-2.0839749765563775	emlRunPairwiseAnalysis
c0169	posthoc_alto__soprano_p	9.806645664798049e-06	emlRunPairwiseAnalysis
c0169	posthoc_mezzo__soprano_padj	6.839293654401719e-05	emlRunPairwiseAnalysis
c0169	posthoc_mezzo__soprano_t	-4.885356132267499	emlRunPairwiseAnalysis
c0169	posthoc_mezzo__soprano_cohens_d	-1.7838798367260675	emlRunPairwiseAnalysis
c0169	posthoc_mezzo__soprano_p	4.559529102934479e-05	emlRunPairwiseAnalysis
c0169	posthoc_alto__mezzo_df	25.836932652512594	emlRunPairwiseAnalysis
c0169	posthoc_alto__mezzo_diff	-2.6737417145749163	emlRunPairwiseAnalysis
c0169	posthoc_alto__soprano_df	21.929060728962583	emlRunPairwiseAnalysis
c0169	posthoc_alto__soprano_diff	-8.740701015662026	emlRunPairwiseAnalysis
c0169	posthoc_mezzo__soprano_df	25.97323279874925	emlRunPairwiseAnalysis
c0169	posthoc_mezzo__soprano_diff	-6.06695930108711	emlRunPairwiseAnalysis
c0170	n	45	emlRunPairwiseAnalysis
c0170	k	3	emlRunPairwiseAnalysis
c0170	posthoc_alto__mezzo_padj	0.3593763406881737	emlRunPairwiseAnalysis
c0170	posthoc_alto__mezzo_t	-1.6046513157500177	emlRunPairwiseAnalysis
c0170	posthoc_alto__mezzo_cohens_d	-0.5859358150444196	emlRunPairwiseAnalysis
c0170	posthoc_alto__mezzo_p	0.11979211356272457	emlRunPairwiseAnalysis
c0170	posthoc_alto__soprano_padj	1.2106082522989246e-05	emlRunPairwiseAnalysis
c0170	posthoc_alto__soprano_t	-5.707200519681138	emlRunPairwiseAnalysis
c0170	posthoc_alto__soprano_cohens_d	-2.0839749765563775	emlRunPairwiseAnalysis
c0170	posthoc_alto__soprano_p	4.0353608409964154e-06	emlRunPairwiseAnalysis
c0170	posthoc_mezzo__soprano_padj	0.00011383243052292753	emlRunPairwiseAnalysis
c0170	posthoc_mezzo__soprano_t	-4.885356132267499	emlRunPairwiseAnalysis
c0170	posthoc_mezzo__soprano_cohens_d	-1.7838798367260675	emlRunPairwiseAnalysis
c0170	posthoc_mezzo__soprano_p	3.794414350764251e-05	emlRunPairwiseAnalysis
c0170	posthoc_alto__mezzo_df	28	emlRunPairwiseAnalysis
c0170	posthoc_alto__mezzo_diff	-2.6737417145749163	emlRunPairwiseAnalysis
c0170	posthoc_alto__mezzo_ci_low	-6.91677583920652	emlRunPairwiseAnalysis
c0170	posthoc_alto__mezzo_ci_high	1.5692924100566872	emlRunPairwiseAnalysis
c0170	posthoc_alto__soprano_df	28	emlRunPairwiseAnalysis
c0170	posthoc_alto__soprano_diff	-8.740701015662026	emlRunPairwiseAnalysis
c0170	posthoc_alto__soprano_ci_low	-12.640667572356346	emlRunPairwiseAnalysis
c0170	posthoc_alto__soprano_ci_high	-4.840734458967706	emlRunPairwiseAnalysis
c0170	posthoc_mezzo__soprano_df	28	emlRunPairwiseAnalysis
c0170	posthoc_mezzo__soprano_diff	-6.06695930108711	emlRunPairwiseAnalysis
c0170	posthoc_mezzo__soprano_ci_low	-9.229328727176807	emlRunPairwiseAnalysis
c0170	posthoc_mezzo__soprano_ci_high	-2.904589874997413	emlRunPairwiseAnalysis
c0171	n	45	emlRunPairwiseAnalysis
c0171	k	3	emlRunPairwiseAnalysis
c0171	posthoc_alto__mezzo_padj	0.11979211356272457	emlRunPairwiseAnalysis
c0171	posthoc_alto__mezzo_t	-1.6046513157500177	emlRunPairwiseAnalysis
c0171	posthoc_alto__mezzo_cohens_d	-0.5859358150444196	emlRunPairwiseAnalysis
c0171	posthoc_alto__mezzo_p	0.11979211356272457	emlRunPairwiseAnalysis
c0171	posthoc_alto__soprano_padj	1.2106082522989246e-05	emlRunPairwiseAnalysis
c0171	posthoc_alto__soprano_t	-5.707200519681138	emlRunPairwiseAnalysis
c0171	posthoc_alto__soprano_cohens_d	-2.0839749765563775	emlRunPairwiseAnalysis
c0171	posthoc_alto__soprano_p	4.0353608409964154e-06	emlRunPairwiseAnalysis
c0171	posthoc_mezzo__soprano_padj	7.588828701528502e-05	emlRunPairwiseAnalysis
c0171	posthoc_mezzo__soprano_t	-4.885356132267499	emlRunPairwiseAnalysis
c0171	posthoc_mezzo__soprano_cohens_d	-1.7838798367260675	emlRunPairwiseAnalysis
c0171	posthoc_mezzo__soprano_p	3.794414350764251e-05	emlRunPairwiseAnalysis
c0171	posthoc_alto__mezzo_df	28	emlRunPairwiseAnalysis
c0171	posthoc_alto__mezzo_diff	-2.6737417145749163	emlRunPairwiseAnalysis
c0171	posthoc_alto__soprano_df	28	emlRunPairwiseAnalysis
c0171	posthoc_alto__soprano_diff	-8.740701015662026	emlRunPairwiseAnalysis
c0171	posthoc_mezzo__soprano_df	28	emlRunPairwiseAnalysis
c0171	posthoc_mezzo__soprano_diff	-6.06695930108711	emlRunPairwiseAnalysis
c0172	n	45	emlRunPairwiseAnalysis
c0172	k	3	emlRunPairwiseAnalysis
c0172	posthoc_alto__mezzo_padj	0.11979211356272457	emlRunPairwiseAnalysis
c0172	posthoc_alto__mezzo_t	-1.6046513157500177	emlRunPairwiseAnalysis
c0172	posthoc_alto__mezzo_cohens_d	-0.5859358150444196	emlRunPairwiseAnalysis
c0172	posthoc_alto__mezzo_p	0.11979211356272457	emlRunPairwiseAnalysis
c0172	posthoc_alto__soprano_padj	1.2106082522989246e-05	emlRunPairwiseAnalysis
c0172	posthoc_alto__soprano_t	-5.707200519681138	emlRunPairwiseAnalysis
c0172	posthoc_alto__soprano_cohens_d	-2.0839749765563775	emlRunPairwiseAnalysis
c0172	posthoc_alto__soprano_p	4.0353608409964154e-06	emlRunPairwiseAnalysis
c0172	posthoc_mezzo__soprano_padj	5.691621526146377e-05	emlRunPairwiseAnalysis
c0172	posthoc_mezzo__soprano_t	-4.885356132267499	emlRunPairwiseAnalysis
c0172	posthoc_mezzo__soprano_cohens_d	-1.7838798367260675	emlRunPairwiseAnalysis
c0172	posthoc_mezzo__soprano_p	3.794414350764251e-05	emlRunPairwiseAnalysis
c0172	posthoc_alto__mezzo_df	28	emlRunPairwiseAnalysis
c0172	posthoc_alto__mezzo_diff	-2.6737417145749163	emlRunPairwiseAnalysis
c0172	posthoc_alto__soprano_df	28	emlRunPairwiseAnalysis
c0172	posthoc_alto__soprano_diff	-8.740701015662026	emlRunPairwiseAnalysis
c0172	posthoc_mezzo__soprano_df	28	emlRunPairwiseAnalysis
c0172	posthoc_mezzo__soprano_diff	-6.06695930108711	emlRunPairwiseAnalysis
c0173	n	45	emlRunPairwiseAnalysis
c0173	k	3	emlRunPairwiseAnalysis
c0173	posthoc_alto__mezzo_padj	0.48205641761162765	emlRunPairwiseAnalysis
c0173	posthoc_alto__mezzo_u	78	emlRunPairwiseAnalysis
c0173	posthoc_alto__mezzo_rank_biserial	-0.30666666666666664	emlRunPairwiseAnalysis
c0173	posthoc_alto__mezzo_p	0.16068547253720922	emlRunPairwiseAnalysis
c0173	posthoc_alto__soprano_padj	2.6457359555516363e-05	emlRunPairwiseAnalysis
c0173	posthoc_alto__soprano_u	15	emlRunPairwiseAnalysis
c0173	posthoc_alto__soprano_rank_biserial	-0.8666666666666667	emlRunPairwiseAnalysis
c0173	posthoc_alto__soprano_p	8.819119851838787e-06	emlRunPairwiseAnalysis
c0173	posthoc_mezzo__soprano_padj	3.5315159757582505e-05	emlRunPairwiseAnalysis
c0173	posthoc_mezzo__soprano_u	16	emlRunPairwiseAnalysis
c0173	posthoc_mezzo__soprano_rank_biserial	-0.8577777777777778	emlRunPairwiseAnalysis
c0173	posthoc_mezzo__soprano_p	1.1771719919194169e-05	emlRunPairwiseAnalysis
c0173	posthoc_alto__mezzo_diff	-2.906383714648129	emlRunPairwiseAnalysis
c0173	posthoc_alto__mezzo_ci_low	-7.861025991484524	emlRunPairwiseAnalysis
c0173	posthoc_alto__mezzo_ci_high	1.8072110847671752	emlRunPairwiseAnalysis
c0173	posthoc_alto__soprano_diff	-8.933763658652666	emlRunPairwiseAnalysis
c0173	posthoc_alto__soprano_ci_low	-13.004944793208296	emlRunPairwiseAnalysis
c0173	posthoc_alto__soprano_ci_high	-4.102188605132383	emlRunPairwiseAnalysis
c0173	posthoc_mezzo__soprano_diff	-5.366045374070282	emlRunPairwiseAnalysis
c0173	posthoc_mezzo__soprano_ci_low	-8.907664475835816	emlRunPairwiseAnalysis
c0173	posthoc_mezzo__soprano_ci_high	-2.397453815657002	emlRunPairwiseAnalysis
c0174	n	45	emlRunPairwiseAnalysis
c0174	k	3	emlRunPairwiseAnalysis
c0174	posthoc_alto__mezzo_padj	0.16068547253720922	emlRunPairwiseAnalysis
c0174	posthoc_alto__mezzo_u	78	emlRunPairwiseAnalysis
c0174	posthoc_alto__mezzo_rank_biserial	-0.30666666666666664	emlRunPairwiseAnalysis
c0174	posthoc_alto__mezzo_p	0.16068547253720922	emlRunPairwiseAnalysis
c0174	posthoc_alto__soprano_padj	2.6457359555516363e-05	emlRunPairwiseAnalysis
c0174	posthoc_alto__soprano_u	15	emlRunPairwiseAnalysis
c0174	posthoc_alto__soprano_rank_biserial	-0.8666666666666667	emlRunPairwiseAnalysis
c0174	posthoc_alto__soprano_p	8.819119851838787e-06	emlRunPairwiseAnalysis
c0174	posthoc_mezzo__soprano_padj	2.6457359555516363e-05	emlRunPairwiseAnalysis
c0174	posthoc_mezzo__soprano_u	16	emlRunPairwiseAnalysis
c0174	posthoc_mezzo__soprano_rank_biserial	-0.8577777777777778	emlRunPairwiseAnalysis
c0174	posthoc_mezzo__soprano_p	1.1771719919194169e-05	emlRunPairwiseAnalysis
c0174	posthoc_alto__mezzo_diff	-2.906383714648129	emlRunPairwiseAnalysis
c0174	posthoc_alto__soprano_diff	-8.933763658652666	emlRunPairwiseAnalysis
c0174	posthoc_mezzo__soprano_diff	-5.366045374070282	emlRunPairwiseAnalysis
c0175	n	45	emlRunPairwiseAnalysis
c0175	k	3	emlRunPairwiseAnalysis
c0175	posthoc_alto__mezzo_padj	0.16068547253720922	emlRunPairwiseAnalysis
c0175	posthoc_alto__mezzo_u	78	emlRunPairwiseAnalysis
c0175	posthoc_alto__mezzo_rank_biserial	-0.30666666666666664	emlRunPairwiseAnalysis
c0175	posthoc_alto__mezzo_p	0.16068547253720922	emlRunPairwiseAnalysis
c0175	posthoc_alto__soprano_padj	1.7657579878791253e-05	emlRunPairwiseAnalysis
c0175	posthoc_alto__soprano_u	15	emlRunPairwiseAnalysis
c0175	posthoc_alto__soprano_rank_biserial	-0.8666666666666667	emlRunPairwiseAnalysis
c0175	posthoc_alto__soprano_p	8.819119851838787e-06	emlRunPairwiseAnalysis
c0175	posthoc_mezzo__soprano_padj	1.7657579878791253e-05	emlRunPairwiseAnalysis
c0175	posthoc_mezzo__soprano_u	16	emlRunPairwiseAnalysis
c0175	posthoc_mezzo__soprano_rank_biserial	-0.8577777777777778	emlRunPairwiseAnalysis
c0175	posthoc_mezzo__soprano_p	1.1771719919194169e-05	emlRunPairwiseAnalysis
c0175	posthoc_alto__mezzo_diff	-2.906383714648129	emlRunPairwiseAnalysis
c0175	posthoc_alto__soprano_diff	-8.933763658652666	emlRunPairwiseAnalysis
c0175	posthoc_mezzo__soprano_diff	-5.366045374070282	emlRunPairwiseAnalysis
c0176	n	45	emlRunPairwiseAnalysis
c0176	k	3	emlRunPairwiseAnalysis
c0176	posthoc_alto__mezzo_padj	0.21215537358434733	emlRunPairwiseAnalysis
c0176	posthoc_alto__mezzo_diff	-2.6737417145749163	emlRunPairwiseAnalysis
c0176	posthoc_alto__mezzo_f	1.6091059090878976	emlRunPairwiseAnalysis
c0176	posthoc_alto__soprano_padj	3.5004777216961736e-06	emlRunPairwiseAnalysis
c0176	posthoc_alto__soprano_diff	-8.740701015662026	emlRunPairwiseAnalysis
c0176	posthoc_alto__soprano_f	17.19642841458565	emlRunPairwiseAnalysis
c0176	posthoc_mezzo__soprano_padj	0.0009270066767263058	emlRunPairwiseAnalysis
c0176	posthoc_mezzo__soprano_diff	-6.06695930108711	emlRunPairwiseAnalysis
c0176	posthoc_mezzo__soprano_f	8.284911798914512	emlRunPairwiseAnalysis
c0176	posthoc_alto__mezzo_ci_low	-6.455999984812438	emlRunPairwiseAnalysis
c0176	posthoc_alto__mezzo_ci_high	1.108516555662606	emlRunPairwiseAnalysis
c0176	posthoc_alto__soprano_ci_low	-12.522959285899548	emlRunPairwiseAnalysis
c0176	posthoc_alto__soprano_ci_high	-4.958442745424504	emlRunPairwiseAnalysis
c0176	posthoc_mezzo__soprano_ci_low	-9.849217571324631	emlRunPairwiseAnalysis
c0176	posthoc_mezzo__soprano_ci_high	-2.2847010308495874	emlRunPairwiseAnalysis
c0177	n	45	emlRunPairwiseAnalysis
c0177	k	3	emlRunPairwiseAnalysis
c0177	posthoc_soprano__mezzo_padj	1	emlRunPairwiseAnalysis
c0177	posthoc_soprano__mezzo_t	0.7298319085691878	emlRunPairwiseAnalysis
c0177	posthoc_soprano__mezzo_cohens_d	0.266496933006928	emlRunPairwiseAnalysis
c0177	posthoc_soprano__mezzo_p	0.47201938223798734	emlRunPairwiseAnalysis
c0177	posthoc_soprano__alto_padj	0.012263085118630668	emlRunPairwiseAnalysis
c0177	posthoc_soprano__alto_t	3.1750206408910784	emlRunPairwiseAnalysis
c0177	posthoc_soprano__alto_cohens_d	1.1593536170403687	emlRunPairwiseAnalysis
c0177	posthoc_soprano__alto_p	0.004087695039543556	emlRunPairwiseAnalysis
c0177	posthoc_mezzo__alto_padj	0.29407981910432923	emlRunPairwiseAnalysis
c0177	posthoc_mezzo__alto_t	1.7345087529876906	emlRunPairwiseAnalysis
c0177	posthoc_mezzo__alto_cohens_d	0.6333530468010096	emlRunPairwiseAnalysis
c0177	posthoc_mezzo__alto_p	0.09802660636810974	emlRunPairwiseAnalysis
c0177	posthoc_soprano__mezzo_df	25.99358523541743	emlRunPairwiseAnalysis
c0177	posthoc_soprano__mezzo_diff	0.20413117157659855	emlRunPairwiseAnalysis
c0177	posthoc_soprano__mezzo_ci_low	-0.5116072612633245	emlRunPairwiseAnalysis
c0177	posthoc_soprano__mezzo_ci_high	0.9198696044165215	emlRunPairwiseAnalysis
c0177	posthoc_soprano__alto_df	23.942494338470148	emlRunPairwiseAnalysis
c0177	posthoc_soprano__alto_diff	0.6351658757520413	emlRunPairwiseAnalysis
c0177	posthoc_soprano__alto_ci_low	0.1202142528172574	emlRunPairwiseAnalysis
c0177	posthoc_soprano__alto_ci_high	1.1501174986868252	emlRunPairwiseAnalysis
c0177	posthoc_mezzo__alto_df	20.24839592226488	emlRunPairwiseAnalysis
c0177	posthoc_mezzo__alto_diff	0.43103470417544276	emlRunPairwiseAnalysis
c0177	posthoc_mezzo__alto_ci_low	-0.2174853843279766	emlRunPairwiseAnalysis
c0177	posthoc_mezzo__alto_ci_high	1.079554792678862	emlRunPairwiseAnalysis
c0178	n	45	emlRunPairwiseAnalysis
c0178	k	3	emlRunPairwiseAnalysis
c0178	posthoc_soprano__mezzo_padj	0.47201938223798734	emlRunPairwiseAnalysis
c0178	posthoc_soprano__mezzo_t	0.7298319085691878	emlRunPairwiseAnalysis
c0178	posthoc_soprano__mezzo_cohens_d	0.266496933006928	emlRunPairwiseAnalysis
c0178	posthoc_soprano__mezzo_p	0.47201938223798734	emlRunPairwiseAnalysis
c0178	posthoc_soprano__alto_padj	0.012263085118630668	emlRunPairwiseAnalysis
c0178	posthoc_soprano__alto_t	3.1750206408910784	emlRunPairwiseAnalysis
c0178	posthoc_soprano__alto_cohens_d	1.1593536170403687	emlRunPairwiseAnalysis
c0178	posthoc_soprano__alto_p	0.004087695039543556	emlRunPairwiseAnalysis
c0178	posthoc_mezzo__alto_padj	0.19605321273621948	emlRunPairwiseAnalysis
c0178	posthoc_mezzo__alto_t	1.7345087529876906	emlRunPairwiseAnalysis
c0178	posthoc_mezzo__alto_cohens_d	0.6333530468010096	emlRunPairwiseAnalysis
c0178	posthoc_mezzo__alto_p	0.09802660636810974	emlRunPairwiseAnalysis
c0178	posthoc_soprano__mezzo_df	25.99358523541743	emlRunPairwiseAnalysis
c0178	posthoc_soprano__mezzo_diff	0.20413117157659855	emlRunPairwiseAnalysis
c0178	posthoc_soprano__alto_df	23.942494338470148	emlRunPairwiseAnalysis
c0178	posthoc_soprano__alto_diff	0.6351658757520413	emlRunPairwiseAnalysis
c0178	posthoc_mezzo__alto_df	20.24839592226488	emlRunPairwiseAnalysis
c0178	posthoc_mezzo__alto_diff	0.43103470417544276	emlRunPairwiseAnalysis
c0179	n	45	emlRunPairwiseAnalysis
c0179	k	3	emlRunPairwiseAnalysis
c0179	posthoc_soprano__mezzo_padj	0.4720193822379873	emlRunPairwiseAnalysis
c0179	posthoc_soprano__mezzo_t	0.7298319085691878	emlRunPairwiseAnalysis
c0179	posthoc_soprano__mezzo_cohens_d	0.266496933006928	emlRunPairwiseAnalysis
c0179	posthoc_soprano__mezzo_p	0.47201938223798734	emlRunPairwiseAnalysis
c0179	posthoc_soprano__alto_padj	0.012263085118630668	emlRunPairwiseAnalysis
c0179	posthoc_soprano__alto_t	3.1750206408910784	emlRunPairwiseAnalysis
c0179	posthoc_soprano__alto_cohens_d	1.1593536170403687	emlRunPairwiseAnalysis
c0179	posthoc_soprano__alto_p	0.004087695039543556	emlRunPairwiseAnalysis
c0179	posthoc_mezzo__alto_padj	0.14703990955216462	emlRunPairwiseAnalysis
c0179	posthoc_mezzo__alto_t	1.7345087529876906	emlRunPairwiseAnalysis
c0179	posthoc_mezzo__alto_cohens_d	0.6333530468010096	emlRunPairwiseAnalysis
c0179	posthoc_mezzo__alto_p	0.09802660636810974	emlRunPairwiseAnalysis
c0179	posthoc_soprano__mezzo_df	25.99358523541743	emlRunPairwiseAnalysis
c0179	posthoc_soprano__mezzo_diff	0.20413117157659855	emlRunPairwiseAnalysis
c0179	posthoc_soprano__alto_df	23.942494338470148	emlRunPairwiseAnalysis
c0179	posthoc_soprano__alto_diff	0.6351658757520413	emlRunPairwiseAnalysis
c0179	posthoc_mezzo__alto_df	20.24839592226488	emlRunPairwiseAnalysis
c0179	posthoc_mezzo__alto_diff	0.43103470417544276	emlRunPairwiseAnalysis
c0180	n	45	emlRunPairwiseAnalysis
c0180	k	3	emlRunPairwiseAnalysis
c0180	posthoc_soprano__mezzo_padj	1	emlRunPairwiseAnalysis
c0180	posthoc_soprano__mezzo_t	0.7298319085691878	emlRunPairwiseAnalysis
c0180	posthoc_soprano__mezzo_cohens_d	0.266496933006928	emlRunPairwiseAnalysis
c0180	posthoc_soprano__mezzo_p	0.4715551179750763	emlRunPairwiseAnalysis
c0180	posthoc_soprano__alto_padj	0.01088105702647122	emlRunPairwiseAnalysis
c0180	posthoc_soprano__alto_t	3.1750206408910784	emlRunPairwiseAnalysis
c0180	posthoc_soprano__alto_cohens_d	1.1593536170403687	emlRunPairwiseAnalysis
c0180	posthoc_soprano__alto_p	0.0036270190088237403	emlRunPairwiseAnalysis
c0180	posthoc_mezzo__alto_padj	0.2814771742232661	emlRunPairwiseAnalysis
c0180	posthoc_mezzo__alto_t	1.7345087529876906	emlRunPairwiseAnalysis
c0180	posthoc_mezzo__alto_cohens_d	0.6333530468010096	emlRunPairwiseAnalysis
c0180	posthoc_mezzo__alto_p	0.09382572474108872	emlRunPairwiseAnalysis
c0180	posthoc_soprano__mezzo_df	28	emlRunPairwiseAnalysis
c0180	posthoc_soprano__mezzo_diff	0.20413117157659855	emlRunPairwiseAnalysis
c0180	posthoc_soprano__mezzo_ci_low	-0.5081053354902255	emlRunPairwiseAnalysis
c0180	posthoc_soprano__mezzo_ci_high	0.9163676786434226	emlRunPairwiseAnalysis
c0180	posthoc_soprano__alto_df	28	emlRunPairwiseAnalysis
c0180	posthoc_soprano__alto_diff	0.6351658757520413	emlRunPairwiseAnalysis
c0180	posthoc_soprano__alto_ci_low	0.12574310461518678	emlRunPairwiseAnalysis
c0180	posthoc_soprano__alto_ci_high	1.144588646888896	emlRunPairwiseAnalysis
c0180	posthoc_mezzo__alto_df	28	emlRunPairwiseAnalysis
c0180	posthoc_mezzo__alto_diff	0.43103470417544276	emlRunPairwiseAnalysis
c0180	posthoc_mezzo__alto_ci_low	-0.20177552644666963	emlRunPairwiseAnalysis
c0180	posthoc_mezzo__alto_ci_high	1.0638449347975552	emlRunPairwiseAnalysis
c0181	n	45	emlRunPairwiseAnalysis
c0181	k	3	emlRunPairwiseAnalysis
c0181	posthoc_soprano__mezzo_padj	0.4715551179750763	emlRunPairwiseAnalysis
c0181	posthoc_soprano__mezzo_t	0.7298319085691878	emlRunPairwiseAnalysis
c0181	posthoc_soprano__mezzo_cohens_d	0.266496933006928	emlRunPairwiseAnalysis
c0181	posthoc_soprano__mezzo_p	0.4715551179750763	emlRunPairwiseAnalysis
c0181	posthoc_soprano__alto_padj	0.01088105702647122	emlRunPairwiseAnalysis
c0181	posthoc_soprano__alto_t	3.1750206408910784	emlRunPairwiseAnalysis
c0181	posthoc_soprano__alto_cohens_d	1.1593536170403687	emlRunPairwiseAnalysis
c0181	posthoc_soprano__alto_p	0.0036270190088237403	emlRunPairwiseAnalysis
c0181	posthoc_mezzo__alto_padj	0.18765144948217743	emlRunPairwiseAnalysis
c0181	posthoc_mezzo__alto_t	1.7345087529876906	emlRunPairwiseAnalysis
c0181	posthoc_mezzo__alto_cohens_d	0.6333530468010096	emlRunPairwiseAnalysis
c0181	posthoc_mezzo__alto_p	0.09382572474108872	emlRunPairwiseAnalysis
c0181	posthoc_soprano__mezzo_df	28	emlRunPairwiseAnalysis
c0181	posthoc_soprano__mezzo_diff	0.20413117157659855	emlRunPairwiseAnalysis
c0181	posthoc_soprano__alto_df	28	emlRunPairwiseAnalysis
c0181	posthoc_soprano__alto_diff	0.6351658757520413	emlRunPairwiseAnalysis
c0181	posthoc_mezzo__alto_df	28	emlRunPairwiseAnalysis
c0181	posthoc_mezzo__alto_diff	0.43103470417544276	emlRunPairwiseAnalysis
c0182	n	45	emlRunPairwiseAnalysis
c0182	k	3	emlRunPairwiseAnalysis
c0182	posthoc_soprano__mezzo_padj	0.4715551179750763	emlRunPairwiseAnalysis
c0182	posthoc_soprano__mezzo_t	0.7298319085691878	emlRunPairwiseAnalysis
c0182	posthoc_soprano__mezzo_cohens_d	0.266496933006928	emlRunPairwiseAnalysis
c0182	posthoc_soprano__mezzo_p	0.4715551179750763	emlRunPairwiseAnalysis
c0182	posthoc_soprano__alto_padj	0.01088105702647122	emlRunPairwiseAnalysis
c0182	posthoc_soprano__alto_t	3.1750206408910784	emlRunPairwiseAnalysis
c0182	posthoc_soprano__alto_cohens_d	1.1593536170403687	emlRunPairwiseAnalysis
c0182	posthoc_soprano__alto_p	0.0036270190088237403	emlRunPairwiseAnalysis
c0182	posthoc_mezzo__alto_padj	0.14073858711163306	emlRunPairwiseAnalysis
c0182	posthoc_mezzo__alto_t	1.7345087529876906	emlRunPairwiseAnalysis
c0182	posthoc_mezzo__alto_cohens_d	0.6333530468010096	emlRunPairwiseAnalysis
c0182	posthoc_mezzo__alto_p	0.09382572474108872	emlRunPairwiseAnalysis
c0182	posthoc_soprano__mezzo_df	28	emlRunPairwiseAnalysis
c0182	posthoc_soprano__mezzo_diff	0.20413117157659855	emlRunPairwiseAnalysis
c0182	posthoc_soprano__alto_df	28	emlRunPairwiseAnalysis
c0182	posthoc_soprano__alto_diff	0.6351658757520413	emlRunPairwiseAnalysis
c0182	posthoc_mezzo__alto_df	28	emlRunPairwiseAnalysis
c0182	posthoc_mezzo__alto_diff	0.43103470417544276	emlRunPairwiseAnalysis
c0183	n	45	emlRunPairwiseAnalysis
c0183	k	3	emlRunPairwiseAnalysis
c0183	posthoc_soprano__mezzo_padj	1	emlRunPairwiseAnalysis
c0183	posthoc_soprano__mezzo_u	128	emlRunPairwiseAnalysis
c0183	posthoc_soprano__mezzo_rank_biserial	0.13777777777777778	emlRunPairwiseAnalysis
c0183	posthoc_soprano__mezzo_p	0.5392985395846969	emlRunPairwiseAnalysis
c0183	posthoc_soprano__alto_padj	0.009466126070091889	emlRunPairwiseAnalysis
c0183	posthoc_soprano__alto_u	182	emlRunPairwiseAnalysis
c0183	posthoc_soprano__alto_rank_biserial	0.6177777777777778	emlRunPairwiseAnalysis
c0183	posthoc_soprano__alto_p	0.0031553753566972965	emlRunPairwiseAnalysis
c0183	posthoc_mezzo__alto_padj	1	emlRunPairwiseAnalysis
c0183	posthoc_mezzo__alto_u	134	emlRunPairwiseAnalysis
c0183	posthoc_mezzo__alto_rank_biserial	0.19111111111111112	emlRunPairwiseAnalysis
c0183	posthoc_mezzo__alto_p	0.3892332987273133	emlRunPairwiseAnalysis
c0183	posthoc_soprano__mezzo_diff	0.3180176267923125	emlRunPairwiseAnalysis
c0183	posthoc_soprano__mezzo_ci_low	-0.5896619372592742	emlRunPairwiseAnalysis
c0183	posthoc_soprano__mezzo_ci_high	1.0441721752403428	emlRunPairwiseAnalysis
c0183	posthoc_soprano__alto_diff	0.681522727637093	emlRunPairwiseAnalysis
c0183	posthoc_soprano__alto_ci_low	0.19609184422222814	emlRunPairwiseAnalysis
c0183	posthoc_soprano__alto_ci_high	1.060523273060494	emlRunPairwiseAnalysis
c0183	posthoc_mezzo__alto_diff	0.3089329621019008	emlRunPairwiseAnalysis
c0183	posthoc_mezzo__alto_ci_low	-0.31319067702920744	emlRunPairwiseAnalysis
c0183	posthoc_mezzo__alto_ci_high	1.2650189545933266	emlRunPairwiseAnalysis
c0184	n	45	emlRunPairwiseAnalysis
c0184	k	3	emlRunPairwiseAnalysis
c0184	posthoc_soprano__mezzo_padj	0.7784665974546267	emlRunPairwiseAnalysis
c0184	posthoc_soprano__mezzo_u	128	emlRunPairwiseAnalysis
c0184	posthoc_soprano__mezzo_rank_biserial	0.13777777777777778	emlRunPairwiseAnalysis
c0184	posthoc_soprano__mezzo_p	0.5392985395846969	emlRunPairwiseAnalysis
c0184	posthoc_soprano__alto_padj	0.009466126070091889	emlRunPairwiseAnalysis
c0184	posthoc_soprano__alto_u	182	emlRunPairwiseAnalysis
c0184	posthoc_soprano__alto_rank_biserial	0.6177777777777778	emlRunPairwiseAnalysis
c0184	posthoc_soprano__alto_p	0.0031553753566972965	emlRunPairwiseAnalysis
c0184	posthoc_mezzo__alto_padj	0.7784665974546267	emlRunPairwiseAnalysis
c0184	posthoc_mezzo__alto_u	134	emlRunPairwiseAnalysis
c0184	posthoc_mezzo__alto_rank_biserial	0.19111111111111112	emlRunPairwiseAnalysis
c0184	posthoc_mezzo__alto_p	0.3892332987273133	emlRunPairwiseAnalysis
c0184	posthoc_soprano__mezzo_diff	0.3180176267923125	emlRunPairwiseAnalysis
c0184	posthoc_soprano__alto_diff	0.681522727637093	emlRunPairwiseAnalysis
c0184	posthoc_mezzo__alto_diff	0.3089329621019008	emlRunPairwiseAnalysis
c0185	n	45	emlRunPairwiseAnalysis
c0185	k	3	emlRunPairwiseAnalysis
c0185	posthoc_soprano__mezzo_padj	0.5392985395846969	emlRunPairwiseAnalysis
c0185	posthoc_soprano__mezzo_u	128	emlRunPairwiseAnalysis
c0185	posthoc_soprano__mezzo_rank_biserial	0.13777777777777778	emlRunPairwiseAnalysis
c0185	posthoc_soprano__mezzo_p	0.5392985395846969	emlRunPairwiseAnalysis
c0185	posthoc_soprano__alto_padj	0.009466126070091889	emlRunPairwiseAnalysis
c0185	posthoc_soprano__alto_u	182	emlRunPairwiseAnalysis
c0185	posthoc_soprano__alto_rank_biserial	0.6177777777777778	emlRunPairwiseAnalysis
c0185	posthoc_soprano__alto_p	0.0031553753566972965	emlRunPairwiseAnalysis
c0185	posthoc_mezzo__alto_padj	0.5392985395846969	emlRunPairwiseAnalysis
c0185	posthoc_mezzo__alto_u	134	emlRunPairwiseAnalysis
c0185	posthoc_mezzo__alto_rank_biserial	0.19111111111111112	emlRunPairwiseAnalysis
c0185	posthoc_mezzo__alto_p	0.3892332987273133	emlRunPairwiseAnalysis
c0185	posthoc_soprano__mezzo_diff	0.3180176267923125	emlRunPairwiseAnalysis
c0185	posthoc_soprano__alto_diff	0.681522727637093	emlRunPairwiseAnalysis
c0185	posthoc_mezzo__alto_diff	0.3089329621019008	emlRunPairwiseAnalysis
c0186	n	45	emlRunPairwiseAnalysis
c0186	k	3	emlRunPairwiseAnalysis
c0186	posthoc_soprano__mezzo_padj	0.7086478740307294	emlRunPairwiseAnalysis
c0186	posthoc_soprano__mezzo_diff	0.20413117157659855	emlRunPairwiseAnalysis
c0186	posthoc_soprano__mezzo_f	0.3472360517902537	emlRunPairwiseAnalysis
c0186	posthoc_soprano__alto_padj	0.04422658810919561	emlRunPairwiseAnalysis
c0186	posthoc_soprano__alto_diff	0.6351658757520413	emlRunPairwiseAnalysis
c0186	posthoc_soprano__alto_f	3.3618665374159318	emlRunPairwiseAnalysis
c0186	posthoc_mezzo__alto_padj	0.22451770921535952	emlRunPairwiseAnalysis
c0186	posthoc_mezzo__alto_diff	0.43103470417544276	emlRunPairwiseAnalysis
c0186	posthoc_mezzo__alto_f	1.5482127140870676	emlRunPairwiseAnalysis
c0186	posthoc_soprano__mezzo_ci_low	-0.41748308683788227	emlRunPairwiseAnalysis
c0186	posthoc_soprano__mezzo_ci_high	0.8257454299910794	emlRunPairwiseAnalysis
c0186	posthoc_soprano__alto_ci_low	0.013551617337560495	emlRunPairwiseAnalysis
c0186	posthoc_soprano__alto_ci_high	1.2567801341665221	emlRunPairwiseAnalysis
c0186	posthoc_mezzo__alto_ci_low	-0.19057955423903805	emlRunPairwiseAnalysis
c0186	posthoc_mezzo__alto_ci_high	1.0526489625899236	emlRunPairwiseAnalysis
c0187	n	45	emlRunPairwiseAnalysis
c0187	k	3	emlRunPairwiseAnalysis
c0187	posthoc_alto__mezzo_padj	0.29407981910432923	emlRunPairwiseAnalysis
c0187	posthoc_alto__mezzo_t	-1.7345087529876906	emlRunPairwiseAnalysis
c0187	posthoc_alto__mezzo_cohens_d	-0.6333530468010096	emlRunPairwiseAnalysis
c0187	posthoc_alto__mezzo_p	0.09802660636810974	emlRunPairwiseAnalysis
c0187	posthoc_alto__soprano_padj	0.012263085118630668	emlRunPairwiseAnalysis
c0187	posthoc_alto__soprano_t	-3.1750206408910784	emlRunPairwiseAnalysis
c0187	posthoc_alto__soprano_cohens_d	-1.1593536170403687	emlRunPairwiseAnalysis
c0187	posthoc_alto__soprano_p	0.004087695039543556	emlRunPairwiseAnalysis
c0187	posthoc_mezzo__soprano_padj	1	emlRunPairwiseAnalysis
c0187	posthoc_mezzo__soprano_t	-0.7298319085691878	emlRunPairwiseAnalysis
c0187	posthoc_mezzo__soprano_cohens_d	-0.266496933006928	emlRunPairwiseAnalysis
c0187	posthoc_mezzo__soprano_p	0.47201938223798734	emlRunPairwiseAnalysis
c0187	posthoc_alto__mezzo_df	20.24839592226488	emlRunPairwiseAnalysis
c0187	posthoc_alto__mezzo_diff	-0.43103470417544276	emlRunPairwiseAnalysis
c0187	posthoc_alto__mezzo_ci_low	-1.079554792678862	emlRunPairwiseAnalysis
c0187	posthoc_alto__mezzo_ci_high	0.2174853843279766	emlRunPairwiseAnalysis
c0187	posthoc_alto__soprano_df	23.942494338470148	emlRunPairwiseAnalysis
c0187	posthoc_alto__soprano_diff	-0.6351658757520413	emlRunPairwiseAnalysis
c0187	posthoc_alto__soprano_ci_low	-1.1501174986868252	emlRunPairwiseAnalysis
c0187	posthoc_alto__soprano_ci_high	-0.1202142528172574	emlRunPairwiseAnalysis
c0187	posthoc_mezzo__soprano_df	25.99358523541743	emlRunPairwiseAnalysis
c0187	posthoc_mezzo__soprano_diff	-0.20413117157659855	emlRunPairwiseAnalysis
c0187	posthoc_mezzo__soprano_ci_low	-0.9198696044165215	emlRunPairwiseAnalysis
c0187	posthoc_mezzo__soprano_ci_high	0.5116072612633245	emlRunPairwiseAnalysis
c0188	n	45	emlRunPairwiseAnalysis
c0188	k	3	emlRunPairwiseAnalysis
c0188	posthoc_alto__mezzo_padj	0.19605321273621948	emlRunPairwiseAnalysis
c0188	posthoc_alto__mezzo_t	-1.7345087529876906	emlRunPairwiseAnalysis
c0188	posthoc_alto__mezzo_cohens_d	-0.6333530468010096	emlRunPairwiseAnalysis
c0188	posthoc_alto__mezzo_p	0.09802660636810974	emlRunPairwiseAnalysis
c0188	posthoc_alto__soprano_padj	0.012263085118630668	emlRunPairwiseAnalysis
c0188	posthoc_alto__soprano_t	-3.1750206408910784	emlRunPairwiseAnalysis
c0188	posthoc_alto__soprano_cohens_d	-1.1593536170403687	emlRunPairwiseAnalysis
c0188	posthoc_alto__soprano_p	0.004087695039543556	emlRunPairwiseAnalysis
c0188	posthoc_mezzo__soprano_padj	0.47201938223798734	emlRunPairwiseAnalysis
c0188	posthoc_mezzo__soprano_t	-0.7298319085691878	emlRunPairwiseAnalysis
c0188	posthoc_mezzo__soprano_cohens_d	-0.266496933006928	emlRunPairwiseAnalysis
c0188	posthoc_mezzo__soprano_p	0.47201938223798734	emlRunPairwiseAnalysis
c0188	posthoc_alto__mezzo_df	20.24839592226488	emlRunPairwiseAnalysis
c0188	posthoc_alto__mezzo_diff	-0.43103470417544276	emlRunPairwiseAnalysis
c0188	posthoc_alto__soprano_df	23.942494338470148	emlRunPairwiseAnalysis
c0188	posthoc_alto__soprano_diff	-0.6351658757520413	emlRunPairwiseAnalysis
c0188	posthoc_mezzo__soprano_df	25.99358523541743	emlRunPairwiseAnalysis
c0188	posthoc_mezzo__soprano_diff	-0.20413117157659855	emlRunPairwiseAnalysis
c0189	n	45	emlRunPairwiseAnalysis
c0189	k	3	emlRunPairwiseAnalysis
c0189	posthoc_alto__mezzo_padj	0.14703990955216462	emlRunPairwiseAnalysis
c0189	posthoc_alto__mezzo_t	-1.7345087529876906	emlRunPairwiseAnalysis
c0189	posthoc_alto__mezzo_cohens_d	-0.6333530468010096	emlRunPairwiseAnalysis
c0189	posthoc_alto__mezzo_p	0.09802660636810974	emlRunPairwiseAnalysis
c0189	posthoc_alto__soprano_padj	0.012263085118630668	emlRunPairwiseAnalysis
c0189	posthoc_alto__soprano_t	-3.1750206408910784	emlRunPairwiseAnalysis
c0189	posthoc_alto__soprano_cohens_d	-1.1593536170403687	emlRunPairwiseAnalysis
c0189	posthoc_alto__soprano_p	0.004087695039543556	emlRunPairwiseAnalysis
c0189	posthoc_mezzo__soprano_padj	0.4720193822379873	emlRunPairwiseAnalysis
c0189	posthoc_mezzo__soprano_t	-0.7298319085691878	emlRunPairwiseAnalysis
c0189	posthoc_mezzo__soprano_cohens_d	-0.266496933006928	emlRunPairwiseAnalysis
c0189	posthoc_mezzo__soprano_p	0.47201938223798734	emlRunPairwiseAnalysis
c0189	posthoc_alto__mezzo_df	20.24839592226488	emlRunPairwiseAnalysis
c0189	posthoc_alto__mezzo_diff	-0.43103470417544276	emlRunPairwiseAnalysis
c0189	posthoc_alto__soprano_df	23.942494338470148	emlRunPairwiseAnalysis
c0189	posthoc_alto__soprano_diff	-0.6351658757520413	emlRunPairwiseAnalysis
c0189	posthoc_mezzo__soprano_df	25.99358523541743	emlRunPairwiseAnalysis
c0189	posthoc_mezzo__soprano_diff	-0.20413117157659855	emlRunPairwiseAnalysis
c0190	n	45	emlRunPairwiseAnalysis
c0190	k	3	emlRunPairwiseAnalysis
c0190	posthoc_alto__mezzo_padj	0.2814771742232661	emlRunPairwiseAnalysis
c0190	posthoc_alto__mezzo_t	-1.7345087529876906	emlRunPairwiseAnalysis
c0190	posthoc_alto__mezzo_cohens_d	-0.6333530468010096	emlRunPairwiseAnalysis
c0190	posthoc_alto__mezzo_p	0.09382572474108872	emlRunPairwiseAnalysis
c0190	posthoc_alto__soprano_padj	0.01088105702647122	emlRunPairwiseAnalysis
c0190	posthoc_alto__soprano_t	-3.1750206408910784	emlRunPairwiseAnalysis
c0190	posthoc_alto__soprano_cohens_d	-1.1593536170403687	emlRunPairwiseAnalysis
c0190	posthoc_alto__soprano_p	0.0036270190088237403	emlRunPairwiseAnalysis
c0190	posthoc_mezzo__soprano_padj	1	emlRunPairwiseAnalysis
c0190	posthoc_mezzo__soprano_t	-0.7298319085691878	emlRunPairwiseAnalysis
c0190	posthoc_mezzo__soprano_cohens_d	-0.266496933006928	emlRunPairwiseAnalysis
c0190	posthoc_mezzo__soprano_p	0.4715551179750763	emlRunPairwiseAnalysis
c0190	posthoc_alto__mezzo_df	28	emlRunPairwiseAnalysis
c0190	posthoc_alto__mezzo_diff	-0.43103470417544276	emlRunPairwiseAnalysis
c0190	posthoc_alto__mezzo_ci_low	-1.0638449347975552	emlRunPairwiseAnalysis
c0190	posthoc_alto__mezzo_ci_high	0.20177552644666963	emlRunPairwiseAnalysis
c0190	posthoc_alto__soprano_df	28	emlRunPairwiseAnalysis
c0190	posthoc_alto__soprano_diff	-0.6351658757520413	emlRunPairwiseAnalysis
c0190	posthoc_alto__soprano_ci_low	-1.144588646888896	emlRunPairwiseAnalysis
c0190	posthoc_alto__soprano_ci_high	-0.12574310461518678	emlRunPairwiseAnalysis
c0190	posthoc_mezzo__soprano_df	28	emlRunPairwiseAnalysis
c0190	posthoc_mezzo__soprano_diff	-0.20413117157659855	emlRunPairwiseAnalysis
c0190	posthoc_mezzo__soprano_ci_low	-0.9163676786434226	emlRunPairwiseAnalysis
c0190	posthoc_mezzo__soprano_ci_high	0.5081053354902255	emlRunPairwiseAnalysis
c0191	n	45	emlRunPairwiseAnalysis
c0191	k	3	emlRunPairwiseAnalysis
c0191	posthoc_alto__mezzo_padj	0.18765144948217743	emlRunPairwiseAnalysis
c0191	posthoc_alto__mezzo_t	-1.7345087529876906	emlRunPairwiseAnalysis
c0191	posthoc_alto__mezzo_cohens_d	-0.6333530468010096	emlRunPairwiseAnalysis
c0191	posthoc_alto__mezzo_p	0.09382572474108872	emlRunPairwiseAnalysis
c0191	posthoc_alto__soprano_padj	0.01088105702647122	emlRunPairwiseAnalysis
c0191	posthoc_alto__soprano_t	-3.1750206408910784	emlRunPairwiseAnalysis
c0191	posthoc_alto__soprano_cohens_d	-1.1593536170403687	emlRunPairwiseAnalysis
c0191	posthoc_alto__soprano_p	0.0036270190088237403	emlRunPairwiseAnalysis
c0191	posthoc_mezzo__soprano_padj	0.4715551179750763	emlRunPairwiseAnalysis
c0191	posthoc_mezzo__soprano_t	-0.7298319085691878	emlRunPairwiseAnalysis
c0191	posthoc_mezzo__soprano_cohens_d	-0.266496933006928	emlRunPairwiseAnalysis
c0191	posthoc_mezzo__soprano_p	0.4715551179750763	emlRunPairwiseAnalysis
c0191	posthoc_alto__mezzo_df	28	emlRunPairwiseAnalysis
c0191	posthoc_alto__mezzo_diff	-0.43103470417544276	emlRunPairwiseAnalysis
c0191	posthoc_alto__soprano_df	28	emlRunPairwiseAnalysis
c0191	posthoc_alto__soprano_diff	-0.6351658757520413	emlRunPairwiseAnalysis
c0191	posthoc_mezzo__soprano_df	28	emlRunPairwiseAnalysis
c0191	posthoc_mezzo__soprano_diff	-0.20413117157659855	emlRunPairwiseAnalysis
c0192	n	45	emlRunPairwiseAnalysis
c0192	k	3	emlRunPairwiseAnalysis
c0192	posthoc_alto__mezzo_padj	0.14073858711163306	emlRunPairwiseAnalysis
c0192	posthoc_alto__mezzo_t	-1.7345087529876906	emlRunPairwiseAnalysis
c0192	posthoc_alto__mezzo_cohens_d	-0.6333530468010096	emlRunPairwiseAnalysis
c0192	posthoc_alto__mezzo_p	0.09382572474108872	emlRunPairwiseAnalysis
c0192	posthoc_alto__soprano_padj	0.01088105702647122	emlRunPairwiseAnalysis
c0192	posthoc_alto__soprano_t	-3.1750206408910784	emlRunPairwiseAnalysis
c0192	posthoc_alto__soprano_cohens_d	-1.1593536170403687	emlRunPairwiseAnalysis
c0192	posthoc_alto__soprano_p	0.0036270190088237403	emlRunPairwiseAnalysis
c0192	posthoc_mezzo__soprano_padj	0.4715551179750763	emlRunPairwiseAnalysis
c0192	posthoc_mezzo__soprano_t	-0.7298319085691878	emlRunPairwiseAnalysis
c0192	posthoc_mezzo__soprano_cohens_d	-0.266496933006928	emlRunPairwiseAnalysis
c0192	posthoc_mezzo__soprano_p	0.4715551179750763	emlRunPairwiseAnalysis
c0192	posthoc_alto__mezzo_df	28	emlRunPairwiseAnalysis
c0192	posthoc_alto__mezzo_diff	-0.43103470417544276	emlRunPairwiseAnalysis
c0192	posthoc_alto__soprano_df	28	emlRunPairwiseAnalysis
c0192	posthoc_alto__soprano_diff	-0.6351658757520413	emlRunPairwiseAnalysis
c0192	posthoc_mezzo__soprano_df	28	emlRunPairwiseAnalysis
c0192	posthoc_mezzo__soprano_diff	-0.20413117157659855	emlRunPairwiseAnalysis
c0193	n	45	emlRunPairwiseAnalysis
c0193	k	3	emlRunPairwiseAnalysis
c0193	posthoc_alto__mezzo_padj	1	emlRunPairwiseAnalysis
c0193	posthoc_alto__mezzo_u	91	emlRunPairwiseAnalysis
c0193	posthoc_alto__mezzo_rank_biserial	-0.19111111111111112	emlRunPairwiseAnalysis
c0193	posthoc_alto__mezzo_p	0.3892332987273133	emlRunPairwiseAnalysis
c0193	posthoc_alto__soprano_padj	0.009466126070091889	emlRunPairwiseAnalysis
c0193	posthoc_alto__soprano_u	43	emlRunPairwiseAnalysis
c0193	posthoc_alto__soprano_rank_biserial	-0.6177777777777778	emlRunPairwiseAnalysis
c0193	posthoc_alto__soprano_p	0.0031553753566972965	emlRunPairwiseAnalysis
c0193	posthoc_mezzo__soprano_padj	1	emlRunPairwiseAnalysis
c0193	posthoc_mezzo__soprano_u	97	emlRunPairwiseAnalysis
c0193	posthoc_mezzo__soprano_rank_biserial	-0.13777777777777778	emlRunPairwiseAnalysis
c0193	posthoc_mezzo__soprano_p	0.5392985395846969	emlRunPairwiseAnalysis
c0193	posthoc_alto__mezzo_diff	-0.3089329621019008	emlRunPairwiseAnalysis
c0193	posthoc_alto__mezzo_ci_low	-1.2650189545933266	emlRunPairwiseAnalysis
c0193	posthoc_alto__mezzo_ci_high	0.31319067702920744	emlRunPairwiseAnalysis
c0193	posthoc_alto__soprano_diff	-0.681522727637093	emlRunPairwiseAnalysis
c0193	posthoc_alto__soprano_ci_low	-1.060523273060494	emlRunPairwiseAnalysis
c0193	posthoc_alto__soprano_ci_high	-0.19609184422222814	emlRunPairwiseAnalysis
c0193	posthoc_mezzo__soprano_diff	-0.3180176267923125	emlRunPairwiseAnalysis
c0193	posthoc_mezzo__soprano_ci_low	-1.0441721752403428	emlRunPairwiseAnalysis
c0193	posthoc_mezzo__soprano_ci_high	0.5896619372592742	emlRunPairwiseAnalysis
c0194	n	45	emlRunPairwiseAnalysis
c0194	k	3	emlRunPairwiseAnalysis
c0194	posthoc_alto__mezzo_padj	0.7784665974546267	emlRunPairwiseAnalysis
c0194	posthoc_alto__mezzo_u	91	emlRunPairwiseAnalysis
c0194	posthoc_alto__mezzo_rank_biserial	-0.19111111111111112	emlRunPairwiseAnalysis
c0194	posthoc_alto__mezzo_p	0.3892332987273133	emlRunPairwiseAnalysis
c0194	posthoc_alto__soprano_padj	0.009466126070091889	emlRunPairwiseAnalysis
c0194	posthoc_alto__soprano_u	43	emlRunPairwiseAnalysis
c0194	posthoc_alto__soprano_rank_biserial	-0.6177777777777778	emlRunPairwiseAnalysis
c0194	posthoc_alto__soprano_p	0.0031553753566972965	emlRunPairwiseAnalysis
c0194	posthoc_mezzo__soprano_padj	0.7784665974546267	emlRunPairwiseAnalysis
c0194	posthoc_mezzo__soprano_u	97	emlRunPairwiseAnalysis
c0194	posthoc_mezzo__soprano_rank_biserial	-0.13777777777777778	emlRunPairwiseAnalysis
c0194	posthoc_mezzo__soprano_p	0.5392985395846969	emlRunPairwiseAnalysis
c0194	posthoc_alto__mezzo_diff	-0.3089329621019008	emlRunPairwiseAnalysis
c0194	posthoc_alto__soprano_diff	-0.681522727637093	emlRunPairwiseAnalysis
c0194	posthoc_mezzo__soprano_diff	-0.3180176267923125	emlRunPairwiseAnalysis
c0195	n	45	emlRunPairwiseAnalysis
c0195	k	3	emlRunPairwiseAnalysis
c0195	posthoc_alto__mezzo_padj	0.5392985395846969	emlRunPairwiseAnalysis
c0195	posthoc_alto__mezzo_u	91	emlRunPairwiseAnalysis
c0195	posthoc_alto__mezzo_rank_biserial	-0.19111111111111112	emlRunPairwiseAnalysis
c0195	posthoc_alto__mezzo_p	0.3892332987273133	emlRunPairwiseAnalysis
c0195	posthoc_alto__soprano_padj	0.009466126070091889	emlRunPairwiseAnalysis
c0195	posthoc_alto__soprano_u	43	emlRunPairwiseAnalysis
c0195	posthoc_alto__soprano_rank_biserial	-0.6177777777777778	emlRunPairwiseAnalysis
c0195	posthoc_alto__soprano_p	0.0031553753566972965	emlRunPairwiseAnalysis
c0195	posthoc_mezzo__soprano_padj	0.5392985395846969	emlRunPairwiseAnalysis
c0195	posthoc_mezzo__soprano_u	97	emlRunPairwiseAnalysis
c0195	posthoc_mezzo__soprano_rank_biserial	-0.13777777777777778	emlRunPairwiseAnalysis
c0195	posthoc_mezzo__soprano_p	0.5392985395846969	emlRunPairwiseAnalysis
c0195	posthoc_alto__mezzo_diff	-0.3089329621019008	emlRunPairwiseAnalysis
c0195	posthoc_alto__soprano_diff	-0.681522727637093	emlRunPairwiseAnalysis
c0195	posthoc_mezzo__soprano_diff	-0.3180176267923125	emlRunPairwiseAnalysis
c0196	n	45	emlRunPairwiseAnalysis
c0196	k	3	emlRunPairwiseAnalysis
c0196	posthoc_alto__mezzo_padj	0.22451770921535985	emlRunPairwiseAnalysis
c0196	posthoc_alto__mezzo_diff	-0.43103470417544276	emlRunPairwiseAnalysis
c0196	posthoc_alto__mezzo_f	1.5482127140870685	emlRunPairwiseAnalysis
c0196	posthoc_alto__soprano_padj	0.04422658810919559	emlRunPairwiseAnalysis
c0196	posthoc_alto__soprano_diff	-0.6351658757520413	emlRunPairwiseAnalysis
c0196	posthoc_alto__soprano_f	3.361866537415933	emlRunPairwiseAnalysis
c0196	posthoc_mezzo__soprano_padj	0.7086478740307294	emlRunPairwiseAnalysis
c0196	posthoc_mezzo__soprano_diff	-0.20413117157659855	emlRunPairwiseAnalysis
c0196	posthoc_mezzo__soprano_f	0.34723605179025385	emlRunPairwiseAnalysis
c0196	posthoc_alto__mezzo_ci_low	-1.0526489625899234	emlRunPairwiseAnalysis
c0196	posthoc_alto__mezzo_ci_high	0.19057955423903794	emlRunPairwiseAnalysis
c0196	posthoc_alto__soprano_ci_low	-1.256780134166522	emlRunPairwiseAnalysis
c0196	posthoc_alto__soprano_ci_high	-0.013551617337560606	emlRunPairwiseAnalysis
c0196	posthoc_mezzo__soprano_ci_low	-0.8257454299910792	emlRunPairwiseAnalysis
c0196	posthoc_mezzo__soprano_ci_high	0.41748308683788216	emlRunPairwiseAnalysis
c0197	n	45	emlRunPairwiseAnalysis
c0197	k	3	emlRunPairwiseAnalysis
c0197	posthoc_soprano__mezzo_padj	0.052744125961857666	emlRunPairwiseAnalysis
c0197	posthoc_soprano__mezzo_t	2.5303362282675366	emlRunPairwiseAnalysis
c0197	posthoc_soprano__mezzo_cohens_d	0.9239481535297805	emlRunPairwiseAnalysis
c0197	posthoc_soprano__mezzo_p	0.017581375320619222	emlRunPairwiseAnalysis
c0197	posthoc_soprano__alto_padj	1.1033606503174835e-05	emlRunPairwiseAnalysis
c0197	posthoc_soprano__alto_t	5.75069164518259	emlRunPairwiseAnalysis
c0197	posthoc_soprano__alto_cohens_d	2.099855690215333	emlRunPairwiseAnalysis
c0197	posthoc_soprano__alto_p	3.677868834391612e-06	emlRunPairwiseAnalysis
c0197	posthoc_mezzo__alto_padj	0.03420555256107681	emlRunPairwiseAnalysis
c0197	posthoc_mezzo__alto_t	2.711457044327913	emlRunPairwiseAnalysis
c0197	posthoc_mezzo__alto_cohens_d	0.9900841245897888	emlRunPairwiseAnalysis
c0197	posthoc_mezzo__alto_p	0.011401850853692271	emlRunPairwiseAnalysis
c0197	posthoc_soprano__mezzo_df	26.812472236579378	emlRunPairwiseAnalysis
c0197	posthoc_soprano__mezzo_diff	3.626583563810925	emlRunPairwiseAnalysis
c0197	posthoc_soprano__mezzo_ci_low	-0.03339359899196204	emlRunPairwiseAnalysis
c0197	posthoc_soprano__mezzo_ci_high	7.286560726613812	emlRunPairwiseAnalysis
c0197	posthoc_soprano__alto_df	27.80596726697814	emlRunPairwiseAnalysis
c0197	posthoc_soprano__alto_diff	7.650165159727322	emlRunPairwiseAnalysis
c0197	posthoc_soprano__alto_ci_low	4.261093978847576	emlRunPairwiseAnalysis
c0197	posthoc_soprano__alto_ci_high	11.039236340607069	emlRunPairwiseAnalysis
c0197	posthoc_mezzo__alto_df	27.540361656672317	emlRunPairwiseAnalysis
c0197	posthoc_mezzo__alto_diff	4.023581595916397	emlRunPairwiseAnalysis
c0197	posthoc_mezzo__alto_ci_low	0.2408313701891367	emlRunPairwiseAnalysis
c0197	posthoc_mezzo__alto_ci_high	7.806331821643658	emlRunPairwiseAnalysis
c0198	n	45	emlRunPairwiseAnalysis
c0198	k	3	emlRunPairwiseAnalysis
c0198	posthoc_soprano__mezzo_padj	0.022803701707384542	emlRunPairwiseAnalysis
c0198	posthoc_soprano__mezzo_t	2.5303362282675366	emlRunPairwiseAnalysis
c0198	posthoc_soprano__mezzo_cohens_d	0.9239481535297805	emlRunPairwiseAnalysis
c0198	posthoc_soprano__mezzo_p	0.017581375320619222	emlRunPairwiseAnalysis
c0198	posthoc_soprano__alto_padj	1.1033606503174835e-05	emlRunPairwiseAnalysis
c0198	posthoc_soprano__alto_t	5.75069164518259	emlRunPairwiseAnalysis
c0198	posthoc_soprano__alto_cohens_d	2.099855690215333	emlRunPairwiseAnalysis
c0198	posthoc_soprano__alto_p	3.677868834391612e-06	emlRunPairwiseAnalysis
c0198	posthoc_mezzo__alto_padj	0.022803701707384542	emlRunPairwiseAnalysis
c0198	posthoc_mezzo__alto_t	2.711457044327913	emlRunPairwiseAnalysis
c0198	posthoc_mezzo__alto_cohens_d	0.9900841245897888	emlRunPairwiseAnalysis
c0198	posthoc_mezzo__alto_p	0.011401850853692271	emlRunPairwiseAnalysis
c0198	posthoc_soprano__mezzo_df	26.812472236579378	emlRunPairwiseAnalysis
c0198	posthoc_soprano__mezzo_diff	3.626583563810925	emlRunPairwiseAnalysis
c0198	posthoc_soprano__alto_df	27.80596726697814	emlRunPairwiseAnalysis
c0198	posthoc_soprano__alto_diff	7.650165159727322	emlRunPairwiseAnalysis
c0198	posthoc_mezzo__alto_df	27.540361656672317	emlRunPairwiseAnalysis
c0198	posthoc_mezzo__alto_diff	4.023581595916397	emlRunPairwiseAnalysis
c0199	n	45	emlRunPairwiseAnalysis
c0199	k	3	emlRunPairwiseAnalysis
c0199	posthoc_soprano__mezzo_padj	0.017581375320619222	emlRunPairwiseAnalysis
c0199	posthoc_soprano__mezzo_t	2.5303362282675366	emlRunPairwiseAnalysis
c0199	posthoc_soprano__mezzo_cohens_d	0.9239481535297805	emlRunPairwiseAnalysis
c0199	posthoc_soprano__mezzo_p	0.017581375320619222	emlRunPairwiseAnalysis
c0199	posthoc_soprano__alto_padj	1.1033606503174835e-05	emlRunPairwiseAnalysis
c0199	posthoc_soprano__alto_t	5.75069164518259	emlRunPairwiseAnalysis
c0199	posthoc_soprano__alto_cohens_d	2.099855690215333	emlRunPairwiseAnalysis
c0199	posthoc_soprano__alto_p	3.677868834391612e-06	emlRunPairwiseAnalysis
c0199	posthoc_mezzo__alto_padj	0.017102776280538405	emlRunPairwiseAnalysis
c0199	posthoc_mezzo__alto_t	2.711457044327913	emlRunPairwiseAnalysis
c0199	posthoc_mezzo__alto_cohens_d	0.9900841245897888	emlRunPairwiseAnalysis
c0199	posthoc_mezzo__alto_p	0.011401850853692271	emlRunPairwiseAnalysis
c0199	posthoc_soprano__mezzo_df	26.812472236579378	emlRunPairwiseAnalysis
c0199	posthoc_soprano__mezzo_diff	3.626583563810925	emlRunPairwiseAnalysis
c0199	posthoc_soprano__alto_df	27.80596726697814	emlRunPairwiseAnalysis
c0199	posthoc_soprano__alto_diff	7.650165159727322	emlRunPairwiseAnalysis
c0199	posthoc_mezzo__alto_df	27.540361656672317	emlRunPairwiseAnalysis
c0199	posthoc_mezzo__alto_diff	4.023581595916397	emlRunPairwiseAnalysis
c0200	n	45	emlRunPairwiseAnalysis
c0200	k	3	emlRunPairwiseAnalysis
c0200	posthoc_soprano__mezzo_padj	0.05189911276846235	emlRunPairwiseAnalysis
c0200	posthoc_soprano__mezzo_t	2.5303362282675366	emlRunPairwiseAnalysis
c0200	posthoc_soprano__mezzo_cohens_d	0.9239481535297805	emlRunPairwiseAnalysis
c0200	posthoc_soprano__mezzo_p	0.017299704256154114	emlRunPairwiseAnalysis
c0200	posthoc_soprano__alto_padj	1.0760609459728306e-05	emlRunPairwiseAnalysis
c0200	posthoc_soprano__alto_t	5.750691645182591	emlRunPairwiseAnalysis
c0200	posthoc_soprano__alto_cohens_d	2.099855690215333	emlRunPairwiseAnalysis
c0200	posthoc_soprano__alto_p	3.5868698199094354e-06	emlRunPairwiseAnalysis
c0200	posthoc_mezzo__alto_padj	0.033948909877072254	emlRunPairwiseAnalysis
c0200	posthoc_mezzo__alto_t	2.711457044327913	emlRunPairwiseAnalysis
c0200	posthoc_mezzo__alto_cohens_d	0.9900841245897888	emlRunPairwiseAnalysis
c0200	posthoc_mezzo__alto_p	0.011316303292357418	emlRunPairwiseAnalysis
c0200	posthoc_soprano__mezzo_df	28	emlRunPairwiseAnalysis
c0200	posthoc_soprano__mezzo_diff	3.626583563810925	emlRunPairwiseAnalysis
c0200	posthoc_soprano__mezzo_ci_low	-0.023116748575853663	emlRunPairwiseAnalysis
c0200	posthoc_soprano__mezzo_ci_high	7.276283876197704	emlRunPairwiseAnalysis
c0200	posthoc_soprano__alto_df	28	emlRunPairwiseAnalysis
c0200	posthoc_soprano__alto_diff	7.650165159727322	emlRunPairwiseAnalysis
c0200	posthoc_soprano__alto_ci_low	4.262593589255205	emlRunPairwiseAnalysis
c0200	posthoc_soprano__alto_ci_high	11.03773673019944	emlRunPairwiseAnalysis
c0200	posthoc_mezzo__alto_df	28	emlRunPairwiseAnalysis
c0200	posthoc_mezzo__alto_diff	4.023581595916397	emlRunPairwiseAnalysis
c0200	posthoc_mezzo__alto_ci_low	0.2448344361729511	emlRunPairwiseAnalysis
c0200	posthoc_mezzo__alto_ci_high	7.802328755659843	emlRunPairwiseAnalysis
c0201	n	45	emlRunPairwiseAnalysis
c0201	k	3	emlRunPairwiseAnalysis
c0201	posthoc_soprano__mezzo_padj	0.022632606584714835	emlRunPairwiseAnalysis
c0201	posthoc_soprano__mezzo_t	2.5303362282675366	emlRunPairwiseAnalysis
c0201	posthoc_soprano__mezzo_cohens_d	0.9239481535297805	emlRunPairwiseAnalysis
c0201	posthoc_soprano__mezzo_p	0.017299704256154114	emlRunPairwiseAnalysis
c0201	posthoc_soprano__alto_padj	1.0760609459728306e-05	emlRunPairwiseAnalysis
c0201	posthoc_soprano__alto_t	5.750691645182591	emlRunPairwiseAnalysis
c0201	posthoc_soprano__alto_cohens_d	2.099855690215333	emlRunPairwiseAnalysis
c0201	posthoc_soprano__alto_p	3.5868698199094354e-06	emlRunPairwiseAnalysis
c0201	posthoc_mezzo__alto_padj	0.022632606584714835	emlRunPairwiseAnalysis
c0201	posthoc_mezzo__alto_t	2.711457044327913	emlRunPairwiseAnalysis
c0201	posthoc_mezzo__alto_cohens_d	0.9900841245897888	emlRunPairwiseAnalysis
c0201	posthoc_mezzo__alto_p	0.011316303292357418	emlRunPairwiseAnalysis
c0201	posthoc_soprano__mezzo_df	28	emlRunPairwiseAnalysis
c0201	posthoc_soprano__mezzo_diff	3.626583563810925	emlRunPairwiseAnalysis
c0201	posthoc_soprano__alto_df	28	emlRunPairwiseAnalysis
c0201	posthoc_soprano__alto_diff	7.650165159727322	emlRunPairwiseAnalysis
c0201	posthoc_mezzo__alto_df	28	emlRunPairwiseAnalysis
c0201	posthoc_mezzo__alto_diff	4.023581595916397	emlRunPairwiseAnalysis
c0202	n	45	emlRunPairwiseAnalysis
c0202	k	3	emlRunPairwiseAnalysis
c0202	posthoc_soprano__mezzo_padj	0.017299704256154114	emlRunPairwiseAnalysis
c0202	posthoc_soprano__mezzo_t	2.5303362282675366	emlRunPairwiseAnalysis
c0202	posthoc_soprano__mezzo_cohens_d	0.9239481535297805	emlRunPairwiseAnalysis
c0202	posthoc_soprano__mezzo_p	0.017299704256154114	emlRunPairwiseAnalysis
c0202	posthoc_soprano__alto_padj	1.0760609459728306e-05	emlRunPairwiseAnalysis
c0202	posthoc_soprano__alto_t	5.750691645182591	emlRunPairwiseAnalysis
c0202	posthoc_soprano__alto_cohens_d	2.099855690215333	emlRunPairwiseAnalysis
c0202	posthoc_soprano__alto_p	3.5868698199094354e-06	emlRunPairwiseAnalysis
c0202	posthoc_mezzo__alto_padj	0.016974454938536127	emlRunPairwiseAnalysis
c0202	posthoc_mezzo__alto_t	2.711457044327913	emlRunPairwiseAnalysis
c0202	posthoc_mezzo__alto_cohens_d	0.9900841245897888	emlRunPairwiseAnalysis
c0202	posthoc_mezzo__alto_p	0.011316303292357418	emlRunPairwiseAnalysis
c0202	posthoc_soprano__mezzo_df	28	emlRunPairwiseAnalysis
c0202	posthoc_soprano__mezzo_diff	3.626583563810925	emlRunPairwiseAnalysis
c0202	posthoc_soprano__alto_df	28	emlRunPairwiseAnalysis
c0202	posthoc_soprano__alto_diff	7.650165159727322	emlRunPairwiseAnalysis
c0202	posthoc_mezzo__alto_df	28	emlRunPairwiseAnalysis
c0202	posthoc_mezzo__alto_diff	4.023581595916397	emlRunPairwiseAnalysis
c0203	n	45	emlRunPairwiseAnalysis
c0203	k	3	emlRunPairwiseAnalysis
c0203	posthoc_soprano__mezzo_padj	0.07906213302017721	emlRunPairwiseAnalysis
c0203	posthoc_soprano__mezzo_u	166	emlRunPairwiseAnalysis
c0203	posthoc_soprano__mezzo_rank_biserial	0.47555555555555556	emlRunPairwiseAnalysis
c0203	posthoc_soprano__mezzo_p	0.02635404434005907	emlRunPairwiseAnalysis
c0203	posthoc_soprano__alto_padj	1.0521055261842763e-05	emlRunPairwiseAnalysis
c0203	posthoc_soprano__alto_u	213	emlRunPairwiseAnalysis
c0203	posthoc_soprano__alto_rank_biserial	0.8933333333333333	emlRunPairwiseAnalysis
c0203	posthoc_soprano__alto_p	3.5070184206142543e-06	emlRunPairwiseAnalysis
c0203	posthoc_mezzo__alto_padj	0.02962446795178262	emlRunPairwiseAnalysis
c0203	posthoc_mezzo__alto_u	174	emlRunPairwiseAnalysis
c0203	posthoc_mezzo__alto_rank_biserial	0.5466666666666666	emlRunPairwiseAnalysis
c0203	posthoc_mezzo__alto_p	0.009874822650594207	emlRunPairwiseAnalysis
c0203	posthoc_soprano__mezzo_diff	3.654045969107557	emlRunPairwiseAnalysis
c0203	posthoc_soprano__mezzo_ci_low	-0.36138795696048476	emlRunPairwiseAnalysis
c0203	posthoc_soprano__mezzo_ci_high	7.182775837040907	emlRunPairwiseAnalysis
c0203	posthoc_soprano__alto_diff	7.8105556900550255	emlRunPairwiseAnalysis
c0203	posthoc_soprano__alto_ci_low	3.7979889569752743	emlRunPairwiseAnalysis
c0203	posthoc_soprano__alto_ci_high	11.356401046182839	emlRunPairwiseAnalysis
c0203	posthoc_mezzo__alto_diff	4.075923327015673	emlRunPairwiseAnalysis
c0203	posthoc_mezzo__alto_ci_low	0.537935145986836	emlRunPairwiseAnalysis
c0203	posthoc_mezzo__alto_ci_high	7.932918350488663	emlRunPairwiseAnalysis
c0204	n	45	emlRunPairwiseAnalysis
c0204	k	3	emlRunPairwiseAnalysis
c0204	posthoc_soprano__mezzo_padj	0.02635404434005907	emlRunPairwiseAnalysis
c0204	posthoc_soprano__mezzo_u	166	emlRunPairwiseAnalysis
c0204	posthoc_soprano__mezzo_rank_biserial	0.47555555555555556	emlRunPairwiseAnalysis
c0204	posthoc_soprano__mezzo_p	0.02635404434005907	emlRunPairwiseAnalysis
c0204	posthoc_soprano__alto_padj	1.0521055261842763e-05	emlRunPairwiseAnalysis
c0204	posthoc_soprano__alto_u	213	emlRunPairwiseAnalysis
c0204	posthoc_soprano__alto_rank_biserial	0.8933333333333333	emlRunPairwiseAnalysis
c0204	posthoc_soprano__alto_p	3.5070184206142543e-06	emlRunPairwiseAnalysis
c0204	posthoc_mezzo__alto_padj	0.019749645301188414	emlRunPairwiseAnalysis
c0204	posthoc_mezzo__alto_u	174	emlRunPairwiseAnalysis
c0204	posthoc_mezzo__alto_rank_biserial	0.5466666666666666	emlRunPairwiseAnalysis
c0204	posthoc_mezzo__alto_p	0.009874822650594207	emlRunPairwiseAnalysis
c0204	posthoc_soprano__mezzo_diff	3.654045969107557	emlRunPairwiseAnalysis
c0204	posthoc_soprano__alto_diff	7.8105556900550255	emlRunPairwiseAnalysis
c0204	posthoc_mezzo__alto_diff	4.075923327015673	emlRunPairwiseAnalysis
c0205	n	45	emlRunPairwiseAnalysis
c0205	k	3	emlRunPairwiseAnalysis
c0205	posthoc_soprano__mezzo_padj	0.02635404434005907	emlRunPairwiseAnalysis
c0205	posthoc_soprano__mezzo_u	166	emlRunPairwiseAnalysis
c0205	posthoc_soprano__mezzo_rank_biserial	0.47555555555555556	emlRunPairwiseAnalysis
c0205	posthoc_soprano__mezzo_p	0.02635404434005907	emlRunPairwiseAnalysis
c0205	posthoc_soprano__alto_padj	1.0521055261842763e-05	emlRunPairwiseAnalysis
c0205	posthoc_soprano__alto_u	213	emlRunPairwiseAnalysis
c0205	posthoc_soprano__alto_rank_biserial	0.8933333333333333	emlRunPairwiseAnalysis
c0205	posthoc_soprano__alto_p	3.5070184206142543e-06	emlRunPairwiseAnalysis
c0205	posthoc_mezzo__alto_padj	0.01481223397589131	emlRunPairwiseAnalysis
c0205	posthoc_mezzo__alto_u	174	emlRunPairwiseAnalysis
c0205	posthoc_mezzo__alto_rank_biserial	0.5466666666666666	emlRunPairwiseAnalysis
c0205	posthoc_mezzo__alto_p	0.009874822650594207	emlRunPairwiseAnalysis
c0205	posthoc_soprano__mezzo_diff	3.654045969107557	emlRunPairwiseAnalysis
c0205	posthoc_soprano__alto_diff	7.8105556900550255	emlRunPairwiseAnalysis
c0205	posthoc_mezzo__alto_diff	4.075923327015673	emlRunPairwiseAnalysis
c0206	n	45	emlRunPairwiseAnalysis
c0206	k	3	emlRunPairwiseAnalysis
c0206	posthoc_soprano__mezzo_padj	0.04771744719124384	emlRunPairwiseAnalysis
c0206	posthoc_soprano__mezzo_diff	3.626583563810925	emlRunPairwiseAnalysis
c0206	posthoc_soprano__mezzo_f	3.273892707516826	emlRunPairwiseAnalysis
c0206	posthoc_soprano__alto_padj	1.5640993493265245e-05	emlRunPairwiseAnalysis
c0206	posthoc_soprano__alto_diff	7.650165159727322	emlRunPairwiseAnalysis
c0206	posthoc_soprano__alto_f	14.568360750795387	emlRunPairwiseAnalysis
c0206	posthoc_mezzo__alto_padj	0.025058920633293635	emlRunPairwiseAnalysis
c0206	posthoc_mezzo__alto_diff	4.023581595916397	emlRunPairwiseAnalysis
c0206	posthoc_mezzo__alto_f	4.029903908361869	emlRunPairwiseAnalysis
c0206	posthoc_soprano__mezzo_ci_low	0.03000532785869492	emlRunPairwiseAnalysis
c0206	posthoc_soprano__mezzo_ci_high	7.223161799763155	emlRunPairwiseAnalysis
c0206	posthoc_soprano__alto_ci_low	4.053586923775092	emlRunPairwiseAnalysis
c0206	posthoc_soprano__alto_ci_high	11.246743395679552	emlRunPairwiseAnalysis
c0206	posthoc_mezzo__alto_ci_low	0.42700335996416694	emlRunPairwiseAnalysis
c0206	posthoc_mezzo__alto_ci_high	7.620159831868627	emlRunPairwiseAnalysis
c0207	n	45	emlRunPairwiseAnalysis
c0207	k	3	emlRunPairwiseAnalysis
c0207	posthoc_alto__mezzo_padj	0.03420555256107681	emlRunPairwiseAnalysis
c0207	posthoc_alto__mezzo_t	-2.711457044327913	emlRunPairwiseAnalysis
c0207	posthoc_alto__mezzo_cohens_d	-0.9900841245897888	emlRunPairwiseAnalysis
c0207	posthoc_alto__mezzo_p	0.011401850853692271	emlRunPairwiseAnalysis
c0207	posthoc_alto__soprano_padj	1.1033606503174835e-05	emlRunPairwiseAnalysis
c0207	posthoc_alto__soprano_t	-5.75069164518259	emlRunPairwiseAnalysis
c0207	posthoc_alto__soprano_cohens_d	-2.099855690215333	emlRunPairwiseAnalysis
c0207	posthoc_alto__soprano_p	3.677868834391612e-06	emlRunPairwiseAnalysis
c0207	posthoc_mezzo__soprano_padj	0.052744125961857666	emlRunPairwiseAnalysis
c0207	posthoc_mezzo__soprano_t	-2.5303362282675366	emlRunPairwiseAnalysis
c0207	posthoc_mezzo__soprano_cohens_d	-0.9239481535297805	emlRunPairwiseAnalysis
c0207	posthoc_mezzo__soprano_p	0.017581375320619222	emlRunPairwiseAnalysis
c0207	posthoc_alto__mezzo_df	27.540361656672317	emlRunPairwiseAnalysis
c0207	posthoc_alto__mezzo_diff	-4.023581595916397	emlRunPairwiseAnalysis
c0207	posthoc_alto__mezzo_ci_low	-7.806331821643658	emlRunPairwiseAnalysis
c0207	posthoc_alto__mezzo_ci_high	-0.2408313701891367	emlRunPairwiseAnalysis
c0207	posthoc_alto__soprano_df	27.80596726697814	emlRunPairwiseAnalysis
c0207	posthoc_alto__soprano_diff	-7.650165159727322	emlRunPairwiseAnalysis
c0207	posthoc_alto__soprano_ci_low	-11.039236340607069	emlRunPairwiseAnalysis
c0207	posthoc_alto__soprano_ci_high	-4.261093978847576	emlRunPairwiseAnalysis
c0207	posthoc_mezzo__soprano_df	26.812472236579378	emlRunPairwiseAnalysis
c0207	posthoc_mezzo__soprano_diff	-3.626583563810925	emlRunPairwiseAnalysis
c0207	posthoc_mezzo__soprano_ci_low	-7.286560726613812	emlRunPairwiseAnalysis
c0207	posthoc_mezzo__soprano_ci_high	0.03339359899196204	emlRunPairwiseAnalysis
c0208	n	45	emlRunPairwiseAnalysis
c0208	k	3	emlRunPairwiseAnalysis
c0208	posthoc_alto__mezzo_padj	0.022803701707384542	emlRunPairwiseAnalysis
c0208	posthoc_alto__mezzo_t	-2.711457044327913	emlRunPairwiseAnalysis
c0208	posthoc_alto__mezzo_cohens_d	-0.9900841245897888	emlRunPairwiseAnalysis
c0208	posthoc_alto__mezzo_p	0.011401850853692271	emlRunPairwiseAnalysis
c0208	posthoc_alto__soprano_padj	1.1033606503174835e-05	emlRunPairwiseAnalysis
c0208	posthoc_alto__soprano_t	-5.75069164518259	emlRunPairwiseAnalysis
c0208	posthoc_alto__soprano_cohens_d	-2.099855690215333	emlRunPairwiseAnalysis
c0208	posthoc_alto__soprano_p	3.677868834391612e-06	emlRunPairwiseAnalysis
c0208	posthoc_mezzo__soprano_padj	0.022803701707384542	emlRunPairwiseAnalysis
c0208	posthoc_mezzo__soprano_t	-2.5303362282675366	emlRunPairwiseAnalysis
c0208	posthoc_mezzo__soprano_cohens_d	-0.9239481535297805	emlRunPairwiseAnalysis
c0208	posthoc_mezzo__soprano_p	0.017581375320619222	emlRunPairwiseAnalysis
c0208	posthoc_alto__mezzo_df	27.540361656672317	emlRunPairwiseAnalysis
c0208	posthoc_alto__mezzo_diff	-4.023581595916397	emlRunPairwiseAnalysis
c0208	posthoc_alto__soprano_df	27.80596726697814	emlRunPairwiseAnalysis
c0208	posthoc_alto__soprano_diff	-7.650165159727322	emlRunPairwiseAnalysis
c0208	posthoc_mezzo__soprano_df	26.812472236579378	emlRunPairwiseAnalysis
c0208	posthoc_mezzo__soprano_diff	-3.626583563810925	emlRunPairwiseAnalysis
c0209	n	45	emlRunPairwiseAnalysis
c0209	k	3	emlRunPairwiseAnalysis
c0209	posthoc_alto__mezzo_padj	0.017102776280538405	emlRunPairwiseAnalysis
c0209	posthoc_alto__mezzo_t	-2.711457044327913	emlRunPairwiseAnalysis
c0209	posthoc_alto__mezzo_cohens_d	-0.9900841245897888	emlRunPairwiseAnalysis
c0209	posthoc_alto__mezzo_p	0.011401850853692271	emlRunPairwiseAnalysis
c0209	posthoc_alto__soprano_padj	1.1033606503174835e-05	emlRunPairwiseAnalysis
c0209	posthoc_alto__soprano_t	-5.75069164518259	emlRunPairwiseAnalysis
c0209	posthoc_alto__soprano_cohens_d	-2.099855690215333	emlRunPairwiseAnalysis
c0209	posthoc_alto__soprano_p	3.677868834391612e-06	emlRunPairwiseAnalysis
c0209	posthoc_mezzo__soprano_padj	0.017581375320619222	emlRunPairwiseAnalysis
c0209	posthoc_mezzo__soprano_t	-2.5303362282675366	emlRunPairwiseAnalysis
c0209	posthoc_mezzo__soprano_cohens_d	-0.9239481535297805	emlRunPairwiseAnalysis
c0209	posthoc_mezzo__soprano_p	0.017581375320619222	emlRunPairwiseAnalysis
c0209	posthoc_alto__mezzo_df	27.540361656672317	emlRunPairwiseAnalysis
c0209	posthoc_alto__mezzo_diff	-4.023581595916397	emlRunPairwiseAnalysis
c0209	posthoc_alto__soprano_df	27.80596726697814	emlRunPairwiseAnalysis
c0209	posthoc_alto__soprano_diff	-7.650165159727322	emlRunPairwiseAnalysis
c0209	posthoc_mezzo__soprano_df	26.812472236579378	emlRunPairwiseAnalysis
c0209	posthoc_mezzo__soprano_diff	-3.626583563810925	emlRunPairwiseAnalysis
c0210	n	45	emlRunPairwiseAnalysis
c0210	k	3	emlRunPairwiseAnalysis
c0210	posthoc_alto__mezzo_padj	0.033948909877072254	emlRunPairwiseAnalysis
c0210	posthoc_alto__mezzo_t	-2.711457044327913	emlRunPairwiseAnalysis
c0210	posthoc_alto__mezzo_cohens_d	-0.9900841245897888	emlRunPairwiseAnalysis
c0210	posthoc_alto__mezzo_p	0.011316303292357418	emlRunPairwiseAnalysis
c0210	posthoc_alto__soprano_padj	1.0760609459728306e-05	emlRunPairwiseAnalysis
c0210	posthoc_alto__soprano_t	-5.750691645182591	emlRunPairwiseAnalysis
c0210	posthoc_alto__soprano_cohens_d	-2.099855690215333	emlRunPairwiseAnalysis
c0210	posthoc_alto__soprano_p	3.5868698199094354e-06	emlRunPairwiseAnalysis
c0210	posthoc_mezzo__soprano_padj	0.05189911276846235	emlRunPairwiseAnalysis
c0210	posthoc_mezzo__soprano_t	-2.5303362282675366	emlRunPairwiseAnalysis
c0210	posthoc_mezzo__soprano_cohens_d	-0.9239481535297805	emlRunPairwiseAnalysis
c0210	posthoc_mezzo__soprano_p	0.017299704256154114	emlRunPairwiseAnalysis
c0210	posthoc_alto__mezzo_df	28	emlRunPairwiseAnalysis
c0210	posthoc_alto__mezzo_diff	-4.023581595916397	emlRunPairwiseAnalysis
c0210	posthoc_alto__mezzo_ci_low	-7.802328755659843	emlRunPairwiseAnalysis
c0210	posthoc_alto__mezzo_ci_high	-0.2448344361729511	emlRunPairwiseAnalysis
c0210	posthoc_alto__soprano_df	28	emlRunPairwiseAnalysis
c0210	posthoc_alto__soprano_diff	-7.650165159727322	emlRunPairwiseAnalysis
c0210	posthoc_alto__soprano_ci_low	-11.03773673019944	emlRunPairwiseAnalysis
c0210	posthoc_alto__soprano_ci_high	-4.262593589255205	emlRunPairwiseAnalysis
c0210	posthoc_mezzo__soprano_df	28	emlRunPairwiseAnalysis
c0210	posthoc_mezzo__soprano_diff	-3.626583563810925	emlRunPairwiseAnalysis
c0210	posthoc_mezzo__soprano_ci_low	-7.276283876197704	emlRunPairwiseAnalysis
c0210	posthoc_mezzo__soprano_ci_high	0.023116748575853663	emlRunPairwiseAnalysis
c0211	n	45	emlRunPairwiseAnalysis
c0211	k	3	emlRunPairwiseAnalysis
c0211	posthoc_alto__mezzo_padj	0.022632606584714835	emlRunPairwiseAnalysis
c0211	posthoc_alto__mezzo_t	-2.711457044327913	emlRunPairwiseAnalysis
c0211	posthoc_alto__mezzo_cohens_d	-0.9900841245897888	emlRunPairwiseAnalysis
c0211	posthoc_alto__mezzo_p	0.011316303292357418	emlRunPairwiseAnalysis
c0211	posthoc_alto__soprano_padj	1.0760609459728306e-05	emlRunPairwiseAnalysis
c0211	posthoc_alto__soprano_t	-5.750691645182591	emlRunPairwiseAnalysis
c0211	posthoc_alto__soprano_cohens_d	-2.099855690215333	emlRunPairwiseAnalysis
c0211	posthoc_alto__soprano_p	3.5868698199094354e-06	emlRunPairwiseAnalysis
c0211	posthoc_mezzo__soprano_padj	0.022632606584714835	emlRunPairwiseAnalysis
c0211	posthoc_mezzo__soprano_t	-2.5303362282675366	emlRunPairwiseAnalysis
c0211	posthoc_mezzo__soprano_cohens_d	-0.9239481535297805	emlRunPairwiseAnalysis
c0211	posthoc_mezzo__soprano_p	0.017299704256154114	emlRunPairwiseAnalysis
c0211	posthoc_alto__mezzo_df	28	emlRunPairwiseAnalysis
c0211	posthoc_alto__mezzo_diff	-4.023581595916397	emlRunPairwiseAnalysis
c0211	posthoc_alto__soprano_df	28	emlRunPairwiseAnalysis
c0211	posthoc_alto__soprano_diff	-7.650165159727322	emlRunPairwiseAnalysis
c0211	posthoc_mezzo__soprano_df	28	emlRunPairwiseAnalysis
c0211	posthoc_mezzo__soprano_diff	-3.626583563810925	emlRunPairwiseAnalysis
c0212	n	45	emlRunPairwiseAnalysis
c0212	k	3	emlRunPairwiseAnalysis
c0212	posthoc_alto__mezzo_padj	0.016974454938536127	emlRunPairwiseAnalysis
c0212	posthoc_alto__mezzo_t	-2.711457044327913	emlRunPairwiseAnalysis
c0212	posthoc_alto__mezzo_cohens_d	-0.9900841245897888	emlRunPairwiseAnalysis
c0212	posthoc_alto__mezzo_p	0.011316303292357418	emlRunPairwiseAnalysis
c0212	posthoc_alto__soprano_padj	1.0760609459728306e-05	emlRunPairwiseAnalysis
c0212	posthoc_alto__soprano_t	-5.750691645182591	emlRunPairwiseAnalysis
c0212	posthoc_alto__soprano_cohens_d	-2.099855690215333	emlRunPairwiseAnalysis
c0212	posthoc_alto__soprano_p	3.5868698199094354e-06	emlRunPairwiseAnalysis
c0212	posthoc_mezzo__soprano_padj	0.017299704256154114	emlRunPairwiseAnalysis
c0212	posthoc_mezzo__soprano_t	-2.5303362282675366	emlRunPairwiseAnalysis
c0212	posthoc_mezzo__soprano_cohens_d	-0.9239481535297805	emlRunPairwiseAnalysis
c0212	posthoc_mezzo__soprano_p	0.017299704256154114	emlRunPairwiseAnalysis
c0212	posthoc_alto__mezzo_df	28	emlRunPairwiseAnalysis
c0212	posthoc_alto__mezzo_diff	-4.023581595916397	emlRunPairwiseAnalysis
c0212	posthoc_alto__soprano_df	28	emlRunPairwiseAnalysis
c0212	posthoc_alto__soprano_diff	-7.650165159727322	emlRunPairwiseAnalysis
c0212	posthoc_mezzo__soprano_df	28	emlRunPairwiseAnalysis
c0212	posthoc_mezzo__soprano_diff	-3.626583563810925	emlRunPairwiseAnalysis
c0213	n	45	emlRunPairwiseAnalysis
c0213	k	3	emlRunPairwiseAnalysis
c0213	posthoc_alto__mezzo_padj	0.02962446795178262	emlRunPairwiseAnalysis
c0213	posthoc_alto__mezzo_u	51	emlRunPairwiseAnalysis
c0213	posthoc_alto__mezzo_rank_biserial	-0.5466666666666666	emlRunPairwiseAnalysis
c0213	posthoc_alto__mezzo_p	0.009874822650594207	emlRunPairwiseAnalysis
c0213	posthoc_alto__soprano_padj	1.0521055261842763e-05	emlRunPairwiseAnalysis
c0213	posthoc_alto__soprano_u	12	emlRunPairwiseAnalysis
c0213	posthoc_alto__soprano_rank_biserial	-0.8933333333333333	emlRunPairwiseAnalysis
c0213	posthoc_alto__soprano_p	3.5070184206142543e-06	emlRunPairwiseAnalysis
c0213	posthoc_mezzo__soprano_padj	0.07906213302017721	emlRunPairwiseAnalysis
c0213	posthoc_mezzo__soprano_u	59	emlRunPairwiseAnalysis
c0213	posthoc_mezzo__soprano_rank_biserial	-0.47555555555555556	emlRunPairwiseAnalysis
c0213	posthoc_mezzo__soprano_p	0.02635404434005907	emlRunPairwiseAnalysis
c0213	posthoc_alto__mezzo_diff	-4.075923327015673	emlRunPairwiseAnalysis
c0213	posthoc_alto__mezzo_ci_low	-7.932918350488663	emlRunPairwiseAnalysis
c0213	posthoc_alto__mezzo_ci_high	-0.537935145986836	emlRunPairwiseAnalysis
c0213	posthoc_alto__soprano_diff	-7.8105556900550255	emlRunPairwiseAnalysis
c0213	posthoc_alto__soprano_ci_low	-11.356401046182839	emlRunPairwiseAnalysis
c0213	posthoc_alto__soprano_ci_high	-3.7979889569752743	emlRunPairwiseAnalysis
c0213	posthoc_mezzo__soprano_diff	-3.654045969107557	emlRunPairwiseAnalysis
c0213	posthoc_mezzo__soprano_ci_low	-7.182775837040907	emlRunPairwiseAnalysis
c0213	posthoc_mezzo__soprano_ci_high	0.36138795696048476	emlRunPairwiseAnalysis
c0214	n	45	emlRunPairwiseAnalysis
c0214	k	3	emlRunPairwiseAnalysis
c0214	posthoc_alto__mezzo_padj	0.019749645301188414	emlRunPairwiseAnalysis
c0214	posthoc_alto__mezzo_u	51	emlRunPairwiseAnalysis
c0214	posthoc_alto__mezzo_rank_biserial	-0.5466666666666666	emlRunPairwiseAnalysis
c0214	posthoc_alto__mezzo_p	0.009874822650594207	emlRunPairwiseAnalysis
c0214	posthoc_alto__soprano_padj	1.0521055261842763e-05	emlRunPairwiseAnalysis
c0214	posthoc_alto__soprano_u	12	emlRunPairwiseAnalysis
c0214	posthoc_alto__soprano_rank_biserial	-0.8933333333333333	emlRunPairwiseAnalysis
c0214	posthoc_alto__soprano_p	3.5070184206142543e-06	emlRunPairwiseAnalysis
c0214	posthoc_mezzo__soprano_padj	0.02635404434005907	emlRunPairwiseAnalysis
c0214	posthoc_mezzo__soprano_u	59	emlRunPairwiseAnalysis
c0214	posthoc_mezzo__soprano_rank_biserial	-0.47555555555555556	emlRunPairwiseAnalysis
c0214	posthoc_mezzo__soprano_p	0.02635404434005907	emlRunPairwiseAnalysis
c0214	posthoc_alto__mezzo_diff	-4.075923327015673	emlRunPairwiseAnalysis
c0214	posthoc_alto__soprano_diff	-7.8105556900550255	emlRunPairwiseAnalysis
c0214	posthoc_mezzo__soprano_diff	-3.654045969107557	emlRunPairwiseAnalysis
c0215	n	45	emlRunPairwiseAnalysis
c0215	k	3	emlRunPairwiseAnalysis
c0215	posthoc_alto__mezzo_padj	0.01481223397589131	emlRunPairwiseAnalysis
c0215	posthoc_alto__mezzo_u	51	emlRunPairwiseAnalysis
c0215	posthoc_alto__mezzo_rank_biserial	-0.5466666666666666	emlRunPairwiseAnalysis
c0215	posthoc_alto__mezzo_p	0.009874822650594207	emlRunPairwiseAnalysis
c0215	posthoc_alto__soprano_padj	1.0521055261842763e-05	emlRunPairwiseAnalysis
c0215	posthoc_alto__soprano_u	12	emlRunPairwiseAnalysis
c0215	posthoc_alto__soprano_rank_biserial	-0.8933333333333333	emlRunPairwiseAnalysis
c0215	posthoc_alto__soprano_p	3.5070184206142543e-06	emlRunPairwiseAnalysis
c0215	posthoc_mezzo__soprano_padj	0.02635404434005907	emlRunPairwiseAnalysis
c0215	posthoc_mezzo__soprano_u	59	emlRunPairwiseAnalysis
c0215	posthoc_mezzo__soprano_rank_biserial	-0.47555555555555556	emlRunPairwiseAnalysis
c0215	posthoc_mezzo__soprano_p	0.02635404434005907	emlRunPairwiseAnalysis
c0215	posthoc_alto__mezzo_diff	-4.075923327015673	emlRunPairwiseAnalysis
c0215	posthoc_alto__soprano_diff	-7.8105556900550255	emlRunPairwiseAnalysis
c0215	posthoc_mezzo__soprano_diff	-3.654045969107557	emlRunPairwiseAnalysis
c0216	n	45	emlRunPairwiseAnalysis
c0216	k	3	emlRunPairwiseAnalysis
c0216	posthoc_alto__mezzo_padj	0.025058920633293635	emlRunPairwiseAnalysis
c0216	posthoc_alto__mezzo_diff	-4.023581595916397	emlRunPairwiseAnalysis
c0216	posthoc_alto__mezzo_f	4.029903908361869	emlRunPairwiseAnalysis
c0216	posthoc_alto__soprano_padj	1.5640993493265245e-05	emlRunPairwiseAnalysis
c0216	posthoc_alto__soprano_diff	-7.650165159727322	emlRunPairwiseAnalysis
c0216	posthoc_alto__soprano_f	14.568360750795387	emlRunPairwiseAnalysis
c0216	posthoc_mezzo__soprano_padj	0.04771744719124384	emlRunPairwiseAnalysis
c0216	posthoc_mezzo__soprano_diff	-3.626583563810925	emlRunPairwiseAnalysis
c0216	posthoc_mezzo__soprano_f	3.273892707516826	emlRunPairwiseAnalysis
c0216	posthoc_alto__mezzo_ci_low	-7.620159831868627	emlRunPairwiseAnalysis
c0216	posthoc_alto__mezzo_ci_high	-0.42700335996416694	emlRunPairwiseAnalysis
c0216	posthoc_alto__soprano_ci_low	-11.246743395679552	emlRunPairwiseAnalysis
c0216	posthoc_alto__soprano_ci_high	-4.053586923775092	emlRunPairwiseAnalysis
c0216	posthoc_mezzo__soprano_ci_low	-7.223161799763155	emlRunPairwiseAnalysis
c0216	posthoc_mezzo__soprano_ci_high	-0.03000532785869492	emlRunPairwiseAnalysis
c0217	n	45	emlRunPairwiseAnalysis
c0217	k	3	emlRunPairwiseAnalysis
c0217	posthoc_soprano__mezzo_padj	1	emlRunPairwiseAnalysis
c0217	posthoc_soprano__mezzo_t	0.21128392504106688	emlRunPairwiseAnalysis
c0217	posthoc_soprano__mezzo_cohens_d	0.07714998118881532	emlRunPairwiseAnalysis
c0217	posthoc_soprano__mezzo_p	0.834251606184198	emlRunPairwiseAnalysis
c0217	posthoc_soprano__alto_padj	0.005476016248212279	emlRunPairwiseAnalysis
c0217	posthoc_soprano__alto_t	3.462722612935813	emlRunPairwiseAnalysis
c0217	posthoc_soprano__alto_cohens_d	1.2644075236587833	emlRunPairwiseAnalysis
c0217	posthoc_soprano__alto_p	0.001825338749404093	emlRunPairwiseAnalysis
c0217	posthoc_mezzo__alto_padj	0.028521729590686627	emlRunPairwiseAnalysis
c0217	posthoc_mezzo__alto_t	2.8181079880793596	emlRunPairwiseAnalysis
c0217	posthoc_mezzo__alto_cohens_d	1.02902754303771	emlRunPairwiseAnalysis
c0217	posthoc_mezzo__alto_p	0.009507243196895542	emlRunPairwiseAnalysis
c0217	posthoc_soprano__mezzo_df	27.013429401787366	emlRunPairwiseAnalysis
c0217	posthoc_soprano__mezzo_diff	0.05280871789667163	emlRunPairwiseAnalysis
c0217	posthoc_soprano__mezzo_ci_low	-0.5851369365193686	emlRunPairwiseAnalysis
c0217	posthoc_soprano__mezzo_ci_high	0.6907543723127119	emlRunPairwiseAnalysis
c0217	posthoc_soprano__alto_df	26.573053729206976	emlRunPairwiseAnalysis
c0217	posthoc_soprano__alto_diff	0.7013662327457819	emlRunPairwiseAnalysis
c0217	posthoc_soprano__alto_ci_low	0.18382392230233457	emlRunPairwiseAnalysis
c0217	posthoc_soprano__alto_ci_high	1.2189085431892293	emlRunPairwiseAnalysis
c0217	posthoc_mezzo__alto_df	24.056053913639918	emlRunPairwiseAnalysis
c0217	posthoc_mezzo__alto_diff	0.6485575148491103	emlRunPairwiseAnalysis
c0217	posthoc_mezzo__alto_ci_low	0.056364456991586875	emlRunPairwiseAnalysis
c0217	posthoc_mezzo__alto_ci_high	1.2407505727066337	emlRunPairwiseAnalysis
c0218	n	45	emlRunPairwiseAnalysis
c0218	k	3	emlRunPairwiseAnalysis
c0218	posthoc_soprano__mezzo_padj	0.834251606184198	emlRunPairwiseAnalysis
c0218	posthoc_soprano__mezzo_t	0.21128392504106688	emlRunPairwiseAnalysis
c0218	posthoc_soprano__mezzo_cohens_d	0.07714998118881532	emlRunPairwiseAnalysis
c0218	posthoc_soprano__mezzo_p	0.834251606184198	emlRunPairwiseAnalysis
c0218	posthoc_soprano__alto_padj	0.005476016248212279	emlRunPairwiseAnalysis
c0218	posthoc_soprano__alto_t	3.462722612935813	emlRunPairwiseAnalysis
c0218	posthoc_soprano__alto_cohens_d	1.2644075236587833	emlRunPairwiseAnalysis
c0218	posthoc_soprano__alto_p	0.001825338749404093	emlRunPairwiseAnalysis
c0218	posthoc_mezzo__alto_padj	0.019014486393791084	emlRunPairwiseAnalysis
c0218	posthoc_mezzo__alto_t	2.8181079880793596	emlRunPairwiseAnalysis
c0218	posthoc_mezzo__alto_cohens_d	1.02902754303771	emlRunPairwiseAnalysis
c0218	posthoc_mezzo__alto_p	0.009507243196895542	emlRunPairwiseAnalysis
c0218	posthoc_soprano__mezzo_df	27.013429401787366	emlRunPairwiseAnalysis
c0218	posthoc_soprano__mezzo_diff	0.05280871789667163	emlRunPairwiseAnalysis
c0218	posthoc_soprano__alto_df	26.573053729206976	emlRunPairwiseAnalysis
c0218	posthoc_soprano__alto_diff	0.7013662327457819	emlRunPairwiseAnalysis
c0218	posthoc_mezzo__alto_df	24.056053913639918	emlRunPairwiseAnalysis
c0218	posthoc_mezzo__alto_diff	0.6485575148491103	emlRunPairwiseAnalysis
c0219	n	45	emlRunPairwiseAnalysis
c0219	k	3	emlRunPairwiseAnalysis
c0219	posthoc_soprano__mezzo_padj	0.834251606184198	emlRunPairwiseAnalysis
c0219	posthoc_soprano__mezzo_t	0.21128392504106688	emlRunPairwiseAnalysis
c0219	posthoc_soprano__mezzo_cohens_d	0.07714998118881532	emlRunPairwiseAnalysis
c0219	posthoc_soprano__mezzo_p	0.834251606184198	emlRunPairwiseAnalysis
c0219	posthoc_soprano__alto_padj	0.005476016248212279	emlRunPairwiseAnalysis
c0219	posthoc_soprano__alto_t	3.462722612935813	emlRunPairwiseAnalysis
c0219	posthoc_soprano__alto_cohens_d	1.2644075236587833	emlRunPairwiseAnalysis
c0219	posthoc_soprano__alto_p	0.001825338749404093	emlRunPairwiseAnalysis
c0219	posthoc_mezzo__alto_padj	0.014260864795343314	emlRunPairwiseAnalysis
c0219	posthoc_mezzo__alto_t	2.8181079880793596	emlRunPairwiseAnalysis
c0219	posthoc_mezzo__alto_cohens_d	1.02902754303771	emlRunPairwiseAnalysis
c0219	posthoc_mezzo__alto_p	0.009507243196895542	emlRunPairwiseAnalysis
c0219	posthoc_soprano__mezzo_df	27.013429401787366	emlRunPairwiseAnalysis
c0219	posthoc_soprano__mezzo_diff	0.05280871789667163	emlRunPairwiseAnalysis
c0219	posthoc_soprano__alto_df	26.573053729206976	emlRunPairwiseAnalysis
c0219	posthoc_soprano__alto_diff	0.7013662327457819	emlRunPairwiseAnalysis
c0219	posthoc_mezzo__alto_df	24.056053913639918	emlRunPairwiseAnalysis
c0219	posthoc_mezzo__alto_diff	0.6485575148491103	emlRunPairwiseAnalysis
c0220	n	45	emlRunPairwiseAnalysis
c0220	k	3	emlRunPairwiseAnalysis
c0220	posthoc_soprano__mezzo_padj	1	emlRunPairwiseAnalysis
c0220	posthoc_soprano__mezzo_t	0.21128392504106688	emlRunPairwiseAnalysis
c0220	posthoc_soprano__mezzo_cohens_d	0.07714998118881532	emlRunPairwiseAnalysis
c0220	posthoc_soprano__mezzo_p	0.8341960087585518	emlRunPairwiseAnalysis
c0220	posthoc_soprano__alto_padj	0.00521010015969664	emlRunPairwiseAnalysis
c0220	posthoc_soprano__alto_t	3.462722612935813	emlRunPairwiseAnalysis
c0220	posthoc_soprano__alto_cohens_d	1.2644075236587833	emlRunPairwiseAnalysis
c0220	posthoc_soprano__alto_p	0.0017367000532322132	emlRunPairwiseAnalysis
c0220	posthoc_mezzo__alto_padj	0.02629155988169594	emlRunPairwiseAnalysis
c0220	posthoc_mezzo__alto_t	2.8181079880793596	emlRunPairwiseAnalysis
c0220	posthoc_mezzo__alto_cohens_d	1.02902754303771	emlRunPairwiseAnalysis
c0220	posthoc_mezzo__alto_p	0.008763853293898647	emlRunPairwiseAnalysis
c0220	posthoc_soprano__mezzo_df	28	emlRunPairwiseAnalysis
c0220	posthoc_soprano__mezzo_diff	0.05280871789667163	emlRunPairwiseAnalysis
c0220	posthoc_soprano__mezzo_ci_low	-0.5836597855986071	emlRunPairwiseAnalysis
c0220	posthoc_soprano__mezzo_ci_high	0.6892772213919504	emlRunPairwiseAnalysis
c0220	posthoc_soprano__alto_df	28	emlRunPairwiseAnalysis
c0220	posthoc_soprano__alto_diff	0.7013662327457819	emlRunPairwiseAnalysis
c0220	posthoc_soprano__alto_ci_low	0.18558575600542326	emlRunPairwiseAnalysis
c0220	posthoc_soprano__alto_ci_high	1.2171467094861406	emlRunPairwiseAnalysis
c0220	posthoc_mezzo__alto_df	28	emlRunPairwiseAnalysis
c0220	posthoc_mezzo__alto_diff	0.6485575148491103	emlRunPairwiseAnalysis
c0220	posthoc_mezzo__alto_ci_low	0.06251568695530652	emlRunPairwiseAnalysis
c0220	posthoc_mezzo__alto_ci_high	1.234599342742914	emlRunPairwiseAnalysis
c0221	n	45	emlRunPairwiseAnalysis
c0221	k	3	emlRunPairwiseAnalysis
c0221	posthoc_soprano__mezzo_padj	0.8341960087585518	emlRunPairwiseAnalysis
c0221	posthoc_soprano__mezzo_t	0.21128392504106688	emlRunPairwiseAnalysis
c0221	posthoc_soprano__mezzo_cohens_d	0.07714998118881532	emlRunPairwiseAnalysis
c0221	posthoc_soprano__mezzo_p	0.8341960087585518	emlRunPairwiseAnalysis
c0221	posthoc_soprano__alto_padj	0.00521010015969664	emlRunPairwiseAnalysis
c0221	posthoc_soprano__alto_t	3.462722612935813	emlRunPairwiseAnalysis
c0221	posthoc_soprano__alto_cohens_d	1.2644075236587833	emlRunPairwiseAnalysis
c0221	posthoc_soprano__alto_p	0.0017367000532322132	emlRunPairwiseAnalysis
c0221	posthoc_mezzo__alto_padj	0.017527706587797294	emlRunPairwiseAnalysis
c0221	posthoc_mezzo__alto_t	2.8181079880793596	emlRunPairwiseAnalysis
c0221	posthoc_mezzo__alto_cohens_d	1.02902754303771	emlRunPairwiseAnalysis
c0221	posthoc_mezzo__alto_p	0.008763853293898647	emlRunPairwiseAnalysis
c0221	posthoc_soprano__mezzo_df	28	emlRunPairwiseAnalysis
c0221	posthoc_soprano__mezzo_diff	0.05280871789667163	emlRunPairwiseAnalysis
c0221	posthoc_soprano__alto_df	28	emlRunPairwiseAnalysis
c0221	posthoc_soprano__alto_diff	0.7013662327457819	emlRunPairwiseAnalysis
c0221	posthoc_mezzo__alto_df	28	emlRunPairwiseAnalysis
c0221	posthoc_mezzo__alto_diff	0.6485575148491103	emlRunPairwiseAnalysis
c0222	n	45	emlRunPairwiseAnalysis
c0222	k	3	emlRunPairwiseAnalysis
c0222	posthoc_soprano__mezzo_padj	0.8341960087585519	emlRunPairwiseAnalysis
c0222	posthoc_soprano__mezzo_t	0.21128392504106688	emlRunPairwiseAnalysis
c0222	posthoc_soprano__mezzo_cohens_d	0.07714998118881532	emlRunPairwiseAnalysis
c0222	posthoc_soprano__mezzo_p	0.8341960087585518	emlRunPairwiseAnalysis
c0222	posthoc_soprano__alto_padj	0.00521010015969664	emlRunPairwiseAnalysis
c0222	posthoc_soprano__alto_t	3.462722612935813	emlRunPairwiseAnalysis
c0222	posthoc_soprano__alto_cohens_d	1.2644075236587833	emlRunPairwiseAnalysis
c0222	posthoc_soprano__alto_p	0.0017367000532322132	emlRunPairwiseAnalysis
c0222	posthoc_mezzo__alto_padj	0.01314577994084797	emlRunPairwiseAnalysis
c0222	posthoc_mezzo__alto_t	2.8181079880793596	emlRunPairwiseAnalysis
c0222	posthoc_mezzo__alto_cohens_d	1.02902754303771	emlRunPairwiseAnalysis
c0222	posthoc_mezzo__alto_p	0.008763853293898647	emlRunPairwiseAnalysis
c0222	posthoc_soprano__mezzo_df	28	emlRunPairwiseAnalysis
c0222	posthoc_soprano__mezzo_diff	0.05280871789667163	emlRunPairwiseAnalysis
c0222	posthoc_soprano__alto_df	28	emlRunPairwiseAnalysis
c0222	posthoc_soprano__alto_diff	0.7013662327457819	emlRunPairwiseAnalysis
c0222	posthoc_mezzo__alto_df	28	emlRunPairwiseAnalysis
c0222	posthoc_mezzo__alto_diff	0.6485575148491103	emlRunPairwiseAnalysis
c0223	n	45	emlRunPairwiseAnalysis
c0223	k	3	emlRunPairwiseAnalysis
c0223	posthoc_soprano__mezzo_padj	1	emlRunPairwiseAnalysis
c0223	posthoc_soprano__mezzo_u	118	emlRunPairwiseAnalysis
c0223	posthoc_soprano__mezzo_rank_biserial	0.04888888888888889	emlRunPairwiseAnalysis
c0223	posthoc_soprano__mezzo_p	0.8381347767808562	emlRunPairwiseAnalysis
c0223	posthoc_soprano__alto_padj	0.006919373130772076	emlRunPairwiseAnalysis
c0223	posthoc_soprano__alto_u	184	emlRunPairwiseAnalysis
c0223	posthoc_soprano__alto_rank_biserial	0.6355555555555555	emlRunPairwiseAnalysis
c0223	posthoc_soprano__alto_p	0.0023064577102573586	emlRunPairwiseAnalysis
c0223	posthoc_mezzo__alto_padj	0.043557516907181085	emlRunPairwiseAnalysis
c0223	posthoc_mezzo__alto_u	171	emlRunPairwiseAnalysis
c0223	posthoc_mezzo__alto_rank_biserial	0.52	emlRunPairwiseAnalysis
c0223	posthoc_mezzo__alto_p	0.014519172302393695	emlRunPairwiseAnalysis
c0223	posthoc_soprano__mezzo_diff	0.08780456749121157	emlRunPairwiseAnalysis
c0223	posthoc_soprano__mezzo_ci_low	-0.6246708451203684	emlRunPairwiseAnalysis
c0223	posthoc_soprano__mezzo_ci_high	0.6966499363637935	emlRunPairwiseAnalysis
c0223	posthoc_soprano__alto_diff	0.6876951563292977	emlRunPairwiseAnalysis
c0223	posthoc_soprano__alto_ci_low	0.12470287209869113	emlRunPairwiseAnalysis
c0223	posthoc_soprano__alto_ci_high	1.3144326334743717	emlRunPairwiseAnalysis
c0223	posthoc_mezzo__alto_diff	0.6339604142901214	emlRunPairwiseAnalysis
c0223	posthoc_mezzo__alto_ci_low	0.039118708040519756	emlRunPairwiseAnalysis
c0223	posthoc_mezzo__alto_ci_high	1.2993311118721005	emlRunPairwiseAnalysis
c0224	n	45	emlRunPairwiseAnalysis
c0224	k	3	emlRunPairwiseAnalysis
c0224	posthoc_soprano__mezzo_padj	0.8381347767808562	emlRunPairwiseAnalysis
c0224	posthoc_soprano__mezzo_u	118	emlRunPairwiseAnalysis
c0224	posthoc_soprano__mezzo_rank_biserial	0.04888888888888889	emlRunPairwiseAnalysis
c0224	posthoc_soprano__mezzo_p	0.8381347767808562	emlRunPairwiseAnalysis
c0224	posthoc_soprano__alto_padj	0.006919373130772076	emlRunPairwiseAnalysis
c0224	posthoc_soprano__alto_u	184	emlRunPairwiseAnalysis
c0224	posthoc_soprano__alto_rank_biserial	0.6355555555555555	emlRunPairwiseAnalysis
c0224	posthoc_soprano__alto_p	0.0023064577102573586	emlRunPairwiseAnalysis
c0224	posthoc_mezzo__alto_padj	0.02903834460478739	emlRunPairwiseAnalysis
c0224	posthoc_mezzo__alto_u	171	emlRunPairwiseAnalysis
c0224	posthoc_mezzo__alto_rank_biserial	0.52	emlRunPairwiseAnalysis
c0224	posthoc_mezzo__alto_p	0.014519172302393695	emlRunPairwiseAnalysis
c0224	posthoc_soprano__mezzo_diff	0.08780456749121157	emlRunPairwiseAnalysis
c0224	posthoc_soprano__alto_diff	0.6876951563292977	emlRunPairwiseAnalysis
c0224	posthoc_mezzo__alto_diff	0.6339604142901214	emlRunPairwiseAnalysis
c0225	n	45	emlRunPairwiseAnalysis
c0225	k	3	emlRunPairwiseAnalysis
c0225	posthoc_soprano__mezzo_padj	0.8381347767808562	emlRunPairwiseAnalysis
c0225	posthoc_soprano__mezzo_u	118	emlRunPairwiseAnalysis
c0225	posthoc_soprano__mezzo_rank_biserial	0.04888888888888889	emlRunPairwiseAnalysis
c0225	posthoc_soprano__mezzo_p	0.8381347767808562	emlRunPairwiseAnalysis
c0225	posthoc_soprano__alto_padj	0.006919373130772076	emlRunPairwiseAnalysis
c0225	posthoc_soprano__alto_u	184	emlRunPairwiseAnalysis
c0225	posthoc_soprano__alto_rank_biserial	0.6355555555555555	emlRunPairwiseAnalysis
c0225	posthoc_soprano__alto_p	0.0023064577102573586	emlRunPairwiseAnalysis
c0225	posthoc_mezzo__alto_padj	0.021778758453590542	emlRunPairwiseAnalysis
c0225	posthoc_mezzo__alto_u	171	emlRunPairwiseAnalysis
c0225	posthoc_mezzo__alto_rank_biserial	0.52	emlRunPairwiseAnalysis
c0225	posthoc_mezzo__alto_p	0.014519172302393695	emlRunPairwiseAnalysis
c0225	posthoc_soprano__mezzo_diff	0.08780456749121157	emlRunPairwiseAnalysis
c0225	posthoc_soprano__alto_diff	0.6876951563292977	emlRunPairwiseAnalysis
c0225	posthoc_mezzo__alto_diff	0.6339604142901214	emlRunPairwiseAnalysis
c0226	n	45	emlRunPairwiseAnalysis
c0226	k	3	emlRunPairwiseAnalysis
c0226	posthoc_soprano__mezzo_padj	0.9736347407738664	emlRunPairwiseAnalysis
c0226	posthoc_soprano__mezzo_diff	0.05280871789667163	emlRunPairwiseAnalysis
c0226	posthoc_soprano__mezzo_f	0.026736060164252888	emlRunPairwiseAnalysis
c0226	posthoc_soprano__alto_padj	0.014201213324415615	emlRunPairwiseAnalysis
c0226	posthoc_soprano__alto_diff	0.7013662327457819	emlRunPairwiseAnalysis
c0226	posthoc_soprano__alto_f	4.716022499020811	emlRunPairwiseAnalysis
c0226	posthoc_mezzo__alto_padj	0.025002692060228437	emlRunPairwiseAnalysis
c0226	posthoc_mezzo__alto_diff	0.6485575148491103	emlRunPairwiseAnalysis
c0226	posthoc_mezzo__alto_f	4.032581507261275	emlRunPairwiseAnalysis
c0226	posthoc_soprano__mezzo_ci_low	-0.5267280081551048	emlRunPairwiseAnalysis
c0226	posthoc_soprano__mezzo_ci_high	0.632345443948448	emlRunPairwiseAnalysis
c0226	posthoc_soprano__alto_ci_low	0.1218295066940055	emlRunPairwiseAnalysis
c0226	posthoc_soprano__alto_ci_high	1.2809029587975584	emlRunPairwiseAnalysis
c0226	posthoc_mezzo__alto_ci_low	0.06902078879733387	emlRunPairwiseAnalysis
c0226	posthoc_mezzo__alto_ci_high	1.2280942409008868	emlRunPairwiseAnalysis
c0227	n	45	emlRunPairwiseAnalysis
c0227	k	3	emlRunPairwiseAnalysis
c0227	posthoc_alto__mezzo_padj	0.028521729590686627	emlRunPairwiseAnalysis
c0227	posthoc_alto__mezzo_t	-2.8181079880793596	emlRunPairwiseAnalysis
c0227	posthoc_alto__mezzo_cohens_d	-1.02902754303771	emlRunPairwiseAnalysis
c0227	posthoc_alto__mezzo_p	0.009507243196895542	emlRunPairwiseAnalysis
c0227	posthoc_alto__soprano_padj	0.005476016248212279	emlRunPairwiseAnalysis
c0227	posthoc_alto__soprano_t	-3.462722612935813	emlRunPairwiseAnalysis
c0227	posthoc_alto__soprano_cohens_d	-1.2644075236587833	emlRunPairwiseAnalysis
c0227	posthoc_alto__soprano_p	0.001825338749404093	emlRunPairwiseAnalysis
c0227	posthoc_mezzo__soprano_padj	1	emlRunPairwiseAnalysis
c0227	posthoc_mezzo__soprano_t	-0.21128392504106688	emlRunPairwiseAnalysis
c0227	posthoc_mezzo__soprano_cohens_d	-0.07714998118881532	emlRunPairwiseAnalysis
c0227	posthoc_mezzo__soprano_p	0.834251606184198	emlRunPairwiseAnalysis
c0227	posthoc_alto__mezzo_df	24.056053913639918	emlRunPairwiseAnalysis
c0227	posthoc_alto__mezzo_diff	-0.6485575148491103	emlRunPairwiseAnalysis
c0227	posthoc_alto__mezzo_ci_low	-1.2407505727066337	emlRunPairwiseAnalysis
c0227	posthoc_alto__mezzo_ci_high	-0.056364456991586875	emlRunPairwiseAnalysis
c0227	posthoc_alto__soprano_df	26.573053729206976	emlRunPairwiseAnalysis
c0227	posthoc_alto__soprano_diff	-0.7013662327457819	emlRunPairwiseAnalysis
c0227	posthoc_alto__soprano_ci_low	-1.2189085431892293	emlRunPairwiseAnalysis
c0227	posthoc_alto__soprano_ci_high	-0.18382392230233457	emlRunPairwiseAnalysis
c0227	posthoc_mezzo__soprano_df	27.013429401787366	emlRunPairwiseAnalysis
c0227	posthoc_mezzo__soprano_diff	-0.05280871789667163	emlRunPairwiseAnalysis
c0227	posthoc_mezzo__soprano_ci_low	-0.6907543723127119	emlRunPairwiseAnalysis
c0227	posthoc_mezzo__soprano_ci_high	0.5851369365193686	emlRunPairwiseAnalysis
c0228	n	45	emlRunPairwiseAnalysis
c0228	k	3	emlRunPairwiseAnalysis
c0228	posthoc_alto__mezzo_padj	0.019014486393791084	emlRunPairwiseAnalysis
c0228	posthoc_alto__mezzo_t	-2.8181079880793596	emlRunPairwiseAnalysis
c0228	posthoc_alto__mezzo_cohens_d	-1.02902754303771	emlRunPairwiseAnalysis
c0228	posthoc_alto__mezzo_p	0.009507243196895542	emlRunPairwiseAnalysis
c0228	posthoc_alto__soprano_padj	0.005476016248212279	emlRunPairwiseAnalysis
c0228	posthoc_alto__soprano_t	-3.462722612935813	emlRunPairwiseAnalysis
c0228	posthoc_alto__soprano_cohens_d	-1.2644075236587833	emlRunPairwiseAnalysis
c0228	posthoc_alto__soprano_p	0.001825338749404093	emlRunPairwiseAnalysis
c0228	posthoc_mezzo__soprano_padj	0.834251606184198	emlRunPairwiseAnalysis
c0228	posthoc_mezzo__soprano_t	-0.21128392504106688	emlRunPairwiseAnalysis
c0228	posthoc_mezzo__soprano_cohens_d	-0.07714998118881532	emlRunPairwiseAnalysis
c0228	posthoc_mezzo__soprano_p	0.834251606184198	emlRunPairwiseAnalysis
c0228	posthoc_alto__mezzo_df	24.056053913639918	emlRunPairwiseAnalysis
c0228	posthoc_alto__mezzo_diff	-0.6485575148491103	emlRunPairwiseAnalysis
c0228	posthoc_alto__soprano_df	26.573053729206976	emlRunPairwiseAnalysis
c0228	posthoc_alto__soprano_diff	-0.7013662327457819	emlRunPairwiseAnalysis
c0228	posthoc_mezzo__soprano_df	27.013429401787366	emlRunPairwiseAnalysis
c0228	posthoc_mezzo__soprano_diff	-0.05280871789667163	emlRunPairwiseAnalysis
c0229	n	45	emlRunPairwiseAnalysis
c0229	k	3	emlRunPairwiseAnalysis
c0229	posthoc_alto__mezzo_padj	0.014260864795343314	emlRunPairwiseAnalysis
c0229	posthoc_alto__mezzo_t	-2.8181079880793596	emlRunPairwiseAnalysis
c0229	posthoc_alto__mezzo_cohens_d	-1.02902754303771	emlRunPairwiseAnalysis
c0229	posthoc_alto__mezzo_p	0.009507243196895542	emlRunPairwiseAnalysis
c0229	posthoc_alto__soprano_padj	0.005476016248212279	emlRunPairwiseAnalysis
c0229	posthoc_alto__soprano_t	-3.462722612935813	emlRunPairwiseAnalysis
c0229	posthoc_alto__soprano_cohens_d	-1.2644075236587833	emlRunPairwiseAnalysis
c0229	posthoc_alto__soprano_p	0.001825338749404093	emlRunPairwiseAnalysis
c0229	posthoc_mezzo__soprano_padj	0.834251606184198	emlRunPairwiseAnalysis
c0229	posthoc_mezzo__soprano_t	-0.21128392504106688	emlRunPairwiseAnalysis
c0229	posthoc_mezzo__soprano_cohens_d	-0.07714998118881532	emlRunPairwiseAnalysis
c0229	posthoc_mezzo__soprano_p	0.834251606184198	emlRunPairwiseAnalysis
c0229	posthoc_alto__mezzo_df	24.056053913639918	emlRunPairwiseAnalysis
c0229	posthoc_alto__mezzo_diff	-0.6485575148491103	emlRunPairwiseAnalysis
c0229	posthoc_alto__soprano_df	26.573053729206976	emlRunPairwiseAnalysis
c0229	posthoc_alto__soprano_diff	-0.7013662327457819	emlRunPairwiseAnalysis
c0229	posthoc_mezzo__soprano_df	27.013429401787366	emlRunPairwiseAnalysis
c0229	posthoc_mezzo__soprano_diff	-0.05280871789667163	emlRunPairwiseAnalysis
c0230	n	45	emlRunPairwiseAnalysis
c0230	k	3	emlRunPairwiseAnalysis
c0230	posthoc_alto__mezzo_padj	0.02629155988169594	emlRunPairwiseAnalysis
c0230	posthoc_alto__mezzo_t	-2.8181079880793596	emlRunPairwiseAnalysis
c0230	posthoc_alto__mezzo_cohens_d	-1.02902754303771	emlRunPairwiseAnalysis
c0230	posthoc_alto__mezzo_p	0.008763853293898647	emlRunPairwiseAnalysis
c0230	posthoc_alto__soprano_padj	0.00521010015969664	emlRunPairwiseAnalysis
c0230	posthoc_alto__soprano_t	-3.462722612935813	emlRunPairwiseAnalysis
c0230	posthoc_alto__soprano_cohens_d	-1.2644075236587833	emlRunPairwiseAnalysis
c0230	posthoc_alto__soprano_p	0.0017367000532322132	emlRunPairwiseAnalysis
c0230	posthoc_mezzo__soprano_padj	1	emlRunPairwiseAnalysis
c0230	posthoc_mezzo__soprano_t	-0.21128392504106688	emlRunPairwiseAnalysis
c0230	posthoc_mezzo__soprano_cohens_d	-0.07714998118881532	emlRunPairwiseAnalysis
c0230	posthoc_mezzo__soprano_p	0.8341960087585518	emlRunPairwiseAnalysis
c0230	posthoc_alto__mezzo_df	28	emlRunPairwiseAnalysis
c0230	posthoc_alto__mezzo_diff	-0.6485575148491103	emlRunPairwiseAnalysis
c0230	posthoc_alto__mezzo_ci_low	-1.234599342742914	emlRunPairwiseAnalysis
c0230	posthoc_alto__mezzo_ci_high	-0.06251568695530652	emlRunPairwiseAnalysis
c0230	posthoc_alto__soprano_df	28	emlRunPairwiseAnalysis
c0230	posthoc_alto__soprano_diff	-0.7013662327457819	emlRunPairwiseAnalysis
c0230	posthoc_alto__soprano_ci_low	-1.2171467094861406	emlRunPairwiseAnalysis
c0230	posthoc_alto__soprano_ci_high	-0.18558575600542326	emlRunPairwiseAnalysis
c0230	posthoc_mezzo__soprano_df	28	emlRunPairwiseAnalysis
c0230	posthoc_mezzo__soprano_diff	-0.05280871789667163	emlRunPairwiseAnalysis
c0230	posthoc_mezzo__soprano_ci_low	-0.6892772213919504	emlRunPairwiseAnalysis
c0230	posthoc_mezzo__soprano_ci_high	0.5836597855986071	emlRunPairwiseAnalysis
c0231	n	45	emlRunPairwiseAnalysis
c0231	k	3	emlRunPairwiseAnalysis
c0231	posthoc_alto__mezzo_padj	0.017527706587797294	emlRunPairwiseAnalysis
c0231	posthoc_alto__mezzo_t	-2.8181079880793596	emlRunPairwiseAnalysis
c0231	posthoc_alto__mezzo_cohens_d	-1.02902754303771	emlRunPairwiseAnalysis
c0231	posthoc_alto__mezzo_p	0.008763853293898647	emlRunPairwiseAnalysis
c0231	posthoc_alto__soprano_padj	0.00521010015969664	emlRunPairwiseAnalysis
c0231	posthoc_alto__soprano_t	-3.462722612935813	emlRunPairwiseAnalysis
c0231	posthoc_alto__soprano_cohens_d	-1.2644075236587833	emlRunPairwiseAnalysis
c0231	posthoc_alto__soprano_p	0.0017367000532322132	emlRunPairwiseAnalysis
c0231	posthoc_mezzo__soprano_padj	0.8341960087585518	emlRunPairwiseAnalysis
c0231	posthoc_mezzo__soprano_t	-0.21128392504106688	emlRunPairwiseAnalysis
c0231	posthoc_mezzo__soprano_cohens_d	-0.07714998118881532	emlRunPairwiseAnalysis
c0231	posthoc_mezzo__soprano_p	0.8341960087585518	emlRunPairwiseAnalysis
c0231	posthoc_alto__mezzo_df	28	emlRunPairwiseAnalysis
c0231	posthoc_alto__mezzo_diff	-0.6485575148491103	emlRunPairwiseAnalysis
c0231	posthoc_alto__soprano_df	28	emlRunPairwiseAnalysis
c0231	posthoc_alto__soprano_diff	-0.7013662327457819	emlRunPairwiseAnalysis
c0231	posthoc_mezzo__soprano_df	28	emlRunPairwiseAnalysis
c0231	posthoc_mezzo__soprano_diff	-0.05280871789667163	emlRunPairwiseAnalysis
c0232	n	45	emlRunPairwiseAnalysis
c0232	k	3	emlRunPairwiseAnalysis
c0232	posthoc_alto__mezzo_padj	0.01314577994084797	emlRunPairwiseAnalysis
c0232	posthoc_alto__mezzo_t	-2.8181079880793596	emlRunPairwiseAnalysis
c0232	posthoc_alto__mezzo_cohens_d	-1.02902754303771	emlRunPairwiseAnalysis
c0232	posthoc_alto__mezzo_p	0.008763853293898647	emlRunPairwiseAnalysis
c0232	posthoc_alto__soprano_padj	0.00521010015969664	emlRunPairwiseAnalysis
c0232	posthoc_alto__soprano_t	-3.462722612935813	emlRunPairwiseAnalysis
c0232	posthoc_alto__soprano_cohens_d	-1.2644075236587833	emlRunPairwiseAnalysis
c0232	posthoc_alto__soprano_p	0.0017367000532322132	emlRunPairwiseAnalysis
c0232	posthoc_mezzo__soprano_padj	0.8341960087585519	emlRunPairwiseAnalysis
c0232	posthoc_mezzo__soprano_t	-0.21128392504106688	emlRunPairwiseAnalysis
c0232	posthoc_mezzo__soprano_cohens_d	-0.07714998118881532	emlRunPairwiseAnalysis
c0232	posthoc_mezzo__soprano_p	0.8341960087585518	emlRunPairwiseAnalysis
c0232	posthoc_alto__mezzo_df	28	emlRunPairwiseAnalysis
c0232	posthoc_alto__mezzo_diff	-0.6485575148491103	emlRunPairwiseAnalysis
c0232	posthoc_alto__soprano_df	28	emlRunPairwiseAnalysis
c0232	posthoc_alto__soprano_diff	-0.7013662327457819	emlRunPairwiseAnalysis
c0232	posthoc_mezzo__soprano_df	28	emlRunPairwiseAnalysis
c0232	posthoc_mezzo__soprano_diff	-0.05280871789667163	emlRunPairwiseAnalysis
c0233	n	45	emlRunPairwiseAnalysis
c0233	k	3	emlRunPairwiseAnalysis
c0233	posthoc_alto__mezzo_padj	0.043557516907181085	emlRunPairwiseAnalysis
c0233	posthoc_alto__mezzo_u	54	emlRunPairwiseAnalysis
c0233	posthoc_alto__mezzo_rank_biserial	-0.52	emlRunPairwiseAnalysis
c0233	posthoc_alto__mezzo_p	0.014519172302393695	emlRunPairwiseAnalysis
c0233	posthoc_alto__soprano_padj	0.006919373130772076	emlRunPairwiseAnalysis
c0233	posthoc_alto__soprano_u	41	emlRunPairwiseAnalysis
c0233	posthoc_alto__soprano_rank_biserial	-0.6355555555555555	emlRunPairwiseAnalysis
c0233	posthoc_alto__soprano_p	0.0023064577102573586	emlRunPairwiseAnalysis
c0233	posthoc_mezzo__soprano_padj	1	emlRunPairwiseAnalysis
c0233	posthoc_mezzo__soprano_u	107	emlRunPairwiseAnalysis
c0233	posthoc_mezzo__soprano_rank_biserial	-0.04888888888888889	emlRunPairwiseAnalysis
c0233	posthoc_mezzo__soprano_p	0.8381347767808562	emlRunPairwiseAnalysis
c0233	posthoc_alto__mezzo_diff	-0.6339604142901214	emlRunPairwiseAnalysis
c0233	posthoc_alto__mezzo_ci_low	-1.2993311118721005	emlRunPairwiseAnalysis
c0233	posthoc_alto__mezzo_ci_high	-0.039118708040519756	emlRunPairwiseAnalysis
c0233	posthoc_alto__soprano_diff	-0.6876951563292977	emlRunPairwiseAnalysis
c0233	posthoc_alto__soprano_ci_low	-1.3144326334743717	emlRunPairwiseAnalysis
c0233	posthoc_alto__soprano_ci_high	-0.12470287209869113	emlRunPairwiseAnalysis
c0233	posthoc_mezzo__soprano_diff	-0.08780456749121157	emlRunPairwiseAnalysis
c0233	posthoc_mezzo__soprano_ci_low	-0.6966499363637935	emlRunPairwiseAnalysis
c0233	posthoc_mezzo__soprano_ci_high	0.6246708451203684	emlRunPairwiseAnalysis
c0234	n	45	emlRunPairwiseAnalysis
c0234	k	3	emlRunPairwiseAnalysis
c0234	posthoc_alto__mezzo_padj	0.02903834460478739	emlRunPairwiseAnalysis
c0234	posthoc_alto__mezzo_u	54	emlRunPairwiseAnalysis
c0234	posthoc_alto__mezzo_rank_biserial	-0.52	emlRunPairwiseAnalysis
c0234	posthoc_alto__mezzo_p	0.014519172302393695	emlRunPairwiseAnalysis
c0234	posthoc_alto__soprano_padj	0.006919373130772076	emlRunPairwiseAnalysis
c0234	posthoc_alto__soprano_u	41	emlRunPairwiseAnalysis
c0234	posthoc_alto__soprano_rank_biserial	-0.6355555555555555	emlRunPairwiseAnalysis
c0234	posthoc_alto__soprano_p	0.0023064577102573586	emlRunPairwiseAnalysis
c0234	posthoc_mezzo__soprano_padj	0.8381347767808562	emlRunPairwiseAnalysis
c0234	posthoc_mezzo__soprano_u	107	emlRunPairwiseAnalysis
c0234	posthoc_mezzo__soprano_rank_biserial	-0.04888888888888889	emlRunPairwiseAnalysis
c0234	posthoc_mezzo__soprano_p	0.8381347767808562	emlRunPairwiseAnalysis
c0234	posthoc_alto__mezzo_diff	-0.6339604142901214	emlRunPairwiseAnalysis
c0234	posthoc_alto__soprano_diff	-0.6876951563292977	emlRunPairwiseAnalysis
c0234	posthoc_mezzo__soprano_diff	-0.08780456749121157	emlRunPairwiseAnalysis
c0235	n	45	emlRunPairwiseAnalysis
c0235	k	3	emlRunPairwiseAnalysis
c0235	posthoc_alto__mezzo_padj	0.021778758453590542	emlRunPairwiseAnalysis
c0235	posthoc_alto__mezzo_u	54	emlRunPairwiseAnalysis
c0235	posthoc_alto__mezzo_rank_biserial	-0.52	emlRunPairwiseAnalysis
c0235	posthoc_alto__mezzo_p	0.014519172302393695	emlRunPairwiseAnalysis
c0235	posthoc_alto__soprano_padj	0.006919373130772076	emlRunPairwiseAnalysis
c0235	posthoc_alto__soprano_u	41	emlRunPairwiseAnalysis
c0235	posthoc_alto__soprano_rank_biserial	-0.6355555555555555	emlRunPairwiseAnalysis
c0235	posthoc_alto__soprano_p	0.0023064577102573586	emlRunPairwiseAnalysis
c0235	posthoc_mezzo__soprano_padj	0.8381347767808562	emlRunPairwiseAnalysis
c0235	posthoc_mezzo__soprano_u	107	emlRunPairwiseAnalysis
c0235	posthoc_mezzo__soprano_rank_biserial	-0.04888888888888889	emlRunPairwiseAnalysis
c0235	posthoc_mezzo__soprano_p	0.8381347767808562	emlRunPairwiseAnalysis
c0235	posthoc_alto__mezzo_diff	-0.6339604142901214	emlRunPairwiseAnalysis
c0235	posthoc_alto__soprano_diff	-0.6876951563292977	emlRunPairwiseAnalysis
c0235	posthoc_mezzo__soprano_diff	-0.08780456749121157	emlRunPairwiseAnalysis
c0236	n	45	emlRunPairwiseAnalysis
c0236	k	3	emlRunPairwiseAnalysis
c0236	posthoc_alto__mezzo_padj	0.025002692060228395	emlRunPairwiseAnalysis
c0236	posthoc_alto__mezzo_diff	-0.6485575148491103	emlRunPairwiseAnalysis
c0236	posthoc_alto__mezzo_f	4.032581507261277	emlRunPairwiseAnalysis
c0236	posthoc_alto__soprano_padj	0.014201213324415592	emlRunPairwiseAnalysis
c0236	posthoc_alto__soprano_diff	-0.7013662327457819	emlRunPairwiseAnalysis
c0236	posthoc_alto__soprano_f	4.716022499020813	emlRunPairwiseAnalysis
c0236	posthoc_mezzo__soprano_padj	0.9736347407738664	emlRunPairwiseAnalysis
c0236	posthoc_mezzo__soprano_diff	-0.05280871789667163	emlRunPairwiseAnalysis
c0236	posthoc_mezzo__soprano_f	0.026736060164252895	emlRunPairwiseAnalysis
c0236	posthoc_alto__mezzo_ci_low	-1.2280942409008866	emlRunPairwiseAnalysis
c0236	posthoc_alto__mezzo_ci_high	-0.06902078879733398	emlRunPairwiseAnalysis
c0236	posthoc_alto__soprano_ci_low	-1.2809029587975582	emlRunPairwiseAnalysis
c0236	posthoc_alto__soprano_ci_high	-0.12182950669400561	emlRunPairwiseAnalysis
c0236	posthoc_mezzo__soprano_ci_low	-0.6323454439484479	emlRunPairwiseAnalysis
c0236	posthoc_mezzo__soprano_ci_high	0.5267280081551047	emlRunPairwiseAnalysis
c0237	n	45	emlRunPairwiseAnalysis
c0237	k	3	emlRunPairwiseAnalysis
c0237	posthoc_soprano__mezzo_padj	0.0016288977391035794	emlRunPairwiseAnalysis
c0237	posthoc_soprano__mezzo_t	3.9047656484456583	emlRunPairwiseAnalysis
c0237	posthoc_soprano__mezzo_cohens_d	1.4258188182833162	emlRunPairwiseAnalysis
c0237	posthoc_soprano__mezzo_p	0.0005429659130345264	emlRunPairwiseAnalysis
c0237	posthoc_soprano__alto_padj	6.9420279678461e-05	emlRunPairwiseAnalysis
c0237	posthoc_soprano__alto_t	5.093867625127412	emlRunPairwiseAnalysis
c0237	posthoc_soprano__alto_cohens_d	1.860017468818369	emlRunPairwiseAnalysis
c0237	posthoc_soprano__alto_p	2.3140093226153667e-05	emlRunPairwiseAnalysis
c0237	posthoc_mezzo__alto_padj	0.47474631211705964	emlRunPairwiseAnalysis
c0237	posthoc_mezzo__alto_t	1.4504405547821464	emlRunPairwiseAnalysis
c0237	posthoc_mezzo__alto_cohens_d	0.5296260067829929	emlRunPairwiseAnalysis
c0237	posthoc_mezzo__alto_p	0.15824877070568655	emlRunPairwiseAnalysis
c0237	posthoc_soprano__mezzo_df	27.96768626451982	emlRunPairwiseAnalysis
c0237	posthoc_soprano__mezzo_diff	5.529493667274593	emlRunPairwiseAnalysis
c0237	posthoc_soprano__mezzo_ci_low	1.9232093711375522	emlRunPairwiseAnalysis
c0237	posthoc_soprano__mezzo_ci_high	9.135777963411634	emlRunPairwiseAnalysis
c0237	posthoc_soprano__alto_df	27.22548691954591	emlRunPairwiseAnalysis
c0237	posthoc_soprano__alto_diff	7.775722186793658	emlRunPairwiseAnalysis
c0237	posthoc_soprano__alto_ci_low	3.8815524726239956	emlRunPairwiseAnalysis
c0237	posthoc_soprano__alto_ci_high	11.66989190096332	emlRunPairwiseAnalysis
c0237	posthoc_mezzo__alto_df	27.49553958311246	emlRunPairwiseAnalysis
c0237	posthoc_mezzo__alto_diff	2.2462285195190645	emlRunPairwiseAnalysis
c0237	posthoc_mezzo__alto_ci_low	-1.701954442590429	emlRunPairwiseAnalysis
c0237	posthoc_mezzo__alto_ci_high	6.194411481628558	emlRunPairwiseAnalysis
c0238	n	45	emlRunPairwiseAnalysis
c0238	k	3	emlRunPairwiseAnalysis
c0238	posthoc_soprano__mezzo_padj	0.0010859318260690528	emlRunPairwiseAnalysis
c0238	posthoc_soprano__mezzo_t	3.9047656484456583	emlRunPairwiseAnalysis
c0238	posthoc_soprano__mezzo_cohens_d	1.4258188182833162	emlRunPairwiseAnalysis
c0238	posthoc_soprano__mezzo_p	0.0005429659130345264	emlRunPairwiseAnalysis
c0238	posthoc_soprano__alto_padj	6.9420279678461e-05	emlRunPairwiseAnalysis
c0238	posthoc_soprano__alto_t	5.093867625127412	emlRunPairwiseAnalysis
c0238	posthoc_soprano__alto_cohens_d	1.860017468818369	emlRunPairwiseAnalysis
c0238	posthoc_soprano__alto_p	2.3140093226153667e-05	emlRunPairwiseAnalysis
c0238	posthoc_mezzo__alto_padj	0.15824877070568655	emlRunPairwiseAnalysis
c0238	posthoc_mezzo__alto_t	1.4504405547821464	emlRunPairwiseAnalysis
c0238	posthoc_mezzo__alto_cohens_d	0.5296260067829929	emlRunPairwiseAnalysis
c0238	posthoc_mezzo__alto_p	0.15824877070568655	emlRunPairwiseAnalysis
c0238	posthoc_soprano__mezzo_df	27.96768626451982	emlRunPairwiseAnalysis
c0238	posthoc_soprano__mezzo_diff	5.529493667274593	emlRunPairwiseAnalysis
c0238	posthoc_soprano__alto_df	27.22548691954591	emlRunPairwiseAnalysis
c0238	posthoc_soprano__alto_diff	7.775722186793658	emlRunPairwiseAnalysis
c0238	posthoc_mezzo__alto_df	27.49553958311246	emlRunPairwiseAnalysis
c0238	posthoc_mezzo__alto_diff	2.2462285195190645	emlRunPairwiseAnalysis
c0239	n	45	emlRunPairwiseAnalysis
c0239	k	3	emlRunPairwiseAnalysis
c0239	posthoc_soprano__mezzo_padj	0.0008144488695517897	emlRunPairwiseAnalysis
c0239	posthoc_soprano__mezzo_t	3.9047656484456583	emlRunPairwiseAnalysis
c0239	posthoc_soprano__mezzo_cohens_d	1.4258188182833162	emlRunPairwiseAnalysis
c0239	posthoc_soprano__mezzo_p	0.0005429659130345264	emlRunPairwiseAnalysis
c0239	posthoc_soprano__alto_padj	6.9420279678461e-05	emlRunPairwiseAnalysis
c0239	posthoc_soprano__alto_t	5.093867625127412	emlRunPairwiseAnalysis
c0239	posthoc_soprano__alto_cohens_d	1.860017468818369	emlRunPairwiseAnalysis
c0239	posthoc_soprano__alto_p	2.3140093226153667e-05	emlRunPairwiseAnalysis
c0239	posthoc_mezzo__alto_padj	0.15824877070568655	emlRunPairwiseAnalysis
c0239	posthoc_mezzo__alto_t	1.4504405547821464	emlRunPairwiseAnalysis
c0239	posthoc_mezzo__alto_cohens_d	0.5296260067829929	emlRunPairwiseAnalysis
c0239	posthoc_mezzo__alto_p	0.15824877070568655	emlRunPairwiseAnalysis
c0239	posthoc_soprano__mezzo_df	27.96768626451982	emlRunPairwiseAnalysis
c0239	posthoc_soprano__mezzo_diff	5.529493667274593	emlRunPairwiseAnalysis
c0239	posthoc_soprano__alto_df	27.22548691954591	emlRunPairwiseAnalysis
c0239	posthoc_soprano__alto_diff	7.775722186793658	emlRunPairwiseAnalysis
c0239	posthoc_mezzo__alto_df	27.49553958311246	emlRunPairwiseAnalysis
c0239	posthoc_mezzo__alto_diff	2.2462285195190645	emlRunPairwiseAnalysis
c0240	n	45	emlRunPairwiseAnalysis
c0240	k	3	emlRunPairwiseAnalysis
c0240	posthoc_soprano__mezzo_padj	0.001626414900937849	emlRunPairwiseAnalysis
c0240	posthoc_soprano__mezzo_t	3.9047656484456583	emlRunPairwiseAnalysis
c0240	posthoc_soprano__mezzo_cohens_d	1.4258188182833162	emlRunPairwiseAnalysis
c0240	posthoc_soprano__mezzo_p	0.0005421383003126163	emlRunPairwiseAnalysis
c0240	posthoc_soprano__alto_padj	6.436798496772429e-05	emlRunPairwiseAnalysis
c0240	posthoc_soprano__alto_t	5.093867625127413	emlRunPairwiseAnalysis
c0240	posthoc_soprano__alto_cohens_d	1.860017468818369	emlRunPairwiseAnalysis
c0240	posthoc_soprano__alto_p	2.145599498924143e-05	emlRunPairwiseAnalysis
c0240	posthoc_mezzo__alto_padj	0.4741399364076513	emlRunPairwiseAnalysis
c0240	posthoc_mezzo__alto_t	1.4504405547821466	emlRunPairwiseAnalysis
c0240	posthoc_mezzo__alto_cohens_d	0.5296260067829929	emlRunPairwiseAnalysis
c0240	posthoc_mezzo__alto_p	0.1580466454692171	emlRunPairwiseAnalysis
c0240	posthoc_soprano__mezzo_df	28	emlRunPairwiseAnalysis
c0240	posthoc_soprano__mezzo_diff	5.529493667274593	emlRunPairwiseAnalysis
c0240	posthoc_soprano__mezzo_ci_low	1.9234735905244489	emlRunPairwiseAnalysis
c0240	posthoc_soprano__mezzo_ci_high	9.135513744024738	emlRunPairwiseAnalysis
c0240	posthoc_soprano__alto_df	28	emlRunPairwiseAnalysis
c0240	posthoc_soprano__alto_diff	7.775722186793658	emlRunPairwiseAnalysis
c0240	posthoc_soprano__alto_ci_low	3.8885763895612606	emlRunPairwiseAnalysis
c0240	posthoc_soprano__alto_ci_high	11.662867984026056	emlRunPairwiseAnalysis
c0240	posthoc_mezzo__alto_df	28	emlRunPairwiseAnalysis
c0240	posthoc_mezzo__alto_diff	2.2462285195190645	emlRunPairwiseAnalysis
c0240	posthoc_mezzo__alto_ci_low	-1.6973614390725031	emlRunPairwiseAnalysis
c0240	posthoc_mezzo__alto_ci_high	6.189818478110633	emlRunPairwiseAnalysis
c0241	n	45	emlRunPairwiseAnalysis
c0241	k	3	emlRunPairwiseAnalysis
c0241	posthoc_soprano__mezzo_padj	0.0010842766006252326	emlRunPairwiseAnalysis
c0241	posthoc_soprano__mezzo_t	3.9047656484456583	emlRunPairwiseAnalysis
c0241	posthoc_soprano__mezzo_cohens_d	1.4258188182833162	emlRunPairwiseAnalysis
c0241	posthoc_soprano__mezzo_p	0.0005421383003126163	emlRunPairwiseAnalysis
c0241	posthoc_soprano__alto_padj	6.436798496772429e-05	emlRunPairwiseAnalysis
c0241	posthoc_soprano__alto_t	5.093867625127413	emlRunPairwiseAnalysis
c0241	posthoc_soprano__alto_cohens_d	1.860017468818369	emlRunPairwiseAnalysis
c0241	posthoc_soprano__alto_p	2.145599498924143e-05	emlRunPairwiseAnalysis
c0241	posthoc_mezzo__alto_padj	0.1580466454692171	emlRunPairwiseAnalysis
c0241	posthoc_mezzo__alto_t	1.4504405547821466	emlRunPairwiseAnalysis
c0241	posthoc_mezzo__alto_cohens_d	0.5296260067829929	emlRunPairwiseAnalysis
c0241	posthoc_mezzo__alto_p	0.1580466454692171	emlRunPairwiseAnalysis
c0241	posthoc_soprano__mezzo_df	28	emlRunPairwiseAnalysis
c0241	posthoc_soprano__mezzo_diff	5.529493667274593	emlRunPairwiseAnalysis
c0241	posthoc_soprano__alto_df	28	emlRunPairwiseAnalysis
c0241	posthoc_soprano__alto_diff	7.775722186793658	emlRunPairwiseAnalysis
c0241	posthoc_mezzo__alto_df	28	emlRunPairwiseAnalysis
c0241	posthoc_mezzo__alto_diff	2.2462285195190645	emlRunPairwiseAnalysis
c0242	n	45	emlRunPairwiseAnalysis
c0242	k	3	emlRunPairwiseAnalysis
c0242	posthoc_soprano__mezzo_padj	0.0008132074504689245	emlRunPairwiseAnalysis
c0242	posthoc_soprano__mezzo_t	3.9047656484456583	emlRunPairwiseAnalysis
c0242	posthoc_soprano__mezzo_cohens_d	1.4258188182833162	emlRunPairwiseAnalysis
c0242	posthoc_soprano__mezzo_p	0.0005421383003126163	emlRunPairwiseAnalysis
c0242	posthoc_soprano__alto_padj	6.436798496772429e-05	emlRunPairwiseAnalysis
c0242	posthoc_soprano__alto_t	5.093867625127413	emlRunPairwiseAnalysis
c0242	posthoc_soprano__alto_cohens_d	1.860017468818369	emlRunPairwiseAnalysis
c0242	posthoc_soprano__alto_p	2.145599498924143e-05	emlRunPairwiseAnalysis
c0242	posthoc_mezzo__alto_padj	0.1580466454692171	emlRunPairwiseAnalysis
c0242	posthoc_mezzo__alto_t	1.4504405547821466	emlRunPairwiseAnalysis
c0242	posthoc_mezzo__alto_cohens_d	0.5296260067829929	emlRunPairwiseAnalysis
c0242	posthoc_mezzo__alto_p	0.1580466454692171	emlRunPairwiseAnalysis
c0242	posthoc_soprano__mezzo_df	28	emlRunPairwiseAnalysis
c0242	posthoc_soprano__mezzo_diff	5.529493667274593	emlRunPairwiseAnalysis
c0242	posthoc_soprano__alto_df	28	emlRunPairwiseAnalysis
c0242	posthoc_soprano__alto_diff	7.775722186793658	emlRunPairwiseAnalysis
c0242	posthoc_mezzo__alto_df	28	emlRunPairwiseAnalysis
c0242	posthoc_mezzo__alto_diff	2.2462285195190645	emlRunPairwiseAnalysis
c0243	n	45	emlRunPairwiseAnalysis
c0243	k	3	emlRunPairwiseAnalysis
c0243	posthoc_soprano__mezzo_padj	0.004224358409030779	emlRunPairwiseAnalysis
c0243	posthoc_soprano__mezzo_u	187	emlRunPairwiseAnalysis
c0243	posthoc_soprano__mezzo_rank_biserial	0.6622222222222223	emlRunPairwiseAnalysis
c0243	posthoc_soprano__mezzo_p	0.0014081194696769263	emlRunPairwiseAnalysis
c0243	posthoc_soprano__alto_padj	1.9649617915500456e-05	emlRunPairwiseAnalysis
c0243	posthoc_soprano__alto_u	211	emlRunPairwiseAnalysis
c0243	posthoc_soprano__alto_rank_biserial	0.8755555555555555	emlRunPairwiseAnalysis
c0243	posthoc_soprano__alto_p	6.549872638500152e-06	emlRunPairwiseAnalysis
c0243	posthoc_mezzo__alto_padj	0.7486685836648239	emlRunPairwiseAnalysis
c0243	posthoc_mezzo__alto_u	141	emlRunPairwiseAnalysis
c0243	posthoc_mezzo__alto_rank_biserial	0.25333333333333335	emlRunPairwiseAnalysis
c0243	posthoc_mezzo__alto_p	0.24955619455494132	emlRunPairwiseAnalysis
c0243	posthoc_soprano__mezzo_diff	5.532710196724409	emlRunPairwiseAnalysis
c0243	posthoc_soprano__mezzo_ci_low	1.6762032227066612	emlRunPairwiseAnalysis
c0243	posthoc_soprano__mezzo_ci_high	9.207953651516874	emlRunPairwiseAnalysis
c0243	posthoc_soprano__alto_diff	7.5002058865546815	emlRunPairwiseAnalysis
c0243	posthoc_soprano__alto_ci_low	3.4878186948280074	emlRunPairwiseAnalysis
c0243	posthoc_soprano__alto_ci_high	11.6276318134084	emlRunPairwiseAnalysis
c0243	posthoc_mezzo__alto_diff	2.083831229085064	emlRunPairwiseAnalysis
c0243	posthoc_mezzo__alto_ci_low	-2.040862140124915	emlRunPairwiseAnalysis
c0243	posthoc_mezzo__alto_ci_high	6.092189059040251	emlRunPairwiseAnalysis
c0244	n	45	emlRunPairwiseAnalysis
c0244	k	3	emlRunPairwiseAnalysis
c0244	posthoc_soprano__mezzo_padj	0.0028162389393538525	emlRunPairwiseAnalysis
c0244	posthoc_soprano__mezzo_u	187	emlRunPairwiseAnalysis
c0244	posthoc_soprano__mezzo_rank_biserial	0.6622222222222223	emlRunPairwiseAnalysis
c0244	posthoc_soprano__mezzo_p	0.0014081194696769263	emlRunPairwiseAnalysis
c0244	posthoc_soprano__alto_padj	1.9649617915500456e-05	emlRunPairwiseAnalysis
c0244	posthoc_soprano__alto_u	211	emlRunPairwiseAnalysis
c0244	posthoc_soprano__alto_rank_biserial	0.8755555555555555	emlRunPairwiseAnalysis
c0244	posthoc_soprano__alto_p	6.549872638500152e-06	emlRunPairwiseAnalysis
c0244	posthoc_mezzo__alto_padj	0.24955619455494132	emlRunPairwiseAnalysis
c0244	posthoc_mezzo__alto_u	141	emlRunPairwiseAnalysis
c0244	posthoc_mezzo__alto_rank_biserial	0.25333333333333335	emlRunPairwiseAnalysis
c0244	posthoc_mezzo__alto_p	0.24955619455494132	emlRunPairwiseAnalysis
c0244	posthoc_soprano__mezzo_diff	5.532710196724409	emlRunPairwiseAnalysis
c0244	posthoc_soprano__alto_diff	7.5002058865546815	emlRunPairwiseAnalysis
c0244	posthoc_mezzo__alto_diff	2.083831229085064	emlRunPairwiseAnalysis
c0245	n	45	emlRunPairwiseAnalysis
c0245	k	3	emlRunPairwiseAnalysis
c0245	posthoc_soprano__mezzo_padj	0.0021121792045153895	emlRunPairwiseAnalysis
c0245	posthoc_soprano__mezzo_u	187	emlRunPairwiseAnalysis
c0245	posthoc_soprano__mezzo_rank_biserial	0.6622222222222223	emlRunPairwiseAnalysis
c0245	posthoc_soprano__mezzo_p	0.0014081194696769263	emlRunPairwiseAnalysis
c0245	posthoc_soprano__alto_padj	1.9649617915500456e-05	emlRunPairwiseAnalysis
c0245	posthoc_soprano__alto_u	211	emlRunPairwiseAnalysis
c0245	posthoc_soprano__alto_rank_biserial	0.8755555555555555	emlRunPairwiseAnalysis
c0245	posthoc_soprano__alto_p	6.549872638500152e-06	emlRunPairwiseAnalysis
c0245	posthoc_mezzo__alto_padj	0.2495561945549413	emlRunPairwiseAnalysis
c0245	posthoc_mezzo__alto_u	141	emlRunPairwiseAnalysis
c0245	posthoc_mezzo__alto_rank_biserial	0.25333333333333335	emlRunPairwiseAnalysis
c0245	posthoc_mezzo__alto_p	0.24955619455494132	emlRunPairwiseAnalysis
c0245	posthoc_soprano__mezzo_diff	5.532710196724409	emlRunPairwiseAnalysis
c0245	posthoc_soprano__alto_diff	7.5002058865546815	emlRunPairwiseAnalysis
c0245	posthoc_mezzo__alto_diff	2.083831229085064	emlRunPairwiseAnalysis
c0246	n	45	emlRunPairwiseAnalysis
c0246	k	3	emlRunPairwiseAnalysis
c0246	posthoc_soprano__mezzo_padj	0.002742213162118068	emlRunPairwiseAnalysis
c0246	posthoc_soprano__mezzo_diff	5.529493667274593	emlRunPairwiseAnalysis
c0246	posthoc_soprano__mezzo_f	6.810863606930593	emlRunPairwiseAnalysis
c0246	posthoc_soprano__alto_padj	3.0254283194211437e-05	emlRunPairwiseAnalysis
c0246	posthoc_soprano__alto_diff	7.775722186793658	emlRunPairwiseAnalysis
c0246	posthoc_soprano__alto_f	13.46830443187524	emlRunPairwiseAnalysis
c0246	posthoc_mezzo__alto_padj	0.3345779623527114	emlRunPairwiseAnalysis
c0246	posthoc_mezzo__alto_diff	2.2462285195190645	emlRunPairwiseAnalysis
c0246	posthoc_mezzo__alto_f	1.1239301648329714	emlRunPairwiseAnalysis
c0246	posthoc_soprano__mezzo_ci_low	1.7275268894188587	emlRunPairwiseAnalysis
c0246	posthoc_soprano__mezzo_ci_high	9.331460445130329	emlRunPairwiseAnalysis
c0246	posthoc_soprano__alto_ci_low	3.9737554089379232	emlRunPairwiseAnalysis
c0246	posthoc_soprano__alto_ci_high	11.577688964649393	emlRunPairwiseAnalysis
c0246	posthoc_mezzo__alto_ci_low	-1.5557382583366701	emlRunPairwiseAnalysis
c0246	posthoc_mezzo__alto_ci_high	6.048195297374799	emlRunPairwiseAnalysis
c0247	n	45	emlRunPairwiseAnalysis
c0247	k	3	emlRunPairwiseAnalysis
c0247	posthoc_alto__mezzo_padj	0.47474631211705964	emlRunPairwiseAnalysis
c0247	posthoc_alto__mezzo_t	-1.4504405547821464	emlRunPairwiseAnalysis
c0247	posthoc_alto__mezzo_cohens_d	-0.5296260067829929	emlRunPairwiseAnalysis
c0247	posthoc_alto__mezzo_p	0.15824877070568655	emlRunPairwiseAnalysis
c0247	posthoc_alto__soprano_padj	6.9420279678461e-05	emlRunPairwiseAnalysis
c0247	posthoc_alto__soprano_t	-5.093867625127412	emlRunPairwiseAnalysis
c0247	posthoc_alto__soprano_cohens_d	-1.860017468818369	emlRunPairwiseAnalysis
c0247	posthoc_alto__soprano_p	2.3140093226153667e-05	emlRunPairwiseAnalysis
c0247	posthoc_mezzo__soprano_padj	0.0016288977391035794	emlRunPairwiseAnalysis
c0247	posthoc_mezzo__soprano_t	-3.9047656484456583	emlRunPairwiseAnalysis
c0247	posthoc_mezzo__soprano_cohens_d	-1.4258188182833162	emlRunPairwiseAnalysis
c0247	posthoc_mezzo__soprano_p	0.0005429659130345264	emlRunPairwiseAnalysis
c0247	posthoc_alto__mezzo_df	27.49553958311246	emlRunPairwiseAnalysis
c0247	posthoc_alto__mezzo_diff	-2.2462285195190645	emlRunPairwiseAnalysis
c0247	posthoc_alto__mezzo_ci_low	-6.194411481628558	emlRunPairwiseAnalysis
c0247	posthoc_alto__mezzo_ci_high	1.701954442590429	emlRunPairwiseAnalysis
c0247	posthoc_alto__soprano_df	27.22548691954591	emlRunPairwiseAnalysis
c0247	posthoc_alto__soprano_diff	-7.775722186793658	emlRunPairwiseAnalysis
c0247	posthoc_alto__soprano_ci_low	-11.66989190096332	emlRunPairwiseAnalysis
c0247	posthoc_alto__soprano_ci_high	-3.8815524726239956	emlRunPairwiseAnalysis
c0247	posthoc_mezzo__soprano_df	27.96768626451982	emlRunPairwiseAnalysis
c0247	posthoc_mezzo__soprano_diff	-5.529493667274593	emlRunPairwiseAnalysis
c0247	posthoc_mezzo__soprano_ci_low	-9.135777963411634	emlRunPairwiseAnalysis
c0247	posthoc_mezzo__soprano_ci_high	-1.9232093711375522	emlRunPairwiseAnalysis
c0248	n	45	emlRunPairwiseAnalysis
c0248	k	3	emlRunPairwiseAnalysis
c0248	posthoc_alto__mezzo_padj	0.15824877070568655	emlRunPairwiseAnalysis
c0248	posthoc_alto__mezzo_t	-1.4504405547821464	emlRunPairwiseAnalysis
c0248	posthoc_alto__mezzo_cohens_d	-0.5296260067829929	emlRunPairwiseAnalysis
c0248	posthoc_alto__mezzo_p	0.15824877070568655	emlRunPairwiseAnalysis
c0248	posthoc_alto__soprano_padj	6.9420279678461e-05	emlRunPairwiseAnalysis
c0248	posthoc_alto__soprano_t	-5.093867625127412	emlRunPairwiseAnalysis
c0248	posthoc_alto__soprano_cohens_d	-1.860017468818369	emlRunPairwiseAnalysis
c0248	posthoc_alto__soprano_p	2.3140093226153667e-05	emlRunPairwiseAnalysis
c0248	posthoc_mezzo__soprano_padj	0.0010859318260690528	emlRunPairwiseAnalysis
c0248	posthoc_mezzo__soprano_t	-3.9047656484456583	emlRunPairwiseAnalysis
c0248	posthoc_mezzo__soprano_cohens_d	-1.4258188182833162	emlRunPairwiseAnalysis
c0248	posthoc_mezzo__soprano_p	0.0005429659130345264	emlRunPairwiseAnalysis
c0248	posthoc_alto__mezzo_df	27.49553958311246	emlRunPairwiseAnalysis
c0248	posthoc_alto__mezzo_diff	-2.2462285195190645	emlRunPairwiseAnalysis
c0248	posthoc_alto__soprano_df	27.22548691954591	emlRunPairwiseAnalysis
c0248	posthoc_alto__soprano_diff	-7.775722186793658	emlRunPairwiseAnalysis
c0248	posthoc_mezzo__soprano_df	27.96768626451982	emlRunPairwiseAnalysis
c0248	posthoc_mezzo__soprano_diff	-5.529493667274593	emlRunPairwiseAnalysis
c0249	n	45	emlRunPairwiseAnalysis
c0249	k	3	emlRunPairwiseAnalysis
c0249	posthoc_alto__mezzo_padj	0.15824877070568655	emlRunPairwiseAnalysis
c0249	posthoc_alto__mezzo_t	-1.4504405547821464	emlRunPairwiseAnalysis
c0249	posthoc_alto__mezzo_cohens_d	-0.5296260067829929	emlRunPairwiseAnalysis
c0249	posthoc_alto__mezzo_p	0.15824877070568655	emlRunPairwiseAnalysis
c0249	posthoc_alto__soprano_padj	6.9420279678461e-05	emlRunPairwiseAnalysis
c0249	posthoc_alto__soprano_t	-5.093867625127412	emlRunPairwiseAnalysis
c0249	posthoc_alto__soprano_cohens_d	-1.860017468818369	emlRunPairwiseAnalysis
c0249	posthoc_alto__soprano_p	2.3140093226153667e-05	emlRunPairwiseAnalysis
c0249	posthoc_mezzo__soprano_padj	0.0008144488695517897	emlRunPairwiseAnalysis
c0249	posthoc_mezzo__soprano_t	-3.9047656484456583	emlRunPairwiseAnalysis
c0249	posthoc_mezzo__soprano_cohens_d	-1.4258188182833162	emlRunPairwiseAnalysis
c0249	posthoc_mezzo__soprano_p	0.0005429659130345264	emlRunPairwiseAnalysis
c0249	posthoc_alto__mezzo_df	27.49553958311246	emlRunPairwiseAnalysis
c0249	posthoc_alto__mezzo_diff	-2.2462285195190645	emlRunPairwiseAnalysis
c0249	posthoc_alto__soprano_df	27.22548691954591	emlRunPairwiseAnalysis
c0249	posthoc_alto__soprano_diff	-7.775722186793658	emlRunPairwiseAnalysis
c0249	posthoc_mezzo__soprano_df	27.96768626451982	emlRunPairwiseAnalysis
c0249	posthoc_mezzo__soprano_diff	-5.529493667274593	emlRunPairwiseAnalysis
c0250	n	45	emlRunPairwiseAnalysis
c0250	k	3	emlRunPairwiseAnalysis
c0250	posthoc_alto__mezzo_padj	0.4741399364076513	emlRunPairwiseAnalysis
c0250	posthoc_alto__mezzo_t	-1.4504405547821466	emlRunPairwiseAnalysis
c0250	posthoc_alto__mezzo_cohens_d	-0.5296260067829929	emlRunPairwiseAnalysis
c0250	posthoc_alto__mezzo_p	0.1580466454692171	emlRunPairwiseAnalysis
c0250	posthoc_alto__soprano_padj	6.436798496772429e-05	emlRunPairwiseAnalysis
c0250	posthoc_alto__soprano_t	-5.093867625127413	emlRunPairwiseAnalysis
c0250	posthoc_alto__soprano_cohens_d	-1.860017468818369	emlRunPairwiseAnalysis
c0250	posthoc_alto__soprano_p	2.145599498924143e-05	emlRunPairwiseAnalysis
c0250	posthoc_mezzo__soprano_padj	0.001626414900937849	emlRunPairwiseAnalysis
c0250	posthoc_mezzo__soprano_t	-3.9047656484456583	emlRunPairwiseAnalysis
c0250	posthoc_mezzo__soprano_cohens_d	-1.4258188182833162	emlRunPairwiseAnalysis
c0250	posthoc_mezzo__soprano_p	0.0005421383003126163	emlRunPairwiseAnalysis
c0250	posthoc_alto__mezzo_df	28	emlRunPairwiseAnalysis
c0250	posthoc_alto__mezzo_diff	-2.2462285195190645	emlRunPairwiseAnalysis
c0250	posthoc_alto__mezzo_ci_low	-6.189818478110633	emlRunPairwiseAnalysis
c0250	posthoc_alto__mezzo_ci_high	1.6973614390725031	emlRunPairwiseAnalysis
c0250	posthoc_alto__soprano_df	28	emlRunPairwiseAnalysis
c0250	posthoc_alto__soprano_diff	-7.775722186793658	emlRunPairwiseAnalysis
c0250	posthoc_alto__soprano_ci_low	-11.662867984026056	emlRunPairwiseAnalysis
c0250	posthoc_alto__soprano_ci_high	-3.8885763895612606	emlRunPairwiseAnalysis
c0250	posthoc_mezzo__soprano_df	28	emlRunPairwiseAnalysis
c0250	posthoc_mezzo__soprano_diff	-5.529493667274593	emlRunPairwiseAnalysis
c0250	posthoc_mezzo__soprano_ci_low	-9.135513744024738	emlRunPairwiseAnalysis
c0250	posthoc_mezzo__soprano_ci_high	-1.9234735905244489	emlRunPairwiseAnalysis
c0251	n	45	emlRunPairwiseAnalysis
c0251	k	3	emlRunPairwiseAnalysis
c0251	posthoc_alto__mezzo_padj	0.1580466454692171	emlRunPairwiseAnalysis
c0251	posthoc_alto__mezzo_t	-1.4504405547821466	emlRunPairwiseAnalysis
c0251	posthoc_alto__mezzo_cohens_d	-0.5296260067829929	emlRunPairwiseAnalysis
c0251	posthoc_alto__mezzo_p	0.1580466454692171	emlRunPairwiseAnalysis
c0251	posthoc_alto__soprano_padj	6.436798496772429e-05	emlRunPairwiseAnalysis
c0251	posthoc_alto__soprano_t	-5.093867625127413	emlRunPairwiseAnalysis
c0251	posthoc_alto__soprano_cohens_d	-1.860017468818369	emlRunPairwiseAnalysis
c0251	posthoc_alto__soprano_p	2.145599498924143e-05	emlRunPairwiseAnalysis
c0251	posthoc_mezzo__soprano_padj	0.0010842766006252326	emlRunPairwiseAnalysis
c0251	posthoc_mezzo__soprano_t	-3.9047656484456583	emlRunPairwiseAnalysis
c0251	posthoc_mezzo__soprano_cohens_d	-1.4258188182833162	emlRunPairwiseAnalysis
c0251	posthoc_mezzo__soprano_p	0.0005421383003126163	emlRunPairwiseAnalysis
c0251	posthoc_alto__mezzo_df	28	emlRunPairwiseAnalysis
c0251	posthoc_alto__mezzo_diff	-2.2462285195190645	emlRunPairwiseAnalysis
c0251	posthoc_alto__soprano_df	28	emlRunPairwiseAnalysis
c0251	posthoc_alto__soprano_diff	-7.775722186793658	emlRunPairwiseAnalysis
c0251	posthoc_mezzo__soprano_df	28	emlRunPairwiseAnalysis
c0251	posthoc_mezzo__soprano_diff	-5.529493667274593	emlRunPairwiseAnalysis
c0252	n	45	emlRunPairwiseAnalysis
c0252	k	3	emlRunPairwiseAnalysis
c0252	posthoc_alto__mezzo_padj	0.1580466454692171	emlRunPairwiseAnalysis
c0252	posthoc_alto__mezzo_t	-1.4504405547821466	emlRunPairwiseAnalysis
c0252	posthoc_alto__mezzo_cohens_d	-0.5296260067829929	emlRunPairwiseAnalysis
c0252	posthoc_alto__mezzo_p	0.1580466454692171	emlRunPairwiseAnalysis
c0252	posthoc_alto__soprano_padj	6.436798496772429e-05	emlRunPairwiseAnalysis
c0252	posthoc_alto__soprano_t	-5.093867625127413	emlRunPairwiseAnalysis
c0252	posthoc_alto__soprano_cohens_d	-1.860017468818369	emlRunPairwiseAnalysis
c0252	posthoc_alto__soprano_p	2.145599498924143e-05	emlRunPairwiseAnalysis
c0252	posthoc_mezzo__soprano_padj	0.0008132074504689245	emlRunPairwiseAnalysis
c0252	posthoc_mezzo__soprano_t	-3.9047656484456583	emlRunPairwiseAnalysis
c0252	posthoc_mezzo__soprano_cohens_d	-1.4258188182833162	emlRunPairwiseAnalysis
c0252	posthoc_mezzo__soprano_p	0.0005421383003126163	emlRunPairwiseAnalysis
c0252	posthoc_alto__mezzo_df	28	emlRunPairwiseAnalysis
c0252	posthoc_alto__mezzo_diff	-2.2462285195190645	emlRunPairwiseAnalysis
c0252	posthoc_alto__soprano_df	28	emlRunPairwiseAnalysis
c0252	posthoc_alto__soprano_diff	-7.775722186793658	emlRunPairwiseAnalysis
c0252	posthoc_mezzo__soprano_df	28	emlRunPairwiseAnalysis
c0252	posthoc_mezzo__soprano_diff	-5.529493667274593	emlRunPairwiseAnalysis
c0253	n	45	emlRunPairwiseAnalysis
c0253	k	3	emlRunPairwiseAnalysis
c0253	posthoc_alto__mezzo_padj	0.7486685836648239	emlRunPairwiseAnalysis
c0253	posthoc_alto__mezzo_u	84	emlRunPairwiseAnalysis
c0253	posthoc_alto__mezzo_rank_biserial	-0.25333333333333335	emlRunPairwiseAnalysis
c0253	posthoc_alto__mezzo_p	0.24955619455494132	emlRunPairwiseAnalysis
c0253	posthoc_alto__soprano_padj	1.9649617915500456e-05	emlRunPairwiseAnalysis
c0253	posthoc_alto__soprano_u	14	emlRunPairwiseAnalysis
c0253	posthoc_alto__soprano_rank_biserial	-0.8755555555555555	emlRunPairwiseAnalysis
c0253	posthoc_alto__soprano_p	6.549872638500152e-06	emlRunPairwiseAnalysis
c0253	posthoc_mezzo__soprano_padj	0.004224358409030779	emlRunPairwiseAnalysis
c0253	posthoc_mezzo__soprano_u	38	emlRunPairwiseAnalysis
c0253	posthoc_mezzo__soprano_rank_biserial	-0.6622222222222223	emlRunPairwiseAnalysis
c0253	posthoc_mezzo__soprano_p	0.0014081194696769263	emlRunPairwiseAnalysis
c0253	posthoc_alto__mezzo_diff	-2.083831229085064	emlRunPairwiseAnalysis
c0253	posthoc_alto__mezzo_ci_low	-6.092189059040251	emlRunPairwiseAnalysis
c0253	posthoc_alto__mezzo_ci_high	2.040862140124915	emlRunPairwiseAnalysis
c0253	posthoc_alto__soprano_diff	-7.5002058865546815	emlRunPairwiseAnalysis
c0253	posthoc_alto__soprano_ci_low	-11.6276318134084	emlRunPairwiseAnalysis
c0253	posthoc_alto__soprano_ci_high	-3.4878186948280074	emlRunPairwiseAnalysis
c0253	posthoc_mezzo__soprano_diff	-5.532710196724409	emlRunPairwiseAnalysis
c0253	posthoc_mezzo__soprano_ci_low	-9.207953651516874	emlRunPairwiseAnalysis
c0253	posthoc_mezzo__soprano_ci_high	-1.6762032227066612	emlRunPairwiseAnalysis
c0254	n	45	emlRunPairwiseAnalysis
c0254	k	3	emlRunPairwiseAnalysis
c0254	posthoc_alto__mezzo_padj	0.24955619455494132	emlRunPairwiseAnalysis
c0254	posthoc_alto__mezzo_u	84	emlRunPairwiseAnalysis
c0254	posthoc_alto__mezzo_rank_biserial	-0.25333333333333335	emlRunPairwiseAnalysis
c0254	posthoc_alto__mezzo_p	0.24955619455494132	emlRunPairwiseAnalysis
c0254	posthoc_alto__soprano_padj	1.9649617915500456e-05	emlRunPairwiseAnalysis
c0254	posthoc_alto__soprano_u	14	emlRunPairwiseAnalysis
c0254	posthoc_alto__soprano_rank_biserial	-0.8755555555555555	emlRunPairwiseAnalysis
c0254	posthoc_alto__soprano_p	6.549872638500152e-06	emlRunPairwiseAnalysis
c0254	posthoc_mezzo__soprano_padj	0.0028162389393538525	emlRunPairwiseAnalysis
c0254	posthoc_mezzo__soprano_u	38	emlRunPairwiseAnalysis
c0254	posthoc_mezzo__soprano_rank_biserial	-0.6622222222222223	emlRunPairwiseAnalysis
c0254	posthoc_mezzo__soprano_p	0.0014081194696769263	emlRunPairwiseAnalysis
c0254	posthoc_alto__mezzo_diff	-2.083831229085064	emlRunPairwiseAnalysis
c0254	posthoc_alto__soprano_diff	-7.5002058865546815	emlRunPairwiseAnalysis
c0254	posthoc_mezzo__soprano_diff	-5.532710196724409	emlRunPairwiseAnalysis
c0255	n	45	emlRunPairwiseAnalysis
c0255	k	3	emlRunPairwiseAnalysis
c0255	posthoc_alto__mezzo_padj	0.2495561945549413	emlRunPairwiseAnalysis
c0255	posthoc_alto__mezzo_u	84	emlRunPairwiseAnalysis
c0255	posthoc_alto__mezzo_rank_biserial	-0.25333333333333335	emlRunPairwiseAnalysis
c0255	posthoc_alto__mezzo_p	0.24955619455494132	emlRunPairwiseAnalysis
c0255	posthoc_alto__soprano_padj	1.9649617915500456e-05	emlRunPairwiseAnalysis
c0255	posthoc_alto__soprano_u	14	emlRunPairwiseAnalysis
c0255	posthoc_alto__soprano_rank_biserial	-0.8755555555555555	emlRunPairwiseAnalysis
c0255	posthoc_alto__soprano_p	6.549872638500152e-06	emlRunPairwiseAnalysis
c0255	posthoc_mezzo__soprano_padj	0.0021121792045153895	emlRunPairwiseAnalysis
c0255	posthoc_mezzo__soprano_u	38	emlRunPairwiseAnalysis
c0255	posthoc_mezzo__soprano_rank_biserial	-0.6622222222222223	emlRunPairwiseAnalysis
c0255	posthoc_mezzo__soprano_p	0.0014081194696769263	emlRunPairwiseAnalysis
c0255	posthoc_alto__mezzo_diff	-2.083831229085064	emlRunPairwiseAnalysis
c0255	posthoc_alto__soprano_diff	-7.5002058865546815	emlRunPairwiseAnalysis
c0255	posthoc_mezzo__soprano_diff	-5.532710196724409	emlRunPairwiseAnalysis
c0256	n	45	emlRunPairwiseAnalysis
c0256	k	3	emlRunPairwiseAnalysis
c0256	posthoc_alto__mezzo_padj	0.33457796235271164	emlRunPairwiseAnalysis
c0256	posthoc_alto__mezzo_diff	-2.2462285195190645	emlRunPairwiseAnalysis
c0256	posthoc_alto__mezzo_f	1.123930164832971	emlRunPairwiseAnalysis
c0256	posthoc_alto__soprano_padj	3.0254283194211498e-05	emlRunPairwiseAnalysis
c0256	posthoc_alto__soprano_diff	-7.775722186793658	emlRunPairwiseAnalysis
c0256	posthoc_alto__soprano_f	13.468304431875236	emlRunPairwiseAnalysis
c0256	posthoc_mezzo__soprano_padj	0.0027422131621180727	emlRunPairwiseAnalysis
c0256	posthoc_mezzo__soprano_diff	-5.529493667274593	emlRunPairwiseAnalysis
c0256	posthoc_mezzo__soprano_f	6.8108636069305915	emlRunPairwiseAnalysis
c0256	posthoc_alto__mezzo_ci_low	-6.0481952973748	emlRunPairwiseAnalysis
c0256	posthoc_alto__mezzo_ci_high	1.5557382583366706	emlRunPairwiseAnalysis
c0256	posthoc_alto__soprano_ci_low	-11.577688964649393	emlRunPairwiseAnalysis
c0256	posthoc_alto__soprano_ci_high	-3.973755408937923	emlRunPairwiseAnalysis
c0256	posthoc_mezzo__soprano_ci_low	-9.331460445130329	emlRunPairwiseAnalysis
c0256	posthoc_mezzo__soprano_ci_high	-1.7275268894188582	emlRunPairwiseAnalysis
c0257	n	45	emlRunPairwiseAnalysis
c0257	k	3	emlRunPairwiseAnalysis
c0257	posthoc_soprano__mezzo_padj	0.9799925716771648	emlRunPairwiseAnalysis
c0257	posthoc_soprano__mezzo_t	0.9983845938055349	emlRunPairwiseAnalysis
c0257	posthoc_soprano__mezzo_cohens_d	0.36455850872861606	emlRunPairwiseAnalysis
c0257	posthoc_soprano__mezzo_p	0.32666419055905493	emlRunPairwiseAnalysis
c0257	posthoc_soprano__alto_padj	0.08521536409028412	emlRunPairwiseAnalysis
c0257	posthoc_soprano__alto_t	2.354319131551285	emlRunPairwiseAnalysis
c0257	posthoc_soprano__alto_cohens_d	0.8596757972777409	emlRunPairwiseAnalysis
c0257	posthoc_soprano__alto_p	0.02840512136342804	emlRunPairwiseAnalysis
c0257	posthoc_mezzo__alto_padj	0.760179319808441	emlRunPairwiseAnalysis
c0257	posthoc_mezzo__alto_t	1.1735394756347532	emlRunPairwiseAnalysis
c0257	posthoc_mezzo__alto_cohens_d	0.42851602861862575	emlRunPairwiseAnalysis
c0257	posthoc_mezzo__alto_p	0.25339310660281367	emlRunPairwiseAnalysis
c0257	posthoc_soprano__mezzo_df	27.93124386694754	emlRunPairwiseAnalysis
c0257	posthoc_soprano__mezzo_diff	0.22882514536508758	emlRunPairwiseAnalysis
c0257	posthoc_soprano__mezzo_ci_low	-0.3549040598847508	emlRunPairwiseAnalysis
c0257	posthoc_soprano__mezzo_ci_high	0.812554350614926	emlRunPairwiseAnalysis
c0257	posthoc_soprano__alto_df	20.925307030787383	emlRunPairwiseAnalysis
c0257	posthoc_soprano__alto_diff	0.43959973362963467	emlRunPairwiseAnalysis
c0257	posthoc_soprano__alto_ci_low	-0.04627495521456154	emlRunPairwiseAnalysis
c0257	posthoc_soprano__alto_ci_high	0.9254744224738309	emlRunPairwiseAnalysis
c0257	posthoc_mezzo__alto_df	21.539933222594218	emlRunPairwiseAnalysis
c0257	posthoc_mezzo__alto_diff	0.2107745882645471	emlRunPairwiseAnalysis
c0257	posthoc_mezzo__alto_ci_low	-0.2554373887604199	emlRunPairwiseAnalysis
c0257	posthoc_mezzo__alto_ci_high	0.6769865652895141	emlRunPairwiseAnalysis
c0258	n	45	emlRunPairwiseAnalysis
c0258	k	3	emlRunPairwiseAnalysis
c0258	posthoc_soprano__mezzo_padj	0.5067862132056273	emlRunPairwiseAnalysis
c0258	posthoc_soprano__mezzo_t	0.9983845938055349	emlRunPairwiseAnalysis
c0258	posthoc_soprano__mezzo_cohens_d	0.36455850872861606	emlRunPairwiseAnalysis
c0258	posthoc_soprano__mezzo_p	0.32666419055905493	emlRunPairwiseAnalysis
c0258	posthoc_soprano__alto_padj	0.08521536409028412	emlRunPairwiseAnalysis
c0258	posthoc_soprano__alto_t	2.354319131551285	emlRunPairwiseAnalysis
c0258	posthoc_soprano__alto_cohens_d	0.8596757972777409	emlRunPairwiseAnalysis
c0258	posthoc_soprano__alto_p	0.02840512136342804	emlRunPairwiseAnalysis
c0258	posthoc_mezzo__alto_padj	0.5067862132056273	emlRunPairwiseAnalysis
c0258	posthoc_mezzo__alto_t	1.1735394756347532	emlRunPairwiseAnalysis
c0258	posthoc_mezzo__alto_cohens_d	0.42851602861862575	emlRunPairwiseAnalysis
c0258	posthoc_mezzo__alto_p	0.25339310660281367	emlRunPairwiseAnalysis
c0258	posthoc_soprano__mezzo_df	27.93124386694754	emlRunPairwiseAnalysis
c0258	posthoc_soprano__mezzo_diff	0.22882514536508758	emlRunPairwiseAnalysis
c0258	posthoc_soprano__alto_df	20.925307030787383	emlRunPairwiseAnalysis
c0258	posthoc_soprano__alto_diff	0.43959973362963467	emlRunPairwiseAnalysis
c0258	posthoc_mezzo__alto_df	21.539933222594218	emlRunPairwiseAnalysis
c0258	posthoc_mezzo__alto_diff	0.2107745882645471	emlRunPairwiseAnalysis
c0259	n	45	emlRunPairwiseAnalysis
c0259	k	3	emlRunPairwiseAnalysis
c0259	posthoc_soprano__mezzo_padj	0.32666419055905493	emlRunPairwiseAnalysis
c0259	posthoc_soprano__mezzo_t	0.9983845938055349	emlRunPairwiseAnalysis
c0259	posthoc_soprano__mezzo_cohens_d	0.36455850872861606	emlRunPairwiseAnalysis
c0259	posthoc_soprano__mezzo_p	0.32666419055905493	emlRunPairwiseAnalysis
c0259	posthoc_soprano__alto_padj	0.08521536409028412	emlRunPairwiseAnalysis
c0259	posthoc_soprano__alto_t	2.354319131551285	emlRunPairwiseAnalysis
c0259	posthoc_soprano__alto_cohens_d	0.8596757972777409	emlRunPairwiseAnalysis
c0259	posthoc_soprano__alto_p	0.02840512136342804	emlRunPairwiseAnalysis
c0259	posthoc_mezzo__alto_padj	0.32666419055905493	emlRunPairwiseAnalysis
c0259	posthoc_mezzo__alto_t	1.1735394756347532	emlRunPairwiseAnalysis
c0259	posthoc_mezzo__alto_cohens_d	0.42851602861862575	emlRunPairwiseAnalysis
c0259	posthoc_mezzo__alto_p	0.25339310660281367	emlRunPairwiseAnalysis
c0259	posthoc_soprano__mezzo_df	27.93124386694754	emlRunPairwiseAnalysis
c0259	posthoc_soprano__mezzo_diff	0.22882514536508758	emlRunPairwiseAnalysis
c0259	posthoc_soprano__alto_df	20.925307030787383	emlRunPairwiseAnalysis
c0259	posthoc_soprano__alto_diff	0.43959973362963467	emlRunPairwiseAnalysis
c0259	posthoc_mezzo__alto_df	21.539933222594218	emlRunPairwiseAnalysis
c0259	posthoc_mezzo__alto_diff	0.2107745882645471	emlRunPairwiseAnalysis
c0260	n	45	emlRunPairwiseAnalysis
c0260	k	3	emlRunPairwiseAnalysis
c0260	posthoc_soprano__mezzo_padj	0.9799300042710487	emlRunPairwiseAnalysis
c0260	posthoc_soprano__mezzo_t	0.998384593805535	emlRunPairwiseAnalysis
c0260	posthoc_soprano__mezzo_cohens_d	0.36455850872861606	emlRunPairwiseAnalysis
c0260	posthoc_soprano__mezzo_p	0.32664333475701623	emlRunPairwiseAnalysis
c0260	posthoc_soprano__alto_padj	0.0774086027365098	emlRunPairwiseAnalysis
c0260	posthoc_soprano__alto_t	2.354319131551285	emlRunPairwiseAnalysis
c0260	posthoc_soprano__alto_cohens_d	0.8596757972777409	emlRunPairwiseAnalysis
c0260	posthoc_soprano__alto_p	0.0258028675788366	emlRunPairwiseAnalysis
c0260	posthoc_mezzo__alto_padj	0.7513972253601356	emlRunPairwiseAnalysis
c0260	posthoc_mezzo__alto_t	1.1735394756347532	emlRunPairwiseAnalysis
c0260	posthoc_mezzo__alto_cohens_d	0.42851602861862575	emlRunPairwiseAnalysis
c0260	posthoc_mezzo__alto_p	0.2504657417867119	emlRunPairwiseAnalysis
c0260	posthoc_soprano__mezzo_df	28	emlRunPairwiseAnalysis
c0260	posthoc_soprano__mezzo_diff	0.22882514536508758	emlRunPairwiseAnalysis
c0260	posthoc_soprano__mezzo_ci_low	-0.35481294198641633	emlRunPairwiseAnalysis
c0260	posthoc_soprano__mezzo_ci_high	0.8124632327165915	emlRunPairwiseAnalysis
c0260	posthoc_soprano__alto_df	28	emlRunPairwiseAnalysis
c0260	posthoc_soprano__alto_diff	0.43959973362963467	emlRunPairwiseAnalysis
c0260	posthoc_soprano__alto_ci_low	-0.03587762142791945	emlRunPairwiseAnalysis
c0260	posthoc_soprano__alto_ci_high	0.9150770886871888	emlRunPairwiseAnalysis
c0260	posthoc_mezzo__alto_df	28	emlRunPairwiseAnalysis
c0260	posthoc_mezzo__alto_diff	0.2107745882645471	emlRunPairwiseAnalysis
c0260	posthoc_mezzo__alto_ci_low	-0.24658553468421113	emlRunPairwiseAnalysis
c0260	posthoc_mezzo__alto_ci_high	0.6681347112133054	emlRunPairwiseAnalysis
c0261	n	45	emlRunPairwiseAnalysis
c0261	k	3	emlRunPairwiseAnalysis
c0261	posthoc_soprano__mezzo_padj	0.5009314835734238	emlRunPairwiseAnalysis
c0261	posthoc_soprano__mezzo_t	0.998384593805535	emlRunPairwiseAnalysis
c0261	posthoc_soprano__mezzo_cohens_d	0.36455850872861606	emlRunPairwiseAnalysis
c0261	posthoc_soprano__mezzo_p	0.32664333475701623	emlRunPairwiseAnalysis
c0261	posthoc_soprano__alto_padj	0.0774086027365098	emlRunPairwiseAnalysis
c0261	posthoc_soprano__alto_t	2.354319131551285	emlRunPairwiseAnalysis
c0261	posthoc_soprano__alto_cohens_d	0.8596757972777409	emlRunPairwiseAnalysis
c0261	posthoc_soprano__alto_p	0.0258028675788366	emlRunPairwiseAnalysis
c0261	posthoc_mezzo__alto_padj	0.5009314835734238	emlRunPairwiseAnalysis
c0261	posthoc_mezzo__alto_t	1.1735394756347532	emlRunPairwiseAnalysis
c0261	posthoc_mezzo__alto_cohens_d	0.42851602861862575	emlRunPairwiseAnalysis
c0261	posthoc_mezzo__alto_p	0.2504657417867119	emlRunPairwiseAnalysis
c0261	posthoc_soprano__mezzo_df	28	emlRunPairwiseAnalysis
c0261	posthoc_soprano__mezzo_diff	0.22882514536508758	emlRunPairwiseAnalysis
c0261	posthoc_soprano__alto_df	28	emlRunPairwiseAnalysis
c0261	posthoc_soprano__alto_diff	0.43959973362963467	emlRunPairwiseAnalysis
c0261	posthoc_mezzo__alto_df	28	emlRunPairwiseAnalysis
c0261	posthoc_mezzo__alto_diff	0.2107745882645471	emlRunPairwiseAnalysis
c0262	n	45	emlRunPairwiseAnalysis
c0262	k	3	emlRunPairwiseAnalysis
c0262	posthoc_soprano__mezzo_padj	0.32664333475701623	emlRunPairwiseAnalysis
c0262	posthoc_soprano__mezzo_t	0.998384593805535	emlRunPairwiseAnalysis
c0262	posthoc_soprano__mezzo_cohens_d	0.36455850872861606	emlRunPairwiseAnalysis
c0262	posthoc_soprano__mezzo_p	0.32664333475701623	emlRunPairwiseAnalysis
c0262	posthoc_soprano__alto_padj	0.0774086027365098	emlRunPairwiseAnalysis
c0262	posthoc_soprano__alto_t	2.354319131551285	emlRunPairwiseAnalysis
c0262	posthoc_soprano__alto_cohens_d	0.8596757972777409	emlRunPairwiseAnalysis
c0262	posthoc_soprano__alto_p	0.0258028675788366	emlRunPairwiseAnalysis
c0262	posthoc_mezzo__alto_padj	0.32664333475701623	emlRunPairwiseAnalysis
c0262	posthoc_mezzo__alto_t	1.1735394756347532	emlRunPairwiseAnalysis
c0262	posthoc_mezzo__alto_cohens_d	0.42851602861862575	emlRunPairwiseAnalysis
c0262	posthoc_mezzo__alto_p	0.2504657417867119	emlRunPairwiseAnalysis
c0262	posthoc_soprano__mezzo_df	28	emlRunPairwiseAnalysis
c0262	posthoc_soprano__mezzo_diff	0.22882514536508758	emlRunPairwiseAnalysis
c0262	posthoc_soprano__alto_df	28	emlRunPairwiseAnalysis
c0262	posthoc_soprano__alto_diff	0.43959973362963467	emlRunPairwiseAnalysis
c0262	posthoc_mezzo__alto_df	28	emlRunPairwiseAnalysis
c0262	posthoc_mezzo__alto_diff	0.2107745882645471	emlRunPairwiseAnalysis
c0263	n	45	emlRunPairwiseAnalysis
c0263	k	3	emlRunPairwiseAnalysis
c0263	posthoc_soprano__mezzo_padj	1	emlRunPairwiseAnalysis
c0263	posthoc_soprano__mezzo_u	131	emlRunPairwiseAnalysis
c0263	posthoc_soprano__mezzo_rank_biserial	0.16444444444444445	emlRunPairwiseAnalysis
c0263	posthoc_soprano__mezzo_p	0.46095874921156554	emlRunPairwiseAnalysis
c0263	posthoc_soprano__alto_padj	0.2675843192954606	emlRunPairwiseAnalysis
c0263	posthoc_soprano__alto_u	154	emlRunPairwiseAnalysis
c0263	posthoc_soprano__alto_rank_biserial	0.3688888888888889	emlRunPairwiseAnalysis
c0263	posthoc_soprano__alto_p	0.08919477309848688	emlRunPairwiseAnalysis
c0263	posthoc_mezzo__alto_padj	0.9736445244869825	emlRunPairwiseAnalysis
c0263	posthoc_mezzo__alto_u	137	emlRunPairwiseAnalysis
c0263	posthoc_mezzo__alto_rank_biserial	0.21777777777777776	emlRunPairwiseAnalysis
c0263	posthoc_mezzo__alto_p	0.3245481748289942	emlRunPairwiseAnalysis
c0263	posthoc_soprano__mezzo_diff	0.22321279533746807	emlRunPairwiseAnalysis
c0263	posthoc_soprano__mezzo_ci_low	-0.3567648002708985	emlRunPairwiseAnalysis
c0263	posthoc_soprano__mezzo_ci_high	0.8430261417041427	emlRunPairwiseAnalysis
c0263	posthoc_soprano__alto_diff	0.45879306239219364	emlRunPairwiseAnalysis
c0263	posthoc_soprano__alto_ci_low	-0.1782147699979717	emlRunPairwiseAnalysis
c0263	posthoc_soprano__alto_ci_high	0.9696773486342156	emlRunPairwiseAnalysis
c0263	posthoc_mezzo__alto_diff	0.1451033608490775	emlRunPairwiseAnalysis
c0263	posthoc_mezzo__alto_ci_low	-0.29858057633956037	emlRunPairwiseAnalysis
c0263	posthoc_mezzo__alto_ci_high	0.7509407197126441	emlRunPairwiseAnalysis
c0264	n	45	emlRunPairwiseAnalysis
c0264	k	3	emlRunPairwiseAnalysis
c0264	posthoc_soprano__mezzo_padj	0.6490963496579883	emlRunPairwiseAnalysis
c0264	posthoc_soprano__mezzo_u	131	emlRunPairwiseAnalysis
c0264	posthoc_soprano__mezzo_rank_biserial	0.16444444444444445	emlRunPairwiseAnalysis
c0264	posthoc_soprano__mezzo_p	0.46095874921156554	emlRunPairwiseAnalysis
c0264	posthoc_soprano__alto_padj	0.2675843192954606	emlRunPairwiseAnalysis
c0264	posthoc_soprano__alto_u	154	emlRunPairwiseAnalysis
c0264	posthoc_soprano__alto_rank_biserial	0.3688888888888889	emlRunPairwiseAnalysis
c0264	posthoc_soprano__alto_p	0.08919477309848688	emlRunPairwiseAnalysis
c0264	posthoc_mezzo__alto_padj	0.6490963496579883	emlRunPairwiseAnalysis
c0264	posthoc_mezzo__alto_u	137	emlRunPairwiseAnalysis
c0264	posthoc_mezzo__alto_rank_biserial	0.21777777777777776	emlRunPairwiseAnalysis
c0264	posthoc_mezzo__alto_p	0.3245481748289942	emlRunPairwiseAnalysis
c0264	posthoc_soprano__mezzo_diff	0.22321279533746807	emlRunPairwiseAnalysis
c0264	posthoc_soprano__alto_diff	0.45879306239219364	emlRunPairwiseAnalysis
c0264	posthoc_mezzo__alto_diff	0.1451033608490775	emlRunPairwiseAnalysis
c0265	n	45	emlRunPairwiseAnalysis
c0265	k	3	emlRunPairwiseAnalysis
c0265	posthoc_soprano__mezzo_padj	0.4609587492115656	emlRunPairwiseAnalysis
c0265	posthoc_soprano__mezzo_u	131	emlRunPairwiseAnalysis
c0265	posthoc_soprano__mezzo_rank_biserial	0.16444444444444445	emlRunPairwiseAnalysis
c0265	posthoc_soprano__mezzo_p	0.46095874921156554	emlRunPairwiseAnalysis
c0265	posthoc_soprano__alto_padj	0.2675843192954606	emlRunPairwiseAnalysis
c0265	posthoc_soprano__alto_u	154	emlRunPairwiseAnalysis
c0265	posthoc_soprano__alto_rank_biserial	0.3688888888888889	emlRunPairwiseAnalysis
c0265	posthoc_soprano__alto_p	0.08919477309848688	emlRunPairwiseAnalysis
c0265	posthoc_mezzo__alto_padj	0.4609587492115656	emlRunPairwiseAnalysis
c0265	posthoc_mezzo__alto_u	137	emlRunPairwiseAnalysis
c0265	posthoc_mezzo__alto_rank_biserial	0.21777777777777776	emlRunPairwiseAnalysis
c0265	posthoc_mezzo__alto_p	0.3245481748289942	emlRunPairwiseAnalysis
c0265	posthoc_soprano__mezzo_diff	0.22321279533746807	emlRunPairwiseAnalysis
c0265	posthoc_soprano__alto_diff	0.45879306239219364	emlRunPairwiseAnalysis
c0265	posthoc_mezzo__alto_diff	0.1451033608490775	emlRunPairwiseAnalysis
c0266	n	45	emlRunPairwiseAnalysis
c0266	k	3	emlRunPairwiseAnalysis
c0266	posthoc_soprano__mezzo_padj	0.5239505112259181	emlRunPairwiseAnalysis
c0266	posthoc_soprano__mezzo_diff	0.22882514536508758	emlRunPairwiseAnalysis
c0266	posthoc_soprano__mezzo_f	0.6564079997756396	emlRunPairwiseAnalysis
c0266	posthoc_soprano__alto_padj	0.10098785281250403	emlRunPairwiseAnalysis
c0266	posthoc_soprano__alto_diff	0.43959973362963467	emlRunPairwiseAnalysis
c0266	posthoc_soprano__alto_f	2.4225972091997674	emlRunPairwiseAnalysis
c0266	posthoc_mezzo__alto_padj	0.5771368746206458	emlRunPairwiseAnalysis
c0266	posthoc_mezzo__alto_diff	0.2107745882645471	emlRunPairwiseAnalysis
c0266	posthoc_mezzo__alto_f	0.5569328956958166	emlRunPairwiseAnalysis
c0266	posthoc_soprano__mezzo_ci_low	-0.277979816914378	emlRunPairwiseAnalysis
c0266	posthoc_soprano__mezzo_ci_high	0.7356301076445532	emlRunPairwiseAnalysis
c0266	posthoc_soprano__alto_ci_low	-0.06720522864983092	emlRunPairwiseAnalysis
c0266	posthoc_soprano__alto_ci_high	0.9464046959091003	emlRunPairwiseAnalysis
c0266	posthoc_mezzo__alto_ci_low	-0.2960303740149185	emlRunPairwiseAnalysis
c0266	posthoc_mezzo__alto_ci_high	0.7175795505440127	emlRunPairwiseAnalysis
c0267	n	45	emlRunPairwiseAnalysis
c0267	k	3	emlRunPairwiseAnalysis
c0267	posthoc_alto__mezzo_padj	0.760179319808441	emlRunPairwiseAnalysis
c0267	posthoc_alto__mezzo_t	-1.1735394756347532	emlRunPairwiseAnalysis
c0267	posthoc_alto__mezzo_cohens_d	-0.42851602861862575	emlRunPairwiseAnalysis
c0267	posthoc_alto__mezzo_p	0.25339310660281367	emlRunPairwiseAnalysis
c0267	posthoc_alto__soprano_padj	0.08521536409028412	emlRunPairwiseAnalysis
c0267	posthoc_alto__soprano_t	-2.354319131551285	emlRunPairwiseAnalysis
c0267	posthoc_alto__soprano_cohens_d	-0.8596757972777409	emlRunPairwiseAnalysis
c0267	posthoc_alto__soprano_p	0.02840512136342804	emlRunPairwiseAnalysis
c0267	posthoc_mezzo__soprano_padj	0.9799925716771648	emlRunPairwiseAnalysis
c0267	posthoc_mezzo__soprano_t	-0.9983845938055349	emlRunPairwiseAnalysis
c0267	posthoc_mezzo__soprano_cohens_d	-0.36455850872861606	emlRunPairwiseAnalysis
c0267	posthoc_mezzo__soprano_p	0.32666419055905493	emlRunPairwiseAnalysis
c0267	posthoc_alto__mezzo_df	21.539933222594218	emlRunPairwiseAnalysis
c0267	posthoc_alto__mezzo_diff	-0.2107745882645471	emlRunPairwiseAnalysis
c0267	posthoc_alto__mezzo_ci_low	-0.6769865652895141	emlRunPairwiseAnalysis
c0267	posthoc_alto__mezzo_ci_high	0.2554373887604199	emlRunPairwiseAnalysis
c0267	posthoc_alto__soprano_df	20.925307030787383	emlRunPairwiseAnalysis
c0267	posthoc_alto__soprano_diff	-0.43959973362963467	emlRunPairwiseAnalysis
c0267	posthoc_alto__soprano_ci_low	-0.9254744224738309	emlRunPairwiseAnalysis
c0267	posthoc_alto__soprano_ci_high	0.04627495521456154	emlRunPairwiseAnalysis
c0267	posthoc_mezzo__soprano_df	27.93124386694754	emlRunPairwiseAnalysis
c0267	posthoc_mezzo__soprano_diff	-0.22882514536508758	emlRunPairwiseAnalysis
c0267	posthoc_mezzo__soprano_ci_low	-0.812554350614926	emlRunPairwiseAnalysis
c0267	posthoc_mezzo__soprano_ci_high	0.3549040598847508	emlRunPairwiseAnalysis
c0268	n	45	emlRunPairwiseAnalysis
c0268	k	3	emlRunPairwiseAnalysis
c0268	posthoc_alto__mezzo_padj	0.5067862132056273	emlRunPairwiseAnalysis
c0268	posthoc_alto__mezzo_t	-1.1735394756347532	emlRunPairwiseAnalysis
c0268	posthoc_alto__mezzo_cohens_d	-0.42851602861862575	emlRunPairwiseAnalysis
c0268	posthoc_alto__mezzo_p	0.25339310660281367	emlRunPairwiseAnalysis
c0268	posthoc_alto__soprano_padj	0.08521536409028412	emlRunPairwiseAnalysis
c0268	posthoc_alto__soprano_t	-2.354319131551285	emlRunPairwiseAnalysis
c0268	posthoc_alto__soprano_cohens_d	-0.8596757972777409	emlRunPairwiseAnalysis
c0268	posthoc_alto__soprano_p	0.02840512136342804	emlRunPairwiseAnalysis
c0268	posthoc_mezzo__soprano_padj	0.5067862132056273	emlRunPairwiseAnalysis
c0268	posthoc_mezzo__soprano_t	-0.9983845938055349	emlRunPairwiseAnalysis
c0268	posthoc_mezzo__soprano_cohens_d	-0.36455850872861606	emlRunPairwiseAnalysis
c0268	posthoc_mezzo__soprano_p	0.32666419055905493	emlRunPairwiseAnalysis
c0268	posthoc_alto__mezzo_df	21.539933222594218	emlRunPairwiseAnalysis
c0268	posthoc_alto__mezzo_diff	-0.2107745882645471	emlRunPairwiseAnalysis
c0268	posthoc_alto__soprano_df	20.925307030787383	emlRunPairwiseAnalysis
c0268	posthoc_alto__soprano_diff	-0.43959973362963467	emlRunPairwiseAnalysis
c0268	posthoc_mezzo__soprano_df	27.93124386694754	emlRunPairwiseAnalysis
c0268	posthoc_mezzo__soprano_diff	-0.22882514536508758	emlRunPairwiseAnalysis
c0269	n	45	emlRunPairwiseAnalysis
c0269	k	3	emlRunPairwiseAnalysis
c0269	posthoc_alto__mezzo_padj	0.32666419055905493	emlRunPairwiseAnalysis
c0269	posthoc_alto__mezzo_t	-1.1735394756347532	emlRunPairwiseAnalysis
c0269	posthoc_alto__mezzo_cohens_d	-0.42851602861862575	emlRunPairwiseAnalysis
c0269	posthoc_alto__mezzo_p	0.25339310660281367	emlRunPairwiseAnalysis
c0269	posthoc_alto__soprano_padj	0.08521536409028412	emlRunPairwiseAnalysis
c0269	posthoc_alto__soprano_t	-2.354319131551285	emlRunPairwiseAnalysis
c0269	posthoc_alto__soprano_cohens_d	-0.8596757972777409	emlRunPairwiseAnalysis
c0269	posthoc_alto__soprano_p	0.02840512136342804	emlRunPairwiseAnalysis
c0269	posthoc_mezzo__soprano_padj	0.32666419055905493	emlRunPairwiseAnalysis
c0269	posthoc_mezzo__soprano_t	-0.9983845938055349	emlRunPairwiseAnalysis
c0269	posthoc_mezzo__soprano_cohens_d	-0.36455850872861606	emlRunPairwiseAnalysis
c0269	posthoc_mezzo__soprano_p	0.32666419055905493	emlRunPairwiseAnalysis
c0269	posthoc_alto__mezzo_df	21.539933222594218	emlRunPairwiseAnalysis
c0269	posthoc_alto__mezzo_diff	-0.2107745882645471	emlRunPairwiseAnalysis
c0269	posthoc_alto__soprano_df	20.925307030787383	emlRunPairwiseAnalysis
c0269	posthoc_alto__soprano_diff	-0.43959973362963467	emlRunPairwiseAnalysis
c0269	posthoc_mezzo__soprano_df	27.93124386694754	emlRunPairwiseAnalysis
c0269	posthoc_mezzo__soprano_diff	-0.22882514536508758	emlRunPairwiseAnalysis
c0270	n	45	emlRunPairwiseAnalysis
c0270	k	3	emlRunPairwiseAnalysis
c0270	posthoc_alto__mezzo_padj	0.7513972253601356	emlRunPairwiseAnalysis
c0270	posthoc_alto__mezzo_t	-1.1735394756347532	emlRunPairwiseAnalysis
c0270	posthoc_alto__mezzo_cohens_d	-0.42851602861862575	emlRunPairwiseAnalysis
c0270	posthoc_alto__mezzo_p	0.2504657417867119	emlRunPairwiseAnalysis
c0270	posthoc_alto__soprano_padj	0.0774086027365098	emlRunPairwiseAnalysis
c0270	posthoc_alto__soprano_t	-2.354319131551285	emlRunPairwiseAnalysis
c0270	posthoc_alto__soprano_cohens_d	-0.8596757972777409	emlRunPairwiseAnalysis
c0270	posthoc_alto__soprano_p	0.0258028675788366	emlRunPairwiseAnalysis
c0270	posthoc_mezzo__soprano_padj	0.9799300042710487	emlRunPairwiseAnalysis
c0270	posthoc_mezzo__soprano_t	-0.998384593805535	emlRunPairwiseAnalysis
c0270	posthoc_mezzo__soprano_cohens_d	-0.36455850872861606	emlRunPairwiseAnalysis
c0270	posthoc_mezzo__soprano_p	0.32664333475701623	emlRunPairwiseAnalysis
c0270	posthoc_alto__mezzo_df	28	emlRunPairwiseAnalysis
c0270	posthoc_alto__mezzo_diff	-0.2107745882645471	emlRunPairwiseAnalysis
c0270	posthoc_alto__mezzo_ci_low	-0.6681347112133054	emlRunPairwiseAnalysis
c0270	posthoc_alto__mezzo_ci_high	0.24658553468421113	emlRunPairwiseAnalysis
c0270	posthoc_alto__soprano_df	28	emlRunPairwiseAnalysis
c0270	posthoc_alto__soprano_diff	-0.43959973362963467	emlRunPairwiseAnalysis
c0270	posthoc_alto__soprano_ci_low	-0.9150770886871888	emlRunPairwiseAnalysis
c0270	posthoc_alto__soprano_ci_high	0.03587762142791945	emlRunPairwiseAnalysis
c0270	posthoc_mezzo__soprano_df	28	emlRunPairwiseAnalysis
c0270	posthoc_mezzo__soprano_diff	-0.22882514536508758	emlRunPairwiseAnalysis
c0270	posthoc_mezzo__soprano_ci_low	-0.8124632327165915	emlRunPairwiseAnalysis
c0270	posthoc_mezzo__soprano_ci_high	0.35481294198641633	emlRunPairwiseAnalysis
c0271	n	45	emlRunPairwiseAnalysis
c0271	k	3	emlRunPairwiseAnalysis
c0271	posthoc_alto__mezzo_padj	0.5009314835734238	emlRunPairwiseAnalysis
c0271	posthoc_alto__mezzo_t	-1.1735394756347532	emlRunPairwiseAnalysis
c0271	posthoc_alto__mezzo_cohens_d	-0.42851602861862575	emlRunPairwiseAnalysis
c0271	posthoc_alto__mezzo_p	0.2504657417867119	emlRunPairwiseAnalysis
c0271	posthoc_alto__soprano_padj	0.0774086027365098	emlRunPairwiseAnalysis
c0271	posthoc_alto__soprano_t	-2.354319131551285	emlRunPairwiseAnalysis
c0271	posthoc_alto__soprano_cohens_d	-0.8596757972777409	emlRunPairwiseAnalysis
c0271	posthoc_alto__soprano_p	0.0258028675788366	emlRunPairwiseAnalysis
c0271	posthoc_mezzo__soprano_padj	0.5009314835734238	emlRunPairwiseAnalysis
c0271	posthoc_mezzo__soprano_t	-0.998384593805535	emlRunPairwiseAnalysis
c0271	posthoc_mezzo__soprano_cohens_d	-0.36455850872861606	emlRunPairwiseAnalysis
c0271	posthoc_mezzo__soprano_p	0.32664333475701623	emlRunPairwiseAnalysis
c0271	posthoc_alto__mezzo_df	28	emlRunPairwiseAnalysis
c0271	posthoc_alto__mezzo_diff	-0.2107745882645471	emlRunPairwiseAnalysis
c0271	posthoc_alto__soprano_df	28	emlRunPairwiseAnalysis
c0271	posthoc_alto__soprano_diff	-0.43959973362963467	emlRunPairwiseAnalysis
c0271	posthoc_mezzo__soprano_df	28	emlRunPairwiseAnalysis
c0271	posthoc_mezzo__soprano_diff	-0.22882514536508758	emlRunPairwiseAnalysis
c0272	n	45	emlRunPairwiseAnalysis
c0272	k	3	emlRunPairwiseAnalysis
c0272	posthoc_alto__mezzo_padj	0.32664333475701623	emlRunPairwiseAnalysis
c0272	posthoc_alto__mezzo_t	-1.1735394756347532	emlRunPairwiseAnalysis
c0272	posthoc_alto__mezzo_cohens_d	-0.42851602861862575	emlRunPairwiseAnalysis
c0272	posthoc_alto__mezzo_p	0.2504657417867119	emlRunPairwiseAnalysis
c0272	posthoc_alto__soprano_padj	0.0774086027365098	emlRunPairwiseAnalysis
c0272	posthoc_alto__soprano_t	-2.354319131551285	emlRunPairwiseAnalysis
c0272	posthoc_alto__soprano_cohens_d	-0.8596757972777409	emlRunPairwiseAnalysis
c0272	posthoc_alto__soprano_p	0.0258028675788366	emlRunPairwiseAnalysis
c0272	posthoc_mezzo__soprano_padj	0.32664333475701623	emlRunPairwiseAnalysis
c0272	posthoc_mezzo__soprano_t	-0.998384593805535	emlRunPairwiseAnalysis
c0272	posthoc_mezzo__soprano_cohens_d	-0.36455850872861606	emlRunPairwiseAnalysis
c0272	posthoc_mezzo__soprano_p	0.32664333475701623	emlRunPairwiseAnalysis
c0272	posthoc_alto__mezzo_df	28	emlRunPairwiseAnalysis
c0272	posthoc_alto__mezzo_diff	-0.2107745882645471	emlRunPairwiseAnalysis
c0272	posthoc_alto__soprano_df	28	emlRunPairwiseAnalysis
c0272	posthoc_alto__soprano_diff	-0.43959973362963467	emlRunPairwiseAnalysis
c0272	posthoc_mezzo__soprano_df	28	emlRunPairwiseAnalysis
c0272	posthoc_mezzo__soprano_diff	-0.22882514536508758	emlRunPairwiseAnalysis
c0273	n	45	emlRunPairwiseAnalysis
c0273	k	3	emlRunPairwiseAnalysis
c0273	posthoc_alto__mezzo_padj	0.9736445244869825	emlRunPairwiseAnalysis
c0273	posthoc_alto__mezzo_u	88	emlRunPairwiseAnalysis
c0273	posthoc_alto__mezzo_rank_biserial	-0.21777777777777776	emlRunPairwiseAnalysis
c0273	posthoc_alto__mezzo_p	0.3245481748289942	emlRunPairwiseAnalysis
c0273	posthoc_alto__soprano_padj	0.2675843192954606	emlRunPairwiseAnalysis
c0273	posthoc_alto__soprano_u	71	emlRunPairwiseAnalysis
c0273	posthoc_alto__soprano_rank_biserial	-0.3688888888888889	emlRunPairwiseAnalysis
c0273	posthoc_alto__soprano_p	0.08919477309848688	emlRunPairwiseAnalysis
c0273	posthoc_mezzo__soprano_padj	1	emlRunPairwiseAnalysis
c0273	posthoc_mezzo__soprano_u	94	emlRunPairwiseAnalysis
c0273	posthoc_mezzo__soprano_rank_biserial	-0.16444444444444445	emlRunPairwiseAnalysis
c0273	posthoc_mezzo__soprano_p	0.46095874921156554	emlRunPairwiseAnalysis
c0273	posthoc_alto__mezzo_diff	-0.1451033608490775	emlRunPairwiseAnalysis
c0273	posthoc_alto__mezzo_ci_low	-0.7509407197126441	emlRunPairwiseAnalysis
c0273	posthoc_alto__mezzo_ci_high	0.29858057633956037	emlRunPairwiseAnalysis
c0273	posthoc_alto__soprano_diff	-0.45879306239219364	emlRunPairwiseAnalysis
c0273	posthoc_alto__soprano_ci_low	-0.9696773486342156	emlRunPairwiseAnalysis
c0273	posthoc_alto__soprano_ci_high	0.1782147699979717	emlRunPairwiseAnalysis
c0273	posthoc_mezzo__soprano_diff	-0.22321279533746807	emlRunPairwiseAnalysis
c0273	posthoc_mezzo__soprano_ci_low	-0.8430261417041427	emlRunPairwiseAnalysis
c0273	posthoc_mezzo__soprano_ci_high	0.3567648002708985	emlRunPairwiseAnalysis
c0274	n	45	emlRunPairwiseAnalysis
c0274	k	3	emlRunPairwiseAnalysis
c0274	posthoc_alto__mezzo_padj	0.6490963496579883	emlRunPairwiseAnalysis
c0274	posthoc_alto__mezzo_u	88	emlRunPairwiseAnalysis
c0274	posthoc_alto__mezzo_rank_biserial	-0.21777777777777776	emlRunPairwiseAnalysis
c0274	posthoc_alto__mezzo_p	0.3245481748289942	emlRunPairwiseAnalysis
c0274	posthoc_alto__soprano_padj	0.2675843192954606	emlRunPairwiseAnalysis
c0274	posthoc_alto__soprano_u	71	emlRunPairwiseAnalysis
c0274	posthoc_alto__soprano_rank_biserial	-0.3688888888888889	emlRunPairwiseAnalysis
c0274	posthoc_alto__soprano_p	0.08919477309848688	emlRunPairwiseAnalysis
c0274	posthoc_mezzo__soprano_padj	0.6490963496579883	emlRunPairwiseAnalysis
c0274	posthoc_mezzo__soprano_u	94	emlRunPairwiseAnalysis
c0274	posthoc_mezzo__soprano_rank_biserial	-0.16444444444444445	emlRunPairwiseAnalysis
c0274	posthoc_mezzo__soprano_p	0.46095874921156554	emlRunPairwiseAnalysis
c0274	posthoc_alto__mezzo_diff	-0.1451033608490775	emlRunPairwiseAnalysis
c0274	posthoc_alto__soprano_diff	-0.45879306239219364	emlRunPairwiseAnalysis
c0274	posthoc_mezzo__soprano_diff	-0.22321279533746807	emlRunPairwiseAnalysis
c0275	n	45	emlRunPairwiseAnalysis
c0275	k	3	emlRunPairwiseAnalysis
c0275	posthoc_alto__mezzo_padj	0.4609587492115656	emlRunPairwiseAnalysis
c0275	posthoc_alto__mezzo_u	88	emlRunPairwiseAnalysis
c0275	posthoc_alto__mezzo_rank_biserial	-0.21777777777777776	emlRunPairwiseAnalysis
c0275	posthoc_alto__mezzo_p	0.3245481748289942	emlRunPairwiseAnalysis
c0275	posthoc_alto__soprano_padj	0.2675843192954606	emlRunPairwiseAnalysis
c0275	posthoc_alto__soprano_u	71	emlRunPairwiseAnalysis
c0275	posthoc_alto__soprano_rank_biserial	-0.3688888888888889	emlRunPairwiseAnalysis
c0275	posthoc_alto__soprano_p	0.08919477309848688	emlRunPairwiseAnalysis
c0275	posthoc_mezzo__soprano_padj	0.4609587492115656	emlRunPairwiseAnalysis
c0275	posthoc_mezzo__soprano_u	94	emlRunPairwiseAnalysis
c0275	posthoc_mezzo__soprano_rank_biserial	-0.16444444444444445	emlRunPairwiseAnalysis
c0275	posthoc_mezzo__soprano_p	0.46095874921156554	emlRunPairwiseAnalysis
c0275	posthoc_alto__mezzo_diff	-0.1451033608490775	emlRunPairwiseAnalysis
c0275	posthoc_alto__soprano_diff	-0.45879306239219364	emlRunPairwiseAnalysis
c0275	posthoc_mezzo__soprano_diff	-0.22321279533746807	emlRunPairwiseAnalysis
c0276	n	45	emlRunPairwiseAnalysis
c0276	k	3	emlRunPairwiseAnalysis
c0276	posthoc_alto__mezzo_padj	0.577136874620646	emlRunPairwiseAnalysis
c0276	posthoc_alto__mezzo_diff	-0.2107745882645471	emlRunPairwiseAnalysis
c0276	posthoc_alto__mezzo_f	0.5569328956958164	emlRunPairwiseAnalysis
c0276	posthoc_alto__soprano_padj	0.100987852812504	emlRunPairwiseAnalysis
c0276	posthoc_alto__soprano_diff	-0.43959973362963467	emlRunPairwiseAnalysis
c0276	posthoc_alto__soprano_f	2.4225972091997665	emlRunPairwiseAnalysis
c0276	posthoc_mezzo__soprano_padj	0.5239505112259182	emlRunPairwiseAnalysis
c0276	posthoc_mezzo__soprano_diff	-0.22882514536508758	emlRunPairwiseAnalysis
c0276	posthoc_mezzo__soprano_f	0.6564079997756394	emlRunPairwiseAnalysis
c0276	posthoc_alto__mezzo_ci_low	-0.7175795505440129	emlRunPairwiseAnalysis
c0276	posthoc_alto__mezzo_ci_high	0.2960303740149187	emlRunPairwiseAnalysis
c0276	posthoc_alto__soprano_ci_low	-0.9464046959091005	emlRunPairwiseAnalysis
c0276	posthoc_alto__soprano_ci_high	0.06720522864983114	emlRunPairwiseAnalysis
c0276	posthoc_mezzo__soprano_ci_low	-0.7356301076445534	emlRunPairwiseAnalysis
c0276	posthoc_mezzo__soprano_ci_high	0.27797981691437823	emlRunPairwiseAnalysis
c0277	n	40	emlRunPairwiseAnalysis
c0277	k	2	emlRunPairwiseAnalysis
c0277	posthoc_control__patient_padj	6.039394008344945e-07	emlRunPairwiseAnalysis
c0277	posthoc_control__patient_t	-6.65638586880313	emlRunPairwiseAnalysis
c0277	posthoc_control__patient_cohens_d	-2.1049340330376625	emlRunPairwiseAnalysis
c0277	posthoc_control__patient_p	6.039394008344945e-07	emlRunPairwiseAnalysis
c0277	posthoc_control__patient_df	24.668456862621873	emlRunPairwiseAnalysis
c0277	posthoc_control__patient_diff	-1.3420887365527916	emlRunPairwiseAnalysis
c0277	posthoc_control__patient_ci_low	-1.757624801058741	emlRunPairwiseAnalysis
c0277	posthoc_control__patient_ci_high	-0.9265526720468422	emlRunPairwiseAnalysis
c0278	n	40	emlRunPairwiseAnalysis
c0278	k	2	emlRunPairwiseAnalysis
c0278	posthoc_control__patient_padj	6.039394008344945e-07	emlRunPairwiseAnalysis
c0278	posthoc_control__patient_t	-6.65638586880313	emlRunPairwiseAnalysis
c0278	posthoc_control__patient_cohens_d	-2.1049340330376625	emlRunPairwiseAnalysis
c0278	posthoc_control__patient_p	6.039394008344945e-07	emlRunPairwiseAnalysis
c0278	posthoc_control__patient_df	24.668456862621873	emlRunPairwiseAnalysis
c0278	posthoc_control__patient_diff	-1.3420887365527916	emlRunPairwiseAnalysis
c0279	n	40	emlRunPairwiseAnalysis
c0279	k	2	emlRunPairwiseAnalysis
c0279	posthoc_control__patient_padj	6.039394008344945e-07	emlRunPairwiseAnalysis
c0279	posthoc_control__patient_t	-6.65638586880313	emlRunPairwiseAnalysis
c0279	posthoc_control__patient_cohens_d	-2.1049340330376625	emlRunPairwiseAnalysis
c0279	posthoc_control__patient_p	6.039394008344945e-07	emlRunPairwiseAnalysis
c0279	posthoc_control__patient_df	24.668456862621873	emlRunPairwiseAnalysis
c0279	posthoc_control__patient_diff	-1.3420887365527916	emlRunPairwiseAnalysis
c0280	n	40	emlRunPairwiseAnalysis
c0280	k	2	emlRunPairwiseAnalysis
c0280	posthoc_control__patient_padj	7.200024603263687e-08	emlRunPairwiseAnalysis
c0280	posthoc_control__patient_t	-6.65638586880313	emlRunPairwiseAnalysis
c0280	posthoc_control__patient_cohens_d	-2.1049340330376625	emlRunPairwiseAnalysis
c0280	posthoc_control__patient_p	7.200024603263687e-08	emlRunPairwiseAnalysis
c0280	posthoc_control__patient_df	38	emlRunPairwiseAnalysis
c0280	posthoc_control__patient_diff	-1.3420887365527916	emlRunPairwiseAnalysis
c0280	posthoc_control__patient_ci_low	-1.750255669672308	emlRunPairwiseAnalysis
c0280	posthoc_control__patient_ci_high	-0.9339218034332752	emlRunPairwiseAnalysis
c0281	n	40	emlRunPairwiseAnalysis
c0281	k	2	emlRunPairwiseAnalysis
c0281	posthoc_control__patient_padj	7.200024603263687e-08	emlRunPairwiseAnalysis
c0281	posthoc_control__patient_t	-6.65638586880313	emlRunPairwiseAnalysis
c0281	posthoc_control__patient_cohens_d	-2.1049340330376625	emlRunPairwiseAnalysis
c0281	posthoc_control__patient_p	7.200024603263687e-08	emlRunPairwiseAnalysis
c0281	posthoc_control__patient_df	38	emlRunPairwiseAnalysis
c0281	posthoc_control__patient_diff	-1.3420887365527916	emlRunPairwiseAnalysis
c0282	n	40	emlRunPairwiseAnalysis
c0282	k	2	emlRunPairwiseAnalysis
c0282	posthoc_control__patient_padj	7.200024603263687e-08	emlRunPairwiseAnalysis
c0282	posthoc_control__patient_t	-6.65638586880313	emlRunPairwiseAnalysis
c0282	posthoc_control__patient_cohens_d	-2.1049340330376625	emlRunPairwiseAnalysis
c0282	posthoc_control__patient_p	7.200024603263687e-08	emlRunPairwiseAnalysis
c0282	posthoc_control__patient_df	38	emlRunPairwiseAnalysis
c0282	posthoc_control__patient_diff	-1.3420887365527916	emlRunPairwiseAnalysis
c0283	n	40	emlRunPairwiseAnalysis
c0283	k	2	emlRunPairwiseAnalysis
c0283	posthoc_control__patient_padj	1.0605997934914123e-07	emlRunPairwiseAnalysis
c0283	posthoc_control__patient_u	24	emlRunPairwiseAnalysis
c0283	posthoc_control__patient_rank_biserial	-0.88	emlRunPairwiseAnalysis
c0283	posthoc_control__patient_p	1.0605997934914123e-07	emlRunPairwiseAnalysis
c0283	posthoc_control__patient_diff	-1.4538787204112351	emlRunPairwiseAnalysis
c0283	posthoc_control__patient_ci_low	-1.83000147416009	emlRunPairwiseAnalysis
c0283	posthoc_control__patient_ci_high	-0.8384026182617115	emlRunPairwiseAnalysis
c0284	n	40	emlRunPairwiseAnalysis
c0284	k	2	emlRunPairwiseAnalysis
c0284	posthoc_control__patient_padj	1.0605997934914123e-07	emlRunPairwiseAnalysis
c0284	posthoc_control__patient_u	24	emlRunPairwiseAnalysis
c0284	posthoc_control__patient_rank_biserial	-0.88	emlRunPairwiseAnalysis
c0284	posthoc_control__patient_p	1.0605997934914123e-07	emlRunPairwiseAnalysis
c0284	posthoc_control__patient_diff	-1.4538787204112351	emlRunPairwiseAnalysis
c0285	n	40	emlRunPairwiseAnalysis
c0285	k	2	emlRunPairwiseAnalysis
c0285	posthoc_control__patient_padj	1.0605997934914123e-07	emlRunPairwiseAnalysis
c0285	posthoc_control__patient_u	24	emlRunPairwiseAnalysis
c0285	posthoc_control__patient_rank_biserial	-0.88	emlRunPairwiseAnalysis
c0285	posthoc_control__patient_p	1.0605997934914123e-07	emlRunPairwiseAnalysis
c0285	posthoc_control__patient_diff	-1.4538787204112351	emlRunPairwiseAnalysis
c0286	n	40	emlRunPairwiseAnalysis
c0286	k	2	emlRunPairwiseAnalysis
c0286	posthoc_control__patient_padj	7.200024603263687e-08	emlRunPairwiseAnalysis
c0286	posthoc_control__patient_diff	-1.3420887365527916	emlRunPairwiseAnalysis
c0286	posthoc_control__patient_f	44.307472834402	emlRunPairwiseAnalysis
c0286	posthoc_control__patient_ci_low	-1.750255669672308	emlRunPairwiseAnalysis
c0286	posthoc_control__patient_ci_high	-0.9339218034332752	emlRunPairwiseAnalysis
c0287	n	40	emlRunPairwiseAnalysis
c0287	k	2	emlRunPairwiseAnalysis
c0287	posthoc_control__patient_padj	6.039394008344945e-07	emlRunPairwiseAnalysis
c0287	posthoc_control__patient_t	-6.65638586880313	emlRunPairwiseAnalysis
c0287	posthoc_control__patient_cohens_d	-2.1049340330376625	emlRunPairwiseAnalysis
c0287	posthoc_control__patient_p	6.039394008344945e-07	emlRunPairwiseAnalysis
c0287	posthoc_control__patient_df	24.668456862621873	emlRunPairwiseAnalysis
c0287	posthoc_control__patient_diff	-1.3420887365527916	emlRunPairwiseAnalysis
c0287	posthoc_control__patient_ci_low	-1.757624801058741	emlRunPairwiseAnalysis
c0287	posthoc_control__patient_ci_high	-0.9265526720468422	emlRunPairwiseAnalysis
c0288	n	40	emlRunPairwiseAnalysis
c0288	k	2	emlRunPairwiseAnalysis
c0288	posthoc_control__patient_padj	6.039394008344945e-07	emlRunPairwiseAnalysis
c0288	posthoc_control__patient_t	-6.65638586880313	emlRunPairwiseAnalysis
c0288	posthoc_control__patient_cohens_d	-2.1049340330376625	emlRunPairwiseAnalysis
c0288	posthoc_control__patient_p	6.039394008344945e-07	emlRunPairwiseAnalysis
c0288	posthoc_control__patient_df	24.668456862621873	emlRunPairwiseAnalysis
c0288	posthoc_control__patient_diff	-1.3420887365527916	emlRunPairwiseAnalysis
c0289	n	40	emlRunPairwiseAnalysis
c0289	k	2	emlRunPairwiseAnalysis
c0289	posthoc_control__patient_padj	6.039394008344945e-07	emlRunPairwiseAnalysis
c0289	posthoc_control__patient_t	-6.65638586880313	emlRunPairwiseAnalysis
c0289	posthoc_control__patient_cohens_d	-2.1049340330376625	emlRunPairwiseAnalysis
c0289	posthoc_control__patient_p	6.039394008344945e-07	emlRunPairwiseAnalysis
c0289	posthoc_control__patient_df	24.668456862621873	emlRunPairwiseAnalysis
c0289	posthoc_control__patient_diff	-1.3420887365527916	emlRunPairwiseAnalysis
c0290	n	40	emlRunPairwiseAnalysis
c0290	k	2	emlRunPairwiseAnalysis
c0290	posthoc_control__patient_padj	7.200024603263687e-08	emlRunPairwiseAnalysis
c0290	posthoc_control__patient_t	-6.65638586880313	emlRunPairwiseAnalysis
c0290	posthoc_control__patient_cohens_d	-2.1049340330376625	emlRunPairwiseAnalysis
c0290	posthoc_control__patient_p	7.200024603263687e-08	emlRunPairwiseAnalysis
c0290	posthoc_control__patient_df	38	emlRunPairwiseAnalysis
c0290	posthoc_control__patient_diff	-1.3420887365527916	emlRunPairwiseAnalysis
c0290	posthoc_control__patient_ci_low	-1.750255669672308	emlRunPairwiseAnalysis
c0290	posthoc_control__patient_ci_high	-0.9339218034332752	emlRunPairwiseAnalysis
c0291	n	40	emlRunPairwiseAnalysis
c0291	k	2	emlRunPairwiseAnalysis
c0291	posthoc_control__patient_padj	7.200024603263687e-08	emlRunPairwiseAnalysis
c0291	posthoc_control__patient_t	-6.65638586880313	emlRunPairwiseAnalysis
c0291	posthoc_control__patient_cohens_d	-2.1049340330376625	emlRunPairwiseAnalysis
c0291	posthoc_control__patient_p	7.200024603263687e-08	emlRunPairwiseAnalysis
c0291	posthoc_control__patient_df	38	emlRunPairwiseAnalysis
c0291	posthoc_control__patient_diff	-1.3420887365527916	emlRunPairwiseAnalysis
c0292	n	40	emlRunPairwiseAnalysis
c0292	k	2	emlRunPairwiseAnalysis
c0292	posthoc_control__patient_padj	7.200024603263687e-08	emlRunPairwiseAnalysis
c0292	posthoc_control__patient_t	-6.65638586880313	emlRunPairwiseAnalysis
c0292	posthoc_control__patient_cohens_d	-2.1049340330376625	emlRunPairwiseAnalysis
c0292	posthoc_control__patient_p	7.200024603263687e-08	emlRunPairwiseAnalysis
c0292	posthoc_control__patient_df	38	emlRunPairwiseAnalysis
c0292	posthoc_control__patient_diff	-1.3420887365527916	emlRunPairwiseAnalysis
c0293	n	40	emlRunPairwiseAnalysis
c0293	k	2	emlRunPairwiseAnalysis
c0293	posthoc_control__patient_padj	1.0605997934914123e-07	emlRunPairwiseAnalysis
c0293	posthoc_control__patient_u	24	emlRunPairwiseAnalysis
c0293	posthoc_control__patient_rank_biserial	-0.88	emlRunPairwiseAnalysis
c0293	posthoc_control__patient_p	1.0605997934914123e-07	emlRunPairwiseAnalysis
c0293	posthoc_control__patient_diff	-1.4538787204112351	emlRunPairwiseAnalysis
c0293	posthoc_control__patient_ci_low	-1.83000147416009	emlRunPairwiseAnalysis
c0293	posthoc_control__patient_ci_high	-0.8384026182617115	emlRunPairwiseAnalysis
c0294	n	40	emlRunPairwiseAnalysis
c0294	k	2	emlRunPairwiseAnalysis
c0294	posthoc_control__patient_padj	1.0605997934914123e-07	emlRunPairwiseAnalysis
c0294	posthoc_control__patient_u	24	emlRunPairwiseAnalysis
c0294	posthoc_control__patient_rank_biserial	-0.88	emlRunPairwiseAnalysis
c0294	posthoc_control__patient_p	1.0605997934914123e-07	emlRunPairwiseAnalysis
c0294	posthoc_control__patient_diff	-1.4538787204112351	emlRunPairwiseAnalysis
c0295	n	40	emlRunPairwiseAnalysis
c0295	k	2	emlRunPairwiseAnalysis
c0295	posthoc_control__patient_padj	1.0605997934914123e-07	emlRunPairwiseAnalysis
c0295	posthoc_control__patient_u	24	emlRunPairwiseAnalysis
c0295	posthoc_control__patient_rank_biserial	-0.88	emlRunPairwiseAnalysis
c0295	posthoc_control__patient_p	1.0605997934914123e-07	emlRunPairwiseAnalysis
c0295	posthoc_control__patient_diff	-1.4538787204112351	emlRunPairwiseAnalysis
c0296	n	40	emlRunPairwiseAnalysis
c0296	k	2	emlRunPairwiseAnalysis
c0296	posthoc_control__patient_padj	7.200024603263687e-08	emlRunPairwiseAnalysis
c0296	posthoc_control__patient_diff	-1.3420887365527916	emlRunPairwiseAnalysis
c0296	posthoc_control__patient_f	44.307472834402	emlRunPairwiseAnalysis
c0296	posthoc_control__patient_ci_low	-1.750255669672308	emlRunPairwiseAnalysis
c0296	posthoc_control__patient_ci_high	-0.9339218034332752	emlRunPairwiseAnalysis
c0297	n	48	emlRunPairwiseAnalysis
c0297	k	2	emlRunPairwiseAnalysis
c0297	posthoc_soprano__alto_padj	0.00031662029464293065	emlRunPairwiseAnalysis
c0297	posthoc_soprano__alto_t	3.9024095083039763	emlRunPairwiseAnalysis
c0297	posthoc_soprano__alto_cohens_d	1.1265285900537279	emlRunPairwiseAnalysis
c0297	posthoc_soprano__alto_p	0.00031662029464293065	emlRunPairwiseAnalysis
c0297	posthoc_soprano__alto_df	44.85122186889205	emlRunPairwiseAnalysis
c0297	posthoc_soprano__alto_diff	6.126295663050769	emlRunPairwiseAnalysis
c0297	posthoc_soprano__alto_ci_low	2.964115315122511	emlRunPairwiseAnalysis
c0297	posthoc_soprano__alto_ci_high	9.288476010979027	emlRunPairwiseAnalysis
c0298	n	48	emlRunPairwiseAnalysis
c0298	k	2	emlRunPairwiseAnalysis
c0298	posthoc_soprano__alto_padj	0.00031662029464293065	emlRunPairwiseAnalysis
c0298	posthoc_soprano__alto_t	3.9024095083039763	emlRunPairwiseAnalysis
c0298	posthoc_soprano__alto_cohens_d	1.1265285900537279	emlRunPairwiseAnalysis
c0298	posthoc_soprano__alto_p	0.00031662029464293065	emlRunPairwiseAnalysis
c0298	posthoc_soprano__alto_df	44.85122186889205	emlRunPairwiseAnalysis
c0298	posthoc_soprano__alto_diff	6.126295663050769	emlRunPairwiseAnalysis
c0299	n	48	emlRunPairwiseAnalysis
c0299	k	2	emlRunPairwiseAnalysis
c0299	posthoc_soprano__alto_padj	0.00031662029464293065	emlRunPairwiseAnalysis
c0299	posthoc_soprano__alto_t	3.9024095083039763	emlRunPairwiseAnalysis
c0299	posthoc_soprano__alto_cohens_d	1.1265285900537279	emlRunPairwiseAnalysis
c0299	posthoc_soprano__alto_p	0.00031662029464293065	emlRunPairwiseAnalysis
c0299	posthoc_soprano__alto_df	44.85122186889205	emlRunPairwiseAnalysis
c0299	posthoc_soprano__alto_diff	6.126295663050769	emlRunPairwiseAnalysis
c0300	n	48	emlRunPairwiseAnalysis
c0300	k	2	emlRunPairwiseAnalysis
c0300	posthoc_soprano__alto_padj	0.0003088228165246715	emlRunPairwiseAnalysis
c0300	posthoc_soprano__alto_t	3.9024095083039763	emlRunPairwiseAnalysis
c0300	posthoc_soprano__alto_cohens_d	1.1265285900537279	emlRunPairwiseAnalysis
c0300	posthoc_soprano__alto_p	0.0003088228165246715	emlRunPairwiseAnalysis
c0300	posthoc_soprano__alto_df	46	emlRunPairwiseAnalysis
c0300	posthoc_soprano__alto_diff	6.126295663050769	emlRunPairwiseAnalysis
c0300	posthoc_soprano__alto_ci_low	2.9663009081196	emlRunPairwiseAnalysis
c0300	posthoc_soprano__alto_ci_high	9.286290417981938	emlRunPairwiseAnalysis
c0301	n	48	emlRunPairwiseAnalysis
c0301	k	2	emlRunPairwiseAnalysis
c0301	posthoc_soprano__alto_padj	0.0003088228165246715	emlRunPairwiseAnalysis
c0301	posthoc_soprano__alto_t	3.9024095083039763	emlRunPairwiseAnalysis
c0301	posthoc_soprano__alto_cohens_d	1.1265285900537279	emlRunPairwiseAnalysis
c0301	posthoc_soprano__alto_p	0.0003088228165246715	emlRunPairwiseAnalysis
c0301	posthoc_soprano__alto_df	46	emlRunPairwiseAnalysis
c0301	posthoc_soprano__alto_diff	6.126295663050769	emlRunPairwiseAnalysis
c0302	n	48	emlRunPairwiseAnalysis
c0302	k	2	emlRunPairwiseAnalysis
c0302	posthoc_soprano__alto_padj	0.0003088228165246715	emlRunPairwiseAnalysis
c0302	posthoc_soprano__alto_t	3.9024095083039763	emlRunPairwiseAnalysis
c0302	posthoc_soprano__alto_cohens_d	1.1265285900537279	emlRunPairwiseAnalysis
c0302	posthoc_soprano__alto_p	0.0003088228165246715	emlRunPairwiseAnalysis
c0302	posthoc_soprano__alto_df	46	emlRunPairwiseAnalysis
c0302	posthoc_soprano__alto_diff	6.126295663050769	emlRunPairwiseAnalysis
c0303	n	48	emlRunPairwiseAnalysis
c0303	k	2	emlRunPairwiseAnalysis
c0303	posthoc_soprano__alto_padj	0.0027296853011788804	emlRunPairwiseAnalysis
c0303	posthoc_soprano__alto_u	431	emlRunPairwiseAnalysis
c0303	posthoc_soprano__alto_rank_biserial	0.4965277777777778	emlRunPairwiseAnalysis
c0303	posthoc_soprano__alto_p	0.0027296853011788804	emlRunPairwiseAnalysis
c0303	posthoc_soprano__alto_diff	6.165725480617105	emlRunPairwiseAnalysis
c0303	posthoc_soprano__alto_ci_low	2.807291550781372	emlRunPairwiseAnalysis
c0303	posthoc_soprano__alto_ci_high	8.971383597934178	emlRunPairwiseAnalysis
c0304	n	48	emlRunPairwiseAnalysis
c0304	k	2	emlRunPairwiseAnalysis
c0304	posthoc_soprano__alto_padj	0.0027296853011788804	emlRunPairwiseAnalysis
c0304	posthoc_soprano__alto_u	431	emlRunPairwiseAnalysis
c0304	posthoc_soprano__alto_rank_biserial	0.4965277777777778	emlRunPairwiseAnalysis
c0304	posthoc_soprano__alto_p	0.0027296853011788804	emlRunPairwiseAnalysis
c0304	posthoc_soprano__alto_diff	6.165725480617105	emlRunPairwiseAnalysis
c0305	n	48	emlRunPairwiseAnalysis
c0305	k	2	emlRunPairwiseAnalysis
c0305	posthoc_soprano__alto_padj	0.0027296853011788804	emlRunPairwiseAnalysis
c0305	posthoc_soprano__alto_u	431	emlRunPairwiseAnalysis
c0305	posthoc_soprano__alto_rank_biserial	0.4965277777777778	emlRunPairwiseAnalysis
c0305	posthoc_soprano__alto_p	0.0027296853011788804	emlRunPairwiseAnalysis
c0305	posthoc_soprano__alto_diff	6.165725480617105	emlRunPairwiseAnalysis
c0306	n	48	emlRunPairwiseAnalysis
c0306	k	2	emlRunPairwiseAnalysis
c0306	posthoc_soprano__alto_padj	0.00030882281652467095	emlRunPairwiseAnalysis
c0306	posthoc_soprano__alto_diff	6.126295663050769	emlRunPairwiseAnalysis
c0306	posthoc_soprano__alto_f	15.228799970501292	emlRunPairwiseAnalysis
c0306	posthoc_soprano__alto_ci_low	2.966300908119601	emlRunPairwiseAnalysis
c0306	posthoc_soprano__alto_ci_high	9.286290417981936	emlRunPairwiseAnalysis
c0307	n	48	emlRunPairwiseAnalysis
c0307	k	2	emlRunPairwiseAnalysis
c0307	posthoc_alto__soprano_padj	0.00031662029464293065	emlRunPairwiseAnalysis
c0307	posthoc_alto__soprano_t	-3.9024095083039763	emlRunPairwiseAnalysis
c0307	posthoc_alto__soprano_cohens_d	-1.1265285900537279	emlRunPairwiseAnalysis
c0307	posthoc_alto__soprano_p	0.00031662029464293065	emlRunPairwiseAnalysis
c0307	posthoc_alto__soprano_df	44.85122186889205	emlRunPairwiseAnalysis
c0307	posthoc_alto__soprano_diff	-6.126295663050769	emlRunPairwiseAnalysis
c0307	posthoc_alto__soprano_ci_low	-9.288476010979027	emlRunPairwiseAnalysis
c0307	posthoc_alto__soprano_ci_high	-2.964115315122511	emlRunPairwiseAnalysis
c0308	n	48	emlRunPairwiseAnalysis
c0308	k	2	emlRunPairwiseAnalysis
c0308	posthoc_alto__soprano_padj	0.00031662029464293065	emlRunPairwiseAnalysis
c0308	posthoc_alto__soprano_t	-3.9024095083039763	emlRunPairwiseAnalysis
c0308	posthoc_alto__soprano_cohens_d	-1.1265285900537279	emlRunPairwiseAnalysis
c0308	posthoc_alto__soprano_p	0.00031662029464293065	emlRunPairwiseAnalysis
c0308	posthoc_alto__soprano_df	44.85122186889205	emlRunPairwiseAnalysis
c0308	posthoc_alto__soprano_diff	-6.126295663050769	emlRunPairwiseAnalysis
c0309	n	48	emlRunPairwiseAnalysis
c0309	k	2	emlRunPairwiseAnalysis
c0309	posthoc_alto__soprano_padj	0.00031662029464293065	emlRunPairwiseAnalysis
c0309	posthoc_alto__soprano_t	-3.9024095083039763	emlRunPairwiseAnalysis
c0309	posthoc_alto__soprano_cohens_d	-1.1265285900537279	emlRunPairwiseAnalysis
c0309	posthoc_alto__soprano_p	0.00031662029464293065	emlRunPairwiseAnalysis
c0309	posthoc_alto__soprano_df	44.85122186889205	emlRunPairwiseAnalysis
c0309	posthoc_alto__soprano_diff	-6.126295663050769	emlRunPairwiseAnalysis
c0310	n	48	emlRunPairwiseAnalysis
c0310	k	2	emlRunPairwiseAnalysis
c0310	posthoc_alto__soprano_padj	0.0003088228165246715	emlRunPairwiseAnalysis
c0310	posthoc_alto__soprano_t	-3.9024095083039763	emlRunPairwiseAnalysis
c0310	posthoc_alto__soprano_cohens_d	-1.1265285900537279	emlRunPairwiseAnalysis
c0310	posthoc_alto__soprano_p	0.0003088228165246715	emlRunPairwiseAnalysis
c0310	posthoc_alto__soprano_df	46	emlRunPairwiseAnalysis
c0310	posthoc_alto__soprano_diff	-6.126295663050769	emlRunPairwiseAnalysis
c0310	posthoc_alto__soprano_ci_low	-9.286290417981938	emlRunPairwiseAnalysis
c0310	posthoc_alto__soprano_ci_high	-2.9663009081196	emlRunPairwiseAnalysis
c0311	n	48	emlRunPairwiseAnalysis
c0311	k	2	emlRunPairwiseAnalysis
c0311	posthoc_alto__soprano_padj	0.0003088228165246715	emlRunPairwiseAnalysis
c0311	posthoc_alto__soprano_t	-3.9024095083039763	emlRunPairwiseAnalysis
c0311	posthoc_alto__soprano_cohens_d	-1.1265285900537279	emlRunPairwiseAnalysis
c0311	posthoc_alto__soprano_p	0.0003088228165246715	emlRunPairwiseAnalysis
c0311	posthoc_alto__soprano_df	46	emlRunPairwiseAnalysis
c0311	posthoc_alto__soprano_diff	-6.126295663050769	emlRunPairwiseAnalysis
c0312	n	48	emlRunPairwiseAnalysis
c0312	k	2	emlRunPairwiseAnalysis
c0312	posthoc_alto__soprano_padj	0.0003088228165246715	emlRunPairwiseAnalysis
c0312	posthoc_alto__soprano_t	-3.9024095083039763	emlRunPairwiseAnalysis
c0312	posthoc_alto__soprano_cohens_d	-1.1265285900537279	emlRunPairwiseAnalysis
c0312	posthoc_alto__soprano_p	0.0003088228165246715	emlRunPairwiseAnalysis
c0312	posthoc_alto__soprano_df	46	emlRunPairwiseAnalysis
c0312	posthoc_alto__soprano_diff	-6.126295663050769	emlRunPairwiseAnalysis
c0313	n	48	emlRunPairwiseAnalysis
c0313	k	2	emlRunPairwiseAnalysis
c0313	posthoc_alto__soprano_padj	0.0027296853011788804	emlRunPairwiseAnalysis
c0313	posthoc_alto__soprano_u	145	emlRunPairwiseAnalysis
c0313	posthoc_alto__soprano_rank_biserial	-0.4965277777777778	emlRunPairwiseAnalysis
c0313	posthoc_alto__soprano_p	0.0027296853011788804	emlRunPairwiseAnalysis
c0313	posthoc_alto__soprano_diff	-6.165725480617105	emlRunPairwiseAnalysis
c0313	posthoc_alto__soprano_ci_low	-8.971383597934178	emlRunPairwiseAnalysis
c0313	posthoc_alto__soprano_ci_high	-2.807291550781372	emlRunPairwiseAnalysis
c0314	n	48	emlRunPairwiseAnalysis
c0314	k	2	emlRunPairwiseAnalysis
c0314	posthoc_alto__soprano_padj	0.0027296853011788804	emlRunPairwiseAnalysis
c0314	posthoc_alto__soprano_u	145	emlRunPairwiseAnalysis
c0314	posthoc_alto__soprano_rank_biserial	-0.4965277777777778	emlRunPairwiseAnalysis
c0314	posthoc_alto__soprano_p	0.0027296853011788804	emlRunPairwiseAnalysis
c0314	posthoc_alto__soprano_diff	-6.165725480617105	emlRunPairwiseAnalysis
c0315	n	48	emlRunPairwiseAnalysis
c0315	k	2	emlRunPairwiseAnalysis
c0315	posthoc_alto__soprano_padj	0.0027296853011788804	emlRunPairwiseAnalysis
c0315	posthoc_alto__soprano_u	145	emlRunPairwiseAnalysis
c0315	posthoc_alto__soprano_rank_biserial	-0.4965277777777778	emlRunPairwiseAnalysis
c0315	posthoc_alto__soprano_p	0.0027296853011788804	emlRunPairwiseAnalysis
c0315	posthoc_alto__soprano_diff	-6.165725480617105	emlRunPairwiseAnalysis
c0316	n	48	emlRunPairwiseAnalysis
c0316	k	2	emlRunPairwiseAnalysis
c0316	posthoc_alto__soprano_padj	0.00030882281652467176	emlRunPairwiseAnalysis
c0316	posthoc_alto__soprano_diff	-6.126295663050769	emlRunPairwiseAnalysis
c0316	posthoc_alto__soprano_f	15.228799970501285	emlRunPairwiseAnalysis
c0316	posthoc_alto__soprano_ci_low	-9.286290417981938	emlRunPairwiseAnalysis
c0316	posthoc_alto__soprano_ci_high	-2.9663009081196003	emlRunPairwiseAnalysis
c0317	n	50	emlRunPairwiseAnalysis
c0317	k	5	emlRunPairwiseAnalysis
c0317	posthoc_welch__paired_padj	0.45071962588523373	emlRunPairwiseAnalysis
c0317	posthoc_welch__paired_t	-2.162808559208922	emlRunPairwiseAnalysis
c0317	posthoc_welch__paired_cohens_d	-0.9467621366623015	emlRunPairwiseAnalysis
c0317	posthoc_welch__paired_p	0.045071962588523376	emlRunPairwiseAnalysis
c0317	posthoc_welch__corr_padj	0.0011611549023031874	emlRunPairwiseAnalysis
c0317	posthoc_welch__corr_t	4.750506939523274	emlRunPairwiseAnalysis
c0317	posthoc_welch__corr_cohens_d	1.9411425885796207	emlRunPairwiseAnalysis
c0317	posthoc_welch__corr_p	0.00011611549023031874	emlRunPairwiseAnalysis
c0317	posthoc_welch__perfect_padj	2.036074516027539e-05	emlRunPairwiseAnalysis
c0317	posthoc_welch__perfect_t	8.140806303599616	emlRunPairwiseAnalysis
c0317	posthoc_welch__perfect_cohens_d	3.640679257301507	emlRunPairwiseAnalysis
c0317	posthoc_welch__perfect_p	2.036074516027539e-06	emlRunPairwiseAnalysis
c0317	posthoc_welch__mwu_padj	4.1124187385178624e-05	emlRunPairwiseAnalysis
c0317	posthoc_welch__mwu_t	7.981596478959655	emlRunPairwiseAnalysis
c0317	posthoc_welch__mwu_cohens_d	3.3763886032268258	emlRunPairwiseAnalysis
c0317	posthoc_welch__mwu_p	4.112418738517862e-06	emlRunPairwiseAnalysis
c0317	posthoc_paired__corr_padj	5.420980976995137e-07	emlRunPairwiseAnalysis
c0317	posthoc_paired__corr_t	7.823711198795349	emlRunPairwiseAnalysis
c0317	posthoc_paired__corr_cohens_d	3.0043639277189063	emlRunPairwiseAnalysis
c0317	posthoc_paired__corr_p	5.4209809769951376e-08	emlRunPairwiseAnalysis
c0317	posthoc_paired__perfect_padj	5.514634595004291e-10	emlRunPairwiseAnalysis
c0317	posthoc_paired__perfect_t	13.5400640077266	emlRunPairwiseAnalysis
c0317	posthoc_paired__perfect_cohens_d	5.540916385036406	emlRunPairwiseAnalysis
c0317	posthoc_paired__perfect_p	5.514634595004291e-11	emlRunPairwiseAnalysis
c0317	posthoc_paired__mwu_padj	1.0112453495982535e-06	emlRunPairwiseAnalysis
c0317	posthoc_paired__mwu_t	12.569912307482092	emlRunPairwiseAnalysis
c0317	posthoc_paired__mwu_cohens_d	5.303958509195748	emlRunPairwiseAnalysis
c0317	posthoc_paired__mwu_p	1.0112453495982535e-07	emlRunPairwiseAnalysis
c0317	posthoc_corr__perfect_padj	0.21537861644072093	emlRunPairwiseAnalysis
c0317	posthoc_corr__perfect_t	2.5053113578905046	emlRunPairwiseAnalysis
c0317	posthoc_corr__perfect_cohens_d	0.9215557470842439	emlRunPairwiseAnalysis
c0317	posthoc_corr__perfect_p	0.021537861644072093	emlRunPairwiseAnalysis
c0317	posthoc_corr__mwu_padj	0.15639701607947823	emlRunPairwiseAnalysis
c0317	posthoc_corr__mwu_t	2.749454917621261	emlRunPairwiseAnalysis
c0317	posthoc_corr__mwu_cohens_d	0.9827358526596335	emlRunPairwiseAnalysis
c0317	posthoc_corr__mwu_p	0.015639701607947823	emlRunPairwiseAnalysis
c0317	posthoc_perfect__mwu_padj	1	emlRunPairwiseAnalysis
c0317	posthoc_perfect__mwu_t	0.6255432421712243	emlRunPairwiseAnalysis
c0317	posthoc_perfect__mwu_cohens_d	0.3464101615137754	emlRunPairwiseAnalysis
c0317	posthoc_perfect__mwu_p	0.5531166300326702	emlRunPairwiseAnalysis
c0317	posthoc_welch__paired_df	17.028808201623235	emlRunPairwiseAnalysis
c0317	posthoc_welch__paired_diff	-2.666666666666666	emlRunPairwiseAnalysis
c0317	posthoc_welch__paired_ci_low	-6.6388556837348816	emlRunPairwiseAnalysis
c0317	posthoc_welch__paired_ci_high	1.3055223504015498	emlRunPairwiseAnalysis
c0317	posthoc_welch__corr_df	20.415307172417684	emlRunPairwiseAnalysis
c0317	posthoc_welch__corr_diff	6.428571428571429	emlRunPairwiseAnalysis
c0317	posthoc_welch__corr_ci_low	2.1718153114194916	emlRunPairwiseAnalysis
c0317	posthoc_welch__corr_ci_high	10.685327545723366	emlRunPairwiseAnalysis
c0317	posthoc_welch__perfect_df	12.811764705882355	emlRunPairwiseAnalysis
c0317	posthoc_welch__perfect_diff	9	emlRunPairwiseAnalysis
c0317	posthoc_welch__perfect_ci_low	5.26080875411434	emlRunPairwiseAnalysis
c0317	posthoc_welch__perfect_ci_high	12.73919124588566	emlRunPairwiseAnalysis
c0317	posthoc_welch__mwu_df	11.876712328767125	emlRunPairwiseAnalysis
c0317	posthoc_welch__mwu_diff	9.5	emlRunPairwiseAnalysis
c0317	posthoc_welch__mwu_ci_low	5.410203151337252	emlRunPairwiseAnalysis
c0317	posthoc_welch__mwu_ci_high	13.589796848662747	emlRunPairwiseAnalysis
c0317	posthoc_paired__corr_df	23.490046769286725	emlRunPairwiseAnalysis
c0317	posthoc_paired__corr_diff	9.095238095238095	emlRunPairwiseAnalysis
c0317	posthoc_paired__corr_ci_low	5.494635763806974	emlRunPairwiseAnalysis
c0317	posthoc_paired__corr_ci_high	12.695840426669216	emlRunPairwiseAnalysis
c0317	posthoc_paired__perfect_df	18.31945502967194	emlRunPairwiseAnalysis
c0317	posthoc_paired__perfect_diff	11.666666666666666	emlRunPairwiseAnalysis
c0317	posthoc_paired__perfect_ci_low	8.91891927049903	emlRunPairwiseAnalysis
c0317	posthoc_paired__perfect_ci_high	14.414414062834302	emlRunPairwiseAnalysis
c0317	posthoc_paired__mwu_df	10.642769276189538	emlRunPairwiseAnalysis
c0317	posthoc_paired__mwu_diff	12.166666666666666	emlRunPairwiseAnalysis
c0317	posthoc_paired__mwu_ci_low	8.755034360744904	emlRunPairwiseAnalysis
c0317	posthoc_paired__mwu_ci_high	15.578298972588428	emlRunPairwiseAnalysis
c0317	posthoc_corr__perfect_df	18.925999014422576	emlRunPairwiseAnalysis
c0317	posthoc_corr__perfect_diff	2.571428571428571	emlRunPairwiseAnalysis
c0317	posthoc_corr__perfect_ci_low	-0.6876942565928656	emlRunPairwiseAnalysis
c0317	posthoc_corr__perfect_ci_high	5.830551399450008	emlRunPairwiseAnalysis
c0317	posthoc_corr__mwu_df	14.026898610778254	emlRunPairwiseAnalysis
c0317	posthoc_corr__mwu_diff	3.071428571428571	emlRunPairwiseAnalysis
c0317	posthoc_corr__mwu_ci_low	-0.6424343943854076	emlRunPairwiseAnalysis
c0317	posthoc_corr__mwu_ci_high	6.78529153724255	emlRunPairwiseAnalysis
c0317	posthoc_perfect__mwu_df	6.442489851150203	emlRunPairwiseAnalysis
c0317	posthoc_perfect__mwu_diff	0.5	emlRunPairwiseAnalysis
c0317	posthoc_perfect__mwu_ci_low	-2.83699073995395	emlRunPairwiseAnalysis
c0317	posthoc_perfect__mwu_ci_high	3.83699073995395	emlRunPairwiseAnalysis
c0318	n	50	emlRunPairwiseAnalysis
c0318	k	5	emlRunPairwiseAnalysis
c0318	posthoc_welch__paired_padj	0.09014392517704675	emlRunPairwiseAnalysis
c0318	posthoc_welch__paired_t	-2.162808559208922	emlRunPairwiseAnalysis
c0318	posthoc_welch__paired_cohens_d	-0.9467621366623015	emlRunPairwiseAnalysis
c0318	posthoc_welch__paired_p	0.045071962588523376	emlRunPairwiseAnalysis
c0318	posthoc_welch__corr_padj	0.0005805774511515937	emlRunPairwiseAnalysis
c0318	posthoc_welch__corr_t	4.750506939523274	emlRunPairwiseAnalysis
c0318	posthoc_welch__corr_cohens_d	1.9411425885796207	emlRunPairwiseAnalysis
c0318	posthoc_welch__corr_p	0.00011611549023031874	emlRunPairwiseAnalysis
c0318	posthoc_welch__perfect_padj	1.4252521612192772e-05	emlRunPairwiseAnalysis
c0318	posthoc_welch__perfect_t	8.140806303599616	emlRunPairwiseAnalysis
c0318	posthoc_welch__perfect_cohens_d	3.640679257301507	emlRunPairwiseAnalysis
c0318	posthoc_welch__perfect_p	2.036074516027539e-06	emlRunPairwiseAnalysis
c0318	posthoc_welch__mwu_padj	2.467451243110717e-05	emlRunPairwiseAnalysis
c0318	posthoc_welch__mwu_t	7.981596478959655	emlRunPairwiseAnalysis
c0318	posthoc_welch__mwu_cohens_d	3.3763886032268258	emlRunPairwiseAnalysis
c0318	posthoc_welch__mwu_p	4.112418738517862e-06	emlRunPairwiseAnalysis
c0318	posthoc_paired__corr_padj	4.878882879295624e-07	emlRunPairwiseAnalysis
c0318	posthoc_paired__corr_t	7.823711198795349	emlRunPairwiseAnalysis
c0318	posthoc_paired__corr_cohens_d	3.0043639277189063	emlRunPairwiseAnalysis
c0318	posthoc_paired__corr_p	5.4209809769951376e-08	emlRunPairwiseAnalysis
c0318	posthoc_paired__perfect_padj	5.514634595004291e-10	emlRunPairwiseAnalysis
c0318	posthoc_paired__perfect_t	13.5400640077266	emlRunPairwiseAnalysis
c0318	posthoc_paired__perfect_cohens_d	5.540916385036406	emlRunPairwiseAnalysis
c0318	posthoc_paired__perfect_p	5.514634595004291e-11	emlRunPairwiseAnalysis
c0318	posthoc_paired__mwu_padj	8.089962796786028e-07	emlRunPairwiseAnalysis
c0318	posthoc_paired__mwu_t	12.569912307482092	emlRunPairwiseAnalysis
c0318	posthoc_paired__mwu_cohens_d	5.303958509195748	emlRunPairwiseAnalysis
c0318	posthoc_paired__mwu_p	1.0112453495982535e-07	emlRunPairwiseAnalysis
c0318	posthoc_corr__perfect_padj	0.06461358493221628	emlRunPairwiseAnalysis
c0318	posthoc_corr__perfect_t	2.5053113578905046	emlRunPairwiseAnalysis
c0318	posthoc_corr__perfect_cohens_d	0.9215557470842439	emlRunPairwiseAnalysis
c0318	posthoc_corr__perfect_p	0.021537861644072093	emlRunPairwiseAnalysis
c0318	posthoc_corr__mwu_padj	0.06255880643179129	emlRunPairwiseAnalysis
c0318	posthoc_corr__mwu_t	2.749454917621261	emlRunPairwiseAnalysis
c0318	posthoc_corr__mwu_cohens_d	0.9827358526596335	emlRunPairwiseAnalysis
c0318	posthoc_corr__mwu_p	0.015639701607947823	emlRunPairwiseAnalysis
c0318	posthoc_perfect__mwu_padj	0.5531166300326702	emlRunPairwiseAnalysis
c0318	posthoc_perfect__mwu_t	0.6255432421712243	emlRunPairwiseAnalysis
c0318	posthoc_perfect__mwu_cohens_d	0.3464101615137754	emlRunPairwiseAnalysis
c0318	posthoc_perfect__mwu_p	0.5531166300326702	emlRunPairwiseAnalysis
c0318	posthoc_welch__paired_df	17.028808201623235	emlRunPairwiseAnalysis
c0318	posthoc_welch__paired_diff	-2.666666666666666	emlRunPairwiseAnalysis
c0318	posthoc_welch__corr_df	20.415307172417684	emlRunPairwiseAnalysis
c0318	posthoc_welch__corr_diff	6.428571428571429	emlRunPairwiseAnalysis
c0318	posthoc_welch__perfect_df	12.811764705882355	emlRunPairwiseAnalysis
c0318	posthoc_welch__perfect_diff	9	emlRunPairwiseAnalysis
c0318	posthoc_welch__mwu_df	11.876712328767125	emlRunPairwiseAnalysis
c0318	posthoc_welch__mwu_diff	9.5	emlRunPairwiseAnalysis
c0318	posthoc_paired__corr_df	23.490046769286725	emlRunPairwiseAnalysis
c0318	posthoc_paired__corr_diff	9.095238095238095	emlRunPairwiseAnalysis
c0318	posthoc_paired__perfect_df	18.31945502967194	emlRunPairwiseAnalysis
c0318	posthoc_paired__perfect_diff	11.666666666666666	emlRunPairwiseAnalysis
c0318	posthoc_paired__mwu_df	10.642769276189538	emlRunPairwiseAnalysis
c0318	posthoc_paired__mwu_diff	12.166666666666666	emlRunPairwiseAnalysis
c0318	posthoc_corr__perfect_df	18.925999014422576	emlRunPairwiseAnalysis
c0318	posthoc_corr__perfect_diff	2.571428571428571	emlRunPairwiseAnalysis
c0318	posthoc_corr__mwu_df	14.026898610778254	emlRunPairwiseAnalysis
c0318	posthoc_corr__mwu_diff	3.071428571428571	emlRunPairwiseAnalysis
c0318	posthoc_perfect__mwu_df	6.442489851150203	emlRunPairwiseAnalysis
c0318	posthoc_perfect__mwu_diff	0.5	emlRunPairwiseAnalysis
c0319	n	50	emlRunPairwiseAnalysis
c0319	k	5	emlRunPairwiseAnalysis
c0319	posthoc_welch__paired_padj	0.050079958431692634	emlRunPairwiseAnalysis
c0319	posthoc_welch__paired_t	-2.162808559208922	emlRunPairwiseAnalysis
c0319	posthoc_welch__paired_cohens_d	-0.9467621366623015	emlRunPairwiseAnalysis
c0319	posthoc_welch__paired_p	0.045071962588523376	emlRunPairwiseAnalysis
c0319	posthoc_welch__corr_padj	0.00019352581705053124	emlRunPairwiseAnalysis
c0319	posthoc_welch__corr_t	4.750506939523274	emlRunPairwiseAnalysis
c0319	posthoc_welch__corr_cohens_d	1.9411425885796207	emlRunPairwiseAnalysis
c0319	posthoc_welch__corr_p	0.00011611549023031874	emlRunPairwiseAnalysis
c0319	posthoc_welch__perfect_padj	5.090186290068848e-06	emlRunPairwiseAnalysis
c0319	posthoc_welch__perfect_t	8.140806303599616	emlRunPairwiseAnalysis
c0319	posthoc_welch__perfect_cohens_d	3.640679257301507	emlRunPairwiseAnalysis
c0319	posthoc_welch__perfect_p	2.036074516027539e-06	emlRunPairwiseAnalysis
c0319	posthoc_welch__mwu_padj	8.224837477035724e-06	emlRunPairwiseAnalysis
c0319	posthoc_welch__mwu_t	7.981596478959655	emlRunPairwiseAnalysis
c0319	posthoc_welch__mwu_cohens_d	3.3763886032268258	emlRunPairwiseAnalysis
c0319	posthoc_welch__mwu_p	4.112418738517862e-06	emlRunPairwiseAnalysis
c0319	posthoc_paired__corr_padj	2.7104904884975687e-07	emlRunPairwiseAnalysis
c0319	posthoc_paired__corr_t	7.823711198795349	emlRunPairwiseAnalysis
c0319	posthoc_paired__corr_cohens_d	3.0043639277189063	emlRunPairwiseAnalysis
c0319	posthoc_paired__corr_p	5.4209809769951376e-08	emlRunPairwiseAnalysis
c0319	posthoc_paired__perfect_padj	5.514634595004291e-10	emlRunPairwiseAnalysis
c0319	posthoc_paired__perfect_t	13.5400640077266	emlRunPairwiseAnalysis
c0319	posthoc_paired__perfect_cohens_d	5.540916385036406	emlRunPairwiseAnalysis
c0319	posthoc_paired__perfect_p	5.514634595004291e-11	emlRunPairwiseAnalysis
c0319	posthoc_paired__mwu_padj	3.370817831994178e-07	emlRunPairwiseAnalysis
c0319	posthoc_paired__mwu_t	12.569912307482092	emlRunPairwiseAnalysis
c0319	posthoc_paired__mwu_cohens_d	5.303958509195748	emlRunPairwiseAnalysis
c0319	posthoc_paired__mwu_p	1.0112453495982535e-07	emlRunPairwiseAnalysis
c0319	posthoc_corr__perfect_padj	0.026922327055090116	emlRunPairwiseAnalysis
c0319	posthoc_corr__perfect_t	2.5053113578905046	emlRunPairwiseAnalysis
c0319	posthoc_corr__perfect_cohens_d	0.9215557470842439	emlRunPairwiseAnalysis
c0319	posthoc_corr__perfect_p	0.021537861644072093	emlRunPairwiseAnalysis
c0319	posthoc_corr__mwu_padj	0.02234243086849689	emlRunPairwiseAnalysis
c0319	posthoc_corr__mwu_t	2.749454917621261	emlRunPairwiseAnalysis
c0319	posthoc_corr__mwu_cohens_d	0.9827358526596335	emlRunPairwiseAnalysis
c0319	posthoc_corr__mwu_p	0.015639701607947823	emlRunPairwiseAnalysis
c0319	posthoc_perfect__mwu_padj	0.5531166300326702	emlRunPairwiseAnalysis
c0319	posthoc_perfect__mwu_t	0.6255432421712243	emlRunPairwiseAnalysis
c0319	posthoc_perfect__mwu_cohens_d	0.3464101615137754	emlRunPairwiseAnalysis
c0319	posthoc_perfect__mwu_p	0.5531166300326702	emlRunPairwiseAnalysis
c0319	posthoc_welch__paired_df	17.028808201623235	emlRunPairwiseAnalysis
c0319	posthoc_welch__paired_diff	-2.666666666666666	emlRunPairwiseAnalysis
c0319	posthoc_welch__corr_df	20.415307172417684	emlRunPairwiseAnalysis
c0319	posthoc_welch__corr_diff	6.428571428571429	emlRunPairwiseAnalysis
c0319	posthoc_welch__perfect_df	12.811764705882355	emlRunPairwiseAnalysis
c0319	posthoc_welch__perfect_diff	9	emlRunPairwiseAnalysis
c0319	posthoc_welch__mwu_df	11.876712328767125	emlRunPairwiseAnalysis
c0319	posthoc_welch__mwu_diff	9.5	emlRunPairwiseAnalysis
c0319	posthoc_paired__corr_df	23.490046769286725	emlRunPairwiseAnalysis
c0319	posthoc_paired__corr_diff	9.095238095238095	emlRunPairwiseAnalysis
c0319	posthoc_paired__perfect_df	18.31945502967194	emlRunPairwiseAnalysis
c0319	posthoc_paired__perfect_diff	11.666666666666666	emlRunPairwiseAnalysis
c0319	posthoc_paired__mwu_df	10.642769276189538	emlRunPairwiseAnalysis
c0319	posthoc_paired__mwu_diff	12.166666666666666	emlRunPairwiseAnalysis
c0319	posthoc_corr__perfect_df	18.925999014422576	emlRunPairwiseAnalysis
c0319	posthoc_corr__perfect_diff	2.571428571428571	emlRunPairwiseAnalysis
c0319	posthoc_corr__mwu_df	14.026898610778254	emlRunPairwiseAnalysis
c0319	posthoc_corr__mwu_diff	3.071428571428571	emlRunPairwiseAnalysis
c0319	posthoc_perfect__mwu_df	6.442489851150203	emlRunPairwiseAnalysis
c0319	posthoc_perfect__mwu_diff	0.5	emlRunPairwiseAnalysis
c0320	n	50	emlRunPairwiseAnalysis
c0320	k	5	emlRunPairwiseAnalysis
c0320	posthoc_welch__paired_padj	0.38834469344275596	emlRunPairwiseAnalysis
c0320	posthoc_welch__paired_t	-2.2111599712911274	emlRunPairwiseAnalysis
c0320	posthoc_welch__paired_cohens_d	-0.9467621366623015	emlRunPairwiseAnalysis
c0320	posthoc_welch__paired_p	0.0388344693442756	emlRunPairwiseAnalysis
c0320	posthoc_welch__corr_padj	0.0011235385191574934	emlRunPairwiseAnalysis
c0320	posthoc_welch__corr_t	4.688304761530115	emlRunPairwiseAnalysis
c0320	posthoc_welch__corr_cohens_d	1.9411425885796207	emlRunPairwiseAnalysis
c0320	posthoc_welch__corr_p	0.00011235385191574934	emlRunPairwiseAnalysis
c0320	posthoc_welch__perfect_padj	1.9098167972416887e-06	emlRunPairwiseAnalysis
c0320	posthoc_welch__perfect_t	8.140806303599616	emlRunPairwiseAnalysis
c0320	posthoc_welch__perfect_cohens_d	3.640679257301507	emlRunPairwiseAnalysis
c0320	posthoc_welch__perfect_p	1.909816797241689e-07	emlRunPairwiseAnalysis
c0320	posthoc_welch__mwu_padj	0.000980222612673942	emlRunPairwiseAnalysis
c0320	posthoc_welch__mwu_t	5.707138387268051	emlRunPairwiseAnalysis
c0320	posthoc_welch__mwu_cohens_d	3.3763886032268258	emlRunPairwiseAnalysis
c0320	posthoc_welch__mwu_p	9.80222612673942e-05	emlRunPairwiseAnalysis
c0320	posthoc_paired__corr_padj	7.108583180103026e-07	emlRunPairwiseAnalysis
c0320	posthoc_paired__corr_t	7.636959822292356	emlRunPairwiseAnalysis
c0320	posthoc_paired__corr_cohens_d	3.0043639277189063	emlRunPairwiseAnalysis
c0320	posthoc_paired__corr_p	7.108583180103026e-08	emlRunPairwiseAnalysis
c0320	posthoc_paired__perfect_padj	3.542304644700683e-10	emlRunPairwiseAnalysis
c0320	posthoc_paired__perfect_t	12.940792666314373	emlRunPairwiseAnalysis
c0320	posthoc_paired__perfect_cohens_d	5.540916385036406	emlRunPairwiseAnalysis
c0320	posthoc_paired__perfect_p	3.542304644700683e-11	emlRunPairwiseAnalysis
c0320	posthoc_paired__mwu_padj	2.643054826818037e-06	emlRunPairwiseAnalysis
c0320	posthoc_paired__mwu_t	9.186725619164315	emlRunPairwiseAnalysis
c0320	posthoc_paired__mwu_cohens_d	5.303958509195748	emlRunPairwiseAnalysis
c0320	posthoc_paired__mwu_p	2.643054826818037e-07	emlRunPairwiseAnalysis
c0320	posthoc_corr__perfect_padj	0.3659094055381835	emlRunPairwiseAnalysis
c0320	posthoc_corr__perfect_t	2.2257685872689748	emlRunPairwiseAnalysis
c0320	posthoc_corr__perfect_cohens_d	0.9215557470842439	emlRunPairwiseAnalysis
c0320	posthoc_corr__perfect_p	0.036590940553818355	emlRunPairwiseAnalysis
c0320	posthoc_corr__mwu_padj	1	emlRunPairwiseAnalysis
c0320	posthoc_corr__mwu_t	1.7333831137362692	emlRunPairwiseAnalysis
c0320	posthoc_corr__mwu_cohens_d	0.9827358526596335	emlRunPairwiseAnalysis
c0320	posthoc_corr__mwu_p	0.10225214583785747	emlRunPairwiseAnalysis
c0320	posthoc_perfect__mwu_padj	1	emlRunPairwiseAnalysis
c0320	posthoc_perfect__mwu_t	0.5855400437691199	emlRunPairwiseAnalysis
c0320	posthoc_perfect__mwu_cohens_d	0.3464101615137754	emlRunPairwiseAnalysis
c0320	posthoc_perfect__mwu_p	0.5690331249007394	emlRunPairwiseAnalysis
c0320	posthoc_welch__paired_df	20	emlRunPairwiseAnalysis
c0320	posthoc_welch__paired_diff	-2.666666666666666	emlRunPairwiseAnalysis
c0320	posthoc_welch__paired_ci_low	-6.4696787494335055	emlRunPairwiseAnalysis
c0320	posthoc_welch__paired_ci_high	1.1363454161001738	emlRunPairwiseAnalysis
c0320	posthoc_welch__corr_df	22	emlRunPairwiseAnalysis
c0320	posthoc_welch__corr_diff	6.428571428571429	emlRunPairwiseAnalysis
c0320	posthoc_welch__corr_ci_low	2.1520610038484618	emlRunPairwiseAnalysis
c0320	posthoc_welch__corr_ci_high	10.705081853294395	emlRunPairwiseAnalysis
c0320	posthoc_welch__perfect_df	18	emlRunPairwiseAnalysis
c0320	posthoc_welch__perfect_diff	9	emlRunPairwiseAnalysis
c0320	posthoc_welch__perfect_ci_low	5.466054230085767	emlRunPairwiseAnalysis
c0320	posthoc_welch__perfect_ci_high	12.533945769914233	emlRunPairwiseAnalysis
c0320	posthoc_welch__mwu_df	12	emlRunPairwiseAnalysis
c0320	posthoc_welch__mwu_diff	9.5	emlRunPairwiseAnalysis
c0320	posthoc_welch__mwu_ci_low	3.793073324726679	emlRunPairwiseAnalysis
c0320	posthoc_welch__mwu_ci_high	15.206926675273321	emlRunPairwiseAnalysis
c0320	posthoc_paired__corr_df	24	emlRunPairwiseAnalysis
c0320	posthoc_paired__corr_diff	9.095238095238095	emlRunPairwiseAnalysis
c0320	posthoc_paired__corr_ci_low	5.4145906627231355	emlRunPairwiseAnalysis
c0320	posthoc_paired__corr_ci_high	12.775885527753054	emlRunPairwiseAnalysis
c0320	posthoc_paired__perfect_df	20	emlRunPairwiseAnalysis
c0320	posthoc_paired__perfect_diff	11.666666666666666	emlRunPairwiseAnalysis
c0320	posthoc_paired__perfect_ci_low	8.823743993183593	emlRunPairwiseAnalysis
c0320	posthoc_paired__perfect_ci_high	14.50958934014974	emlRunPairwiseAnalysis
c0320	posthoc_paired__mwu_df	14	emlRunPairwiseAnalysis
c0320	posthoc_paired__mwu_diff	12.166666666666666	emlRunPairwiseAnalysis
c0320	posthoc_paired__mwu_ci_low	7.762199381178786	emlRunPairwiseAnalysis
c0320	posthoc_paired__mwu_ci_high	16.571133952154547	emlRunPairwiseAnalysis
c0320	posthoc_corr__perfect_df	22	emlRunPairwiseAnalysis
c0320	posthoc_corr__perfect_diff	2.571428571428571	emlRunPairwiseAnalysis
c0320	posthoc_corr__perfect_ci_low	-1.0317464040189464	emlRunPairwiseAnalysis
c0320	posthoc_corr__perfect_ci_high	6.174603546876089	emlRunPairwiseAnalysis
c0320	posthoc_corr__mwu_df	16	emlRunPairwiseAnalysis
c0320	posthoc_corr__mwu_diff	3.071428571428571	emlRunPairwiseAnalysis
c0320	posthoc_corr__mwu_ci_low	-2.6908658396045517	emlRunPairwiseAnalysis
c0320	posthoc_corr__mwu_ci_high	8.833722982461694	emlRunPairwiseAnalysis
c0320	posthoc_perfect__mwu_df	12	emlRunPairwiseAnalysis
c0320	posthoc_perfect__mwu_diff	0.5	emlRunPairwiseAnalysis
c0320	posthoc_perfect__mwu_ci_low	-2.4275916128838646	emlRunPairwiseAnalysis
c0320	posthoc_perfect__mwu_ci_high	3.4275916128838646	emlRunPairwiseAnalysis
c0321	n	50	emlRunPairwiseAnalysis
c0321	k	5	emlRunPairwiseAnalysis
c0321	posthoc_welch__paired_padj	0.14636376221527342	emlRunPairwiseAnalysis
c0321	posthoc_welch__paired_t	-2.2111599712911274	emlRunPairwiseAnalysis
c0321	posthoc_welch__paired_cohens_d	-0.9467621366623015	emlRunPairwiseAnalysis
c0321	posthoc_welch__paired_p	0.0388344693442756	emlRunPairwiseAnalysis
c0321	posthoc_welch__corr_padj	0.0005881335676043652	emlRunPairwiseAnalysis
c0321	posthoc_welch__corr_t	4.688304761530115	emlRunPairwiseAnalysis
c0321	posthoc_welch__corr_cohens_d	1.9411425885796207	emlRunPairwiseAnalysis
c0321	posthoc_welch__corr_p	0.00011235385191574934	emlRunPairwiseAnalysis
c0321	posthoc_welch__perfect_padj	1.5278534377933512e-06	emlRunPairwiseAnalysis
c0321	posthoc_welch__perfect_t	8.140806303599616	emlRunPairwiseAnalysis
c0321	posthoc_welch__perfect_cohens_d	3.640679257301507	emlRunPairwiseAnalysis
c0321	posthoc_welch__perfect_p	1.909816797241689e-07	emlRunPairwiseAnalysis
c0321	posthoc_welch__mwu_padj	0.0005881335676043652	emlRunPairwiseAnalysis
c0321	posthoc_welch__mwu_t	5.707138387268051	emlRunPairwiseAnalysis
c0321	posthoc_welch__mwu_cohens_d	3.3763886032268258	emlRunPairwiseAnalysis
c0321	posthoc_welch__mwu_p	9.80222612673942e-05	emlRunPairwiseAnalysis
c0321	posthoc_paired__corr_padj	6.397724862092723e-07	emlRunPairwiseAnalysis
c0321	posthoc_paired__corr_t	7.636959822292356	emlRunPairwiseAnalysis
c0321	posthoc_paired__corr_cohens_d	3.0043639277189063	emlRunPairwiseAnalysis
c0321	posthoc_paired__corr_p	7.108583180103026e-08	emlRunPairwiseAnalysis
c0321	posthoc_paired__perfect_padj	3.542304644700683e-10	emlRunPairwiseAnalysis
c0321	posthoc_paired__perfect_t	12.940792666314373	emlRunPairwiseAnalysis
c0321	posthoc_paired__perfect_cohens_d	5.540916385036406	emlRunPairwiseAnalysis
c0321	posthoc_paired__perfect_p	3.542304644700683e-11	emlRunPairwiseAnalysis
c0321	posthoc_paired__mwu_padj	1.850138378772626e-06	emlRunPairwiseAnalysis
c0321	posthoc_paired__mwu_t	9.186725619164315	emlRunPairwiseAnalysis
c0321	posthoc_paired__mwu_cohens_d	5.303958509195748	emlRunPairwiseAnalysis
c0321	posthoc_paired__mwu_p	2.643054826818037e-07	emlRunPairwiseAnalysis
c0321	posthoc_corr__perfect_padj	0.14636376221527342	emlRunPairwiseAnalysis
c0321	posthoc_corr__perfect_t	2.2257685872689748	emlRunPairwiseAnalysis
c0321	posthoc_corr__perfect_cohens_d	0.9215557470842439	emlRunPairwiseAnalysis
c0321	posthoc_corr__perfect_p	0.036590940553818355	emlRunPairwiseAnalysis
c0321	posthoc_corr__mwu_padj	0.20450429167571493	emlRunPairwiseAnalysis
c0321	posthoc_corr__mwu_t	1.7333831137362692	emlRunPairwiseAnalysis
c0321	posthoc_corr__mwu_cohens_d	0.9827358526596335	emlRunPairwiseAnalysis
c0321	posthoc_corr__mwu_p	0.10225214583785747	emlRunPairwiseAnalysis
c0321	posthoc_perfect__mwu_padj	0.5690331249007394	emlRunPairwiseAnalysis
c0321	posthoc_perfect__mwu_t	0.5855400437691199	emlRunPairwiseAnalysis
c0321	posthoc_perfect__mwu_cohens_d	0.3464101615137754	emlRunPairwiseAnalysis
c0321	posthoc_perfect__mwu_p	0.5690331249007394	emlRunPairwiseAnalysis
c0321	posthoc_welch__paired_df	20	emlRunPairwiseAnalysis
c0321	posthoc_welch__paired_diff	-2.666666666666666	emlRunPairwiseAnalysis
c0321	posthoc_welch__corr_df	22	emlRunPairwiseAnalysis
c0321	posthoc_welch__corr_diff	6.428571428571429	emlRunPairwiseAnalysis
c0321	posthoc_welch__perfect_df	18	emlRunPairwiseAnalysis
c0321	posthoc_welch__perfect_diff	9	emlRunPairwiseAnalysis
c0321	posthoc_welch__mwu_df	12	emlRunPairwiseAnalysis
c0321	posthoc_welch__mwu_diff	9.5	emlRunPairwiseAnalysis
c0321	posthoc_paired__corr_df	24	emlRunPairwiseAnalysis
c0321	posthoc_paired__corr_diff	9.095238095238095	emlRunPairwiseAnalysis
c0321	posthoc_paired__perfect_df	20	emlRunPairwiseAnalysis
c0321	posthoc_paired__perfect_diff	11.666666666666666	emlRunPairwiseAnalysis
c0321	posthoc_paired__mwu_df	14	emlRunPairwiseAnalysis
c0321	posthoc_paired__mwu_diff	12.166666666666666	emlRunPairwiseAnalysis
c0321	posthoc_corr__perfect_df	22	emlRunPairwiseAnalysis
c0321	posthoc_corr__perfect_diff	2.571428571428571	emlRunPairwiseAnalysis
c0321	posthoc_corr__mwu_df	16	emlRunPairwiseAnalysis
c0321	posthoc_corr__mwu_diff	3.071428571428571	emlRunPairwiseAnalysis
c0321	posthoc_perfect__mwu_df	12	emlRunPairwiseAnalysis
c0321	posthoc_perfect__mwu_diff	0.5	emlRunPairwiseAnalysis
c0322	n	50	emlRunPairwiseAnalysis
c0322	k	5	emlRunPairwiseAnalysis
c0322	posthoc_welch__paired_padj	0.048543086680344495	emlRunPairwiseAnalysis
c0322	posthoc_welch__paired_t	-2.2111599712911274	emlRunPairwiseAnalysis
c0322	posthoc_welch__paired_cohens_d	-0.9467621366623015	emlRunPairwiseAnalysis
c0322	posthoc_welch__paired_p	0.0388344693442756	emlRunPairwiseAnalysis
c0322	posthoc_welch__corr_padj	0.00018725641985958223	emlRunPairwiseAnalysis
c0322	posthoc_welch__corr_t	4.688304761530115	emlRunPairwiseAnalysis
c0322	posthoc_welch__corr_cohens_d	1.9411425885796207	emlRunPairwiseAnalysis
c0322	posthoc_welch__corr_p	0.00011235385191574934	emlRunPairwiseAnalysis
c0322	posthoc_welch__perfect_padj	6.36605599080563e-07	emlRunPairwiseAnalysis
c0322	posthoc_welch__perfect_t	8.140806303599616	emlRunPairwiseAnalysis
c0322	posthoc_welch__perfect_cohens_d	3.640679257301507	emlRunPairwiseAnalysis
c0322	posthoc_welch__perfect_p	1.909816797241689e-07	emlRunPairwiseAnalysis
c0322	posthoc_welch__mwu_padj	0.00018725641985958223	emlRunPairwiseAnalysis
c0322	posthoc_welch__mwu_t	5.707138387268051	emlRunPairwiseAnalysis
c0322	posthoc_welch__mwu_cohens_d	3.3763886032268258	emlRunPairwiseAnalysis
c0322	posthoc_welch__mwu_p	9.80222612673942e-05	emlRunPairwiseAnalysis
c0322	posthoc_paired__corr_padj	3.554291590051513e-07	emlRunPairwiseAnalysis
c0322	posthoc_paired__corr_t	7.636959822292356	emlRunPairwiseAnalysis
c0322	posthoc_paired__corr_cohens_d	3.0043639277189063	emlRunPairwiseAnalysis
c0322	posthoc_paired__corr_p	7.108583180103026e-08	emlRunPairwiseAnalysis
c0322	posthoc_paired__perfect_padj	3.542304644700683e-10	emlRunPairwiseAnalysis
c0322	posthoc_paired__perfect_t	12.940792666314373	emlRunPairwiseAnalysis
c0322	posthoc_paired__perfect_cohens_d	5.540916385036406	emlRunPairwiseAnalysis
c0322	posthoc_paired__perfect_p	3.542304644700683e-11	emlRunPairwiseAnalysis
c0322	posthoc_paired__mwu_padj	6.607637067045092e-07	emlRunPairwiseAnalysis
c0322	posthoc_paired__mwu_t	9.186725619164315	emlRunPairwiseAnalysis
c0322	posthoc_paired__mwu_cohens_d	5.303958509195748	emlRunPairwiseAnalysis
c0322	posthoc_paired__mwu_p	2.643054826818037e-07	emlRunPairwiseAnalysis
c0322	posthoc_corr__perfect_padj	0.048543086680344495	emlRunPairwiseAnalysis
c0322	posthoc_corr__perfect_t	2.2257685872689748	emlRunPairwiseAnalysis
c0322	posthoc_corr__perfect_cohens_d	0.9215557470842439	emlRunPairwiseAnalysis
c0322	posthoc_corr__perfect_p	0.036590940553818355	emlRunPairwiseAnalysis
c0322	posthoc_corr__mwu_padj	0.11361349537539718	emlRunPairwiseAnalysis
c0322	posthoc_corr__mwu_t	1.7333831137362692	emlRunPairwiseAnalysis
c0322	posthoc_corr__mwu_cohens_d	0.9827358526596335	emlRunPairwiseAnalysis
c0322	posthoc_corr__mwu_p	0.10225214583785747	emlRunPairwiseAnalysis
c0322	posthoc_perfect__mwu_padj	0.5690331249007394	emlRunPairwiseAnalysis
c0322	posthoc_perfect__mwu_t	0.5855400437691199	emlRunPairwiseAnalysis
c0322	posthoc_perfect__mwu_cohens_d	0.3464101615137754	emlRunPairwiseAnalysis
c0322	posthoc_perfect__mwu_p	0.5690331249007394	emlRunPairwiseAnalysis
c0322	posthoc_welch__paired_df	20	emlRunPairwiseAnalysis
c0322	posthoc_welch__paired_diff	-2.666666666666666	emlRunPairwiseAnalysis
c0322	posthoc_welch__corr_df	22	emlRunPairwiseAnalysis
c0322	posthoc_welch__corr_diff	6.428571428571429	emlRunPairwiseAnalysis
c0322	posthoc_welch__perfect_df	18	emlRunPairwiseAnalysis
c0322	posthoc_welch__perfect_diff	9	emlRunPairwiseAnalysis
c0322	posthoc_welch__mwu_df	12	emlRunPairwiseAnalysis
c0322	posthoc_welch__mwu_diff	9.5	emlRunPairwiseAnalysis
c0322	posthoc_paired__corr_df	24	emlRunPairwiseAnalysis
c0322	posthoc_paired__corr_diff	9.095238095238095	emlRunPairwiseAnalysis
c0322	posthoc_paired__perfect_df	20	emlRunPairwiseAnalysis
c0322	posthoc_paired__perfect_diff	11.666666666666666	emlRunPairwiseAnalysis
c0322	posthoc_paired__mwu_df	14	emlRunPairwiseAnalysis
c0322	posthoc_paired__mwu_diff	12.166666666666666	emlRunPairwiseAnalysis
c0322	posthoc_corr__perfect_df	22	emlRunPairwiseAnalysis
c0322	posthoc_corr__perfect_diff	2.571428571428571	emlRunPairwiseAnalysis
c0322	posthoc_corr__mwu_df	16	emlRunPairwiseAnalysis
c0322	posthoc_corr__mwu_diff	3.071428571428571	emlRunPairwiseAnalysis
c0322	posthoc_perfect__mwu_df	12	emlRunPairwiseAnalysis
c0322	posthoc_perfect__mwu_diff	0.5	emlRunPairwiseAnalysis
c0323	n	50	emlRunPairwiseAnalysis
c0323	k	5	emlRunPairwiseAnalysis
c0323	posthoc_welch__paired_padj	0.3986612713918825	emlRunPairwiseAnalysis
c0323	posthoc_welch__paired_u	28.5	emlRunPairwiseAnalysis
c0323	posthoc_welch__paired_rank_biserial	-0.525	emlRunPairwiseAnalysis
c0323	posthoc_welch__paired_p	0.03986612713918825	emlRunPairwiseAnalysis
c0323	posthoc_welch__corr_padj	0.009338247729674946	emlRunPairwiseAnalysis
c0323	posthoc_welch__corr_u	127	emlRunPairwiseAnalysis
c0323	posthoc_welch__corr_rank_biserial	0.8142857142857143	emlRunPairwiseAnalysis
c0323	posthoc_welch__corr_p	0.0009338247729674946	emlRunPairwiseAnalysis
c0323	posthoc_welch__perfect_padj	0.001756155310459087	emlRunPairwiseAnalysis
c0323	posthoc_welch__perfect_u	100	emlRunPairwiseAnalysis
c0323	posthoc_welch__perfect_rank_biserial	1	emlRunPairwiseAnalysis
c0323	posthoc_welch__perfect_p	0.0001756155310459087	emlRunPairwiseAnalysis
c0323	posthoc_welch__mwu_padj	0.05713299834525596	emlRunPairwiseAnalysis
c0323	posthoc_welch__mwu_u	40	emlRunPairwiseAnalysis
c0323	posthoc_welch__mwu_rank_biserial	1	emlRunPairwiseAnalysis
c0323	posthoc_welch__mwu_p	0.005713299834525596	emlRunPairwiseAnalysis
c0323	posthoc_paired__corr_padj	0.00042926282911542277	emlRunPairwiseAnalysis
c0323	posthoc_paired__corr_u	164	emlRunPairwiseAnalysis
c0323	posthoc_paired__corr_rank_biserial	0.9523809523809523	emlRunPairwiseAnalysis
c0323	posthoc_paired__corr_p	4.292628291154228e-05	emlRunPairwiseAnalysis
c0323	posthoc_paired__perfect_padj	0.0008417017201509565	emlRunPairwiseAnalysis
c0323	posthoc_paired__perfect_u	120	emlRunPairwiseAnalysis
c0323	posthoc_paired__perfect_rank_biserial	1	emlRunPairwiseAnalysis
c0323	posthoc_paired__perfect_p	8.417017201509565e-05	emlRunPairwiseAnalysis
c0323	posthoc_paired__mwu_padj	0.042887897656194954	emlRunPairwiseAnalysis
c0323	posthoc_paired__mwu_u	48	emlRunPairwiseAnalysis
c0323	posthoc_paired__mwu_rank_biserial	1	emlRunPairwiseAnalysis
c0323	posthoc_paired__mwu_p	0.004288789765619495	emlRunPairwiseAnalysis
c0323	posthoc_corr__perfect_padj	0.5596174532490801	emlRunPairwiseAnalysis
c0323	posthoc_corr__perfect_u	103	emlRunPairwiseAnalysis
c0323	posthoc_corr__perfect_rank_biserial	0.4714285714285714	emlRunPairwiseAnalysis
c0323	posthoc_corr__perfect_p	0.055961745324908004	emlRunPairwiseAnalysis
c0323	posthoc_corr__mwu_padj	0.791039616024859	emlRunPairwiseAnalysis
c0323	posthoc_corr__mwu_u	45	emlRunPairwiseAnalysis
c0323	posthoc_corr__mwu_rank_biserial	0.6071428571428571	emlRunPairwiseAnalysis
c0323	posthoc_corr__mwu_p	0.0791039616024859	emlRunPairwiseAnalysis
c0323	posthoc_perfect__mwu_padj	1	emlRunPairwiseAnalysis
c0323	posthoc_perfect__mwu_u	24	emlRunPairwiseAnalysis
c0323	posthoc_perfect__mwu_rank_biserial	0.2	emlRunPairwiseAnalysis
c0323	posthoc_perfect__mwu_p	0.6139178031705241	emlRunPairwiseAnalysis
c0323	posthoc_welch__paired_diff	-3	emlRunPairwiseAnalysis
c0323	posthoc_welch__paired_ci_low	-6.999958999984405	emlRunPairwiseAnalysis
c0323	posthoc_welch__paired_ci_high	1.99996135546741	emlRunPairwiseAnalysis
c0323	posthoc_welch__corr_diff	6.4	emlRunPairwiseAnalysis
c0323	posthoc_welch__corr_ci_low	1.800000004315403	emlRunPairwiseAnalysis
c0323	posthoc_welch__corr_ci_high	10.9999653257893	emlRunPairwiseAnalysis
c0323	posthoc_welch__perfect_diff	8.5	emlRunPairwiseAnalysis
c0323	posthoc_welch__perfect_ci_low	5.0000619284972645	emlRunPairwiseAnalysis
c0323	posthoc_welch__perfect_ci_high	13.000077447537851	emlRunPairwiseAnalysis
c0323	posthoc_welch__mwu_diff	9	emlRunPairwiseAnalysis
c0323	posthoc_welch__mwu_ci_low	4	emlRunPairwiseAnalysis
c0323	posthoc_welch__mwu_ci_high	17	emlRunPairwiseAnalysis
c0323	posthoc_paired__corr_diff	9.399999999999999	emlRunPairwiseAnalysis
c0323	posthoc_paired__corr_ci_low	5.000057817567633	emlRunPairwiseAnalysis
c0323	posthoc_paired__corr_ci_high	13.00002460569673	emlRunPairwiseAnalysis
c0323	posthoc_paired__perfect_diff	11.5	emlRunPairwiseAnalysis
c0323	posthoc_paired__perfect_ci_low	8.99996934257921	emlRunPairwiseAnalysis
c0323	posthoc_paired__perfect_ci_high	14.99993816774086	emlRunPairwiseAnalysis
c0323	posthoc_paired__mwu_diff	12	emlRunPairwiseAnalysis
c0323	posthoc_paired__mwu_ci_low	7	emlRunPairwiseAnalysis
c0323	posthoc_paired__mwu_ci_high	18	emlRunPairwiseAnalysis
c0323	posthoc_corr__perfect_diff	2	emlRunPairwiseAnalysis
c0323	posthoc_corr__perfect_ci_low	-1.0000128732547506	emlRunPairwiseAnalysis
c0323	posthoc_corr__perfect_ci_high	6.799994385568899	emlRunPairwiseAnalysis
c0323	posthoc_corr__mwu_diff	2.6500000000000004	emlRunPairwiseAnalysis
c0323	posthoc_corr__mwu_ci_low	-2.0000529351489287	emlRunPairwiseAnalysis
c0323	posthoc_corr__mwu_ci_high	10.400026370772746	emlRunPairwiseAnalysis
c0323	posthoc_perfect__mwu_diff	0.5	emlRunPairwiseAnalysis
c0323	posthoc_perfect__mwu_ci_low	-3	emlRunPairwiseAnalysis
c0323	posthoc_perfect__mwu_ci_high	4	emlRunPairwiseAnalysis
c0324	n	50	emlRunPairwiseAnalysis
c0324	k	5	emlRunPairwiseAnalysis
c0324	posthoc_welch__paired_padj	0.159464508556753	emlRunPairwiseAnalysis
c0324	posthoc_welch__paired_u	28.5	emlRunPairwiseAnalysis
c0324	posthoc_welch__paired_rank_biserial	-0.525	emlRunPairwiseAnalysis
c0324	posthoc_welch__paired_p	0.03986612713918825	emlRunPairwiseAnalysis
c0324	posthoc_welch__corr_padj	0.006536773410772462	emlRunPairwiseAnalysis
c0324	posthoc_welch__corr_u	127	emlRunPairwiseAnalysis
c0324	posthoc_welch__corr_rank_biserial	0.8142857142857143	emlRunPairwiseAnalysis
c0324	posthoc_welch__corr_p	0.0009338247729674946	emlRunPairwiseAnalysis
c0324	posthoc_welch__perfect_padj	0.0014049242483672696	emlRunPairwiseAnalysis
c0324	posthoc_welch__perfect_u	100	emlRunPairwiseAnalysis
c0324	posthoc_welch__perfect_rank_biserial	1	emlRunPairwiseAnalysis
c0324	posthoc_welch__perfect_p	0.0001756155310459087	emlRunPairwiseAnalysis
c0324	posthoc_welch__mwu_padj	0.02856649917262798	emlRunPairwiseAnalysis
c0324	posthoc_welch__mwu_u	40	emlRunPairwiseAnalysis
c0324	posthoc_welch__mwu_rank_biserial	1	emlRunPairwiseAnalysis
c0324	posthoc_welch__mwu_p	0.005713299834525596	emlRunPairwiseAnalysis
c0324	posthoc_paired__corr_padj	0.00042926282911542277	emlRunPairwiseAnalysis
c0324	posthoc_paired__corr_u	164	emlRunPairwiseAnalysis
c0324	posthoc_paired__corr_rank_biserial	0.9523809523809523	emlRunPairwiseAnalysis
c0324	posthoc_paired__corr_p	4.292628291154228e-05	emlRunPairwiseAnalysis
c0324	posthoc_paired__perfect_padj	0.0007575315481358609	emlRunPairwiseAnalysis
c0324	posthoc_paired__perfect_u	120	emlRunPairwiseAnalysis
c0324	posthoc_paired__perfect_rank_biserial	1	emlRunPairwiseAnalysis
c0324	posthoc_paired__perfect_p	8.417017201509565e-05	emlRunPairwiseAnalysis
c0324	posthoc_paired__mwu_padj	0.02573273859371697	emlRunPairwiseAnalysis
c0324	posthoc_paired__mwu_u	48	emlRunPairwiseAnalysis
c0324	posthoc_paired__mwu_rank_biserial	1	emlRunPairwiseAnalysis
c0324	posthoc_paired__mwu_p	0.004288789765619495	emlRunPairwiseAnalysis
c0324	posthoc_corr__perfect_padj	0.16788523597472402	emlRunPairwiseAnalysis
c0324	posthoc_corr__perfect_u	103	emlRunPairwiseAnalysis
c0324	posthoc_corr__perfect_rank_biserial	0.4714285714285714	emlRunPairwiseAnalysis
c0324	posthoc_corr__perfect_p	0.055961745324908004	emlRunPairwiseAnalysis
c0324	posthoc_corr__mwu_padj	0.16788523597472402	emlRunPairwiseAnalysis
c0324	posthoc_corr__mwu_u	45	emlRunPairwiseAnalysis
c0324	posthoc_corr__mwu_rank_biserial	0.6071428571428571	emlRunPairwiseAnalysis
c0324	posthoc_corr__mwu_p	0.0791039616024859	emlRunPairwiseAnalysis
c0324	posthoc_perfect__mwu_padj	0.6139178031705241	emlRunPairwiseAnalysis
c0324	posthoc_perfect__mwu_u	24	emlRunPairwiseAnalysis
c0324	posthoc_perfect__mwu_rank_biserial	0.2	emlRunPairwiseAnalysis
c0324	posthoc_perfect__mwu_p	0.6139178031705241	emlRunPairwiseAnalysis
c0324	posthoc_welch__paired_diff	-3	emlRunPairwiseAnalysis
c0324	posthoc_welch__corr_diff	6.4	emlRunPairwiseAnalysis
c0324	posthoc_welch__perfect_diff	8.5	emlRunPairwiseAnalysis
c0324	posthoc_welch__mwu_diff	9	emlRunPairwiseAnalysis
c0324	posthoc_paired__corr_diff	9.399999999999999	emlRunPairwiseAnalysis
c0324	posthoc_paired__perfect_diff	11.5	emlRunPairwiseAnalysis
c0324	posthoc_paired__mwu_diff	12	emlRunPairwiseAnalysis
c0324	posthoc_corr__perfect_diff	2	emlRunPairwiseAnalysis
c0324	posthoc_corr__mwu_diff	2.6500000000000004	emlRunPairwiseAnalysis
c0324	posthoc_perfect__mwu_diff	0.5	emlRunPairwiseAnalysis
c0325	n	50	emlRunPairwiseAnalysis
c0325	k	5	emlRunPairwiseAnalysis
c0325	posthoc_welch__paired_padj	0.05695161019884036	emlRunPairwiseAnalysis
c0325	posthoc_welch__paired_u	28.5	emlRunPairwiseAnalysis
c0325	posthoc_welch__paired_rank_biserial	-0.525	emlRunPairwiseAnalysis
c0325	posthoc_welch__paired_p	0.03986612713918825	emlRunPairwiseAnalysis
c0325	posthoc_welch__corr_padj	0.0023345619324187366	emlRunPairwiseAnalysis
c0325	posthoc_welch__corr_u	127	emlRunPairwiseAnalysis
c0325	posthoc_welch__corr_rank_biserial	0.8142857142857143	emlRunPairwiseAnalysis
c0325	posthoc_welch__corr_p	0.0009338247729674946	emlRunPairwiseAnalysis
c0325	posthoc_welch__perfect_padj	0.0005853851034863623	emlRunPairwiseAnalysis
c0325	posthoc_welch__perfect_u	100	emlRunPairwiseAnalysis
c0325	posthoc_welch__perfect_rank_biserial	1	emlRunPairwiseAnalysis
c0325	posthoc_welch__perfect_p	0.0001756155310459087	emlRunPairwiseAnalysis
c0325	posthoc_welch__mwu_padj	0.009522166390875993	emlRunPairwiseAnalysis
c0325	posthoc_welch__mwu_u	40	emlRunPairwiseAnalysis
c0325	posthoc_welch__mwu_rank_biserial	1	emlRunPairwiseAnalysis
c0325	posthoc_welch__mwu_p	0.005713299834525596	emlRunPairwiseAnalysis
c0325	posthoc_paired__corr_padj	0.00042085086007547824	emlRunPairwiseAnalysis
c0325	posthoc_paired__corr_u	164	emlRunPairwiseAnalysis
c0325	posthoc_paired__corr_rank_biserial	0.9523809523809523	emlRunPairwiseAnalysis
c0325	posthoc_paired__corr_p	4.292628291154228e-05	emlRunPairwiseAnalysis
c0325	posthoc_paired__perfect_padj	0.00042085086007547824	emlRunPairwiseAnalysis
c0325	posthoc_paired__perfect_u	120	emlRunPairwiseAnalysis
c0325	posthoc_paired__perfect_rank_biserial	1	emlRunPairwiseAnalysis
c0325	posthoc_paired__perfect_p	8.417017201509565e-05	emlRunPairwiseAnalysis
c0325	posthoc_paired__mwu_padj	0.00857757953123899	emlRunPairwiseAnalysis
c0325	posthoc_paired__mwu_u	48	emlRunPairwiseAnalysis
c0325	posthoc_paired__mwu_rank_biserial	1	emlRunPairwiseAnalysis
c0325	posthoc_paired__mwu_p	0.004288789765619495	emlRunPairwiseAnalysis
c0325	posthoc_corr__perfect_padj	0.06995218165613501	emlRunPairwiseAnalysis
c0325	posthoc_corr__perfect_u	103	emlRunPairwiseAnalysis
c0325	posthoc_corr__perfect_rank_biserial	0.4714285714285714	emlRunPairwiseAnalysis
c0325	posthoc_corr__perfect_p	0.055961745324908004	emlRunPairwiseAnalysis
c0325	posthoc_corr__mwu_padj	0.08789329066942878	emlRunPairwiseAnalysis
c0325	posthoc_corr__mwu_u	45	emlRunPairwiseAnalysis
c0325	posthoc_corr__mwu_rank_biserial	0.6071428571428571	emlRunPairwiseAnalysis
c0325	posthoc_corr__mwu_p	0.0791039616024859	emlRunPairwiseAnalysis
c0325	posthoc_perfect__mwu_padj	0.6139178031705241	emlRunPairwiseAnalysis
c0325	posthoc_perfect__mwu_u	24	emlRunPairwiseAnalysis
c0325	posthoc_perfect__mwu_rank_biserial	0.2	emlRunPairwiseAnalysis
c0325	posthoc_perfect__mwu_p	0.6139178031705241	emlRunPairwiseAnalysis
c0325	posthoc_welch__paired_diff	-3	emlRunPairwiseAnalysis
c0325	posthoc_welch__corr_diff	6.4	emlRunPairwiseAnalysis
c0325	posthoc_welch__perfect_diff	8.5	emlRunPairwiseAnalysis
c0325	posthoc_welch__mwu_diff	9	emlRunPairwiseAnalysis
c0325	posthoc_paired__corr_diff	9.399999999999999	emlRunPairwiseAnalysis
c0325	posthoc_paired__perfect_diff	11.5	emlRunPairwiseAnalysis
c0325	posthoc_paired__mwu_diff	12	emlRunPairwiseAnalysis
c0325	posthoc_corr__perfect_diff	2	emlRunPairwiseAnalysis
c0325	posthoc_corr__mwu_diff	2.6500000000000004	emlRunPairwiseAnalysis
c0325	posthoc_perfect__mwu_diff	0.5	emlRunPairwiseAnalysis
c0326	n	50	emlRunPairwiseAnalysis
c0326	k	5	emlRunPairwiseAnalysis
c0326	posthoc_welch__paired_padj	0.2834093031013125	emlRunPairwiseAnalysis
c0326	posthoc_welch__paired_diff	-2.666666666666666	emlRunPairwiseAnalysis
c0326	posthoc_welch__paired_f	1.3027520896376144	emlRunPairwiseAnalysis
c0326	posthoc_welch__corr_padj	5.2476214614961284e-05	emlRunPairwiseAnalysis
c0326	posthoc_welch__corr_diff	6.428571428571429	emlRunPairwiseAnalysis
c0326	posthoc_welch__corr_f	8.096764173180214	emlRunPairwiseAnalysis
c0326	posthoc_welch__perfect_padj	2.3956249725057364e-07	emlRunPairwiseAnalysis
c0326	posthoc_welch__perfect_diff	9	emlRunPairwiseAnalysis
c0326	posthoc_welch__perfect_f	13.602563810942756	emlRunPairwiseAnalysis
c0326	posthoc_welch__mwu_padj	2.8474750524408517e-05	emlRunPairwiseAnalysis
c0326	posthoc_welch__mwu_diff	9.5	emlRunPairwiseAnalysis
c0326	posthoc_welch__mwu_f	8.660538863757205	emlRunPairwiseAnalysis
c0326	posthoc_paired__corr_padj	7.081367024878121e-09	emlRunPairwiseAnalysis
c0326	posthoc_paired__corr_diff	9.095238095238095	emlRunPairwiseAnalysis
c0326	posthoc_paired__corr_f	17.952702225369787	emlRunPairwiseAnalysis
c0326	posthoc_paired__perfect_padj	6.33164761142111e-11	emlRunPairwiseAnalysis
c0326	posthoc_paired__perfect_diff	11.666666666666666	emlRunPairwiseAnalysis
c0326	posthoc_paired__perfect_f	24.93548921571998	emlRunPairwiseAnalysis
c0326	posthoc_paired__mwu_padj	7.8130278364445e-08	emlRunPairwiseAnalysis
c0326	posthoc_paired__mwu_diff	12.166666666666666	emlRunPairwiseAnalysis
c0326	posthoc_paired__mwu_f	14.91523920751316	emlRunPairwiseAnalysis
c0326	posthoc_corr__perfect_padj	0.28612156970413216	emlRunPairwiseAnalysis
c0326	posthoc_corr__perfect_diff	2.571428571428571	emlRunPairwiseAnalysis
c0326	posthoc_corr__perfect_f	1.2954822677088338	emlRunPairwiseAnalysis
c0326	posthoc_corr__mwu_padj	0.4249793520468542	emlRunPairwiseAnalysis
c0326	posthoc_corr__mwu_diff	3.071428571428571	emlRunPairwiseAnalysis
c0326	posthoc_corr__mwu_f	0.9857393880632238	emlRunPairwiseAnalysis
c0326	posthoc_perfect__mwu_padj	0.9988387945503088	emlRunPairwiseAnalysis
c0326	posthoc_perfect__mwu_diff	0.5	emlRunPairwiseAnalysis
c0326	posthoc_perfect__mwu_f	0.023990412364978408	emlRunPairwiseAnalysis
c0326	posthoc_welch__paired_ci_low	-6.418482853456162	emlRunPairwiseAnalysis
c0326	posthoc_welch__paired_ci_high	1.0851495201228296	emlRunPairwiseAnalysis
c0326	posthoc_welch__corr_ci_low	2.8006118604308954	emlRunPairwiseAnalysis
c0326	posthoc_welch__corr_ci_high	10.056530996711963	emlRunPairwiseAnalysis
c0326	posthoc_welch__perfect_ci_low	5.08135579576224	emlRunPairwiseAnalysis
c0326	posthoc_welch__perfect_ci_high	12.91864420423776	emlRunPairwiseAnalysis
c0326	posthoc_welch__mwu_ci_low	4.316120979521144	emlRunPairwiseAnalysis
c0326	posthoc_welch__mwu_ci_high	14.683879020478855	emlRunPairwiseAnalysis
c0326	posthoc_paired__corr_ci_low	5.648146142865497	emlRunPairwiseAnalysis
c0326	posthoc_paired__corr_ci_high	12.542330047610694	emlRunPairwiseAnalysis
c0326	posthoc_paired__perfect_ci_low	7.91485047987717	emlRunPairwiseAnalysis
c0326	posthoc_paired__perfect_ci_high	15.418482853456162	emlRunPairwiseAnalysis
c0326	posthoc_paired__mwu_ci_low	7.10771875242498	emlRunPairwiseAnalysis
c0326	posthoc_paired__mwu_ci_high	17.225614580908353	emlRunPairwiseAnalysis
c0326	posthoc_corr__perfect_ci_low	-1.0565309967119623	emlRunPairwiseAnalysis
c0326	posthoc_corr__perfect_ci_high	6.199388139569105	emlRunPairwiseAnalysis
c0326	posthoc_corr__mwu_ci_low	-1.8963596615396066	emlRunPairwiseAnalysis
c0326	posthoc_corr__mwu_ci_high	8.039216804396748	emlRunPairwiseAnalysis
c0326	posthoc_perfect__mwu_ci_low	-4.683879020478856	emlRunPairwiseAnalysis
c0326	posthoc_perfect__mwu_ci_high	5.683879020478856	emlRunPairwiseAnalysis
c0327	n	50	emlRunPairwiseAnalysis
c0327	k	5	emlRunPairwiseAnalysis
c0327	posthoc_corr__mwu_padj	0.15639701607947823	emlRunPairwiseAnalysis
c0327	posthoc_corr__mwu_t	2.749454917621261	emlRunPairwiseAnalysis
c0327	posthoc_corr__mwu_cohens_d	0.9827358526596335	emlRunPairwiseAnalysis
c0327	posthoc_corr__mwu_p	0.015639701607947823	emlRunPairwiseAnalysis
c0327	posthoc_corr__paired_padj	5.420980976995137e-07	emlRunPairwiseAnalysis
c0327	posthoc_corr__paired_t	-7.823711198795349	emlRunPairwiseAnalysis
c0327	posthoc_corr__paired_cohens_d	-3.0043639277189063	emlRunPairwiseAnalysis
c0327	posthoc_corr__paired_p	5.4209809769951376e-08	emlRunPairwiseAnalysis
c0327	posthoc_corr__perfect_padj	0.21537861644072093	emlRunPairwiseAnalysis
c0327	posthoc_corr__perfect_t	2.5053113578905046	emlRunPairwiseAnalysis
c0327	posthoc_corr__perfect_cohens_d	0.9215557470842439	emlRunPairwiseAnalysis
c0327	posthoc_corr__perfect_p	0.021537861644072093	emlRunPairwiseAnalysis
c0327	posthoc_corr__welch_padj	0.0011611549023031874	emlRunPairwiseAnalysis
c0327	posthoc_corr__welch_t	-4.750506939523274	emlRunPairwiseAnalysis
c0327	posthoc_corr__welch_cohens_d	-1.9411425885796207	emlRunPairwiseAnalysis
c0327	posthoc_corr__welch_p	0.00011611549023031874	emlRunPairwiseAnalysis
c0327	posthoc_mwu__paired_padj	1.0112453495982535e-06	emlRunPairwiseAnalysis
c0327	posthoc_mwu__paired_t	-12.569912307482092	emlRunPairwiseAnalysis
c0327	posthoc_mwu__paired_cohens_d	-5.303958509195748	emlRunPairwiseAnalysis
c0327	posthoc_mwu__paired_p	1.0112453495982535e-07	emlRunPairwiseAnalysis
c0327	posthoc_mwu__perfect_padj	1	emlRunPairwiseAnalysis
c0327	posthoc_mwu__perfect_t	-0.6255432421712243	emlRunPairwiseAnalysis
c0327	posthoc_mwu__perfect_cohens_d	-0.3464101615137754	emlRunPairwiseAnalysis
c0327	posthoc_mwu__perfect_p	0.5531166300326702	emlRunPairwiseAnalysis
c0327	posthoc_mwu__welch_padj	4.1124187385178624e-05	emlRunPairwiseAnalysis
c0327	posthoc_mwu__welch_t	-7.981596478959655	emlRunPairwiseAnalysis
c0327	posthoc_mwu__welch_cohens_d	-3.3763886032268258	emlRunPairwiseAnalysis
c0327	posthoc_mwu__welch_p	4.112418738517862e-06	emlRunPairwiseAnalysis
c0327	posthoc_paired__perfect_padj	5.514634595004291e-10	emlRunPairwiseAnalysis
c0327	posthoc_paired__perfect_t	13.5400640077266	emlRunPairwiseAnalysis
c0327	posthoc_paired__perfect_cohens_d	5.540916385036406	emlRunPairwiseAnalysis
c0327	posthoc_paired__perfect_p	5.514634595004291e-11	emlRunPairwiseAnalysis
c0327	posthoc_paired__welch_padj	0.45071962588523373	emlRunPairwiseAnalysis
c0327	posthoc_paired__welch_t	2.162808559208922	emlRunPairwiseAnalysis
c0327	posthoc_paired__welch_cohens_d	0.9467621366623015	emlRunPairwiseAnalysis
c0327	posthoc_paired__welch_p	0.045071962588523376	emlRunPairwiseAnalysis
c0327	posthoc_perfect__welch_padj	2.036074516027539e-05	emlRunPairwiseAnalysis
c0327	posthoc_perfect__welch_t	-8.140806303599616	emlRunPairwiseAnalysis
c0327	posthoc_perfect__welch_cohens_d	-3.640679257301507	emlRunPairwiseAnalysis
c0327	posthoc_perfect__welch_p	2.036074516027539e-06	emlRunPairwiseAnalysis
c0327	posthoc_corr__mwu_df	14.026898610778254	emlRunPairwiseAnalysis
c0327	posthoc_corr__mwu_diff	3.071428571428571	emlRunPairwiseAnalysis
c0327	posthoc_corr__mwu_ci_low	-0.6424343943854076	emlRunPairwiseAnalysis
c0327	posthoc_corr__mwu_ci_high	6.78529153724255	emlRunPairwiseAnalysis
c0327	posthoc_corr__paired_df	23.490046769286725	emlRunPairwiseAnalysis
c0327	posthoc_corr__paired_diff	-9.095238095238095	emlRunPairwiseAnalysis
c0327	posthoc_corr__paired_ci_low	-12.695840426669216	emlRunPairwiseAnalysis
c0327	posthoc_corr__paired_ci_high	-5.494635763806974	emlRunPairwiseAnalysis
c0327	posthoc_corr__perfect_df	18.925999014422576	emlRunPairwiseAnalysis
c0327	posthoc_corr__perfect_diff	2.571428571428571	emlRunPairwiseAnalysis
c0327	posthoc_corr__perfect_ci_low	-0.6876942565928656	emlRunPairwiseAnalysis
c0327	posthoc_corr__perfect_ci_high	5.830551399450008	emlRunPairwiseAnalysis
c0327	posthoc_corr__welch_df	20.415307172417684	emlRunPairwiseAnalysis
c0327	posthoc_corr__welch_diff	-6.428571428571429	emlRunPairwiseAnalysis
c0327	posthoc_corr__welch_ci_low	-10.685327545723366	emlRunPairwiseAnalysis
c0327	posthoc_corr__welch_ci_high	-2.1718153114194916	emlRunPairwiseAnalysis
c0327	posthoc_mwu__paired_df	10.642769276189538	emlRunPairwiseAnalysis
c0327	posthoc_mwu__paired_diff	-12.166666666666666	emlRunPairwiseAnalysis
c0327	posthoc_mwu__paired_ci_low	-15.578298972588428	emlRunPairwiseAnalysis
c0327	posthoc_mwu__paired_ci_high	-8.755034360744904	emlRunPairwiseAnalysis
c0327	posthoc_mwu__perfect_df	6.442489851150203	emlRunPairwiseAnalysis
c0327	posthoc_mwu__perfect_diff	-0.5	emlRunPairwiseAnalysis
c0327	posthoc_mwu__perfect_ci_low	-3.83699073995395	emlRunPairwiseAnalysis
c0327	posthoc_mwu__perfect_ci_high	2.83699073995395	emlRunPairwiseAnalysis
c0327	posthoc_mwu__welch_df	11.876712328767125	emlRunPairwiseAnalysis
c0327	posthoc_mwu__welch_diff	-9.5	emlRunPairwiseAnalysis
c0327	posthoc_mwu__welch_ci_low	-13.589796848662747	emlRunPairwiseAnalysis
c0327	posthoc_mwu__welch_ci_high	-5.410203151337252	emlRunPairwiseAnalysis
c0327	posthoc_paired__perfect_df	18.31945502967194	emlRunPairwiseAnalysis
c0327	posthoc_paired__perfect_diff	11.666666666666666	emlRunPairwiseAnalysis
c0327	posthoc_paired__perfect_ci_low	8.91891927049903	emlRunPairwiseAnalysis
c0327	posthoc_paired__perfect_ci_high	14.414414062834302	emlRunPairwiseAnalysis
c0327	posthoc_paired__welch_df	17.028808201623235	emlRunPairwiseAnalysis
c0327	posthoc_paired__welch_diff	2.666666666666666	emlRunPairwiseAnalysis
c0327	posthoc_paired__welch_ci_low	-1.3055223504015498	emlRunPairwiseAnalysis
c0327	posthoc_paired__welch_ci_high	6.6388556837348816	emlRunPairwiseAnalysis
c0327	posthoc_perfect__welch_df	12.811764705882355	emlRunPairwiseAnalysis
c0327	posthoc_perfect__welch_diff	-9	emlRunPairwiseAnalysis
c0327	posthoc_perfect__welch_ci_low	-12.73919124588566	emlRunPairwiseAnalysis
c0327	posthoc_perfect__welch_ci_high	-5.26080875411434	emlRunPairwiseAnalysis
c0328	n	50	emlRunPairwiseAnalysis
c0328	k	5	emlRunPairwiseAnalysis
c0328	posthoc_corr__mwu_padj	0.06255880643179129	emlRunPairwiseAnalysis
c0328	posthoc_corr__mwu_t	2.749454917621261	emlRunPairwiseAnalysis
c0328	posthoc_corr__mwu_cohens_d	0.9827358526596335	emlRunPairwiseAnalysis
c0328	posthoc_corr__mwu_p	0.015639701607947823	emlRunPairwiseAnalysis
c0328	posthoc_corr__paired_padj	4.878882879295624e-07	emlRunPairwiseAnalysis
c0328	posthoc_corr__paired_t	-7.823711198795349	emlRunPairwiseAnalysis
c0328	posthoc_corr__paired_cohens_d	-3.0043639277189063	emlRunPairwiseAnalysis
c0328	posthoc_corr__paired_p	5.4209809769951376e-08	emlRunPairwiseAnalysis
c0328	posthoc_corr__perfect_padj	0.06461358493221628	emlRunPairwiseAnalysis
c0328	posthoc_corr__perfect_t	2.5053113578905046	emlRunPairwiseAnalysis
c0328	posthoc_corr__perfect_cohens_d	0.9215557470842439	emlRunPairwiseAnalysis
c0328	posthoc_corr__perfect_p	0.021537861644072093	emlRunPairwiseAnalysis
c0328	posthoc_corr__welch_padj	0.0005805774511515937	emlRunPairwiseAnalysis
c0328	posthoc_corr__welch_t	-4.750506939523274	emlRunPairwiseAnalysis
c0328	posthoc_corr__welch_cohens_d	-1.9411425885796207	emlRunPairwiseAnalysis
c0328	posthoc_corr__welch_p	0.00011611549023031874	emlRunPairwiseAnalysis
c0328	posthoc_mwu__paired_padj	8.089962796786028e-07	emlRunPairwiseAnalysis
c0328	posthoc_mwu__paired_t	-12.569912307482092	emlRunPairwiseAnalysis
c0328	posthoc_mwu__paired_cohens_d	-5.303958509195748	emlRunPairwiseAnalysis
c0328	posthoc_mwu__paired_p	1.0112453495982535e-07	emlRunPairwiseAnalysis
c0328	posthoc_mwu__perfect_padj	0.5531166300326702	emlRunPairwiseAnalysis
c0328	posthoc_mwu__perfect_t	-0.6255432421712243	emlRunPairwiseAnalysis
c0328	posthoc_mwu__perfect_cohens_d	-0.3464101615137754	emlRunPairwiseAnalysis
c0328	posthoc_mwu__perfect_p	0.5531166300326702	emlRunPairwiseAnalysis
c0328	posthoc_mwu__welch_padj	2.467451243110717e-05	emlRunPairwiseAnalysis
c0328	posthoc_mwu__welch_t	-7.981596478959655	emlRunPairwiseAnalysis
c0328	posthoc_mwu__welch_cohens_d	-3.3763886032268258	emlRunPairwiseAnalysis
c0328	posthoc_mwu__welch_p	4.112418738517862e-06	emlRunPairwiseAnalysis
c0328	posthoc_paired__perfect_padj	5.514634595004291e-10	emlRunPairwiseAnalysis
c0328	posthoc_paired__perfect_t	13.5400640077266	emlRunPairwiseAnalysis
c0328	posthoc_paired__perfect_cohens_d	5.540916385036406	emlRunPairwiseAnalysis
c0328	posthoc_paired__perfect_p	5.514634595004291e-11	emlRunPairwiseAnalysis
c0328	posthoc_paired__welch_padj	0.09014392517704675	emlRunPairwiseAnalysis
c0328	posthoc_paired__welch_t	2.162808559208922	emlRunPairwiseAnalysis
c0328	posthoc_paired__welch_cohens_d	0.9467621366623015	emlRunPairwiseAnalysis
c0328	posthoc_paired__welch_p	0.045071962588523376	emlRunPairwiseAnalysis
c0328	posthoc_perfect__welch_padj	1.4252521612192772e-05	emlRunPairwiseAnalysis
c0328	posthoc_perfect__welch_t	-8.140806303599616	emlRunPairwiseAnalysis
c0328	posthoc_perfect__welch_cohens_d	-3.640679257301507	emlRunPairwiseAnalysis
c0328	posthoc_perfect__welch_p	2.036074516027539e-06	emlRunPairwiseAnalysis
c0328	posthoc_corr__mwu_df	14.026898610778254	emlRunPairwiseAnalysis
c0328	posthoc_corr__mwu_diff	3.071428571428571	emlRunPairwiseAnalysis
c0328	posthoc_corr__paired_df	23.490046769286725	emlRunPairwiseAnalysis
c0328	posthoc_corr__paired_diff	-9.095238095238095	emlRunPairwiseAnalysis
c0328	posthoc_corr__perfect_df	18.925999014422576	emlRunPairwiseAnalysis
c0328	posthoc_corr__perfect_diff	2.571428571428571	emlRunPairwiseAnalysis
c0328	posthoc_corr__welch_df	20.415307172417684	emlRunPairwiseAnalysis
c0328	posthoc_corr__welch_diff	-6.428571428571429	emlRunPairwiseAnalysis
c0328	posthoc_mwu__paired_df	10.642769276189538	emlRunPairwiseAnalysis
c0328	posthoc_mwu__paired_diff	-12.166666666666666	emlRunPairwiseAnalysis
c0328	posthoc_mwu__perfect_df	6.442489851150203	emlRunPairwiseAnalysis
c0328	posthoc_mwu__perfect_diff	-0.5	emlRunPairwiseAnalysis
c0328	posthoc_mwu__welch_df	11.876712328767125	emlRunPairwiseAnalysis
c0328	posthoc_mwu__welch_diff	-9.5	emlRunPairwiseAnalysis
c0328	posthoc_paired__perfect_df	18.31945502967194	emlRunPairwiseAnalysis
c0328	posthoc_paired__perfect_diff	11.666666666666666	emlRunPairwiseAnalysis
c0328	posthoc_paired__welch_df	17.028808201623235	emlRunPairwiseAnalysis
c0328	posthoc_paired__welch_diff	2.666666666666666	emlRunPairwiseAnalysis
c0328	posthoc_perfect__welch_df	12.811764705882355	emlRunPairwiseAnalysis
c0328	posthoc_perfect__welch_diff	-9	emlRunPairwiseAnalysis
c0329	n	50	emlRunPairwiseAnalysis
c0329	k	5	emlRunPairwiseAnalysis
c0329	posthoc_corr__mwu_padj	0.02234243086849689	emlRunPairwiseAnalysis
c0329	posthoc_corr__mwu_t	2.749454917621261	emlRunPairwiseAnalysis
c0329	posthoc_corr__mwu_cohens_d	0.9827358526596335	emlRunPairwiseAnalysis
c0329	posthoc_corr__mwu_p	0.015639701607947823	emlRunPairwiseAnalysis
c0329	posthoc_corr__paired_padj	2.7104904884975687e-07	emlRunPairwiseAnalysis
c0329	posthoc_corr__paired_t	-7.823711198795349	emlRunPairwiseAnalysis
c0329	posthoc_corr__paired_cohens_d	-3.0043639277189063	emlRunPairwiseAnalysis
c0329	posthoc_corr__paired_p	5.4209809769951376e-08	emlRunPairwiseAnalysis
c0329	posthoc_corr__perfect_padj	0.026922327055090116	emlRunPairwiseAnalysis
c0329	posthoc_corr__perfect_t	2.5053113578905046	emlRunPairwiseAnalysis
c0329	posthoc_corr__perfect_cohens_d	0.9215557470842439	emlRunPairwiseAnalysis
c0329	posthoc_corr__perfect_p	0.021537861644072093	emlRunPairwiseAnalysis
c0329	posthoc_corr__welch_padj	0.00019352581705053124	emlRunPairwiseAnalysis
c0329	posthoc_corr__welch_t	-4.750506939523274	emlRunPairwiseAnalysis
c0329	posthoc_corr__welch_cohens_d	-1.9411425885796207	emlRunPairwiseAnalysis
c0329	posthoc_corr__welch_p	0.00011611549023031874	emlRunPairwiseAnalysis
c0329	posthoc_mwu__paired_padj	3.370817831994178e-07	emlRunPairwiseAnalysis
c0329	posthoc_mwu__paired_t	-12.569912307482092	emlRunPairwiseAnalysis
c0329	posthoc_mwu__paired_cohens_d	-5.303958509195748	emlRunPairwiseAnalysis
c0329	posthoc_mwu__paired_p	1.0112453495982535e-07	emlRunPairwiseAnalysis
c0329	posthoc_mwu__perfect_padj	0.5531166300326702	emlRunPairwiseAnalysis
c0329	posthoc_mwu__perfect_t	-0.6255432421712243	emlRunPairwiseAnalysis
c0329	posthoc_mwu__perfect_cohens_d	-0.3464101615137754	emlRunPairwiseAnalysis
c0329	posthoc_mwu__perfect_p	0.5531166300326702	emlRunPairwiseAnalysis
c0329	posthoc_mwu__welch_padj	8.224837477035724e-06	emlRunPairwiseAnalysis
c0329	posthoc_mwu__welch_t	-7.981596478959655	emlRunPairwiseAnalysis
c0329	posthoc_mwu__welch_cohens_d	-3.3763886032268258	emlRunPairwiseAnalysis
c0329	posthoc_mwu__welch_p	4.112418738517862e-06	emlRunPairwiseAnalysis
c0329	posthoc_paired__perfect_padj	5.514634595004291e-10	emlRunPairwiseAnalysis
c0329	posthoc_paired__perfect_t	13.5400640077266	emlRunPairwiseAnalysis
c0329	posthoc_paired__perfect_cohens_d	5.540916385036406	emlRunPairwiseAnalysis
c0329	posthoc_paired__perfect_p	5.514634595004291e-11	emlRunPairwiseAnalysis
c0329	posthoc_paired__welch_padj	0.050079958431692634	emlRunPairwiseAnalysis
c0329	posthoc_paired__welch_t	2.162808559208922	emlRunPairwiseAnalysis
c0329	posthoc_paired__welch_cohens_d	0.9467621366623015	emlRunPairwiseAnalysis
c0329	posthoc_paired__welch_p	0.045071962588523376	emlRunPairwiseAnalysis
c0329	posthoc_perfect__welch_padj	5.090186290068848e-06	emlRunPairwiseAnalysis
c0329	posthoc_perfect__welch_t	-8.140806303599616	emlRunPairwiseAnalysis
c0329	posthoc_perfect__welch_cohens_d	-3.640679257301507	emlRunPairwiseAnalysis
c0329	posthoc_perfect__welch_p	2.036074516027539e-06	emlRunPairwiseAnalysis
c0329	posthoc_corr__mwu_df	14.026898610778254	emlRunPairwiseAnalysis
c0329	posthoc_corr__mwu_diff	3.071428571428571	emlRunPairwiseAnalysis
c0329	posthoc_corr__paired_df	23.490046769286725	emlRunPairwiseAnalysis
c0329	posthoc_corr__paired_diff	-9.095238095238095	emlRunPairwiseAnalysis
c0329	posthoc_corr__perfect_df	18.925999014422576	emlRunPairwiseAnalysis
c0329	posthoc_corr__perfect_diff	2.571428571428571	emlRunPairwiseAnalysis
c0329	posthoc_corr__welch_df	20.415307172417684	emlRunPairwiseAnalysis
c0329	posthoc_corr__welch_diff	-6.428571428571429	emlRunPairwiseAnalysis
c0329	posthoc_mwu__paired_df	10.642769276189538	emlRunPairwiseAnalysis
c0329	posthoc_mwu__paired_diff	-12.166666666666666	emlRunPairwiseAnalysis
c0329	posthoc_mwu__perfect_df	6.442489851150203	emlRunPairwiseAnalysis
c0329	posthoc_mwu__perfect_diff	-0.5	emlRunPairwiseAnalysis
c0329	posthoc_mwu__welch_df	11.876712328767125	emlRunPairwiseAnalysis
c0329	posthoc_mwu__welch_diff	-9.5	emlRunPairwiseAnalysis
c0329	posthoc_paired__perfect_df	18.31945502967194	emlRunPairwiseAnalysis
c0329	posthoc_paired__perfect_diff	11.666666666666666	emlRunPairwiseAnalysis
c0329	posthoc_paired__welch_df	17.028808201623235	emlRunPairwiseAnalysis
c0329	posthoc_paired__welch_diff	2.666666666666666	emlRunPairwiseAnalysis
c0329	posthoc_perfect__welch_df	12.811764705882355	emlRunPairwiseAnalysis
c0329	posthoc_perfect__welch_diff	-9	emlRunPairwiseAnalysis
c0330	n	50	emlRunPairwiseAnalysis
c0330	k	5	emlRunPairwiseAnalysis
c0330	posthoc_corr__mwu_padj	1	emlRunPairwiseAnalysis
c0330	posthoc_corr__mwu_t	1.7333831137362692	emlRunPairwiseAnalysis
c0330	posthoc_corr__mwu_cohens_d	0.9827358526596335	emlRunPairwiseAnalysis
c0330	posthoc_corr__mwu_p	0.10225214583785747	emlRunPairwiseAnalysis
c0330	posthoc_corr__paired_padj	7.108583180103026e-07	emlRunPairwiseAnalysis
c0330	posthoc_corr__paired_t	-7.636959822292356	emlRunPairwiseAnalysis
c0330	posthoc_corr__paired_cohens_d	-3.0043639277189063	emlRunPairwiseAnalysis
c0330	posthoc_corr__paired_p	7.108583180103026e-08	emlRunPairwiseAnalysis
c0330	posthoc_corr__perfect_padj	0.3659094055381835	emlRunPairwiseAnalysis
c0330	posthoc_corr__perfect_t	2.2257685872689748	emlRunPairwiseAnalysis
c0330	posthoc_corr__perfect_cohens_d	0.9215557470842439	emlRunPairwiseAnalysis
c0330	posthoc_corr__perfect_p	0.036590940553818355	emlRunPairwiseAnalysis
c0330	posthoc_corr__welch_padj	0.0011235385191574934	emlRunPairwiseAnalysis
c0330	posthoc_corr__welch_t	-4.688304761530115	emlRunPairwiseAnalysis
c0330	posthoc_corr__welch_cohens_d	-1.9411425885796207	emlRunPairwiseAnalysis
c0330	posthoc_corr__welch_p	0.00011235385191574934	emlRunPairwiseAnalysis
c0330	posthoc_mwu__paired_padj	2.643054826818037e-06	emlRunPairwiseAnalysis
c0330	posthoc_mwu__paired_t	-9.186725619164315	emlRunPairwiseAnalysis
c0330	posthoc_mwu__paired_cohens_d	-5.303958509195748	emlRunPairwiseAnalysis
c0330	posthoc_mwu__paired_p	2.643054826818037e-07	emlRunPairwiseAnalysis
c0330	posthoc_mwu__perfect_padj	1	emlRunPairwiseAnalysis
c0330	posthoc_mwu__perfect_t	-0.5855400437691199	emlRunPairwiseAnalysis
c0330	posthoc_mwu__perfect_cohens_d	-0.3464101615137754	emlRunPairwiseAnalysis
c0330	posthoc_mwu__perfect_p	0.5690331249007394	emlRunPairwiseAnalysis
c0330	posthoc_mwu__welch_padj	0.000980222612673942	emlRunPairwiseAnalysis
c0330	posthoc_mwu__welch_t	-5.707138387268051	emlRunPairwiseAnalysis
c0330	posthoc_mwu__welch_cohens_d	-3.3763886032268258	emlRunPairwiseAnalysis
c0330	posthoc_mwu__welch_p	9.80222612673942e-05	emlRunPairwiseAnalysis
c0330	posthoc_paired__perfect_padj	3.542304644700683e-10	emlRunPairwiseAnalysis
c0330	posthoc_paired__perfect_t	12.940792666314373	emlRunPairwiseAnalysis
c0330	posthoc_paired__perfect_cohens_d	5.540916385036406	emlRunPairwiseAnalysis
c0330	posthoc_paired__perfect_p	3.542304644700683e-11	emlRunPairwiseAnalysis
c0330	posthoc_paired__welch_padj	0.38834469344275596	emlRunPairwiseAnalysis
c0330	posthoc_paired__welch_t	2.2111599712911274	emlRunPairwiseAnalysis
c0330	posthoc_paired__welch_cohens_d	0.9467621366623015	emlRunPairwiseAnalysis
c0330	posthoc_paired__welch_p	0.0388344693442756	emlRunPairwiseAnalysis
c0330	posthoc_perfect__welch_padj	1.9098167972416887e-06	emlRunPairwiseAnalysis
c0330	posthoc_perfect__welch_t	-8.140806303599616	emlRunPairwiseAnalysis
c0330	posthoc_perfect__welch_cohens_d	-3.640679257301507	emlRunPairwiseAnalysis
c0330	posthoc_perfect__welch_p	1.909816797241689e-07	emlRunPairwiseAnalysis
c0330	posthoc_corr__mwu_df	16	emlRunPairwiseAnalysis
c0330	posthoc_corr__mwu_diff	3.071428571428571	emlRunPairwiseAnalysis
c0330	posthoc_corr__mwu_ci_low	-2.6908658396045517	emlRunPairwiseAnalysis
c0330	posthoc_corr__mwu_ci_high	8.833722982461694	emlRunPairwiseAnalysis
c0330	posthoc_corr__paired_df	24	emlRunPairwiseAnalysis
c0330	posthoc_corr__paired_diff	-9.095238095238095	emlRunPairwiseAnalysis
c0330	posthoc_corr__paired_ci_low	-12.775885527753054	emlRunPairwiseAnalysis
c0330	posthoc_corr__paired_ci_high	-5.4145906627231355	emlRunPairwiseAnalysis
c0330	posthoc_corr__perfect_df	22	emlRunPairwiseAnalysis
c0330	posthoc_corr__perfect_diff	2.571428571428571	emlRunPairwiseAnalysis
c0330	posthoc_corr__perfect_ci_low	-1.0317464040189464	emlRunPairwiseAnalysis
c0330	posthoc_corr__perfect_ci_high	6.174603546876089	emlRunPairwiseAnalysis
c0330	posthoc_corr__welch_df	22	emlRunPairwiseAnalysis
c0330	posthoc_corr__welch_diff	-6.428571428571429	emlRunPairwiseAnalysis
c0330	posthoc_corr__welch_ci_low	-10.705081853294395	emlRunPairwiseAnalysis
c0330	posthoc_corr__welch_ci_high	-2.1520610038484618	emlRunPairwiseAnalysis
c0330	posthoc_mwu__paired_df	14	emlRunPairwiseAnalysis
c0330	posthoc_mwu__paired_diff	-12.166666666666666	emlRunPairwiseAnalysis
c0330	posthoc_mwu__paired_ci_low	-16.571133952154547	emlRunPairwiseAnalysis
c0330	posthoc_mwu__paired_ci_high	-7.762199381178786	emlRunPairwiseAnalysis
c0330	posthoc_mwu__perfect_df	12	emlRunPairwiseAnalysis
c0330	posthoc_mwu__perfect_diff	-0.5	emlRunPairwiseAnalysis
c0330	posthoc_mwu__perfect_ci_low	-3.4275916128838646	emlRunPairwiseAnalysis
c0330	posthoc_mwu__perfect_ci_high	2.4275916128838646	emlRunPairwiseAnalysis
c0330	posthoc_mwu__welch_df	12	emlRunPairwiseAnalysis
c0330	posthoc_mwu__welch_diff	-9.5	emlRunPairwiseAnalysis
c0330	posthoc_mwu__welch_ci_low	-15.206926675273321	emlRunPairwiseAnalysis
c0330	posthoc_mwu__welch_ci_high	-3.793073324726679	emlRunPairwiseAnalysis
c0330	posthoc_paired__perfect_df	20	emlRunPairwiseAnalysis
c0330	posthoc_paired__perfect_diff	11.666666666666666	emlRunPairwiseAnalysis
c0330	posthoc_paired__perfect_ci_low	8.823743993183593	emlRunPairwiseAnalysis
c0330	posthoc_paired__perfect_ci_high	14.50958934014974	emlRunPairwiseAnalysis
c0330	posthoc_paired__welch_df	20	emlRunPairwiseAnalysis
c0330	posthoc_paired__welch_diff	2.666666666666666	emlRunPairwiseAnalysis
c0330	posthoc_paired__welch_ci_low	-1.1363454161001738	emlRunPairwiseAnalysis
c0330	posthoc_paired__welch_ci_high	6.4696787494335055	emlRunPairwiseAnalysis
c0330	posthoc_perfect__welch_df	18	emlRunPairwiseAnalysis
c0330	posthoc_perfect__welch_diff	-9	emlRunPairwiseAnalysis
c0330	posthoc_perfect__welch_ci_low	-12.533945769914233	emlRunPairwiseAnalysis
c0330	posthoc_perfect__welch_ci_high	-5.466054230085767	emlRunPairwiseAnalysis
c0331	n	50	emlRunPairwiseAnalysis
c0331	k	5	emlRunPairwiseAnalysis
c0331	posthoc_corr__mwu_padj	0.20450429167571493	emlRunPairwiseAnalysis
c0331	posthoc_corr__mwu_t	1.7333831137362692	emlRunPairwiseAnalysis
c0331	posthoc_corr__mwu_cohens_d	0.9827358526596335	emlRunPairwiseAnalysis
c0331	posthoc_corr__mwu_p	0.10225214583785747	emlRunPairwiseAnalysis
c0331	posthoc_corr__paired_padj	6.397724862092723e-07	emlRunPairwiseAnalysis
c0331	posthoc_corr__paired_t	-7.636959822292356	emlRunPairwiseAnalysis
c0331	posthoc_corr__paired_cohens_d	-3.0043639277189063	emlRunPairwiseAnalysis
c0331	posthoc_corr__paired_p	7.108583180103026e-08	emlRunPairwiseAnalysis
c0331	posthoc_corr__perfect_padj	0.14636376221527342	emlRunPairwiseAnalysis
c0331	posthoc_corr__perfect_t	2.2257685872689748	emlRunPairwiseAnalysis
c0331	posthoc_corr__perfect_cohens_d	0.9215557470842439	emlRunPairwiseAnalysis
c0331	posthoc_corr__perfect_p	0.036590940553818355	emlRunPairwiseAnalysis
c0331	posthoc_corr__welch_padj	0.0005881335676043652	emlRunPairwiseAnalysis
c0331	posthoc_corr__welch_t	-4.688304761530115	emlRunPairwiseAnalysis
c0331	posthoc_corr__welch_cohens_d	-1.9411425885796207	emlRunPairwiseAnalysis
c0331	posthoc_corr__welch_p	0.00011235385191574934	emlRunPairwiseAnalysis
c0331	posthoc_mwu__paired_padj	1.850138378772626e-06	emlRunPairwiseAnalysis
c0331	posthoc_mwu__paired_t	-9.186725619164315	emlRunPairwiseAnalysis
c0331	posthoc_mwu__paired_cohens_d	-5.303958509195748	emlRunPairwiseAnalysis
c0331	posthoc_mwu__paired_p	2.643054826818037e-07	emlRunPairwiseAnalysis
c0331	posthoc_mwu__perfect_padj	0.5690331249007394	emlRunPairwiseAnalysis
c0331	posthoc_mwu__perfect_t	-0.5855400437691199	emlRunPairwiseAnalysis
c0331	posthoc_mwu__perfect_cohens_d	-0.3464101615137754	emlRunPairwiseAnalysis
c0331	posthoc_mwu__perfect_p	0.5690331249007394	emlRunPairwiseAnalysis
c0331	posthoc_mwu__welch_padj	0.0005881335676043652	emlRunPairwiseAnalysis
c0331	posthoc_mwu__welch_t	-5.707138387268051	emlRunPairwiseAnalysis
c0331	posthoc_mwu__welch_cohens_d	-3.3763886032268258	emlRunPairwiseAnalysis
c0331	posthoc_mwu__welch_p	9.80222612673942e-05	emlRunPairwiseAnalysis
c0331	posthoc_paired__perfect_padj	3.542304644700683e-10	emlRunPairwiseAnalysis
c0331	posthoc_paired__perfect_t	12.940792666314373	emlRunPairwiseAnalysis
c0331	posthoc_paired__perfect_cohens_d	5.540916385036406	emlRunPairwiseAnalysis
c0331	posthoc_paired__perfect_p	3.542304644700683e-11	emlRunPairwiseAnalysis
c0331	posthoc_paired__welch_padj	0.14636376221527342	emlRunPairwiseAnalysis
c0331	posthoc_paired__welch_t	2.2111599712911274	emlRunPairwiseAnalysis
c0331	posthoc_paired__welch_cohens_d	0.9467621366623015	emlRunPairwiseAnalysis
c0331	posthoc_paired__welch_p	0.0388344693442756	emlRunPairwiseAnalysis
c0331	posthoc_perfect__welch_padj	1.5278534377933512e-06	emlRunPairwiseAnalysis
c0331	posthoc_perfect__welch_t	-8.140806303599616	emlRunPairwiseAnalysis
c0331	posthoc_perfect__welch_cohens_d	-3.640679257301507	emlRunPairwiseAnalysis
c0331	posthoc_perfect__welch_p	1.909816797241689e-07	emlRunPairwiseAnalysis
c0331	posthoc_corr__mwu_df	16	emlRunPairwiseAnalysis
c0331	posthoc_corr__mwu_diff	3.071428571428571	emlRunPairwiseAnalysis
c0331	posthoc_corr__paired_df	24	emlRunPairwiseAnalysis
c0331	posthoc_corr__paired_diff	-9.095238095238095	emlRunPairwiseAnalysis
c0331	posthoc_corr__perfect_df	22	emlRunPairwiseAnalysis
c0331	posthoc_corr__perfect_diff	2.571428571428571	emlRunPairwiseAnalysis
c0331	posthoc_corr__welch_df	22	emlRunPairwiseAnalysis
c0331	posthoc_corr__welch_diff	-6.428571428571429	emlRunPairwiseAnalysis
c0331	posthoc_mwu__paired_df	14	emlRunPairwiseAnalysis
c0331	posthoc_mwu__paired_diff	-12.166666666666666	emlRunPairwiseAnalysis
c0331	posthoc_mwu__perfect_df	12	emlRunPairwiseAnalysis
c0331	posthoc_mwu__perfect_diff	-0.5	emlRunPairwiseAnalysis
c0331	posthoc_mwu__welch_df	12	emlRunPairwiseAnalysis
c0331	posthoc_mwu__welch_diff	-9.5	emlRunPairwiseAnalysis
c0331	posthoc_paired__perfect_df	20	emlRunPairwiseAnalysis
c0331	posthoc_paired__perfect_diff	11.666666666666666	emlRunPairwiseAnalysis
c0331	posthoc_paired__welch_df	20	emlRunPairwiseAnalysis
c0331	posthoc_paired__welch_diff	2.666666666666666	emlRunPairwiseAnalysis
c0331	posthoc_perfect__welch_df	18	emlRunPairwiseAnalysis
c0331	posthoc_perfect__welch_diff	-9	emlRunPairwiseAnalysis
c0332	n	50	emlRunPairwiseAnalysis
c0332	k	5	emlRunPairwiseAnalysis
c0332	posthoc_corr__mwu_padj	0.11361349537539718	emlRunPairwiseAnalysis
c0332	posthoc_corr__mwu_t	1.7333831137362692	emlRunPairwiseAnalysis
c0332	posthoc_corr__mwu_cohens_d	0.9827358526596335	emlRunPairwiseAnalysis
c0332	posthoc_corr__mwu_p	0.10225214583785747	emlRunPairwiseAnalysis
c0332	posthoc_corr__paired_padj	3.554291590051513e-07	emlRunPairwiseAnalysis
c0332	posthoc_corr__paired_t	-7.636959822292356	emlRunPairwiseAnalysis
c0332	posthoc_corr__paired_cohens_d	-3.0043639277189063	emlRunPairwiseAnalysis
c0332	posthoc_corr__paired_p	7.108583180103026e-08	emlRunPairwiseAnalysis
c0332	posthoc_corr__perfect_padj	0.048543086680344495	emlRunPairwiseAnalysis
c0332	posthoc_corr__perfect_t	2.2257685872689748	emlRunPairwiseAnalysis
c0332	posthoc_corr__perfect_cohens_d	0.9215557470842439	emlRunPairwiseAnalysis
c0332	posthoc_corr__perfect_p	0.036590940553818355	emlRunPairwiseAnalysis
c0332	posthoc_corr__welch_padj	0.00018725641985958223	emlRunPairwiseAnalysis
c0332	posthoc_corr__welch_t	-4.688304761530115	emlRunPairwiseAnalysis
c0332	posthoc_corr__welch_cohens_d	-1.9411425885796207	emlRunPairwiseAnalysis
c0332	posthoc_corr__welch_p	0.00011235385191574934	emlRunPairwiseAnalysis
c0332	posthoc_mwu__paired_padj	6.607637067045092e-07	emlRunPairwiseAnalysis
c0332	posthoc_mwu__paired_t	-9.186725619164315	emlRunPairwiseAnalysis
c0332	posthoc_mwu__paired_cohens_d	-5.303958509195748	emlRunPairwiseAnalysis
c0332	posthoc_mwu__paired_p	2.643054826818037e-07	emlRunPairwiseAnalysis
c0332	posthoc_mwu__perfect_padj	0.5690331249007394	emlRunPairwiseAnalysis
c0332	posthoc_mwu__perfect_t	-0.5855400437691199	emlRunPairwiseAnalysis
c0332	posthoc_mwu__perfect_cohens_d	-0.3464101615137754	emlRunPairwiseAnalysis
c0332	posthoc_mwu__perfect_p	0.5690331249007394	emlRunPairwiseAnalysis
c0332	posthoc_mwu__welch_padj	0.00018725641985958223	emlRunPairwiseAnalysis
c0332	posthoc_mwu__welch_t	-5.707138387268051	emlRunPairwiseAnalysis
c0332	posthoc_mwu__welch_cohens_d	-3.3763886032268258	emlRunPairwiseAnalysis
c0332	posthoc_mwu__welch_p	9.80222612673942e-05	emlRunPairwiseAnalysis
c0332	posthoc_paired__perfect_padj	3.542304644700683e-10	emlRunPairwiseAnalysis
c0332	posthoc_paired__perfect_t	12.940792666314373	emlRunPairwiseAnalysis
c0332	posthoc_paired__perfect_cohens_d	5.540916385036406	emlRunPairwiseAnalysis
c0332	posthoc_paired__perfect_p	3.542304644700683e-11	emlRunPairwiseAnalysis
c0332	posthoc_paired__welch_padj	0.048543086680344495	emlRunPairwiseAnalysis
c0332	posthoc_paired__welch_t	2.2111599712911274	emlRunPairwiseAnalysis
c0332	posthoc_paired__welch_cohens_d	0.9467621366623015	emlRunPairwiseAnalysis
c0332	posthoc_paired__welch_p	0.0388344693442756	emlRunPairwiseAnalysis
c0332	posthoc_perfect__welch_padj	6.36605599080563e-07	emlRunPairwiseAnalysis
c0332	posthoc_perfect__welch_t	-8.140806303599616	emlRunPairwiseAnalysis
c0332	posthoc_perfect__welch_cohens_d	-3.640679257301507	emlRunPairwiseAnalysis
c0332	posthoc_perfect__welch_p	1.909816797241689e-07	emlRunPairwiseAnalysis
c0332	posthoc_corr__mwu_df	16	emlRunPairwiseAnalysis
c0332	posthoc_corr__mwu_diff	3.071428571428571	emlRunPairwiseAnalysis
c0332	posthoc_corr__paired_df	24	emlRunPairwiseAnalysis
c0332	posthoc_corr__paired_diff	-9.095238095238095	emlRunPairwiseAnalysis
c0332	posthoc_corr__perfect_df	22	emlRunPairwiseAnalysis
c0332	posthoc_corr__perfect_diff	2.571428571428571	emlRunPairwiseAnalysis
c0332	posthoc_corr__welch_df	22	emlRunPairwiseAnalysis
c0332	posthoc_corr__welch_diff	-6.428571428571429	emlRunPairwiseAnalysis
c0332	posthoc_mwu__paired_df	14	emlRunPairwiseAnalysis
c0332	posthoc_mwu__paired_diff	-12.166666666666666	emlRunPairwiseAnalysis
c0332	posthoc_mwu__perfect_df	12	emlRunPairwiseAnalysis
c0332	posthoc_mwu__perfect_diff	-0.5	emlRunPairwiseAnalysis
c0332	posthoc_mwu__welch_df	12	emlRunPairwiseAnalysis
c0332	posthoc_mwu__welch_diff	-9.5	emlRunPairwiseAnalysis
c0332	posthoc_paired__perfect_df	20	emlRunPairwiseAnalysis
c0332	posthoc_paired__perfect_diff	11.666666666666666	emlRunPairwiseAnalysis
c0332	posthoc_paired__welch_df	20	emlRunPairwiseAnalysis
c0332	posthoc_paired__welch_diff	2.666666666666666	emlRunPairwiseAnalysis
c0332	posthoc_perfect__welch_df	18	emlRunPairwiseAnalysis
c0332	posthoc_perfect__welch_diff	-9	emlRunPairwiseAnalysis
c0333	n	50	emlRunPairwiseAnalysis
c0333	k	5	emlRunPairwiseAnalysis
c0333	posthoc_corr__mwu_padj	0.791039616024859	emlRunPairwiseAnalysis
c0333	posthoc_corr__mwu_u	45	emlRunPairwiseAnalysis
c0333	posthoc_corr__mwu_rank_biserial	0.6071428571428571	emlRunPairwiseAnalysis
c0333	posthoc_corr__mwu_p	0.0791039616024859	emlRunPairwiseAnalysis
c0333	posthoc_corr__paired_padj	0.00042926282911542277	emlRunPairwiseAnalysis
c0333	posthoc_corr__paired_u	4	emlRunPairwiseAnalysis
c0333	posthoc_corr__paired_rank_biserial	-0.9523809523809523	emlRunPairwiseAnalysis
c0333	posthoc_corr__paired_p	4.292628291154228e-05	emlRunPairwiseAnalysis
c0333	posthoc_corr__perfect_padj	0.5596174532490801	emlRunPairwiseAnalysis
c0333	posthoc_corr__perfect_u	103	emlRunPairwiseAnalysis
c0333	posthoc_corr__perfect_rank_biserial	0.4714285714285714	emlRunPairwiseAnalysis
c0333	posthoc_corr__perfect_p	0.055961745324908004	emlRunPairwiseAnalysis
c0333	posthoc_corr__welch_padj	0.009338247729674946	emlRunPairwiseAnalysis
c0333	posthoc_corr__welch_u	13	emlRunPairwiseAnalysis
c0333	posthoc_corr__welch_rank_biserial	-0.8142857142857143	emlRunPairwiseAnalysis
c0333	posthoc_corr__welch_p	0.0009338247729674946	emlRunPairwiseAnalysis
c0333	posthoc_mwu__paired_padj	0.042887897656194954	emlRunPairwiseAnalysis
c0333	posthoc_mwu__paired_u	0	emlRunPairwiseAnalysis
c0333	posthoc_mwu__paired_rank_biserial	-1	emlRunPairwiseAnalysis
c0333	posthoc_mwu__paired_p	0.004288789765619495	emlRunPairwiseAnalysis
c0333	posthoc_mwu__perfect_padj	1	emlRunPairwiseAnalysis
c0333	posthoc_mwu__perfect_u	16	emlRunPairwiseAnalysis
c0333	posthoc_mwu__perfect_rank_biserial	-0.2	emlRunPairwiseAnalysis
c0333	posthoc_mwu__perfect_p	0.6139178031705241	emlRunPairwiseAnalysis
c0333	posthoc_mwu__welch_padj	0.05713299834525596	emlRunPairwiseAnalysis
c0333	posthoc_mwu__welch_u	0	emlRunPairwiseAnalysis
c0333	posthoc_mwu__welch_rank_biserial	-1	emlRunPairwiseAnalysis
c0333	posthoc_mwu__welch_p	0.005713299834525596	emlRunPairwiseAnalysis
c0333	posthoc_paired__perfect_padj	0.0008417017201509565	emlRunPairwiseAnalysis
c0333	posthoc_paired__perfect_u	120	emlRunPairwiseAnalysis
c0333	posthoc_paired__perfect_rank_biserial	1	emlRunPairwiseAnalysis
c0333	posthoc_paired__perfect_p	8.417017201509565e-05	emlRunPairwiseAnalysis
c0333	posthoc_paired__welch_padj	0.3986612713918825	emlRunPairwiseAnalysis
c0333	posthoc_paired__welch_u	91.5	emlRunPairwiseAnalysis
c0333	posthoc_paired__welch_rank_biserial	0.525	emlRunPairwiseAnalysis
c0333	posthoc_paired__welch_p	0.03986612713918825	emlRunPairwiseAnalysis
c0333	posthoc_perfect__welch_padj	0.001756155310459087	emlRunPairwiseAnalysis
c0333	posthoc_perfect__welch_u	0	emlRunPairwiseAnalysis
c0333	posthoc_perfect__welch_rank_biserial	-1	emlRunPairwiseAnalysis
c0333	posthoc_perfect__welch_p	0.0001756155310459087	emlRunPairwiseAnalysis
c0333	posthoc_corr__mwu_diff	2.6500000000000004	emlRunPairwiseAnalysis
c0333	posthoc_corr__mwu_ci_low	-2.0000529351489287	emlRunPairwiseAnalysis
c0333	posthoc_corr__mwu_ci_high	10.400026370772746	emlRunPairwiseAnalysis
c0333	posthoc_corr__paired_diff	-9.399999999999999	emlRunPairwiseAnalysis
c0333	posthoc_corr__paired_ci_low	-13.00002460569673	emlRunPairwiseAnalysis
c0333	posthoc_corr__paired_ci_high	-5.000057817567633	emlRunPairwiseAnalysis
c0333	posthoc_corr__perfect_diff	2	emlRunPairwiseAnalysis
c0333	posthoc_corr__perfect_ci_low	-1.0000128732547506	emlRunPairwiseAnalysis
c0333	posthoc_corr__perfect_ci_high	6.799994385568899	emlRunPairwiseAnalysis
c0333	posthoc_corr__welch_diff	-6.4	emlRunPairwiseAnalysis
c0333	posthoc_corr__welch_ci_low	-10.9999653257893	emlRunPairwiseAnalysis
c0333	posthoc_corr__welch_ci_high	-1.800000004315403	emlRunPairwiseAnalysis
c0333	posthoc_mwu__paired_diff	-12	emlRunPairwiseAnalysis
c0333	posthoc_mwu__paired_ci_low	-18	emlRunPairwiseAnalysis
c0333	posthoc_mwu__paired_ci_high	-7	emlRunPairwiseAnalysis
c0333	posthoc_mwu__perfect_diff	-0.5	emlRunPairwiseAnalysis
c0333	posthoc_mwu__perfect_ci_low	-4	emlRunPairwiseAnalysis
c0333	posthoc_mwu__perfect_ci_high	3	emlRunPairwiseAnalysis
c0333	posthoc_mwu__welch_diff	-9	emlRunPairwiseAnalysis
c0333	posthoc_mwu__welch_ci_low	-17	emlRunPairwiseAnalysis
c0333	posthoc_mwu__welch_ci_high	-4	emlRunPairwiseAnalysis
c0333	posthoc_paired__perfect_diff	11.5	emlRunPairwiseAnalysis
c0333	posthoc_paired__perfect_ci_low	8.99996934257921	emlRunPairwiseAnalysis
c0333	posthoc_paired__perfect_ci_high	14.99993816774086	emlRunPairwiseAnalysis
c0333	posthoc_paired__welch_diff	3	emlRunPairwiseAnalysis
c0333	posthoc_paired__welch_ci_low	-1.99996135546741	emlRunPairwiseAnalysis
c0333	posthoc_paired__welch_ci_high	6.999958999984405	emlRunPairwiseAnalysis
c0333	posthoc_perfect__welch_diff	-8.5	emlRunPairwiseAnalysis
c0333	posthoc_perfect__welch_ci_low	-13.000077447537851	emlRunPairwiseAnalysis
c0333	posthoc_perfect__welch_ci_high	-5.0000619284972645	emlRunPairwiseAnalysis
c0334	n	50	emlRunPairwiseAnalysis
c0334	k	5	emlRunPairwiseAnalysis
c0334	posthoc_corr__mwu_padj	0.16788523597472402	emlRunPairwiseAnalysis
c0334	posthoc_corr__mwu_u	45	emlRunPairwiseAnalysis
c0334	posthoc_corr__mwu_rank_biserial	0.6071428571428571	emlRunPairwiseAnalysis
c0334	posthoc_corr__mwu_p	0.0791039616024859	emlRunPairwiseAnalysis
c0334	posthoc_corr__paired_padj	0.00042926282911542277	emlRunPairwiseAnalysis
c0334	posthoc_corr__paired_u	4	emlRunPairwiseAnalysis
c0334	posthoc_corr__paired_rank_biserial	-0.9523809523809523	emlRunPairwiseAnalysis
c0334	posthoc_corr__paired_p	4.292628291154228e-05	emlRunPairwiseAnalysis
c0334	posthoc_corr__perfect_padj	0.16788523597472402	emlRunPairwiseAnalysis
c0334	posthoc_corr__perfect_u	103	emlRunPairwiseAnalysis
c0334	posthoc_corr__perfect_rank_biserial	0.4714285714285714	emlRunPairwiseAnalysis
c0334	posthoc_corr__perfect_p	0.055961745324908004	emlRunPairwiseAnalysis
c0334	posthoc_corr__welch_padj	0.006536773410772462	emlRunPairwiseAnalysis
c0334	posthoc_corr__welch_u	13	emlRunPairwiseAnalysis
c0334	posthoc_corr__welch_rank_biserial	-0.8142857142857143	emlRunPairwiseAnalysis
c0334	posthoc_corr__welch_p	0.0009338247729674946	emlRunPairwiseAnalysis
c0334	posthoc_mwu__paired_padj	0.02573273859371697	emlRunPairwiseAnalysis
c0334	posthoc_mwu__paired_u	0	emlRunPairwiseAnalysis
c0334	posthoc_mwu__paired_rank_biserial	-1	emlRunPairwiseAnalysis
c0334	posthoc_mwu__paired_p	0.004288789765619495	emlRunPairwiseAnalysis
c0334	posthoc_mwu__perfect_padj	0.6139178031705241	emlRunPairwiseAnalysis
c0334	posthoc_mwu__perfect_u	16	emlRunPairwiseAnalysis
c0334	posthoc_mwu__perfect_rank_biserial	-0.2	emlRunPairwiseAnalysis
c0334	posthoc_mwu__perfect_p	0.6139178031705241	emlRunPairwiseAnalysis
c0334	posthoc_mwu__welch_padj	0.02856649917262798	emlRunPairwiseAnalysis
c0334	posthoc_mwu__welch_u	0	emlRunPairwiseAnalysis
c0334	posthoc_mwu__welch_rank_biserial	-1	emlRunPairwiseAnalysis
c0334	posthoc_mwu__welch_p	0.005713299834525596	emlRunPairwiseAnalysis
c0334	posthoc_paired__perfect_padj	0.0007575315481358609	emlRunPairwiseAnalysis
c0334	posthoc_paired__perfect_u	120	emlRunPairwiseAnalysis
c0334	posthoc_paired__perfect_rank_biserial	1	emlRunPairwiseAnalysis
c0334	posthoc_paired__perfect_p	8.417017201509565e-05	emlRunPairwiseAnalysis
c0334	posthoc_paired__welch_padj	0.159464508556753	emlRunPairwiseAnalysis
c0334	posthoc_paired__welch_u	91.5	emlRunPairwiseAnalysis
c0334	posthoc_paired__welch_rank_biserial	0.525	emlRunPairwiseAnalysis
c0334	posthoc_paired__welch_p	0.03986612713918825	emlRunPairwiseAnalysis
c0334	posthoc_perfect__welch_padj	0.0014049242483672696	emlRunPairwiseAnalysis
c0334	posthoc_perfect__welch_u	0	emlRunPairwiseAnalysis
c0334	posthoc_perfect__welch_rank_biserial	-1	emlRunPairwiseAnalysis
c0334	posthoc_perfect__welch_p	0.0001756155310459087	emlRunPairwiseAnalysis
c0334	posthoc_corr__mwu_diff	2.6500000000000004	emlRunPairwiseAnalysis
c0334	posthoc_corr__paired_diff	-9.399999999999999	emlRunPairwiseAnalysis
c0334	posthoc_corr__perfect_diff	2	emlRunPairwiseAnalysis
c0334	posthoc_corr__welch_diff	-6.4	emlRunPairwiseAnalysis
c0334	posthoc_mwu__paired_diff	-12	emlRunPairwiseAnalysis
c0334	posthoc_mwu__perfect_diff	-0.5	emlRunPairwiseAnalysis
c0334	posthoc_mwu__welch_diff	-9	emlRunPairwiseAnalysis
c0334	posthoc_paired__perfect_diff	11.5	emlRunPairwiseAnalysis
c0334	posthoc_paired__welch_diff	3	emlRunPairwiseAnalysis
c0334	posthoc_perfect__welch_diff	-8.5	emlRunPairwiseAnalysis
c0335	n	50	emlRunPairwiseAnalysis
c0335	k	5	emlRunPairwiseAnalysis
c0335	posthoc_corr__mwu_padj	0.08789329066942878	emlRunPairwiseAnalysis
c0335	posthoc_corr__mwu_u	45	emlRunPairwiseAnalysis
c0335	posthoc_corr__mwu_rank_biserial	0.6071428571428571	emlRunPairwiseAnalysis
c0335	posthoc_corr__mwu_p	0.0791039616024859	emlRunPairwiseAnalysis
c0335	posthoc_corr__paired_padj	0.00042085086007547824	emlRunPairwiseAnalysis
c0335	posthoc_corr__paired_u	4	emlRunPairwiseAnalysis
c0335	posthoc_corr__paired_rank_biserial	-0.9523809523809523	emlRunPairwiseAnalysis
c0335	posthoc_corr__paired_p	4.292628291154228e-05	emlRunPairwiseAnalysis
c0335	posthoc_corr__perfect_padj	0.06995218165613501	emlRunPairwiseAnalysis
c0335	posthoc_corr__perfect_u	103	emlRunPairwiseAnalysis
c0335	posthoc_corr__perfect_rank_biserial	0.4714285714285714	emlRunPairwiseAnalysis
c0335	posthoc_corr__perfect_p	0.055961745324908004	emlRunPairwiseAnalysis
c0335	posthoc_corr__welch_padj	0.0023345619324187366	emlRunPairwiseAnalysis
c0335	posthoc_corr__welch_u	13	emlRunPairwiseAnalysis
c0335	posthoc_corr__welch_rank_biserial	-0.8142857142857143	emlRunPairwiseAnalysis
c0335	posthoc_corr__welch_p	0.0009338247729674946	emlRunPairwiseAnalysis
c0335	posthoc_mwu__paired_padj	0.00857757953123899	emlRunPairwiseAnalysis
c0335	posthoc_mwu__paired_u	0	emlRunPairwiseAnalysis
c0335	posthoc_mwu__paired_rank_biserial	-1	emlRunPairwiseAnalysis
c0335	posthoc_mwu__paired_p	0.004288789765619495	emlRunPairwiseAnalysis
c0335	posthoc_mwu__perfect_padj	0.6139178031705241	emlRunPairwiseAnalysis
c0335	posthoc_mwu__perfect_u	16	emlRunPairwiseAnalysis
c0335	posthoc_mwu__perfect_rank_biserial	-0.2	emlRunPairwiseAnalysis
c0335	posthoc_mwu__perfect_p	0.6139178031705241	emlRunPairwiseAnalysis
c0335	posthoc_mwu__welch_padj	0.009522166390875993	emlRunPairwiseAnalysis
c0335	posthoc_mwu__welch_u	0	emlRunPairwiseAnalysis
c0335	posthoc_mwu__welch_rank_biserial	-1	emlRunPairwiseAnalysis
c0335	posthoc_mwu__welch_p	0.005713299834525596	emlRunPairwiseAnalysis
c0335	posthoc_paired__perfect_padj	0.00042085086007547824	emlRunPairwiseAnalysis
c0335	posthoc_paired__perfect_u	120	emlRunPairwiseAnalysis
c0335	posthoc_paired__perfect_rank_biserial	1	emlRunPairwiseAnalysis
c0335	posthoc_paired__perfect_p	8.417017201509565e-05	emlRunPairwiseAnalysis
c0335	posthoc_paired__welch_padj	0.05695161019884036	emlRunPairwiseAnalysis
c0335	posthoc_paired__welch_u	91.5	emlRunPairwiseAnalysis
c0335	posthoc_paired__welch_rank_biserial	0.525	emlRunPairwiseAnalysis
c0335	posthoc_paired__welch_p	0.03986612713918825	emlRunPairwiseAnalysis
c0335	posthoc_perfect__welch_padj	0.0005853851034863623	emlRunPairwiseAnalysis
c0335	posthoc_perfect__welch_u	0	emlRunPairwiseAnalysis
c0335	posthoc_perfect__welch_rank_biserial	-1	emlRunPairwiseAnalysis
c0335	posthoc_perfect__welch_p	0.0001756155310459087	emlRunPairwiseAnalysis
c0335	posthoc_corr__mwu_diff	2.6500000000000004	emlRunPairwiseAnalysis
c0335	posthoc_corr__paired_diff	-9.399999999999999	emlRunPairwiseAnalysis
c0335	posthoc_corr__perfect_diff	2	emlRunPairwiseAnalysis
c0335	posthoc_corr__welch_diff	-6.4	emlRunPairwiseAnalysis
c0335	posthoc_mwu__paired_diff	-12	emlRunPairwiseAnalysis
c0335	posthoc_mwu__perfect_diff	-0.5	emlRunPairwiseAnalysis
c0335	posthoc_mwu__welch_diff	-9	emlRunPairwiseAnalysis
c0335	posthoc_paired__perfect_diff	11.5	emlRunPairwiseAnalysis
c0335	posthoc_paired__welch_diff	3	emlRunPairwiseAnalysis
c0335	posthoc_perfect__welch_diff	-8.5	emlRunPairwiseAnalysis
c0336	n	50	emlRunPairwiseAnalysis
c0336	k	5	emlRunPairwiseAnalysis
c0336	posthoc_corr__mwu_padj	0.4249793520468542	emlRunPairwiseAnalysis
c0336	posthoc_corr__mwu_diff	3.071428571428571	emlRunPairwiseAnalysis
c0336	posthoc_corr__mwu_f	0.9857393880632238	emlRunPairwiseAnalysis
c0336	posthoc_corr__paired_padj	7.081367024878121e-09	emlRunPairwiseAnalysis
c0336	posthoc_corr__paired_diff	-9.095238095238095	emlRunPairwiseAnalysis
c0336	posthoc_corr__paired_f	17.952702225369787	emlRunPairwiseAnalysis
c0336	posthoc_corr__perfect_padj	0.28612156970413216	emlRunPairwiseAnalysis
c0336	posthoc_corr__perfect_diff	2.571428571428571	emlRunPairwiseAnalysis
c0336	posthoc_corr__perfect_f	1.2954822677088338	emlRunPairwiseAnalysis
c0336	posthoc_corr__welch_padj	5.2476214614961284e-05	emlRunPairwiseAnalysis
c0336	posthoc_corr__welch_diff	-6.428571428571429	emlRunPairwiseAnalysis
c0336	posthoc_corr__welch_f	8.096764173180214	emlRunPairwiseAnalysis
c0336	posthoc_mwu__paired_padj	7.8130278364445e-08	emlRunPairwiseAnalysis
c0336	posthoc_mwu__paired_diff	-12.166666666666666	emlRunPairwiseAnalysis
c0336	posthoc_mwu__paired_f	14.91523920751316	emlRunPairwiseAnalysis
c0336	posthoc_mwu__perfect_padj	0.9988387945503088	emlRunPairwiseAnalysis
c0336	posthoc_mwu__perfect_diff	-0.5	emlRunPairwiseAnalysis
c0336	posthoc_mwu__perfect_f	0.023990412364978408	emlRunPairwiseAnalysis
c0336	posthoc_mwu__welch_padj	2.8474750524408517e-05	emlRunPairwiseAnalysis
c0336	posthoc_mwu__welch_diff	-9.5	emlRunPairwiseAnalysis
c0336	posthoc_mwu__welch_f	8.660538863757205	emlRunPairwiseAnalysis
c0336	posthoc_paired__perfect_padj	6.33164761142111e-11	emlRunPairwiseAnalysis
c0336	posthoc_paired__perfect_diff	11.666666666666666	emlRunPairwiseAnalysis
c0336	posthoc_paired__perfect_f	24.93548921571998	emlRunPairwiseAnalysis
c0336	posthoc_paired__welch_padj	0.2834093031013125	emlRunPairwiseAnalysis
c0336	posthoc_paired__welch_diff	2.666666666666666	emlRunPairwiseAnalysis
c0336	posthoc_paired__welch_f	1.3027520896376144	emlRunPairwiseAnalysis
c0336	posthoc_perfect__welch_padj	2.3956249725057364e-07	emlRunPairwiseAnalysis
c0336	posthoc_perfect__welch_diff	-9	emlRunPairwiseAnalysis
c0336	posthoc_perfect__welch_f	13.602563810942756	emlRunPairwiseAnalysis
c0336	posthoc_corr__mwu_ci_low	-1.8963596615396066	emlRunPairwiseAnalysis
c0336	posthoc_corr__mwu_ci_high	8.039216804396748	emlRunPairwiseAnalysis
c0336	posthoc_corr__paired_ci_low	-12.542330047610694	emlRunPairwiseAnalysis
c0336	posthoc_corr__paired_ci_high	-5.648146142865497	emlRunPairwiseAnalysis
c0336	posthoc_corr__perfect_ci_low	-1.0565309967119623	emlRunPairwiseAnalysis
c0336	posthoc_corr__perfect_ci_high	6.199388139569105	emlRunPairwiseAnalysis
c0336	posthoc_corr__welch_ci_low	-10.056530996711963	emlRunPairwiseAnalysis
c0336	posthoc_corr__welch_ci_high	-2.8006118604308954	emlRunPairwiseAnalysis
c0336	posthoc_mwu__paired_ci_low	-17.225614580908353	emlRunPairwiseAnalysis
c0336	posthoc_mwu__paired_ci_high	-7.10771875242498	emlRunPairwiseAnalysis
c0336	posthoc_mwu__perfect_ci_low	-5.683879020478856	emlRunPairwiseAnalysis
c0336	posthoc_mwu__perfect_ci_high	4.683879020478856	emlRunPairwiseAnalysis
c0336	posthoc_mwu__welch_ci_low	-14.683879020478855	emlRunPairwiseAnalysis
c0336	posthoc_mwu__welch_ci_high	-4.316120979521144	emlRunPairwiseAnalysis
c0336	posthoc_paired__perfect_ci_low	7.91485047987717	emlRunPairwiseAnalysis
c0336	posthoc_paired__perfect_ci_high	15.418482853456162	emlRunPairwiseAnalysis
c0336	posthoc_paired__welch_ci_low	-1.0851495201228296	emlRunPairwiseAnalysis
c0336	posthoc_paired__welch_ci_high	6.418482853456162	emlRunPairwiseAnalysis
c0336	posthoc_perfect__welch_ci_low	-12.91864420423776	emlRunPairwiseAnalysis
c0336	posthoc_perfect__welch_ci_high	-5.08135579576224	emlRunPairwiseAnalysis
c0337	n	50	emlRunPairwiseAnalysis
c0337	k	4	emlRunPairwiseAnalysis
c0337	posthoc_a__b_padj	1	emlRunPairwiseAnalysis
c0337	posthoc_a__b_t	-1.3753052069726748	emlRunPairwiseAnalysis
c0337	posthoc_a__b_cohens_d	-0.5394390836538024	emlRunPairwiseAnalysis
c0337	posthoc_a__b_p	0.18244486466411425	emlRunPairwiseAnalysis
c0337	posthoc_a__x_padj	0.0003549416920352274	emlRunPairwiseAnalysis
c0337	posthoc_a__x_t	5.29146063194507	emlRunPairwiseAnalysis
c0337	posthoc_a__x_cohens_d	2.0610761375286857	emlRunPairwiseAnalysis
c0337	posthoc_a__x_p	5.9156948672537906e-05	emlRunPairwiseAnalysis
c0337	posthoc_a__y_padj	0.024731008442064516	emlRunPairwiseAnalysis
c0337	posthoc_a__y_t	3.186339084324603	emlRunPairwiseAnalysis
c0337	posthoc_a__y_cohens_d	1.268115831078051	emlRunPairwiseAnalysis
c0337	posthoc_a__y_p	0.004121834740344086	emlRunPairwiseAnalysis
c0337	posthoc_b__x_padj	0.00014995605917193303	emlRunPairwiseAnalysis
c0337	posthoc_b__x_t	5.949012475234343	emlRunPairwiseAnalysis
c0337	posthoc_b__x_cohens_d	2.3059576224150797	emlRunPairwiseAnalysis
c0337	posthoc_b__x_p	2.4992676528655505e-05	emlRunPairwiseAnalysis
c0337	posthoc_b__y_padj	0.002500750697570276	emlRunPairwiseAnalysis
c0337	posthoc_b__y_t	4.176662309275437	emlRunPairwiseAnalysis
c0337	posthoc_b__y_cohens_d	1.6467342426622067	emlRunPairwiseAnalysis
c0337	posthoc_b__y_p	0.00041679178292837937	emlRunPairwiseAnalysis
c0337	posthoc_x__y_padj	0.8699115895271801	emlRunPairwiseAnalysis
c0337	posthoc_x__y_t	-1.5293340792001762	emlRunPairwiseAnalysis
c0337	posthoc_x__y_cohens_d	-0.6243480233815981	emlRunPairwiseAnalysis
c0337	posthoc_x__y_p	0.14498526492119668	emlRunPairwiseAnalysis
c0337	posthoc_a__b_df	22.723855781383676	emlRunPairwiseAnalysis
c0337	posthoc_a__b_diff	-2.615384615384615	emlRunPairwiseAnalysis
c0337	posthoc_a__b_ci_low	-8.11034512531236	emlRunPairwiseAnalysis
c0337	posthoc_a__b_ci_high	2.8795758945431293	emlRunPairwiseAnalysis
c0337	posthoc_a__x_df	17.058483241694532	emlRunPairwiseAnalysis
c0337	posthoc_a__x_diff	6.878205128205128	emlRunPairwiseAnalysis
c0337	posthoc_a__x_ci_low	3.0010614241341114	emlRunPairwiseAnalysis
c0337	posthoc_a__x_ci_high	10.755348832276145	emlRunPairwiseAnalysis
c0337	posthoc_a__y_df	22.924631760378144	emlRunPairwiseAnalysis
c0337	posthoc_a__y_diff	5.044871794871795	emlRunPairwiseAnalysis
c0337	posthoc_a__y_ci_low	0.47370311571253065	emlRunPairwiseAnalysis
c0337	posthoc_a__y_ci_high	9.61604047403106	emlRunPairwiseAnalysis
c0337	posthoc_b__x_df	15.237297263135016	emlRunPairwiseAnalysis
c0337	posthoc_b__x_diff	9.493589743589743	emlRunPairwiseAnalysis
c0337	posthoc_b__x_ci_low	4.659390311383325	emlRunPairwiseAnalysis
c0337	posthoc_b__x_ci_high	14.32778917579616	emlRunPairwiseAnalysis
c0337	posthoc_b__y_df	21.253551462302212	emlRunPairwiseAnalysis
c0337	posthoc_b__y_diff	7.66025641025641	emlRunPairwiseAnalysis
c0337	posthoc_b__y_ci_low	2.3258534232356425	emlRunPairwiseAnalysis
c0337	posthoc_b__y_ci_high	12.994659397277177	emlRunPairwiseAnalysis
c0337	posthoc_x__y_df	16.625001112456548	emlRunPairwiseAnalysis
c0337	posthoc_x__y_diff	-1.8333333333333335	emlRunPairwiseAnalysis
c0337	posthoc_x__y_ci_low	-5.421001731514274	emlRunPairwiseAnalysis
c0337	posthoc_x__y_ci_high	1.7543350648476066	emlRunPairwiseAnalysis
c0338	n	50	emlRunPairwiseAnalysis
c0338	k	4	emlRunPairwiseAnalysis
c0338	posthoc_a__b_padj	0.28997052984239335	emlRunPairwiseAnalysis
c0338	posthoc_a__b_t	-1.3753052069726748	emlRunPairwiseAnalysis
c0338	posthoc_a__b_cohens_d	-0.5394390836538024	emlRunPairwiseAnalysis
c0338	posthoc_a__b_p	0.18244486466411425	emlRunPairwiseAnalysis
c0338	posthoc_a__x_padj	0.00029578474336268955	emlRunPairwiseAnalysis
c0338	posthoc_a__x_t	5.29146063194507	emlRunPairwiseAnalysis
c0338	posthoc_a__x_cohens_d	2.0610761375286857	emlRunPairwiseAnalysis
c0338	posthoc_a__x_p	5.9156948672537906e-05	emlRunPairwiseAnalysis
c0338	posthoc_a__y_padj	0.012365504221032258	emlRunPairwiseAnalysis
c0338	posthoc_a__y_t	3.186339084324603	emlRunPairwiseAnalysis
c0338	posthoc_a__y_cohens_d	1.268115831078051	emlRunPairwiseAnalysis
c0338	posthoc_a__y_p	0.004121834740344086	emlRunPairwiseAnalysis
c0338	posthoc_b__x_padj	0.00014995605917193303	emlRunPairwiseAnalysis
c0338	posthoc_b__x_t	5.949012475234343	emlRunPairwiseAnalysis
c0338	posthoc_b__x_cohens_d	2.3059576224150797	emlRunPairwiseAnalysis
c0338	posthoc_b__x_p	2.4992676528655505e-05	emlRunPairwiseAnalysis
c0338	posthoc_b__y_padj	0.0016671671317135175	emlRunPairwiseAnalysis
c0338	posthoc_b__y_t	4.176662309275437	emlRunPairwiseAnalysis
c0338	posthoc_b__y_cohens_d	1.6467342426622067	emlRunPairwiseAnalysis
c0338	posthoc_b__y_p	0.00041679178292837937	emlRunPairwiseAnalysis
c0338	posthoc_x__y_padj	0.28997052984239335	emlRunPairwiseAnalysis
c0338	posthoc_x__y_t	-1.5293340792001762	emlRunPairwiseAnalysis
c0338	posthoc_x__y_cohens_d	-0.6243480233815981	emlRunPairwiseAnalysis
c0338	posthoc_x__y_p	0.14498526492119668	emlRunPairwiseAnalysis
c0338	posthoc_a__b_df	22.723855781383676	emlRunPairwiseAnalysis
c0338	posthoc_a__b_diff	-2.615384615384615	emlRunPairwiseAnalysis
c0338	posthoc_a__x_df	17.058483241694532	emlRunPairwiseAnalysis
c0338	posthoc_a__x_diff	6.878205128205128	emlRunPairwiseAnalysis
c0338	posthoc_a__y_df	22.924631760378144	emlRunPairwiseAnalysis
c0338	posthoc_a__y_diff	5.044871794871795	emlRunPairwiseAnalysis
c0338	posthoc_b__x_df	15.237297263135016	emlRunPairwiseAnalysis
c0338	posthoc_b__x_diff	9.493589743589743	emlRunPairwiseAnalysis
c0338	posthoc_b__y_df	21.253551462302212	emlRunPairwiseAnalysis
c0338	posthoc_b__y_diff	7.66025641025641	emlRunPairwiseAnalysis
c0338	posthoc_x__y_df	16.625001112456548	emlRunPairwiseAnalysis
c0338	posthoc_x__y_diff	-1.8333333333333335	emlRunPairwiseAnalysis
c0339	n	50	emlRunPairwiseAnalysis
c0339	k	4	emlRunPairwiseAnalysis
c0339	posthoc_a__b_padj	0.18244486466411425	emlRunPairwiseAnalysis
c0339	posthoc_a__b_t	-1.3753052069726748	emlRunPairwiseAnalysis
c0339	posthoc_a__b_cohens_d	-0.5394390836538024	emlRunPairwiseAnalysis
c0339	posthoc_a__b_p	0.18244486466411425	emlRunPairwiseAnalysis
c0339	posthoc_a__x_padj	0.0001774708460176137	emlRunPairwiseAnalysis
c0339	posthoc_a__x_t	5.29146063194507	emlRunPairwiseAnalysis
c0339	posthoc_a__x_cohens_d	2.0610761375286857	emlRunPairwiseAnalysis
c0339	posthoc_a__x_p	5.9156948672537906e-05	emlRunPairwiseAnalysis
c0339	posthoc_a__y_padj	0.006182752110516129	emlRunPairwiseAnalysis
c0339	posthoc_a__y_t	3.186339084324603	emlRunPairwiseAnalysis
c0339	posthoc_a__y_cohens_d	1.268115831078051	emlRunPairwiseAnalysis
c0339	posthoc_a__y_p	0.004121834740344086	emlRunPairwiseAnalysis
c0339	posthoc_b__x_padj	0.00014995605917193303	emlRunPairwiseAnalysis
c0339	posthoc_b__x_t	5.949012475234343	emlRunPairwiseAnalysis
c0339	posthoc_b__x_cohens_d	2.3059576224150797	emlRunPairwiseAnalysis
c0339	posthoc_b__x_p	2.4992676528655505e-05	emlRunPairwiseAnalysis
c0339	posthoc_b__y_padj	0.0008335835658567587	emlRunPairwiseAnalysis
c0339	posthoc_b__y_t	4.176662309275437	emlRunPairwiseAnalysis
c0339	posthoc_b__y_cohens_d	1.6467342426622067	emlRunPairwiseAnalysis
c0339	posthoc_b__y_p	0.00041679178292837937	emlRunPairwiseAnalysis
c0339	posthoc_x__y_padj	0.173982317905436	emlRunPairwiseAnalysis
c0339	posthoc_x__y_t	-1.5293340792001762	emlRunPairwiseAnalysis
c0339	posthoc_x__y_cohens_d	-0.6243480233815981	emlRunPairwiseAnalysis
c0339	posthoc_x__y_p	0.14498526492119668	emlRunPairwiseAnalysis
c0339	posthoc_a__b_df	22.723855781383676	emlRunPairwiseAnalysis
c0339	posthoc_a__b_diff	-2.615384615384615	emlRunPairwiseAnalysis
c0339	posthoc_a__x_df	17.058483241694532	emlRunPairwiseAnalysis
c0339	posthoc_a__x_diff	6.878205128205128	emlRunPairwiseAnalysis
c0339	posthoc_a__y_df	22.924631760378144	emlRunPairwiseAnalysis
c0339	posthoc_a__y_diff	5.044871794871795	emlRunPairwiseAnalysis
c0339	posthoc_b__x_df	15.237297263135016	emlRunPairwiseAnalysis
c0339	posthoc_b__x_diff	9.493589743589743	emlRunPairwiseAnalysis
c0339	posthoc_b__y_df	21.253551462302212	emlRunPairwiseAnalysis
c0339	posthoc_b__y_diff	7.66025641025641	emlRunPairwiseAnalysis
c0339	posthoc_x__y_df	16.625001112456548	emlRunPairwiseAnalysis
c0339	posthoc_x__y_diff	-1.8333333333333335	emlRunPairwiseAnalysis
c0340	n	50	emlRunPairwiseAnalysis
c0340	k	4	emlRunPairwiseAnalysis
c0340	posthoc_a__b_padj	1	emlRunPairwiseAnalysis
c0340	posthoc_a__b_t	-1.3753052069726746	emlRunPairwiseAnalysis
c0340	posthoc_a__b_cohens_d	-0.5394390836538024	emlRunPairwiseAnalysis
c0340	posthoc_a__b_p	0.18173954905685274	emlRunPairwiseAnalysis
c0340	posthoc_a__x_padj	0.00019375883284129477	emlRunPairwiseAnalysis
c0340	posthoc_a__x_t	5.148566541365337	emlRunPairwiseAnalysis
c0340	posthoc_a__x_cohens_d	2.0610761375286857	emlRunPairwiseAnalysis
c0340	posthoc_a__x_p	3.229313880688246e-05	emlRunPairwiseAnalysis
c0340	posthoc_a__y_padj	0.025781594400806337	emlRunPairwiseAnalysis
c0340	posthoc_a__y_t	3.1677523307278994	emlRunPairwiseAnalysis
c0340	posthoc_a__y_cohens_d	1.268115831078051	emlRunPairwiseAnalysis
c0340	posthoc_a__y_p	0.00429693240013439	emlRunPairwiseAnalysis
c0340	posthoc_b__x_padj	4.336182933279637e-05	emlRunPairwiseAnalysis
c0340	posthoc_b__x_t	5.760280294549481	emlRunPairwiseAnalysis
c0340	posthoc_b__x_cohens_d	2.3059576224150797	emlRunPairwiseAnalysis
c0340	posthoc_b__x_p	7.226971555466063e-06	emlRunPairwiseAnalysis
c0340	posthoc_b__y_padj	0.0025451822685064384	emlRunPairwiseAnalysis
c0340	posthoc_b__y_t	4.113540819727834	emlRunPairwiseAnalysis
c0340	posthoc_b__y_cohens_d	1.6467342426622067	emlRunPairwiseAnalysis
c0340	posthoc_b__y_p	0.00042419704475107304	emlRunPairwiseAnalysis
c0340	posthoc_x__y_padj	0.8426038370920899	emlRunPairwiseAnalysis
c0340	posthoc_x__y_t	-1.5293340792001764	emlRunPairwiseAnalysis
c0340	posthoc_x__y_cohens_d	-0.6243480233815981	emlRunPairwiseAnalysis
c0340	posthoc_x__y_p	0.14043397284868164	emlRunPairwiseAnalysis
c0340	posthoc_a__b_df	24	emlRunPairwiseAnalysis
c0340	posthoc_a__b_diff	-2.615384615384615	emlRunPairwiseAnalysis
c0340	posthoc_a__b_ci_low	-8.0828819770401	emlRunPairwiseAnalysis
c0340	posthoc_a__b_ci_high	2.852112746270871	emlRunPairwiseAnalysis
c0340	posthoc_a__x_df	23	emlRunPairwiseAnalysis
c0340	posthoc_a__x_diff	6.878205128205128	emlRunPairwiseAnalysis
c0340	posthoc_a__x_ci_low	3.022313552495572	emlRunPairwiseAnalysis
c0340	posthoc_a__x_ci_high	10.734096703914684	emlRunPairwiseAnalysis
c0340	posthoc_a__y_df	23	emlRunPairwiseAnalysis
c0340	posthoc_a__y_diff	5.044871794871795	emlRunPairwiseAnalysis
c0340	posthoc_a__y_ci_low	0.44829061320717756	emlRunPairwiseAnalysis
c0340	posthoc_a__y_ci_high	9.641452976536412	emlRunPairwiseAnalysis
c0340	posthoc_b__x_df	23	emlRunPairwiseAnalysis
c0340	posthoc_b__x_diff	9.493589743589743	emlRunPairwiseAnalysis
c0340	posthoc_b__x_ci_low	4.736702431378174	emlRunPairwiseAnalysis
c0340	posthoc_b__x_ci_high	14.250477055801312	emlRunPairwiseAnalysis
c0340	posthoc_b__y_df	23	emlRunPairwiseAnalysis
c0340	posthoc_b__y_diff	7.66025641025641	emlRunPairwiseAnalysis
c0340	posthoc_b__y_ci_low	2.2854414723181034	emlRunPairwiseAnalysis
c0340	posthoc_b__y_ci_high	13.035071348194716	emlRunPairwiseAnalysis
c0340	posthoc_x__y_df	22	emlRunPairwiseAnalysis
c0340	posthoc_x__y_diff	-1.8333333333333335	emlRunPairwiseAnalysis
c0340	posthoc_x__y_ci_low	-5.308038068866406	emlRunPairwiseAnalysis
c0340	posthoc_x__y_ci_high	1.6413714021997392	emlRunPairwiseAnalysis
c0341	n	50	emlRunPairwiseAnalysis
c0341	k	4	emlRunPairwiseAnalysis
c0341	posthoc_a__b_padj	0.2808679456973633	emlRunPairwiseAnalysis
c0341	posthoc_a__b_t	-1.3753052069726746	emlRunPairwiseAnalysis
c0341	posthoc_a__b_cohens_d	-0.5394390836538024	emlRunPairwiseAnalysis
c0341	posthoc_a__b_p	0.18173954905685274	emlRunPairwiseAnalysis
c0341	posthoc_a__x_padj	0.0001614656940344123	emlRunPairwiseAnalysis
c0341	posthoc_a__x_t	5.148566541365337	emlRunPairwiseAnalysis
c0341	posthoc_a__x_cohens_d	2.0610761375286857	emlRunPairwiseAnalysis
c0341	posthoc_a__x_p	3.229313880688246e-05	emlRunPairwiseAnalysis
c0341	posthoc_a__y_padj	0.012890797200403169	emlRunPairwiseAnalysis
c0341	posthoc_a__y_t	3.1677523307278994	emlRunPairwiseAnalysis
c0341	posthoc_a__y_cohens_d	1.268115831078051	emlRunPairwiseAnalysis
c0341	posthoc_a__y_p	0.00429693240013439	emlRunPairwiseAnalysis
c0341	posthoc_b__x_padj	4.336182933279637e-05	emlRunPairwiseAnalysis
c0341	posthoc_b__x_t	5.760280294549481	emlRunPairwiseAnalysis
c0341	posthoc_b__x_cohens_d	2.3059576224150797	emlRunPairwiseAnalysis
c0341	posthoc_b__x_p	7.226971555466063e-06	emlRunPairwiseAnalysis
c0341	posthoc_b__y_padj	0.0016967881790042921	emlRunPairwiseAnalysis
c0341	posthoc_b__y_t	4.113540819727834	emlRunPairwiseAnalysis
c0341	posthoc_b__y_cohens_d	1.6467342426622067	emlRunPairwiseAnalysis
c0341	posthoc_b__y_p	0.00042419704475107304	emlRunPairwiseAnalysis
c0341	posthoc_x__y_padj	0.2808679456973633	emlRunPairwiseAnalysis
c0341	posthoc_x__y_t	-1.5293340792001764	emlRunPairwiseAnalysis
c0341	posthoc_x__y_cohens_d	-0.6243480233815981	emlRunPairwiseAnalysis
c0341	posthoc_x__y_p	0.14043397284868164	emlRunPairwiseAnalysis
c0341	posthoc_a__b_df	24	emlRunPairwiseAnalysis
c0341	posthoc_a__b_diff	-2.615384615384615	emlRunPairwiseAnalysis
c0341	posthoc_a__x_df	23	emlRunPairwiseAnalysis
c0341	posthoc_a__x_diff	6.878205128205128	emlRunPairwiseAnalysis
c0341	posthoc_a__y_df	23	emlRunPairwiseAnalysis
c0341	posthoc_a__y_diff	5.044871794871795	emlRunPairwiseAnalysis
c0341	posthoc_b__x_df	23	emlRunPairwiseAnalysis
c0341	posthoc_b__x_diff	9.493589743589743	emlRunPairwiseAnalysis
c0341	posthoc_b__y_df	23	emlRunPairwiseAnalysis
c0341	posthoc_b__y_diff	7.66025641025641	emlRunPairwiseAnalysis
c0341	posthoc_x__y_df	22	emlRunPairwiseAnalysis
c0341	posthoc_x__y_diff	-1.8333333333333335	emlRunPairwiseAnalysis
c0342	n	50	emlRunPairwiseAnalysis
c0342	k	4	emlRunPairwiseAnalysis
c0342	posthoc_a__b_padj	0.18173954905685274	emlRunPairwiseAnalysis
c0342	posthoc_a__b_t	-1.3753052069726746	emlRunPairwiseAnalysis
c0342	posthoc_a__b_cohens_d	-0.5394390836538024	emlRunPairwiseAnalysis
c0342	posthoc_a__b_p	0.18173954905685274	emlRunPairwiseAnalysis
c0342	posthoc_a__x_padj	9.687941642064739e-05	emlRunPairwiseAnalysis
c0342	posthoc_a__x_t	5.148566541365337	emlRunPairwiseAnalysis
c0342	posthoc_a__x_cohens_d	2.0610761375286857	emlRunPairwiseAnalysis
c0342	posthoc_a__x_p	3.229313880688246e-05	emlRunPairwiseAnalysis
c0342	posthoc_a__y_padj	0.006445398600201584	emlRunPairwiseAnalysis
c0342	posthoc_a__y_t	3.1677523307278994	emlRunPairwiseAnalysis
c0342	posthoc_a__y_cohens_d	1.268115831078051	emlRunPairwiseAnalysis
c0342	posthoc_a__y_p	0.00429693240013439	emlRunPairwiseAnalysis
c0342	posthoc_b__x_padj	4.336182933279637e-05	emlRunPairwiseAnalysis
c0342	posthoc_b__x_t	5.760280294549481	emlRunPairwiseAnalysis
c0342	posthoc_b__x_cohens_d	2.3059576224150797	emlRunPairwiseAnalysis
c0342	posthoc_b__x_p	7.226971555466063e-06	emlRunPairwiseAnalysis
c0342	posthoc_b__y_padj	0.0008483940895021462	emlRunPairwiseAnalysis
c0342	posthoc_b__y_t	4.113540819727834	emlRunPairwiseAnalysis
c0342	posthoc_b__y_cohens_d	1.6467342426622067	emlRunPairwiseAnalysis
c0342	posthoc_b__y_p	0.00042419704475107304	emlRunPairwiseAnalysis
c0342	posthoc_x__y_padj	0.16852076741841798	emlRunPairwiseAnalysis
c0342	posthoc_x__y_t	-1.5293340792001764	emlRunPairwiseAnalysis
c0342	posthoc_x__y_cohens_d	-0.6243480233815981	emlRunPairwiseAnalysis
c0342	posthoc_x__y_p	0.14043397284868164	emlRunPairwiseAnalysis
c0342	posthoc_a__b_df	24	emlRunPairwiseAnalysis
c0342	posthoc_a__b_diff	-2.615384615384615	emlRunPairwiseAnalysis
c0342	posthoc_a__x_df	23	emlRunPairwiseAnalysis
c0342	posthoc_a__x_diff	6.878205128205128	emlRunPairwiseAnalysis
c0342	posthoc_a__y_df	23	emlRunPairwiseAnalysis
c0342	posthoc_a__y_diff	5.044871794871795	emlRunPairwiseAnalysis
c0342	posthoc_b__x_df	23	emlRunPairwiseAnalysis
c0342	posthoc_b__x_diff	9.493589743589743	emlRunPairwiseAnalysis
c0342	posthoc_b__y_df	23	emlRunPairwiseAnalysis
c0342	posthoc_b__y_diff	7.66025641025641	emlRunPairwiseAnalysis
c0342	posthoc_x__y_df	22	emlRunPairwiseAnalysis
c0342	posthoc_x__y_diff	-1.8333333333333335	emlRunPairwiseAnalysis
c0343	n	50	emlRunPairwiseAnalysis
c0343	k	4	emlRunPairwiseAnalysis
c0343	posthoc_a__b_padj	0.45538223528392596	emlRunPairwiseAnalysis
c0343	posthoc_a__b_u	49.5	emlRunPairwiseAnalysis
c0343	posthoc_a__b_rank_biserial	-0.41420118343195267	emlRunPairwiseAnalysis
c0343	posthoc_a__b_p	0.07589703921398766	emlRunPairwiseAnalysis
c0343	posthoc_a__x_padj	0.004786861180948908	emlRunPairwiseAnalysis
c0343	posthoc_a__x_u	140	emlRunPairwiseAnalysis
c0343	posthoc_a__x_rank_biserial	0.7948717948717948	emlRunPairwiseAnalysis
c0343	posthoc_a__x_p	0.000797810196824818	emlRunPairwiseAnalysis
c0343	posthoc_a__y_padj	0.0682010065320187	emlRunPairwiseAnalysis
c0343	posthoc_a__y_u	125	emlRunPairwiseAnalysis
c0343	posthoc_a__y_rank_biserial	0.6025641025641025	emlRunPairwiseAnalysis
c0343	posthoc_a__y_p	0.011366834422003117	emlRunPairwiseAnalysis
c0343	posthoc_b__x_padj	0.004775658640331481	emlRunPairwiseAnalysis
c0343	posthoc_b__x_u	140	emlRunPairwiseAnalysis
c0343	posthoc_b__x_rank_biserial	0.7948717948717948	emlRunPairwiseAnalysis
c0343	posthoc_b__x_p	0.0007959431067219136	emlRunPairwiseAnalysis
c0343	posthoc_b__y_padj	0.018027787901741307	emlRunPairwiseAnalysis
c0343	posthoc_b__y_u	133	emlRunPairwiseAnalysis
c0343	posthoc_b__y_rank_biserial	0.7051282051282052	emlRunPairwiseAnalysis
c0343	posthoc_b__y_p	0.0030046313169568846	emlRunPairwiseAnalysis
c0343	posthoc_x__y_padj	1	emlRunPairwiseAnalysis
c0343	posthoc_x__y_u	53	emlRunPairwiseAnalysis
c0343	posthoc_x__y_rank_biserial	-0.2638888888888889	emlRunPairwiseAnalysis
c0343	posthoc_x__y_p	0.2833732426869955	emlRunPairwiseAnalysis
c0343	posthoc_a__b_diff	-3	emlRunPairwiseAnalysis
c0343	posthoc_a__b_ci_low	-7.999948739816287	emlRunPairwiseAnalysis
c0343	posthoc_a__b_ci_high	2.000052296532781	emlRunPairwiseAnalysis
c0343	posthoc_a__x_diff	8	emlRunPairwiseAnalysis
c0343	posthoc_a__x_ci_low	3.0000439386575666	emlRunPairwiseAnalysis
c0343	posthoc_a__x_ci_high	10.999951443494547	emlRunPairwiseAnalysis
c0343	posthoc_a__y_diff	6	emlRunPairwiseAnalysis
c0343	posthoc_a__y_ci_low	-0.19995969619919263	emlRunPairwiseAnalysis
c0343	posthoc_a__y_ci_high	9.999942782498056	emlRunPairwiseAnalysis
c0343	posthoc_b__x_diff	11	emlRunPairwiseAnalysis
c0343	posthoc_b__x_ci_low	5.000003284266549	emlRunPairwiseAnalysis
c0343	posthoc_b__x_ci_high	14.000009170163944	emlRunPairwiseAnalysis
c0343	posthoc_b__y_diff	9	emlRunPairwiseAnalysis
c0343	posthoc_b__y_ci_low	1.7999859479744678	emlRunPairwiseAnalysis
c0343	posthoc_b__y_ci_high	13.599982106670794	emlRunPairwiseAnalysis
c0343	posthoc_x__y_diff	-1	emlRunPairwiseAnalysis
c0343	posthoc_x__y_ci_low	-6.19997143477661	emlRunPairwiseAnalysis
c0343	posthoc_x__y_ci_high	1.9999507934994063	emlRunPairwiseAnalysis
c0344	n	50	emlRunPairwiseAnalysis
c0344	k	4	emlRunPairwiseAnalysis
c0344	posthoc_a__b_padj	0.15179407842797532	emlRunPairwiseAnalysis
c0344	posthoc_a__b_u	49.5	emlRunPairwiseAnalysis
c0344	posthoc_a__b_rank_biserial	-0.41420118343195267	emlRunPairwiseAnalysis
c0344	posthoc_a__b_p	0.07589703921398766	emlRunPairwiseAnalysis
c0344	posthoc_a__x_padj	0.004775658640331481	emlRunPairwiseAnalysis
c0344	posthoc_a__x_u	140	emlRunPairwiseAnalysis
c0344	posthoc_a__x_rank_biserial	0.7948717948717948	emlRunPairwiseAnalysis
c0344	posthoc_a__x_p	0.000797810196824818	emlRunPairwiseAnalysis
c0344	posthoc_a__y_padj	0.03410050326600935	emlRunPairwiseAnalysis
c0344	posthoc_a__y_u	125	emlRunPairwiseAnalysis
c0344	posthoc_a__y_rank_biserial	0.6025641025641025	emlRunPairwiseAnalysis
c0344	posthoc_a__y_p	0.011366834422003117	emlRunPairwiseAnalysis
c0344	posthoc_b__x_padj	0.004775658640331481	emlRunPairwiseAnalysis
c0344	posthoc_b__x_u	140	emlRunPairwiseAnalysis
c0344	posthoc_b__x_rank_biserial	0.7948717948717948	emlRunPairwiseAnalysis
c0344	posthoc_b__x_p	0.0007959431067219136	emlRunPairwiseAnalysis
c0344	posthoc_b__y_padj	0.012018525267827538	emlRunPairwiseAnalysis
c0344	posthoc_b__y_u	133	emlRunPairwiseAnalysis
c0344	posthoc_b__y_rank_biserial	0.7051282051282052	emlRunPairwiseAnalysis
c0344	posthoc_b__y_p	0.0030046313169568846	emlRunPairwiseAnalysis
c0344	posthoc_x__y_padj	0.2833732426869955	emlRunPairwiseAnalysis
c0344	posthoc_x__y_u	53	emlRunPairwiseAnalysis
c0344	posthoc_x__y_rank_biserial	-0.2638888888888889	emlRunPairwiseAnalysis
c0344	posthoc_x__y_p	0.2833732426869955	emlRunPairwiseAnalysis
c0344	posthoc_a__b_diff	-3	emlRunPairwiseAnalysis
c0344	posthoc_a__x_diff	8	emlRunPairwiseAnalysis
c0344	posthoc_a__y_diff	6	emlRunPairwiseAnalysis
c0344	posthoc_b__x_diff	11	emlRunPairwiseAnalysis
c0344	posthoc_b__y_diff	9	emlRunPairwiseAnalysis
c0344	posthoc_x__y_diff	-1	emlRunPairwiseAnalysis
c0345	n	50	emlRunPairwiseAnalysis
c0345	k	4	emlRunPairwiseAnalysis
c0345	posthoc_a__b_padj	0.09107644705678519	emlRunPairwiseAnalysis
c0345	posthoc_a__b_u	49.5	emlRunPairwiseAnalysis
c0345	posthoc_a__b_rank_biserial	-0.41420118343195267	emlRunPairwiseAnalysis
c0345	posthoc_a__b_p	0.07589703921398766	emlRunPairwiseAnalysis
c0345	posthoc_a__x_padj	0.002393430590474454	emlRunPairwiseAnalysis
c0345	posthoc_a__x_u	140	emlRunPairwiseAnalysis
c0345	posthoc_a__x_rank_biserial	0.7948717948717948	emlRunPairwiseAnalysis
c0345	posthoc_a__x_p	0.000797810196824818	emlRunPairwiseAnalysis
c0345	posthoc_a__y_padj	0.017050251633004675	emlRunPairwiseAnalysis
c0345	posthoc_a__y_u	125	emlRunPairwiseAnalysis
c0345	posthoc_a__y_rank_biserial	0.6025641025641025	emlRunPairwiseAnalysis
c0345	posthoc_a__y_p	0.011366834422003117	emlRunPairwiseAnalysis
c0345	posthoc_b__x_padj	0.002393430590474454	emlRunPairwiseAnalysis
c0345	posthoc_b__x_u	140	emlRunPairwiseAnalysis
c0345	posthoc_b__x_rank_biserial	0.7948717948717948	emlRunPairwiseAnalysis
c0345	posthoc_b__x_p	0.0007959431067219136	emlRunPairwiseAnalysis
c0345	posthoc_b__y_padj	0.006009262633913769	emlRunPairwiseAnalysis
c0345	posthoc_b__y_u	133	emlRunPairwiseAnalysis
c0345	posthoc_b__y_rank_biserial	0.7051282051282052	emlRunPairwiseAnalysis
c0345	posthoc_b__y_p	0.0030046313169568846	emlRunPairwiseAnalysis
c0345	posthoc_x__y_padj	0.2833732426869955	emlRunPairwiseAnalysis
c0345	posthoc_x__y_u	53	emlRunPairwiseAnalysis
c0345	posthoc_x__y_rank_biserial	-0.2638888888888889	emlRunPairwiseAnalysis
c0345	posthoc_x__y_p	0.2833732426869955	emlRunPairwiseAnalysis
c0345	posthoc_a__b_diff	-3	emlRunPairwiseAnalysis
c0345	posthoc_a__x_diff	8	emlRunPairwiseAnalysis
c0345	posthoc_a__y_diff	6	emlRunPairwiseAnalysis
c0345	posthoc_b__x_diff	11	emlRunPairwiseAnalysis
c0345	posthoc_b__y_diff	9	emlRunPairwiseAnalysis
c0345	posthoc_x__y_diff	-1	emlRunPairwiseAnalysis
c0346	n	50	emlRunPairwiseAnalysis
c0346	k	4	emlRunPairwiseAnalysis
c0346	posthoc_a__b_padj	0.44632441093708186	emlRunPairwiseAnalysis
c0346	posthoc_a__b_diff	-2.615384615384615	emlRunPairwiseAnalysis
c0346	posthoc_a__b_f	0.9043525110850187	emlRunPairwiseAnalysis
c0346	posthoc_a__x_padj	0.0015332096600119117	emlRunPairwiseAnalysis
c0346	posthoc_a__x_diff	6.878205128205128	emlRunPairwiseAnalysis
c0346	posthoc_a__x_f	6.004655549221476	emlRunPairwiseAnalysis
c0346	posthoc_a__y_padj	0.03082900122208469	emlRunPairwiseAnalysis
c0346	posthoc_a__y_diff	5.044871794871795	emlRunPairwiseAnalysis
c0346	posthoc_a__y_f	3.2302647660796833	emlRunPairwiseAnalysis
c0346	posthoc_b__x_padj	1.0001674247325875e-05	emlRunPairwiseAnalysis
c0346	posthoc_b__x_diff	9.493589743589743	emlRunPairwiseAnalysis
c0346	posthoc_b__x_f	11.439282168777096	emlRunPairwiseAnalysis
c0346	posthoc_b__y_padj	0.0003635269104390346	emlRunPairwiseAnalysis
c0346	posthoc_b__y_diff	7.66025641025641	emlRunPairwiseAnalysis
c0346	posthoc_b__y_f	7.447739300127935	emlRunPairwiseAnalysis
c0346	posthoc_x__y_padj	0.7464267764210928	emlRunPairwiseAnalysis
c0346	posthoc_x__y_diff	-1.8333333333333335	emlRunPairwiseAnalysis
c0346	posthoc_x__y_f	0.41019218567956606	emlRunPairwiseAnalysis
c0346	posthoc_a__b_ci_low	-7.222996609612143	emlRunPairwiseAnalysis
c0346	posthoc_a__b_ci_high	1.9922273788429132	emlRunPairwiseAnalysis
c0346	posthoc_a__x_ci_low	2.17558082879468	emlRunPairwiseAnalysis
c0346	posthoc_a__x_ci_high	11.580829427615576	emlRunPairwiseAnalysis
c0346	posthoc_a__y_ci_low	0.34224749546134703	emlRunPairwiseAnalysis
c0346	posthoc_a__y_ci_high	9.747496094282242	emlRunPairwiseAnalysis
c0346	posthoc_b__x_ci_low	4.790965444179295	emlRunPairwiseAnalysis
c0346	posthoc_b__x_ci_high	14.19621404300019	emlRunPairwiseAnalysis
c0346	posthoc_b__y_ci_low	2.957632110845962	emlRunPairwiseAnalysis
c0346	posthoc_b__y_ci_high	12.362880709666857	emlRunPairwiseAnalysis
c0346	posthoc_x__y_ci_low	-6.629087946891227	emlRunPairwiseAnalysis
c0346	posthoc_x__y_ci_high	2.9624212802245604	emlRunPairwiseAnalysis
c0347	n	50	emlRunPairwiseAnalysis
c0347	k	4	emlRunPairwiseAnalysis
c0347	posthoc_a__b_padj	1	emlRunPairwiseAnalysis
c0347	posthoc_a__b_t	-1.3753052069726748	emlRunPairwiseAnalysis
c0347	posthoc_a__b_cohens_d	-0.5394390836538024	emlRunPairwiseAnalysis
c0347	posthoc_a__b_p	0.18244486466411425	emlRunPairwiseAnalysis
c0347	posthoc_a__x_padj	0.0003549416920352274	emlRunPairwiseAnalysis
c0347	posthoc_a__x_t	5.29146063194507	emlRunPairwiseAnalysis
c0347	posthoc_a__x_cohens_d	2.0610761375286857	emlRunPairwiseAnalysis
c0347	posthoc_a__x_p	5.9156948672537906e-05	emlRunPairwiseAnalysis
c0347	posthoc_a__y_padj	0.024731008442064516	emlRunPairwiseAnalysis
c0347	posthoc_a__y_t	3.186339084324603	emlRunPairwiseAnalysis
c0347	posthoc_a__y_cohens_d	1.268115831078051	emlRunPairwiseAnalysis
c0347	posthoc_a__y_p	0.004121834740344086	emlRunPairwiseAnalysis
c0347	posthoc_b__x_padj	0.00014995605917193303	emlRunPairwiseAnalysis
c0347	posthoc_b__x_t	5.949012475234343	emlRunPairwiseAnalysis
c0347	posthoc_b__x_cohens_d	2.3059576224150797	emlRunPairwiseAnalysis
c0347	posthoc_b__x_p	2.4992676528655505e-05	emlRunPairwiseAnalysis
c0347	posthoc_b__y_padj	0.002500750697570276	emlRunPairwiseAnalysis
c0347	posthoc_b__y_t	4.176662309275437	emlRunPairwiseAnalysis
c0347	posthoc_b__y_cohens_d	1.6467342426622067	emlRunPairwiseAnalysis
c0347	posthoc_b__y_p	0.00041679178292837937	emlRunPairwiseAnalysis
c0347	posthoc_x__y_padj	0.8699115895271801	emlRunPairwiseAnalysis
c0347	posthoc_x__y_t	-1.5293340792001762	emlRunPairwiseAnalysis
c0347	posthoc_x__y_cohens_d	-0.6243480233815981	emlRunPairwiseAnalysis
c0347	posthoc_x__y_p	0.14498526492119668	emlRunPairwiseAnalysis
c0347	posthoc_a__b_df	22.723855781383676	emlRunPairwiseAnalysis
c0347	posthoc_a__b_diff	-2.615384615384615	emlRunPairwiseAnalysis
c0347	posthoc_a__b_ci_low	-8.11034512531236	emlRunPairwiseAnalysis
c0347	posthoc_a__b_ci_high	2.8795758945431293	emlRunPairwiseAnalysis
c0347	posthoc_a__x_df	17.058483241694532	emlRunPairwiseAnalysis
c0347	posthoc_a__x_diff	6.878205128205128	emlRunPairwiseAnalysis
c0347	posthoc_a__x_ci_low	3.0010614241341114	emlRunPairwiseAnalysis
c0347	posthoc_a__x_ci_high	10.755348832276145	emlRunPairwiseAnalysis
c0347	posthoc_a__y_df	22.924631760378144	emlRunPairwiseAnalysis
c0347	posthoc_a__y_diff	5.044871794871795	emlRunPairwiseAnalysis
c0347	posthoc_a__y_ci_low	0.47370311571253065	emlRunPairwiseAnalysis
c0347	posthoc_a__y_ci_high	9.61604047403106	emlRunPairwiseAnalysis
c0347	posthoc_b__x_df	15.237297263135016	emlRunPairwiseAnalysis
c0347	posthoc_b__x_diff	9.493589743589743	emlRunPairwiseAnalysis
c0347	posthoc_b__x_ci_low	4.659390311383325	emlRunPairwiseAnalysis
c0347	posthoc_b__x_ci_high	14.32778917579616	emlRunPairwiseAnalysis
c0347	posthoc_b__y_df	21.253551462302212	emlRunPairwiseAnalysis
c0347	posthoc_b__y_diff	7.66025641025641	emlRunPairwiseAnalysis
c0347	posthoc_b__y_ci_low	2.3258534232356425	emlRunPairwiseAnalysis
c0347	posthoc_b__y_ci_high	12.994659397277177	emlRunPairwiseAnalysis
c0347	posthoc_x__y_df	16.625001112456548	emlRunPairwiseAnalysis
c0347	posthoc_x__y_diff	-1.8333333333333335	emlRunPairwiseAnalysis
c0347	posthoc_x__y_ci_low	-5.421001731514274	emlRunPairwiseAnalysis
c0347	posthoc_x__y_ci_high	1.7543350648476066	emlRunPairwiseAnalysis
c0348	n	50	emlRunPairwiseAnalysis
c0348	k	4	emlRunPairwiseAnalysis
c0348	posthoc_a__b_padj	0.28997052984239335	emlRunPairwiseAnalysis
c0348	posthoc_a__b_t	-1.3753052069726748	emlRunPairwiseAnalysis
c0348	posthoc_a__b_cohens_d	-0.5394390836538024	emlRunPairwiseAnalysis
c0348	posthoc_a__b_p	0.18244486466411425	emlRunPairwiseAnalysis
c0348	posthoc_a__x_padj	0.00029578474336268955	emlRunPairwiseAnalysis
c0348	posthoc_a__x_t	5.29146063194507	emlRunPairwiseAnalysis
c0348	posthoc_a__x_cohens_d	2.0610761375286857	emlRunPairwiseAnalysis
c0348	posthoc_a__x_p	5.9156948672537906e-05	emlRunPairwiseAnalysis
c0348	posthoc_a__y_padj	0.012365504221032258	emlRunPairwiseAnalysis
c0348	posthoc_a__y_t	3.186339084324603	emlRunPairwiseAnalysis
c0348	posthoc_a__y_cohens_d	1.268115831078051	emlRunPairwiseAnalysis
c0348	posthoc_a__y_p	0.004121834740344086	emlRunPairwiseAnalysis
c0348	posthoc_b__x_padj	0.00014995605917193303	emlRunPairwiseAnalysis
c0348	posthoc_b__x_t	5.949012475234343	emlRunPairwiseAnalysis
c0348	posthoc_b__x_cohens_d	2.3059576224150797	emlRunPairwiseAnalysis
c0348	posthoc_b__x_p	2.4992676528655505e-05	emlRunPairwiseAnalysis
c0348	posthoc_b__y_padj	0.0016671671317135175	emlRunPairwiseAnalysis
c0348	posthoc_b__y_t	4.176662309275437	emlRunPairwiseAnalysis
c0348	posthoc_b__y_cohens_d	1.6467342426622067	emlRunPairwiseAnalysis
c0348	posthoc_b__y_p	0.00041679178292837937	emlRunPairwiseAnalysis
c0348	posthoc_x__y_padj	0.28997052984239335	emlRunPairwiseAnalysis
c0348	posthoc_x__y_t	-1.5293340792001762	emlRunPairwiseAnalysis
c0348	posthoc_x__y_cohens_d	-0.6243480233815981	emlRunPairwiseAnalysis
c0348	posthoc_x__y_p	0.14498526492119668	emlRunPairwiseAnalysis
c0348	posthoc_a__b_df	22.723855781383676	emlRunPairwiseAnalysis
c0348	posthoc_a__b_diff	-2.615384615384615	emlRunPairwiseAnalysis
c0348	posthoc_a__x_df	17.058483241694532	emlRunPairwiseAnalysis
c0348	posthoc_a__x_diff	6.878205128205128	emlRunPairwiseAnalysis
c0348	posthoc_a__y_df	22.924631760378144	emlRunPairwiseAnalysis
c0348	posthoc_a__y_diff	5.044871794871795	emlRunPairwiseAnalysis
c0348	posthoc_b__x_df	15.237297263135016	emlRunPairwiseAnalysis
c0348	posthoc_b__x_diff	9.493589743589743	emlRunPairwiseAnalysis
c0348	posthoc_b__y_df	21.253551462302212	emlRunPairwiseAnalysis
c0348	posthoc_b__y_diff	7.66025641025641	emlRunPairwiseAnalysis
c0348	posthoc_x__y_df	16.625001112456548	emlRunPairwiseAnalysis
c0348	posthoc_x__y_diff	-1.8333333333333335	emlRunPairwiseAnalysis
c0349	n	50	emlRunPairwiseAnalysis
c0349	k	4	emlRunPairwiseAnalysis
c0349	posthoc_a__b_padj	0.18244486466411425	emlRunPairwiseAnalysis
c0349	posthoc_a__b_t	-1.3753052069726748	emlRunPairwiseAnalysis
c0349	posthoc_a__b_cohens_d	-0.5394390836538024	emlRunPairwiseAnalysis
c0349	posthoc_a__b_p	0.18244486466411425	emlRunPairwiseAnalysis
c0349	posthoc_a__x_padj	0.0001774708460176137	emlRunPairwiseAnalysis
c0349	posthoc_a__x_t	5.29146063194507	emlRunPairwiseAnalysis
c0349	posthoc_a__x_cohens_d	2.0610761375286857	emlRunPairwiseAnalysis
c0349	posthoc_a__x_p	5.9156948672537906e-05	emlRunPairwiseAnalysis
c0349	posthoc_a__y_padj	0.006182752110516129	emlRunPairwiseAnalysis
c0349	posthoc_a__y_t	3.186339084324603	emlRunPairwiseAnalysis
c0349	posthoc_a__y_cohens_d	1.268115831078051	emlRunPairwiseAnalysis
c0349	posthoc_a__y_p	0.004121834740344086	emlRunPairwiseAnalysis
c0349	posthoc_b__x_padj	0.00014995605917193303	emlRunPairwiseAnalysis
c0349	posthoc_b__x_t	5.949012475234343	emlRunPairwiseAnalysis
c0349	posthoc_b__x_cohens_d	2.3059576224150797	emlRunPairwiseAnalysis
c0349	posthoc_b__x_p	2.4992676528655505e-05	emlRunPairwiseAnalysis
c0349	posthoc_b__y_padj	0.0008335835658567587	emlRunPairwiseAnalysis
c0349	posthoc_b__y_t	4.176662309275437	emlRunPairwiseAnalysis
c0349	posthoc_b__y_cohens_d	1.6467342426622067	emlRunPairwiseAnalysis
c0349	posthoc_b__y_p	0.00041679178292837937	emlRunPairwiseAnalysis
c0349	posthoc_x__y_padj	0.173982317905436	emlRunPairwiseAnalysis
c0349	posthoc_x__y_t	-1.5293340792001762	emlRunPairwiseAnalysis
c0349	posthoc_x__y_cohens_d	-0.6243480233815981	emlRunPairwiseAnalysis
c0349	posthoc_x__y_p	0.14498526492119668	emlRunPairwiseAnalysis
c0349	posthoc_a__b_df	22.723855781383676	emlRunPairwiseAnalysis
c0349	posthoc_a__b_diff	-2.615384615384615	emlRunPairwiseAnalysis
c0349	posthoc_a__x_df	17.058483241694532	emlRunPairwiseAnalysis
c0349	posthoc_a__x_diff	6.878205128205128	emlRunPairwiseAnalysis
c0349	posthoc_a__y_df	22.924631760378144	emlRunPairwiseAnalysis
c0349	posthoc_a__y_diff	5.044871794871795	emlRunPairwiseAnalysis
c0349	posthoc_b__x_df	15.237297263135016	emlRunPairwiseAnalysis
c0349	posthoc_b__x_diff	9.493589743589743	emlRunPairwiseAnalysis
c0349	posthoc_b__y_df	21.253551462302212	emlRunPairwiseAnalysis
c0349	posthoc_b__y_diff	7.66025641025641	emlRunPairwiseAnalysis
c0349	posthoc_x__y_df	16.625001112456548	emlRunPairwiseAnalysis
c0349	posthoc_x__y_diff	-1.8333333333333335	emlRunPairwiseAnalysis
c0350	n	50	emlRunPairwiseAnalysis
c0350	k	4	emlRunPairwiseAnalysis
c0350	posthoc_a__b_padj	1	emlRunPairwiseAnalysis
c0350	posthoc_a__b_t	-1.3753052069726746	emlRunPairwiseAnalysis
c0350	posthoc_a__b_cohens_d	-0.5394390836538024	emlRunPairwiseAnalysis
c0350	posthoc_a__b_p	0.18173954905685274	emlRunPairwiseAnalysis
c0350	posthoc_a__x_padj	0.00019375883284129477	emlRunPairwiseAnalysis
c0350	posthoc_a__x_t	5.148566541365337	emlRunPairwiseAnalysis
c0350	posthoc_a__x_cohens_d	2.0610761375286857	emlRunPairwiseAnalysis
c0350	posthoc_a__x_p	3.229313880688246e-05	emlRunPairwiseAnalysis
c0350	posthoc_a__y_padj	0.025781594400806337	emlRunPairwiseAnalysis
c0350	posthoc_a__y_t	3.1677523307278994	emlRunPairwiseAnalysis
c0350	posthoc_a__y_cohens_d	1.268115831078051	emlRunPairwiseAnalysis
c0350	posthoc_a__y_p	0.00429693240013439	emlRunPairwiseAnalysis
c0350	posthoc_b__x_padj	4.336182933279637e-05	emlRunPairwiseAnalysis
c0350	posthoc_b__x_t	5.760280294549481	emlRunPairwiseAnalysis
c0350	posthoc_b__x_cohens_d	2.3059576224150797	emlRunPairwiseAnalysis
c0350	posthoc_b__x_p	7.226971555466063e-06	emlRunPairwiseAnalysis
c0350	posthoc_b__y_padj	0.0025451822685064384	emlRunPairwiseAnalysis
c0350	posthoc_b__y_t	4.113540819727834	emlRunPairwiseAnalysis
c0350	posthoc_b__y_cohens_d	1.6467342426622067	emlRunPairwiseAnalysis
c0350	posthoc_b__y_p	0.00042419704475107304	emlRunPairwiseAnalysis
c0350	posthoc_x__y_padj	0.8426038370920899	emlRunPairwiseAnalysis
c0350	posthoc_x__y_t	-1.5293340792001764	emlRunPairwiseAnalysis
c0350	posthoc_x__y_cohens_d	-0.6243480233815981	emlRunPairwiseAnalysis
c0350	posthoc_x__y_p	0.14043397284868164	emlRunPairwiseAnalysis
c0350	posthoc_a__b_df	24	emlRunPairwiseAnalysis
c0350	posthoc_a__b_diff	-2.615384615384615	emlRunPairwiseAnalysis
c0350	posthoc_a__b_ci_low	-8.0828819770401	emlRunPairwiseAnalysis
c0350	posthoc_a__b_ci_high	2.852112746270871	emlRunPairwiseAnalysis
c0350	posthoc_a__x_df	23	emlRunPairwiseAnalysis
c0350	posthoc_a__x_diff	6.878205128205128	emlRunPairwiseAnalysis
c0350	posthoc_a__x_ci_low	3.022313552495572	emlRunPairwiseAnalysis
c0350	posthoc_a__x_ci_high	10.734096703914684	emlRunPairwiseAnalysis
c0350	posthoc_a__y_df	23	emlRunPairwiseAnalysis
c0350	posthoc_a__y_diff	5.044871794871795	emlRunPairwiseAnalysis
c0350	posthoc_a__y_ci_low	0.44829061320717756	emlRunPairwiseAnalysis
c0350	posthoc_a__y_ci_high	9.641452976536412	emlRunPairwiseAnalysis
c0350	posthoc_b__x_df	23	emlRunPairwiseAnalysis
c0350	posthoc_b__x_diff	9.493589743589743	emlRunPairwiseAnalysis
c0350	posthoc_b__x_ci_low	4.736702431378174	emlRunPairwiseAnalysis
c0350	posthoc_b__x_ci_high	14.250477055801312	emlRunPairwiseAnalysis
c0350	posthoc_b__y_df	23	emlRunPairwiseAnalysis
c0350	posthoc_b__y_diff	7.66025641025641	emlRunPairwiseAnalysis
c0350	posthoc_b__y_ci_low	2.2854414723181034	emlRunPairwiseAnalysis
c0350	posthoc_b__y_ci_high	13.035071348194716	emlRunPairwiseAnalysis
c0350	posthoc_x__y_df	22	emlRunPairwiseAnalysis
c0350	posthoc_x__y_diff	-1.8333333333333335	emlRunPairwiseAnalysis
c0350	posthoc_x__y_ci_low	-5.308038068866406	emlRunPairwiseAnalysis
c0350	posthoc_x__y_ci_high	1.6413714021997392	emlRunPairwiseAnalysis
c0351	n	50	emlRunPairwiseAnalysis
c0351	k	4	emlRunPairwiseAnalysis
c0351	posthoc_a__b_padj	0.2808679456973633	emlRunPairwiseAnalysis
c0351	posthoc_a__b_t	-1.3753052069726746	emlRunPairwiseAnalysis
c0351	posthoc_a__b_cohens_d	-0.5394390836538024	emlRunPairwiseAnalysis
c0351	posthoc_a__b_p	0.18173954905685274	emlRunPairwiseAnalysis
c0351	posthoc_a__x_padj	0.0001614656940344123	emlRunPairwiseAnalysis
c0351	posthoc_a__x_t	5.148566541365337	emlRunPairwiseAnalysis
c0351	posthoc_a__x_cohens_d	2.0610761375286857	emlRunPairwiseAnalysis
c0351	posthoc_a__x_p	3.229313880688246e-05	emlRunPairwiseAnalysis
c0351	posthoc_a__y_padj	0.012890797200403169	emlRunPairwiseAnalysis
c0351	posthoc_a__y_t	3.1677523307278994	emlRunPairwiseAnalysis
c0351	posthoc_a__y_cohens_d	1.268115831078051	emlRunPairwiseAnalysis
c0351	posthoc_a__y_p	0.00429693240013439	emlRunPairwiseAnalysis
c0351	posthoc_b__x_padj	4.336182933279637e-05	emlRunPairwiseAnalysis
c0351	posthoc_b__x_t	5.760280294549481	emlRunPairwiseAnalysis
c0351	posthoc_b__x_cohens_d	2.3059576224150797	emlRunPairwiseAnalysis
c0351	posthoc_b__x_p	7.226971555466063e-06	emlRunPairwiseAnalysis
c0351	posthoc_b__y_padj	0.0016967881790042921	emlRunPairwiseAnalysis
c0351	posthoc_b__y_t	4.113540819727834	emlRunPairwiseAnalysis
c0351	posthoc_b__y_cohens_d	1.6467342426622067	emlRunPairwiseAnalysis
c0351	posthoc_b__y_p	0.00042419704475107304	emlRunPairwiseAnalysis
c0351	posthoc_x__y_padj	0.2808679456973633	emlRunPairwiseAnalysis
c0351	posthoc_x__y_t	-1.5293340792001764	emlRunPairwiseAnalysis
c0351	posthoc_x__y_cohens_d	-0.6243480233815981	emlRunPairwiseAnalysis
c0351	posthoc_x__y_p	0.14043397284868164	emlRunPairwiseAnalysis
c0351	posthoc_a__b_df	24	emlRunPairwiseAnalysis
c0351	posthoc_a__b_diff	-2.615384615384615	emlRunPairwiseAnalysis
c0351	posthoc_a__x_df	23	emlRunPairwiseAnalysis
c0351	posthoc_a__x_diff	6.878205128205128	emlRunPairwiseAnalysis
c0351	posthoc_a__y_df	23	emlRunPairwiseAnalysis
c0351	posthoc_a__y_diff	5.044871794871795	emlRunPairwiseAnalysis
c0351	posthoc_b__x_df	23	emlRunPairwiseAnalysis
c0351	posthoc_b__x_diff	9.493589743589743	emlRunPairwiseAnalysis
c0351	posthoc_b__y_df	23	emlRunPairwiseAnalysis
c0351	posthoc_b__y_diff	7.66025641025641	emlRunPairwiseAnalysis
c0351	posthoc_x__y_df	22	emlRunPairwiseAnalysis
c0351	posthoc_x__y_diff	-1.8333333333333335	emlRunPairwiseAnalysis
c0352	n	50	emlRunPairwiseAnalysis
c0352	k	4	emlRunPairwiseAnalysis
c0352	posthoc_a__b_padj	0.18173954905685274	emlRunPairwiseAnalysis
c0352	posthoc_a__b_t	-1.3753052069726746	emlRunPairwiseAnalysis
c0352	posthoc_a__b_cohens_d	-0.5394390836538024	emlRunPairwiseAnalysis
c0352	posthoc_a__b_p	0.18173954905685274	emlRunPairwiseAnalysis
c0352	posthoc_a__x_padj	9.687941642064739e-05	emlRunPairwiseAnalysis
c0352	posthoc_a__x_t	5.148566541365337	emlRunPairwiseAnalysis
c0352	posthoc_a__x_cohens_d	2.0610761375286857	emlRunPairwiseAnalysis
c0352	posthoc_a__x_p	3.229313880688246e-05	emlRunPairwiseAnalysis
c0352	posthoc_a__y_padj	0.006445398600201584	emlRunPairwiseAnalysis
c0352	posthoc_a__y_t	3.1677523307278994	emlRunPairwiseAnalysis
c0352	posthoc_a__y_cohens_d	1.268115831078051	emlRunPairwiseAnalysis
c0352	posthoc_a__y_p	0.00429693240013439	emlRunPairwiseAnalysis
c0352	posthoc_b__x_padj	4.336182933279637e-05	emlRunPairwiseAnalysis
c0352	posthoc_b__x_t	5.760280294549481	emlRunPairwiseAnalysis
c0352	posthoc_b__x_cohens_d	2.3059576224150797	emlRunPairwiseAnalysis
c0352	posthoc_b__x_p	7.226971555466063e-06	emlRunPairwiseAnalysis
c0352	posthoc_b__y_padj	0.0008483940895021462	emlRunPairwiseAnalysis
c0352	posthoc_b__y_t	4.113540819727834	emlRunPairwiseAnalysis
c0352	posthoc_b__y_cohens_d	1.6467342426622067	emlRunPairwiseAnalysis
c0352	posthoc_b__y_p	0.00042419704475107304	emlRunPairwiseAnalysis
c0352	posthoc_x__y_padj	0.16852076741841798	emlRunPairwiseAnalysis
c0352	posthoc_x__y_t	-1.5293340792001764	emlRunPairwiseAnalysis
c0352	posthoc_x__y_cohens_d	-0.6243480233815981	emlRunPairwiseAnalysis
c0352	posthoc_x__y_p	0.14043397284868164	emlRunPairwiseAnalysis
c0352	posthoc_a__b_df	24	emlRunPairwiseAnalysis
c0352	posthoc_a__b_diff	-2.615384615384615	emlRunPairwiseAnalysis
c0352	posthoc_a__x_df	23	emlRunPairwiseAnalysis
c0352	posthoc_a__x_diff	6.878205128205128	emlRunPairwiseAnalysis
c0352	posthoc_a__y_df	23	emlRunPairwiseAnalysis
c0352	posthoc_a__y_diff	5.044871794871795	emlRunPairwiseAnalysis
c0352	posthoc_b__x_df	23	emlRunPairwiseAnalysis
c0352	posthoc_b__x_diff	9.493589743589743	emlRunPairwiseAnalysis
c0352	posthoc_b__y_df	23	emlRunPairwiseAnalysis
c0352	posthoc_b__y_diff	7.66025641025641	emlRunPairwiseAnalysis
c0352	posthoc_x__y_df	22	emlRunPairwiseAnalysis
c0352	posthoc_x__y_diff	-1.8333333333333335	emlRunPairwiseAnalysis
c0353	n	50	emlRunPairwiseAnalysis
c0353	k	4	emlRunPairwiseAnalysis
c0353	posthoc_a__b_padj	0.45538223528392596	emlRunPairwiseAnalysis
c0353	posthoc_a__b_u	49.5	emlRunPairwiseAnalysis
c0353	posthoc_a__b_rank_biserial	-0.41420118343195267	emlRunPairwiseAnalysis
c0353	posthoc_a__b_p	0.07589703921398766	emlRunPairwiseAnalysis
c0353	posthoc_a__x_padj	0.004786861180948908	emlRunPairwiseAnalysis
c0353	posthoc_a__x_u	140	emlRunPairwiseAnalysis
c0353	posthoc_a__x_rank_biserial	0.7948717948717948	emlRunPairwiseAnalysis
c0353	posthoc_a__x_p	0.000797810196824818	emlRunPairwiseAnalysis
c0353	posthoc_a__y_padj	0.0682010065320187	emlRunPairwiseAnalysis
c0353	posthoc_a__y_u	125	emlRunPairwiseAnalysis
c0353	posthoc_a__y_rank_biserial	0.6025641025641025	emlRunPairwiseAnalysis
c0353	posthoc_a__y_p	0.011366834422003117	emlRunPairwiseAnalysis
c0353	posthoc_b__x_padj	0.004775658640331481	emlRunPairwiseAnalysis
c0353	posthoc_b__x_u	140	emlRunPairwiseAnalysis
c0353	posthoc_b__x_rank_biserial	0.7948717948717948	emlRunPairwiseAnalysis
c0353	posthoc_b__x_p	0.0007959431067219136	emlRunPairwiseAnalysis
c0353	posthoc_b__y_padj	0.018027787901741307	emlRunPairwiseAnalysis
c0353	posthoc_b__y_u	133	emlRunPairwiseAnalysis
c0353	posthoc_b__y_rank_biserial	0.7051282051282052	emlRunPairwiseAnalysis
c0353	posthoc_b__y_p	0.0030046313169568846	emlRunPairwiseAnalysis
c0353	posthoc_x__y_padj	1	emlRunPairwiseAnalysis
c0353	posthoc_x__y_u	53	emlRunPairwiseAnalysis
c0353	posthoc_x__y_rank_biserial	-0.2638888888888889	emlRunPairwiseAnalysis
c0353	posthoc_x__y_p	0.2833732426869955	emlRunPairwiseAnalysis
c0353	posthoc_a__b_diff	-3	emlRunPairwiseAnalysis
c0353	posthoc_a__b_ci_low	-7.999948739816287	emlRunPairwiseAnalysis
c0353	posthoc_a__b_ci_high	2.000052296532781	emlRunPairwiseAnalysis
c0353	posthoc_a__x_diff	8	emlRunPairwiseAnalysis
c0353	posthoc_a__x_ci_low	3.0000439386575666	emlRunPairwiseAnalysis
c0353	posthoc_a__x_ci_high	10.999951443494547	emlRunPairwiseAnalysis
c0353	posthoc_a__y_diff	6	emlRunPairwiseAnalysis
c0353	posthoc_a__y_ci_low	-0.19995969619919263	emlRunPairwiseAnalysis
c0353	posthoc_a__y_ci_high	9.999942782498056	emlRunPairwiseAnalysis
c0353	posthoc_b__x_diff	11	emlRunPairwiseAnalysis
c0353	posthoc_b__x_ci_low	5.000003284266549	emlRunPairwiseAnalysis
c0353	posthoc_b__x_ci_high	14.000009170163944	emlRunPairwiseAnalysis
c0353	posthoc_b__y_diff	9	emlRunPairwiseAnalysis
c0353	posthoc_b__y_ci_low	1.7999859479744678	emlRunPairwiseAnalysis
c0353	posthoc_b__y_ci_high	13.599982106670794	emlRunPairwiseAnalysis
c0353	posthoc_x__y_diff	-1	emlRunPairwiseAnalysis
c0353	posthoc_x__y_ci_low	-6.19997143477661	emlRunPairwiseAnalysis
c0353	posthoc_x__y_ci_high	1.9999507934994063	emlRunPairwiseAnalysis
c0354	n	50	emlRunPairwiseAnalysis
c0354	k	4	emlRunPairwiseAnalysis
c0354	posthoc_a__b_padj	0.15179407842797532	emlRunPairwiseAnalysis
c0354	posthoc_a__b_u	49.5	emlRunPairwiseAnalysis
c0354	posthoc_a__b_rank_biserial	-0.41420118343195267	emlRunPairwiseAnalysis
c0354	posthoc_a__b_p	0.07589703921398766	emlRunPairwiseAnalysis
c0354	posthoc_a__x_padj	0.004775658640331481	emlRunPairwiseAnalysis
c0354	posthoc_a__x_u	140	emlRunPairwiseAnalysis
c0354	posthoc_a__x_rank_biserial	0.7948717948717948	emlRunPairwiseAnalysis
c0354	posthoc_a__x_p	0.000797810196824818	emlRunPairwiseAnalysis
c0354	posthoc_a__y_padj	0.03410050326600935	emlRunPairwiseAnalysis
c0354	posthoc_a__y_u	125	emlRunPairwiseAnalysis
c0354	posthoc_a__y_rank_biserial	0.6025641025641025	emlRunPairwiseAnalysis
c0354	posthoc_a__y_p	0.011366834422003117	emlRunPairwiseAnalysis
c0354	posthoc_b__x_padj	0.004775658640331481	emlRunPairwiseAnalysis
c0354	posthoc_b__x_u	140	emlRunPairwiseAnalysis
c0354	posthoc_b__x_rank_biserial	0.7948717948717948	emlRunPairwiseAnalysis
c0354	posthoc_b__x_p	0.0007959431067219136	emlRunPairwiseAnalysis
c0354	posthoc_b__y_padj	0.012018525267827538	emlRunPairwiseAnalysis
c0354	posthoc_b__y_u	133	emlRunPairwiseAnalysis
c0354	posthoc_b__y_rank_biserial	0.7051282051282052	emlRunPairwiseAnalysis
c0354	posthoc_b__y_p	0.0030046313169568846	emlRunPairwiseAnalysis
c0354	posthoc_x__y_padj	0.2833732426869955	emlRunPairwiseAnalysis
c0354	posthoc_x__y_u	53	emlRunPairwiseAnalysis
c0354	posthoc_x__y_rank_biserial	-0.2638888888888889	emlRunPairwiseAnalysis
c0354	posthoc_x__y_p	0.2833732426869955	emlRunPairwiseAnalysis
c0354	posthoc_a__b_diff	-3	emlRunPairwiseAnalysis
c0354	posthoc_a__x_diff	8	emlRunPairwiseAnalysis
c0354	posthoc_a__y_diff	6	emlRunPairwiseAnalysis
c0354	posthoc_b__x_diff	11	emlRunPairwiseAnalysis
c0354	posthoc_b__y_diff	9	emlRunPairwiseAnalysis
c0354	posthoc_x__y_diff	-1	emlRunPairwiseAnalysis
c0355	n	50	emlRunPairwiseAnalysis
c0355	k	4	emlRunPairwiseAnalysis
c0355	posthoc_a__b_padj	0.09107644705678519	emlRunPairwiseAnalysis
c0355	posthoc_a__b_u	49.5	emlRunPairwiseAnalysis
c0355	posthoc_a__b_rank_biserial	-0.41420118343195267	emlRunPairwiseAnalysis
c0355	posthoc_a__b_p	0.07589703921398766	emlRunPairwiseAnalysis
c0355	posthoc_a__x_padj	0.002393430590474454	emlRunPairwiseAnalysis
c0355	posthoc_a__x_u	140	emlRunPairwiseAnalysis
c0355	posthoc_a__x_rank_biserial	0.7948717948717948	emlRunPairwiseAnalysis
c0355	posthoc_a__x_p	0.000797810196824818	emlRunPairwiseAnalysis
c0355	posthoc_a__y_padj	0.017050251633004675	emlRunPairwiseAnalysis
c0355	posthoc_a__y_u	125	emlRunPairwiseAnalysis
c0355	posthoc_a__y_rank_biserial	0.6025641025641025	emlRunPairwiseAnalysis
c0355	posthoc_a__y_p	0.011366834422003117	emlRunPairwiseAnalysis
c0355	posthoc_b__x_padj	0.002393430590474454	emlRunPairwiseAnalysis
c0355	posthoc_b__x_u	140	emlRunPairwiseAnalysis
c0355	posthoc_b__x_rank_biserial	0.7948717948717948	emlRunPairwiseAnalysis
c0355	posthoc_b__x_p	0.0007959431067219136	emlRunPairwiseAnalysis
c0355	posthoc_b__y_padj	0.006009262633913769	emlRunPairwiseAnalysis
c0355	posthoc_b__y_u	133	emlRunPairwiseAnalysis
c0355	posthoc_b__y_rank_biserial	0.7051282051282052	emlRunPairwiseAnalysis
c0355	posthoc_b__y_p	0.0030046313169568846	emlRunPairwiseAnalysis
c0355	posthoc_x__y_padj	0.2833732426869955	emlRunPairwiseAnalysis
c0355	posthoc_x__y_u	53	emlRunPairwiseAnalysis
c0355	posthoc_x__y_rank_biserial	-0.2638888888888889	emlRunPairwiseAnalysis
c0355	posthoc_x__y_p	0.2833732426869955	emlRunPairwiseAnalysis
c0355	posthoc_a__b_diff	-3	emlRunPairwiseAnalysis
c0355	posthoc_a__x_diff	8	emlRunPairwiseAnalysis
c0355	posthoc_a__y_diff	6	emlRunPairwiseAnalysis
c0355	posthoc_b__x_diff	11	emlRunPairwiseAnalysis
c0355	posthoc_b__y_diff	9	emlRunPairwiseAnalysis
c0355	posthoc_x__y_diff	-1	emlRunPairwiseAnalysis
c0356	n	50	emlRunPairwiseAnalysis
c0356	k	4	emlRunPairwiseAnalysis
c0356	posthoc_a__b_padj	0.44632441093708186	emlRunPairwiseAnalysis
c0356	posthoc_a__b_diff	-2.615384615384615	emlRunPairwiseAnalysis
c0356	posthoc_a__b_f	0.9043525110850187	emlRunPairwiseAnalysis
c0356	posthoc_a__x_padj	0.0015332096600119117	emlRunPairwiseAnalysis
c0356	posthoc_a__x_diff	6.878205128205128	emlRunPairwiseAnalysis
c0356	posthoc_a__x_f	6.004655549221476	emlRunPairwiseAnalysis
c0356	posthoc_a__y_padj	0.03082900122208469	emlRunPairwiseAnalysis
c0356	posthoc_a__y_diff	5.044871794871795	emlRunPairwiseAnalysis
c0356	posthoc_a__y_f	3.2302647660796833	emlRunPairwiseAnalysis
c0356	posthoc_b__x_padj	1.0001674247325875e-05	emlRunPairwiseAnalysis
c0356	posthoc_b__x_diff	9.493589743589743	emlRunPairwiseAnalysis
c0356	posthoc_b__x_f	11.439282168777096	emlRunPairwiseAnalysis
c0356	posthoc_b__y_padj	0.0003635269104390346	emlRunPairwiseAnalysis
c0356	posthoc_b__y_diff	7.66025641025641	emlRunPairwiseAnalysis
c0356	posthoc_b__y_f	7.447739300127935	emlRunPairwiseAnalysis
c0356	posthoc_x__y_padj	0.7464267764210928	emlRunPairwiseAnalysis
c0356	posthoc_x__y_diff	-1.8333333333333335	emlRunPairwiseAnalysis
c0356	posthoc_x__y_f	0.41019218567956606	emlRunPairwiseAnalysis
c0356	posthoc_a__b_ci_low	-7.222996609612143	emlRunPairwiseAnalysis
c0356	posthoc_a__b_ci_high	1.9922273788429132	emlRunPairwiseAnalysis
c0356	posthoc_a__x_ci_low	2.17558082879468	emlRunPairwiseAnalysis
c0356	posthoc_a__x_ci_high	11.580829427615576	emlRunPairwiseAnalysis
c0356	posthoc_a__y_ci_low	0.34224749546134703	emlRunPairwiseAnalysis
c0356	posthoc_a__y_ci_high	9.747496094282242	emlRunPairwiseAnalysis
c0356	posthoc_b__x_ci_low	4.790965444179295	emlRunPairwiseAnalysis
c0356	posthoc_b__x_ci_high	14.19621404300019	emlRunPairwiseAnalysis
c0356	posthoc_b__y_ci_low	2.957632110845962	emlRunPairwiseAnalysis
c0356	posthoc_b__y_ci_high	12.362880709666857	emlRunPairwiseAnalysis
c0356	posthoc_x__y_ci_low	-6.629087946891227	emlRunPairwiseAnalysis
c0356	posthoc_x__y_ci_high	2.9624212802245604	emlRunPairwiseAnalysis
c0357	factor1_name	voice_type	emlRunTwoWayAnalysis
c0357	factor2_name	task	emlRunTwoWayAnalysis
c0357	n	48	emlRunTwoWayAnalysis
c0357	df_within	44	emlRunTwoWayAnalysis
c0357	ms_within	5.759454242386699	emlRunTwoWayAnalysis
c0357	ss_within	253.41598666501474	emlRunTwoWayAnalysis
c0357	ss_total	1810.7863693769816	emlRunTwoWayAnalysis
c0357	df_total	47	emlRunTwoWayAnalysis
c0357	voice_type_f	78.19803121254432	emlRunTwoWayAnalysis
c0357	voice_type_df	1	emlRunTwoWayAnalysis
c0357	voice_type_p	2.5707566066103187e-11	emlRunTwoWayAnalysis
c0357	voice_type_ss	450.3779826133759	emlRunTwoWayAnalysis
c0357	voice_type_ms	450.3779826133759	emlRunTwoWayAnalysis
c0357	voice_type_partial_eta_squared	0.6399287323748376	emlRunTwoWayAnalysis
c0357	task_f	189.6295306820005	emlRunTwoWayAnalysis
c0357	task_df	1	emlRunTwoWayAnalysis
c0357	task_p	1.4765254267501658e-17	emlRunTwoWayAnalysis
c0357	task_ss	1092.1626049682466	emlRunTwoWayAnalysis
c0357	task_ms	1092.1626049682466	emlRunTwoWayAnalysis
c0357	task_partial_eta_squared	0.8116676437625105	emlRunTwoWayAnalysis
c0357	voice_type__task_f	2.574861177158685	emlRunTwoWayAnalysis
c0357	voice_type__task_df	1	emlRunTwoWayAnalysis
c0357	voice_type__task_p	0.11572833325716392	emlRunTwoWayAnalysis
c0357	voice_type__task_ss	14.829795130343397	emlRunTwoWayAnalysis
c0357	voice_type__task_ms	14.829795130343397	emlRunTwoWayAnalysis
c0357	voice_type__task_partial_eta_squared	0.05528435538142736	emlRunTwoWayAnalysis
c0358	factor1_name	task	emlRunTwoWayAnalysis
c0358	factor2_name	voice_type	emlRunTwoWayAnalysis
c0358	n	48	emlRunTwoWayAnalysis
c0358	df_within	44	emlRunTwoWayAnalysis
c0358	ms_within	5.759454242386699	emlRunTwoWayAnalysis
c0358	ss_within	253.41598666501474	emlRunTwoWayAnalysis
c0358	ss_total	1810.7863693769816	emlRunTwoWayAnalysis
c0358	df_total	47	emlRunTwoWayAnalysis
c0358	task_f	189.6295306820005	emlRunTwoWayAnalysis
c0358	task_df	1	emlRunTwoWayAnalysis
c0358	task_p	1.4765254267501658e-17	emlRunTwoWayAnalysis
c0358	task_ss	1092.1626049682466	emlRunTwoWayAnalysis
c0358	task_ms	1092.1626049682466	emlRunTwoWayAnalysis
c0358	task_partial_eta_squared	0.8116676437625105	emlRunTwoWayAnalysis
c0358	voice_type_f	78.19803121254432	emlRunTwoWayAnalysis
c0358	voice_type_df	1	emlRunTwoWayAnalysis
c0358	voice_type_p	2.5707566066103187e-11	emlRunTwoWayAnalysis
c0358	voice_type_ss	450.3779826133759	emlRunTwoWayAnalysis
c0358	voice_type_ms	450.3779826133759	emlRunTwoWayAnalysis
c0358	voice_type_partial_eta_squared	0.6399287323748376	emlRunTwoWayAnalysis
c0358	task__voice_type_f	2.574861177158685	emlRunTwoWayAnalysis
c0358	task__voice_type_df	1	emlRunTwoWayAnalysis
c0358	task__voice_type_p	0.11572833325716392	emlRunTwoWayAnalysis
c0358	task__voice_type_ss	14.829795130343397	emlRunTwoWayAnalysis
c0358	task__voice_type_ms	14.829795130343397	emlRunTwoWayAnalysis
c0358	task__voice_type_partial_eta_squared	0.05528435538142736	emlRunTwoWayAnalysis
c0359	refused	1	emlRunTwoWayAnalysis
c0359	refuse_reason	Data column "subject" holds no numbers. 48 cell(s) are not numeric in any locale (row 1: Soprano_1). Unrecognized nonnumeric token; excluded.	emlRunTwoWayAnalysis
c0674	factor1_name	voice_type	emlRunTwoWayAnalysis
c0674	factor2_name	task	emlRunTwoWayAnalysis
c0674	n	21	emlRunTwoWayAnalysis
c0674	df_within	17	emlRunTwoWayAnalysis
c0674	ms_within	11.114017004146135	emlRunTwoWayAnalysis
c0674	ss_within	188.9382890704843	emlRunTwoWayAnalysis
c0674	ss_total	1110.4476821279904	emlRunTwoWayAnalysis
c0674	df_total	20	emlRunTwoWayAnalysis
c0674	voice_type_f	16.436396015048935	emlRunTwoWayAnalysis
c0674	voice_type_df	1	emlRunTwoWayAnalysis
c0674	voice_type_p	0.0008245437528657555	emlRunTwoWayAnalysis
c0674	voice_type_ss	182.67438479813362	emlRunTwoWayAnalysis
c0674	voice_type_ms	182.67438479813362	emlRunTwoWayAnalysis
c0674	voice_type_partial_eta_squared	0.49157199859851225	emlRunTwoWayAnalysis
c0674	task_f	26.159975844379233	emlRunTwoWayAnalysis
c0674	task_df	1	emlRunTwoWayAnalysis
c0674	task_p	8.626226556813037e-05	emlRunTwoWayAnalysis
c0674	task_ss	290.7424163624829	emlRunTwoWayAnalysis
c0674	task_ms	290.7424163624829	emlRunTwoWayAnalysis
c0674	task_partial_eta_squared	0.6061165543443202	emlRunTwoWayAnalysis
c0674	voice_type__task_f	0.9736420145850736	emlRunTwoWayAnalysis
c0674	voice_type__task_df	1	emlRunTwoWayAnalysis
c0674	voice_type__task_p	0.3376103123532258	emlRunTwoWayAnalysis
c0674	voice_type__task_ss	10.821073906049607	emlRunTwoWayAnalysis
c0674	voice_type__task_ms	10.821073906049607	emlRunTwoWayAnalysis
c0674	voice_type__task_partial_eta_squared	0.05417054672586625	emlRunTwoWayAnalysis
c0675	factor1_name	voice_type	emlRunTwoWayAnalysis
c0675	factor2_name	task	emlRunTwoWayAnalysis
c0675	n	32	emlRunTwoWayAnalysis
c0675	df_within	26	emlRunTwoWayAnalysis
c0675	ms_within	3.1829633910472	emlRunTwoWayAnalysis
c0675	ss_within	82.7570481672272	emlRunTwoWayAnalysis
c0675	ss_total	1838.0799113352136	emlRunTwoWayAnalysis
c0675	df_total	31	emlRunTwoWayAnalysis
c0675	voice_type_f	88.75346617532605	emlRunTwoWayAnalysis
c0675	voice_type_df	2	emlRunTwoWayAnalysis
c0675	voice_type_p	2.416149606580723e-12	emlRunTwoWayAnalysis
c0675	voice_type_ss	564.9980673292175	emlRunTwoWayAnalysis
c0675	voice_type_ms	282.49903366460876	emlRunTwoWayAnalysis
c0675	voice_type_partial_eta_squared	0.8722402244499428	emlRunTwoWayAnalysis
c0675	task_f	255.95466106197466	emlRunTwoWayAnalysis
c0675	task_df	1	emlRunTwoWayAnalysis
c0675	task_p	5.6499800058893755e-15	emlRunTwoWayAnalysis
c0675	task_ss	814.6943159281595	emlRunTwoWayAnalysis
c0675	task_ms	814.6943159281595	emlRunTwoWayAnalysis
c0675	task_partial_eta_squared	0.9077865927022746	emlRunTwoWayAnalysis
c0675	voice_type__task_f	13.525596610773373	emlRunTwoWayAnalysis
c0675	voice_type__task_df	2	emlRunTwoWayAnalysis
c0675	voice_type__task_p	9.41058213968591e-05	emlRunTwoWayAnalysis
c0675	voice_type__task_ss	86.10295770832747	emlRunTwoWayAnalysis
c0675	voice_type__task_ms	43.05147885416373	emlRunTwoWayAnalysis
c0675	voice_type__task_partial_eta_squared	0.5099073475798825	emlRunTwoWayAnalysis
c0360	n	20	emlRunPairedAnalysis
c0360	mean_group1	2.695592193038029	emlRunPairedAnalysis
c0360	mean_group2	1.9671256945495916	emlRunPairedAnalysis
c0360	sd_group1	0.8226067124726181	emlRunPairedAnalysis
c0360	sd_group2	0.9174741833047945	emlRunPairedAnalysis
c0360	median_group1	2.6830411098185585	emlRunPairedAnalysis
c0360	median_group2	2.2803311366839587	emlRunPairedAnalysis
c0360	mean_diff	0.7284664984884375	emlRunPairedAnalysis
c0360	t	7.72596783128442	emlRunPairedAnalysis
c0360	df	19	emlRunPairedAnalysis
c0360	p	2.801437932051329e-07	emlRunPairedAnalysis
c0360	cohens_dz	1.7275789262728587	emlRunPairedAnalysis
c0361	n	20	emlRunPairedAnalysis
c0361	mean_group1	2.695592193038029	emlRunPairedAnalysis
c0361	mean_group2	1.9671256945495916	emlRunPairedAnalysis
c0361	sd_group1	0.8226067124726181	emlRunPairedAnalysis
c0361	sd_group2	0.9174741833047945	emlRunPairedAnalysis
c0361	median_group1	2.6830411098185585	emlRunPairedAnalysis
c0361	median_group2	2.2803311366839587	emlRunPairedAnalysis
c0361	mean_diff	0.7284664984884375	emlRunPairedAnalysis
c0361	w_statistic	207	emlRunPairedAnalysis
c0361	rank_biserial	0.9714285714285714	emlRunPairedAnalysis
c0361	p	9.5367431640625e-06	emlRunPairedAnalysis
c0361	p_method	exact	emlRunPairedAnalysis
c0362	n	20	emlRunPairedAnalysis
c0362	mean_group1	2.695592193038029	emlRunPairedAnalysis
c0362	mean_group2	1.9671256945495916	emlRunPairedAnalysis
c0362	sd_group1	0.8226067124726181	emlRunPairedAnalysis
c0362	sd_group2	0.9174741833047945	emlRunPairedAnalysis
c0362	median_group1	2.6830411098185585	emlRunPairedAnalysis
c0362	median_group2	2.2803311366839587	emlRunPairedAnalysis
c0362	mean_diff	0.7284664984884375	emlRunPairedAnalysis
c0362	t	7.72596783128442	emlRunPairedAnalysis
c0362	df	19	emlRunPairedAnalysis
c0362	p	2.801437932051329e-07	emlRunPairedAnalysis
c0362	cohens_dz	1.7275789262728587	emlRunPairedAnalysis
c0362	w_statistic	207	emlRunPairedAnalysis
c0362	rank_biserial	0.9714285714285714	emlRunPairedAnalysis
c0362	wilcoxon_p	9.5367431640625e-06	emlRunPairedAnalysis
c0362	p_method	exact	emlRunPairedAnalysis
c0363	n	20	emlRunPairedAnalysis
c0363	mean_group1	17.760917585388263	emlRunPairedAnalysis
c0363	mean_group2	20.854932330675442	emlRunPairedAnalysis
c0363	sd_group1	4.0883562770579305	emlRunPairedAnalysis
c0363	sd_group2	4.358590709574023	emlRunPairedAnalysis
c0363	median_group1	17.43443154557982	emlRunPairedAnalysis
c0363	median_group2	21.28877785191018	emlRunPairedAnalysis
c0363	mean_diff	-3.094014745287179	emlRunPairedAnalysis
c0363	t	-10.682708315740689	emlRunPairedAnalysis
c0363	df	19	emlRunPairedAnalysis
c0363	p	1.797827788087549e-09	emlRunPairedAnalysis
c0363	cohens_dz	-2.3887261977798464	emlRunPairedAnalysis
c0364	n	20	emlRunPairedAnalysis
c0364	mean_group1	17.760917585388263	emlRunPairedAnalysis
c0364	mean_group2	20.854932330675442	emlRunPairedAnalysis
c0364	sd_group1	4.0883562770579305	emlRunPairedAnalysis
c0364	sd_group2	4.358590709574023	emlRunPairedAnalysis
c0364	median_group1	17.43443154557982	emlRunPairedAnalysis
c0364	median_group2	21.28877785191018	emlRunPairedAnalysis
c0364	mean_diff	-3.094014745287179	emlRunPairedAnalysis
c0364	w_statistic	0	emlRunPairedAnalysis
c0364	rank_biserial	-1	emlRunPairedAnalysis
c0364	p	1.9073486328125e-06	emlRunPairedAnalysis
c0364	p_method	exact	emlRunPairedAnalysis
c0365	n	20	emlRunPairedAnalysis
c0365	mean_group1	17.760917585388263	emlRunPairedAnalysis
c0365	mean_group2	20.854932330675442	emlRunPairedAnalysis
c0365	sd_group1	4.0883562770579305	emlRunPairedAnalysis
c0365	sd_group2	4.358590709574023	emlRunPairedAnalysis
c0365	median_group1	17.43443154557982	emlRunPairedAnalysis
c0365	median_group2	21.28877785191018	emlRunPairedAnalysis
c0365	mean_diff	-3.094014745287179	emlRunPairedAnalysis
c0365	t	-10.682708315740689	emlRunPairedAnalysis
c0365	df	19	emlRunPairedAnalysis
c0365	p	1.797827788087549e-09	emlRunPairedAnalysis
c0365	cohens_dz	-2.3887261977798464	emlRunPairedAnalysis
c0365	w_statistic	0	emlRunPairedAnalysis
c0365	rank_biserial	-1	emlRunPairedAnalysis
c0365	wilcoxon_p	1.9073486328125e-06	emlRunPairedAnalysis
c0365	p_method	exact	emlRunPairedAnalysis
c0366	n	20	emlRunPairedAnalysis
c0366	mean_group1	72.46457	emlRunPairedAnalysis
c0366	mean_group2	83.354605	emlRunPairedAnalysis
c0366	sd_group1	2.7435289036874426	emlRunPairedAnalysis
c0366	sd_group2	3.674522263752908	emlRunPairedAnalysis
c0366	median_group1	72.9915	emlRunPairedAnalysis
c0366	median_group2	83.47055	emlRunPairedAnalysis
c0366	mean_diff	-10.890035000000012	emlRunPairedAnalysis
c0366	t	-16.121390465581012	emlRunPairedAnalysis
c0366	df	19	emlRunPairedAnalysis
c0366	p	1.538445482638607e-12	emlRunPairedAnalysis
c0366	cohens_dz	-3.604852497285613	emlRunPairedAnalysis
c0367	n	20	emlRunPairedAnalysis
c0367	mean_group1	72.46457	emlRunPairedAnalysis
c0367	mean_group2	83.354605	emlRunPairedAnalysis
c0367	sd_group1	2.7435289036874426	emlRunPairedAnalysis
c0367	sd_group2	3.674522263752908	emlRunPairedAnalysis
c0367	median_group1	72.9915	emlRunPairedAnalysis
c0367	median_group2	83.47055	emlRunPairedAnalysis
c0367	mean_diff	-10.890035000000012	emlRunPairedAnalysis
c0367	w_statistic	0	emlRunPairedAnalysis
c0367	rank_biserial	-1	emlRunPairedAnalysis
c0367	p	1.9073486328125e-06	emlRunPairedAnalysis
c0367	p_method	exact	emlRunPairedAnalysis
c0368	n	20	emlRunPairedAnalysis
c0368	mean_group1	72.46457	emlRunPairedAnalysis
c0368	mean_group2	83.354605	emlRunPairedAnalysis
c0368	sd_group1	2.7435289036874426	emlRunPairedAnalysis
c0368	sd_group2	3.674522263752908	emlRunPairedAnalysis
c0368	median_group1	72.9915	emlRunPairedAnalysis
c0368	median_group2	83.47055	emlRunPairedAnalysis
c0368	mean_diff	-10.890035000000012	emlRunPairedAnalysis
c0368	t	-16.121390465581012	emlRunPairedAnalysis
c0368	df	19	emlRunPairedAnalysis
c0368	p	1.538445482638607e-12	emlRunPairedAnalysis
c0368	cohens_dz	-3.604852497285613	emlRunPairedAnalysis
c0368	w_statistic	0	emlRunPairedAnalysis
c0368	rank_biserial	-1	emlRunPairedAnalysis
c0368	wilcoxon_p	1.9073486328125e-06	emlRunPairedAnalysis
c0368	p_method	exact	emlRunPairedAnalysis
c0369	n	20	emlRunPairedAnalysis
c0369	mean_group1	83.354605	emlRunPairedAnalysis
c0369	mean_group2	94.129405	emlRunPairedAnalysis
c0369	sd_group1	3.674522263752908	emlRunPairedAnalysis
c0369	sd_group2	2.7484903702281436	emlRunPairedAnalysis
c0369	median_group1	83.47055	emlRunPairedAnalysis
c0369	median_group2	94.7059	emlRunPairedAnalysis
c0369	mean_diff	-10.774799999999999	emlRunPairedAnalysis
c0369	t	-15.011359066653755	emlRunPairedAnalysis
c0369	df	19	emlRunPairedAnalysis
c0369	p	5.431213120434684e-12	emlRunPairedAnalysis
c0369	cohens_dz	-3.356641930769559	emlRunPairedAnalysis
c0370	n	20	emlRunPairedAnalysis
c0370	mean_group1	83.354605	emlRunPairedAnalysis
c0370	mean_group2	94.129405	emlRunPairedAnalysis
c0370	sd_group1	3.674522263752908	emlRunPairedAnalysis
c0370	sd_group2	2.7484903702281436	emlRunPairedAnalysis
c0370	median_group1	83.47055	emlRunPairedAnalysis
c0370	median_group2	94.7059	emlRunPairedAnalysis
c0370	mean_diff	-10.774799999999999	emlRunPairedAnalysis
c0370	w_statistic	0	emlRunPairedAnalysis
c0370	rank_biserial	-1	emlRunPairedAnalysis
c0370	p	1.9073486328125e-06	emlRunPairedAnalysis
c0370	p_method	exact	emlRunPairedAnalysis
c0371	n	20	emlRunPairedAnalysis
c0371	mean_group1	83.354605	emlRunPairedAnalysis
c0371	mean_group2	94.129405	emlRunPairedAnalysis
c0371	sd_group1	3.674522263752908	emlRunPairedAnalysis
c0371	sd_group2	2.7484903702281436	emlRunPairedAnalysis
c0371	median_group1	83.47055	emlRunPairedAnalysis
c0371	median_group2	94.7059	emlRunPairedAnalysis
c0371	mean_diff	-10.774799999999999	emlRunPairedAnalysis
c0371	t	-15.011359066653755	emlRunPairedAnalysis
c0371	df	19	emlRunPairedAnalysis
c0371	p	5.431213120434684e-12	emlRunPairedAnalysis
c0371	cohens_dz	-3.356641930769559	emlRunPairedAnalysis
c0371	w_statistic	0	emlRunPairedAnalysis
c0371	rank_biserial	-1	emlRunPairedAnalysis
c0371	wilcoxon_p	1.9073486328125e-06	emlRunPairedAnalysis
c0371	p_method	exact	emlRunPairedAnalysis
c0372	n	20	emlRunPairedAnalysis
c0372	mean_group1	72.46457	emlRunPairedAnalysis
c0372	mean_group2	94.129405	emlRunPairedAnalysis
c0372	sd_group1	2.7435289036874426	emlRunPairedAnalysis
c0372	sd_group2	2.7484903702281436	emlRunPairedAnalysis
c0372	median_group1	72.9915	emlRunPairedAnalysis
c0372	median_group2	94.7059	emlRunPairedAnalysis
c0372	mean_diff	-21.66483500000001	emlRunPairedAnalysis
c0372	t	-44.607819307312695	emlRunPairedAnalysis
c0372	df	19	emlRunPairedAnalysis
c0372	p	1.0687107473120863e-20	emlRunPairedAnalysis
c0372	cohens_dz	-9.974611629917876	emlRunPairedAnalysis
c0373	n	20	emlRunPairedAnalysis
c0373	mean_group1	72.46457	emlRunPairedAnalysis
c0373	mean_group2	94.129405	emlRunPairedAnalysis
c0373	sd_group1	2.7435289036874426	emlRunPairedAnalysis
c0373	sd_group2	2.7484903702281436	emlRunPairedAnalysis
c0373	median_group1	72.9915	emlRunPairedAnalysis
c0373	median_group2	94.7059	emlRunPairedAnalysis
c0373	mean_diff	-21.66483500000001	emlRunPairedAnalysis
c0373	w_statistic	0	emlRunPairedAnalysis
c0373	rank_biserial	-1	emlRunPairedAnalysis
c0373	p	1.9073486328125e-06	emlRunPairedAnalysis
c0373	p_method	exact	emlRunPairedAnalysis
c0374	n	20	emlRunPairedAnalysis
c0374	mean_group1	72.46457	emlRunPairedAnalysis
c0374	mean_group2	94.129405	emlRunPairedAnalysis
c0374	sd_group1	2.7435289036874426	emlRunPairedAnalysis
c0374	sd_group2	2.7484903702281436	emlRunPairedAnalysis
c0374	median_group1	72.9915	emlRunPairedAnalysis
c0374	median_group2	94.7059	emlRunPairedAnalysis
c0374	mean_diff	-21.66483500000001	emlRunPairedAnalysis
c0374	t	-44.607819307312695	emlRunPairedAnalysis
c0374	df	19	emlRunPairedAnalysis
c0374	p	1.0687107473120863e-20	emlRunPairedAnalysis
c0374	cohens_dz	-9.974611629917876	emlRunPairedAnalysis
c0374	w_statistic	0	emlRunPairedAnalysis
c0374	rank_biserial	-1	emlRunPairedAnalysis
c0374	wilcoxon_p	1.9073486328125e-06	emlRunPairedAnalysis
c0374	p_method	exact	emlRunPairedAnalysis
c0375	refused	1	emlRunPairedAnalysis
c0375	refuse_reason	No paired test could be run on these two columns. "soft" and "medium" give n = 4 complete pairs, and every one of those pairs has the same difference, so there is no variation in the differences for a paired test to work on. Paired t-test: All differences are identical (zero variance).	emlRunPairedAnalysis
c0376	n	4	emlRunPairedAnalysis
c0376	mean_group1	66.075	emlRunPairedAnalysis
c0376	mean_group2	76.075	emlRunPairedAnalysis
c0376	sd_group1	4.711952886012334	emlRunPairedAnalysis
c0376	sd_group2	4.711952886012334	emlRunPairedAnalysis
c0376	median_group1	66.5	emlRunPairedAnalysis
c0376	median_group2	76.5	emlRunPairedAnalysis
c0376	mean_diff	-10	emlRunPairedAnalysis
c0376	w_statistic	0	emlRunPairedAnalysis
c0376	rank_biserial	-1	emlRunPairedAnalysis
c0376	p	0.07186063822585156	emlRunPairedAnalysis
c0376	p_method	normal approximation (ties present)	emlRunPairedAnalysis
c0377	n	4	emlRunPairedAnalysis
c0377	mean_group1	66.075	emlRunPairedAnalysis
c0377	mean_group2	76.075	emlRunPairedAnalysis
c0377	sd_group1	4.711952886012334	emlRunPairedAnalysis
c0377	sd_group2	4.711952886012334	emlRunPairedAnalysis
c0377	median_group1	66.5	emlRunPairedAnalysis
c0377	median_group2	76.5	emlRunPairedAnalysis
c0377	mean_diff	-10	emlRunPairedAnalysis
c0377	t_undefined	1	emlRunPairedAnalysis
c0377	df_undefined	1	emlRunPairedAnalysis
c0377	cohens_dz_undefined	1	emlRunPairedAnalysis
c0377	w_statistic	0	emlRunPairedAnalysis
c0377	rank_biserial	-1	emlRunPairedAnalysis
c0377	p	0.07186063822585156	emlRunPairedAnalysis
c0377	wilcoxon_p_undefined	1	emlRunPairedAnalysis
c0377	p_method	normal approximation (ties present)	emlRunPairedAnalysis
c0378	n	2	emlRunPairedAnalysis
c0378	mean_group1	11	emlRunPairedAnalysis
c0378	mean_group2	15.5	emlRunPairedAnalysis
c0378	sd_group1	1.4142135623730951	emlRunPairedAnalysis
c0378	sd_group2	2.1213203435596424	emlRunPairedAnalysis
c0378	median_group1	11	emlRunPairedAnalysis
c0378	median_group2	15.5	emlRunPairedAnalysis
c0378	mean_diff	-4.5	emlRunPairedAnalysis
c0378	t	-9	emlRunPairedAnalysis
c0378	df	1	emlRunPairedAnalysis
c0378	p	0.07044657495455449	emlRunPairedAnalysis
c0378	cohens_dz	-6.363961030678928	emlRunPairedAnalysis
c0379	n	2	emlRunPairedAnalysis
c0379	mean_group1	11	emlRunPairedAnalysis
c0379	mean_group2	15.5	emlRunPairedAnalysis
c0379	sd_group1	1.4142135623730951	emlRunPairedAnalysis
c0379	sd_group2	2.1213203435596424	emlRunPairedAnalysis
c0379	median_group1	11	emlRunPairedAnalysis
c0379	median_group2	15.5	emlRunPairedAnalysis
c0379	mean_diff	-4.5	emlRunPairedAnalysis
c0379	w_statistic	0	emlRunPairedAnalysis
c0379	rank_biserial	-1	emlRunPairedAnalysis
c0379	p	0.5	emlRunPairedAnalysis
c0379	p_method	exact	emlRunPairedAnalysis
c0380	n	2	emlRunPairedAnalysis
c0380	mean_group1	11	emlRunPairedAnalysis
c0380	mean_group2	15.5	emlRunPairedAnalysis
c0380	sd_group1	1.4142135623730951	emlRunPairedAnalysis
c0380	sd_group2	2.1213203435596424	emlRunPairedAnalysis
c0380	median_group1	11	emlRunPairedAnalysis
c0380	median_group2	15.5	emlRunPairedAnalysis
c0380	mean_diff	-4.5	emlRunPairedAnalysis
c0380	t	-9	emlRunPairedAnalysis
c0380	df	1	emlRunPairedAnalysis
c0380	p	0.07044657495455449	emlRunPairedAnalysis
c0380	cohens_dz	-6.363961030678928	emlRunPairedAnalysis
c0380	w_statistic	0	emlRunPairedAnalysis
c0380	rank_biserial	-1	emlRunPairedAnalysis
c0380	wilcoxon_p	0.5	emlRunPairedAnalysis
c0380	p_method	exact	emlRunPairedAnalysis
c0381	refused	1	emlRunPairedAnalysis
c0381	refuse_reason	No paired test could be run on these two columns. "SPL_soft" and "SPL_medium" give n = 4 complete pairs, and every one of those pairs has the same difference, so there is no variation in the differences for a paired test to work on. Paired t-test: All differences are identical (zero variance). Assessed on 4 of 5 rows. N excluded 1 -- a row is used only when every column in the comparison has a value, which is what keeps the pairing intact. Treated as missing data.	emlRunPairedAnalysis
c0382	n	4	emlRunPairedAnalysis
c0382	mean_group1	72.3	emlRunPairedAnalysis
c0382	mean_group2	82.3	emlRunPairedAnalysis
c0382	sd_group1	2.008316044185612	emlRunPairedAnalysis
c0382	sd_group2	2.008316044185612	emlRunPairedAnalysis
c0382	median_group1	72.30000000000001	emlRunPairedAnalysis
c0382	median_group2	82.30000000000001	emlRunPairedAnalysis
c0382	mean_diff	-10	emlRunPairedAnalysis
c0382	w_statistic	0	emlRunPairedAnalysis
c0382	rank_biserial	-1	emlRunPairedAnalysis
c0382	p	0.07186063822585156	emlRunPairedAnalysis
c0382	p_method	normal approximation (ties present)	emlRunPairedAnalysis
c0383	n	4	emlRunPairedAnalysis
c0383	mean_group1	72.3	emlRunPairedAnalysis
c0383	mean_group2	82.3	emlRunPairedAnalysis
c0383	sd_group1	2.008316044185612	emlRunPairedAnalysis
c0383	sd_group2	2.008316044185612	emlRunPairedAnalysis
c0383	median_group1	72.30000000000001	emlRunPairedAnalysis
c0383	median_group2	82.30000000000001	emlRunPairedAnalysis
c0383	mean_diff	-10	emlRunPairedAnalysis
c0383	t_undefined	1	emlRunPairedAnalysis
c0383	df_undefined	1	emlRunPairedAnalysis
c0383	cohens_dz_undefined	1	emlRunPairedAnalysis
c0383	w_statistic	0	emlRunPairedAnalysis
c0383	rank_biserial	-1	emlRunPairedAnalysis
c0383	p	0.07186063822585156	emlRunPairedAnalysis
c0383	wilcoxon_p_undefined	1	emlRunPairedAnalysis
c0383	p_method	normal approximation (ties present)	emlRunPairedAnalysis
c0384	refused	1	emlRunPairedAnalysis
c0384	refuse_reason	No paired test could be run on these two columns. "SPL_soft" and "SPL_medium" give n = 6 complete pairs, and every one of those pairs has the same difference, so there is no variation in the differences for a paired test to work on. Paired t-test: All differences are identical (zero variance). Wilcoxon signed-rank: All differences are zero; cannot perform test.	emlRunPairedAnalysis
c0385	n	30	emlRunCorrelationAnalysis
c0385	r	0.9680479961901461	emlRunCorrelationAnalysis
c0385	t	20.427208112165175	emlRunCorrelationAnalysis
c0385	df	28	emlRunCorrelationAnalysis
c0385	p	2.3285947015000792e-18	emlRunCorrelationAnalysis
c0385	p_method	t distribution	emlRunCorrelationAnalysis
c0386	n	30	emlRunCorrelationAnalysis
c0386	rho	0.9449327013639451	emlRunCorrelationAnalysis
c0386	spearman_t	15.278500022512516	emlRunCorrelationAnalysis
c0386	spearman_df	28	emlRunCorrelationAnalysis
c0386	spearman_p_asymptotic	4.11660899694202e-15	emlRunCorrelationAnalysis
c0386	p	4.11660899694202e-15	emlRunCorrelationAnalysis
c0386	p_method	t approximation (ties present)	emlRunCorrelationAnalysis
c0387	n	30	emlRunCorrelationAnalysis
c0387	r	0.9680479961901461	emlRunCorrelationAnalysis
c0387	t	20.427208112165175	emlRunCorrelationAnalysis
c0387	df	28	emlRunCorrelationAnalysis
c0387	p	2.3285947015000792e-18	emlRunCorrelationAnalysis
c0387	p_method	t distribution	emlRunCorrelationAnalysis
c0387	rho	0.9449327013639451	emlRunCorrelationAnalysis
c0387	spearman_t	15.278500022512516	emlRunCorrelationAnalysis
c0387	spearman_df	28	emlRunCorrelationAnalysis
c0387	spearman_p_asymptotic	4.11660899694202e-15	emlRunCorrelationAnalysis
c0387	spearman_p_method	t approximation (ties present)	emlRunCorrelationAnalysis
c0388	n	30	emlRunCorrelationAnalysis
c0388	r	-0.01583735745759045	emlRunCorrelationAnalysis
c0388	t	-0.08381393035789077	emlRunCorrelationAnalysis
c0388	df	28	emlRunCorrelationAnalysis
c0388	p	0.933800741142079	emlRunCorrelationAnalysis
c0388	p_method	t distribution	emlRunCorrelationAnalysis
c0389	n	30	emlRunCorrelationAnalysis
c0389	rho	-0.054108228505158736	emlRunCorrelationAnalysis
c0389	spearman_t	-0.28673387612001044	emlRunCorrelationAnalysis
c0389	spearman_df	28	emlRunCorrelationAnalysis
c0389	spearman_p_asymptotic	0.7764272142522347	emlRunCorrelationAnalysis
c0389	p	0.7764272142522347	emlRunCorrelationAnalysis
c0389	p_method	t approximation (ties present)	emlRunCorrelationAnalysis
c0390	n	30	emlRunCorrelationAnalysis
c0390	r	-0.01583735745759045	emlRunCorrelationAnalysis
c0390	t	-0.08381393035789077	emlRunCorrelationAnalysis
c0390	df	28	emlRunCorrelationAnalysis
c0390	p	0.933800741142079	emlRunCorrelationAnalysis
c0390	p_method	t distribution	emlRunCorrelationAnalysis
c0390	rho	-0.054108228505158736	emlRunCorrelationAnalysis
c0390	spearman_t	-0.28673387612001044	emlRunCorrelationAnalysis
c0390	spearman_df	28	emlRunCorrelationAnalysis
c0390	spearman_p_asymptotic	0.7764272142522347	emlRunCorrelationAnalysis
c0390	spearman_p_method	t approximation (ties present)	emlRunCorrelationAnalysis
c0391	n	30	emlRunCorrelationAnalysis
c0391	r	0.008413924306855869	emlRunCorrelationAnalysis
c0391	t	0.04452387857446964	emlRunCorrelationAnalysis
c0391	df	28	emlRunCorrelationAnalysis
c0391	p	0.9648028373847786	emlRunCorrelationAnalysis
c0391	p_method	t distribution	emlRunCorrelationAnalysis
c0392	n	30	emlRunCorrelationAnalysis
c0392	rho	-0.07480799332398994	emlRunCorrelationAnalysis
c0392	spearman_t	-0.3969589892479902	emlRunCorrelationAnalysis
c0392	spearman_df	28	emlRunCorrelationAnalysis
c0392	spearman_p_asymptotic	0.6944073363970094	emlRunCorrelationAnalysis
c0392	p	0.6944073363970094	emlRunCorrelationAnalysis
c0392	p_method	t approximation (ties present)	emlRunCorrelationAnalysis
c0393	n	30	emlRunCorrelationAnalysis
c0393	r	0.008413924306855869	emlRunCorrelationAnalysis
c0393	t	0.04452387857446964	emlRunCorrelationAnalysis
c0393	df	28	emlRunCorrelationAnalysis
c0393	p	0.9648028373847786	emlRunCorrelationAnalysis
c0393	p_method	t distribution	emlRunCorrelationAnalysis
c0393	rho	-0.07480799332398994	emlRunCorrelationAnalysis
c0393	spearman_t	-0.3969589892479902	emlRunCorrelationAnalysis
c0393	spearman_df	28	emlRunCorrelationAnalysis
c0393	spearman_p_asymptotic	0.6944073363970094	emlRunCorrelationAnalysis
c0393	spearman_p_method	t approximation (ties present)	emlRunCorrelationAnalysis
c0394	n	25	emlRunCorrelationAnalysis
c0394	r	0.9000328641118615	emlRunCorrelationAnalysis
c0394	t	9.904056393331285	emlRunCorrelationAnalysis
c0394	df	23	emlRunCorrelationAnalysis
c0394	p	9.166854032696006e-10	emlRunCorrelationAnalysis
c0394	p_method	t distribution	emlRunCorrelationAnalysis
c0395	n	25	emlRunCorrelationAnalysis
c0395	rho	0.9013504207202551	emlRunCorrelationAnalysis
c0395	spearman_t	9.981110933576453	emlRunCorrelationAnalysis
c0395	spearman_df	23	emlRunCorrelationAnalysis
c0395	spearman_p_asymptotic	7.922169279800294e-10	emlRunCorrelationAnalysis
c0395	p	7.922169279800294e-10	emlRunCorrelationAnalysis
c0395	p_method	t approximation (ties present)	emlRunCorrelationAnalysis
c0396	n	25	emlRunCorrelationAnalysis
c0396	r	0.9000328641118615	emlRunCorrelationAnalysis
c0396	t	9.904056393331285	emlRunCorrelationAnalysis
c0396	df	23	emlRunCorrelationAnalysis
c0396	p	9.166854032696006e-10	emlRunCorrelationAnalysis
c0396	p_method	t distribution	emlRunCorrelationAnalysis
c0396	rho	0.9013504207202551	emlRunCorrelationAnalysis
c0396	spearman_t	9.981110933576453	emlRunCorrelationAnalysis
c0396	spearman_df	23	emlRunCorrelationAnalysis
c0396	spearman_p_asymptotic	7.922169279800294e-10	emlRunCorrelationAnalysis
c0396	spearman_p_method	t approximation (ties present)	emlRunCorrelationAnalysis
c0397	n	25	emlRunCorrelationAnalysis
c0397	r	0.894687052529419	emlRunCorrelationAnalysis
c0397	t	9.605620907332526	emlRunCorrelationAnalysis
c0397	df	23	emlRunCorrelationAnalysis
c0397	p	1.6243194684225975e-09	emlRunCorrelationAnalysis
c0397	p_method	t distribution	emlRunCorrelationAnalysis
c0398	n	25	emlRunCorrelationAnalysis
c0398	rho	0.9325391175719795	emlRunCorrelationAnalysis
c0398	spearman_t	12.386277932173256	emlRunCorrelationAnalysis
c0398	spearman_df	23	emlRunCorrelationAnalysis
c0398	spearman_p_asymptotic	1.1713696502980452e-11	emlRunCorrelationAnalysis
c0398	p	1.1713696502980452e-11	emlRunCorrelationAnalysis
c0398	p_method	t approximation (ties present)	emlRunCorrelationAnalysis
c0399	n	25	emlRunCorrelationAnalysis
c0399	r	0.894687052529419	emlRunCorrelationAnalysis
c0399	t	9.605620907332526	emlRunCorrelationAnalysis
c0399	df	23	emlRunCorrelationAnalysis
c0399	p	1.6243194684225975e-09	emlRunCorrelationAnalysis
c0399	p_method	t distribution	emlRunCorrelationAnalysis
c0399	rho	0.9325391175719795	emlRunCorrelationAnalysis
c0399	spearman_t	12.386277932173256	emlRunCorrelationAnalysis
c0399	spearman_df	23	emlRunCorrelationAnalysis
c0399	spearman_p_asymptotic	1.1713696502980452e-11	emlRunCorrelationAnalysis
c0399	spearman_p_method	t approximation (ties present)	emlRunCorrelationAnalysis
c0400	n	25	emlRunCorrelationAnalysis
c0400	r	0.7823363620452151	emlRunCorrelationAnalysis
c0400	t	6.02378771922613	emlRunCorrelationAnalysis
c0400	df	23	emlRunCorrelationAnalysis
c0400	p	3.8321982741035335e-06	emlRunCorrelationAnalysis
c0400	p_method	t distribution	emlRunCorrelationAnalysis
c0401	n	25	emlRunCorrelationAnalysis
c0401	rho	0.809772173189286	emlRunCorrelationAnalysis
c0401	spearman_t	6.618777628668466	emlRunCorrelationAnalysis
c0401	spearman_df	23	emlRunCorrelationAnalysis
c0401	spearman_p_asymptotic	9.410271330018064e-07	emlRunCorrelationAnalysis
c0401	p	9.410271330018064e-07	emlRunCorrelationAnalysis
c0401	p_method	t approximation (ties present)	emlRunCorrelationAnalysis
c0402	n	25	emlRunCorrelationAnalysis
c0402	r	0.7823363620452151	emlRunCorrelationAnalysis
c0402	t	6.02378771922613	emlRunCorrelationAnalysis
c0402	df	23	emlRunCorrelationAnalysis
c0402	p	3.8321982741035335e-06	emlRunCorrelationAnalysis
c0402	p_method	t distribution	emlRunCorrelationAnalysis
c0402	rho	0.809772173189286	emlRunCorrelationAnalysis
c0402	spearman_t	6.618777628668466	emlRunCorrelationAnalysis
c0402	spearman_df	23	emlRunCorrelationAnalysis
c0402	spearman_p_asymptotic	9.410271330018064e-07	emlRunCorrelationAnalysis
c0402	spearman_p_method	t approximation (ties present)	emlRunCorrelationAnalysis
c0403	n	25	emlRunCorrelationAnalysis
c0403	r	-0.9852265176044431	emlRunCorrelationAnalysis
c0403	t	-27.59011668132989	emlRunCorrelationAnalysis
c0403	df	23	emlRunCorrelationAnalysis
c0403	p	3.946084497674828e-19	emlRunCorrelationAnalysis
c0403	p_method	t distribution	emlRunCorrelationAnalysis
c0404	n	25	emlRunCorrelationAnalysis
c0404	rho	-0.9792307692307692	emlRunCorrelationAnalysis
c0404	spearman_t	-23.162772757819912	emlRunCorrelationAnalysis
c0404	spearman_df	23	emlRunCorrelationAnalysis
c0404	spearman_p_asymptotic	1.9265215950050128e-17	emlRunCorrelationAnalysis
c0404	p	6.339362660590996e-07	emlRunCorrelationAnalysis
c0404	p_method	exact	emlRunCorrelationAnalysis
c0405	n	25	emlRunCorrelationAnalysis
c0405	r	-0.9852265176044431	emlRunCorrelationAnalysis
c0405	t	-27.59011668132989	emlRunCorrelationAnalysis
c0405	df	23	emlRunCorrelationAnalysis
c0405	p	3.946084497674828e-19	emlRunCorrelationAnalysis
c0405	p_method	t distribution	emlRunCorrelationAnalysis
c0405	rho	-0.9792307692307692	emlRunCorrelationAnalysis
c0405	spearman_t	-23.162772757819912	emlRunCorrelationAnalysis
c0405	spearman_df	23	emlRunCorrelationAnalysis
c0405	spearman_p_asymptotic	1.9265215950050128e-17	emlRunCorrelationAnalysis
c0405	spearman_p_method	exact	emlRunCorrelationAnalysis
c0406	n	40	emlRunCorrelationAnalysis
c0406	r	0.1460944068312435	emlRunCorrelationAnalysis
c0406	t	0.9103539104980044	emlRunCorrelationAnalysis
c0406	df	38	emlRunCorrelationAnalysis
c0406	p	0.36837451086680795	emlRunCorrelationAnalysis
c0406	p_method	t distribution	emlRunCorrelationAnalysis
c0407	n	40	emlRunCorrelationAnalysis
c0407	rho	0.2519699812382739	emlRunCorrelationAnalysis
c0407	spearman_t	1.6050336085093366	emlRunCorrelationAnalysis
c0407	spearman_df	38	emlRunCorrelationAnalysis
c0407	spearman_p_asymptotic	0.1167662905493776	emlRunCorrelationAnalysis
c0407	p	0.11668526186103235	emlRunCorrelationAnalysis
c0407	p_method	exact	emlRunCorrelationAnalysis
c0408	n	40	emlRunCorrelationAnalysis
c0408	r	0.1460944068312435	emlRunCorrelationAnalysis
c0408	t	0.9103539104980044	emlRunCorrelationAnalysis
c0408	df	38	emlRunCorrelationAnalysis
c0408	p	0.36837451086680795	emlRunCorrelationAnalysis
c0408	p_method	t distribution	emlRunCorrelationAnalysis
c0408	rho	0.2519699812382739	emlRunCorrelationAnalysis
c0408	spearman_t	1.6050336085093366	emlRunCorrelationAnalysis
c0408	spearman_df	38	emlRunCorrelationAnalysis
c0408	spearman_p_asymptotic	0.1167662905493776	emlRunCorrelationAnalysis
c0408	spearman_p_method	exact	emlRunCorrelationAnalysis
c0409	n	40	emlRunCorrelationAnalysis
c0409	r	-0.10742636713545865	emlRunCorrelationAnalysis
c0409	t	-0.6660751498500027	emlRunCorrelationAnalysis
c0409	df	38	emlRunCorrelationAnalysis
c0409	p	0.5093867100678993	emlRunCorrelationAnalysis
c0409	p_method	t distribution	emlRunCorrelationAnalysis
c0410	n	40	emlRunCorrelationAnalysis
c0410	rho	-0.07298311444652908	emlRunCorrelationAnalysis
c0410	spearman_t	-0.45110113978177746	emlRunCorrelationAnalysis
c0410	spearman_df	38	emlRunCorrelationAnalysis
c0410	spearman_p_asymptotic	0.6544804833788312	emlRunCorrelationAnalysis
c0410	p	0.65345608803343	emlRunCorrelationAnalysis
c0410	p_method	exact	emlRunCorrelationAnalysis
c0411	n	40	emlRunCorrelationAnalysis
c0411	r	-0.10742636713545865	emlRunCorrelationAnalysis
c0411	t	-0.6660751498500027	emlRunCorrelationAnalysis
c0411	df	38	emlRunCorrelationAnalysis
c0411	p	0.5093867100678993	emlRunCorrelationAnalysis
c0411	p_method	t distribution	emlRunCorrelationAnalysis
c0411	rho	-0.07298311444652908	emlRunCorrelationAnalysis
c0411	spearman_t	-0.45110113978177746	emlRunCorrelationAnalysis
c0411	spearman_df	38	emlRunCorrelationAnalysis
c0411	spearman_p_asymptotic	0.6544804833788312	emlRunCorrelationAnalysis
c0411	spearman_p_method	exact	emlRunCorrelationAnalysis
c0412	n	40	emlRunCorrelationAnalysis
c0412	r	-0.05245692496804757	emlRunCorrelationAnalysis
c0412	t	-0.3238120312114363	emlRunCorrelationAnalysis
c0412	df	38	emlRunCorrelationAnalysis
c0412	p	0.7478558818054126	emlRunCorrelationAnalysis
c0412	p_method	t distribution	emlRunCorrelationAnalysis
c0413	n	40	emlRunCorrelationAnalysis
c0413	rho	-0.031332082551594746	emlRunCorrelationAnalysis
c0413	spearman_t	-0.193238802921662	emlRunCorrelationAnalysis
c0413	spearman_df	38	emlRunCorrelationAnalysis
c0413	spearman_p_asymptotic	0.8478011248622921	emlRunCorrelationAnalysis
c0413	p	0.8475392800987146	emlRunCorrelationAnalysis
c0413	p_method	exact	emlRunCorrelationAnalysis
c0414	n	40	emlRunCorrelationAnalysis
c0414	r	-0.05245692496804757	emlRunCorrelationAnalysis
c0414	t	-0.3238120312114363	emlRunCorrelationAnalysis
c0414	df	38	emlRunCorrelationAnalysis
c0414	p	0.7478558818054126	emlRunCorrelationAnalysis
c0414	p_method	t distribution	emlRunCorrelationAnalysis
c0414	rho	-0.031332082551594746	emlRunCorrelationAnalysis
c0414	spearman_t	-0.193238802921662	emlRunCorrelationAnalysis
c0414	spearman_df	38	emlRunCorrelationAnalysis
c0414	spearman_p_asymptotic	0.8478011248622921	emlRunCorrelationAnalysis
c0414	spearman_p_method	exact	emlRunCorrelationAnalysis
c0415	n	20	emlRunCorrelationAnalysis
c0415	r	0.6871884645534313	emlRunCorrelationAnalysis
c0415	t	4.013182727987942	emlRunCorrelationAnalysis
c0415	df	18	emlRunCorrelationAnalysis
c0415	p	0.0008155312219699205	emlRunCorrelationAnalysis
c0415	p_method	t distribution	emlRunCorrelationAnalysis
c0416	n	20	emlRunCorrelationAnalysis
c0416	rho	0.6210526315789474	emlRunCorrelationAnalysis
c0416	spearman_t	3.36183700555932	emlRunCorrelationAnalysis
c0416	spearman_df	18	emlRunCorrelationAnalysis
c0416	spearman_p_asymptotic	0.003472810272541157	emlRunCorrelationAnalysis
c0416	p	0.004222076026557867	emlRunCorrelationAnalysis
c0416	p_method	exact	emlRunCorrelationAnalysis
c0417	n	20	emlRunCorrelationAnalysis
c0417	r	0.6871884645534313	emlRunCorrelationAnalysis
c0417	t	4.013182727987942	emlRunCorrelationAnalysis
c0417	df	18	emlRunCorrelationAnalysis
c0417	p	0.0008155312219699205	emlRunCorrelationAnalysis
c0417	p_method	t distribution	emlRunCorrelationAnalysis
c0417	rho	0.6210526315789474	emlRunCorrelationAnalysis
c0417	spearman_t	3.36183700555932	emlRunCorrelationAnalysis
c0417	spearman_df	18	emlRunCorrelationAnalysis
c0417	spearman_p_asymptotic	0.003472810272541157	emlRunCorrelationAnalysis
c0417	spearman_p_method	exact	emlRunCorrelationAnalysis
c0418	refused	1	emlRunCorrelationAnalysis
c0418	refuse_reason	Need at least 3 complete pairs for correlation.	emlRunCorrelationAnalysis
c0419	refused	1	emlRunCorrelationAnalysis
c0419	refuse_reason	No correlation could be computed. Pearson: One or both variables have zero variance Spearman: One or both variables have zero variance	emlRunCorrelationAnalysis
c0420	n	45	emlRunDescriptiveAnalysis
c0420	mean	88.95182018331927	emlRunDescriptiveAnalysis
c0420	sd	5.4387513398193805	emlRunDescriptiveAnalysis
c0420	variance	29.58001613638711	emlRunDescriptiveAnalysis
c0420	sem	0.8107611805702796	emlRunDescriptiveAnalysis
c0420	median	90.09188647004873	emlRunDescriptiveAnalysis
c0420	q1	86.2329947278319	emlRunDescriptiveAnalysis
c0420	q3	92.23369751674821	emlRunDescriptiveAnalysis
c0420	iqr	6.000702788916314	emlRunDescriptiveAnalysis
c0420	min	77.73550825444009	emlRunDescriptiveAnalysis
c0420	max	99.7279365967753	emlRunDescriptiveAnalysis
c0420	range	21.992428342335202	emlRunDescriptiveAnalysis
c0420	skewness	-0.4223081701411347	emlRunDescriptiveAnalysis
c0420	kurtosis	-0.2855629514765563	emlRunDescriptiveAnalysis
c0420	ci_low	87.31783838938019	emlRunDescriptiveAnalysis
c0420	ci_high	90.58580197725836	emlRunDescriptiveAnalysis
c0421	n	45	emlRunDescriptiveAnalysis
c0421	mean	5.4485270685188905	emlRunDescriptiveAnalysis
c0421	sd	0.7079905797345153	emlRunDescriptiveAnalysis
c0421	variance	0.501250660992815	emlRunDescriptiveAnalysis
c0421	sem	0.10554100424772407	emlRunDescriptiveAnalysis
c0421	median	5.367907928937989	emlRunDescriptiveAnalysis
c0421	q1	4.96314245756826	emlRunDescriptiveAnalysis
c0421	q3	5.91351467209776	emlRunDescriptiveAnalysis
c0421	iqr	0.9503722145294997	emlRunDescriptiveAnalysis
c0421	min	4.177177909358892	emlRunDescriptiveAnalysis
c0421	max	7.055488601279325	emlRunDescriptiveAnalysis
c0421	range	2.8783106919204338	emlRunDescriptiveAnalysis
c0421	skewness	0.3424908631755928	emlRunDescriptiveAnalysis
c0421	kurtosis	-0.5483503796612039	emlRunDescriptiveAnalysis
c0421	ci_low	5.235823150783796	emlRunDescriptiveAnalysis
c0421	ci_high	5.661230986253985	emlRunDescriptiveAnalysis
c0422	n	45	emlRunDescriptiveAnalysis
c0422	mean	88.70521164294013	emlRunDescriptiveAnalysis
c0422	sd	4.936072279721215	emlRunDescriptiveAnalysis
c0422	variance	24.364809550632195	emlRunDescriptiveAnalysis
c0422	sem	0.7358262106205996	emlRunDescriptiveAnalysis
c0422	median	88.83189418153206	emlRunDescriptiveAnalysis
c0422	q1	85.5653638247647	emlRunDescriptiveAnalysis
c0422	q3	92.48594015063962	emlRunDescriptiveAnalysis
c0422	iqr	6.920576325874919	emlRunDescriptiveAnalysis
c0422	min	77.57691753621832	emlRunDescriptiveAnalysis
c0422	max	97.48598869792441	emlRunDescriptiveAnalysis
c0422	range	19.909071161706095	emlRunDescriptiveAnalysis
c0422	skewness	-0.2690539401675419	emlRunDescriptiveAnalysis
c0422	kurtosis	-0.5554547085119124	emlRunDescriptiveAnalysis
c0422	ci_low	87.22225135762955	emlRunDescriptiveAnalysis
c0422	ci_high	90.18817192825071	emlRunDescriptiveAnalysis
c0423	n	45	emlRunDescriptiveAnalysis
c0423	mean	5.481634452200578	emlRunDescriptiveAnalysis
c0423	sd	0.690931814781778	emlRunDescriptiveAnalysis
c0423	variance	0.4773867726776412	emlRunDescriptiveAnalysis
c0423	sem	0.10299803371128997	emlRunDescriptiveAnalysis
c0423	median	5.2390480332275216	emlRunDescriptiveAnalysis
c0423	q1	4.952137561994918	emlRunDescriptiveAnalysis
c0423	q3	5.960769755654502	emlRunDescriptiveAnalysis
c0423	iqr	1.008632193659584	emlRunDescriptiveAnalysis
c0423	min	4.3260194571088455	emlRunDescriptiveAnalysis
c0423	max	7.100546491205053	emlRunDescriptiveAnalysis
c0423	range	2.7745270340962076	emlRunDescriptiveAnalysis
c0423	skewness	0.4212380658752314	emlRunDescriptiveAnalysis
c0423	kurtosis	-0.7819929808732446	emlRunDescriptiveAnalysis
c0423	ci_low	5.274055554827378	emlRunDescriptiveAnalysis
c0423	ci_high	5.689213349573778	emlRunDescriptiveAnalysis
c0424	n	45	emlRunDescriptiveAnalysis
c0424	mean	88.3271910247897	emlRunDescriptiveAnalysis
c0424	sd	5.194975343633692	emlRunDescriptiveAnalysis
c0424	variance	26.987768820961993	emlRunDescriptiveAnalysis
c0424	sem	0.7744212006533508	emlRunDescriptiveAnalysis
c0424	median	88.96669527819462	emlRunDescriptiveAnalysis
c0424	q1	84.24699420596622	emlRunDescriptiveAnalysis
c0424	q3	92.31094893075537	emlRunDescriptiveAnalysis
c0424	iqr	8.063954724789156	emlRunDescriptiveAnalysis
c0424	min	75.19634145925214	emlRunDescriptiveAnalysis
c0424	max	101.21213563576504	emlRunDescriptiveAnalysis
c0424	range	26.015794176512898	emlRunDescriptiveAnalysis
c0424	skewness	-0.04056262253311585	emlRunDescriptiveAnalysis
c0424	kurtosis	0.1403933614946533	emlRunDescriptiveAnalysis
c0424	ci_low	86.76644764803113	emlRunDescriptiveAnalysis
c0424	ci_high	89.88793440154826	emlRunDescriptiveAnalysis
c0425	n	45	emlRunDescriptiveAnalysis
c0425	mean	5.47007406148198	emlRunDescriptiveAnalysis
c0425	sd	0.5643535417513099	emlRunDescriptiveAnalysis
c0425	variance	0.3184949200872475	emlRunDescriptiveAnalysis
c0425	sem	0.08412885884657964	emlRunDescriptiveAnalysis
c0425	median	5.320846521691661	emlRunDescriptiveAnalysis
c0425	q1	5.04705625211928	emlRunDescriptiveAnalysis
c0425	q3	5.857030463670996	emlRunDescriptiveAnalysis
c0425	iqr	0.8099742115517161	emlRunDescriptiveAnalysis
c0425	min	4.436081124082333	emlRunDescriptiveAnalysis
c0425	max	6.708790095148004	emlRunDescriptiveAnalysis
c0425	range	2.272708971065671	emlRunDescriptiveAnalysis
c0425	skewness	0.4604029472299115	emlRunDescriptiveAnalysis
c0425	kurtosis	-0.4495261411271132	emlRunDescriptiveAnalysis
c0425	ci_low	5.300523487287627	emlRunDescriptiveAnalysis
c0425	ci_high	5.639624635676332	emlRunDescriptiveAnalysis
c0426	n	40	emlRunDescriptiveAnalysis
c0426	mean	128.79381732267308	emlRunDescriptiveAnalysis
c0426	sd	21.44828673326018	emlRunDescriptiveAnalysis
c0426	variance	460.02900379214464	emlRunDescriptiveAnalysis
c0426	sem	3.3912718992737245	emlRunDescriptiveAnalysis
c0426	median	128.2459923633117	emlRunDescriptiveAnalysis
c0426	q1	118.18747548603169	emlRunDescriptiveAnalysis
c0426	q3	141.90953872004383	emlRunDescriptiveAnalysis
c0426	iqr	23.72206323401214	emlRunDescriptiveAnalysis
c0426	min	71.3552465885914	emlRunDescriptiveAnalysis
c0426	max	173.26340520585322	emlRunDescriptiveAnalysis
c0426	range	101.90815861726182	emlRunDescriptiveAnalysis
c0426	skewness	-0.2904708368822012	emlRunDescriptiveAnalysis
c0426	kurtosis	0.6132407744365711	emlRunDescriptiveAnalysis
c0426	ci_low	121.9343224446363	emlRunDescriptiveAnalysis
c0426	ci_high	135.65331220070985	emlRunDescriptiveAnalysis
c0427	n	40	emlRunDescriptiveAnalysis
c0427	mean	1.470343463480067	emlRunDescriptiveAnalysis
c0427	sd	0.9262539473299057	emlRunDescriptiveAnalysis
c0427	variance	0.8579463749442318	emlRunDescriptiveAnalysis
c0427	sem	0.14645360826420697	emlRunDescriptiveAnalysis
c0427	median	1.1891909784883135	emlRunDescriptiveAnalysis
c0427	q1	0.7293869811230516	emlRunDescriptiveAnalysis
c0427	q3	2.336288354511908	emlRunDescriptiveAnalysis
c0427	iqr	1.6069013733888564	emlRunDescriptiveAnalysis
c0427	min	0.1	emlRunDescriptiveAnalysis
c0427	max	3.97922199189776	emlRunDescriptiveAnalysis
c0427	range	3.8792219918977597	emlRunDescriptiveAnalysis
c0427	skewness	0.7853474367412737	emlRunDescriptiveAnalysis
c0427	kurtosis	-0.2800389433755135	emlRunDescriptiveAnalysis
c0427	ci_low	1.1741130798374348	emlRunDescriptiveAnalysis
c0427	ci_high	1.766573847122699	emlRunDescriptiveAnalysis
c0428	n	48	emlRunDescriptiveAnalysis
c0428	mean	92.19736231257816	emlRunDescriptiveAnalysis
c0428	sd	6.207041933257127	emlRunDescriptiveAnalysis
c0428	variance	38.527369561212375	emlRunDescriptiveAnalysis
c0428	sem	0.8959093327593244	emlRunDescriptiveAnalysis
c0428	median	92.02076063700434	emlRunDescriptiveAnalysis
c0428	q1	88.1651766878954	emlRunDescriptiveAnalysis
c0428	q3	97.88075348950792	emlRunDescriptiveAnalysis
c0428	iqr	9.715576801612528	emlRunDescriptiveAnalysis
c0428	min	80.67468992409745	emlRunDescriptiveAnalysis
c0428	max	106.53339123537664	emlRunDescriptiveAnalysis
c0428	range	25.85870131127919	emlRunDescriptiveAnalysis
c0428	skewness	0.22977700022324066	emlRunDescriptiveAnalysis
c0428	kurtosis	-0.5651729255961531	emlRunDescriptiveAnalysis
c0428	ci_low	90.39502521123762	emlRunDescriptiveAnalysis
c0428	ci_high	93.9996994139187	emlRunDescriptiveAnalysis
c0429	n	30	emlRunDescriptiveAnalysis
c0429	mean	152.08158962934505	emlRunDescriptiveAnalysis
c0429	sd	43.96679880380095	emlRunDescriptiveAnalysis
c0429	variance	1933.0793970539125	emlRunDescriptiveAnalysis
c0429	sem	8.027202495377644	emlRunDescriptiveAnalysis
c0429	median	146.68312810237848	emlRunDescriptiveAnalysis
c0429	q1	119.92165605605403	emlRunDescriptiveAnalysis
c0429	q3	185.69174493683806	emlRunDescriptiveAnalysis
c0429	iqr	65.77008888078403	emlRunDescriptiveAnalysis
c0429	min	80	emlRunDescriptiveAnalysis
c0429	max	257.27054684740216	emlRunDescriptiveAnalysis
c0429	range	177.27054684740216	emlRunDescriptiveAnalysis
c0429	skewness	0.5379465686426361	emlRunDescriptiveAnalysis
c0429	kurtosis	-0.21399578468970137	emlRunDescriptiveAnalysis
c0429	ci_low	135.66411714239706	emlRunDescriptiveAnalysis
c0429	ci_high	168.49906211629303	emlRunDescriptiveAnalysis
c0430	n	30	emlRunDescriptiveAnalysis
c0430	mean	325.14277269871354	emlRunDescriptiveAnalysis
c0430	sd	90.33840289649486	emlRunDescriptiveAnalysis
c0430	variance	8161.02703788943	emlRunDescriptiveAnalysis
c0430	sem	16.493460358466756	emlRunDescriptiveAnalysis
c0430	median	295.3789183617973	emlRunDescriptiveAnalysis
c0430	q1	260.90679328975756	emlRunDescriptiveAnalysis
c0430	q3	403.9595899455594	emlRunDescriptiveAnalysis
c0430	iqr	143.05279665580184	emlRunDescriptiveAnalysis
c0430	min	192.92610581806076	emlRunDescriptiveAnalysis
c0430	max	511.9177950148535	emlRunDescriptiveAnalysis
c0430	range	318.9916891967927	emlRunDescriptiveAnalysis
c0430	skewness	0.48790227503893957	emlRunDescriptiveAnalysis
c0430	kurtosis	-0.8803363776581938	emlRunDescriptiveAnalysis
c0430	ci_low	291.4098586722366	emlRunDescriptiveAnalysis
c0430	ci_high	358.87568672519046	emlRunDescriptiveAnalysis
c0431	n	30	emlRunDescriptiveAnalysis
c0431	mean	42.9	emlRunDescriptiveAnalysis
c0431	sd	13.64159460797292	emlRunDescriptiveAnalysis
c0431	variance	186.09310344827583	emlRunDescriptiveAnalysis
c0431	sem	2.490603029042537	emlRunDescriptiveAnalysis
c0431	median	46	emlRunDescriptiveAnalysis
c0431	q1	30.25	emlRunDescriptiveAnalysis
c0431	q3	54.5	emlRunDescriptiveAnalysis
c0431	iqr	24.25	emlRunDescriptiveAnalysis
c0431	min	23	emlRunDescriptiveAnalysis
c0431	max	65	emlRunDescriptiveAnalysis
c0431	range	42	emlRunDescriptiveAnalysis
c0431	skewness	-0.08065535265373708	emlRunDescriptiveAnalysis
c0431	kurtosis	-1.5057194323747296	emlRunDescriptiveAnalysis
c0431	ci_low	37.8061448582167	emlRunDescriptiveAnalysis
c0431	ci_high	47.9938551417833	emlRunDescriptiveAnalysis
c0432	n	25	emlRunDescriptiveAnalysis
c0432	mean	12.316351446257157	emlRunDescriptiveAnalysis
c0432	sd	5.453601489798855	emlRunDescriptiveAnalysis
c0432	variance	29.741769209536287	emlRunDescriptiveAnalysis
c0432	sem	1.090720297959771	emlRunDescriptiveAnalysis
c0432	median	12.00793862171911	emlRunDescriptiveAnalysis
c0432	q1	9.441194418280608	emlRunDescriptiveAnalysis
c0432	q3	15.560725659071393	emlRunDescriptiveAnalysis
c0432	iqr	6.119531240790785	emlRunDescriptiveAnalysis
c0432	min	1.8588664833914819	emlRunDescriptiveAnalysis
c0432	max	22.555956255221613	emlRunDescriptiveAnalysis
c0432	range	20.697089771830132	emlRunDescriptiveAnalysis
c0432	skewness	0.08291522774118415	emlRunDescriptiveAnalysis
c0432	kurtosis	-0.45158542591551676	emlRunDescriptiveAnalysis
c0432	ci_low	10.065215392159494	emlRunDescriptiveAnalysis
c0432	ci_high	14.567487500354819	emlRunDescriptiveAnalysis
c0433	n	25	emlRunDescriptiveAnalysis
c0433	mean	79.35474662700702	emlRunDescriptiveAnalysis
c0433	sd	15.888951567380591	emlRunDescriptiveAnalysis
c0433	variance	252.45878191056613	emlRunDescriptiveAnalysis
c0433	sem	3.1777903134761183	emlRunDescriptiveAnalysis
c0433	median	79.48143235979371	emlRunDescriptiveAnalysis
c0433	q1	71.79068633953113	emlRunDescriptiveAnalysis
c0433	q3	89.46372210407873	emlRunDescriptiveAnalysis
c0433	iqr	17.673035764547592	emlRunDescriptiveAnalysis
c0433	min	46.092069658324995	emlRunDescriptiveAnalysis
c0433	max	100	emlRunDescriptiveAnalysis
c0433	range	53.907930341675005	emlRunDescriptiveAnalysis
c0433	skewness	-0.4851383017570661	emlRunDescriptiveAnalysis
c0433	kurtosis	-0.3037732949183045	emlRunDescriptiveAnalysis
c0433	ci_low	72.79610976986818	emlRunDescriptiveAnalysis
c0433	ci_high	85.91338348414585	emlRunDescriptiveAnalysis
c0434	n	25	emlRunDescriptiveAnalysis
c0434	mean	10.28	emlRunDescriptiveAnalysis
c0434	sd	5.465955238260433	emlRunDescriptiveAnalysis
c0434	variance	29.876666666666665	emlRunDescriptiveAnalysis
c0434	sem	1.0931910476520865	emlRunDescriptiveAnalysis
c0434	median	11	emlRunDescriptiveAnalysis
c0434	q1	7	emlRunDescriptiveAnalysis
c0434	q3	13	emlRunDescriptiveAnalysis
c0434	iqr	6	emlRunDescriptiveAnalysis
c0434	min	1	emlRunDescriptiveAnalysis
c0434	max	22	emlRunDescriptiveAnalysis
c0434	range	21	emlRunDescriptiveAnalysis
c0434	skewness	0.2074838034158848	emlRunDescriptiveAnalysis
c0434	kurtosis	-0.36841365645028823	emlRunDescriptiveAnalysis
c0434	ci_low	8.023764569166223	emlRunDescriptiveAnalysis
c0434	ci_high	12.536235430833775	emlRunDescriptiveAnalysis
c0435	n	25	emlRunDescriptiveAnalysis
c0435	mean	8.95	emlRunDescriptiveAnalysis
c0435	sd	4.410782243548189	emlRunDescriptiveAnalysis
c0435	variance	19.454999999999995	emlRunDescriptiveAnalysis
c0435	sem	0.8821564487096378	emlRunDescriptiveAnalysis
c0435	median	8.95	emlRunDescriptiveAnalysis
c0435	q1	5.35	emlRunDescriptiveAnalysis
c0435	q3	12.55	emlRunDescriptiveAnalysis
c0435	iqr	7.200000000000001	emlRunDescriptiveAnalysis
c0435	min	1.75	emlRunDescriptiveAnalysis
c0435	max	16.15	emlRunDescriptiveAnalysis
c0435	range	14.399999999999999	emlRunDescriptiveAnalysis
c0435	skewness	3.620292471603771e-16	emlRunDescriptiveAnalysis
c0435	kurtosis	-1.2053457286260638	emlRunDescriptiveAnalysis
c0435	ci_low	7.129318574377291	emlRunDescriptiveAnalysis
c0435	ci_high	10.770681425622708	emlRunDescriptiveAnalysis
c0436	n	25	emlRunDescriptiveAnalysis
c0436	mean	83.225	emlRunDescriptiveAnalysis
c0436	sd	18.62432907068959	emlRunDescriptiveAnalysis
c0436	variance	346.8656333333334	emlRunDescriptiveAnalysis
c0436	sem	3.7248658141379183	emlRunDescriptiveAnalysis
c0436	median	82.61	emlRunDescriptiveAnalysis
c0436	q1	69.85	emlRunDescriptiveAnalysis
c0436	q3	99.065	emlRunDescriptiveAnalysis
c0436	iqr	29.215000000000003	emlRunDescriptiveAnalysis
c0436	min	49.785	emlRunDescriptiveAnalysis
c0436	max	112.75	emlRunDescriptiveAnalysis
c0436	range	62.965	emlRunDescriptiveAnalysis
c0436	skewness	-0.0680140797089868	emlRunDescriptiveAnalysis
c0436	kurtosis	-1.095847156424401	emlRunDescriptiveAnalysis
c0436	ci_low	75.53725480394334	emlRunDescriptiveAnalysis
c0436	ci_high	90.91274519605665	emlRunDescriptiveAnalysis
c0437	n	40	emlRunDescriptiveAnalysis
c0437	mean	185.67052075563788	emlRunDescriptiveAnalysis
c0437	sd	26.714648514367326	emlRunDescriptiveAnalysis
c0437	variance	713.6724452461884	emlRunDescriptiveAnalysis
c0437	sem	4.223956809811709	emlRunDescriptiveAnalysis
c0437	median	188.2082198355006	emlRunDescriptiveAnalysis
c0437	q1	167.27906930695468	emlRunDescriptiveAnalysis
c0437	q3	205.00875026631795	emlRunDescriptiveAnalysis
c0437	iqr	37.729680959363264	emlRunDescriptiveAnalysis
c0437	min	128.39982089352122	emlRunDescriptiveAnalysis
c0437	max	231.25158234305874	emlRunDescriptiveAnalysis
c0437	range	102.85176144953752	emlRunDescriptiveAnalysis
c0437	skewness	-0.17244944259029787	emlRunDescriptiveAnalysis
c0437	kurtosis	-0.6948743053319233	emlRunDescriptiveAnalysis
c0437	ci_low	177.1267616698043	emlRunDescriptiveAnalysis
c0437	ci_high	194.21427984147147	emlRunDescriptiveAnalysis
c0438	n	40	emlRunDescriptiveAnalysis
c0438	mean	2.213541094245277	emlRunDescriptiveAnalysis
c0438	sd	1.0983865823336167	emlRunDescriptiveAnalysis
c0438	variance	1.206453084250523	emlRunDescriptiveAnalysis
c0438	sem	0.17367016757711462	emlRunDescriptiveAnalysis
c0438	median	2.015006016169768	emlRunDescriptiveAnalysis
c0438	q1	1.2955177517393974	emlRunDescriptiveAnalysis
c0438	q3	2.894430235875636	emlRunDescriptiveAnalysis
c0438	iqr	1.5989124841362388	emlRunDescriptiveAnalysis
c0438	min	0.6363979204596882	emlRunDescriptiveAnalysis
c0438	max	5.159617605981334	emlRunDescriptiveAnalysis
c0438	range	4.523219685521646	emlRunDescriptiveAnalysis
c0438	skewness	0.9125091302287311	emlRunDescriptiveAnalysis
c0438	kurtosis	0.4512875366214901	emlRunDescriptiveAnalysis
c0438	ci_low	1.8622600232057849	emlRunDescriptiveAnalysis
c0438	ci_high	2.5648221652847694	emlRunDescriptiveAnalysis
c0439	n	40	emlRunDescriptiveAnalysis
c0439	mean	1.189425350463762	emlRunDescriptiveAnalysis
c0439	sd	0.5219768541959805	emlRunDescriptiveAnalysis
c0439	variance	0.27245983631633186	emlRunDescriptiveAnalysis
c0439	sem	0.08253178725744582	emlRunDescriptiveAnalysis
c0439	median	1.2134480152712586	emlRunDescriptiveAnalysis
c0439	q1	0.722267490809164	emlRunDescriptiveAnalysis
c0439	q3	1.456572000623502	emlRunDescriptiveAnalysis
c0439	iqr	0.7343045098143379	emlRunDescriptiveAnalysis
c0439	min	0.12353686037238448	emlRunDescriptiveAnalysis
c0439	max	2.541324186295038	emlRunDescriptiveAnalysis
c0439	range	2.4177873259226534	emlRunDescriptiveAnalysis
c0439	skewness	0.3330269567013728	emlRunDescriptiveAnalysis
c0439	kurtosis	0.3056215695790545	emlRunDescriptiveAnalysis
c0439	ci_low	1.0224890537637208	emlRunDescriptiveAnalysis
c0439	ci_high	1.3563616471638031	emlRunDescriptiveAnalysis
c0440	n	20	emlRunDescriptiveAnalysis
c0440	mean	2.695592193038029	emlRunDescriptiveAnalysis
c0440	sd	0.8226067124726181	emlRunDescriptiveAnalysis
c0440	variance	0.6766818034050085	emlRunDescriptiveAnalysis
c0440	sem	0.1839404527836398	emlRunDescriptiveAnalysis
c0440	median	2.6830411098185585	emlRunDescriptiveAnalysis
c0440	q1	2.0158327530486386	emlRunDescriptiveAnalysis
c0440	q3	3.1857961005597226	emlRunDescriptiveAnalysis
c0440	iqr	1.169963347511084	emlRunDescriptiveAnalysis
c0440	min	1.4549649920127161	emlRunDescriptiveAnalysis
c0440	max	4.190975503207142	emlRunDescriptiveAnalysis
c0440	range	2.7360105111944257	emlRunDescriptiveAnalysis
c0440	skewness	0.2686313271766197	emlRunDescriptiveAnalysis
c0440	kurtosis	-1.0466612373257256	emlRunDescriptiveAnalysis
c0440	ci_low	2.310600400783115	emlRunDescriptiveAnalysis
c0440	ci_high	3.080583985292943	emlRunDescriptiveAnalysis
c0441	n	20	emlRunDescriptiveAnalysis
c0441	mean	1.9671256945495916	emlRunDescriptiveAnalysis
c0441	sd	0.9174741833047945	emlRunDescriptiveAnalysis
c0441	variance	0.8417588770307995	emlRunDescriptiveAnalysis
c0441	sem	0.2051534641470623	emlRunDescriptiveAnalysis
c0441	median	2.2803311366839587	emlRunDescriptiveAnalysis
c0441	q1	1.0620595224410376	emlRunDescriptiveAnalysis
c0441	q3	2.5848533721019873	emlRunDescriptiveAnalysis
c0441	iqr	1.5227938496609497	emlRunDescriptiveAnalysis
c0441	min	0.5276728310442691	emlRunDescriptiveAnalysis
c0441	max	3.4234969973739764	emlRunDescriptiveAnalysis
c0441	range	2.8958241663297075	emlRunDescriptiveAnalysis
c0441	skewness	-0.23256131590908213	emlRunDescriptiveAnalysis
c0441	kurtosis	-1.232508789064831	emlRunDescriptiveAnalysis
c0441	ci_low	1.5377345592445975	emlRunDescriptiveAnalysis
c0441	ci_high	2.396516829854586	emlRunDescriptiveAnalysis
c0442	n	20	emlRunDescriptiveAnalysis
c0442	mean	17.760917585388263	emlRunDescriptiveAnalysis
c0442	sd	4.0883562770579305	emlRunDescriptiveAnalysis
c0442	variance	16.714657048158983	emlRunDescriptiveAnalysis
c0442	sem	0.9141842551739496	emlRunDescriptiveAnalysis
c0442	median	17.43443154557982	emlRunDescriptiveAnalysis
c0442	q1	15.957620261746417	emlRunDescriptiveAnalysis
c0442	q3	19.2667163587795	emlRunDescriptiveAnalysis
c0442	iqr	3.309096097033084	emlRunDescriptiveAnalysis
c0442	min	7.801376790424232	emlRunDescriptiveAnalysis
c0442	max	25.42512304994394	emlRunDescriptiveAnalysis
c0442	range	17.62374625951971	emlRunDescriptiveAnalysis
c0442	skewness	-0.24267860899207533	emlRunDescriptiveAnalysis
c0442	kurtosis	1.1401035165045013	emlRunDescriptiveAnalysis
c0442	ci_low	15.847507949147841	emlRunDescriptiveAnalysis
c0442	ci_high	19.674327221628683	emlRunDescriptiveAnalysis
c0443	n	20	emlRunDescriptiveAnalysis
c0443	mean	20.854932330675442	emlRunDescriptiveAnalysis
c0443	sd	4.358590709574023	emlRunDescriptiveAnalysis
c0443	variance	18.997312973584986	emlRunDescriptiveAnalysis
c0443	sem	0.9746105112706559	emlRunDescriptiveAnalysis
c0443	median	21.28877785191018	emlRunDescriptiveAnalysis
c0443	q1	18.90394515425885	emlRunDescriptiveAnalysis
c0443	q3	23.424531076896443	emlRunDescriptiveAnalysis
c0443	iqr	4.5205859226375935	emlRunDescriptiveAnalysis
c0443	min	8.900518126999033	emlRunDescriptiveAnalysis
c0443	max	28.763616984940604	emlRunDescriptiveAnalysis
c0443	range	19.863098857941573	emlRunDescriptiveAnalysis
c0443	skewness	-0.8925101531712528	emlRunDescriptiveAnalysis
c0443	kurtosis	2.03248877533177	emlRunDescriptiveAnalysis
c0443	ci_low	18.81504908690678	emlRunDescriptiveAnalysis
c0443	ci_high	22.894815574444106	emlRunDescriptiveAnalysis
c0444	n	20	emlRunDescriptiveAnalysis
c0444	mean	72.46457	emlRunDescriptiveAnalysis
c0444	sd	2.7435289036874426	emlRunDescriptiveAnalysis
c0444	variance	7.526950845368421	emlRunDescriptiveAnalysis
c0444	sem	0.6134717126880594	emlRunDescriptiveAnalysis
c0444	median	72.9915	emlRunDescriptiveAnalysis
c0444	q1	69.8828	emlRunDescriptiveAnalysis
c0444	q3	74.551675	emlRunDescriptiveAnalysis
c0444	iqr	4.668875	emlRunDescriptiveAnalysis
c0444	min	68.0803	emlRunDescriptiveAnalysis
c0444	max	77.3414	emlRunDescriptiveAnalysis
c0444	range	9.261099999999999	emlRunDescriptiveAnalysis
c0444	skewness	-0.03525132410272044	emlRunDescriptiveAnalysis
c0444	kurtosis	-1.2082355326924947	emlRunDescriptiveAnalysis
c0444	ci_low	71.18055894864483	emlRunDescriptiveAnalysis
c0444	ci_high	73.74858105135516	emlRunDescriptiveAnalysis
c0445	n	20	emlRunDescriptiveAnalysis
c0445	mean	83.354605	emlRunDescriptiveAnalysis
c0445	sd	3.674522263752908	emlRunDescriptiveAnalysis
c0445	variance	13.502113866815796	emlRunDescriptiveAnalysis
c0445	sem	0.8216481566587913	emlRunDescriptiveAnalysis
c0445	median	83.47055	emlRunDescriptiveAnalysis
c0445	q1	81.17157499999999	emlRunDescriptiveAnalysis
c0445	q3	85.248725	emlRunDescriptiveAnalysis
c0445	iqr	4.077150000000003	emlRunDescriptiveAnalysis
c0445	min	75.3102	emlRunDescriptiveAnalysis
c0445	max	89.2843	emlRunDescriptiveAnalysis
c0445	range	13.974100000000007	emlRunDescriptiveAnalysis
c0445	skewness	-0.1045702166887868	emlRunDescriptiveAnalysis
c0445	kurtosis	-0.1334469826115976	emlRunDescriptiveAnalysis
c0445	ci_low	81.63487564385291	emlRunDescriptiveAnalysis
c0445	ci_high	85.0743343561471	emlRunDescriptiveAnalysis
c0446	n	20	emlRunDescriptiveAnalysis
c0446	mean	94.129405	emlRunDescriptiveAnalysis
c0446	sd	2.7484903702281436	emlRunDescriptiveAnalysis
c0446	variance	7.554199315236838	emlRunDescriptiveAnalysis
c0446	sem	0.6145811303333693	emlRunDescriptiveAnalysis
c0446	median	94.7059	emlRunDescriptiveAnalysis
c0446	q1	93.422425	emlRunDescriptiveAnalysis
c0446	q3	95.693225	emlRunDescriptiveAnalysis
c0446	iqr	2.270799999999994	emlRunDescriptiveAnalysis
c0446	min	88.9401	emlRunDescriptiveAnalysis
c0446	max	98.1925	emlRunDescriptiveAnalysis
c0446	range	9.252399999999994	emlRunDescriptiveAnalysis
c0446	skewness	-0.678891690144081	emlRunDescriptiveAnalysis
c0446	kurtosis	-0.3173503972925804	emlRunDescriptiveAnalysis
c0446	ci_low	92.84307191082681	emlRunDescriptiveAnalysis
c0446	ci_high	95.4157380891732	emlRunDescriptiveAnalysis
c0447	n	4	emlRunDescriptiveAnalysis
c0447	mean	66.075	emlRunDescriptiveAnalysis
c0447	sd	4.711952886012334	emlRunDescriptiveAnalysis
c0447	variance	22.20249999999996	emlRunDescriptiveAnalysis
c0447	sem	2.355976443006167	emlRunDescriptiveAnalysis
c0447	median	66.5	emlRunDescriptiveAnalysis
c0447	q1	63.575	emlRunDescriptiveAnalysis
c0447	q3	69	emlRunDescriptiveAnalysis
c0447	iqr	5.424999999999997	emlRunDescriptiveAnalysis
c0447	min	60.2	emlRunDescriptiveAnalysis
c0447	max	71.1	emlRunDescriptiveAnalysis
c0447	range	10.899999999999991	emlRunDescriptiveAnalysis
c0447	skewness	-0.43000843457224486	emlRunDescriptiveAnalysis
c0447	kurtosis	-0.9429334134765135	emlRunDescriptiveAnalysis
c0447	ci_low	58.57723147361958	emlRunDescriptiveAnalysis
c0447	ci_high	73.57276852638043	emlRunDescriptiveAnalysis
c0448	n	4	emlRunDescriptiveAnalysis
c0448	mean	76.075	emlRunDescriptiveAnalysis
c0448	sd	4.711952886012334	emlRunDescriptiveAnalysis
c0448	variance	22.20249999999996	emlRunDescriptiveAnalysis
c0448	sem	2.355976443006167	emlRunDescriptiveAnalysis
c0448	median	76.5	emlRunDescriptiveAnalysis
c0448	q1	73.575	emlRunDescriptiveAnalysis
c0448	q3	79	emlRunDescriptiveAnalysis
c0448	iqr	5.424999999999997	emlRunDescriptiveAnalysis
c0448	min	70.2	emlRunDescriptiveAnalysis
c0448	max	81.1	emlRunDescriptiveAnalysis
c0448	range	10.899999999999991	emlRunDescriptiveAnalysis
c0448	skewness	-0.43000843457224486	emlRunDescriptiveAnalysis
c0448	kurtosis	-0.9429334134765135	emlRunDescriptiveAnalysis
c0448	ci_low	68.57723147361958	emlRunDescriptiveAnalysis
c0448	ci_high	83.57276852638043	emlRunDescriptiveAnalysis
c0449	n	4	emlRunDescriptiveAnalysis
c0449	mean	86.075	emlRunDescriptiveAnalysis
c0449	sd	4.711952886012334	emlRunDescriptiveAnalysis
c0449	variance	22.20249999999996	emlRunDescriptiveAnalysis
c0449	sem	2.355976443006167	emlRunDescriptiveAnalysis
c0449	median	86.5	emlRunDescriptiveAnalysis
c0449	q1	83.575	emlRunDescriptiveAnalysis
c0449	q3	89	emlRunDescriptiveAnalysis
c0449	iqr	5.424999999999997	emlRunDescriptiveAnalysis
c0449	min	80.2	emlRunDescriptiveAnalysis
c0449	max	91.1	emlRunDescriptiveAnalysis
c0449	range	10.899999999999991	emlRunDescriptiveAnalysis
c0449	skewness	-0.43000843457224486	emlRunDescriptiveAnalysis
c0449	kurtosis	-0.9429334134765135	emlRunDescriptiveAnalysis
c0449	ci_low	78.57723147361958	emlRunDescriptiveAnalysis
c0449	ci_high	93.57276852638043	emlRunDescriptiveAnalysis
c0450	n	2	emlRunDescriptiveAnalysis
c0450	mean	11	emlRunDescriptiveAnalysis
c0450	sd	1.4142135623730951	emlRunDescriptiveAnalysis
c0450	variance	2.0000000000000004	emlRunDescriptiveAnalysis
c0450	sem	1	emlRunDescriptiveAnalysis
c0450	median	11	emlRunDescriptiveAnalysis
c0450	q1	10.5	emlRunDescriptiveAnalysis
c0450	q3	11.5	emlRunDescriptiveAnalysis
c0450	iqr	1	emlRunDescriptiveAnalysis
c0450	min	10	emlRunDescriptiveAnalysis
c0450	max	12	emlRunDescriptiveAnalysis
c0450	range	2	emlRunDescriptiveAnalysis
c0450	skewness_undefined	1	emlRunDescriptiveAnalysis
c0450	kurtosis_undefined	1	emlRunDescriptiveAnalysis
c0450	ci_low	-1.706204736174687	emlRunDescriptiveAnalysis
c0450	ci_high	23.706204736174687	emlRunDescriptiveAnalysis
c0451	n	2	emlRunDescriptiveAnalysis
c0451	mean	15.5	emlRunDescriptiveAnalysis
c0451	sd	2.1213203435596424	emlRunDescriptiveAnalysis
c0451	variance	4.499999999999999	emlRunDescriptiveAnalysis
c0451	sem	1.4999999999999998	emlRunDescriptiveAnalysis
c0451	median	15.5	emlRunDescriptiveAnalysis
c0451	q1	14.75	emlRunDescriptiveAnalysis
c0451	q3	16.25	emlRunDescriptiveAnalysis
c0451	iqr	1.5	emlRunDescriptiveAnalysis
c0451	min	14	emlRunDescriptiveAnalysis
c0451	max	17	emlRunDescriptiveAnalysis
c0451	range	3	emlRunDescriptiveAnalysis
c0451	skewness_undefined	1	emlRunDescriptiveAnalysis
c0451	kurtosis_undefined	1	emlRunDescriptiveAnalysis
c0451	ci_low	-3.559307104262029	emlRunDescriptiveAnalysis
c0451	ci_high	34.55930710426203	emlRunDescriptiveAnalysis
c0452	n	2	emlRunDescriptiveAnalysis
c0452	mean	21.5	emlRunDescriptiveAnalysis
c0452	sd	0.7071067811865476	emlRunDescriptiveAnalysis
c0452	variance	0.5000000000000001	emlRunDescriptiveAnalysis
c0452	sem	0.5	emlRunDescriptiveAnalysis
c0452	median	21.5	emlRunDescriptiveAnalysis
c0452	q1	21.25	emlRunDescriptiveAnalysis
c0452	q3	21.75	emlRunDescriptiveAnalysis
c0452	iqr	0.5	emlRunDescriptiveAnalysis
c0452	min	21	emlRunDescriptiveAnalysis
c0452	max	22	emlRunDescriptiveAnalysis
c0452	range	1	emlRunDescriptiveAnalysis
c0452	skewness_undefined	1	emlRunDescriptiveAnalysis
c0452	kurtosis_undefined	1	emlRunDescriptiveAnalysis
c0452	ci_low	15.146897631912656	emlRunDescriptiveAnalysis
c0452	ci_high	27.85310236808734	emlRunDescriptiveAnalysis
c0453	n	6	emlRunDescriptiveAnalysis
c0453	mean	80	emlRunDescriptiveAnalysis
c0453	sd	0	emlRunDescriptiveAnalysis
c0453	variance	0	emlRunDescriptiveAnalysis
c0453	sem	0	emlRunDescriptiveAnalysis
c0453	median	80	emlRunDescriptiveAnalysis
c0453	q1	80	emlRunDescriptiveAnalysis
c0453	q3	80	emlRunDescriptiveAnalysis
c0453	iqr	0	emlRunDescriptiveAnalysis
c0453	min	80	emlRunDescriptiveAnalysis
c0453	max	80	emlRunDescriptiveAnalysis
c0453	range	0	emlRunDescriptiveAnalysis
c0453	skewness_undefined	1	emlRunDescriptiveAnalysis
c0453	kurtosis_undefined	1	emlRunDescriptiveAnalysis
c0453	ci_low	80	emlRunDescriptiveAnalysis
c0453	ci_high	80	emlRunDescriptiveAnalysis
c0454	n	6	emlRunDescriptiveAnalysis
c0454	mean	80	emlRunDescriptiveAnalysis
c0454	sd	0	emlRunDescriptiveAnalysis
c0454	variance	0	emlRunDescriptiveAnalysis
c0454	sem	0	emlRunDescriptiveAnalysis
c0454	median	80	emlRunDescriptiveAnalysis
c0454	q1	80	emlRunDescriptiveAnalysis
c0454	q3	80	emlRunDescriptiveAnalysis
c0454	iqr	0	emlRunDescriptiveAnalysis
c0454	min	80	emlRunDescriptiveAnalysis
c0454	max	80	emlRunDescriptiveAnalysis
c0454	range	0	emlRunDescriptiveAnalysis
c0454	skewness_undefined	1	emlRunDescriptiveAnalysis
c0454	kurtosis_undefined	1	emlRunDescriptiveAnalysis
c0454	ci_low	80	emlRunDescriptiveAnalysis
c0454	ci_high	80	emlRunDescriptiveAnalysis
c0455	n	6	emlRunDescriptiveAnalysis
c0455	mean	80	emlRunDescriptiveAnalysis
c0455	sd	0	emlRunDescriptiveAnalysis
c0455	variance	0	emlRunDescriptiveAnalysis
c0455	sem	0	emlRunDescriptiveAnalysis
c0455	median	80	emlRunDescriptiveAnalysis
c0455	q1	80	emlRunDescriptiveAnalysis
c0455	q3	80	emlRunDescriptiveAnalysis
c0455	iqr	0	emlRunDescriptiveAnalysis
c0455	min	80	emlRunDescriptiveAnalysis
c0455	max	80	emlRunDescriptiveAnalysis
c0455	range	0	emlRunDescriptiveAnalysis
c0455	skewness_undefined	1	emlRunDescriptiveAnalysis
c0455	kurtosis_undefined	1	emlRunDescriptiveAnalysis
c0455	ci_low	80	emlRunDescriptiveAnalysis
c0455	ci_high	80	emlRunDescriptiveAnalysis
c0456	n	4	emlRunDescriptiveAnalysis
c0456	mean	72.3	emlRunDescriptiveAnalysis
c0456	sd	2.008316044185612	emlRunDescriptiveAnalysis
c0456	variance	4.033333333333345	emlRunDescriptiveAnalysis
c0456	sem	1.004158022092806	emlRunDescriptiveAnalysis
c0456	median	72.30000000000001	emlRunDescriptiveAnalysis
c0456	q1	70.925	emlRunDescriptiveAnalysis
c0456	q3	73.67500000000001	emlRunDescriptiveAnalysis
c0456	iqr	2.750000000000014	emlRunDescriptiveAnalysis
c0456	min	70.1	emlRunDescriptiveAnalysis
c0456	max	74.5	emlRunDescriptiveAnalysis
c0456	range	4.400000000000006	emlRunDescriptiveAnalysis
c0456	skewness	4.292862361883938e-15	emlRunDescriptiveAnalysis
c0456	kurtosis	-3.3000000000000043	emlRunDescriptiveAnalysis
c0456	ci_low	69.10432101266976	emlRunDescriptiveAnalysis
c0456	ci_high	75.49567898733024	emlRunDescriptiveAnalysis
c0457	n	5	emlRunDescriptiveAnalysis
c0457	mean	82.3	emlRunDescriptiveAnalysis
c0457	sd	1.739252713092611	emlRunDescriptiveAnalysis
c0457	variance	3.0250000000000083	emlRunDescriptiveAnalysis
c0457	sem	0.7778174593052033	emlRunDescriptiveAnalysis
c0457	median	82.3	emlRunDescriptiveAnalysis
c0457	q1	81.2	emlRunDescriptiveAnalysis
c0457	q3	83.4	emlRunDescriptiveAnalysis
c0457	iqr	2.200000000000003	emlRunDescriptiveAnalysis
c0457	min	80.1	emlRunDescriptiveAnalysis
c0457	max	84.5	emlRunDescriptiveAnalysis
c0457	range	4.400000000000006	emlRunDescriptiveAnalysis
c0457	skewness	4.070817756958908e-15	emlRunDescriptiveAnalysis
c0457	kurtosis	-1.1999999999999984	emlRunDescriptiveAnalysis
c0457	ci_low	80.14043252237468	emlRunDescriptiveAnalysis
c0457	ci_high	84.45956747762531	emlRunDescriptiveAnalysis
c0458	n	5	emlRunDescriptiveAnalysis
c0458	mean	92.3	emlRunDescriptiveAnalysis
c0458	sd	1.739252713092611	emlRunDescriptiveAnalysis
c0458	variance	3.0250000000000083	emlRunDescriptiveAnalysis
c0458	sem	0.7778174593052033	emlRunDescriptiveAnalysis
c0458	median	92.3	emlRunDescriptiveAnalysis
c0458	q1	91.2	emlRunDescriptiveAnalysis
c0458	q3	93.4	emlRunDescriptiveAnalysis
c0458	iqr	2.200000000000003	emlRunDescriptiveAnalysis
c0458	min	90.1	emlRunDescriptiveAnalysis
c0458	max	94.5	emlRunDescriptiveAnalysis
c0458	range	4.400000000000006	emlRunDescriptiveAnalysis
c0458	skewness	4.070817756958908e-15	emlRunDescriptiveAnalysis
c0458	kurtosis	-1.1999999999999984	emlRunDescriptiveAnalysis
c0458	ci_low	90.14043252237468	emlRunDescriptiveAnalysis
c0458	ci_high	94.45956747762531	emlRunDescriptiveAnalysis
c0460	n	50	emlRunDescriptiveAnalysis
c0460	mean	3.28	emlRunDescriptiveAnalysis
c0460	sd	1.7732709313351886	emlRunDescriptiveAnalysis
c0460	variance	3.1444897959183673	emlRunDescriptiveAnalysis
c0460	sem	0.2507783800856193	emlRunDescriptiveAnalysis
c0460	median	3	emlRunDescriptiveAnalysis
c0460	q1	2	emlRunDescriptiveAnalysis
c0460	q3	5	emlRunDescriptiveAnalysis
c0460	iqr	3	emlRunDescriptiveAnalysis
c0460	min	1	emlRunDescriptiveAnalysis
c0460	max	7	emlRunDescriptiveAnalysis
c0460	range	6	emlRunDescriptiveAnalysis
c0460	skewness	0.33349731858606274	emlRunDescriptiveAnalysis
c0460	kurtosis	-0.9269661564345966	emlRunDescriptiveAnalysis
c0460	ci_low	2.776041977372555	emlRunDescriptiveAnalysis
c0460	ci_high	3.7839580226274445	emlRunDescriptiveAnalysis
c0461	n	50	emlRunDescriptiveAnalysis
c0461	mean	8.28	emlRunDescriptiveAnalysis
c0461	sd	5.49199788932284	emlRunDescriptiveAnalysis
c0461	variance	30.162040816326527	emlRunDescriptiveAnalysis
c0461	sem	0.7766857899604772	emlRunDescriptiveAnalysis
c0461	median	7.9	emlRunDescriptiveAnalysis
c0461	q1	3.225	emlRunDescriptiveAnalysis
c0461	q3	12.149999999999999	emlRunDescriptiveAnalysis
c0461	iqr	8.924999999999999	emlRunDescriptiveAnalysis
c0461	min	1	emlRunDescriptiveAnalysis
c0461	max	19	emlRunDescriptiveAnalysis
c0461	range	18	emlRunDescriptiveAnalysis
c0461	skewness	0.3000279655312024	emlRunDescriptiveAnalysis
c0461	kurtosis	-1.2329616662556677	emlRunDescriptiveAnalysis
c0461	ci_low	6.7191914694652635	emlRunDescriptiveAnalysis
c0461	ci_high	9.840808530534735	emlRunDescriptiveAnalysis
c0462	n	45	emlRunNormalityAnalysis
c0462	mean	88.95182018331927	emlRunNormalityAnalysis
c0462	sd	5.4387513398193805	emlRunNormalityAnalysis
c0462	median	90.09188647004873	emlRunNormalityAnalysis
c0462	skewness	-0.4223081701411347	emlRunNormalityAnalysis
c0462	kurtosis	-0.2855629514765563	emlRunNormalityAnalysis
c0462	w_statistic	0.9636682520764462	emlRunNormalityAnalysis
c0462	p	0.1684188065504949	emlRunNormalityAnalysis
c0463	n	45	emlRunNormalityAnalysis
c0463	mean	5.4485270685188905	emlRunNormalityAnalysis
c0463	sd	0.7079905797345153	emlRunNormalityAnalysis
c0463	median	5.367907928937989	emlRunNormalityAnalysis
c0463	skewness	0.3424908631755928	emlRunNormalityAnalysis
c0463	kurtosis	-0.5483503796612039	emlRunNormalityAnalysis
c0463	w_statistic	0.9763644889064611	emlRunNormalityAnalysis
c0463	p	0.48036597484322996	emlRunNormalityAnalysis
c0464	n	45	emlRunNormalityAnalysis
c0464	mean	88.70521164294013	emlRunNormalityAnalysis
c0464	sd	4.936072279721215	emlRunNormalityAnalysis
c0464	median	88.83189418153206	emlRunNormalityAnalysis
c0464	skewness	-0.2690539401675419	emlRunNormalityAnalysis
c0464	kurtosis	-0.5554547085119124	emlRunNormalityAnalysis
c0464	w_statistic	0.9770092048262812	emlRunNormalityAnalysis
c0464	p	0.5037414077553821	emlRunNormalityAnalysis
c0465	n	45	emlRunNormalityAnalysis
c0465	mean	5.481634452200578	emlRunNormalityAnalysis
c0465	sd	0.690931814781778	emlRunNormalityAnalysis
c0465	median	5.2390480332275216	emlRunNormalityAnalysis
c0465	skewness	0.4212380658752314	emlRunNormalityAnalysis
c0465	kurtosis	-0.7819929808732446	emlRunNormalityAnalysis
c0465	w_statistic	0.9538684889132611	emlRunNormalityAnalysis
c0465	p	0.07125026144297404	emlRunNormalityAnalysis
c0466	n	45	emlRunNormalityAnalysis
c0466	mean	88.3271910247897	emlRunNormalityAnalysis
c0466	sd	5.194975343633692	emlRunNormalityAnalysis
c0466	median	88.96669527819462	emlRunNormalityAnalysis
c0466	skewness	-0.04056262253311585	emlRunNormalityAnalysis
c0466	kurtosis	0.1403933614946533	emlRunNormalityAnalysis
c0466	w_statistic	0.9939584075963088	emlRunNormalityAnalysis
c0466	p	0.9977565619058817	emlRunNormalityAnalysis
c0467	n	45	emlRunNormalityAnalysis
c0467	mean	5.47007406148198	emlRunNormalityAnalysis
c0467	sd	0.5643535417513099	emlRunNormalityAnalysis
c0467	median	5.320846521691661	emlRunNormalityAnalysis
c0467	skewness	0.4604029472299115	emlRunNormalityAnalysis
c0467	kurtosis	-0.4495261411271132	emlRunNormalityAnalysis
c0467	w_statistic	0.9593527576888603	emlRunNormalityAnalysis
c0467	p	0.11539888219187586	emlRunNormalityAnalysis
c0468	n	40	emlRunNormalityAnalysis
c0468	mean	128.79381732267308	emlRunNormalityAnalysis
c0468	sd	21.44828673326018	emlRunNormalityAnalysis
c0468	median	128.2459923633117	emlRunNormalityAnalysis
c0468	skewness	-0.2904708368822012	emlRunNormalityAnalysis
c0468	kurtosis	0.6132407744365711	emlRunNormalityAnalysis
c0468	w_statistic	0.983262718552687	emlRunNormalityAnalysis
c0468	p	0.8076779746439826	emlRunNormalityAnalysis
c0469	n	40	emlRunNormalityAnalysis
c0469	mean	1.470343463480067	emlRunNormalityAnalysis
c0469	sd	0.9262539473299057	emlRunNormalityAnalysis
c0469	median	1.1891909784883135	emlRunNormalityAnalysis
c0469	skewness	0.7853474367412737	emlRunNormalityAnalysis
c0469	kurtosis	-0.2800389433755135	emlRunNormalityAnalysis
c0469	w_statistic	0.9011116261533373	emlRunNormalityAnalysis
c0469	p	0.0020598398981545303	emlRunNormalityAnalysis
c0470	n	48	emlRunNormalityAnalysis
c0470	mean	92.19736231257816	emlRunNormalityAnalysis
c0470	sd	6.207041933257127	emlRunNormalityAnalysis
c0470	median	92.02076063700434	emlRunNormalityAnalysis
c0470	skewness	0.22977700022324066	emlRunNormalityAnalysis
c0470	kurtosis	-0.5651729255961531	emlRunNormalityAnalysis
c0470	w_statistic	0.974235953151816	emlRunNormalityAnalysis
c0470	p	0.3668448364195318	emlRunNormalityAnalysis
c0471	n	30	emlRunNormalityAnalysis
c0471	mean	152.08158962934505	emlRunNormalityAnalysis
c0471	sd	43.96679880380095	emlRunNormalityAnalysis
c0471	median	146.68312810237848	emlRunNormalityAnalysis
c0471	skewness	0.5379465686426361	emlRunNormalityAnalysis
c0471	kurtosis	-0.21399578468970137	emlRunNormalityAnalysis
c0471	w_statistic	0.9628072937234544	emlRunNormalityAnalysis
c0471	p	0.36466092036453923	emlRunNormalityAnalysis
c0472	n	30	emlRunNormalityAnalysis
c0472	mean	325.14277269871354	emlRunNormalityAnalysis
c0472	sd	90.33840289649486	emlRunNormalityAnalysis
c0472	median	295.3789183617973	emlRunNormalityAnalysis
c0472	skewness	0.48790227503893957	emlRunNormalityAnalysis
c0472	kurtosis	-0.8803363776581938	emlRunNormalityAnalysis
c0472	w_statistic	0.9374414897041884	emlRunNormalityAnalysis
c0472	p	0.07762676584580047	emlRunNormalityAnalysis
c0473	n	30	emlRunNormalityAnalysis
c0473	mean	42.9	emlRunNormalityAnalysis
c0473	sd	13.64159460797292	emlRunNormalityAnalysis
c0473	median	46	emlRunNormalityAnalysis
c0473	skewness	-0.08065535265373708	emlRunNormalityAnalysis
c0473	kurtosis	-1.5057194323747296	emlRunNormalityAnalysis
c0473	w_statistic	0.9134717141218491	emlRunNormalityAnalysis
c0473	p	0.018222836976395554	emlRunNormalityAnalysis
c0474	n	25	emlRunNormalityAnalysis
c0474	mean	12.316351446257157	emlRunNormalityAnalysis
c0474	sd	5.453601489798855	emlRunNormalityAnalysis
c0474	median	12.00793862171911	emlRunNormalityAnalysis
c0474	skewness	0.08291522774118415	emlRunNormalityAnalysis
c0474	kurtosis	-0.45158542591551676	emlRunNormalityAnalysis
c0474	w_statistic	0.9794457286639219	emlRunNormalityAnalysis
c0474	p	0.873901690926611	emlRunNormalityAnalysis
c0475	n	25	emlRunNormalityAnalysis
c0475	mean	79.35474662700702	emlRunNormalityAnalysis
c0475	sd	15.888951567380591	emlRunNormalityAnalysis
c0475	median	79.48143235979371	emlRunNormalityAnalysis
c0475	skewness	-0.4851383017570661	emlRunNormalityAnalysis
c0475	kurtosis	-0.3037732949183045	emlRunNormalityAnalysis
c0475	w_statistic	0.9360965720528864	emlRunNormalityAnalysis
c0475	p	0.12024501568982332	emlRunNormalityAnalysis
c0476	n	25	emlRunNormalityAnalysis
c0476	mean	10.28	emlRunNormalityAnalysis
c0476	sd	5.465955238260433	emlRunNormalityAnalysis
c0476	median	11	emlRunNormalityAnalysis
c0476	skewness	0.2074838034158848	emlRunNormalityAnalysis
c0476	kurtosis	-0.36841365645028823	emlRunNormalityAnalysis
c0476	w_statistic	0.9810731106301895	emlRunNormalityAnalysis
c0476	p	0.9055179786888905	emlRunNormalityAnalysis
c0477	n	25	emlRunNormalityAnalysis
c0477	mean	8.95	emlRunNormalityAnalysis
c0477	sd	4.410782243548189	emlRunNormalityAnalysis
c0477	median	8.95	emlRunNormalityAnalysis
c0477	skewness	3.620292471603771e-16	emlRunNormalityAnalysis
c0477	kurtosis	-1.2053457286260638	emlRunNormalityAnalysis
c0477	w_statistic	0.9573187970519548	emlRunNormalityAnalysis
c0477	p	0.3636658776554092	emlRunNormalityAnalysis
c0478	n	25	emlRunNormalityAnalysis
c0478	mean	83.225	emlRunNormalityAnalysis
c0478	sd	18.62432907068959	emlRunNormalityAnalysis
c0478	median	82.61	emlRunNormalityAnalysis
c0478	skewness	-0.0680140797089868	emlRunNormalityAnalysis
c0478	kurtosis	-1.095847156424401	emlRunNormalityAnalysis
c0478	w_statistic	0.9627268288256032	emlRunNormalityAnalysis
c0478	p	0.47141506044398107	emlRunNormalityAnalysis
c0479	n	40	emlRunNormalityAnalysis
c0479	mean	185.67052075563788	emlRunNormalityAnalysis
c0479	sd	26.714648514367326	emlRunNormalityAnalysis
c0479	median	188.2082198355006	emlRunNormalityAnalysis
c0479	skewness	-0.17244944259029787	emlRunNormalityAnalysis
c0479	kurtosis	-0.6948743053319233	emlRunNormalityAnalysis
c0479	w_statistic	0.9718642586207784	emlRunNormalityAnalysis
c0479	p	0.41150437585897515	emlRunNormalityAnalysis
c0480	n	40	emlRunNormalityAnalysis
c0480	mean	2.213541094245277	emlRunNormalityAnalysis
c0480	sd	1.0983865823336167	emlRunNormalityAnalysis
c0480	median	2.015006016169768	emlRunNormalityAnalysis
c0480	skewness	0.9125091302287311	emlRunNormalityAnalysis
c0480	kurtosis	0.4512875366214901	emlRunNormalityAnalysis
c0480	w_statistic	0.9279069894129834	emlRunNormalityAnalysis
c0480	p	0.013770089389147101	emlRunNormalityAnalysis
c0481	n	40	emlRunNormalityAnalysis
c0481	mean	1.189425350463762	emlRunNormalityAnalysis
c0481	sd	0.5219768541959805	emlRunNormalityAnalysis
c0481	median	1.2134480152712586	emlRunNormalityAnalysis
c0481	skewness	0.3330269567013728	emlRunNormalityAnalysis
c0481	kurtosis	0.3056215695790545	emlRunNormalityAnalysis
c0481	w_statistic	0.977386999625231	emlRunNormalityAnalysis
c0481	p	0.5933517264563064	emlRunNormalityAnalysis
c0482	n	20	emlRunNormalityAnalysis
c0482	mean	2.695592193038029	emlRunNormalityAnalysis
c0482	sd	0.8226067124726181	emlRunNormalityAnalysis
c0482	median	2.6830411098185585	emlRunNormalityAnalysis
c0482	skewness	0.2686313271766197	emlRunNormalityAnalysis
c0482	kurtosis	-1.0466612373257256	emlRunNormalityAnalysis
c0482	w_statistic	0.9514240626252547	emlRunNormalityAnalysis
c0482	p	0.3892251971947057	emlRunNormalityAnalysis
c0483	n	20	emlRunNormalityAnalysis
c0483	mean	1.9671256945495916	emlRunNormalityAnalysis
c0483	sd	0.9174741833047945	emlRunNormalityAnalysis
c0483	median	2.2803311366839587	emlRunNormalityAnalysis
c0483	skewness	-0.23256131590908213	emlRunNormalityAnalysis
c0483	kurtosis	-1.232508789064831	emlRunNormalityAnalysis
c0483	w_statistic	0.9309991701593368	emlRunNormalityAnalysis
c0483	p	0.16140528672728377	emlRunNormalityAnalysis
c0484	n	20	emlRunNormalityAnalysis
c0484	mean	17.760917585388263	emlRunNormalityAnalysis
c0484	sd	4.0883562770579305	emlRunNormalityAnalysis
c0484	median	17.43443154557982	emlRunNormalityAnalysis
c0484	skewness	-0.24267860899207533	emlRunNormalityAnalysis
c0484	kurtosis	1.1401035165045013	emlRunNormalityAnalysis
c0484	w_statistic	0.9539539124679383	emlRunNormalityAnalysis
c0484	p	0.4311102302807071	emlRunNormalityAnalysis
c0485	n	20	emlRunNormalityAnalysis
c0485	mean	20.854932330675442	emlRunNormalityAnalysis
c0485	sd	4.358590709574023	emlRunNormalityAnalysis
c0485	median	21.28877785191018	emlRunNormalityAnalysis
c0485	skewness	-0.8925101531712528	emlRunNormalityAnalysis
c0485	kurtosis	2.03248877533177	emlRunNormalityAnalysis
c0485	w_statistic	0.9506653848112	emlRunNormalityAnalysis
c0485	p	0.37730297464422924	emlRunNormalityAnalysis
c0486	n	20	emlRunNormalityAnalysis
c0486	mean	72.46457	emlRunNormalityAnalysis
c0486	sd	2.7435289036874426	emlRunNormalityAnalysis
c0486	median	72.9915	emlRunNormalityAnalysis
c0486	skewness	-0.03525132410272044	emlRunNormalityAnalysis
c0486	kurtosis	-1.2082355326924947	emlRunNormalityAnalysis
c0486	w_statistic	0.9464416772735695	emlRunNormalityAnalysis
c0486	p	0.3162819388757733	emlRunNormalityAnalysis
c0487	n	20	emlRunNormalityAnalysis
c0487	mean	83.354605	emlRunNormalityAnalysis
c0487	sd	3.674522263752908	emlRunNormalityAnalysis
c0487	median	83.47055	emlRunNormalityAnalysis
c0487	skewness	-0.1045702166887868	emlRunNormalityAnalysis
c0487	kurtosis	-0.1334469826115976	emlRunNormalityAnalysis
c0487	w_statistic	0.9710480588591635	emlRunNormalityAnalysis
c0487	p	0.77684287083101	emlRunNormalityAnalysis
c0488	n	20	emlRunNormalityAnalysis
c0488	mean	94.129405	emlRunNormalityAnalysis
c0488	sd	2.7484903702281436	emlRunNormalityAnalysis
c0488	median	94.7059	emlRunNormalityAnalysis
c0488	skewness	-0.678891690144081	emlRunNormalityAnalysis
c0488	kurtosis	-0.3173503972925804	emlRunNormalityAnalysis
c0488	w_statistic	0.9074665084688641	emlRunNormalityAnalysis
c0488	p	0.05704194315301922	emlRunNormalityAnalysis
c0489	n	4	emlRunNormalityAnalysis
c0489	mean	66.075	emlRunNormalityAnalysis
c0489	sd	4.711952886012334	emlRunNormalityAnalysis
c0489	median	66.5	emlRunNormalityAnalysis
c0489	skewness	-0.43000843457224486	emlRunNormalityAnalysis
c0489	kurtosis	-0.9429334134765135	emlRunNormalityAnalysis
c0489	w_statistic	0.9825915580853465	emlRunNormalityAnalysis
c0489	p	0.9170474296077553	emlRunNormalityAnalysis
c0490	n	4	emlRunNormalityAnalysis
c0490	mean	76.075	emlRunNormalityAnalysis
c0490	sd	4.711952886012334	emlRunNormalityAnalysis
c0490	median	76.5	emlRunNormalityAnalysis
c0490	skewness	-0.43000843457224486	emlRunNormalityAnalysis
c0490	kurtosis	-0.9429334134765135	emlRunNormalityAnalysis
c0490	w_statistic	0.9825915580853465	emlRunNormalityAnalysis
c0490	p	0.9170474296077553	emlRunNormalityAnalysis
c0491	n	4	emlRunNormalityAnalysis
c0491	mean	86.075	emlRunNormalityAnalysis
c0491	sd	4.711952886012334	emlRunNormalityAnalysis
c0491	median	86.5	emlRunNormalityAnalysis
c0491	skewness	-0.43000843457224486	emlRunNormalityAnalysis
c0491	kurtosis	-0.9429334134765135	emlRunNormalityAnalysis
c0491	w_statistic	0.9825915580853465	emlRunNormalityAnalysis
c0491	p	0.9170474296077553	emlRunNormalityAnalysis
c0492	refused	1	emlRunNormalityAnalysis
c0492	refuse_reason	Need at least 3 non-missing values (found 2).	emlRunNormalityAnalysis
c0493	refused	1	emlRunNormalityAnalysis
c0493	refuse_reason	Need at least 3 non-missing values (found 2).	emlRunNormalityAnalysis
c0494	refused	1	emlRunNormalityAnalysis
c0494	refuse_reason	Need at least 3 non-missing values (found 2).	emlRunNormalityAnalysis
c0495	refused	1	emlRunNormalityAnalysis
c0495	refuse_reason	Skewness is undefined when all values are identical (standard deviation is zero).	emlRunNormalityAnalysis
c0496	refused	1	emlRunNormalityAnalysis
c0496	refuse_reason	Skewness is undefined when all values are identical (standard deviation is zero).	emlRunNormalityAnalysis
c0497	refused	1	emlRunNormalityAnalysis
c0497	refuse_reason	Skewness is undefined when all values are identical (standard deviation is zero).	emlRunNormalityAnalysis
c0498	n	4	emlRunNormalityAnalysis
c0498	mean	72.3	emlRunNormalityAnalysis
c0498	sd	2.008316044185612	emlRunNormalityAnalysis
c0498	median	72.30000000000001	emlRunNormalityAnalysis
c0498	skewness	4.292862361883938e-15	emlRunNormalityAnalysis
c0498	kurtosis	-3.3000000000000043	emlRunNormalityAnalysis
c0498	w_statistic	0.9497059569612314	emlRunNormalityAnalysis
c0498	p	0.7142801511947616	emlRunNormalityAnalysis
c0499	n	5	emlRunNormalityAnalysis
c0499	mean	82.3	emlRunNormalityAnalysis
c0499	sd	1.739252713092611	emlRunNormalityAnalysis
c0499	median	82.3	emlRunNormalityAnalysis
c0499	skewness	4.070817756958908e-15	emlRunNormalityAnalysis
c0499	kurtosis	-1.1999999999999984	emlRunNormalityAnalysis
c0499	w_statistic	0.9867621554477195	emlRunNormalityAnalysis
c0499	p	0.9671739359680402	emlRunNormalityAnalysis
c0500	n	5	emlRunNormalityAnalysis
c0500	mean	92.3	emlRunNormalityAnalysis
c0500	sd	1.739252713092611	emlRunNormalityAnalysis
c0500	median	92.3	emlRunNormalityAnalysis
c0500	skewness	4.070817756958908e-15	emlRunNormalityAnalysis
c0500	kurtosis	-1.1999999999999984	emlRunNormalityAnalysis
c0500	w_statistic	0.9867621554477195	emlRunNormalityAnalysis
c0500	p	0.9671739359680402	emlRunNormalityAnalysis
c0502	n	50	emlRunNormalityAnalysis
c0502	mean	3.28	emlRunNormalityAnalysis
c0502	sd	1.7732709313351886	emlRunNormalityAnalysis
c0502	median	3	emlRunNormalityAnalysis
c0502	skewness	0.33349731858606274	emlRunNormalityAnalysis
c0502	kurtosis	-0.9269661564345966	emlRunNormalityAnalysis
c0502	w_statistic	0.9216796767742144	emlRunNormalityAnalysis
c0502	p	0.0027131245323790743	emlRunNormalityAnalysis
c0503	n	50	emlRunNormalityAnalysis
c0503	mean	8.28	emlRunNormalityAnalysis
c0503	sd	5.49199788932284	emlRunNormalityAnalysis
c0503	median	7.9	emlRunNormalityAnalysis
c0503	skewness	0.3000279655312024	emlRunNormalityAnalysis
c0503	kurtosis	-1.2329616662556677	emlRunNormalityAnalysis
c0503	w_statistic	0.9232576205106869	emlRunNormalityAnalysis
c0503	p	0.003098504664891891	emlRunNormalityAnalysis
c0504	n	25	emlRunRegressionAnalysis
c0504	slope	2.6222265439955446	emlRunRegressionAnalysis
c0504	intercept	47.05848293945359	emlRunRegressionAnalysis
c0504	slope_se	0.2647628850095374	emlRunRegressionAnalysis
c0504	intercept_se	3.5545796457718533	emlRunRegressionAnalysis
c0504	slope_t	9.904056393331285	emlRunRegressionAnalysis
c0504	intercept_t	13.2388320502058	emlRunRegressionAnalysis
c0504	slope_p	9.166854032696006e-10	emlRunRegressionAnalysis
c0504	intercept_p	3.0365297712141386e-12	emlRunRegressionAnalysis
c0504	r	0.9000328641118615	emlRunRegressionAnalysis
c0504	r_squared	0.8100591564814005	emlRunRegressionAnalysis
c0504	residual_se	7.073691661958187	emlRunRegressionAnalysis
c0504	f	98.09033304228629	emlRunRegressionAnalysis
c0504	df_between	1	emlRunRegressionAnalysis
c0504	df_within	23	emlRunRegressionAnalysis
c0504	p	9.166854032696006e-10	emlRunRegressionAnalysis
c0504	adj_r_squared	0.8018008589371135	emlRunRegressionAnalysis
c0505	n	25	emlRunRegressionAnalysis
c0505	slope	0.30892035561774744	emlRunRegressionAnalysis
c0505	intercept	-12.197945101714096	emlRunRegressionAnalysis
c0505	slope_se	0.031191296106285647	emlRunRegressionAnalysis
c0505	intercept_se	2.522358991767138	emlRunRegressionAnalysis
c0505	slope_t	9.904056393331281	emlRunRegressionAnalysis
c0505	intercept_t	-4.835927455817201	emlRunRegressionAnalysis
c0505	slope_p	9.166854032696039e-10	emlRunRegressionAnalysis
c0505	intercept_p	7.009869300369671e-05	emlRunRegressionAnalysis
c0505	r	0.9000328641118615	emlRunRegressionAnalysis
c0505	r_squared	0.8100591564814005	emlRunRegressionAnalysis
c0505	residual_se	2.4279195025825504	emlRunRegressionAnalysis
c0505	f	98.09033304228622	emlRunRegressionAnalysis
c0505	df_between	1	emlRunRegressionAnalysis
c0505	df_within	23	emlRunRegressionAnalysis
c0505	p	9.166854032696039e-10	emlRunRegressionAnalysis
c0505	adj_r_squared	0.8018008589371135	emlRunRegressionAnalysis
c0506	n	25	emlRunRegressionAnalysis
c0506	slope	2.274168745277398	emlRunRegressionAnalysis
c0506	intercept	55.97629192555537	emlRunRegressionAnalysis
c0506	slope_se	0.37753135589737513	emlRunRegressionAnalysis
c0506	intercept_se	4.37610793751389	emlRunRegressionAnalysis
c0506	slope_t	6.023787719226131	emlRunRegressionAnalysis
c0506	intercept_t	12.79134169559722	emlRunRegressionAnalysis
c0506	slope_p	3.832198274103527e-06	emlRunRegressionAnalysis
c0506	intercept_p	6.115049730623619e-12	emlRunRegressionAnalysis
c0506	r	0.7823363620452151	emlRunRegressionAnalysis
c0506	r_squared	0.6120501833781418	emlRunRegressionAnalysis
c0506	residual_se	10.10938461018483	emlRunRegressionAnalysis
c0506	f	36.28601848629955	emlRunRegressionAnalysis
c0506	df_between	1	emlRunRegressionAnalysis
c0506	df_within	23	emlRunRegressionAnalysis
c0506	p	3.832198274103527e-06	emlRunRegressionAnalysis
c0506	adj_r_squared	0.5951828000467566	emlRunRegressionAnalysis
c0507	n	25	emlRunRegressionAnalysis
c0507	slope	-4.1600745309689025	emlRunRegressionAnalysis
c0507	intercept	120.45766705217167	emlRunRegressionAnalysis
c0507	slope_se	0.15078133155500578	emlRunRegressionAnalysis
c0507	intercept_se	1.498582119174517	emlRunRegressionAnalysis
c0507	slope_t	-27.59011668132992	emlRunRegressionAnalysis
c0507	intercept_t	80.38109190741238	emlRunRegressionAnalysis
c0507	slope_p	3.9460844976747456e-19	emlRunRegressionAnalysis
c0507	intercept_p	1.0981204915691367e-29	emlRunRegressionAnalysis
c0507	r	-0.9852265176044431	emlRunRegressionAnalysis
c0507	r_squared	0.970671290990978	emlRunRegressionAnalysis
c0507	residual_se	3.2581330303953417	emlRunRegressionAnalysis
c0507	f	761.2145384893995	emlRunRegressionAnalysis
c0507	df_between	1	emlRunRegressionAnalysis
c0507	df_within	23	emlRunRegressionAnalysis
c0507	p	3.9460844976747456e-19	emlRunRegressionAnalysis
c0507	adj_r_squared	0.9693961297297162	emlRunRegressionAnalysis
c0508	n	25	emlRunRegressionAnalysis
c0508	slope	-0.23333026458179915	emlRunRegressionAnalysis
c0508	intercept	28.36891126982023	emlRunRegressionAnalysis
c0508	slope_se	0.008457023479704713	emlRunRegressionAnalysis
c0508	intercept_se	0.7205558519527971	emlRunRegressionAnalysis
c0508	slope_t	-27.590116681329842	emlRunRegressionAnalysis
c0508	intercept_t	39.370870686757875	emlRunRegressionAnalysis
c0508	slope_p	3.9460844976749714e-19	emlRunRegressionAnalysis
c0508	intercept_p	1.3079163523079625e-22	emlRunRegressionAnalysis
c0508	r	-0.9852265176044431	emlRunRegressionAnalysis
c0508	r_squared	0.970671290990978	emlRunRegressionAnalysis
c0508	residual_se	0.7716205648557929	emlRunRegressionAnalysis
c0508	f	761.2145384893953	emlRunRegressionAnalysis
c0508	df_between	1	emlRunRegressionAnalysis
c0508	df_within	23	emlRunRegressionAnalysis
c0508	p	3.9460844976749714e-19	emlRunRegressionAnalysis
c0508	adj_r_squared	0.9693961297297162	emlRunRegressionAnalysis
c0509	n	30	emlRunRegressionAnalysis
c0509	slope	1.9890442852848702	emlRunRegressionAnalysis
c0509	intercept	22.645755949426018	emlRunRegressionAnalysis
c0509	slope_se	0.09737230239017924	emlRunRegressionAnalysis
c0509	intercept_se	15.395128639557086	emlRunRegressionAnalysis
c0509	slope_t	20.42720811216518	emlRunRegressionAnalysis
c0509	intercept_t	1.4709689330713855	emlRunRegressionAnalysis
c0509	slope_p	2.3285947015000623e-18	emlRunRegressionAnalysis
c0509	intercept_p	0.15244950570620375	emlRunRegressionAnalysis
c0509	r	0.9680479961901461	emlRunRegressionAnalysis
c0509	r_squared	0.9371169229277572	emlRunRegressionAnalysis
c0509	residual_se	23.054689849941205	emlRunRegressionAnalysis
c0509	f	417.2708312577068	emlRunRegressionAnalysis
c0509	df_between	1	emlRunRegressionAnalysis
c0509	df_within	28	emlRunRegressionAnalysis
c0509	p	2.3285947015000792e-18	emlRunRegressionAnalysis
c0509	adj_r_squared	0.9348710987466057	emlRunRegressionAnalysis
c0510	n	30	emlRunRegressionAnalysis
c0510	slope	0.4711392953191807	emlRunRegressionAnalysis
c0510	intercept	-1.1059471780513945	emlRunRegressionAnalysis
c0510	slope_se	0.02306430192183725	emlRunRegressionAnalysis
c0510	intercept_se	7.773963685594522	emlRunRegressionAnalysis
c0510	slope_t	20.42720811216517	emlRunRegressionAnalysis
c0510	intercept_t	-0.14226297198953486	emlRunRegressionAnalysis
c0510	slope_p	2.3285947015000958e-18	emlRunRegressionAnalysis
c0510	intercept_p	0.8878910383470324	emlRunRegressionAnalysis
c0510	r	0.9680479961901461	emlRunRegressionAnalysis
c0510	r_squared	0.9371169229277572	emlRunRegressionAnalysis
c0510	residual_se	11.220487385389966	emlRunRegressionAnalysis
c0510	f	417.27083125770673	emlRunRegressionAnalysis
c0510	df_between	1	emlRunRegressionAnalysis
c0510	df_within	28	emlRunRegressionAnalysis
c0510	p	2.3285947015000792e-18	emlRunRegressionAnalysis
c0510	adj_r_squared	0.9348710987466057	emlRunRegressionAnalysis
c0511	n	40	emlRunRegressionAnalysis
c0511	slope	-0.02492865546248947	emlRunRegressionAnalysis
c0511	intercept	1.2446059537542644	emlRunRegressionAnalysis
c0511	slope_se	0.07698495750521406	emlRunRegressionAnalysis
c0511	intercept_se	0.18976528014853242	emlRunRegressionAnalysis
c0511	slope_t	-0.3238120312114363	emlRunRegressionAnalysis
c0511	intercept_t	6.558660007668899	emlRunRegressionAnalysis
c0511	slope_p	0.7478558818054126	emlRunRegressionAnalysis
c0511	intercept_p	9.785151256629318e-08	emlRunRegressionAnalysis
c0511	r	-0.05245692496804757	emlRunRegressionAnalysis
c0511	r_squared	0.0027517289771033723	emlRunRegressionAnalysis
c0511	residual_se	0.5280723118070721	emlRunRegressionAnalysis
c0511	f	0.10485423155727622	emlRunRegressionAnalysis
c0511	df_between	1	emlRunRegressionAnalysis
c0511	df_within	38	emlRunRegressionAnalysis
c0511	p	0.7478558818054142	emlRunRegressionAnalysis
c0511	adj_r_squared	-0.023491646576130787	emlRunRegressionAnalysis
c0512	n	20	emlRunRegressionAnalysis
c0512	slope	0.6884311934233387	emlRunRegressionAnalysis
c0512	intercept	44.24253459399094	emlRunRegressionAnalysis
c0512	slope_se	0.17154244899496318	emlRunRegressionAnalysis
c0512	intercept_se	12.439210590975742	emlRunRegressionAnalysis
c0512	slope_t	4.0131827279879415	emlRunRegressionAnalysis
c0512	intercept_t	3.5566995405711284	emlRunRegressionAnalysis
c0512	slope_p	0.0008155312219699214	emlRunRegressionAnalysis
c0512	intercept_p	0.0022541217639157137	emlRunRegressionAnalysis
c0512	r	0.6871884645534313	emlRunRegressionAnalysis
c0512	r_squared	0.4722279858153025	emlRunRegressionAnalysis
c0512	residual_se	2.0514358762008214	emlRunRegressionAnalysis
c0512	f	16.105635608220734	emlRunRegressionAnalysis
c0512	df_between	1	emlRunRegressionAnalysis
c0512	df_within	18	emlRunRegressionAnalysis
c0512	p	0.0008155312219699233	emlRunRegressionAnalysis
c0512	adj_r_squared	0.44290731836059705	emlRunRegressionAnalysis
c0513	refused	1	emlRunRegressionAnalysis
c0513	refuse_reason	Need at least 3 rows for regression.	emlRunRegressionAnalysis
c0514	overall_slope	0.014079648457836507	emlRunGroupedRegressionAnalysis
c0514	overall_intercept	4.226458262584769	emlRunGroupedRegressionAnalysis
c0514	overall_slope_se	0.016426876578744306	emlRunGroupedRegressionAnalysis
c0514	overall_intercept_se	1.4533915859885702	emlRunGroupedRegressionAnalysis
c0514	overall_slope_t	0.8571105036519837	emlRunGroupedRegressionAnalysis
c0514	overall_intercept_t	2.9079969247998707	emlRunGroupedRegressionAnalysis
c0514	overall_slope_p	0.39613568008082745	emlRunGroupedRegressionAnalysis
c0514	overall_intercept_p	0.005733741914594073	emlRunGroupedRegressionAnalysis
c0514	overall_r_squared	0.016797633228189404	emlRunGroupedRegressionAnalysis
c0514	overall_residual_se	0.5660630708207457	emlRunGroupedRegressionAnalysis
c0514	n	45	emlRunGroupedRegressionAnalysis
c0514	pg_total	3	emlRunGroupedRegressionAnalysis
c0514	pg_run	3	emlRunGroupedRegressionAnalysis
c0514	pg_skipped	0	emlRunGroupedRegressionAnalysis
c0514	grp_soprano_slope	-0.017069367118663102	emlRunGroupedRegressionAnalysis
c0514	grp_soprano_intercept	7.276275475978022	emlRunGroupedRegressionAnalysis
c0514	grp_soprano_r_squared	0.010236584542407057	emlRunGroupedRegressionAnalysis
c0514	grp_soprano_n	15	emlRunGroupedRegressionAnalysis
c0514	grp_soprano_slope_se	0.04655152391186169	emlRunGroupedRegressionAnalysis
c0514	grp_soprano_slope_t	-0.3666768707933468	emlRunGroupedRegressionAnalysis
c0514	grp_soprano_p	0.7197590791207199	emlRunGroupedRegressionAnalysis
c0514	grp_mezzo_slope	-0.044670504773438424	emlRunGroupedRegressionAnalysis
c0514	grp_mezzo_intercept	9.360789046927316	emlRunGroupedRegressionAnalysis
c0514	grp_mezzo_r_squared	0.08287582299380203	emlRunGroupedRegressionAnalysis
c0514	grp_mezzo_n	15	emlRunGroupedRegressionAnalysis
c0514	grp_mezzo_slope_se	0.0412144328522892	emlRunGroupedRegressionAnalysis
c0514	grp_mezzo_slope_t	-1.0838558650930765	emlRunGroupedRegressionAnalysis
c0514	grp_mezzo_p	0.2981215796262425	emlRunGroupedRegressionAnalysis
c0514	grp_alto_slope	0.014449700923655903	emlRunGroupedRegressionAnalysis
c0514	grp_alto_intercept	4.025252523908364	emlRunGroupedRegressionAnalysis
c0514	grp_alto_r_squared	0.038964603970015096	emlRunGroupedRegressionAnalysis
c0514	grp_alto_n	15	emlRunGroupedRegressionAnalysis
c0514	grp_alto_slope_se	0.019903146542197547	emlRunGroupedRegressionAnalysis
c0514	grp_alto_slope_t	0.7260008307239485	emlRunGroupedRegressionAnalysis
c0514	grp_alto_p	0.48070559604355556	emlRunGroupedRegressionAnalysis
c0515	overall_slope	0.014079648457836507	emlRunGroupedRegressionAnalysis
c0515	overall_intercept	4.226458262584769	emlRunGroupedRegressionAnalysis
c0515	overall_slope_se	0.016426876578744306	emlRunGroupedRegressionAnalysis
c0515	overall_intercept_se	1.4533915859885702	emlRunGroupedRegressionAnalysis
c0515	overall_slope_t	0.8571105036519837	emlRunGroupedRegressionAnalysis
c0515	overall_intercept_t	2.9079969247998707	emlRunGroupedRegressionAnalysis
c0515	overall_slope_p	0.39613568008082745	emlRunGroupedRegressionAnalysis
c0515	overall_intercept_p	0.005733741914594073	emlRunGroupedRegressionAnalysis
c0515	overall_r_squared	0.016797633228189404	emlRunGroupedRegressionAnalysis
c0515	overall_residual_se	0.5660630708207457	emlRunGroupedRegressionAnalysis
c0515	n	45	emlRunGroupedRegressionAnalysis
c0515	pg_total	3	emlRunGroupedRegressionAnalysis
c0515	pg_run	3	emlRunGroupedRegressionAnalysis
c0515	pg_skipped	0	emlRunGroupedRegressionAnalysis
c0515	grp_alto_slope	0.014449700923655903	emlRunGroupedRegressionAnalysis
c0515	grp_alto_intercept	4.025252523908364	emlRunGroupedRegressionAnalysis
c0515	grp_alto_r_squared	0.038964603970015096	emlRunGroupedRegressionAnalysis
c0515	grp_alto_n	15	emlRunGroupedRegressionAnalysis
c0515	grp_alto_slope_se	0.019903146542197547	emlRunGroupedRegressionAnalysis
c0515	grp_alto_slope_t	0.7260008307239485	emlRunGroupedRegressionAnalysis
c0515	grp_alto_p	0.48070559604355556	emlRunGroupedRegressionAnalysis
c0515	grp_mezzo_slope	-0.044670504773438424	emlRunGroupedRegressionAnalysis
c0515	grp_mezzo_intercept	9.360789046927316	emlRunGroupedRegressionAnalysis
c0515	grp_mezzo_r_squared	0.08287582299380203	emlRunGroupedRegressionAnalysis
c0515	grp_mezzo_n	15	emlRunGroupedRegressionAnalysis
c0515	grp_mezzo_slope_se	0.0412144328522892	emlRunGroupedRegressionAnalysis
c0515	grp_mezzo_slope_t	-1.0838558650930765	emlRunGroupedRegressionAnalysis
c0515	grp_mezzo_p	0.2981215796262425	emlRunGroupedRegressionAnalysis
c0515	grp_soprano_slope	-0.017069367118663102	emlRunGroupedRegressionAnalysis
c0515	grp_soprano_intercept	7.276275475978022	emlRunGroupedRegressionAnalysis
c0515	grp_soprano_r_squared	0.010236584542407057	emlRunGroupedRegressionAnalysis
c0515	grp_soprano_n	15	emlRunGroupedRegressionAnalysis
c0515	grp_soprano_slope_se	0.04655152391186169	emlRunGroupedRegressionAnalysis
c0515	grp_soprano_slope_t	-0.3666768707933468	emlRunGroupedRegressionAnalysis
c0515	grp_soprano_p	0.7197590791207199	emlRunGroupedRegressionAnalysis
c0516	overall_slope	0.03229799522459925	emlRunGroupedRegressionAnalysis
c0516	overall_intercept	2.5755616050186334	emlRunGroupedRegressionAnalysis
c0516	overall_slope_se	0.019230803740830537	emlRunGroupedRegressionAnalysis
c0516	overall_intercept_se	1.7137385921943504	emlRunGroupedRegressionAnalysis
c0516	overall_slope_t	1.6794927377904991	emlRunGroupedRegressionAnalysis
c0516	overall_intercept_t	1.502890590635976	emlRunGroupedRegressionAnalysis
c0516	overall_slope_p	0.10030896494616393	emlRunGroupedRegressionAnalysis
c0516	overall_intercept_p	0.14017654291170523	emlRunGroupedRegressionAnalysis
c0516	overall_r_squared	0.061559428628881356	emlRunGroupedRegressionAnalysis
c0516	overall_residual_se	0.6937819189371838	emlRunGroupedRegressionAnalysis
c0516	n	45	emlRunGroupedRegressionAnalysis
c0516	pg_total	3	emlRunGroupedRegressionAnalysis
c0516	pg_run	3	emlRunGroupedRegressionAnalysis
c0516	pg_skipped	0	emlRunGroupedRegressionAnalysis
c0516	grp_soprano_slope	0.014997473599550441	emlRunGroupedRegressionAnalysis
c0516	grp_soprano_intercept	4.320214344573296	emlRunGroupedRegressionAnalysis
c0516	grp_soprano_r_squared	0.004424874534940858	emlRunGroupedRegressionAnalysis
c0516	grp_soprano_n	15	emlRunGroupedRegressionAnalysis
c0516	grp_soprano_slope_se	0.062392583376193196	emlRunGroupedRegressionAnalysis
c0516	grp_soprano_slope_t	0.24037269797155003	emlRunGroupedRegressionAnalysis
c0516	grp_soprano_p	0.8137903270650865	emlRunGroupedRegressionAnalysis
c0516	grp_mezzo_slope	-0.062423359823995384	emlRunGroupedRegressionAnalysis
c0516	grp_mezzo_intercept	11.006227710233194	emlRunGroupedRegressionAnalysis
c0516	grp_mezzo_r_squared	0.07691049333927695	emlRunGroupedRegressionAnalysis
c0516	grp_mezzo_n	15	emlRunGroupedRegressionAnalysis
c0516	grp_mezzo_slope_se	0.05997973910944486	emlRunGroupedRegressionAnalysis
c0516	grp_mezzo_slope_t	-1.0407407693136452	emlRunGroupedRegressionAnalysis
c0516	grp_mezzo_p	0.31696548481548725	emlRunGroupedRegressionAnalysis
c0516	grp_alto_slope	0.035929924174300173	emlRunGroupedRegressionAnalysis
c0516	grp_alto_intercept	2.0338014081201856	emlRunGroupedRegressionAnalysis
c0516	grp_alto_r_squared	0.19626990984199127	emlRunGroupedRegressionAnalysis
c0516	grp_alto_n	15	emlRunGroupedRegressionAnalysis
c0516	grp_alto_slope_se	0.02016568026267525	emlRunGroupedRegressionAnalysis
c0516	grp_alto_slope_t	1.7817362819543971	emlRunGroupedRegressionAnalysis
c0516	grp_alto_p	0.09815274835443645	emlRunGroupedRegressionAnalysis
c0517	overall_slope	0.03229799522459925	emlRunGroupedRegressionAnalysis
c0517	overall_intercept	2.5755616050186334	emlRunGroupedRegressionAnalysis
c0517	overall_slope_se	0.019230803740830537	emlRunGroupedRegressionAnalysis
c0517	overall_intercept_se	1.7137385921943504	emlRunGroupedRegressionAnalysis
c0517	overall_slope_t	1.6794927377904991	emlRunGroupedRegressionAnalysis
c0517	overall_intercept_t	1.502890590635976	emlRunGroupedRegressionAnalysis
c0517	overall_slope_p	0.10030896494616393	emlRunGroupedRegressionAnalysis
c0517	overall_intercept_p	0.14017654291170523	emlRunGroupedRegressionAnalysis
c0517	overall_r_squared	0.061559428628881356	emlRunGroupedRegressionAnalysis
c0517	overall_residual_se	0.6937819189371838	emlRunGroupedRegressionAnalysis
c0517	n	45	emlRunGroupedRegressionAnalysis
c0517	pg_total	3	emlRunGroupedRegressionAnalysis
c0517	pg_run	3	emlRunGroupedRegressionAnalysis
c0517	pg_skipped	0	emlRunGroupedRegressionAnalysis
c0517	grp_alto_slope	0.035929924174300173	emlRunGroupedRegressionAnalysis
c0517	grp_alto_intercept	2.0338014081201856	emlRunGroupedRegressionAnalysis
c0517	grp_alto_r_squared	0.19626990984199127	emlRunGroupedRegressionAnalysis
c0517	grp_alto_n	15	emlRunGroupedRegressionAnalysis
c0517	grp_alto_slope_se	0.02016568026267525	emlRunGroupedRegressionAnalysis
c0517	grp_alto_slope_t	1.7817362819543971	emlRunGroupedRegressionAnalysis
c0517	grp_alto_p	0.09815274835443645	emlRunGroupedRegressionAnalysis
c0517	grp_mezzo_slope	-0.062423359823995384	emlRunGroupedRegressionAnalysis
c0517	grp_mezzo_intercept	11.006227710233194	emlRunGroupedRegressionAnalysis
c0517	grp_mezzo_r_squared	0.07691049333927695	emlRunGroupedRegressionAnalysis
c0517	grp_mezzo_n	15	emlRunGroupedRegressionAnalysis
c0517	grp_mezzo_slope_se	0.05997973910944486	emlRunGroupedRegressionAnalysis
c0517	grp_mezzo_slope_t	-1.0407407693136452	emlRunGroupedRegressionAnalysis
c0517	grp_mezzo_p	0.31696548481548725	emlRunGroupedRegressionAnalysis
c0517	grp_soprano_slope	0.014997473599550441	emlRunGroupedRegressionAnalysis
c0517	grp_soprano_intercept	4.320214344573296	emlRunGroupedRegressionAnalysis
c0517	grp_soprano_r_squared	0.004424874534940858	emlRunGroupedRegressionAnalysis
c0517	grp_soprano_n	15	emlRunGroupedRegressionAnalysis
c0517	grp_soprano_slope_se	0.062392583376193196	emlRunGroupedRegressionAnalysis
c0517	grp_soprano_slope_t	0.24037269797155003	emlRunGroupedRegressionAnalysis
c0517	grp_soprano_p	0.8137903270650865	emlRunGroupedRegressionAnalysis
c0518	overall_slope	1.0506230529595015	emlRunGroupedRegressionAnalysis
c0518	overall_intercept	4.833956386292835	emlRunGroupedRegressionAnalysis
c0518	overall_slope_se	0.4205210387824558	emlRunGroupedRegressionAnalysis
c0518	overall_intercept_se	1.5644286962888627	emlRunGroupedRegressionAnalysis
c0518	overall_slope_t	2.4983840428088797	emlRunGroupedRegressionAnalysis
c0518	overall_intercept_t	3.089917998666187	emlRunGroupedRegressionAnalysis
c0518	overall_slope_p	0.01595374065132985	emlRunGroupedRegressionAnalysis
c0518	overall_intercept_p	0.0033269553079461494	emlRunGroupedRegressionAnalysis
c0518	overall_r_squared	0.11507561864019111	emlRunGroupedRegressionAnalysis
c0518	overall_residual_se	5.219884138614645	emlRunGroupedRegressionAnalysis
c0518	n	50	emlRunGroupedRegressionAnalysis
c0518	pg_total	5	emlRunGroupedRegressionAnalysis
c0518	pg_run	5	emlRunGroupedRegressionAnalysis
c0518	pg_skipped	0	emlRunGroupedRegressionAnalysis
c0518	grp_welch_slope	1.5	emlRunGroupedRegressionAnalysis
c0518	grp_welch_intercept	7.5	emlRunGroupedRegressionAnalysis
c0518	grp_welch_r_squared	0.4999999999999999	emlRunGroupedRegressionAnalysis
c0518	grp_welch_n	10	emlRunGroupedRegressionAnalysis
c0518	grp_welch_slope_se	0.5303300858899106	emlRunGroupedRegressionAnalysis
c0518	grp_welch_slope_t	2.8284271247461903	emlRunGroupedRegressionAnalysis
c0518	grp_welch_p	0.022203904140477244	emlRunGroupedRegressionAnalysis
c0518	grp_paired_slope	0.5428571428571428	emlRunGroupedRegressionAnalysis
c0518	grp_paired_intercept	12.766666666666666	emlRunGroupedRegressionAnalysis
c0518	grp_paired_r_squared	0.1502080443828017	emlRunGroupedRegressionAnalysis
c0518	grp_paired_n	12	emlRunGroupedRegressionAnalysis
c0518	grp_paired_slope_se	0.4083149378058243	emlRunGroupedRegressionAnalysis
c0518	grp_paired_slope_t	1.3295059587442783	emlRunGroupedRegressionAnalysis
c0518	grp_paired_p	0.21321204470698207	emlRunGroupedRegressionAnalysis
c0518	grp_corr_slope	1.3535714285714284	emlRunGroupedRegressionAnalysis
c0518	grp_corr_intercept	0.15714285714285747	emlRunGroupedRegressionAnalysis
c0518	grp_corr_r_squared	0.6781788823629392	emlRunGroupedRegressionAnalysis
c0518	grp_corr_n	14	emlRunGroupedRegressionAnalysis
c0518	grp_corr_slope_se	0.269169404590022	emlRunGroupedRegressionAnalysis
c0518	grp_corr_slope_t	5.028697190280908	emlRunGroupedRegressionAnalysis
c0518	grp_corr_p	0.000294816321168397	emlRunGroupedRegressionAnalysis
c0518	grp_perfect_slope	0	emlRunGroupedRegressionAnalysis
c0518	grp_perfect_intercept	3	emlRunGroupedRegressionAnalysis
c0518	grp_perfect_r_squared	0	emlRunGroupedRegressionAnalysis
c0518	grp_perfect_n	10	emlRunGroupedRegressionAnalysis
c0518	grp_perfect_slope_se	0.3535533905932738	emlRunGroupedRegressionAnalysis
c0518	grp_perfect_slope_t	0	emlRunGroupedRegressionAnalysis
c0518	grp_perfect_p	1	emlRunGroupedRegressionAnalysis
c0518	grp_mwu_slope	2	emlRunGroupedRegressionAnalysis
c0518	grp_mwu_intercept	-0.5	emlRunGroupedRegressionAnalysis
c0518	grp_mwu_r_squared	0.7999999999999999	emlRunGroupedRegressionAnalysis
c0518	grp_mwu_n	4	emlRunGroupedRegressionAnalysis
c0518	grp_mwu_slope_se	0.7071067811865476	emlRunGroupedRegressionAnalysis
c0518	grp_mwu_slope_t	2.82842712474619	emlRunGroupedRegressionAnalysis
c0518	grp_mwu_p	0.10557280900008417	emlRunGroupedRegressionAnalysis
c0519	overall_slope	1.0506230529595015	emlRunGroupedRegressionAnalysis
c0519	overall_intercept	4.833956386292835	emlRunGroupedRegressionAnalysis
c0519	overall_slope_se	0.4205210387824558	emlRunGroupedRegressionAnalysis
c0519	overall_intercept_se	1.5644286962888627	emlRunGroupedRegressionAnalysis
c0519	overall_slope_t	2.4983840428088797	emlRunGroupedRegressionAnalysis
c0519	overall_intercept_t	3.089917998666187	emlRunGroupedRegressionAnalysis
c0519	overall_slope_p	0.01595374065132985	emlRunGroupedRegressionAnalysis
c0519	overall_intercept_p	0.0033269553079461494	emlRunGroupedRegressionAnalysis
c0519	overall_r_squared	0.11507561864019111	emlRunGroupedRegressionAnalysis
c0519	overall_residual_se	5.219884138614645	emlRunGroupedRegressionAnalysis
c0519	n	50	emlRunGroupedRegressionAnalysis
c0519	pg_total	5	emlRunGroupedRegressionAnalysis
c0519	pg_run	5	emlRunGroupedRegressionAnalysis
c0519	pg_skipped	0	emlRunGroupedRegressionAnalysis
c0519	grp_corr_slope	1.3535714285714284	emlRunGroupedRegressionAnalysis
c0519	grp_corr_intercept	0.15714285714285747	emlRunGroupedRegressionAnalysis
c0519	grp_corr_r_squared	0.6781788823629392	emlRunGroupedRegressionAnalysis
c0519	grp_corr_n	14	emlRunGroupedRegressionAnalysis
c0519	grp_corr_slope_se	0.269169404590022	emlRunGroupedRegressionAnalysis
c0519	grp_corr_slope_t	5.028697190280908	emlRunGroupedRegressionAnalysis
c0519	grp_corr_p	0.000294816321168397	emlRunGroupedRegressionAnalysis
c0519	grp_mwu_slope	2	emlRunGroupedRegressionAnalysis
c0519	grp_mwu_intercept	-0.5	emlRunGroupedRegressionAnalysis
c0519	grp_mwu_r_squared	0.7999999999999999	emlRunGroupedRegressionAnalysis
c0519	grp_mwu_n	4	emlRunGroupedRegressionAnalysis
c0519	grp_mwu_slope_se	0.7071067811865476	emlRunGroupedRegressionAnalysis
c0519	grp_mwu_slope_t	2.82842712474619	emlRunGroupedRegressionAnalysis
c0519	grp_mwu_p	0.10557280900008417	emlRunGroupedRegressionAnalysis
c0519	grp_paired_slope	0.5428571428571428	emlRunGroupedRegressionAnalysis
c0519	grp_paired_intercept	12.766666666666666	emlRunGroupedRegressionAnalysis
c0519	grp_paired_r_squared	0.1502080443828017	emlRunGroupedRegressionAnalysis
c0519	grp_paired_n	12	emlRunGroupedRegressionAnalysis
c0519	grp_paired_slope_se	0.4083149378058243	emlRunGroupedRegressionAnalysis
c0519	grp_paired_slope_t	1.3295059587442783	emlRunGroupedRegressionAnalysis
c0519	grp_paired_p	0.21321204470698207	emlRunGroupedRegressionAnalysis
c0519	grp_perfect_slope	0	emlRunGroupedRegressionAnalysis
c0519	grp_perfect_intercept	3	emlRunGroupedRegressionAnalysis
c0519	grp_perfect_r_squared	0	emlRunGroupedRegressionAnalysis
c0519	grp_perfect_n	10	emlRunGroupedRegressionAnalysis
c0519	grp_perfect_slope_se	0.3535533905932738	emlRunGroupedRegressionAnalysis
c0519	grp_perfect_slope_t	0	emlRunGroupedRegressionAnalysis
c0519	grp_perfect_p	1	emlRunGroupedRegressionAnalysis
c0519	grp_welch_slope	1.5	emlRunGroupedRegressionAnalysis
c0519	grp_welch_intercept	7.5	emlRunGroupedRegressionAnalysis
c0519	grp_welch_r_squared	0.4999999999999999	emlRunGroupedRegressionAnalysis
c0519	grp_welch_n	10	emlRunGroupedRegressionAnalysis
c0519	grp_welch_slope_se	0.5303300858899106	emlRunGroupedRegressionAnalysis
c0519	grp_welch_slope_t	2.8284271247461903	emlRunGroupedRegressionAnalysis
c0519	grp_welch_p	0.022203904140477244	emlRunGroupedRegressionAnalysis
c0520	n	20	emlRunRepeatedMeasuresAnalysis
c0520	n_excluded	0	emlRunRepeatedMeasuresAnalysis
c0520	f	583.1232359492722	emlRunRepeatedMeasuresAnalysis
c0520	df_between	2	emlRunRepeatedMeasuresAnalysis
c0520	df_within	38	emlRunRepeatedMeasuresAnalysis
c0520	p	3.0359601434773946e-29	emlRunRepeatedMeasuresAnalysis
c0520	gg_epsilon	0.8485644512752254	emlRunRepeatedMeasuresAnalysis
c0520	gg_p	3.728026543095773e-25	emlRunRepeatedMeasuresAnalysis
c0520	ss_between	4693.695019456338	emlRunRepeatedMeasuresAnalysis
c0520	ss_within	152.93543435032745	emlRunRepeatedMeasuresAnalysis
c0520	mean_spl_soft	72.46457000000001	emlRunRepeatedMeasuresAnalysis
c0520	mean_spl_medium	83.35460499999998	emlRunRepeatedMeasuresAnalysis
c0520	mean_spl_loud	94.12940500000002	emlRunRepeatedMeasuresAnalysis
c0520	partial_eta_squared	0.9684449978582114	emlRunRepeatedMeasuresAnalysis
c0521	n	20	emlRunRepeatedMeasuresAnalysis
c0521	n_excluded	0	emlRunRepeatedMeasuresAnalysis
c0521	f	583.1232359492722	emlRunRepeatedMeasuresAnalysis
c0521	df_between	2	emlRunRepeatedMeasuresAnalysis
c0521	df_within	38	emlRunRepeatedMeasuresAnalysis
c0521	p	3.0359601434773946e-29	emlRunRepeatedMeasuresAnalysis
c0521	gg_epsilon	0.8485644512752254	emlRunRepeatedMeasuresAnalysis
c0521	gg_p	3.728026543095773e-25	emlRunRepeatedMeasuresAnalysis
c0521	ss_between	4693.695019456338	emlRunRepeatedMeasuresAnalysis
c0521	ss_within	152.93543435032745	emlRunRepeatedMeasuresAnalysis
c0521	mean_spl_soft	72.46457000000001	emlRunRepeatedMeasuresAnalysis
c0521	mean_spl_medium	83.35460499999998	emlRunRepeatedMeasuresAnalysis
c0521	mean_spl_loud	94.12940500000002	emlRunRepeatedMeasuresAnalysis
c0521	partial_eta_squared	0.9684449978582114	emlRunRepeatedMeasuresAnalysis
c0521	posthoc_spl_soft__spl_medium_p	1.538445482638607e-12	emlRunRepeatedMeasuresAnalysis
c0521	posthoc_spl_soft__spl_medium_padj	4.615336447915821e-12	emlRunRepeatedMeasuresAnalysis
c0521	posthoc_spl_soft__spl_medium_diff	-10.890035000000001	emlRunRepeatedMeasuresAnalysis
c0521	posthoc_spl_soft__spl_medium_ci_low	-12.663299864140415	emlRunRepeatedMeasuresAnalysis
c0521	posthoc_spl_soft__spl_medium_ci_high	-9.116770135859587	emlRunRepeatedMeasuresAnalysis
c0521	posthoc_spl_soft__spl_loud_p	1.0687107473120863e-20	emlRunRepeatedMeasuresAnalysis
c0521	posthoc_spl_soft__spl_loud_padj	3.206132241936259e-20	emlRunRepeatedMeasuresAnalysis
c0521	posthoc_spl_soft__spl_loud_diff	-21.664835	emlRunRepeatedMeasuresAnalysis
c0521	posthoc_spl_soft__spl_loud_ci_low	-22.939779333765554	emlRunRepeatedMeasuresAnalysis
c0521	posthoc_spl_soft__spl_loud_ci_high	-20.389890666234447	emlRunRepeatedMeasuresAnalysis
c0521	posthoc_spl_medium__spl_loud_p	5.431213120434684e-12	emlRunRepeatedMeasuresAnalysis
c0521	posthoc_spl_medium__spl_loud_padj	1.6293639361304055e-11	emlRunRepeatedMeasuresAnalysis
c0521	posthoc_spl_medium__spl_loud_diff	-10.774799999999999	emlRunRepeatedMeasuresAnalysis
c0521	posthoc_spl_medium__spl_loud_ci_low	-12.659039199675474	emlRunRepeatedMeasuresAnalysis
c0521	posthoc_spl_medium__spl_loud_ci_high	-8.890560800324524	emlRunRepeatedMeasuresAnalysis
c0522	n	20	emlRunRepeatedMeasuresAnalysis
c0522	n_excluded	0	emlRunRepeatedMeasuresAnalysis
c0522	f	583.1232359492722	emlRunRepeatedMeasuresAnalysis
c0522	df_between	2	emlRunRepeatedMeasuresAnalysis
c0522	df_within	38	emlRunRepeatedMeasuresAnalysis
c0522	p	3.0359601434773946e-29	emlRunRepeatedMeasuresAnalysis
c0522	gg_epsilon	0.8485644512752254	emlRunRepeatedMeasuresAnalysis
c0522	gg_p	3.728026543095773e-25	emlRunRepeatedMeasuresAnalysis
c0522	ss_between	4693.695019456338	emlRunRepeatedMeasuresAnalysis
c0522	ss_within	152.93543435032745	emlRunRepeatedMeasuresAnalysis
c0522	mean_spl_soft	72.46457000000001	emlRunRepeatedMeasuresAnalysis
c0522	mean_spl_medium	83.35460499999998	emlRunRepeatedMeasuresAnalysis
c0522	mean_spl_loud	94.12940500000002	emlRunRepeatedMeasuresAnalysis
c0522	partial_eta_squared	0.9684449978582114	emlRunRepeatedMeasuresAnalysis
c0522	posthoc_spl_soft__spl_medium_p	1.538445482638607e-12	emlRunRepeatedMeasuresAnalysis
c0522	posthoc_spl_soft__spl_medium_padj	3.076890965277214e-12	emlRunRepeatedMeasuresAnalysis
c0522	posthoc_spl_soft__spl_medium_diff	-10.890035000000001	emlRunRepeatedMeasuresAnalysis
c0522	posthoc_spl_soft__spl_loud_p	1.0687107473120863e-20	emlRunRepeatedMeasuresAnalysis
c0522	posthoc_spl_soft__spl_loud_padj	3.206132241936259e-20	emlRunRepeatedMeasuresAnalysis
c0522	posthoc_spl_soft__spl_loud_diff	-21.664835	emlRunRepeatedMeasuresAnalysis
c0522	posthoc_spl_medium__spl_loud_p	5.431213120434684e-12	emlRunRepeatedMeasuresAnalysis
c0522	posthoc_spl_medium__spl_loud_padj	5.431213120434684e-12	emlRunRepeatedMeasuresAnalysis
c0522	posthoc_spl_medium__spl_loud_diff	-10.774799999999999	emlRunRepeatedMeasuresAnalysis
c0523	n	20	emlRunRepeatedMeasuresAnalysis
c0523	n_excluded	0	emlRunRepeatedMeasuresAnalysis
c0523	f	583.1232359492722	emlRunRepeatedMeasuresAnalysis
c0523	df_between	2	emlRunRepeatedMeasuresAnalysis
c0523	df_within	38	emlRunRepeatedMeasuresAnalysis
c0523	p	3.0359601434773946e-29	emlRunRepeatedMeasuresAnalysis
c0523	gg_epsilon	0.8485644512752254	emlRunRepeatedMeasuresAnalysis
c0523	gg_p	3.728026543095773e-25	emlRunRepeatedMeasuresAnalysis
c0523	ss_between	4693.695019456338	emlRunRepeatedMeasuresAnalysis
c0523	ss_within	152.93543435032745	emlRunRepeatedMeasuresAnalysis
c0523	mean_spl_soft	72.46457000000001	emlRunRepeatedMeasuresAnalysis
c0523	mean_spl_medium	83.35460499999998	emlRunRepeatedMeasuresAnalysis
c0523	mean_spl_loud	94.12940500000002	emlRunRepeatedMeasuresAnalysis
c0523	partial_eta_squared	0.9684449978582114	emlRunRepeatedMeasuresAnalysis
c0523	posthoc_spl_soft__spl_medium_p	1.538445482638607e-12	emlRunRepeatedMeasuresAnalysis
c0523	posthoc_spl_soft__spl_medium_padj	2.3076682239579105e-12	emlRunRepeatedMeasuresAnalysis
c0523	posthoc_spl_soft__spl_medium_diff	-10.890035000000001	emlRunRepeatedMeasuresAnalysis
c0523	posthoc_spl_soft__spl_loud_p	1.0687107473120863e-20	emlRunRepeatedMeasuresAnalysis
c0523	posthoc_spl_soft__spl_loud_padj	3.206132241936259e-20	emlRunRepeatedMeasuresAnalysis
c0523	posthoc_spl_soft__spl_loud_diff	-21.664835	emlRunRepeatedMeasuresAnalysis
c0523	posthoc_spl_medium__spl_loud_p	5.431213120434684e-12	emlRunRepeatedMeasuresAnalysis
c0523	posthoc_spl_medium__spl_loud_padj	5.431213120434685e-12	emlRunRepeatedMeasuresAnalysis
c0523	posthoc_spl_medium__spl_loud_diff	-10.774799999999999	emlRunRepeatedMeasuresAnalysis
c0524	n	20	emlRunRepeatedMeasuresAnalysis
c0524	n_excluded	0	emlRunRepeatedMeasuresAnalysis
c0524	f	583.123235949265	emlRunRepeatedMeasuresAnalysis
c0524	df_between	2	emlRunRepeatedMeasuresAnalysis
c0524	df_within	38	emlRunRepeatedMeasuresAnalysis
c0524	p	3.0359601434780874e-29	emlRunRepeatedMeasuresAnalysis
c0524	gg_epsilon	0.8485644512752187	emlRunRepeatedMeasuresAnalysis
c0524	gg_p	3.7280265430980013e-25	emlRunRepeatedMeasuresAnalysis
c0524	ss_between	4693.695019456338	emlRunRepeatedMeasuresAnalysis
c0524	ss_within	152.93543435032933	emlRunRepeatedMeasuresAnalysis
c0524	mean_spl_loud	94.12940500000002	emlRunRepeatedMeasuresAnalysis
c0524	mean_spl_medium	83.35460499999998	emlRunRepeatedMeasuresAnalysis
c0524	mean_spl_soft	72.46457000000001	emlRunRepeatedMeasuresAnalysis
c0524	partial_eta_squared	0.968444997858211	emlRunRepeatedMeasuresAnalysis
c0525	n	20	emlRunRepeatedMeasuresAnalysis
c0525	n_excluded	0	emlRunRepeatedMeasuresAnalysis
c0525	f	583.123235949265	emlRunRepeatedMeasuresAnalysis
c0525	df_between	2	emlRunRepeatedMeasuresAnalysis
c0525	df_within	38	emlRunRepeatedMeasuresAnalysis
c0525	p	3.0359601434780874e-29	emlRunRepeatedMeasuresAnalysis
c0525	gg_epsilon	0.8485644512752187	emlRunRepeatedMeasuresAnalysis
c0525	gg_p	3.7280265430980013e-25	emlRunRepeatedMeasuresAnalysis
c0525	ss_between	4693.695019456338	emlRunRepeatedMeasuresAnalysis
c0525	ss_within	152.93543435032933	emlRunRepeatedMeasuresAnalysis
c0525	mean_spl_loud	94.12940500000002	emlRunRepeatedMeasuresAnalysis
c0525	mean_spl_medium	83.35460499999998	emlRunRepeatedMeasuresAnalysis
c0525	mean_spl_soft	72.46457000000001	emlRunRepeatedMeasuresAnalysis
c0525	partial_eta_squared	0.968444997858211	emlRunRepeatedMeasuresAnalysis
c0525	posthoc_spl_loud__spl_medium_p	5.431213120434684e-12	emlRunRepeatedMeasuresAnalysis
c0525	posthoc_spl_loud__spl_medium_padj	1.6293639361304055e-11	emlRunRepeatedMeasuresAnalysis
c0525	posthoc_spl_loud__spl_medium_diff	10.774799999999999	emlRunRepeatedMeasuresAnalysis
c0525	posthoc_spl_loud__spl_medium_ci_low	8.890560800324524	emlRunRepeatedMeasuresAnalysis
c0525	posthoc_spl_loud__spl_medium_ci_high	12.659039199675474	emlRunRepeatedMeasuresAnalysis
c0525	posthoc_spl_loud__spl_soft_p	1.0687107473120863e-20	emlRunRepeatedMeasuresAnalysis
c0525	posthoc_spl_loud__spl_soft_padj	3.206132241936259e-20	emlRunRepeatedMeasuresAnalysis
c0525	posthoc_spl_loud__spl_soft_diff	21.664835	emlRunRepeatedMeasuresAnalysis
c0525	posthoc_spl_loud__spl_soft_ci_low	20.389890666234447	emlRunRepeatedMeasuresAnalysis
c0525	posthoc_spl_loud__spl_soft_ci_high	22.939779333765554	emlRunRepeatedMeasuresAnalysis
c0525	posthoc_spl_medium__spl_soft_p	1.538445482638607e-12	emlRunRepeatedMeasuresAnalysis
c0525	posthoc_spl_medium__spl_soft_padj	4.615336447915821e-12	emlRunRepeatedMeasuresAnalysis
c0525	posthoc_spl_medium__spl_soft_diff	10.890035000000001	emlRunRepeatedMeasuresAnalysis
c0525	posthoc_spl_medium__spl_soft_ci_low	9.116770135859587	emlRunRepeatedMeasuresAnalysis
c0525	posthoc_spl_medium__spl_soft_ci_high	12.663299864140415	emlRunRepeatedMeasuresAnalysis
c0526	n	20	emlRunRepeatedMeasuresAnalysis
c0526	n_excluded	0	emlRunRepeatedMeasuresAnalysis
c0526	f	583.123235949265	emlRunRepeatedMeasuresAnalysis
c0526	df_between	2	emlRunRepeatedMeasuresAnalysis
c0526	df_within	38	emlRunRepeatedMeasuresAnalysis
c0526	p	3.0359601434780874e-29	emlRunRepeatedMeasuresAnalysis
c0526	gg_epsilon	0.8485644512752187	emlRunRepeatedMeasuresAnalysis
c0526	gg_p	3.7280265430980013e-25	emlRunRepeatedMeasuresAnalysis
c0526	ss_between	4693.695019456338	emlRunRepeatedMeasuresAnalysis
c0526	ss_within	152.93543435032933	emlRunRepeatedMeasuresAnalysis
c0526	mean_spl_loud	94.12940500000002	emlRunRepeatedMeasuresAnalysis
c0526	mean_spl_medium	83.35460499999998	emlRunRepeatedMeasuresAnalysis
c0526	mean_spl_soft	72.46457000000001	emlRunRepeatedMeasuresAnalysis
c0526	partial_eta_squared	0.968444997858211	emlRunRepeatedMeasuresAnalysis
c0526	posthoc_spl_loud__spl_medium_p	5.431213120434684e-12	emlRunRepeatedMeasuresAnalysis
c0526	posthoc_spl_loud__spl_medium_padj	5.431213120434684e-12	emlRunRepeatedMeasuresAnalysis
c0526	posthoc_spl_loud__spl_medium_diff	10.774799999999999	emlRunRepeatedMeasuresAnalysis
c0526	posthoc_spl_loud__spl_soft_p	1.0687107473120863e-20	emlRunRepeatedMeasuresAnalysis
c0526	posthoc_spl_loud__spl_soft_padj	3.206132241936259e-20	emlRunRepeatedMeasuresAnalysis
c0526	posthoc_spl_loud__spl_soft_diff	21.664835	emlRunRepeatedMeasuresAnalysis
c0526	posthoc_spl_medium__spl_soft_p	1.538445482638607e-12	emlRunRepeatedMeasuresAnalysis
c0526	posthoc_spl_medium__spl_soft_padj	3.076890965277214e-12	emlRunRepeatedMeasuresAnalysis
c0526	posthoc_spl_medium__spl_soft_diff	10.890035000000001	emlRunRepeatedMeasuresAnalysis
c0527	n	20	emlRunRepeatedMeasuresAnalysis
c0527	n_excluded	0	emlRunRepeatedMeasuresAnalysis
c0527	f	583.123235949265	emlRunRepeatedMeasuresAnalysis
c0527	df_between	2	emlRunRepeatedMeasuresAnalysis
c0527	df_within	38	emlRunRepeatedMeasuresAnalysis
c0527	p	3.0359601434780874e-29	emlRunRepeatedMeasuresAnalysis
c0527	gg_epsilon	0.8485644512752187	emlRunRepeatedMeasuresAnalysis
c0527	gg_p	3.7280265430980013e-25	emlRunRepeatedMeasuresAnalysis
c0527	ss_between	4693.695019456338	emlRunRepeatedMeasuresAnalysis
c0527	ss_within	152.93543435032933	emlRunRepeatedMeasuresAnalysis
c0527	mean_spl_loud	94.12940500000002	emlRunRepeatedMeasuresAnalysis
c0527	mean_spl_medium	83.35460499999998	emlRunRepeatedMeasuresAnalysis
c0527	mean_spl_soft	72.46457000000001	emlRunRepeatedMeasuresAnalysis
c0527	partial_eta_squared	0.968444997858211	emlRunRepeatedMeasuresAnalysis
c0527	posthoc_spl_loud__spl_medium_p	5.431213120434684e-12	emlRunRepeatedMeasuresAnalysis
c0527	posthoc_spl_loud__spl_medium_padj	5.431213120434685e-12	emlRunRepeatedMeasuresAnalysis
c0527	posthoc_spl_loud__spl_medium_diff	10.774799999999999	emlRunRepeatedMeasuresAnalysis
c0527	posthoc_spl_loud__spl_soft_p	1.0687107473120863e-20	emlRunRepeatedMeasuresAnalysis
c0527	posthoc_spl_loud__spl_soft_padj	3.206132241936259e-20	emlRunRepeatedMeasuresAnalysis
c0527	posthoc_spl_loud__spl_soft_diff	21.664835	emlRunRepeatedMeasuresAnalysis
c0527	posthoc_spl_medium__spl_soft_p	1.538445482638607e-12	emlRunRepeatedMeasuresAnalysis
c0527	posthoc_spl_medium__spl_soft_padj	2.3076682239579105e-12	emlRunRepeatedMeasuresAnalysis
c0527	posthoc_spl_medium__spl_soft_diff	10.890035000000001	emlRunRepeatedMeasuresAnalysis
c0528	refused	1	emlRunRepeatedMeasuresAnalysis
c0528	refuse_reason	The subject x condition residual is zero: every subject shows exactly the same pattern across conditions. The error term for the F test is therefore zero and F is undefined. Data that behaves this way is usually simulated, already averaged, or derived from one of its own columns.	emlRunRepeatedMeasuresAnalysis
c0529	refused	1	emlRunRepeatedMeasuresAnalysis
c0529	refuse_reason	The subject x condition residual is zero: every subject shows exactly the same pattern across conditions. The error term for the F test is therefore zero and F is undefined. Data that behaves this way is usually simulated, already averaged, or derived from one of its own columns.	emlRunRepeatedMeasuresAnalysis
c0530	refused	1	emlRunRepeatedMeasuresAnalysis
c0530	refuse_reason	The subject x condition residual is zero: every subject shows exactly the same pattern across conditions. The error term for the F test is therefore zero and F is undefined. Data that behaves this way is usually simulated, already averaged, or derived from one of its own columns.	emlRunRepeatedMeasuresAnalysis
c0531	refused	1	emlRunRepeatedMeasuresAnalysis
c0531	refuse_reason	The subject x condition residual is zero: every subject shows exactly the same pattern across conditions. The error term for the F test is therefore zero and F is undefined. Data that behaves this way is usually simulated, already averaged, or derived from one of its own columns.	emlRunRepeatedMeasuresAnalysis
c0532	n	2	emlRunRepeatedMeasuresAnalysis
c0532	n_excluded	0	emlRunRepeatedMeasuresAnalysis
c0532	f	111	emlRunRepeatedMeasuresAnalysis
c0532	df_between	2	emlRunRepeatedMeasuresAnalysis
c0532	df_within	2	emlRunRepeatedMeasuresAnalysis
c0532	p	0.008928571428571433	emlRunRepeatedMeasuresAnalysis
c0532	gg_epsilon	0.5000000000000004	emlRunRepeatedMeasuresAnalysis
c0532	gg_p	0.06024479202053782	emlRunRepeatedMeasuresAnalysis
c0532	ss_between	111	emlRunRepeatedMeasuresAnalysis
c0532	ss_within	1	emlRunRepeatedMeasuresAnalysis
c0532	mean_soft	11	emlRunRepeatedMeasuresAnalysis
c0532	mean_medium	15.5	emlRunRepeatedMeasuresAnalysis
c0532	mean_loud	21.5	emlRunRepeatedMeasuresAnalysis
c0532	partial_eta_squared	0.9910714285714286	emlRunRepeatedMeasuresAnalysis
c0533	n	2	emlRunRepeatedMeasuresAnalysis
c0533	n_excluded	0	emlRunRepeatedMeasuresAnalysis
c0533	f	111	emlRunRepeatedMeasuresAnalysis
c0533	df_between	2	emlRunRepeatedMeasuresAnalysis
c0533	df_within	2	emlRunRepeatedMeasuresAnalysis
c0533	p	0.008928571428571433	emlRunRepeatedMeasuresAnalysis
c0533	gg_epsilon	0.5000000000000004	emlRunRepeatedMeasuresAnalysis
c0533	gg_p	0.06024479202053782	emlRunRepeatedMeasuresAnalysis
c0533	ss_between	111	emlRunRepeatedMeasuresAnalysis
c0533	ss_within	1	emlRunRepeatedMeasuresAnalysis
c0533	mean_soft	11	emlRunRepeatedMeasuresAnalysis
c0533	mean_medium	15.5	emlRunRepeatedMeasuresAnalysis
c0533	mean_loud	21.5	emlRunRepeatedMeasuresAnalysis
c0533	partial_eta_squared	0.9910714285714286	emlRunRepeatedMeasuresAnalysis
c0533	posthoc_soft__medium_p	0.07044657495455449	emlRunRepeatedMeasuresAnalysis
c0533	posthoc_soft__medium_padj	0.21133972486366348	emlRunRepeatedMeasuresAnalysis
c0533	posthoc_soft__medium_diff	-4.5	emlRunRepeatedMeasuresAnalysis
c0533	posthoc_soft__medium_ci_low	-23.594229648512727	emlRunRepeatedMeasuresAnalysis
c0533	posthoc_soft__medium_ci_high	14.594229648512727	emlRunRepeatedMeasuresAnalysis
c0533	posthoc_soft__loud_p	0.03029234437673627	emlRunRepeatedMeasuresAnalysis
c0533	posthoc_soft__loud_padj	0.09087703313020881	emlRunRepeatedMeasuresAnalysis
c0533	posthoc_soft__loud_diff	-10.5	emlRunRepeatedMeasuresAnalysis
c0533	posthoc_soft__loud_ci_low	-29.594229648512727	emlRunRepeatedMeasuresAnalysis
c0533	posthoc_soft__loud_ci_high	8.594229648512727	emlRunRepeatedMeasuresAnalysis
c0533	posthoc_medium__loud_p	0.10513691342250682	emlRunRepeatedMeasuresAnalysis
c0533	posthoc_medium__loud_padj	0.3154107402675205	emlRunRepeatedMeasuresAnalysis
c0533	posthoc_medium__loud_diff	-6	emlRunRepeatedMeasuresAnalysis
c0533	posthoc_medium__loud_ci_low	-44.18845929702545	emlRunRepeatedMeasuresAnalysis
c0533	posthoc_medium__loud_ci_high	32.18845929702545	emlRunRepeatedMeasuresAnalysis
c0534	n	2	emlRunRepeatedMeasuresAnalysis
c0534	n_excluded	0	emlRunRepeatedMeasuresAnalysis
c0534	f	111	emlRunRepeatedMeasuresAnalysis
c0534	df_between	2	emlRunRepeatedMeasuresAnalysis
c0534	df_within	2	emlRunRepeatedMeasuresAnalysis
c0534	p	0.008928571428571433	emlRunRepeatedMeasuresAnalysis
c0534	gg_epsilon	0.5000000000000004	emlRunRepeatedMeasuresAnalysis
c0534	gg_p	0.06024479202053782	emlRunRepeatedMeasuresAnalysis
c0534	ss_between	111	emlRunRepeatedMeasuresAnalysis
c0534	ss_within	1	emlRunRepeatedMeasuresAnalysis
c0534	mean_soft	11	emlRunRepeatedMeasuresAnalysis
c0534	mean_medium	15.5	emlRunRepeatedMeasuresAnalysis
c0534	mean_loud	21.5	emlRunRepeatedMeasuresAnalysis
c0534	partial_eta_squared	0.9910714285714286	emlRunRepeatedMeasuresAnalysis
c0534	posthoc_soft__medium_p	0.07044657495455449	emlRunRepeatedMeasuresAnalysis
c0534	posthoc_soft__medium_padj	0.14089314990910898	emlRunRepeatedMeasuresAnalysis
c0534	posthoc_soft__medium_diff	-4.5	emlRunRepeatedMeasuresAnalysis
c0534	posthoc_soft__loud_p	0.03029234437673627	emlRunRepeatedMeasuresAnalysis
c0534	posthoc_soft__loud_padj	0.09087703313020881	emlRunRepeatedMeasuresAnalysis
c0534	posthoc_soft__loud_diff	-10.5	emlRunRepeatedMeasuresAnalysis
c0534	posthoc_medium__loud_p	0.10513691342250682	emlRunRepeatedMeasuresAnalysis
c0534	posthoc_medium__loud_padj	0.14089314990910898	emlRunRepeatedMeasuresAnalysis
c0534	posthoc_medium__loud_diff	-6	emlRunRepeatedMeasuresAnalysis
c0535	n	2	emlRunRepeatedMeasuresAnalysis
c0535	n_excluded	0	emlRunRepeatedMeasuresAnalysis
c0535	f	111	emlRunRepeatedMeasuresAnalysis
c0535	df_between	2	emlRunRepeatedMeasuresAnalysis
c0535	df_within	2	emlRunRepeatedMeasuresAnalysis
c0535	p	0.008928571428571433	emlRunRepeatedMeasuresAnalysis
c0535	gg_epsilon	0.5000000000000004	emlRunRepeatedMeasuresAnalysis
c0535	gg_p	0.06024479202053782	emlRunRepeatedMeasuresAnalysis
c0535	ss_between	111	emlRunRepeatedMeasuresAnalysis
c0535	ss_within	1	emlRunRepeatedMeasuresAnalysis
c0535	mean_soft	11	emlRunRepeatedMeasuresAnalysis
c0535	mean_medium	15.5	emlRunRepeatedMeasuresAnalysis
c0535	mean_loud	21.5	emlRunRepeatedMeasuresAnalysis
c0535	partial_eta_squared	0.9910714285714286	emlRunRepeatedMeasuresAnalysis
c0535	posthoc_soft__medium_p	0.07044657495455449	emlRunRepeatedMeasuresAnalysis
c0535	posthoc_soft__medium_padj	0.10513691342250682	emlRunRepeatedMeasuresAnalysis
c0535	posthoc_soft__medium_diff	-4.5	emlRunRepeatedMeasuresAnalysis
c0535	posthoc_soft__loud_p	0.03029234437673627	emlRunRepeatedMeasuresAnalysis
c0535	posthoc_soft__loud_padj	0.09087703313020881	emlRunRepeatedMeasuresAnalysis
c0535	posthoc_soft__loud_diff	-10.5	emlRunRepeatedMeasuresAnalysis
c0535	posthoc_medium__loud_p	0.10513691342250682	emlRunRepeatedMeasuresAnalysis
c0535	posthoc_medium__loud_padj	0.10513691342250682	emlRunRepeatedMeasuresAnalysis
c0535	posthoc_medium__loud_diff	-6	emlRunRepeatedMeasuresAnalysis
c0536	n	20	emlRunRepeatedMeasuresAnalysis
c0536	n_excluded	0	emlRunRepeatedMeasuresAnalysis
c0536	f	59.6905789300415	emlRunRepeatedMeasuresAnalysis
c0536	df_between	1	emlRunRepeatedMeasuresAnalysis
c0536	df_within	19	emlRunRepeatedMeasuresAnalysis
c0536	p	2.8014379320513964e-07	emlRunRepeatedMeasuresAnalysis
c0536	gg_epsilon	1	emlRunRepeatedMeasuresAnalysis
c0536	gg_p	2.8014379320513964e-07	emlRunRepeatedMeasuresAnalysis
c0536	ss_between	5.306634394200042	emlRunRepeatedMeasuresAnalysis
c0536	ss_within	1.6891451766278038	emlRunRepeatedMeasuresAnalysis
c0536	mean_jitter_pre	2.695592193038029	emlRunRepeatedMeasuresAnalysis
c0536	mean_jitter_post	1.9671256945495919	emlRunRepeatedMeasuresAnalysis
c0536	partial_eta_squared	0.7585479703117749	emlRunRepeatedMeasuresAnalysis
c0537	n	20	emlRunRepeatedMeasuresAnalysis
c0537	n_excluded	0	emlRunRepeatedMeasuresAnalysis
c0537	f	59.6905789300415	emlRunRepeatedMeasuresAnalysis
c0537	df_between	1	emlRunRepeatedMeasuresAnalysis
c0537	df_within	19	emlRunRepeatedMeasuresAnalysis
c0537	p	2.8014379320513964e-07	emlRunRepeatedMeasuresAnalysis
c0537	gg_epsilon	1	emlRunRepeatedMeasuresAnalysis
c0537	gg_p	2.8014379320513964e-07	emlRunRepeatedMeasuresAnalysis
c0537	ss_between	5.306634394200042	emlRunRepeatedMeasuresAnalysis
c0537	ss_within	1.6891451766278038	emlRunRepeatedMeasuresAnalysis
c0537	mean_jitter_pre	2.695592193038029	emlRunRepeatedMeasuresAnalysis
c0537	mean_jitter_post	1.9671256945495919	emlRunRepeatedMeasuresAnalysis
c0537	partial_eta_squared	0.7585479703117749	emlRunRepeatedMeasuresAnalysis
c0537	posthoc_jitter_pre__jitter_post_p	2.801437932051329e-07	emlRunRepeatedMeasuresAnalysis
c0537	posthoc_jitter_pre__jitter_post_padj	2.801437932051329e-07	emlRunRepeatedMeasuresAnalysis
c0537	posthoc_jitter_pre__jitter_post_diff	0.7284664984884376	emlRunRepeatedMeasuresAnalysis
c0537	posthoc_jitter_pre__jitter_post_ci_low	0.531119326268408	emlRunRepeatedMeasuresAnalysis
c0537	posthoc_jitter_pre__jitter_post_ci_high	0.9258136707084672	emlRunRepeatedMeasuresAnalysis
c0538	n	20	emlRunRepeatedMeasuresAnalysis
c0538	n_excluded	0	emlRunRepeatedMeasuresAnalysis
c0538	f	59.6905789300415	emlRunRepeatedMeasuresAnalysis
c0538	df_between	1	emlRunRepeatedMeasuresAnalysis
c0538	df_within	19	emlRunRepeatedMeasuresAnalysis
c0538	p	2.8014379320513964e-07	emlRunRepeatedMeasuresAnalysis
c0538	gg_epsilon	1	emlRunRepeatedMeasuresAnalysis
c0538	gg_p	2.8014379320513964e-07	emlRunRepeatedMeasuresAnalysis
c0538	ss_between	5.306634394200042	emlRunRepeatedMeasuresAnalysis
c0538	ss_within	1.6891451766278038	emlRunRepeatedMeasuresAnalysis
c0538	mean_jitter_pre	2.695592193038029	emlRunRepeatedMeasuresAnalysis
c0538	mean_jitter_post	1.9671256945495919	emlRunRepeatedMeasuresAnalysis
c0538	partial_eta_squared	0.7585479703117749	emlRunRepeatedMeasuresAnalysis
c0538	posthoc_jitter_pre__jitter_post_p	2.801437932051329e-07	emlRunRepeatedMeasuresAnalysis
c0538	posthoc_jitter_pre__jitter_post_padj	2.801437932051329e-07	emlRunRepeatedMeasuresAnalysis
c0538	posthoc_jitter_pre__jitter_post_diff	0.7284664984884376	emlRunRepeatedMeasuresAnalysis
c0539	n	20	emlRunRepeatedMeasuresAnalysis
c0539	n_excluded	0	emlRunRepeatedMeasuresAnalysis
c0539	f	59.6905789300415	emlRunRepeatedMeasuresAnalysis
c0539	df_between	1	emlRunRepeatedMeasuresAnalysis
c0539	df_within	19	emlRunRepeatedMeasuresAnalysis
c0539	p	2.8014379320513964e-07	emlRunRepeatedMeasuresAnalysis
c0539	gg_epsilon	1	emlRunRepeatedMeasuresAnalysis
c0539	gg_p	2.8014379320513964e-07	emlRunRepeatedMeasuresAnalysis
c0539	ss_between	5.306634394200042	emlRunRepeatedMeasuresAnalysis
c0539	ss_within	1.6891451766278038	emlRunRepeatedMeasuresAnalysis
c0539	mean_jitter_pre	2.695592193038029	emlRunRepeatedMeasuresAnalysis
c0539	mean_jitter_post	1.9671256945495919	emlRunRepeatedMeasuresAnalysis
c0539	partial_eta_squared	0.7585479703117749	emlRunRepeatedMeasuresAnalysis
c0539	posthoc_jitter_pre__jitter_post_p	2.801437932051329e-07	emlRunRepeatedMeasuresAnalysis
c0539	posthoc_jitter_pre__jitter_post_padj	2.801437932051329e-07	emlRunRepeatedMeasuresAnalysis
c0539	posthoc_jitter_pre__jitter_post_diff	0.7284664984884376	emlRunRepeatedMeasuresAnalysis
c0540	n	20	emlRunFriedmanAnalysis
c0540	n_excluded	0	emlRunFriedmanAnalysis
c0540	chi_square	40	emlRunFriedmanAnalysis
c0540	df	2	emlRunFriedmanAnalysis
c0540	p	2.0611536224385566e-09	emlRunFriedmanAnalysis
c0540	kendalls_w	1	emlRunFriedmanAnalysis
c0541	n	20	emlRunFriedmanAnalysis
c0541	n_excluded	0	emlRunFriedmanAnalysis
c0541	chi_square	40	emlRunFriedmanAnalysis
c0541	df	2	emlRunFriedmanAnalysis
c0541	p	2.0611536224385566e-09	emlRunFriedmanAnalysis
c0541	kendalls_w	1	emlRunFriedmanAnalysis
c0541	posthoc_spl_soft__spl_medium_p	1.9073486328125e-06	emlRunFriedmanAnalysis
c0541	posthoc_spl_soft__spl_medium_padj	5.7220458984375e-06	emlRunFriedmanAnalysis
c0541	posthoc_spl_soft__spl_medium_diff	-10.530375000000006	emlRunFriedmanAnalysis
c0541	posthoc_spl_soft__spl_medium_ci_low	-12.731199999999994	emlRunFriedmanAnalysis
c0541	posthoc_spl_soft__spl_medium_ci_high	-9.130049999999997	emlRunFriedmanAnalysis
c0541	posthoc_spl_soft__spl_loud_p	1.9073486328125e-06	emlRunFriedmanAnalysis
c0541	posthoc_spl_soft__spl_loud_padj	5.7220458984375e-06	emlRunFriedmanAnalysis
c0541	posthoc_spl_soft__spl_loud_diff	-21.549325	emlRunFriedmanAnalysis
c0541	posthoc_spl_soft__spl_loud_ci_low	-22.945499999999996	emlRunFriedmanAnalysis
c0541	posthoc_spl_soft__spl_loud_ci_high	-20.35485	emlRunFriedmanAnalysis
c0541	posthoc_spl_medium__spl_loud_p	1.9073486328125e-06	emlRunFriedmanAnalysis
c0541	posthoc_spl_medium__spl_loud_padj	5.7220458984375e-06	emlRunFriedmanAnalysis
c0541	posthoc_spl_medium__spl_loud_diff	-11.216649999999998	emlRunFriedmanAnalysis
c0541	posthoc_spl_medium__spl_loud_ci_low	-12.587449999999997	emlRunFriedmanAnalysis
c0541	posthoc_spl_medium__spl_loud_ci_high	-8.8814	emlRunFriedmanAnalysis
c0542	n	20	emlRunFriedmanAnalysis
c0542	n_excluded	0	emlRunFriedmanAnalysis
c0542	chi_square	40	emlRunFriedmanAnalysis
c0542	df	2	emlRunFriedmanAnalysis
c0542	p	2.0611536224385566e-09	emlRunFriedmanAnalysis
c0542	kendalls_w	1	emlRunFriedmanAnalysis
c0542	posthoc_spl_soft__spl_medium_p	1.9073486328125e-06	emlRunFriedmanAnalysis
c0542	posthoc_spl_soft__spl_medium_padj	5.7220458984375e-06	emlRunFriedmanAnalysis
c0542	posthoc_spl_soft__spl_medium_diff	-10.530375000000006	emlRunFriedmanAnalysis
c0542	posthoc_spl_soft__spl_loud_p	1.9073486328125e-06	emlRunFriedmanAnalysis
c0542	posthoc_spl_soft__spl_loud_padj	5.7220458984375e-06	emlRunFriedmanAnalysis
c0542	posthoc_spl_soft__spl_loud_diff	-21.549325	emlRunFriedmanAnalysis
c0542	posthoc_spl_medium__spl_loud_p	1.9073486328125e-06	emlRunFriedmanAnalysis
c0542	posthoc_spl_medium__spl_loud_padj	5.7220458984375e-06	emlRunFriedmanAnalysis
c0542	posthoc_spl_medium__spl_loud_diff	-11.216649999999998	emlRunFriedmanAnalysis
c0543	n	20	emlRunFriedmanAnalysis
c0543	n_excluded	0	emlRunFriedmanAnalysis
c0543	chi_square	40	emlRunFriedmanAnalysis
c0543	df	2	emlRunFriedmanAnalysis
c0543	p	2.0611536224385566e-09	emlRunFriedmanAnalysis
c0543	kendalls_w	1	emlRunFriedmanAnalysis
c0543	posthoc_spl_soft__spl_medium_p	1.9073486328125e-06	emlRunFriedmanAnalysis
c0543	posthoc_spl_soft__spl_medium_padj	1.9073486328125e-06	emlRunFriedmanAnalysis
c0543	posthoc_spl_soft__spl_medium_diff	-10.530375000000006	emlRunFriedmanAnalysis
c0543	posthoc_spl_soft__spl_loud_p	1.9073486328125e-06	emlRunFriedmanAnalysis
c0543	posthoc_spl_soft__spl_loud_padj	1.9073486328125e-06	emlRunFriedmanAnalysis
c0543	posthoc_spl_soft__spl_loud_diff	-21.549325	emlRunFriedmanAnalysis
c0543	posthoc_spl_medium__spl_loud_p	1.9073486328125e-06	emlRunFriedmanAnalysis
c0543	posthoc_spl_medium__spl_loud_padj	1.9073486328125e-06	emlRunFriedmanAnalysis
c0543	posthoc_spl_medium__spl_loud_diff	-11.216649999999998	emlRunFriedmanAnalysis
c0544	n	20	emlRunFriedmanAnalysis
c0544	n_excluded	0	emlRunFriedmanAnalysis
c0544	chi_square	40	emlRunFriedmanAnalysis
c0544	df	2	emlRunFriedmanAnalysis
c0544	p	2.0611536224385566e-09	emlRunFriedmanAnalysis
c0544	kendalls_w	1	emlRunFriedmanAnalysis
c0545	n	20	emlRunFriedmanAnalysis
c0545	n_excluded	0	emlRunFriedmanAnalysis
c0545	chi_square	40	emlRunFriedmanAnalysis
c0545	df	2	emlRunFriedmanAnalysis
c0545	p	2.0611536224385566e-09	emlRunFriedmanAnalysis
c0545	kendalls_w	1	emlRunFriedmanAnalysis
c0545	posthoc_spl_loud__spl_medium_p	1.9073486328125e-06	emlRunFriedmanAnalysis
c0545	posthoc_spl_loud__spl_medium_padj	5.7220458984375e-06	emlRunFriedmanAnalysis
c0545	posthoc_spl_loud__spl_medium_diff	11.216649999999998	emlRunFriedmanAnalysis
c0545	posthoc_spl_loud__spl_medium_ci_low	8.8814	emlRunFriedmanAnalysis
c0545	posthoc_spl_loud__spl_medium_ci_high	12.587449999999997	emlRunFriedmanAnalysis
c0545	posthoc_spl_loud__spl_soft_p	1.9073486328125e-06	emlRunFriedmanAnalysis
c0545	posthoc_spl_loud__spl_soft_padj	5.7220458984375e-06	emlRunFriedmanAnalysis
c0545	posthoc_spl_loud__spl_soft_diff	21.549325	emlRunFriedmanAnalysis
c0545	posthoc_spl_loud__spl_soft_ci_low	20.35485	emlRunFriedmanAnalysis
c0545	posthoc_spl_loud__spl_soft_ci_high	22.945499999999996	emlRunFriedmanAnalysis
c0545	posthoc_spl_medium__spl_soft_p	1.9073486328125e-06	emlRunFriedmanAnalysis
c0545	posthoc_spl_medium__spl_soft_padj	5.7220458984375e-06	emlRunFriedmanAnalysis
c0545	posthoc_spl_medium__spl_soft_diff	10.530375000000006	emlRunFriedmanAnalysis
c0545	posthoc_spl_medium__spl_soft_ci_low	9.130049999999997	emlRunFriedmanAnalysis
c0545	posthoc_spl_medium__spl_soft_ci_high	12.731199999999994	emlRunFriedmanAnalysis
c0546	n	20	emlRunFriedmanAnalysis
c0546	n_excluded	0	emlRunFriedmanAnalysis
c0546	chi_square	40	emlRunFriedmanAnalysis
c0546	df	2	emlRunFriedmanAnalysis
c0546	p	2.0611536224385566e-09	emlRunFriedmanAnalysis
c0546	kendalls_w	1	emlRunFriedmanAnalysis
c0546	posthoc_spl_loud__spl_medium_p	1.9073486328125e-06	emlRunFriedmanAnalysis
c0546	posthoc_spl_loud__spl_medium_padj	5.7220458984375e-06	emlRunFriedmanAnalysis
c0546	posthoc_spl_loud__spl_medium_diff	11.216649999999998	emlRunFriedmanAnalysis
c0546	posthoc_spl_loud__spl_soft_p	1.9073486328125e-06	emlRunFriedmanAnalysis
c0546	posthoc_spl_loud__spl_soft_padj	5.7220458984375e-06	emlRunFriedmanAnalysis
c0546	posthoc_spl_loud__spl_soft_diff	21.549325	emlRunFriedmanAnalysis
c0546	posthoc_spl_medium__spl_soft_p	1.9073486328125e-06	emlRunFriedmanAnalysis
c0546	posthoc_spl_medium__spl_soft_padj	5.7220458984375e-06	emlRunFriedmanAnalysis
c0546	posthoc_spl_medium__spl_soft_diff	10.530375000000006	emlRunFriedmanAnalysis
c0547	n	20	emlRunFriedmanAnalysis
c0547	n_excluded	0	emlRunFriedmanAnalysis
c0547	chi_square	40	emlRunFriedmanAnalysis
c0547	df	2	emlRunFriedmanAnalysis
c0547	p	2.0611536224385566e-09	emlRunFriedmanAnalysis
c0547	kendalls_w	1	emlRunFriedmanAnalysis
c0547	posthoc_spl_loud__spl_medium_p	1.9073486328125e-06	emlRunFriedmanAnalysis
c0547	posthoc_spl_loud__spl_medium_padj	1.9073486328125e-06	emlRunFriedmanAnalysis
c0547	posthoc_spl_loud__spl_medium_diff	11.216649999999998	emlRunFriedmanAnalysis
c0547	posthoc_spl_loud__spl_soft_p	1.9073486328125e-06	emlRunFriedmanAnalysis
c0547	posthoc_spl_loud__spl_soft_padj	1.9073486328125e-06	emlRunFriedmanAnalysis
c0547	posthoc_spl_loud__spl_soft_diff	21.549325	emlRunFriedmanAnalysis
c0547	posthoc_spl_medium__spl_soft_p	1.9073486328125e-06	emlRunFriedmanAnalysis
c0547	posthoc_spl_medium__spl_soft_padj	1.9073486328125e-06	emlRunFriedmanAnalysis
c0547	posthoc_spl_medium__spl_soft_diff	10.530375000000006	emlRunFriedmanAnalysis
c0548	n	4	emlRunFriedmanAnalysis
c0548	n_excluded	0	emlRunFriedmanAnalysis
c0548	chi_square	8	emlRunFriedmanAnalysis
c0548	df	2	emlRunFriedmanAnalysis
c0548	p	0.018315638888734182	emlRunFriedmanAnalysis
c0548	kendalls_w	1	emlRunFriedmanAnalysis
c0549	n	4	emlRunFriedmanAnalysis
c0549	n_excluded	0	emlRunFriedmanAnalysis
c0549	chi_square	8	emlRunFriedmanAnalysis
c0549	df	2	emlRunFriedmanAnalysis
c0549	p	0.018315638888734182	emlRunFriedmanAnalysis
c0549	kendalls_w	1	emlRunFriedmanAnalysis
c0549	posthoc_soft__medium_p	0.07186063822585156	emlRunFriedmanAnalysis
c0549	posthoc_soft__medium_padj	0.2155819146775547	emlRunFriedmanAnalysis
c0549	posthoc_soft__medium_diff	-10	emlRunFriedmanAnalysis
c0549	posthoc_soft__medium_ci_low_undefined	1	emlRunFriedmanAnalysis
c0549	posthoc_soft__medium_ci_high_undefined	1	emlRunFriedmanAnalysis
c0549	posthoc_soft__loud_p	0.07186063822585156	emlRunFriedmanAnalysis
c0549	posthoc_soft__loud_padj	0.2155819146775547	emlRunFriedmanAnalysis
c0549	posthoc_soft__loud_diff	-20	emlRunFriedmanAnalysis
c0549	posthoc_soft__loud_ci_low_undefined	1	emlRunFriedmanAnalysis
c0549	posthoc_soft__loud_ci_high_undefined	1	emlRunFriedmanAnalysis
c0549	posthoc_medium__loud_p	0.07186063822585156	emlRunFriedmanAnalysis
c0549	posthoc_medium__loud_padj	0.2155819146775547	emlRunFriedmanAnalysis
c0549	posthoc_medium__loud_diff	-10	emlRunFriedmanAnalysis
c0549	posthoc_medium__loud_ci_low_undefined	1	emlRunFriedmanAnalysis
c0549	posthoc_medium__loud_ci_high_undefined	1	emlRunFriedmanAnalysis
c0550	n	4	emlRunFriedmanAnalysis
c0550	n_excluded	0	emlRunFriedmanAnalysis
c0550	chi_square	8	emlRunFriedmanAnalysis
c0550	df	2	emlRunFriedmanAnalysis
c0550	p	0.018315638888734182	emlRunFriedmanAnalysis
c0550	kendalls_w	1	emlRunFriedmanAnalysis
c0550	posthoc_soft__medium_p	0.07186063822585156	emlRunFriedmanAnalysis
c0550	posthoc_soft__medium_padj	0.2155819146775547	emlRunFriedmanAnalysis
c0550	posthoc_soft__medium_diff	-10	emlRunFriedmanAnalysis
c0550	posthoc_soft__loud_p	0.07186063822585156	emlRunFriedmanAnalysis
c0550	posthoc_soft__loud_padj	0.2155819146775547	emlRunFriedmanAnalysis
c0550	posthoc_soft__loud_diff	-20	emlRunFriedmanAnalysis
c0550	posthoc_medium__loud_p	0.07186063822585156	emlRunFriedmanAnalysis
c0550	posthoc_medium__loud_padj	0.2155819146775547	emlRunFriedmanAnalysis
c0550	posthoc_medium__loud_diff	-10	emlRunFriedmanAnalysis
c0551	n	4	emlRunFriedmanAnalysis
c0551	n_excluded	0	emlRunFriedmanAnalysis
c0551	chi_square	8	emlRunFriedmanAnalysis
c0551	df	2	emlRunFriedmanAnalysis
c0551	p	0.018315638888734182	emlRunFriedmanAnalysis
c0551	kendalls_w	1	emlRunFriedmanAnalysis
c0551	posthoc_soft__medium_p	0.07186063822585156	emlRunFriedmanAnalysis
c0551	posthoc_soft__medium_padj	0.07186063822585156	emlRunFriedmanAnalysis
c0551	posthoc_soft__medium_diff	-10	emlRunFriedmanAnalysis
c0551	posthoc_soft__loud_p	0.07186063822585156	emlRunFriedmanAnalysis
c0551	posthoc_soft__loud_padj	0.07186063822585156	emlRunFriedmanAnalysis
c0551	posthoc_soft__loud_diff	-20	emlRunFriedmanAnalysis
c0551	posthoc_medium__loud_p	0.07186063822585156	emlRunFriedmanAnalysis
c0551	posthoc_medium__loud_padj	0.07186063822585156	emlRunFriedmanAnalysis
c0551	posthoc_medium__loud_diff	-10	emlRunFriedmanAnalysis
c0552	n	2	emlRunFriedmanAnalysis
c0552	n_excluded	0	emlRunFriedmanAnalysis
c0552	chi_square	4	emlRunFriedmanAnalysis
c0552	df	2	emlRunFriedmanAnalysis
c0552	p	0.1353352832366127	emlRunFriedmanAnalysis
c0552	kendalls_w	1	emlRunFriedmanAnalysis
c0553	n	2	emlRunFriedmanAnalysis
c0553	n_excluded	0	emlRunFriedmanAnalysis
c0553	chi_square	4	emlRunFriedmanAnalysis
c0553	df	2	emlRunFriedmanAnalysis
c0553	p	0.1353352832366127	emlRunFriedmanAnalysis
c0553	kendalls_w	1	emlRunFriedmanAnalysis
c0553	posthoc_soft__medium_p	0.5	emlRunFriedmanAnalysis
c0553	posthoc_soft__medium_padj	1	emlRunFriedmanAnalysis
c0553	posthoc_soft__medium_diff	-4.5	emlRunFriedmanAnalysis
c0553	posthoc_soft__medium_ci_low	-5	emlRunFriedmanAnalysis
c0553	posthoc_soft__medium_ci_high	-4	emlRunFriedmanAnalysis
c0553	posthoc_soft__loud_p	0.5	emlRunFriedmanAnalysis
c0553	posthoc_soft__loud_padj	1	emlRunFriedmanAnalysis
c0553	posthoc_soft__loud_diff	-10.5	emlRunFriedmanAnalysis
c0553	posthoc_soft__loud_ci_low	-11	emlRunFriedmanAnalysis
c0553	posthoc_soft__loud_ci_high	-10	emlRunFriedmanAnalysis
c0553	posthoc_medium__loud_p	0.5	emlRunFriedmanAnalysis
c0553	posthoc_medium__loud_padj	1	emlRunFriedmanAnalysis
c0553	posthoc_medium__loud_diff	-6	emlRunFriedmanAnalysis
c0553	posthoc_medium__loud_ci_low	-7	emlRunFriedmanAnalysis
c0553	posthoc_medium__loud_ci_high	-5	emlRunFriedmanAnalysis
c0554	n	2	emlRunFriedmanAnalysis
c0554	n_excluded	0	emlRunFriedmanAnalysis
c0554	chi_square	4	emlRunFriedmanAnalysis
c0554	df	2	emlRunFriedmanAnalysis
c0554	p	0.1353352832366127	emlRunFriedmanAnalysis
c0554	kendalls_w	1	emlRunFriedmanAnalysis
c0554	posthoc_soft__medium_p	0.5	emlRunFriedmanAnalysis
c0554	posthoc_soft__medium_padj	1	emlRunFriedmanAnalysis
c0554	posthoc_soft__medium_diff	-4.5	emlRunFriedmanAnalysis
c0554	posthoc_soft__loud_p	0.5	emlRunFriedmanAnalysis
c0554	posthoc_soft__loud_padj	1	emlRunFriedmanAnalysis
c0554	posthoc_soft__loud_diff	-10.5	emlRunFriedmanAnalysis
c0554	posthoc_medium__loud_p	0.5	emlRunFriedmanAnalysis
c0554	posthoc_medium__loud_padj	1	emlRunFriedmanAnalysis
c0554	posthoc_medium__loud_diff	-6	emlRunFriedmanAnalysis
c0555	n	2	emlRunFriedmanAnalysis
c0555	n_excluded	0	emlRunFriedmanAnalysis
c0555	chi_square	4	emlRunFriedmanAnalysis
c0555	df	2	emlRunFriedmanAnalysis
c0555	p	0.1353352832366127	emlRunFriedmanAnalysis
c0555	kendalls_w	1	emlRunFriedmanAnalysis
c0555	posthoc_soft__medium_p	0.5	emlRunFriedmanAnalysis
c0555	posthoc_soft__medium_padj	0.5	emlRunFriedmanAnalysis
c0555	posthoc_soft__medium_diff	-4.5	emlRunFriedmanAnalysis
c0555	posthoc_soft__loud_p	0.5	emlRunFriedmanAnalysis
c0555	posthoc_soft__loud_padj	0.5	emlRunFriedmanAnalysis
c0555	posthoc_soft__loud_diff	-10.5	emlRunFriedmanAnalysis
c0555	posthoc_medium__loud_p	0.5	emlRunFriedmanAnalysis
c0555	posthoc_medium__loud_padj	0.5	emlRunFriedmanAnalysis
c0555	posthoc_medium__loud_diff	-6	emlRunFriedmanAnalysis
c0556	n	20	emlRunFriedmanAnalysis
c0556	n_excluded	0	emlRunFriedmanAnalysis
c0556	chi_square	12.800000000000011	emlRunFriedmanAnalysis
c0556	df	1	emlRunFriedmanAnalysis
c0556	p	0.0003466193511346644	emlRunFriedmanAnalysis
c0556	kendalls_w	0.6400000000000006	emlRunFriedmanAnalysis
c0557	n	20	emlRunFriedmanAnalysis
c0557	n_excluded	0	emlRunFriedmanAnalysis
c0557	chi_square	12.800000000000011	emlRunFriedmanAnalysis
c0557	df	1	emlRunFriedmanAnalysis
c0557	p	0.0003466193511346644	emlRunFriedmanAnalysis
c0557	kendalls_w	0.6400000000000006	emlRunFriedmanAnalysis
c0557	posthoc_jitter_pre__jitter_post_p	9.5367431640625e-06	emlRunFriedmanAnalysis
c0557	posthoc_jitter_pre__jitter_post_padj	9.5367431640625e-06	emlRunFriedmanAnalysis
c0557	posthoc_jitter_pre__jitter_post_diff	0.7562942799022089	emlRunFriedmanAnalysis
c0557	posthoc_jitter_pre__jitter_post_ci_low	0.5517313813600824	emlRunFriedmanAnalysis
c0557	posthoc_jitter_pre__jitter_post_ci_high	0.9356040365404837	emlRunFriedmanAnalysis
c0558	n	20	emlRunFriedmanAnalysis
c0558	n_excluded	0	emlRunFriedmanAnalysis
c0558	chi_square	12.800000000000011	emlRunFriedmanAnalysis
c0558	df	1	emlRunFriedmanAnalysis
c0558	p	0.0003466193511346644	emlRunFriedmanAnalysis
c0558	kendalls_w	0.6400000000000006	emlRunFriedmanAnalysis
c0558	posthoc_jitter_pre__jitter_post_p	9.5367431640625e-06	emlRunFriedmanAnalysis
c0558	posthoc_jitter_pre__jitter_post_padj	9.5367431640625e-06	emlRunFriedmanAnalysis
c0558	posthoc_jitter_pre__jitter_post_diff	0.7562942799022089	emlRunFriedmanAnalysis
c0559	n	20	emlRunFriedmanAnalysis
c0559	n_excluded	0	emlRunFriedmanAnalysis
c0559	chi_square	12.800000000000011	emlRunFriedmanAnalysis
c0559	df	1	emlRunFriedmanAnalysis
c0559	p	0.0003466193511346644	emlRunFriedmanAnalysis
c0559	kendalls_w	0.6400000000000006	emlRunFriedmanAnalysis
c0559	posthoc_jitter_pre__jitter_post_p	9.5367431640625e-06	emlRunFriedmanAnalysis
c0559	posthoc_jitter_pre__jitter_post_padj	9.5367431640625e-06	emlRunFriedmanAnalysis
c0559	posthoc_jitter_pre__jitter_post_diff	0.7562942799022089	emlRunFriedmanAnalysis
c0560	refused	1	emlRunRepeatedMeasuresAnalysis
c0560	refuse_reason	Every value in every condition is identical, so there is no variance to partition.	emlRunRepeatedMeasuresAnalysis
c0561	n	6	emlRunFriedmanAnalysis
c0561	n_excluded	0	emlRunFriedmanAnalysis
c0561	chi_square	0	emlRunFriedmanAnalysis
c0561	df	2	emlRunFriedmanAnalysis
c0561	p	1	emlRunFriedmanAnalysis
c0561	kendalls_w	0	emlRunFriedmanAnalysis
c0561	posthoc_spl_soft__spl_medium_p_undefined	1	emlRunFriedmanAnalysis
c0561	posthoc_spl_soft__spl_medium_padj_undefined	1	emlRunFriedmanAnalysis
c0561	posthoc_spl_soft__spl_medium_diff	0	emlRunFriedmanAnalysis
c0561	posthoc_spl_soft__spl_loud_p_undefined	1	emlRunFriedmanAnalysis
c0561	posthoc_spl_soft__spl_loud_padj_undefined	1	emlRunFriedmanAnalysis
c0561	posthoc_spl_soft__spl_loud_diff	0	emlRunFriedmanAnalysis
c0561	posthoc_spl_medium__spl_loud_p_undefined	1	emlRunFriedmanAnalysis
c0561	posthoc_spl_medium__spl_loud_padj_undefined	1	emlRunFriedmanAnalysis
c0561	posthoc_spl_medium__spl_loud_diff	0	emlRunFriedmanAnalysis
c0562	refused	1	emlRunRepeatedMeasuresAnalysis
c0562	refuse_reason	The subject x condition residual is zero: every subject shows exactly the same pattern across conditions. The error term for the F test is therefore zero and F is undefined. Data that behaves this way is usually simulated, already averaged, or derived from one of its own columns. Assessed on 4 of 5 rows. N excluded 1 -- a row is used only when every column in the comparison has a value, which is what keeps the pairing intact. Treated as missing data. SPL_soft: 1 cell(s) are not numeric in any locale (row 3: n/a). Unrecognized nonnumeric token; excluded.	emlRunRepeatedMeasuresAnalysis
c0563	n	4	emlRunFriedmanAnalysis
c0563	n_excluded	1	emlRunFriedmanAnalysis
c0563	chi_square	8	emlRunFriedmanAnalysis
c0563	df	2	emlRunFriedmanAnalysis
c0563	p	0.018315638888734182	emlRunFriedmanAnalysis
c0563	kendalls_w	1	emlRunFriedmanAnalysis
c0563	posthoc_spl_soft__spl_medium_p	0.07186063822585156	emlRunFriedmanAnalysis
c0563	posthoc_spl_soft__spl_medium_padj	0.2155819146775547	emlRunFriedmanAnalysis
c0563	posthoc_spl_soft__spl_medium_diff	-10	emlRunFriedmanAnalysis
c0563	posthoc_spl_soft__spl_loud_p	0.07186063822585156	emlRunFriedmanAnalysis
c0563	posthoc_spl_soft__spl_loud_padj	0.2155819146775547	emlRunFriedmanAnalysis
c0563	posthoc_spl_soft__spl_loud_diff	-20	emlRunFriedmanAnalysis
c0563	posthoc_spl_medium__spl_loud_p	0.07186063822585156	emlRunFriedmanAnalysis
c0563	posthoc_spl_medium__spl_loud_padj	0.2155819146775547	emlRunFriedmanAnalysis
c0563	posthoc_spl_medium__spl_loud_diff	-10	emlRunFriedmanAnalysis
c0566	alpha	0.8493397358943577	emlCronbachAlpha
c0566	alpha_ci_low	0.7518199836602205	emlCronbachAlpha
c0566	alpha_ci_high	0.9176253888333022	emlCronbachAlpha
c0566	n	24	emlCronbachAlpha
c0566	k	5	emlCronbachAlpha
c0566	n_excluded	0	emlCronbachAlpha
c0566	alpha_if_deleted_item1	0.8649845064187693	emlCronbachAlpha
c0566	alpha_if_deleted_item2	0.809044256665509	emlCronbachAlpha
c0566	alpha_if_deleted_item3	0.7639026695015355	emlCronbachAlpha
c0566	alpha_if_deleted_item4	0.828163466272772	emlCronbachAlpha
c0566	alpha_if_deleted_item5	0.814883433688436	emlCronbachAlpha
c0567	alpha	0.8493397358943577	emlCronbachAlpha
c0567	alpha_ci_low	0.7271721302911083	emlCronbachAlpha
c0567	alpha_ci_high	0.926969614607198	emlCronbachAlpha
c0567	n	24	emlCronbachAlpha
c0567	k	5	emlCronbachAlpha
c0567	n_excluded	0	emlCronbachAlpha
c0567	alpha_if_deleted_item1	0.8649845064187693	emlCronbachAlpha
c0567	alpha_if_deleted_item2	0.809044256665509	emlCronbachAlpha
c0567	alpha_if_deleted_item3	0.7639026695015355	emlCronbachAlpha
c0567	alpha_if_deleted_item4	0.828163466272772	emlCronbachAlpha
c0567	alpha_if_deleted_item5	0.814883433688436	emlCronbachAlpha
c0568	alpha	0.8493397358943577	emlCronbachAlpha
c0568	alpha_ci_low	0.6729382044477892	emlCronbachAlpha
c0568	alpha_ci_high	0.9428477469167071	emlCronbachAlpha
c0568	n	24	emlCronbachAlpha
c0568	k	5	emlCronbachAlpha
c0568	n_excluded	0	emlCronbachAlpha
c0568	alpha_if_deleted_item1	0.8649845064187693	emlCronbachAlpha
c0568	alpha_if_deleted_item2	0.809044256665509	emlCronbachAlpha
c0568	alpha_if_deleted_item3	0.7639026695015355	emlCronbachAlpha
c0568	alpha_if_deleted_item4	0.828163466272772	emlCronbachAlpha
c0568	alpha_if_deleted_item5	0.814883433688436	emlCronbachAlpha
c0569	alpha	0.28685258964143445	emlCronbachAlpha
c0569	alpha_ci_low	-1.0095998172175373	emlCronbachAlpha
c0569	alpha_ci_high	0.7469251218357993	emlCronbachAlpha
c0569	n	12	emlCronbachAlpha
c0569	k	2	emlCronbachAlpha
c0569	n_excluded	0	emlCronbachAlpha
c0569	alpha_if_deleted_item1_undefined	1	emlCronbachAlpha
c0569	alpha_if_deleted_item2_undefined	1	emlCronbachAlpha
c0570	alpha	0.28685258964143445	emlCronbachAlpha
c0570	alpha_ci_low	-1.4772594826468493	emlCronbachAlpha
c0570	alpha_ci_high	0.7947008650229355	emlCronbachAlpha
c0570	n	12	emlCronbachAlpha
c0570	k	2	emlCronbachAlpha
c0570	n_excluded	0	emlCronbachAlpha
c0570	alpha_if_deleted_item1_undefined	1	emlCronbachAlpha
c0570	alpha_if_deleted_item2_undefined	1	emlCronbachAlpha
c0571	alpha	0.28685258964143445	emlCronbachAlpha
c0571	alpha_ci_low	-2.7937068016869224	emlCronbachAlpha
c0571	alpha_ci_high	0.8659413456319339	emlCronbachAlpha
c0571	n	12	emlCronbachAlpha
c0571	k	2	emlCronbachAlpha
c0571	n_excluded	0	emlCronbachAlpha
c0571	alpha_if_deleted_item1_undefined	1	emlCronbachAlpha
c0571	alpha_if_deleted_item2_undefined	1	emlCronbachAlpha
c0572	alpha	0.8434293822309541	emlCronbachAlpha
c0572	alpha_ci_low	0.7333351735613671	emlCronbachAlpha
c0572	alpha_ci_high	0.9185244638495635	emlCronbachAlpha
c0572	n	21	emlCronbachAlpha
c0572	k	5	emlCronbachAlpha
c0572	n_excluded	3	emlCronbachAlpha
c0572	alpha_if_deleted_item1	0.8627678054429646	emlCronbachAlpha
c0572	alpha_if_deleted_item2	0.8106435643564357	emlCronbachAlpha
c0572	alpha_if_deleted_item3	0.7499999999999998	emlCronbachAlpha
c0572	alpha_if_deleted_item4	0.8134661628306423	emlCronbachAlpha
c0572	alpha_if_deleted_item5	0.8049414824447334	emlCronbachAlpha
c0573	alpha	0.8434293822309541	emlCronbachAlpha
c0573	alpha_ci_low	0.7049791230318669	emlCronbachAlpha
c0573	alpha_ci_high	0.9285140545042088	emlCronbachAlpha
c0573	n	21	emlCronbachAlpha
c0573	k	5	emlCronbachAlpha
c0573	n_excluded	3	emlCronbachAlpha
c0573	alpha_if_deleted_item1	0.8627678054429646	emlCronbachAlpha
c0573	alpha_if_deleted_item2	0.8106435643564357	emlCronbachAlpha
c0573	alpha_if_deleted_item3	0.7499999999999998	emlCronbachAlpha
c0573	alpha_if_deleted_item4	0.8134661628306423	emlCronbachAlpha
c0573	alpha_if_deleted_item5	0.8049414824447334	emlCronbachAlpha
c0574	alpha	0.8434293822309541	emlCronbachAlpha
c0574	alpha_ci_low	0.6420453912409133	emlCronbachAlpha
c0574	alpha_ci_high	0.9452827294278181	emlCronbachAlpha
c0574	n	21	emlCronbachAlpha
c0574	k	5	emlCronbachAlpha
c0574	n_excluded	3	emlCronbachAlpha
c0574	alpha_if_deleted_item1	0.8627678054429646	emlCronbachAlpha
c0574	alpha_if_deleted_item2	0.8106435643564357	emlCronbachAlpha
c0574	alpha_if_deleted_item3	0.7499999999999998	emlCronbachAlpha
c0574	alpha_if_deleted_item4	0.8134661628306423	emlCronbachAlpha
c0574	alpha_if_deleted_item5	0.8049414824447334	emlCronbachAlpha
c0575	alpha	-0.14101139205334817	emlCronbachAlpha
c0575	alpha_ci_low	-0.8795680971666999	emlCronbachAlpha
c0575	alpha_ci_high	0.3761436015321098	emlCronbachAlpha
c0575	n	24	emlCronbachAlpha
c0575	k	5	emlCronbachAlpha
c0575	n_excluded	0	emlCronbachAlpha
c0575	alpha_if_deleted_item1	-0.5458851391355832	emlCronbachAlpha
c0575	alpha_if_deleted_item2	-0.6610890943783945	emlCronbachAlpha
c0575	alpha_if_deleted_item3	0.7639026695015355	emlCronbachAlpha
c0575	alpha_if_deleted_item4	-1.729353233830846	emlCronbachAlpha
c0575	alpha_if_deleted_item5	-1.0431705590941258	emlCronbachAlpha
c0576	alpha	-0.14101139205334817	emlCronbachAlpha
c0576	alpha_ci_low	-1.066236304943752	emlCronbachAlpha
c0576	alpha_ci_high	0.4469112197971191	emlCronbachAlpha
c0576	n	24	emlCronbachAlpha
c0576	k	5	emlCronbachAlpha
c0576	n_excluded	0	emlCronbachAlpha
c0576	alpha_if_deleted_item1	-0.5458851391355832	emlCronbachAlpha
c0576	alpha_if_deleted_item2	-0.6610890943783945	emlCronbachAlpha
c0576	alpha_if_deleted_item3	0.7639026695015355	emlCronbachAlpha
c0576	alpha_if_deleted_item4	-1.729353233830846	emlCronbachAlpha
c0576	alpha_if_deleted_item5	-1.0431705590941258	emlCronbachAlpha
c0577	alpha	-0.14101139205334817	emlCronbachAlpha
c0577	alpha_ci_low	-1.4769718601370743	emlCronbachAlpha
c0577	alpha_ci_high	0.56716276692687	emlCronbachAlpha
c0577	n	24	emlCronbachAlpha
c0577	k	5	emlCronbachAlpha
c0577	n_excluded	0	emlCronbachAlpha
c0577	alpha_if_deleted_item1	-0.5458851391355832	emlCronbachAlpha
c0577	alpha_if_deleted_item2	-0.6610890943783945	emlCronbachAlpha
c0577	alpha_if_deleted_item3	0.7639026695015355	emlCronbachAlpha
c0577	alpha_if_deleted_item4	-1.729353233830846	emlCronbachAlpha
c0577	alpha_if_deleted_item5	-1.0431705590941258	emlCronbachAlpha
c0578	alpha	0.8098266961651918	emlCronbachAlpha
c0578	alpha_ci_low	0.6719455178429101	emlCronbachAlpha
c0578	alpha_ci_high	0.9029284427158659	emlCronbachAlpha
c0578	n	20	emlCronbachAlpha
c0578	k	5	emlCronbachAlpha
c0578	n_excluded	0	emlCronbachAlpha
c0578	alpha_if_deleted_item1	0.7813790074659639	emlCronbachAlpha
c0578	alpha_if_deleted_item2	0.7441087926917886	emlCronbachAlpha
c0578	alpha_if_deleted_item3	0.7655122655122654	emlCronbachAlpha
c0578	alpha_if_deleted_item4	0.8098713938129996	emlCronbachAlpha
c0578	alpha_if_deleted_item5	0.7588730332967435	emlCronbachAlpha
c0579	alpha	0.8098266961651918	emlCronbachAlpha
c0579	alpha_ci_low	0.636174760674951	emlCronbachAlpha
c0579	alpha_ci_high	0.915177095068319	emlCronbachAlpha
c0579	n	20	emlCronbachAlpha
c0579	k	5	emlCronbachAlpha
c0579	n_excluded	0	emlCronbachAlpha
c0579	alpha_if_deleted_item1	0.7813790074659639	emlCronbachAlpha
c0579	alpha_if_deleted_item2	0.7441087926917886	emlCronbachAlpha
c0579	alpha_if_deleted_item3	0.7655122655122654	emlCronbachAlpha
c0579	alpha_if_deleted_item4	0.8098713938129996	emlCronbachAlpha
c0579	alpha_if_deleted_item5	0.7588730332967435	emlCronbachAlpha
c0580	alpha	0.8098266961651918	emlCronbachAlpha
c0580	alpha_ci_low	0.5565196759489401	emlCronbachAlpha
c0580	alpha_ci_high	0.9356392041855635	emlCronbachAlpha
c0580	n	20	emlCronbachAlpha
c0580	k	5	emlCronbachAlpha
c0580	n_excluded	0	emlCronbachAlpha
c0580	alpha_if_deleted_item1	0.7813790074659639	emlCronbachAlpha
c0580	alpha_if_deleted_item2	0.7441087926917886	emlCronbachAlpha
c0580	alpha_if_deleted_item3	0.7655122655122654	emlCronbachAlpha
c0580	alpha_if_deleted_item4	0.8098713938129996	emlCronbachAlpha
c0580	alpha_if_deleted_item5	0.7588730332967435	emlCronbachAlpha
c0581	alpha	0.8809464404524283	emlCronbachAlpha
c0581	alpha_ci_low	0.7886590082966808	emlCronbachAlpha
c0581	alpha_ci_high	0.9418508445811001	emlCronbachAlpha
c0581	n	18	emlCronbachAlpha
c0581	k	5	emlCronbachAlpha
c0581	n_excluded	2	emlCronbachAlpha
c0581	alpha_if_deleted_item1	0.846889289178329	emlCronbachAlpha
c0581	alpha_if_deleted_item2	0.8556378600823044	emlCronbachAlpha
c0581	alpha_if_deleted_item3	0.8492481686158591	emlCronbachAlpha
c0581	alpha_if_deleted_item4	0.8779033270558695	emlCronbachAlpha
c0581	alpha_if_deleted_item5	0.8453745225045673	emlCronbachAlpha
c0582	alpha	0.8809464404524283	emlCronbachAlpha
c0582	alpha_ci_low	0.7643236092210787	emlCronbachAlpha
c0582	alpha_ci_high	0.9496627005677689	emlCronbachAlpha
c0582	n	18	emlCronbachAlpha
c0582	k	5	emlCronbachAlpha
c0582	n_excluded	2	emlCronbachAlpha
c0582	alpha_if_deleted_item1	0.846889289178329	emlCronbachAlpha
c0582	alpha_if_deleted_item2	0.8556378600823044	emlCronbachAlpha
c0582	alpha_if_deleted_item3	0.8492481686158591	emlCronbachAlpha
c0582	alpha_if_deleted_item4	0.8779033270558695	emlCronbachAlpha
c0582	alpha_if_deleted_item5	0.8453745225045673	emlCronbachAlpha
c0583	alpha	0.8809464404524283	emlCronbachAlpha
c0583	alpha_ci_low	0.7097218270605388	emlCronbachAlpha
c0583	alpha_ci_high	0.9625688511243594	emlCronbachAlpha
c0583	n	18	emlCronbachAlpha
c0583	k	5	emlCronbachAlpha
c0583	n_excluded	2	emlCronbachAlpha
c0583	alpha_if_deleted_item1	0.846889289178329	emlCronbachAlpha
c0583	alpha_if_deleted_item2	0.8556378600823044	emlCronbachAlpha
c0583	alpha_if_deleted_item3	0.8492481686158591	emlCronbachAlpha
c0583	alpha_if_deleted_item4	0.8779033270558695	emlCronbachAlpha
c0583	alpha_if_deleted_item5	0.8453745225045673	emlCronbachAlpha
c0584	alpha	0.8992248062015503	emlCronbachAlpha
c0584	alpha_ci_low	0.4816876973085159	emlCronbachAlpha
c0584	alpha_ci_high	0.9947864654305973	emlCronbachAlpha
c0584	n	3	emlCronbachAlpha
c0584	k	4	emlCronbachAlpha
c0584	n_excluded	0	emlCronbachAlpha
c0584	alpha_if_deleted_item1	0.8400000000000001	emlCronbachAlpha
c0584	alpha_if_deleted_item2	0.9107142857142858	emlCronbachAlpha
c0584	alpha_if_deleted_item3	0.84375	emlCronbachAlpha
c0584	alpha_if_deleted_item4	0.8709677419354838	emlCronbachAlpha
c0585	alpha	0.8992248062015503	emlCronbachAlpha
c0585	alpha_ci_low	0.26838663689315934	emlCronbachAlpha
c0585	alpha_ci_high	0.9974377966386407	emlCronbachAlpha
c0585	n	3	emlCronbachAlpha
c0585	k	4	emlCronbachAlpha
c0585	n_excluded	0	emlCronbachAlpha
c0585	alpha_if_deleted_item1	0.8400000000000001	emlCronbachAlpha
c0585	alpha_if_deleted_item2	0.9107142857142858	emlCronbachAlpha
c0585	alpha_if_deleted_item3	0.84375	emlCronbachAlpha
c0585	alpha_if_deleted_item4	0.8709677419354838	emlCronbachAlpha
c0586	alpha	0.8992248062015503	emlCronbachAlpha
c0586	alpha_ci_low	-0.4656851440356873	emlCronbachAlpha
c0586	alpha_ci_high	0.999494437885385	emlCronbachAlpha
c0586	n	3	emlCronbachAlpha
c0586	k	4	emlCronbachAlpha
c0586	n_excluded	0	emlCronbachAlpha
c0586	alpha_if_deleted_item1	0.8400000000000001	emlCronbachAlpha
c0586	alpha_if_deleted_item2	0.9107142857142858	emlCronbachAlpha
c0586	alpha_if_deleted_item3	0.84375	emlCronbachAlpha
c0586	alpha_if_deleted_item4	0.8709677419354838	emlCronbachAlpha
c0587	refused	1	emlCronbachAlpha
c0587	refuse_reason	Alpha needs at least 3 complete respondents; 2 arrived and 2 remained after listwise deletion.	emlCronbachAlpha
c0588	alpha	0.8493397358943577	emlAlphaInfluence
c0588	n	24	emlAlphaInfluence
c0588	k	5	emlAlphaInfluence
c0588	n_excluded	0	emlAlphaInfluence
c0588	delta_max	0.023774484010184782	emlAlphaInfluence
c0588	delta_max_row	16	emlAlphaInfluence
c0588	delta_row_1	-0.0018711634817523137	emlAlphaInfluence
c0588	delta_row_2	0.012390002886620177	emlAlphaInfluence
c0588	delta_row_3	0.0033751179877103965	emlAlphaInfluence
c0588	delta_row_4	-0.012829880929686732	emlAlphaInfluence
c0588	delta_row_5	-0.012829880929686732	emlAlphaInfluence
c0588	delta_row_6	0.007157250040002783	emlAlphaInfluence
c0588	delta_row_7	0.002236073304960895	emlAlphaInfluence
c0588	delta_row_8	-0.010086968366682436	emlAlphaInfluence
c0588	delta_row_9	0.00011358622507029459	emlAlphaInfluence
c0588	delta_row_10	0.004365545195931797	emlAlphaInfluence
c0588	delta_row_11	0.0009546291182578326	emlAlphaInfluence
c0588	delta_row_12	0.010469803967432245	emlAlphaInfluence
c0588	delta_row_13	-0.005721964385190015	emlAlphaInfluence
c0588	delta_row_14	-0.0005795456769663865	emlAlphaInfluence
c0588	delta_row_15	-0.01584112423231887	emlAlphaInfluence
c0588	delta_row_16	-0.023774484010184782	emlAlphaInfluence
c0588	delta_row_17	0.005043000806880249	emlAlphaInfluence
c0588	delta_row_18	0.007134001141440138	emlAlphaInfluence
c0588	delta_row_19	-0.021620775355377875	emlAlphaInfluence
c0588	delta_row_20	0.013076960001819016	emlAlphaInfluence
c0588	delta_row_21	0.005159843584195745	emlAlphaInfluence
c0588	delta_row_22	0.010459856496946585	emlAlphaInfluence
c0588	delta_row_23	0.0033008092504462905	emlAlphaInfluence
c0588	delta_row_24	0.008203800609326128	emlAlphaInfluence
c0589	alpha	0.28685258964143445	emlAlphaInfluence
c0589	n	12	emlAlphaInfluence
c0589	k	2	emlAlphaInfluence
c0589	n_excluded	0	emlAlphaInfluence
c0589	delta_max	0.20405650126765673	emlAlphaInfluence
c0589	delta_max_row	10	emlAlphaInfluence
c0589	delta_row_1	-0.04611184890069353	emlAlphaInfluence
c0589	delta_row_2	-0.09330420254466043	emlAlphaInfluence
c0589	delta_row_3	-0.09330420254466043	emlAlphaInfluence
c0589	delta_row_4	-0.032307135095980044	emlAlphaInfluence
c0589	delta_row_5	-0.032307135095980044	emlAlphaInfluence
c0589	delta_row_6	0.15759185480300997	emlAlphaInfluence
c0589	delta_row_7	-0.032307135095980044	emlAlphaInfluence
c0589	delta_row_8	-0.1520211289672766	emlAlphaInfluence
c0589	delta_row_9	-0.04611184890069353	emlAlphaInfluence
c0589	delta_row_10	0.20405650126765673	emlAlphaInfluence
c0589	delta_row_11	-0.04611184890069353	emlAlphaInfluence
c0589	delta_row_12	0.15759185480300997	emlAlphaInfluence
c0590	alpha	0.8434293822309538	emlAlphaInfluence
c0590	n	21	emlAlphaInfluence
c0590	k	5	emlAlphaInfluence
c0590	n_excluded	3	emlAlphaInfluence
c0590	delta_max	0.02554085944127782	emlAlphaInfluence
c0590	delta_max_row	16	emlAlphaInfluence
c0590	delta_row_1	-9.487228860760588e-05	emlAlphaInfluence
c0590	delta_row_3	0.00352545491640055	emlAlphaInfluence
c0590	delta_row_4	-0.02180016874780777	emlAlphaInfluence
c0590	delta_row_5	-0.02180016874780777	emlAlphaInfluence
c0590	delta_row_6	0.007216970492961217	emlAlphaInfluence
c0590	delta_row_8	-0.008512968857093628	emlAlphaInfluence
c0590	delta_row_9	0.001122453000895307	emlAlphaInfluence
c0590	delta_row_10	0.0044250511497954115	emlAlphaInfluence
c0590	delta_row_11	0.002273068580230131	emlAlphaInfluence
c0590	delta_row_12	0.010905001154882132	emlAlphaInfluence
c0590	delta_row_13	-0.010717939444884195	emlAlphaInfluence
c0590	delta_row_14	0.0012201070912374323	emlAlphaInfluence
c0590	delta_row_15	-0.016960409139245902	emlAlphaInfluence
c0590	delta_row_16	-0.02554085944127782	emlAlphaInfluence
c0590	delta_row_17	0.005091938264231932	emlAlphaInfluence
c0590	delta_row_18	0.009963556787844885	emlAlphaInfluence
c0590	delta_row_20	0.016582608176720193	emlAlphaInfluence
c0590	delta_row_21	0.008313800371738567	emlAlphaInfluence
c0590	delta_row_22	0.01224610523422709	emlAlphaInfluence
c0590	delta_row_23	0.0014615613442002795	emlAlphaInfluence
c0590	delta_row_24	0.007794071139314074	emlAlphaInfluence
c0591	alpha	-0.1410113920533479	emlAlphaInfluence
c0591	n	24	emlAlphaInfluence
c0591	k	5	emlAlphaInfluence
c0591	n_excluded	0	emlAlphaInfluence
c0591	delta_max	0.12296376322615515	emlAlphaInfluence
c0591	delta_max_row	19	emlAlphaInfluence
c0591	delta_row_1	0.021649939212106395	emlAlphaInfluence
c0591	delta_row_2	0.015714832148246982	emlAlphaInfluence
c0591	delta_row_3	0.05292170073127461	emlAlphaInfluence
c0591	delta_row_4	-0.04181721619407497	emlAlphaInfluence
c0591	delta_row_5	-0.04181721619407497	emlAlphaInfluence
c0591	delta_row_6	0.027902343329450074	emlAlphaInfluence
c0591	delta_row_7	0.034427865371213506	emlAlphaInfluence
c0591	delta_row_8	-0.08137617408421782	emlAlphaInfluence
c0591	delta_row_9	-0.003979820600430173	emlAlphaInfluence
c0591	delta_row_10	0.01126643357173468	emlAlphaInfluence
c0591	delta_row_11	-0.0010507051932831524	emlAlphaInfluence
c0591	delta_row_12	0.03483095854426799	emlAlphaInfluence
c0591	delta_row_13	-0.09416902031778612	emlAlphaInfluence
c0591	delta_row_14	-0.027055834837408366	emlAlphaInfluence
c0591	delta_row_15	0.002122503164459222	emlAlphaInfluence
c0591	delta_row_16	-0.02433252329056723	emlAlphaInfluence
c0591	delta_row_17	0.019201647273765776	emlAlphaInfluence
c0591	delta_row_18	-0.021053433877024075	emlAlphaInfluence
c0591	delta_row_19	-0.12296376322615515	emlAlphaInfluence
c0591	delta_row_20	0.10910883984917158	emlAlphaInfluence
c0591	delta_row_21	0.01359487184245195	emlAlphaInfluence
c0591	delta_row_22	0.05835477952434581	emlAlphaInfluence
c0591	delta_row_23	0.007559434757974104	emlAlphaInfluence
c0591	delta_row_24	0.0008868368932055115	emlAlphaInfluence
c0592	alpha	0.8098266961651918	emlAlphaInfluence
c0592	n	20	emlAlphaInfluence
c0592	k	5	emlAlphaInfluence
c0592	n_excluded	0	emlAlphaInfluence
c0592	delta_max	0.084486192033566	emlAlphaInfluence
c0592	delta_max_row	14	emlAlphaInfluence
c0592	delta_row_1	-0.0004516961651918061	emlAlphaInfluence
c0592	delta_row_2	0.003014833889453006	emlAlphaInfluence
c0592	delta_row_3	-0.032980243298330936	emlAlphaInfluence
c0592	delta_row_4	-0.022996339022334666	emlAlphaInfluence
c0592	delta_row_5	0.007331688927975866	emlAlphaInfluence
c0592	delta_row_6	-0.029146951639644314	emlAlphaInfluence
c0592	delta_row_7	0.007293926402901829	emlAlphaInfluence
c0592	delta_row_8	0.002823423930885194	emlAlphaInfluence
c0592	delta_row_9	0.0018871403127956876	emlAlphaInfluence
c0592	delta_row_10	0.003934949797541054	emlAlphaInfluence
c0592	delta_row_11	-0.035820073648635486	emlAlphaInfluence
c0592	delta_row_12	0.004478534123644962	emlAlphaInfluence
c0592	delta_row_13	-0.008264196165191806	emlAlphaInfluence
c0592	delta_row_14	0.084486192033566	emlAlphaInfluence
c0592	delta_row_15	-0.009528315943537868	emlAlphaInfluence
c0592	delta_row_16	0.003990634045580976	emlAlphaInfluence
c0592	delta_row_17	-0.004956041355167473	emlAlphaInfluence
c0592	delta_row_18	-0.005683381513470365	emlAlphaInfluence
c0592	delta_row_19	0.002823423930885194	emlAlphaInfluence
c0592	delta_row_20	0.005834782434030017	emlAlphaInfluence
c0593	alpha	0.8809464404524285	emlAlphaInfluence
c0593	n	18	emlAlphaInfluence
c0593	k	5	emlAlphaInfluence
c0593	n_excluded	2	emlAlphaInfluence
c0593	delta_max	0.03273665065001752	emlAlphaInfluence
c0593	delta_max_row	17	emlAlphaInfluence
c0593	delta_row_1	-0.021800354223880936	emlAlphaInfluence
c0593	delta_row_2	0.0026820380441381353	emlAlphaInfluence
c0593	delta_row_4	-0.000996870037785369	emlAlphaInfluence
c0593	delta_row_6	-0.0019307512480952749	emlAlphaInfluence
c0593	delta_row_7	-0.005445199283820479	emlAlphaInfluence
c0593	delta_row_8	0.0020044088428370355	emlAlphaInfluence
c0593	delta_row_9	-0.0026311621558279263	emlAlphaInfluence
c0593	delta_row_10	0.0120682005777355	emlAlphaInfluence
c0593	delta_row_11	-0.004031983971292785	emlAlphaInfluence
c0593	delta_row_12	-0.008739462796607311	emlAlphaInfluence
c0593	delta_row_13	0.004489049247607513	emlAlphaInfluence
c0593	delta_row_14	-0.021800354223880936	emlAlphaInfluence
c0593	delta_row_15	0.01305927689615105	emlAlphaInfluence
c0593	delta_row_16	0.009030518072917104	emlAlphaInfluence
c0593	delta_row_17	0.03273665065001752	emlAlphaInfluence
c0593	delta_row_18	-0.008739462796607311	emlAlphaInfluence
c0593	delta_row_19	-0.016630417013349996	emlAlphaInfluence
c0593	delta_row_20	0.0055893115729326315	emlAlphaInfluence
c0594	alpha	0.8992248062015503	emlAlphaInfluence
c0594	n	3	emlAlphaInfluence
c0594	k	4	emlAlphaInfluence
c0594	n_excluded	0	emlAlphaInfluence
c0594	delta_max	3.5658914728682323	emlAlphaInfluence
c0594	delta_max_row	1	emlAlphaInfluence
c0594	delta_row_1	-3.5658914728682323	emlAlphaInfluence
c0594	delta_row_2	0.06373815676141248	emlAlphaInfluence
c0594	delta_row_3	0.02594526182566037	emlAlphaInfluence
c0595	refused	1	emlAlphaInfluence
c0595	refuse_reason	Respondent influence needs at least 3 complete respondents (leave-one-out on fewer would rest on a single row); 2 arrived and 2 remained after listwise deletion.	emlAlphaInfluence
c0596	chi_square	5.833333333333334	emlChiSquareIndependence
c0596	df	1	emlChiSquareIndependence
c0596	p	0.015725299754505317	emlChiSquareIndependence
c0596	cramers_v	0.2886751345948129	emlChiSquareIndependence
c0596	n	70	emlChiSquareIndependence
c0596	min_expected	15	emlChiSquareIndependence
c0596	n_cells_below5	0	emlChiSquareIndependence
c0597	chi_square	4.725	emlChiSquareIndependence
c0597	df	1	emlChiSquareIndependence
c0597	p	0.02972718330605459	emlChiSquareIndependence
c0597	cramers_v	0.2886751345948129	emlChiSquareIndependence
c0597	n	70	emlChiSquareIndependence
c0597	min_expected	15	emlChiSquareIndependence
c0597	n_cells_below5	0	emlChiSquareIndependence
c0598	chi_square	1.6666666666666665	emlChiSquareIndependence
c0598	df	1	emlChiSquareIndependence
c0598	p	0.19670560245894705	emlChiSquareIndependence
c0598	cramers_v	0.408248290463863	emlChiSquareIndependence
c0598	n	10	emlChiSquareIndependence
c0598	min_expected	2	emlChiSquareIndependence
c0598	n_cells_below5	4	emlChiSquareIndependence
c0599	chi_square	0.41666666666666663	emlChiSquareIndependence
c0599	df	1	emlChiSquareIndependence
c0599	p	0.5186050164287259	emlChiSquareIndependence
c0599	cramers_v	0.408248290463863	emlChiSquareIndependence
c0599	n	10	emlChiSquareIndependence
c0599	min_expected	2	emlChiSquareIndependence
c0599	n_cells_below5	4	emlChiSquareIndependence
c0600	chi_square	10.687023279834737	emlChiSquareIndependence
c0600	df	6	emlChiSquareIndependence
c0600	p	0.09854452836137971	emlChiSquareIndependence
c0600	cramers_v	0.2110195812382777	emlChiSquareIndependence
c0600	n	120	emlChiSquareIndependence
c0600	min_expected	9.333333333333334	emlChiSquareIndependence
c0600	n_cells_below5	0	emlChiSquareIndependence
c0601	chi_square	10.687023279834737	emlChiSquareIndependence
c0601	df	6	emlChiSquareIndependence
c0601	p	0.09854452836137971	emlChiSquareIndependence
c0601	cramers_v	0.2110195812382777	emlChiSquareIndependence
c0601	n	120	emlChiSquareIndependence
c0601	min_expected	9.333333333333334	emlChiSquareIndependence
c0601	n_cells_below5	0	emlChiSquareIndependence
c0602	chi_square	9.435897435897436	emlChiSquareIndependence
c0602	df	1	emlChiSquareIndependence
c0602	p	0.002127789414946903	emlChiSquareIndependence
c0602	cramers_v	0.6405126152203485	emlChiSquareIndependence
c0602	n	23	emlChiSquareIndependence
c0602	min_expected	3.4782608695652173	emlChiSquareIndependence
c0602	n_cells_below5	2	emlChiSquareIndependence
c0603	chi_square	6.918060897435899	emlChiSquareIndependence
c0603	df	1	emlChiSquareIndependence
c0603	p	0.008532945435254716	emlChiSquareIndependence
c0603	cramers_v	0.6405126152203485	emlChiSquareIndependence
c0603	n	23	emlChiSquareIndependence
c0603	min_expected	3.4782608695652173	emlChiSquareIndependence
c0603	n_cells_below5	2	emlChiSquareIndependence
c0604	prop_hat	0.5	emlWilsonInterval
c0604	ci_low	0.3274037678851559	emlWilsonInterval
c0604	ci_high	0.6725962321148441	emlWilsonInterval
c0604	n	20	emlWilsonInterval
c0605	prop_hat	0.5	emlWilsonInterval
c0605	ci_low	0.2992980081982124	emlWilsonInterval
c0605	ci_high	0.7007019918017876	emlWilsonInterval
c0605	n	20	emlWilsonInterval
c0606	prop_hat	0.5	emlWilsonInterval
c0606	ci_low	0.25044770032177954	emlWilsonInterval
c0606	ci_high	0.7495522996782205	emlWilsonInterval
c0606	n	20	emlWilsonInterval
c0607	prop_hat	0.02	emlWilsonInterval
c0607	ci_low	0.004474564106509857	emlWilsonInterval
c0607	ci_high	0.08480529424830946	emlWilsonInterval
c0607	n	50	emlWilsonInterval
c0608	prop_hat	0.02	emlWilsonInterval
c0608	ci_low	0.003539259271646236	emlWilsonInterval
c0608	ci_high	0.1049544358963781	emlWilsonInterval
c0608	n	50	emlWilsonInterval
c0609	prop_hat	0.02	emlWilsonInterval
c0609	ci_low	0.002352480614833341	emlWilsonInterval
c0609	ci_high	0.15011352743408946	emlWilsonInterval
c0609	n	50	emlWilsonInterval
c0610	prop_hat	0.98	emlWilsonInterval
c0610	ci_low	0.9151947057516905	emlWilsonInterval
c0610	ci_high	0.9955254358934902	emlWilsonInterval
c0610	n	50	emlWilsonInterval
c0611	prop_hat	0.98	emlWilsonInterval
c0611	ci_low	0.8950455641036219	emlWilsonInterval
c0611	ci_high	0.9964607407283539	emlWilsonInterval
c0611	n	50	emlWilsonInterval
c0612	prop_hat	0.98	emlWilsonInterval
c0612	ci_low	0.8498864725659105	emlWilsonInterval
c0612	ci_high	0.9976475193851666	emlWilsonInterval
c0612	n	50	emlWilsonInterval
c0613	prop_hat	0.6	emlWilsonInterval
c0613	ci_low	0.2724831718661928	emlWilsonInterval
c0613	ci_high	0.857293527980787	emlWilsonInterval
c0613	n	5	emlWilsonInterval
c0614	prop_hat	0.6	emlWilsonInterval
c0614	ci_low	0.23072428127601297	emlWilsonInterval
c0614	ci_high	0.8823792257673521	emlWilsonInterval
c0614	n	5	emlWilsonInterval
c0615	prop_hat	0.6	emlWilsonInterval
c0615	ci_low	0.1686561980194322	emlWilsonInterval
c0615	ci_high	0.9172921377751658	emlWilsonInterval
c0615	n	5	emlWilsonInterval
c0616	prop_hat	0.7	emlWilsonInterval
c0616	ci_low	0.6756502211337365	emlWilsonInterval
c0616	ci_high	0.7232704815703592	emlWilsonInterval
c0616	n	1000	emlWilsonInterval
c0617	prop_hat	0.7	emlWilsonInterval
c0617	ci_low	0.6708761390827828	emlWilsonInterval
c0617	ci_high	0.7275931575229951	emlWilsonInterval
c0617	n	1000	emlWilsonInterval
c0618	prop_hat	0.7	emlWilsonInterval
c0618	ci_low	0.6614543259589021	emlWilsonInterval
c0618	ci_high	0.7359092080797351	emlWilsonInterval
c0618	n	1000	emlWilsonInterval
c0619	prop_hat	0	emlWilsonInterval
c0619	ci_low	0	emlWilsonInterval
c0619	ci_high	0.21294197008340698	emlWilsonInterval
c0619	n	10	emlWilsonInterval
c0620	prop_hat	0	emlWilsonInterval
c0620	ci_low	0	emlWilsonInterval
c0620	ci_high	0.27753279986288903	emlWilsonInterval
c0620	n	10	emlWilsonInterval
c0621	prop_hat	0	emlWilsonInterval
c0621	ci_low	0	emlWilsonInterval
c0621	ci_high	0.39885409330490795	emlWilsonInterval
c0621	n	10	emlWilsonInterval
c0622	prop_hat	1	emlWilsonInterval
c0622	ci_low	0.787058029916593	emlWilsonInterval
c0622	ci_high	1	emlWilsonInterval
c0622	n	10	emlWilsonInterval
c0623	prop_hat	1	emlWilsonInterval
c0623	ci_low	0.7224672001371109	emlWilsonInterval
c0623	ci_high	1	emlWilsonInterval
c0623	n	10	emlWilsonInterval
c0624	prop_hat	1	emlWilsonInterval
c0624	ci_low	0.6011459066950919	emlWilsonInterval
c0624	ci_high	1	emlWilsonInterval
c0624	n	10	emlWilsonInterval
c0625	prop_hat	0	emlWilsonInterval
c0625	ci_low	0	emlWilsonInterval
c0625	ci_high	0.35111650076510126	emlWilsonInterval
c0625	n	5	emlWilsonInterval
c0626	prop_hat	0	emlWilsonInterval
c0626	ci_low	0	emlWilsonInterval
c0626	ci_high	0.43448246478317465	emlWilsonInterval
c0626	n	5	emlWilsonInterval
c0627	prop_hat	0	emlWilsonInterval
c0627	ci_low	0	emlWilsonInterval
c0627	ci_high	0.5702583210270091	emlWilsonInterval
c0627	n	5	emlWilsonInterval
c0628	prop_hat	1	emlWilsonInterval
c0628	ci_low	0.6488834992348986	emlWilsonInterval
c0628	ci_high	1	emlWilsonInterval
c0628	n	5	emlWilsonInterval
c0629	prop_hat	1	emlWilsonInterval
c0629	ci_low	0.5655175352168255	emlWilsonInterval
c0629	ci_high	1	emlWilsonInterval
c0629	n	5	emlWilsonInterval
c0630	prop_hat	1	emlWilsonInterval
c0630	ci_low	0.42974167897299087	emlWilsonInterval
c0630	ci_high	1	emlWilsonInterval
c0630	n	5	emlWilsonInterval
c0631	f	3.1016722186311365	emlRunAnovaAnalysis
c0631	df_between	1	emlRunAnovaAnalysis
c0631	df_within	14	emlRunAnovaAnalysis
c0631	p	0.10002684121653546	emlRunAnovaAnalysis
c0631	eta_squared	0.18136660432843932	emlRunAnovaAnalysis
c0631	n	16	emlRunAnovaAnalysis
c0631	ss_between	13.401392227959342	emlRunAnovaAnalysis
c0631	ss_within	60.48978678805495	emlRunAnovaAnalysis
c0631	ss_total	73.89117901601429	emlRunAnovaAnalysis
c0631	ms_between	13.401392227959342	emlRunAnovaAnalysis
c0631	ms_within	4.320699056289639	emlRunAnovaAnalysis
c0631	posthoc_g1__g2_padj	0.10002684121653548	emlRunAnovaAnalysis
c0631	posthoc_g1__g2_diff	-1.8303956012266411	emlRunAnovaAnalysis
c0631	posthoc_g1__g2_q	2.490651408218797	emlRunAnovaAnalysis
c0631	posthoc_g1__g2_cohens_d	-0.8805782501616676	emlRunAnovaAnalysis
c0631	posthoc_g1__g2_ci_low	-4.059503643818799	emlRunAnovaAnalysis
c0631	posthoc_g1__g2_ci_high	0.3987124413655163	emlRunAnovaAnalysis
c0632	h	2.481617647058826	emlRunKruskalWallisAnalysis
c0632	df	1	emlRunKruskalWallisAnalysis
c0632	p	0.1151837315150511	emlRunKruskalWallisAnalysis
c0632	epsilon_squared	0.1654411764705884	emlRunKruskalWallisAnalysis
c0632	n	16	emlRunKruskalWallisAnalysis
c0633	f	4.1305674601178195	emlRunAnovaAnalysis
c0633	df_between	1	emlRunAnovaAnalysis
c0633	df_within	4	emlRunAnovaAnalysis
c0633	p	0.11190925075245518	emlRunAnovaAnalysis
c0633	eta_squared	0.508029418657325	emlRunAnovaAnalysis
c0633	n	6	emlRunAnovaAnalysis
c0633	ss_between	8.528209073430698	emlRunAnovaAnalysis
c0633	ss_within	8.258631924813004	emlRunAnovaAnalysis
c0633	ss_total	16.786840998243704	emlRunAnovaAnalysis
c0633	ms_between	8.528209073430698	emlRunAnovaAnalysis
c0633	ms_within	2.064657981203251	emlRunAnovaAnalysis
c0633	posthoc_g1__g2_padj	0.11190925075245521	emlRunAnovaAnalysis
c0633	posthoc_g1__g2_diff	-2.384422931365254	emlRunAnovaAnalysis
c0633	posthoc_g1__g2_q	2.8742190104853957	emlRunAnovaAnalysis
c0633	posthoc_g1__g2_cohens_d	-1.6594311194136835	emlRunAnovaAnalysis
c0633	posthoc_g1__g2_ci_low	-5.641796149617367	emlRunAnovaAnalysis
c0633	posthoc_g1__g2_ci_high	0.8729502868868582	emlRunAnovaAnalysis
c0634	h	3.857142857142854	emlRunKruskalWallisAnalysis
c0634	df	1	emlRunKruskalWallisAnalysis
c0634	p	0.0495346134356268	emlRunKruskalWallisAnalysis
c0634	epsilon_squared	0.7714285714285708	emlRunKruskalWallisAnalysis
c0634	n	6	emlRunKruskalWallisAnalysis
c0635	f	6.26975994777152	emlRunAnovaAnalysis
c0635	df_between	1	emlRunAnovaAnalysis
c0635	df_within	33	emlRunAnovaAnalysis
c0635	p	0.017403570753358945	emlRunAnovaAnalysis
c0635	eta_squared	0.1596587286530463	emlRunAnovaAnalysis
c0635	n	35	emlRunAnovaAnalysis
c0635	ss_between	31.456519011958022	emlRunAnovaAnalysis
c0635	ss_within	165.5669652493757	emlRunAnovaAnalysis
c0635	ss_total	197.02348426133372	emlRunAnovaAnalysis
c0635	ms_between	31.456519011958022	emlRunAnovaAnalysis
c0635	ms_within	5.017180765132597	emlRunAnovaAnalysis
c0635	posthoc_g1__g2_padj	0.01740357075335892	emlRunAnovaAnalysis
c0635	posthoc_g1__g2_diff	-2.709216572392016	emlRunAnovaAnalysis
c0635	posthoc_g1__g2_q	3.5411184526280746	emlRunAnovaAnalysis
c0635	posthoc_g1__g2_cohens_d	-1.209522214683697	emlRunAnovaAnalysis
c0635	posthoc_g1__g2_ci_low	-4.910516536951539	emlRunAnovaAnalysis
c0635	posthoc_g1__g2_ci_high	-0.5079166078324939	emlRunAnovaAnalysis
c0636	h	6.0088888888889045	emlRunKruskalWallisAnalysis
c0636	df	1	emlRunKruskalWallisAnalysis
c0636	p	0.014233987672982031	emlRunKruskalWallisAnalysis
c0636	epsilon_squared	0.1767320261437913	emlRunKruskalWallisAnalysis
c0636	n	35	emlRunKruskalWallisAnalysis
c0637	f	0.533496875323457	emlRunAnovaAnalysis
c0637	df_between	1	emlRunAnovaAnalysis
c0637	df_within	22	emlRunAnovaAnalysis
c0637	p	0.472847574713239	emlRunAnovaAnalysis
c0637	eta_squared	0.023675725000662996	emlRunAnovaAnalysis
c0637	n	24	emlRunAnovaAnalysis
c0637	ss_between	81.14035684807766	emlRunAnovaAnalysis
c0637	ss_within	3346.0136942234512	emlRunAnovaAnalysis
c0637	ss_total	3427.154051071529	emlRunAnovaAnalysis
c0637	ms_between	81.14035684807766	emlRunAnovaAnalysis
c0637	ms_within	152.09153155561143	emlRunAnovaAnalysis
c0637	posthoc_g1__g2_padj	0.47284757471323846	emlRunAnovaAnalysis
c0637	posthoc_g1__g2_diff	3.677416594297271	emlRunAnovaAnalysis
c0637	posthoc_g1__g2_q	1.0329538957024722	emlRunAnovaAnalysis
c0637	posthoc_g1__g2_cohens_d	0.2981881048721474	emlRunAnovaAnalysis
c0637	posthoc_g1__g2_ci_low	-6.763991331749769	emlRunAnovaAnalysis
c0637	posthoc_g1__g2_ci_high	14.118824520344312	emlRunAnovaAnalysis
c0638	h	0.013333333333335418	emlRunKruskalWallisAnalysis
c0638	df	1	emlRunKruskalWallisAnalysis
c0638	p	0.9080725552559681	emlRunKruskalWallisAnalysis
c0638	epsilon_squared	0.0005797101449276269	emlRunKruskalWallisAnalysis
c0638	n	24	emlRunKruskalWallisAnalysis
c0639	f	1.4355212355212357	emlRunAnovaAnalysis
c0639	df_between	1	emlRunAnovaAnalysis
c0639	df_within	22	emlRunAnovaAnalysis
c0639	p	0.24361420831006353	emlRunAnovaAnalysis
c0639	eta_squared	0.06125407756433491	emlRunAnovaAnalysis
c0639	n	24	emlRunAnovaAnalysis
c0639	ss_between	7.041666666666668	emlRunAnovaAnalysis
c0639	ss_within	107.91666666666667	emlRunAnovaAnalysis
c0639	ss_total	114.95833333333334	emlRunAnovaAnalysis
c0639	ms_between	7.041666666666668	emlRunAnovaAnalysis
c0639	ms_within	4.90530303030303	emlRunAnovaAnalysis
c0639	posthoc_g1__g2_padj	0.24361420831006375	emlRunAnovaAnalysis
c0639	posthoc_g1__g2_diff	-1.083333333333334	emlRunAnovaAnalysis
c0639	posthoc_g1__g2_q	1.6944150822754367	emlRunAnovaAnalysis
c0639	posthoc_g1__g2_cohens_d	-0.4891355019353426	emlRunAnovaAnalysis
c0639	posthoc_g1__g2_ci_low	-2.9584982427146507	emlRunAnovaAnalysis
c0639	posthoc_g1__g2_ci_high	0.7918315760479826	emlRunAnovaAnalysis
c0640	h	1.3623574707537487	emlRunKruskalWallisAnalysis
c0640	df	1	emlRunKruskalWallisAnalysis
c0640	p	0.24312932886739758	emlRunKruskalWallisAnalysis
c0640	epsilon_squared	0.05923293351103255	emlRunKruskalWallisAnalysis
c0640	n	24	emlRunKruskalWallisAnalysis
c0641	f	10.536314889512566	emlRunAnovaAnalysis
c0641	df_between	2	emlRunAnovaAnalysis
c0641	df_within	21	emlRunAnovaAnalysis
c0641	p	0.000678119413751947	emlRunAnovaAnalysis
c0641	eta_squared	0.5008631476022132	emlRunAnovaAnalysis
c0641	n	24	emlRunAnovaAnalysis
c0641	ss_between	61.814163962843864	emlRunAnovaAnalysis
c0641	ss_within	61.60111276248	emlRunAnovaAnalysis
c0641	ss_total	123.41527672532386	emlRunAnovaAnalysis
c0641	ms_between	30.907081981421932	emlRunAnovaAnalysis
c0641	ms_within	2.9333863220228573	emlRunAnovaAnalysis
c0641	posthoc_g1__g2_padj	0.004034052882591705	emlRunAnovaAnalysis
c0641	posthoc_g1__g2_diff	-3.130891982179431	emlRunAnovaAnalysis
c0641	posthoc_g1__g2_q	5.170451237208911	emlRunAnovaAnalysis
c0641	posthoc_g1__g2_cohens_d	-1.9226966492609718	emlRunAnovaAnalysis
c0641	posthoc_g1__g2_ci_low	-5.289398984921662	emlRunAnovaAnalysis
c0641	posthoc_g1__g2_ci_high	-0.9723849794372006	emlRunAnovaAnalysis
c0641	posthoc_g1__g3_padj	0.0010429439140987693	emlRunAnovaAnalysis
c0641	posthoc_g1__g3_diff	-3.6241573088748567	emlRunAnovaAnalysis
c0641	posthoc_g1__g3_q	5.985044756628022	emlRunAnovaAnalysis
c0641	posthoc_g1__g3_cohens_d	-2.4314199376442285	emlRunAnovaAnalysis
c0641	posthoc_g1__g3_ci_low	-5.782664311617087	emlRunAnovaAnalysis
c0641	posthoc_g1__g3_ci_high	-1.465650306132626	emlRunAnovaAnalysis
c0641	posthoc_g2__g3_padj	0.8342597278140886	emlRunAnovaAnalysis
c0641	posthoc_g2__g3_diff	-0.49326532669542544	emlRunAnovaAnalysis
c0641	posthoc_g2__g3_q	0.8145935194191112	emlRunAnovaAnalysis
c0641	posthoc_g2__g3_cohens_d	-0.24892163098638867	emlRunAnovaAnalysis
c0641	posthoc_g2__g3_ci_low	-2.651772329437656	emlRunAnovaAnalysis
c0641	posthoc_g2__g3_ci_high	1.6652416760468052	emlRunAnovaAnalysis
c0642	h	12.86	emlRunKruskalWallisAnalysis
c0642	df	2	emlRunKruskalWallisAnalysis
c0642	p	0.001612450834486684	emlRunKruskalWallisAnalysis
c0642	epsilon_squared	0.5591304347826087	emlRunKruskalWallisAnalysis
c0642	n	24	emlRunKruskalWallisAnalysis
c0643	f	0.9654987632858131	emlRunAnovaAnalysis
c0643	df_between	2	emlRunAnovaAnalysis
c0643	df_within	6	emlRunAnovaAnalysis
c0643	p	0.43298246427321607	emlRunAnovaAnalysis
c0643	eta_squared	0.2434747356939788	emlRunAnovaAnalysis
c0643	n	9	emlRunAnovaAnalysis
c0643	ss_between	6.172764552715959	emlRunAnovaAnalysis
c0643	ss_within	19.18002835666603	emlRunAnovaAnalysis
c0643	ss_total	25.35279290938199	emlRunAnovaAnalysis
c0643	ms_between	3.0863822763579796	emlRunAnovaAnalysis
c0643	ms_within	3.1966713927776715	emlRunAnovaAnalysis
c0643	posthoc_g1__g2_padj	0.4169157936072441	emlRunAnovaAnalysis
c0643	posthoc_g1__g2_diff	1.98529227465305	emlRunAnovaAnalysis
c0643	posthoc_g1__g2_q	1.9232515127870966	emlRunAnovaAnalysis
c0643	posthoc_g1__g2_cohens_d	1.2792350334706872	emlRunAnovaAnalysis
c0643	posthoc_g1__g2_ci_low	-2.493878130501794	emlRunAnovaAnalysis
c0643	posthoc_g1__g2_ci_high	6.464462679807894	emlRunAnovaAnalysis
c0643	posthoc_g1__g3_padj	0.6444926275006468	emlRunAnovaAnalysis
c0643	posthoc_g1__g3_diff	1.3536769040350887	emlRunAnovaAnalysis
c0643	posthoc_g1__g3_q	1.311374242850675	emlRunAnovaAnalysis
c0643	posthoc_g1__g3_cohens_d	0.7840436619831334	emlRunAnovaAnalysis
c0643	posthoc_g1__g3_ci_low	-3.125493501119755	emlRunAnovaAnalysis
c0643	posthoc_g1__g3_ci_high	5.832847309189932	emlRunAnovaAnalysis
c0643	posthoc_g2__g3_padj	0.9035527570338316	emlRunAnovaAnalysis
c0643	posthoc_g2__g3_diff	-0.6316153706179612	emlRunAnovaAnalysis
c0643	posthoc_g2__g3_q	0.6118772699364216	emlRunAnovaAnalysis
c0643	posthoc_g2__g3_cohens_d	-0.3081750672100291	emlRunAnovaAnalysis
c0643	posthoc_g2__g3_ci_low	-5.110785775772805	emlRunAnovaAnalysis
c0643	posthoc_g2__g3_ci_high	3.8475550345368825	emlRunAnovaAnalysis
c0644	h	1.1555555555555586	emlRunKruskalWallisAnalysis
c0644	df	2	emlRunKruskalWallisAnalysis
c0644	p	0.5611439686474887	emlRunKruskalWallisAnalysis
c0644	epsilon_squared	0.14444444444444482	emlRunKruskalWallisAnalysis
c0644	n	9	emlRunKruskalWallisAnalysis
c0645	f	11.320072277715855	emlRunAnovaAnalysis
c0645	df_between	2	emlRunAnovaAnalysis
c0645	df_within	44	emlRunAnovaAnalysis
c0645	p	0.00010808574301531455	emlRunAnovaAnalysis
c0645	eta_squared	0.33973732659897654	emlRunAnovaAnalysis
c0645	n	47	emlRunAnovaAnalysis
c0645	ss_between	73.62979907887063	emlRunAnovaAnalysis
c0645	ss_within	143.09586900111256	emlRunAnovaAnalysis
c0645	ss_total	216.7256680799832	emlRunAnovaAnalysis
c0645	ms_between	36.81489953943532	emlRunAnovaAnalysis
c0645	ms_within	3.2521788409343766	emlRunAnovaAnalysis
c0645	posthoc_g1__g2_padj	0.37586112430729607	emlRunAnovaAnalysis
c0645	posthoc_g1__g2_diff	-0.831396692179986	emlRunAnovaAnalysis
c0645	posthoc_g1__g2_q	1.9088099287646627	emlRunAnovaAnalysis
c0645	posthoc_g1__g2_cohens_d	-0.48313206857332236	emlRunAnovaAnalysis
c0645	posthoc_g1__g2_ci_low	-2.3254244370452675	emlRunAnovaAnalysis
c0645	posthoc_g1__g2_ci_high	0.6626310526852954	emlRunAnovaAnalysis
c0645	posthoc_g1__g3_padj	6.600523632938728e-05	emlRunAnovaAnalysis
c0645	posthoc_g1__g3_diff	-4.130231921605018	emlRunAnovaAnalysis
c0645	posthoc_g1__g3_q	6.705232388887364	emlRunAnovaAnalysis
c0645	posthoc_g1__g3_cohens_d	-2.2962312394124216	emlRunAnovaAnalysis
c0645	posthoc_g1__g3_ci_low	-6.243106220955189	emlRunAnovaAnalysis
c0645	posthoc_g1__g3_ci_high	-2.0173576222548473	emlRunAnovaAnalysis
c0645	posthoc_g2__g3_padj	0.0036436445143594293	emlRunAnovaAnalysis
c0645	posthoc_g2__g3_diff	-3.2988352294250323	emlRunAnovaAnalysis
c0645	posthoc_g2__g3_q	4.860037007495343	emlRunAnovaAnalysis
c0645	posthoc_g2__g3_cohens_d	-1.6361985282304528	emlRunAnovaAnalysis
c0645	posthoc_g2__g3_ci_low	-5.6271093094269995	emlRunAnovaAnalysis
c0645	posthoc_g2__g3_ci_high	-0.970561149423065	emlRunAnovaAnalysis
c0646	h	9.563297872340428	emlRunKruskalWallisAnalysis
c0646	df	2	emlRunKruskalWallisAnalysis
c0646	p	0.008382165909158343	emlRunKruskalWallisAnalysis
c0646	epsilon_squared	0.20789777983348756	emlRunKruskalWallisAnalysis
c0646	n	47	emlRunKruskalWallisAnalysis
c0647	f	7.269923107864263	emlRunAnovaAnalysis
c0647	df_between	2	emlRunAnovaAnalysis
c0647	df_within	40	emlRunAnovaAnalysis
c0647	p	0.0020273169233730516	emlRunAnovaAnalysis
c0647	eta_squared	0.2665912580357705	emlRunAnovaAnalysis
c0647	n	43	emlRunAnovaAnalysis
c0647	ss_between	49.01509671465486	emlRunAnovaAnalysis
c0647	ss_within	134.84350793650793	emlRunAnovaAnalysis
c0647	ss_total	183.8586046511628	emlRunAnovaAnalysis
c0647	ms_between	24.50754835732743	emlRunAnovaAnalysis
c0647	ms_within	3.3710876984126985	emlRunAnovaAnalysis
c0647	posthoc_g1__g2_padj	0.5198136472902842	emlRunAnovaAnalysis
c0647	posthoc_g1__g2_diff	-0.8626984126984123	emlRunAnovaAnalysis
c0647	posthoc_g1__g2_q	1.5552862265848937	emlRunAnovaAnalysis
c0647	posthoc_g1__g2_cohens_d	-0.4668466200756664	emlRunAnovaAnalysis
c0647	posthoc_g1__g2_ci_low	-2.771979375743734	emlRunAnovaAnalysis
c0647	posthoc_g1__g2_ci_high	1.0465825503469095	emlRunAnovaAnalysis
c0647	posthoc_g1__g3_padj	0.001680330484121639	emlRunAnovaAnalysis
c0647	posthoc_g1__g3_diff	-2.387142857142857	emlRunAnovaAnalysis
c0647	posthoc_g1__g3_q	5.276524262714929	emlRunAnovaAnalysis
c0647	posthoc_g1__g3_cohens_d	-1.268856928274469	emlRunAnovaAnalysis
c0647	posthoc_g1__g3_ci_low	-3.9443688338254077	emlRunAnovaAnalysis
c0647	posthoc_g1__g3_ci_high	-0.8299168804603063	emlRunAnovaAnalysis
c0647	posthoc_g2__g3_padj	0.10937238712670974	emlRunAnovaAnalysis
c0647	posthoc_g2__g3_diff	-1.5244444444444447	emlRunAnovaAnalysis
c0647	posthoc_g2__g3_q	2.925356694137328	emlRunAnovaAnalysis
c0647	posthoc_g2__g3_cohens_d	-0.8606276999864197	emlRunAnovaAnalysis
c0647	posthoc_g2__g3_ci_low	-3.3181615232903425	emlRunAnovaAnalysis
c0647	posthoc_g2__g3_ci_high	0.2692726344014533	emlRunAnovaAnalysis
c0648	h	11.496817769032814	emlRunKruskalWallisAnalysis
c0648	df	2	emlRunKruskalWallisAnalysis
c0648	p	0.0031878489992945964	emlRunKruskalWallisAnalysis
c0648	epsilon_squared	0.2737337564055432	emlRunKruskalWallisAnalysis
c0648	n	43	emlRunKruskalWallisAnalysis
c0649	f	14.41880341880342	emlRunAnovaAnalysis
c0649	df_between	2	emlRunAnovaAnalysis
c0649	df_within	39	emlRunAnovaAnalysis
c0649	p	2.051562372461393e-05	emlRunAnovaAnalysis
c0649	eta_squared	0.42509764394607535	emlRunAnovaAnalysis
c0649	n	42	emlRunAnovaAnalysis
c0649	ss_between	80.33333333333334	emlRunAnovaAnalysis
c0649	ss_within	108.64285714285714	emlRunAnovaAnalysis
c0649	ss_total	188.97619047619048	emlRunAnovaAnalysis
c0649	ms_between	40.16666666666667	emlRunAnovaAnalysis
c0649	ms_within	2.7857142857142856	emlRunAnovaAnalysis
c0649	posthoc_g1__g2_padj	0.006010084175808163	emlRunAnovaAnalysis
c0649	posthoc_g1__g2_diff	-2.071428571428571	emlRunAnovaAnalysis
c0649	posthoc_g1__g2_q	4.643716460347527	emlRunAnovaAnalysis
c0649	posthoc_g1__g2_cohens_d	-1.6509858194472646	emlRunAnovaAnalysis
c0649	posthoc_g1__g2_ci_low	-3.6083490987991285	emlRunAnovaAnalysis
c0649	posthoc_g1__g2_ci_high	-0.5345080440580137	emlRunAnovaAnalysis
c0649	posthoc_g1__g3_padj	1.3293043221996352e-05	emlRunAnovaAnalysis
c0649	posthoc_g1__g3_diff	-3.3571428571428577	emlRunAnovaAnalysis
c0649	posthoc_g1__g3_q	7.5260232288390965	emlRunAnovaAnalysis
c0649	posthoc_g1__g3_cohens_d	-1.8995043031176602	emlRunAnovaAnalysis
c0649	posthoc_g1__g3_ci_low	-4.894063384513415	emlRunAnovaAnalysis
c0649	posthoc_g1__g3_ci_high	-1.8202223297723001	emlRunAnovaAnalysis
c0649	posthoc_g2__g3_padj	0.11656928668571971	emlRunAnovaAnalysis
c0649	posthoc_g2__g3_diff	-1.2857142857142865	emlRunAnovaAnalysis
c0649	posthoc_g2__g3_q	2.88230676849157	emlRunAnovaAnalysis
c0649	posthoc_g2__g3_cohens_d	-0.6721141657021166	emlRunAnovaAnalysis
c0649	posthoc_g2__g3_ci_low	-2.8226348130848438	emlRunAnovaAnalysis
c0649	posthoc_g2__g3_ci_high	0.25120624165627103	emlRunAnovaAnalysis
c0650	h	19.448717948717952	emlRunKruskalWallisAnalysis
c0650	df	2	emlRunKruskalWallisAnalysis
c0650	p	5.980872681109714e-05	emlRunKruskalWallisAnalysis
c0650	epsilon_squared	0.47435897435897445	emlRunKruskalWallisAnalysis
c0650	n	42	emlRunKruskalWallisAnalysis
c0651	f	0.15819182588042285	emlRunAnovaAnalysis
c0651	df_between	2	emlRunAnovaAnalysis
c0651	df_within	57	emlRunAnovaAnalysis
c0651	p	0.8540595006623957	emlRunAnovaAnalysis
c0651	eta_squared	0.005519951392661283	emlRunAnovaAnalysis
c0651	n	60	emlRunAnovaAnalysis
c0651	ss_between	35.693203339896954	emlRunAnovaAnalysis
c0651	ss_within	6430.523761423722	emlRunAnovaAnalysis
c0651	ss_total	6466.216964763619	emlRunAnovaAnalysis
c0651	ms_between	17.846601669948477	emlRunAnovaAnalysis
c0651	ms_within	112.81620634076705	emlRunAnovaAnalysis
c0651	posthoc_g1__g2_padj	0.9619654511094166	emlRunAnovaAnalysis
c0651	posthoc_g1__g2_diff	-0.8911424530612013	emlRunAnovaAnalysis
c0651	posthoc_g1__g2_q	0.3752117114228203	emlRunAnovaAnalysis
c0651	posthoc_g1__g2_cohens_d	-0.48552891393469044	emlRunAnovaAnalysis
c0651	posthoc_g1__g2_ci_low	-8.973849556790954	emlRunAnovaAnalysis
c0651	posthoc_g1__g2_ci_high	7.1915646506685516	emlRunAnovaAnalysis
c0651	posthoc_g1__g3_padj	0.8406335639486404	emlRunAnovaAnalysis
c0651	posthoc_g1__g3_diff	-1.8882732389906653	emlRunAnovaAnalysis
c0651	posthoc_g1__g3_q	0.79504935625252	emlRunAnovaAnalysis
c0651	posthoc_g1__g3_cohens_d	-0.14594190910605565	emlRunAnovaAnalysis
c0651	posthoc_g1__g3_ci_low	-9.970980342720418	emlRunAnovaAnalysis
c0651	posthoc_g1__g3_ci_high	6.1944338647390875	emlRunAnovaAnalysis
c0651	posthoc_g2__g3_padj	0.9526202594664742	emlRunAnovaAnalysis
c0651	posthoc_g2__g3_diff	-0.997130785929464	emlRunAnovaAnalysis
c0651	posthoc_g2__g3_q	0.41983764482969976	emlRunAnovaAnalysis
c0651	posthoc_g2__g3_cohens_d	-0.07700495856164372	emlRunAnovaAnalysis
c0651	posthoc_g2__g3_ci_low	-9.079837889659217	emlRunAnovaAnalysis
c0651	posthoc_g2__g3_ci_high	7.085576317800289	emlRunAnovaAnalysis
c0652	h	2.4652459016393493	emlRunKruskalWallisAnalysis
c0652	df	2	emlRunKruskalWallisAnalysis
c0652	p	0.2915269132137401	emlRunKruskalWallisAnalysis
c0652	epsilon_squared	0.041783828841344905	emlRunKruskalWallisAnalysis
c0652	n	60	emlRunKruskalWallisAnalysis
c0653	f	0.19425606262310469	emlRunAnovaAnalysis
c0653	df_between	2	emlRunAnovaAnalysis
c0653	df_within	27	emlRunAnovaAnalysis
c0653	p	0.8245877466139921	emlRunAnovaAnalysis
c0653	eta_squared	0.014185222018252182	emlRunAnovaAnalysis
c0653	n	30	emlRunAnovaAnalysis
c0653	ss_between	1.2397735636841882	emlRunAnovaAnalysis
c0653	ss_within	86.15918022702608	emlRunAnovaAnalysis
c0653	ss_total	87.39895379071027	emlRunAnovaAnalysis
c0653	ms_between	0.6198867818420941	emlRunAnovaAnalysis
c0653	ms_within	3.191080749149114	emlRunAnovaAnalysis
c0653	posthoc_g1__g2_padj	0.8380092638044083	emlRunAnovaAnalysis
c0653	posthoc_g1__g2_diff	-0.4539501728549791	emlRunAnovaAnalysis
c0653	posthoc_g1__g2_q	0.8035988171222801	emlRunAnovaAnalysis
c0653	posthoc_g1__g2_cohens_d	-0.36340229560837517	emlRunAnovaAnalysis
c0653	posthoc_g1__g2_ci_low	-2.4347180770437093	emlRunAnovaAnalysis
c0653	posthoc_g1__g2_ci_high	1.526817731333751	emlRunAnovaAnalysis
c0653	posthoc_g1__g3_padj	0.8690705552739929	emlRunAnovaAnalysis
c0653	posthoc_g1__g3_diff	-0.40421211691584347	emlRunAnovaAnalysis
c0653	posthoc_g1__g3_q	0.7155507331943113	emlRunAnovaAnalysis
c0653	posthoc_g1__g3_cohens_d	-0.1953470369413222	emlRunAnovaAnalysis
c0653	posthoc_g1__g3_ci_low	-2.3849800211045737	emlRunAnovaAnalysis
c0653	posthoc_g1__g3_ci_high	1.5765557872728866	emlRunAnovaAnalysis
c0653	posthoc_g2__g3_padj	0.9978653904511842	emlRunAnovaAnalysis
c0653	posthoc_g2__g3_diff	0.049738055939135606	emlRunAnovaAnalysis
c0653	posthoc_g2__g3_q	0.08804808392796887	emlRunAnovaAnalysis
c0653	posthoc_g2__g3_cohens_d	0.0257491277950633	emlRunAnovaAnalysis
c0653	posthoc_g2__g3_ci_low	-1.9310298482495944	emlRunAnovaAnalysis
c0653	posthoc_g2__g3_ci_high	2.030505960127866	emlRunAnovaAnalysis
c0654	h	0.37935483870967346	emlRunKruskalWallisAnalysis
c0654	df	2	emlRunKruskalWallisAnalysis
c0654	p	0.8272259379849096	emlRunKruskalWallisAnalysis
c0654	epsilon_squared	0.013081201334816326	emlRunKruskalWallisAnalysis
c0654	n	30	emlRunKruskalWallisAnalysis
c0655	f	0.982587548082828	emlRunAnovaAnalysis
c0655	df_between	4	emlRunAnovaAnalysis
c0655	df_within	25	emlRunAnovaAnalysis
c0655	p	0.4349129262643535	emlRunAnovaAnalysis
c0655	eta_squared	0.1358556037587525	emlRunAnovaAnalysis
c0655	n	30	emlRunAnovaAnalysis
c0655	ss_between	15.126445118395575	emlRunAnovaAnalysis
c0655	ss_within	96.21563205684242	emlRunAnovaAnalysis
c0655	ss_total	111.342077175238	emlRunAnovaAnalysis
c0655	ms_between	3.7816112795988936	emlRunAnovaAnalysis
c0655	ms_within	3.848625282273697	emlRunAnovaAnalysis
c0655	posthoc_g1__g2_padj	0.6415058641965218	emlRunAnovaAnalysis
c0655	posthoc_g1__g2_diff	-1.5704668328942795	emlRunAnovaAnalysis
c0655	posthoc_g1__g2_q	1.9608825412967394	emlRunAnovaAnalysis
c0655	posthoc_g1__g2_cohens_d	-0.7453948422513366	emlRunAnovaAnalysis
c0655	posthoc_g1__g2_ci_low	-4.896887063222739	emlRunAnovaAnalysis
c0655	posthoc_g1__g2_ci_high	1.7559533974341797	emlRunAnovaAnalysis
c0655	posthoc_g1__g3_padj	0.958504719211857	emlRunAnovaAnalysis
c0655	posthoc_g1__g3_diff	-0.7726766334791328	emlRunAnovaAnalysis
c0655	posthoc_g1__g3_q	0.964762890194171	emlRunAnovaAnalysis
c0655	posthoc_g1__g3_cohens_d	-0.2910720680053299	emlRunAnovaAnalysis
c0655	posthoc_g1__g3_ci_low	-4.099096863807592	emlRunAnovaAnalysis
c0655	posthoc_g1__g3_ci_high	2.5537435968493263	emlRunAnovaAnalysis
c0655	posthoc_g1__g4_padj	0.5674087833982779	emlRunAnovaAnalysis
c0655	posthoc_g1__g4_diff	-1.707348614801333	emlRunAnovaAnalysis
c0655	posthoc_g1__g4_q	2.1317929296864557	emlRunAnovaAnalysis
c0655	posthoc_g1__g4_cohens_d	-0.8383523956947421	emlRunAnovaAnalysis
c0655	posthoc_g1__g4_ci_low	-5.033768845129792	emlRunAnovaAnalysis
c0655	posthoc_g1__g4_ci_high	1.619071615527126	emlRunAnovaAnalysis
c0655	posthoc_g1__g5_padj	0.4598879452352966	emlRunAnovaAnalysis
c0655	posthoc_g1__g5_diff	-1.9100228515453619	emlRunAnovaAnalysis
c0655	posthoc_g1__g5_q	2.3848516788926304	emlRunAnovaAnalysis
c0655	posthoc_g1__g5_cohens_d	-0.9167972793541089	emlRunAnovaAnalysis
c0655	posthoc_g1__g5_ci_low	-5.236443081873821	emlRunAnovaAnalysis
c0655	posthoc_g1__g5_ci_high	1.4163973787830972	emlRunAnovaAnalysis
c0655	posthoc_g2__g3_padj	0.9535739128997269	emlRunAnovaAnalysis
c0655	posthoc_g2__g3_diff	0.7977901994151466	emlRunAnovaAnalysis
c0655	posthoc_g2__g3_q	0.9961196511025684	emlRunAnovaAnalysis
c0655	posthoc_g2__g3_cohens_d	0.3726058719973122	emlRunAnovaAnalysis
c0655	posthoc_g2__g3_ci_low	-2.5286300309133125	emlRunAnovaAnalysis
c0655	posthoc_g2__g3_ci_high	4.124210429743606	emlRunAnovaAnalysis
c0655	posthoc_g2__g4_padj	0.9999482163773581	emlRunAnovaAnalysis
c0655	posthoc_g2__g4_diff	-0.13688178190705358	emlRunAnovaAnalysis
c0655	posthoc_g2__g4_q	0.17091038838971648	emlRunAnovaAnalysis
c0655	posthoc_g2__g4_cohens_d	-0.10544800225291258	emlRunAnovaAnalysis
c0655	posthoc_g2__g4_ci_low	-3.4633020122355127	emlRunAnovaAnalysis
c0655	posthoc_g2__g4_ci_high	3.1895384484214055	emlRunAnovaAnalysis
c0655	posthoc_g2__g5_padj	0.9981168812007506	emlRunAnovaAnalysis
c0655	posthoc_g2__g5_diff	-0.3395560186510824	emlRunAnovaAnalysis
c0655	posthoc_g2__g5_q	0.4239691375958908	emlRunAnovaAnalysis
c0655	posthoc_g2__g5_cohens_d	-0.24778388556566708	emlRunAnovaAnalysis
c0655	posthoc_g2__g5_ci_low	-3.6659762489795416	emlRunAnovaAnalysis
c0655	posthoc_g2__g5_ci_high	2.9868642116773767	emlRunAnovaAnalysis
c0655	posthoc_g3__g4_padj	0.9202919211386688	emlRunAnovaAnalysis
c0655	posthoc_g3__g4_diff	-0.9346719813222002	emlRunAnovaAnalysis
c0655	posthoc_g3__g4_q	1.1670300394922848	emlRunAnovaAnalysis
c0655	posthoc_g3__g4_cohens_d	-0.4511113239780073	emlRunAnovaAnalysis
c0655	posthoc_g3__g4_ci_low	-4.261092211650659	emlRunAnovaAnalysis
c0655	posthoc_g3__g4_ci_high	2.391748249006259	emlRunAnovaAnalysis
c0655	posthoc_g3__g5_padj	0.8509856999601914	emlRunAnovaAnalysis
c0655	posthoc_g3__g5_diff	-1.137346218066229	emlRunAnovaAnalysis
c0655	posthoc_g3__g5_q	1.4200887886984592	emlRunAnovaAnalysis
c0655	posthoc_g3__g5_cohens_d	-0.5370002536480707	emlRunAnovaAnalysis
c0655	posthoc_g3__g5_ci_low	-4.463766448394688	emlRunAnovaAnalysis
c0655	posthoc_g3__g5_ci_high	2.18907401226223	emlRunAnovaAnalysis
c0655	posthoc_g4__g5_padj	0.9997534402466433	emlRunAnovaAnalysis
c0655	posthoc_g4__g5_diff	-0.20267423674402885	emlRunAnovaAnalysis
c0655	posthoc_g4__g5_q	0.25305874920617427	emlRunAnovaAnalysis
c0655	posthoc_g4__g5_cohens_d	-0.16090993621720107	emlRunAnovaAnalysis
c0655	posthoc_g4__g5_ci_low	-3.529094467072488	emlRunAnovaAnalysis
c0655	posthoc_g4__g5_ci_high	3.1237459935844303	emlRunAnovaAnalysis
c0656	h	3.2043010752688303	emlRunKruskalWallisAnalysis
c0656	df	4	emlRunKruskalWallisAnalysis
c0656	p	0.5242365293434315	emlRunKruskalWallisAnalysis
c0656	epsilon_squared	0.1104931405265114	emlRunKruskalWallisAnalysis
c0656	n	30	emlRunKruskalWallisAnalysis
c0657	f	17.10688834507071	emlRunAnovaAnalysis
c0657	df_between	4	emlRunAnovaAnalysis
c0657	df_within	60	emlRunAnovaAnalysis
c0657	p	2.064616062950833e-09	emlRunAnovaAnalysis
c0657	eta_squared	0.5328105346495556	emlRunAnovaAnalysis
c0657	n	65	emlRunAnovaAnalysis
c0657	ss_between	195.59611800897204	emlRunAnovaAnalysis
c0657	ss_within	171.50645464871965	emlRunAnovaAnalysis
c0657	ss_total	367.10257265769167	emlRunAnovaAnalysis
c0657	ms_between	48.89902950224301	emlRunAnovaAnalysis
c0657	ms_within	2.858440910811994	emlRunAnovaAnalysis
c0657	posthoc_g1__g2_padj	0.2069917069094723	emlRunAnovaAnalysis
c0657	posthoc_g1__g2_diff	-2.0237133498094035	emlRunAnovaAnalysis
c0657	posthoc_g1__g2_q	3.0623462448900276	emlRunAnovaAnalysis
c0657	posthoc_g1__g2_cohens_d	-1.009196178648152	emlRunAnovaAnalysis
c0657	posthoc_g1__g2_ci_low	-4.652140610857684	emlRunAnovaAnalysis
c0657	posthoc_g1__g2_ci_high	0.6047139112388771	emlRunAnovaAnalysis
c0657	posthoc_g1__g3_padj	0.9007989852293059	emlRunAnovaAnalysis
c0657	posthoc_g1__g3_diff	-0.573592601168535	emlRunAnovaAnalysis
c0657	posthoc_g1__g3_q	1.2536823890480995	emlRunAnovaAnalysis
c0657	posthoc_g1__g3_cohens_d	-0.33376508437694835	emlRunAnovaAnalysis
c0657	posthoc_g1__g3_ci_low	-2.3933658416604464	emlRunAnovaAnalysis
c0657	posthoc_g1__g3_ci_high	1.2461806393233765	emlRunAnovaAnalysis
c0657	posthoc_g1__g4_padj	0.0010355203131906508	emlRunAnovaAnalysis
c0657	posthoc_g1__g4_diff	-3.112531408378656	emlRunAnovaAnalysis
c0657	posthoc_g1__g4_q	5.844931141203921	emlRunAnovaAnalysis
c0657	posthoc_g1__g4_cohens_d	-1.60392408350662	emlRunAnovaAnalysis
c0657	posthoc_g1__g4_ci_low	-5.230578454601693	emlRunAnovaAnalysis
c0657	posthoc_g1__g4_ci_high	-0.9944843621556188	emlRunAnovaAnalysis
c0657	posthoc_g1__g5_padj	3.290227296852907e-09	emlRunAnovaAnalysis
c0657	posthoc_g1__g5_diff	-3.927096240276054	emlRunAnovaAnalysis
c0657	posthoc_g1__g5_q	10.626590910802092	emlRunAnovaAnalysis
c0657	posthoc_g1__g5_cohens_d	-2.09916590595151	emlRunAnovaAnalysis
c0657	posthoc_g1__g5_ci_low	-5.396965954390474	emlRunAnovaAnalysis
c0657	posthoc_g1__g5_ci_high	-2.4572265261616337	emlRunAnovaAnalysis
c0657	posthoc_g2__g3_padj	0.5862746701503937	emlRunAnovaAnalysis
c0657	posthoc_g2__g3_diff	1.4501207486408685	emlRunAnovaAnalysis
c0657	posthoc_g2__g3_q	2.077472404283168	emlRunAnovaAnalysis
c0657	posthoc_g2__g3_cohens_d	1.3816380487266011	emlRunAnovaAnalysis
c0657	posthoc_g2__g3_ci_low	-1.326203344656649	emlRunAnovaAnalysis
c0657	posthoc_g2__g3_ci_high	4.226444841938386	emlRunAnovaAnalysis
c0657	posthoc_g2__g4_padj	0.841670832075394	emlRunAnovaAnalysis
c0657	posthoc_g2__g4_diff	-1.0888180585692524	emlRunAnovaAnalysis
c0657	posthoc_g2__g4_q	1.4530761570624664	emlRunAnovaAnalysis
c0657	posthoc_g2__g4_cohens_d	-0.7095585089669956	emlRunAnovaAnalysis
c0657	posthoc_g2__g4_ci_low	-4.069174432264852	emlRunAnovaAnalysis
c0657	posthoc_g2__g4_ci_high	1.891538315126347	emlRunAnovaAnalysis
c0657	posthoc_g2__g5_padj	0.23761813671662732	emlRunAnovaAnalysis
c0657	posthoc_g2__g5_diff	-1.9033828904666503	emlRunAnovaAnalysis
c0657	posthoc_g2__g5_q	2.956497734227881	emlRunAnovaAnalysis
c0657	posthoc_g2__g5_cohens_d	-1.1193343312321007	emlRunAnovaAnalysis
c0657	posthoc_g2__g5_ci_low	-4.464030816419115	emlRunAnovaAnalysis
c0657	posthoc_g2__g5_ci_high	0.657265035485814	emlRunAnovaAnalysis
c0657	posthoc_g3__g4_padj	0.023313744154628533	emlRunAnovaAnalysis
c0657	posthoc_g3__g4_diff	-2.538938807210121	emlRunAnovaAnalysis
c0657	posthoc_g3__g4_q	4.3924996152954385	emlRunAnovaAnalysis
c0657	posthoc_g3__g4_cohens_d	-2.2423624149961396	emlRunAnovaAnalysis
c0657	posthoc_g3__g4_ci_low	-4.837953573238528	emlRunAnovaAnalysis
c0657	posthoc_g3__g4_ci_high	-0.2399240411817134	emlRunAnovaAnalysis
c0657	posthoc_g3__g5_padj	8.587931236644315e-06	emlRunAnovaAnalysis
c0657	posthoc_g3__g5_diff	-3.353503639107519	emlRunAnovaAnalysis
c0657	posthoc_g3__g5_q	7.752901508969524	emlRunAnovaAnalysis
c0657	posthoc_g3__g5_cohens_d	-2.2227450247666463	emlRunAnovaAnalysis
c0657	posthoc_g3__g5_ci_low	-5.07392875543003	emlRunAnovaAnalysis
c0657	posthoc_g3__g5_ci_high	-1.6330785227850078	emlRunAnovaAnalysis
c0657	posthoc_g4__g5_padj	0.7918305342099939	emlRunAnovaAnalysis
c0657	posthoc_g4__g5_diff	-0.8145648318973979	emlRunAnovaAnalysis
c0657	posthoc_g4__g5_q	1.5933826334485097	emlRunAnovaAnalysis
c0657	posthoc_g4__g5_cohens_d	-0.48603309534343725	emlRunAnovaAnalysis
c0657	posthoc_g4__g5_ci_low	-2.8478899962715136	emlRunAnovaAnalysis
c0657	posthoc_g4__g5_ci_high	1.2187603324767178	emlRunAnovaAnalysis
c0658	h	36.527546312273614	emlRunKruskalWallisAnalysis
c0658	df	4	emlRunKruskalWallisAnalysis
c0658	p	2.2536447361298223e-07	emlRunKruskalWallisAnalysis
c0658	epsilon_squared	0.5707429111292752	emlRunKruskalWallisAnalysis
c0658	n	65	emlRunKruskalWallisAnalysis
c0659	f	10.277066758906953	emlRunAnovaAnalysis
c0659	df_between	4	emlRunAnovaAnalysis
c0659	df_within	55	emlRunAnovaAnalysis
c0659	p	2.7541688013570685e-06	emlRunAnovaAnalysis
c0659	eta_squared	0.4277287303535373	emlRunAnovaAnalysis
c0659	n	60	emlRunAnovaAnalysis
c0659	ss_between	180.06666666666666	emlRunAnovaAnalysis
c0659	ss_within	240.91666666666666	emlRunAnovaAnalysis
c0659	ss_total	420.98333333333335	emlRunAnovaAnalysis
c0659	ms_between	45.016666666666666	emlRunAnovaAnalysis
c0659	ms_within	4.38030303030303	emlRunAnovaAnalysis
c0659	posthoc_g1__g2_padj	0.4678844199317219	emlRunAnovaAnalysis
c0659	posthoc_g1__g2_diff	-1.416666666666666	emlRunAnovaAnalysis
c0659	posthoc_g1__g2_q	2.344802239870643	emlRunAnovaAnalysis
c0659	posthoc_g1__g2_cohens_d	-0.8122914203647438	emlRunAnovaAnalysis
c0659	posthoc_g1__g2_ci_low	-3.8264389185333143	emlRunAnovaAnalysis
c0659	posthoc_g1__g2_ci_high	0.9931055851999822	emlRunAnovaAnalysis
c0659	posthoc_g1__g3_padj	0.017683532979521077	emlRunAnovaAnalysis
c0659	posthoc_g1__g3_diff	-2.75	emlRunAnovaAnalysis
c0659	posthoc_g1__g3_q	4.551674936219485	emlRunAnovaAnalysis
c0659	posthoc_g1__g3_cohens_d	-1.7959297006005532	emlRunAnovaAnalysis
c0659	posthoc_g1__g3_ci_low	-5.159772251866649	emlRunAnovaAnalysis
c0659	posthoc_g1__g3_ci_high	-0.34022774813335177	emlRunAnovaAnalysis
c0659	posthoc_g1__g4_padj	0.0001282937202429393	emlRunAnovaAnalysis
c0659	posthoc_g1__g4_diff	-4.083333333333332	emlRunAnovaAnalysis
c0659	posthoc_g1__g4_q	6.758547632568324	emlRunAnovaAnalysis
c0659	posthoc_g1__g4_cohens_d	-1.8639252429305964	emlRunAnovaAnalysis
c0659	posthoc_g1__g4_ci_low	-6.493105585199981	emlRunAnovaAnalysis
c0659	posthoc_g1__g4_ci_high	-1.673561081466684	emlRunAnovaAnalysis
c0659	posthoc_g1__g5_padj	7.959032225575152e-06	emlRunAnovaAnalysis
c0659	posthoc_g1__g5_diff	-4.75	emlRunAnovaAnalysis
c0659	posthoc_g1__g5_q	7.861983980742747	emlRunAnovaAnalysis
c0659	posthoc_g1__g5_cohens_d	-2.7100989375927416	emlRunAnovaAnalysis
c0659	posthoc_g1__g5_ci_low	-7.159772251866649	emlRunAnovaAnalysis
c0659	posthoc_g1__g5_ci_high	-2.3402277481333518	emlRunAnovaAnalysis
c0659	posthoc_g2__g3_padj	0.5285897168690813	emlRunAnovaAnalysis
c0659	posthoc_g2__g3_diff	-1.333333333333334	emlRunAnovaAnalysis
c0659	posthoc_g2__g3_q	2.2068726963488423	emlRunAnovaAnalysis
c0659	posthoc_g2__g3_cohens_d	-0.679663341087224	emlRunAnovaAnalysis
c0659	posthoc_g2__g3_ci_low	-3.743105585199982	emlRunAnovaAnalysis
c0659	posthoc_g2__g3_ci_high	1.0764389185333143	emlRunAnovaAnalysis
c0659	posthoc_g2__g4_padj	0.023050135555635513	emlRunAnovaAnalysis
c0659	posthoc_g2__g4_diff	-2.666666666666666	emlRunAnovaAnalysis
c0659	posthoc_g2__g4_q	4.413745392697681	emlRunAnovaAnalysis
c0659	posthoc_g2__g4_cohens_d	-1.0621700090875885	emlRunAnovaAnalysis
c0659	posthoc_g2__g4_ci_low	-5.076438918533315	emlRunAnovaAnalysis
c0659	posthoc_g2__g4_ci_high	-0.25689441480001785	emlRunAnovaAnalysis
c0659	posthoc_g2__g5_padj	0.002354228805856023	emlRunAnovaAnalysis
c0659	posthoc_g2__g5_diff	-3.333333333333334	emlRunAnovaAnalysis
c0659	posthoc_g2__g5_q	5.517181740872104	emlRunAnovaAnalysis
c0659	posthoc_g2__g5_cohens_d	-1.5582862608135186	emlRunAnovaAnalysis
c0659	posthoc_g2__g5_ci_low	-5.743105585199983	emlRunAnovaAnalysis
c0659	posthoc_g2__g5_ci_high	-0.9235610814666857	emlRunAnovaAnalysis
c0659	posthoc_g3__g4_padj	0.5285897168690826	emlRunAnovaAnalysis
c0659	posthoc_g3__g4_diff	-1.3333333333333321	emlRunAnovaAnalysis
c0659	posthoc_g3__g4_q	2.206872696348839	emlRunAnovaAnalysis
c0659	posthoc_g3__g4_cohens_d	-0.5631315273691542	emlRunAnovaAnalysis
c0659	posthoc_g3__g4_ci_low	-3.7431055851999804	emlRunAnovaAnalysis
c0659	posthoc_g3__g4_ci_high	1.076438918533316	emlRunAnovaAnalysis
c0659	posthoc_g3__g5_padj	0.1477463060674561	emlRunAnovaAnalysis
c0659	posthoc_g3__g5_diff	-2	emlRunAnovaAnalysis
c0659	posthoc_g3__g5_q	3.3103090445232617	emlRunAnovaAnalysis
c0659	posthoc_g3__g5_cohens_d	-1.015504800579495	emlRunAnovaAnalysis
c0659	posthoc_g3__g5_ci_low	-4.409772251866649	emlRunAnovaAnalysis
c0659	posthoc_g3__g5_ci_high	0.40977225186664823	emlRunAnovaAnalysis
c0659	posthoc_g4__g5_padj	0.9352617231603911	emlRunAnovaAnalysis
c0659	posthoc_g4__g5_diff	-0.6666666666666679	emlRunAnovaAnalysis
c0659	posthoc_g4__g5_q	1.1034363481744225	emlRunAnovaAnalysis
c0659	posthoc_g4__g5_cohens_d	-0.2649064714130092	emlRunAnovaAnalysis
c0659	posthoc_g4__g5_ci_low	-3.076438918533316	emlRunAnovaAnalysis
c0659	posthoc_g4__g5_ci_high	1.7431055851999804	emlRunAnovaAnalysis
c0660	h	25.79384952472105	emlRunKruskalWallisAnalysis
c0660	df	4	emlRunKruskalWallisAnalysis
c0660	p	3.482213929527203e-05	emlRunKruskalWallisAnalysis
c0660	epsilon_squared	0.4371838902495093	emlRunKruskalWallisAnalysis
c0660	n	60	emlRunKruskalWallisAnalysis
c0661	f	2.66633087377682	emlRunAnovaAnalysis
c0661	df_between	2	emlRunAnovaAnalysis
c0661	df_within	597	emlRunAnovaAnalysis
c0661	p	0.07033449576506749	emlRunAnovaAnalysis
c0661	eta_squared	0.008853349795247592	emlRunAnovaAnalysis
c0661	n	600	emlRunAnovaAnalysis
c0661	ss_between	21.08173203085356	emlRunAnovaAnalysis
c0661	ss_within	2360.1335727309743	emlRunAnovaAnalysis
c0661	ss_total	2381.2153047618276	emlRunAnovaAnalysis
c0661	ms_between	10.54086601542678	emlRunAnovaAnalysis
c0661	ms_within	3.953322567388567	emlRunAnovaAnalysis
c0661	posthoc_g1__g2_padj	0.7335215570529683	emlRunAnovaAnalysis
c0661	posthoc_g1__g2_diff	-0.14919538277126243	emlRunAnovaAnalysis
c0661	posthoc_g1__g2_q	1.061180485674799	emlRunAnovaAnalysis
c0661	posthoc_g1__g2_cohens_d	-0.07786102528920397	emlRunAnovaAnalysis
c0661	posthoc_g1__g2_ci_low	-0.6163596482957132	emlRunAnovaAnalysis
c0661	posthoc_g1__g2_ci_high	0.3179688827531883	emlRunAnovaAnalysis
c0661	posthoc_g1__g3_padj	0.0613826321444869	emlRunAnovaAnalysis
c0661	posthoc_g1__g3_diff	-0.45065426100143213	emlRunAnovaAnalysis
c0661	posthoc_g1__g3_q	3.2053639910164287	emlRunAnovaAnalysis
c0661	posthoc_g1__g3_cohens_d	-0.2211413536596243	emlRunAnovaAnalysis
c0661	posthoc_g1__g3_ci_low	-0.9178185265258829	emlRunAnovaAnalysis
c0661	posthoc_g1__g3_ci_high	0.016510004523018595	emlRunAnovaAnalysis
c0661	posthoc_g2__g3_padj	0.28401083361745927	emlRunAnovaAnalysis
c0661	posthoc_g2__g3_diff	-0.3014588782301697	emlRunAnovaAnalysis
c0661	posthoc_g2__g3_q	2.1441835053416294	emlRunAnovaAnalysis
c0661	posthoc_g2__g3_cohens_d	-0.15006719259647414	emlRunAnovaAnalysis
c0661	posthoc_g2__g3_ci_low	-0.7686231437546205	emlRunAnovaAnalysis
c0661	posthoc_g2__g3_ci_high	0.16570538729428103	emlRunAnovaAnalysis
c0662	h	4.804102163061543	emlRunKruskalWallisAnalysis
c0662	df	2	emlRunKruskalWallisAnalysis
c0662	p	0.09053207406280067	emlRunKruskalWallisAnalysis
c0662	epsilon_squared	0.008020203945010924	emlRunKruskalWallisAnalysis
c0662	n	600	emlRunKruskalWallisAnalysis
c0663	f	15.946733566676928	emlRunAnovaAnalysis
c0663	df_between	1	emlRunAnovaAnalysis
c0663	df_within	46	emlRunAnovaAnalysis
c0663	p	0.00023268444844061644	emlRunAnovaAnalysis
c0663	eta_squared	0.25742654452494285	emlRunAnovaAnalysis
c0663	n	48	emlRunAnovaAnalysis
c0663	ss_between	3.6383418747907136e-09	emlRunAnovaAnalysis
c0663	ss_within	1.049517291679747e-08	emlRunAnovaAnalysis
c0663	ss_total	1.4133514791588184e-08	emlRunAnovaAnalysis
c0663	ms_between	3.6383418747907136e-09	emlRunAnovaAnalysis
c0663	ms_within	2.2815593297385806e-10	emlRunAnovaAnalysis
c0663	posthoc_1__2_cohens_d	1.1527768491690502	emlRunAnovaAnalysis
c0664	f	1.180462374402447	emlRunAnovaAnalysis
c0664	df_between	4	emlRunAnovaAnalysis
c0664	df_within	20	emlRunAnovaAnalysis
c0664	p	0.349447493402239	emlRunAnovaAnalysis
c0664	eta_squared	0.19099903905111615	emlRunAnovaAnalysis
c0664	n	25	emlRunAnovaAnalysis
c0664	ss_between	0.05114626159999952	emlRunAnovaAnalysis
c0664	ss_within	0.2166365600000165	emlRunAnovaAnalysis
c0664	ss_total	0.267782821600016	emlRunAnovaAnalysis
c0664	ms_between	0.01278656539999988	emlRunAnovaAnalysis
c0664	ms_within	0.010831828000000824	emlRunAnovaAnalysis
c0664	posthoc_1__2_cohens_d	-0.01056115329306315	emlRunAnovaAnalysis
c0664	posthoc_1__3_cohens_d	0.8390272001253655	emlRunAnovaAnalysis
c0664	posthoc_1__4_cohens_d	0.9867447626190468	emlRunAnovaAnalysis
c0664	posthoc_1__5_cohens_d	1.1350358361585513	emlRunAnovaAnalysis
c0664	posthoc_2__3_cohens_d	0.655229356333994	emlRunAnovaAnalysis
c0664	posthoc_2__4_cohens_d	0.7864509140109698	emlRunAnovaAnalysis
c0664	posthoc_2__5_cohens_d	0.8720475613188158	emlRunAnovaAnalysis
c0664	posthoc_3__4_cohens_d	0.19048648501605317	emlRunAnovaAnalysis
c0664	posthoc_3__5_cohens_d	0.26096238991468595	emlRunAnovaAnalysis
c0664	posthoc_4__5_cohens_d	0.05069322612683362	emlRunAnovaAnalysis
c0665	f	21	emlRunAnovaAnalysis
c0665	df_between	8	emlRunAnovaAnalysis
c0665	df_within	180	emlRunAnovaAnalysis
c0665	p	2.5832643372689746e-22	emlRunAnovaAnalysis
c0665	eta_squared	0.48275862068965525	emlRunAnovaAnalysis
c0665	n	189	emlRunAnovaAnalysis
c0665	ss_between	1.6800000000000013	emlRunAnovaAnalysis
c0665	ss_within	1.8000000000000012	emlRunAnovaAnalysis
c0665	ss_total	3.480000000000002	emlRunAnovaAnalysis
c0665	ms_between	0.21000000000000016	emlRunAnovaAnalysis
c0665	ms_within	0.010000000000000007	emlRunAnovaAnalysis
c0665	posthoc_1__2_cohens_d	0.9999999999999989	emlRunAnovaAnalysis
c0665	posthoc_1__3_cohens_d	-1.0000000000000004	emlRunAnovaAnalysis
c0665	posthoc_1__4_cohens_d	0.9999999999999989	emlRunAnovaAnalysis
c0665	posthoc_1__5_cohens_d	-1.0000000000000004	emlRunAnovaAnalysis
c0665	posthoc_1__6_cohens_d	0.9999999999999989	emlRunAnovaAnalysis
c0665	posthoc_1__7_cohens_d	-1.0000000000000004	emlRunAnovaAnalysis
c0665	posthoc_1__8_cohens_d	0.9999999999999989	emlRunAnovaAnalysis
c0665	posthoc_1__9_cohens_d	-1.0000000000000004	emlRunAnovaAnalysis
c0665	posthoc_2__3_cohens_d	-1.999999999999999	emlRunAnovaAnalysis
c0665	posthoc_2__4_cohens_d	0	emlRunAnovaAnalysis
c0665	posthoc_2__5_cohens_d	-1.999999999999999	emlRunAnovaAnalysis
c0665	posthoc_2__6_cohens_d	0	emlRunAnovaAnalysis
c0665	posthoc_2__7_cohens_d	-1.999999999999999	emlRunAnovaAnalysis
c0665	posthoc_2__8_cohens_d	0	emlRunAnovaAnalysis
c0665	posthoc_2__9_cohens_d	-1.999999999999999	emlRunAnovaAnalysis
c0665	posthoc_3__4_cohens_d	1.999999999999999	emlRunAnovaAnalysis
c0665	posthoc_3__5_cohens_d	0	emlRunAnovaAnalysis
c0665	posthoc_3__6_cohens_d	1.999999999999999	emlRunAnovaAnalysis
c0665	posthoc_3__7_cohens_d	0	emlRunAnovaAnalysis
c0665	posthoc_3__8_cohens_d	1.999999999999999	emlRunAnovaAnalysis
c0665	posthoc_3__9_cohens_d	0	emlRunAnovaAnalysis
c0665	posthoc_4__5_cohens_d	-1.999999999999999	emlRunAnovaAnalysis
c0665	posthoc_4__6_cohens_d	0	emlRunAnovaAnalysis
c0665	posthoc_4__7_cohens_d	-1.999999999999999	emlRunAnovaAnalysis
c0665	posthoc_4__8_cohens_d	0	emlRunAnovaAnalysis
c0665	posthoc_4__9_cohens_d	-1.999999999999999	emlRunAnovaAnalysis
c0665	posthoc_5__6_cohens_d	1.999999999999999	emlRunAnovaAnalysis
c0665	posthoc_5__7_cohens_d	0	emlRunAnovaAnalysis
c0665	posthoc_5__8_cohens_d	1.999999999999999	emlRunAnovaAnalysis
c0665	posthoc_5__9_cohens_d	0	emlRunAnovaAnalysis
c0665	posthoc_6__7_cohens_d	-1.999999999999999	emlRunAnovaAnalysis
c0665	posthoc_6__8_cohens_d	0	emlRunAnovaAnalysis
c0665	posthoc_6__9_cohens_d	-1.999999999999999	emlRunAnovaAnalysis
c0665	posthoc_7__8_cohens_d	1.999999999999999	emlRunAnovaAnalysis
c0665	posthoc_7__9_cohens_d	0	emlRunAnovaAnalysis
c0665	posthoc_8__9_cohens_d	-1.999999999999999	emlRunAnovaAnalysis
c0666	f	201.00000000000006	emlRunAnovaAnalysis
c0666	df_between	8	emlRunAnovaAnalysis
c0666	df_within	1800	emlRunAnovaAnalysis
c0666	p	4.0371418857532776e-243	emlRunAnovaAnalysis
c0666	eta_squared	0.47183098591549294	emlRunAnovaAnalysis
c0666	n	1809	emlRunAnovaAnalysis
c0666	ss_between	16.080000000000013	emlRunAnovaAnalysis
c0666	ss_within	18.00000000000001	emlRunAnovaAnalysis
c0666	ss_total	34.08000000000003	emlRunAnovaAnalysis
c0666	ms_between	2.0100000000000016	emlRunAnovaAnalysis
c0666	ms_within	0.010000000000000005	emlRunAnovaAnalysis
c0666	posthoc_1__2_cohens_d	0.9999999999999989	emlRunAnovaAnalysis
c0666	posthoc_1__3_cohens_d	-1.0000000000000004	emlRunAnovaAnalysis
c0666	posthoc_1__4_cohens_d	0.9999999999999989	emlRunAnovaAnalysis
c0666	posthoc_1__5_cohens_d	-1.0000000000000004	emlRunAnovaAnalysis
c0666	posthoc_1__6_cohens_d	0.9999999999999989	emlRunAnovaAnalysis
c0666	posthoc_1__7_cohens_d	-1.0000000000000004	emlRunAnovaAnalysis
c0666	posthoc_1__8_cohens_d	0.9999999999999989	emlRunAnovaAnalysis
c0666	posthoc_1__9_cohens_d	-1.0000000000000004	emlRunAnovaAnalysis
c0666	posthoc_2__3_cohens_d	-1.999999999999999	emlRunAnovaAnalysis
c0666	posthoc_2__4_cohens_d	0	emlRunAnovaAnalysis
c0666	posthoc_2__5_cohens_d	-1.999999999999999	emlRunAnovaAnalysis
c0666	posthoc_2__6_cohens_d	0	emlRunAnovaAnalysis
c0666	posthoc_2__7_cohens_d	-1.999999999999999	emlRunAnovaAnalysis
c0666	posthoc_2__8_cohens_d	0	emlRunAnovaAnalysis
c0666	posthoc_2__9_cohens_d	-1.999999999999999	emlRunAnovaAnalysis
c0666	posthoc_3__4_cohens_d	1.999999999999999	emlRunAnovaAnalysis
c0666	posthoc_3__5_cohens_d	0	emlRunAnovaAnalysis
c0666	posthoc_3__6_cohens_d	1.999999999999999	emlRunAnovaAnalysis
c0666	posthoc_3__7_cohens_d	0	emlRunAnovaAnalysis
c0666	posthoc_3__8_cohens_d	1.999999999999999	emlRunAnovaAnalysis
c0666	posthoc_3__9_cohens_d	0	emlRunAnovaAnalysis
c0666	posthoc_4__5_cohens_d	-1.999999999999999	emlRunAnovaAnalysis
c0666	posthoc_4__6_cohens_d	0	emlRunAnovaAnalysis
c0666	posthoc_4__7_cohens_d	-1.999999999999999	emlRunAnovaAnalysis
c0666	posthoc_4__8_cohens_d	0	emlRunAnovaAnalysis
c0666	posthoc_4__9_cohens_d	-1.999999999999999	emlRunAnovaAnalysis
c0666	posthoc_5__6_cohens_d	1.999999999999999	emlRunAnovaAnalysis
c0666	posthoc_5__7_cohens_d	0	emlRunAnovaAnalysis
c0666	posthoc_5__8_cohens_d	1.999999999999999	emlRunAnovaAnalysis
c0666	posthoc_5__9_cohens_d	0	emlRunAnovaAnalysis
c0666	posthoc_6__7_cohens_d	-1.999999999999999	emlRunAnovaAnalysis
c0666	posthoc_6__8_cohens_d	0	emlRunAnovaAnalysis
c0666	posthoc_6__9_cohens_d	-1.999999999999999	emlRunAnovaAnalysis
c0666	posthoc_7__8_cohens_d	1.999999999999999	emlRunAnovaAnalysis
c0666	posthoc_7__9_cohens_d	0	emlRunAnovaAnalysis
c0666	posthoc_8__9_cohens_d	-1.999999999999999	emlRunAnovaAnalysis
c0667	f	2001.0000000000005	emlRunAnovaAnalysis
c0667	df_between	8	emlRunAnovaAnalysis
c0667	df_within	18000	emlRunAnovaAnalysis
c0667	p	0	emlRunAnovaAnalysis
c0667	eta_squared	0.4707127734650671	emlRunAnovaAnalysis
c0667	n	18009	emlRunAnovaAnalysis
c0667	ss_between	160.08000000000013	emlRunAnovaAnalysis
c0667	ss_within	180.00000000000009	emlRunAnovaAnalysis
c0667	ss_total	340.0800000000002	emlRunAnovaAnalysis
c0667	ms_between	20.010000000000016	emlRunAnovaAnalysis
c0667	ms_within	0.010000000000000005	emlRunAnovaAnalysis
c0667	posthoc_1__2_cohens_d	0.9999999999999989	emlRunAnovaAnalysis
c0667	posthoc_1__3_cohens_d	-1.0000000000000004	emlRunAnovaAnalysis
c0667	posthoc_1__4_cohens_d	0.9999999999999989	emlRunAnovaAnalysis
c0667	posthoc_1__5_cohens_d	-1.0000000000000004	emlRunAnovaAnalysis
c0667	posthoc_1__6_cohens_d	0.9999999999999989	emlRunAnovaAnalysis
c0667	posthoc_1__7_cohens_d	-1.0000000000000004	emlRunAnovaAnalysis
c0667	posthoc_1__8_cohens_d	0.9999999999999989	emlRunAnovaAnalysis
c0667	posthoc_1__9_cohens_d	-1.0000000000000004	emlRunAnovaAnalysis
c0667	posthoc_2__3_cohens_d	-1.999999999999999	emlRunAnovaAnalysis
c0667	posthoc_2__4_cohens_d	0	emlRunAnovaAnalysis
c0667	posthoc_2__5_cohens_d	-1.999999999999999	emlRunAnovaAnalysis
c0667	posthoc_2__6_cohens_d	0	emlRunAnovaAnalysis
c0667	posthoc_2__7_cohens_d	-1.999999999999999	emlRunAnovaAnalysis
c0667	posthoc_2__8_cohens_d	0	emlRunAnovaAnalysis
c0667	posthoc_2__9_cohens_d	-1.999999999999999	emlRunAnovaAnalysis
c0667	posthoc_3__4_cohens_d	1.999999999999999	emlRunAnovaAnalysis
c0667	posthoc_3__5_cohens_d	0	emlRunAnovaAnalysis
c0667	posthoc_3__6_cohens_d	1.999999999999999	emlRunAnovaAnalysis
c0667	posthoc_3__7_cohens_d	0	emlRunAnovaAnalysis
c0667	posthoc_3__8_cohens_d	1.999999999999999	emlRunAnovaAnalysis
c0667	posthoc_3__9_cohens_d	0	emlRunAnovaAnalysis
c0667	posthoc_4__5_cohens_d	-1.999999999999999	emlRunAnovaAnalysis
c0667	posthoc_4__6_cohens_d	0	emlRunAnovaAnalysis
c0667	posthoc_4__7_cohens_d	-1.999999999999999	emlRunAnovaAnalysis
c0667	posthoc_4__8_cohens_d	0	emlRunAnovaAnalysis
c0667	posthoc_4__9_cohens_d	-1.999999999999999	emlRunAnovaAnalysis
c0667	posthoc_5__6_cohens_d	1.999999999999999	emlRunAnovaAnalysis
c0667	posthoc_5__7_cohens_d	0	emlRunAnovaAnalysis
c0667	posthoc_5__8_cohens_d	1.999999999999999	emlRunAnovaAnalysis
c0667	posthoc_5__9_cohens_d	0	emlRunAnovaAnalysis
c0667	posthoc_6__7_cohens_d	-1.999999999999999	emlRunAnovaAnalysis
c0667	posthoc_6__8_cohens_d	0	emlRunAnovaAnalysis
c0667	posthoc_6__9_cohens_d	-1.999999999999999	emlRunAnovaAnalysis
c0667	posthoc_7__8_cohens_d	1.999999999999999	emlRunAnovaAnalysis
c0667	posthoc_7__9_cohens_d	0	emlRunAnovaAnalysis
c0667	posthoc_8__9_cohens_d	-1.999999999999999	emlRunAnovaAnalysis
c0668	f	21.000000000776097	emlRunAnovaAnalysis
c0668	df_between	8	emlRunAnovaAnalysis
c0668	df_within	180	emlRunAnovaAnalysis
c0668	p	2.5832643332657054e-22	emlRunAnovaAnalysis
c0668	eta_squared	0.4827586206988835	emlRunAnovaAnalysis
c0668	n	189	emlRunAnovaAnalysis
c0668	ss_between	1.6800000001490114	emlRunAnovaAnalysis
c0668	ss_within	1.8000000000931324	emlRunAnovaAnalysis
c0668	ss_total	3.4800000002421436	emlRunAnovaAnalysis
c0668	ms_between	0.21000000001862643	emlRunAnovaAnalysis
c0668	ms_within	0.010000000000517402	emlRunAnovaAnalysis
c0668	posthoc_1__2_cohens_d	0.9999999997089617	emlRunAnovaAnalysis
c0668	posthoc_1__3_cohens_d	-1	emlRunAnovaAnalysis
c0668	posthoc_1__4_cohens_d	0.9999999997089617	emlRunAnovaAnalysis
c0668	posthoc_1__5_cohens_d	-1	emlRunAnovaAnalysis
c0668	posthoc_1__6_cohens_d	0.9999999997089617	emlRunAnovaAnalysis
c0668	posthoc_1__7_cohens_d	-1	emlRunAnovaAnalysis
c0668	posthoc_1__8_cohens_d	0.9999999997089617	emlRunAnovaAnalysis
c0668	posthoc_1__9_cohens_d	-1	emlRunAnovaAnalysis
c0668	posthoc_2__3_cohens_d	-1.9999999994179234	emlRunAnovaAnalysis
c0668	posthoc_2__4_cohens_d	0	emlRunAnovaAnalysis
c0668	posthoc_2__5_cohens_d	-1.9999999994179234	emlRunAnovaAnalysis
c0668	posthoc_2__6_cohens_d	0	emlRunAnovaAnalysis
c0668	posthoc_2__7_cohens_d	-1.9999999994179234	emlRunAnovaAnalysis
c0668	posthoc_2__8_cohens_d	0	emlRunAnovaAnalysis
c0668	posthoc_2__9_cohens_d	-1.9999999994179234	emlRunAnovaAnalysis
c0668	posthoc_3__4_cohens_d	1.9999999994179234	emlRunAnovaAnalysis
c0668	posthoc_3__5_cohens_d	0	emlRunAnovaAnalysis
c0668	posthoc_3__6_cohens_d	1.9999999994179234	emlRunAnovaAnalysis
c0668	posthoc_3__7_cohens_d	0	emlRunAnovaAnalysis
c0668	posthoc_3__8_cohens_d	1.9999999994179234	emlRunAnovaAnalysis
c0668	posthoc_3__9_cohens_d	0	emlRunAnovaAnalysis
c0668	posthoc_4__5_cohens_d	-1.9999999994179234	emlRunAnovaAnalysis
c0668	posthoc_4__6_cohens_d	0	emlRunAnovaAnalysis
c0668	posthoc_4__7_cohens_d	-1.9999999994179234	emlRunAnovaAnalysis
c0668	posthoc_4__8_cohens_d	0	emlRunAnovaAnalysis
c0668	posthoc_4__9_cohens_d	-1.9999999994179234	emlRunAnovaAnalysis
c0668	posthoc_5__6_cohens_d	1.9999999994179234	emlRunAnovaAnalysis
c0668	posthoc_5__7_cohens_d	0	emlRunAnovaAnalysis
c0668	posthoc_5__8_cohens_d	1.9999999994179234	emlRunAnovaAnalysis
c0668	posthoc_5__9_cohens_d	0	emlRunAnovaAnalysis
c0668	posthoc_6__7_cohens_d	-1.9999999994179234	emlRunAnovaAnalysis
c0668	posthoc_6__8_cohens_d	0	emlRunAnovaAnalysis
c0668	posthoc_6__9_cohens_d	-1.9999999994179234	emlRunAnovaAnalysis
c0668	posthoc_7__8_cohens_d	1.9999999994179234	emlRunAnovaAnalysis
c0668	posthoc_7__9_cohens_d	0	emlRunAnovaAnalysis
c0668	posthoc_8__9_cohens_d	-1.9999999994179234	emlRunAnovaAnalysis
c0669	f	201.00000001241762	emlRunAnovaAnalysis
c0669	df_between	8	emlRunAnovaAnalysis
c0669	df_within	1800	emlRunAnovaAnalysis
c0669	p	4.03714178023608e-243	emlRunAnovaAnalysis
c0669	eta_squared	0.47183098593088874	emlRunAnovaAnalysis
c0669	n	1809	emlRunAnovaAnalysis
c0669	ss_between	16.08000000182539	emlRunAnovaAnalysis
c0669	ss_within	18.000000000931323	emlRunAnovaAnalysis
c0669	ss_total	34.08000000275671	emlRunAnovaAnalysis
c0669	ms_between	2.0100000002281737	emlRunAnovaAnalysis
c0669	ms_within	0.0100000000005174	emlRunAnovaAnalysis
c0669	posthoc_1__2_cohens_d	0.9999999997089617	emlRunAnovaAnalysis
c0669	posthoc_1__3_cohens_d	-1	emlRunAnovaAnalysis
c0669	posthoc_1__4_cohens_d	0.9999999997089617	emlRunAnovaAnalysis
c0669	posthoc_1__5_cohens_d	-1	emlRunAnovaAnalysis
c0669	posthoc_1__6_cohens_d	0.9999999997089617	emlRunAnovaAnalysis
c0669	posthoc_1__7_cohens_d	-1	emlRunAnovaAnalysis
c0669	posthoc_1__8_cohens_d	0.9999999997089617	emlRunAnovaAnalysis
c0669	posthoc_1__9_cohens_d	-1	emlRunAnovaAnalysis
c0669	posthoc_2__3_cohens_d	-1.9999999994179234	emlRunAnovaAnalysis
c0669	posthoc_2__4_cohens_d	0	emlRunAnovaAnalysis
c0669	posthoc_2__5_cohens_d	-1.9999999994179234	emlRunAnovaAnalysis
c0669	posthoc_2__6_cohens_d	0	emlRunAnovaAnalysis
c0669	posthoc_2__7_cohens_d	-1.9999999994179234	emlRunAnovaAnalysis
c0669	posthoc_2__8_cohens_d	0	emlRunAnovaAnalysis
c0669	posthoc_2__9_cohens_d	-1.9999999994179234	emlRunAnovaAnalysis
c0669	posthoc_3__4_cohens_d	1.9999999994179234	emlRunAnovaAnalysis
c0669	posthoc_3__5_cohens_d	0	emlRunAnovaAnalysis
c0669	posthoc_3__6_cohens_d	1.9999999994179234	emlRunAnovaAnalysis
c0669	posthoc_3__7_cohens_d	0	emlRunAnovaAnalysis
c0669	posthoc_3__8_cohens_d	1.9999999994179234	emlRunAnovaAnalysis
c0669	posthoc_3__9_cohens_d	0	emlRunAnovaAnalysis
c0669	posthoc_4__5_cohens_d	-1.9999999994179234	emlRunAnovaAnalysis
c0669	posthoc_4__6_cohens_d	0	emlRunAnovaAnalysis
c0669	posthoc_4__7_cohens_d	-1.9999999994179234	emlRunAnovaAnalysis
c0669	posthoc_4__8_cohens_d	0	emlRunAnovaAnalysis
c0669	posthoc_4__9_cohens_d	-1.9999999994179234	emlRunAnovaAnalysis
c0669	posthoc_5__6_cohens_d	1.9999999994179234	emlRunAnovaAnalysis
c0669	posthoc_5__7_cohens_d	0	emlRunAnovaAnalysis
c0669	posthoc_5__8_cohens_d	1.9999999994179234	emlRunAnovaAnalysis
c0669	posthoc_5__9_cohens_d	0	emlRunAnovaAnalysis
c0669	posthoc_6__7_cohens_d	-1.9999999994179234	emlRunAnovaAnalysis
c0669	posthoc_6__8_cohens_d	0	emlRunAnovaAnalysis
c0669	posthoc_6__9_cohens_d	-1.9999999994179234	emlRunAnovaAnalysis
c0669	posthoc_7__8_cohens_d	1.9999999994179234	emlRunAnovaAnalysis
c0669	posthoc_7__9_cohens_d	0	emlRunAnovaAnalysis
c0669	posthoc_8__9_cohens_d	-1.9999999994179234	emlRunAnovaAnalysis
c0670	f	2001.000000128833	emlRunAnovaAnalysis
c0670	df_between	8	emlRunAnovaAnalysis
c0670	df_within	18000	emlRunAnovaAnalysis
c0670	p	0	emlRunAnovaAnalysis
c0670	eta_squared	0.4707127734811079	emlRunAnovaAnalysis
c0670	n	18009	emlRunAnovaAnalysis
c0670	ss_between	160.0800000185892	emlRunAnovaAnalysis
c0670	ss_within	180.00000000931323	emlRunAnovaAnalysis
c0670	ss_total	340.08000002790243	emlRunAnovaAnalysis
c0670	ms_between	20.01000000232365	emlRunAnovaAnalysis
c0670	ms_within	0.0100000000005174	emlRunAnovaAnalysis
c0670	posthoc_1__2_cohens_d	0.9999999997089617	emlRunAnovaAnalysis
c0670	posthoc_1__3_cohens_d	-1	emlRunAnovaAnalysis
c0670	posthoc_1__4_cohens_d	0.9999999997089617	emlRunAnovaAnalysis
c0670	posthoc_1__5_cohens_d	-1	emlRunAnovaAnalysis
c0670	posthoc_1__6_cohens_d	0.9999999997089617	emlRunAnovaAnalysis
c0670	posthoc_1__7_cohens_d	-1	emlRunAnovaAnalysis
c0670	posthoc_1__8_cohens_d	0.9999999997089617	emlRunAnovaAnalysis
c0670	posthoc_1__9_cohens_d	-1	emlRunAnovaAnalysis
c0670	posthoc_2__3_cohens_d	-1.9999999994179234	emlRunAnovaAnalysis
c0670	posthoc_2__4_cohens_d	0	emlRunAnovaAnalysis
c0670	posthoc_2__5_cohens_d	-1.9999999994179234	emlRunAnovaAnalysis
c0670	posthoc_2__6_cohens_d	0	emlRunAnovaAnalysis
c0670	posthoc_2__7_cohens_d	-1.9999999994179234	emlRunAnovaAnalysis
c0670	posthoc_2__8_cohens_d	0	emlRunAnovaAnalysis
c0670	posthoc_2__9_cohens_d	-1.9999999994179234	emlRunAnovaAnalysis
c0670	posthoc_3__4_cohens_d	1.9999999994179234	emlRunAnovaAnalysis
c0670	posthoc_3__5_cohens_d	0	emlRunAnovaAnalysis
c0670	posthoc_3__6_cohens_d	1.9999999994179234	emlRunAnovaAnalysis
c0670	posthoc_3__7_cohens_d	0	emlRunAnovaAnalysis
c0670	posthoc_3__8_cohens_d	1.9999999994179234	emlRunAnovaAnalysis
c0670	posthoc_3__9_cohens_d	0	emlRunAnovaAnalysis
c0670	posthoc_4__5_cohens_d	-1.9999999994179234	emlRunAnovaAnalysis
c0670	posthoc_4__6_cohens_d	0	emlRunAnovaAnalysis
c0670	posthoc_4__7_cohens_d	-1.9999999994179234	emlRunAnovaAnalysis
c0670	posthoc_4__8_cohens_d	0	emlRunAnovaAnalysis
c0670	posthoc_4__9_cohens_d	-1.9999999994179234	emlRunAnovaAnalysis
c0670	posthoc_5__6_cohens_d	1.9999999994179234	emlRunAnovaAnalysis
c0670	posthoc_5__7_cohens_d	0	emlRunAnovaAnalysis
c0670	posthoc_5__8_cohens_d	1.9999999994179234	emlRunAnovaAnalysis
c0670	posthoc_5__9_cohens_d	0	emlRunAnovaAnalysis
c0670	posthoc_6__7_cohens_d	-1.9999999994179234	emlRunAnovaAnalysis
c0670	posthoc_6__8_cohens_d	0	emlRunAnovaAnalysis
c0670	posthoc_6__9_cohens_d	-1.9999999994179234	emlRunAnovaAnalysis
c0670	posthoc_7__8_cohens_d	1.9999999994179234	emlRunAnovaAnalysis
c0670	posthoc_7__9_cohens_d	0	emlRunAnovaAnalysis
c0670	posthoc_8__9_cohens_d	-1.9999999994179234	emlRunAnovaAnalysis
c0671	f	21.000811887818774	emlRunAnovaAnalysis
c0671	df_between	8	emlRunAnovaAnalysis
c0671	df_within	180	emlRunAnovaAnalysis
c0671	p	2.5790798901764003e-22	emlRunAnovaAnalysis
c0671	eta_squared	0.4827682743479894	emlRunAnovaAnalysis
c0671	n	189	emlRunAnovaAnalysis
c0671	ss_between	1.6801562694014696	emlRunAnovaAnalysis
c0671	ss_within	1.8000978373345875	emlRunAnovaAnalysis
c0671	ss_total	3.480254106736057	emlRunAnovaAnalysis
c0671	ms_between	0.2100195336751837	emlRunAnovaAnalysis
c0671	ms_within	0.010000543540747708	emlRunAnovaAnalysis
c0671	posthoc_1__2_cohens_d	0.999694703205384	emlRunAnovaAnalysis
c0671	posthoc_1__3_cohens_d	-1	emlRunAnovaAnalysis
c0671	posthoc_1__4_cohens_d	0.999694703205384	emlRunAnovaAnalysis
c0671	posthoc_1__5_cohens_d	-1	emlRunAnovaAnalysis
c0671	posthoc_1__6_cohens_d	0.999694703205384	emlRunAnovaAnalysis
c0671	posthoc_1__7_cohens_d	-1	emlRunAnovaAnalysis
c0671	posthoc_1__8_cohens_d	0.999694703205384	emlRunAnovaAnalysis
c0671	posthoc_1__9_cohens_d	-1	emlRunAnovaAnalysis
c0671	posthoc_2__3_cohens_d	-1.999389406410768	emlRunAnovaAnalysis
c0671	posthoc_2__4_cohens_d	0	emlRunAnovaAnalysis
c0671	posthoc_2__5_cohens_d	-1.999389406410768	emlRunAnovaAnalysis
c0671	posthoc_2__6_cohens_d	0	emlRunAnovaAnalysis
c0671	posthoc_2__7_cohens_d	-1.999389406410768	emlRunAnovaAnalysis
c0671	posthoc_2__8_cohens_d	0	emlRunAnovaAnalysis
c0671	posthoc_2__9_cohens_d	-1.999389406410768	emlRunAnovaAnalysis
c0671	posthoc_3__4_cohens_d	1.999389406410768	emlRunAnovaAnalysis
c0671	posthoc_3__5_cohens_d	0	emlRunAnovaAnalysis
c0671	posthoc_3__6_cohens_d	1.999389406410768	emlRunAnovaAnalysis
c0671	posthoc_3__7_cohens_d	0	emlRunAnovaAnalysis
c0671	posthoc_3__8_cohens_d	1.999389406410768	emlRunAnovaAnalysis
c0671	posthoc_3__9_cohens_d	0	emlRunAnovaAnalysis
c0671	posthoc_4__5_cohens_d	-1.999389406410768	emlRunAnovaAnalysis
c0671	posthoc_4__6_cohens_d	0	emlRunAnovaAnalysis
c0671	posthoc_4__7_cohens_d	-1.999389406410768	emlRunAnovaAnalysis
c0671	posthoc_4__8_cohens_d	0	emlRunAnovaAnalysis
c0671	posthoc_4__9_cohens_d	-1.999389406410768	emlRunAnovaAnalysis
c0671	posthoc_5__6_cohens_d	1.999389406410768	emlRunAnovaAnalysis
c0671	posthoc_5__7_cohens_d	0	emlRunAnovaAnalysis
c0671	posthoc_5__8_cohens_d	1.999389406410768	emlRunAnovaAnalysis
c0671	posthoc_5__9_cohens_d	0	emlRunAnovaAnalysis
c0671	posthoc_6__7_cohens_d	-1.999389406410768	emlRunAnovaAnalysis
c0671	posthoc_6__8_cohens_d	0	emlRunAnovaAnalysis
c0671	posthoc_6__9_cohens_d	-1.999389406410768	emlRunAnovaAnalysis
c0671	posthoc_7__8_cohens_d	1.999389406410768	emlRunAnovaAnalysis
c0671	posthoc_7__9_cohens_d	0	emlRunAnovaAnalysis
c0671	posthoc_8__9_cohens_d	-1.999389406410768	emlRunAnovaAnalysis
c0672	f	201.01300409594845	emlRunAnovaAnalysis
c0672	df_between	8	emlRunAnovaAnalysis
c0672	df_within	1800	emlRunAnovaAnalysis
c0672	p	3.928140785238009e-243	emlRunAnovaAnalysis
c0672	eta_squared	0.4718471083353959	emlRunAnovaAnalysis
c0672	n	1809	emlRunAnovaAnalysis
c0672	ss_between	16.081914284204238	emlRunAnovaAnalysis
c0672	ss_within	18.00097824625708	emlRunAnovaAnalysis
c0672	ss_total	34.08289253046132	emlRunAnovaAnalysis
c0672	ms_between	2.0102392855255298	emlRunAnovaAnalysis
c0672	ms_within	0.010000543470142823	emlRunAnovaAnalysis
c0672	posthoc_1__2_cohens_d	0.999694703205384	emlRunAnovaAnalysis
c0672	posthoc_1__3_cohens_d	-1	emlRunAnovaAnalysis
c0672	posthoc_1__4_cohens_d	0.999694703205384	emlRunAnovaAnalysis
c0672	posthoc_1__5_cohens_d	-1	emlRunAnovaAnalysis
c0672	posthoc_1__6_cohens_d	0.999694703205384	emlRunAnovaAnalysis
c0672	posthoc_1__7_cohens_d	-1	emlRunAnovaAnalysis
c0672	posthoc_1__8_cohens_d	0.999694703205384	emlRunAnovaAnalysis
c0672	posthoc_1__9_cohens_d	-1	emlRunAnovaAnalysis
c0672	posthoc_2__3_cohens_d	-1.999389406410768	emlRunAnovaAnalysis
c0672	posthoc_2__4_cohens_d	0	emlRunAnovaAnalysis
c0672	posthoc_2__5_cohens_d	-1.999389406410768	emlRunAnovaAnalysis
c0672	posthoc_2__6_cohens_d	0	emlRunAnovaAnalysis
c0672	posthoc_2__7_cohens_d	-1.999389406410768	emlRunAnovaAnalysis
c0672	posthoc_2__8_cohens_d	0	emlRunAnovaAnalysis
c0672	posthoc_2__9_cohens_d	-1.999389406410768	emlRunAnovaAnalysis
c0672	posthoc_3__4_cohens_d	1.999389406410768	emlRunAnovaAnalysis
c0672	posthoc_3__5_cohens_d	0	emlRunAnovaAnalysis
c0672	posthoc_3__6_cohens_d	1.999389406410768	emlRunAnovaAnalysis
c0672	posthoc_3__7_cohens_d	0	emlRunAnovaAnalysis
c0672	posthoc_3__8_cohens_d	1.999389406410768	emlRunAnovaAnalysis
c0672	posthoc_3__9_cohens_d	0	emlRunAnovaAnalysis
c0672	posthoc_4__5_cohens_d	-1.999389406410768	emlRunAnovaAnalysis
c0672	posthoc_4__6_cohens_d	0	emlRunAnovaAnalysis
c0672	posthoc_4__7_cohens_d	-1.999389406410768	emlRunAnovaAnalysis
c0672	posthoc_4__8_cohens_d	0	emlRunAnovaAnalysis
c0672	posthoc_4__9_cohens_d	-1.999389406410768	emlRunAnovaAnalysis
c0672	posthoc_5__6_cohens_d	1.999389406410768	emlRunAnovaAnalysis
c0672	posthoc_5__7_cohens_d	0	emlRunAnovaAnalysis
c0672	posthoc_5__8_cohens_d	1.999389406410768	emlRunAnovaAnalysis
c0672	posthoc_5__9_cohens_d	0	emlRunAnovaAnalysis
c0672	posthoc_6__7_cohens_d	-1.999389406410768	emlRunAnovaAnalysis
c0672	posthoc_6__8_cohens_d	0	emlRunAnovaAnalysis
c0672	posthoc_6__9_cohens_d	-1.999389406410768	emlRunAnovaAnalysis
c0672	posthoc_7__8_cohens_d	1.999389406410768	emlRunAnovaAnalysis
c0672	posthoc_7__9_cohens_d	0	emlRunAnovaAnalysis
c0672	posthoc_8__9_cohens_d	-1.999389406410768	emlRunAnovaAnalysis
c0673	f	2001.1349262209505	emlRunAnovaAnalysis
c0673	df_between	8	emlRunAnovaAnalysis
c0673	df_within	18000	emlRunAnovaAnalysis
c0673	p	0	emlRunAnovaAnalysis
c0673	eta_squared	0.4707295724438134	emlRunAnovaAnalysis
c0673	n	18009	emlRunAnovaAnalysis
c0673	ss_between	160.09949443572512	emlRunAnovaAnalysis
c0673	ss_within	180.00978232919425	emlRunAnovaAnalysis
c0673	ss_total	340.1092767649194	emlRunAnovaAnalysis
c0673	ms_between	20.01243680446564	emlRunAnovaAnalysis
c0673	ms_within	0.010000543462733014	emlRunAnovaAnalysis
c0673	posthoc_1__2_cohens_d	0.999694703205384	emlRunAnovaAnalysis
c0673	posthoc_1__3_cohens_d	-1	emlRunAnovaAnalysis
c0673	posthoc_1__4_cohens_d	0.999694703205384	emlRunAnovaAnalysis
c0673	posthoc_1__5_cohens_d	-1	emlRunAnovaAnalysis
c0673	posthoc_1__6_cohens_d	0.999694703205384	emlRunAnovaAnalysis
c0673	posthoc_1__7_cohens_d	-1	emlRunAnovaAnalysis
c0673	posthoc_1__8_cohens_d	0.999694703205384	emlRunAnovaAnalysis
c0673	posthoc_1__9_cohens_d	-1	emlRunAnovaAnalysis
c0673	posthoc_2__3_cohens_d	-1.999389406410768	emlRunAnovaAnalysis
c0673	posthoc_2__4_cohens_d	0	emlRunAnovaAnalysis
c0673	posthoc_2__5_cohens_d	-1.999389406410768	emlRunAnovaAnalysis
c0673	posthoc_2__6_cohens_d	0	emlRunAnovaAnalysis
c0673	posthoc_2__7_cohens_d	-1.999389406410768	emlRunAnovaAnalysis
c0673	posthoc_2__8_cohens_d	0	emlRunAnovaAnalysis
c0673	posthoc_2__9_cohens_d	-1.999389406410768	emlRunAnovaAnalysis
c0673	posthoc_3__4_cohens_d	1.999389406410768	emlRunAnovaAnalysis
c0673	posthoc_3__5_cohens_d	0	emlRunAnovaAnalysis
c0673	posthoc_3__6_cohens_d	1.999389406410768	emlRunAnovaAnalysis
c0673	posthoc_3__7_cohens_d	0	emlRunAnovaAnalysis
c0673	posthoc_3__8_cohens_d	1.999389406410768	emlRunAnovaAnalysis
c0673	posthoc_3__9_cohens_d	0	emlRunAnovaAnalysis
c0673	posthoc_4__5_cohens_d	-1.999389406410768	emlRunAnovaAnalysis
c0673	posthoc_4__6_cohens_d	0	emlRunAnovaAnalysis
c0673	posthoc_4__7_cohens_d	-1.999389406410768	emlRunAnovaAnalysis
c0673	posthoc_4__8_cohens_d	0	emlRunAnovaAnalysis
c0673	posthoc_4__9_cohens_d	-1.999389406410768	emlRunAnovaAnalysis
c0673	posthoc_5__6_cohens_d	1.999389406410768	emlRunAnovaAnalysis
c0673	posthoc_5__7_cohens_d	0	emlRunAnovaAnalysis
c0673	posthoc_5__8_cohens_d	1.999389406410768	emlRunAnovaAnalysis
c0673	posthoc_5__9_cohens_d	0	emlRunAnovaAnalysis
c0673	posthoc_6__7_cohens_d	-1.999389406410768	emlRunAnovaAnalysis
c0673	posthoc_6__8_cohens_d	0	emlRunAnovaAnalysis
c0673	posthoc_6__9_cohens_d	-1.999389406410768	emlRunAnovaAnalysis
c0673	posthoc_7__8_cohens_d	1.999389406410768	emlRunAnovaAnalysis
c0673	posthoc_7__9_cohens_d	0	emlRunAnovaAnalysis
c0673	posthoc_8__9_cohens_d	-1.999389406410768	emlRunAnovaAnalysis
c0676	alpha	0.8493397358943577	emlRunReliabilityAnalysis
c0676	alpha_ci_low	0.7271721302911083	emlRunReliabilityAnalysis
c0676	alpha_ci_high	0.926969614607198	emlRunReliabilityAnalysis
c0676	n	24	emlRunReliabilityAnalysis
c0676	k	5	emlRunReliabilityAnalysis
c0676	n_excluded	0	emlRunReliabilityAnalysis
c0676	alpha_if_deleted_item1	0.8649845064187693	emlRunReliabilityAnalysis
c0676	alpha_if_deleted_item2	0.809044256665509	emlRunReliabilityAnalysis
c0676	alpha_if_deleted_item3	0.7639026695015355	emlRunReliabilityAnalysis
c0676	alpha_if_deleted_item4	0.828163466272772	emlRunReliabilityAnalysis
c0676	alpha_if_deleted_item5	0.814883433688436	emlRunReliabilityAnalysis
c0677	alpha	0.8493397358943577	emlRunReliabilityAnalysis
c0677	alpha_ci_low	0.7271721302911083	emlRunReliabilityAnalysis
c0677	alpha_ci_high	0.926969614607198	emlRunReliabilityAnalysis
c0677	n	24	emlRunReliabilityAnalysis
c0677	k	5	emlRunReliabilityAnalysis
c0677	n_excluded	0	emlRunReliabilityAnalysis
c0677	alpha_if_deleted_item1	0.8649845064187693	emlRunReliabilityAnalysis
c0677	alpha_if_deleted_item2	0.809044256665509	emlRunReliabilityAnalysis
c0677	alpha_if_deleted_item3	0.7639026695015355	emlRunReliabilityAnalysis
c0677	alpha_if_deleted_item4	0.828163466272772	emlRunReliabilityAnalysis
c0677	alpha_if_deleted_item5	0.814883433688436	emlRunReliabilityAnalysis
c0677	delta_max	0.023774484010184782	emlRunReliabilityAnalysis
c0677	delta_max_row	16	emlRunReliabilityAnalysis
c0677	delta_row_1	-0.0018711634817523137	emlRunReliabilityAnalysis
c0677	delta_row_2	0.012390002886620177	emlRunReliabilityAnalysis
c0677	delta_row_3	0.0033751179877103965	emlRunReliabilityAnalysis
c0677	delta_row_4	-0.012829880929686732	emlRunReliabilityAnalysis
c0677	delta_row_5	-0.012829880929686732	emlRunReliabilityAnalysis
c0677	delta_row_6	0.007157250040002783	emlRunReliabilityAnalysis
c0677	delta_row_7	0.002236073304960895	emlRunReliabilityAnalysis
c0677	delta_row_8	-0.010086968366682436	emlRunReliabilityAnalysis
c0677	delta_row_9	0.00011358622507029459	emlRunReliabilityAnalysis
c0677	delta_row_10	0.004365545195931797	emlRunReliabilityAnalysis
c0677	delta_row_11	0.0009546291182578326	emlRunReliabilityAnalysis
c0677	delta_row_12	0.010469803967432245	emlRunReliabilityAnalysis
c0677	delta_row_13	-0.005721964385190015	emlRunReliabilityAnalysis
c0677	delta_row_14	-0.0005795456769663865	emlRunReliabilityAnalysis
c0677	delta_row_15	-0.01584112423231887	emlRunReliabilityAnalysis
c0677	delta_row_16	-0.023774484010184782	emlRunReliabilityAnalysis
c0677	delta_row_17	0.005043000806880249	emlRunReliabilityAnalysis
c0677	delta_row_18	0.007134001141440138	emlRunReliabilityAnalysis
c0677	delta_row_19	-0.021620775355377875	emlRunReliabilityAnalysis
c0677	delta_row_20	0.013076960001819016	emlRunReliabilityAnalysis
c0677	delta_row_21	0.005159843584195745	emlRunReliabilityAnalysis
c0677	delta_row_22	0.010459856496946585	emlRunReliabilityAnalysis
c0677	delta_row_23	0.0033008092504462905	emlRunReliabilityAnalysis
c0677	delta_row_24	0.008203800609326128	emlRunReliabilityAnalysis
c0678	alpha	0.8434293822309541	emlRunReliabilityAnalysis
c0678	alpha_ci_low	0.7049791230318669	emlRunReliabilityAnalysis
c0678	alpha_ci_high	0.9285140545042088	emlRunReliabilityAnalysis
c0678	n	21	emlRunReliabilityAnalysis
c0678	k	5	emlRunReliabilityAnalysis
c0678	n_excluded	3	emlRunReliabilityAnalysis
c0678	alpha_if_deleted_item1	0.8627678054429646	emlRunReliabilityAnalysis
c0678	alpha_if_deleted_item2	0.8106435643564357	emlRunReliabilityAnalysis
c0678	alpha_if_deleted_item3	0.7499999999999998	emlRunReliabilityAnalysis
c0678	alpha_if_deleted_item4	0.8134661628306423	emlRunReliabilityAnalysis
c0678	alpha_if_deleted_item5	0.8049414824447334	emlRunReliabilityAnalysis
c0679	alpha	0.8434293822309541	emlRunReliabilityAnalysis
c0679	alpha_ci_low	0.7049791230318669	emlRunReliabilityAnalysis
c0679	alpha_ci_high	0.9285140545042088	emlRunReliabilityAnalysis
c0679	n	21	emlRunReliabilityAnalysis
c0679	k	5	emlRunReliabilityAnalysis
c0679	n_excluded	3	emlRunReliabilityAnalysis
c0679	alpha_if_deleted_item1	0.8627678054429646	emlRunReliabilityAnalysis
c0679	alpha_if_deleted_item2	0.8106435643564357	emlRunReliabilityAnalysis
c0679	alpha_if_deleted_item3	0.7499999999999998	emlRunReliabilityAnalysis
c0679	alpha_if_deleted_item4	0.8134661628306423	emlRunReliabilityAnalysis
c0679	alpha_if_deleted_item5	0.8049414824447334	emlRunReliabilityAnalysis
c0679	delta_max	0.02554085944127782	emlRunReliabilityAnalysis
c0679	delta_max_row	16	emlRunReliabilityAnalysis
c0679	delta_row_1	-9.487228860760588e-05	emlRunReliabilityAnalysis
c0679	delta_row_3	0.00352545491640055	emlRunReliabilityAnalysis
c0679	delta_row_4	-0.02180016874780777	emlRunReliabilityAnalysis
c0679	delta_row_5	-0.02180016874780777	emlRunReliabilityAnalysis
c0679	delta_row_6	0.007216970492961217	emlRunReliabilityAnalysis
c0679	delta_row_8	-0.008512968857093628	emlRunReliabilityAnalysis
c0679	delta_row_9	0.001122453000895307	emlRunReliabilityAnalysis
c0679	delta_row_10	0.0044250511497954115	emlRunReliabilityAnalysis
c0679	delta_row_11	0.002273068580230131	emlRunReliabilityAnalysis
c0679	delta_row_12	0.010905001154882132	emlRunReliabilityAnalysis
c0679	delta_row_13	-0.010717939444884195	emlRunReliabilityAnalysis
c0679	delta_row_14	0.0012201070912374323	emlRunReliabilityAnalysis
c0679	delta_row_15	-0.016960409139245902	emlRunReliabilityAnalysis
c0679	delta_row_16	-0.02554085944127782	emlRunReliabilityAnalysis
c0679	delta_row_17	0.005091938264231932	emlRunReliabilityAnalysis
c0679	delta_row_18	0.009963556787844885	emlRunReliabilityAnalysis
c0679	delta_row_20	0.016582608176720193	emlRunReliabilityAnalysis
c0679	delta_row_21	0.008313800371738567	emlRunReliabilityAnalysis
c0679	delta_row_22	0.01224610523422709	emlRunReliabilityAnalysis
c0679	delta_row_23	0.0014615613442002795	emlRunReliabilityAnalysis
c0679	delta_row_24	0.007794071139314074	emlRunReliabilityAnalysis
c0690	alpha	0.28685258964143445	emlRunReliabilityAnalysis
c0690	alpha_ci_low	-1.4772594826468493	emlRunReliabilityAnalysis
c0690	alpha_ci_high	0.7947008650229355	emlRunReliabilityAnalysis
c0690	n	12	emlRunReliabilityAnalysis
c0690	k	2	emlRunReliabilityAnalysis
c0690	n_excluded	0	emlRunReliabilityAnalysis
c0691	alpha	0.28685258964143445	emlRunReliabilityAnalysis
c0691	alpha_ci_low	-1.4772594826468493	emlRunReliabilityAnalysis
c0691	alpha_ci_high	0.7947008650229355	emlRunReliabilityAnalysis
c0691	n	12	emlRunReliabilityAnalysis
c0691	k	2	emlRunReliabilityAnalysis
c0691	n_excluded	0	emlRunReliabilityAnalysis
c0691	delta_max	0.20405650126765673	emlRunReliabilityAnalysis
c0691	delta_max_row	10	emlRunReliabilityAnalysis
c0691	delta_row_1	-0.04611184890069353	emlRunReliabilityAnalysis
c0691	delta_row_2	-0.09330420254466043	emlRunReliabilityAnalysis
c0691	delta_row_3	-0.09330420254466043	emlRunReliabilityAnalysis
c0691	delta_row_4	-0.032307135095980044	emlRunReliabilityAnalysis
c0691	delta_row_5	-0.032307135095980044	emlRunReliabilityAnalysis
c0691	delta_row_6	0.15759185480300997	emlRunReliabilityAnalysis
c0691	delta_row_7	-0.032307135095980044	emlRunReliabilityAnalysis
c0691	delta_row_8	-0.1520211289672766	emlRunReliabilityAnalysis
c0691	delta_row_9	-0.04611184890069353	emlRunReliabilityAnalysis
c0691	delta_row_10	0.20405650126765673	emlRunReliabilityAnalysis
c0691	delta_row_11	-0.04611184890069353	emlRunReliabilityAnalysis
c0691	delta_row_12	0.15759185480300997	emlRunReliabilityAnalysis
c0680	chi_square	5.833333333333334	emlRunCategoricalAnalysis
c0680	df	1	emlRunCategoricalAnalysis
c0680	p	0.015725299754505317	emlRunCategoricalAnalysis
c0680	cramers_v	0.2886751345948129	emlRunCategoricalAnalysis
c0680	n	70	emlRunCategoricalAnalysis
c0680	min_expected	15	emlRunCategoricalAnalysis
c0680	n_cells_below5	0	emlRunCategoricalAnalysis
c0681	chi_square	4.725	emlRunCategoricalAnalysis
c0681	df	1	emlRunCategoricalAnalysis
c0681	p	0.02972718330605459	emlRunCategoricalAnalysis
c0681	cramers_v	0.2886751345948129	emlRunCategoricalAnalysis
c0681	n	70	emlRunCategoricalAnalysis
c0681	min_expected	15	emlRunCategoricalAnalysis
c0681	n_cells_below5	0	emlRunCategoricalAnalysis
c0682	chi_square	5.833333333333334	emlRunCategoricalAnalysis
c0682	df	1	emlRunCategoricalAnalysis
c0682	p	0.015725299754505317	emlRunCategoricalAnalysis
c0682	cramers_v	0.2886751345948129	emlRunCategoricalAnalysis
c0682	n	70	emlRunCategoricalAnalysis
c0682	min_expected	15	emlRunCategoricalAnalysis
c0682	n_cells_below5	0	emlRunCategoricalAnalysis
c0683	chi_square	4.725	emlRunCategoricalAnalysis
c0683	df	1	emlRunCategoricalAnalysis
c0683	p	0.02972718330605459	emlRunCategoricalAnalysis
c0683	cramers_v	0.2886751345948129	emlRunCategoricalAnalysis
c0683	n	70	emlRunCategoricalAnalysis
c0683	min_expected	15	emlRunCategoricalAnalysis
c0683	n_cells_below5	0	emlRunCategoricalAnalysis
c0684	chi_square	1.6666666666666665	emlRunCategoricalAnalysis
c0684	df	1	emlRunCategoricalAnalysis
c0684	p	0.19670560245894705	emlRunCategoricalAnalysis
c0684	cramers_v	0.408248290463863	emlRunCategoricalAnalysis
c0684	n	10	emlRunCategoricalAnalysis
c0684	min_expected	2	emlRunCategoricalAnalysis
c0684	n_cells_below5	4	emlRunCategoricalAnalysis
c0685	chi_square	0.41666666666666663	emlRunCategoricalAnalysis
c0685	df	1	emlRunCategoricalAnalysis
c0685	p	0.5186050164287259	emlRunCategoricalAnalysis
c0685	cramers_v	0.408248290463863	emlRunCategoricalAnalysis
c0685	n	10	emlRunCategoricalAnalysis
c0685	min_expected	2	emlRunCategoricalAnalysis
c0685	n_cells_below5	4	emlRunCategoricalAnalysis
c0686	prop_hat	0.3	emlRunProportionAnalysis
c0686	ci_low	0.1807484522974653	emlRunProportionAnalysis
c0686	ci_high	0.45430018818144935	emlRunProportionAnalysis
c0686	n	40	emlRunProportionAnalysis
c0687	prop_hat	0.3	emlRunProportionAnalysis
c0687	ci_low	0.15327747087863441	emlRunProportionAnalysis
c0687	ci_high	0.5036318145243994	emlRunProportionAnalysis
c0687	n	40	emlRunProportionAnalysis
c0688	prop_hat	0.30833333333333335	emlRunProportionAnalysis
c0688	ci_low	0.23272736988916304	emlRunProportionAnalysis
c0688	ci_high	0.3958299772380068	emlRunProportionAnalysis
c0688	n	120	emlRunProportionAnalysis
c0689	prop_hat	0.30833333333333335	emlRunProportionAnalysis
c0689	ci_low	0.21219370709039864	emlRunProportionAnalysis
c0689	ci_high	0.42455728939891313	emlRunProportionAnalysis
c0689	n	120	emlRunProportionAnalysis
c0692	factor1_name	voice_type	emlRunTwoWayAnalysis
c0692	factor2_name	task	emlRunTwoWayAnalysis
c0692	n	21	emlRunTwoWayAnalysis
c0692	df_within	17	emlRunTwoWayAnalysis
c0692	ms_within	11.114017004146135	emlRunTwoWayAnalysis
c0692	ss_within	188.9382890704843	emlRunTwoWayAnalysis
c0692	ss_total	1110.4476821279904	emlRunTwoWayAnalysis
c0692	df_total	20	emlRunTwoWayAnalysis
c0692	voice_type_f	49.858039710102545	emlRunTwoWayAnalysis
c0692	voice_type_df	1	emlRunTwoWayAnalysis
c0692	voice_type_p	1.9122621853036247e-06	emlRunTwoWayAnalysis
c0692	voice_type_ss	554.1231011314729	emlRunTwoWayAnalysis
c0692	voice_type_ms	554.1231011314729	emlRunTwoWayAnalysis
c0692	voice_type_partial_eta_squared	0.7457299066243603	emlRunTwoWayAnalysis
c0692	task_f	32.08247907907333	emlRunTwoWayAnalysis
c0692	task_df	1	emlRunTwoWayAnalysis
c0692	task_p	2.8000511768477855e-05	emlRunTwoWayAnalysis
c0692	task_ss	356.5652180199836	emlRunTwoWayAnalysis
c0692	task_ms	356.5652180199836	emlRunTwoWayAnalysis
c0692	task_partial_eta_squared	0.6536442266371163	emlRunTwoWayAnalysis
c0692	voice_type__task_f	0.9736420145850633	emlRunTwoWayAnalysis
c0692	voice_type__task_df	1	emlRunTwoWayAnalysis
c0692	voice_type__task_p	0.33761031235322836	emlRunTwoWayAnalysis
c0692	voice_type__task_ss	10.821073906049492	emlRunTwoWayAnalysis
c0692	voice_type__task_ms	10.821073906049492	emlRunTwoWayAnalysis
c0692	voice_type__task_partial_eta_squared	0.05417054672586571	emlRunTwoWayAnalysis
c0693	factor1_name	voice_type	emlRunTwoWayAnalysis
c0693	factor2_name	task	emlRunTwoWayAnalysis
c0693	n	21	emlRunTwoWayAnalysis
c0693	df_within	17	emlRunTwoWayAnalysis
c0693	ms_within	11.114017004146135	emlRunTwoWayAnalysis
c0693	ss_within	188.9382890704843	emlRunTwoWayAnalysis
c0693	ss_total	1110.4476821279904	emlRunTwoWayAnalysis
c0693	df_total	20	emlRunTwoWayAnalysis
c0693	voice_type_f	15.512825479187471	emlRunTwoWayAnalysis
c0693	voice_type_df	1	emlRunTwoWayAnalysis
c0693	voice_type_p	0.0010591240467699712	emlRunTwoWayAnalysis
c0693	voice_type_ss	172.40980615804096	emlRunTwoWayAnalysis
c0693	voice_type_ms	172.40980615804096	emlRunTwoWayAnalysis
c0693	voice_type_partial_eta_squared	0.4771294174084544	emlRunTwoWayAnalysis
c0693	task_f	32.08247907907333	emlRunTwoWayAnalysis
c0693	task_df	1	emlRunTwoWayAnalysis
c0693	task_p	2.8000511768477855e-05	emlRunTwoWayAnalysis
c0693	task_ss	356.5652180199836	emlRunTwoWayAnalysis
c0693	task_ms	356.5652180199836	emlRunTwoWayAnalysis
c0693	task_partial_eta_squared	0.6536442266371163	emlRunTwoWayAnalysis
c0693	voice_type__task_f	0.9736420145850633	emlRunTwoWayAnalysis
c0693	voice_type__task_df	1	emlRunTwoWayAnalysis
c0693	voice_type__task_p	0.33761031235322836	emlRunTwoWayAnalysis
c0693	voice_type__task_ss	10.821073906049492	emlRunTwoWayAnalysis
c0693	voice_type__task_ms	10.821073906049492	emlRunTwoWayAnalysis
c0693	voice_type__task_partial_eta_squared	0.05417054672586571	emlRunTwoWayAnalysis
c0694	factor1_name	voice_type	emlRunTwoWayAnalysis
c0694	factor2_name	task	emlRunTwoWayAnalysis
c0694	n	32	emlRunTwoWayAnalysis
c0694	df_within	26	emlRunTwoWayAnalysis
c0694	ms_within	3.1829633910472	emlRunTwoWayAnalysis
c0694	ss_within	82.7570481672272	emlRunTwoWayAnalysis
c0694	ss_total	1838.0799113352136	emlRunTwoWayAnalysis
c0694	df_total	31	emlRunTwoWayAnalysis
c0694	voice_type_f	123.0840059743791	emlRunTwoWayAnalysis
c0694	voice_type_df	2	emlRunTwoWayAnalysis
c0694	voice_type_p	5.517870078624911e-14	emlRunTwoWayAnalysis
c0694	voice_type_ss	783.543770079767	emlRunTwoWayAnalysis
c0694	voice_type_ms	391.7718850398835	emlRunTwoWayAnalysis
c0694	voice_type_partial_eta_squared	0.9044707722489627	emlRunTwoWayAnalysis
c0694	task_f	278.25520641269554	emlRunTwoWayAnalysis
c0694	task_df	1	emlRunTwoWayAnalysis
c0694	task_p	2.093132994961929e-15	emlRunTwoWayAnalysis
c0694	task_ss	885.676135379892	emlRunTwoWayAnalysis
c0694	task_ms	885.676135379892	emlRunTwoWayAnalysis
c0694	task_partial_eta_squared	0.9145454228818248	emlRunTwoWayAnalysis
c0694	voice_type__task_f	13.525596610773343	emlRunTwoWayAnalysis
c0694	voice_type__task_df	2	emlRunTwoWayAnalysis
c0694	voice_type__task_p	9.410582139686045e-05	emlRunTwoWayAnalysis
c0694	voice_type__task_ss	86.10295770832727	emlRunTwoWayAnalysis
c0694	voice_type__task_ms	43.05147885416363	emlRunTwoWayAnalysis
c0694	voice_type__task_partial_eta_squared	0.509907347579882	emlRunTwoWayAnalysis
c0695	factor1_name	voice_type	emlRunTwoWayAnalysis
c0695	factor2_name	task	emlRunTwoWayAnalysis
c0695	n	32	emlRunTwoWayAnalysis
c0695	df_within	26	emlRunTwoWayAnalysis
c0695	ms_within	3.1829633910472	emlRunTwoWayAnalysis
c0695	ss_within	82.7570481672272	emlRunTwoWayAnalysis
c0695	ss_total	1838.0799113352136	emlRunTwoWayAnalysis
c0695	df_total	31	emlRunTwoWayAnalysis
c0695	voice_type_f	75.405875997369	emlRunTwoWayAnalysis
c0695	voice_type_df	2	emlRunTwoWayAnalysis
c0695	voice_type_p	1.5031726523934035e-11	emlRunTwoWayAnalysis
c0695	voice_type_ss	480.0282855389405	emlRunTwoWayAnalysis
c0695	voice_type_ms	240.01414276947025	emlRunTwoWayAnalysis
c0695	voice_type_partial_eta_squared	0.8529509509030047	emlRunTwoWayAnalysis
c0695	task_f	278.25520641269554	emlRunTwoWayAnalysis
c0695	task_df	1	emlRunTwoWayAnalysis
c0695	task_p	2.093132994961929e-15	emlRunTwoWayAnalysis
c0695	task_ss	885.676135379892	emlRunTwoWayAnalysis
c0695	task_ms	885.676135379892	emlRunTwoWayAnalysis
c0695	task_partial_eta_squared	0.9145454228818248	emlRunTwoWayAnalysis
c0695	voice_type__task_f	13.525596610773343	emlRunTwoWayAnalysis
c0695	voice_type__task_df	2	emlRunTwoWayAnalysis
c0695	voice_type__task_p	9.410582139686045e-05	emlRunTwoWayAnalysis
c0695	voice_type__task_ss	86.10295770832727	emlRunTwoWayAnalysis
c0695	voice_type__task_ms	43.05147885416363	emlRunTwoWayAnalysis
c0695	voice_type__task_partial_eta_squared	0.509907347579882	emlRunTwoWayAnalysis
